payoff,split,origin,monthly,structure,axis,offset,scope,n_families,mean_delta,median_delta,min_delta,max_delta,mean_delta_se,positive,negative
detailed,stress,previous_canonical,False,LIZARD KI,base,0.0,terms,1,0.0,0.0,0.0,0.0,0.0,0,0
detailed,stress,previous_canonical,False,LIZARD KI,coupon_regular,-0.01,terms,1,-55.434382180827406,-55.434382180827406,-55.434382180827406,-55.434382180827406,0.1534937733547031,0,1
detailed,stress,previous_canonical,False,LIZARD KI,coupon_regular,-0.005,terms,1,-27.71719109041461,-27.71719109041461,-27.71719109041461,-27.71719109041461,0.0767468866773512,0,1
detailed,stress,previous_canonical,False,LIZARD KI,coupon_regular,-0.0025,terms,1,-13.858595545207322,-13.858595545207322,-13.858595545207322,-13.858595545207322,0.0383734433386759,0,1
detailed,stress,previous_canonical,False,LIZARD KI,coupon_regular,-0.001,terms,1,-5.543438218082034,-5.543438218082034,-5.543438218082034,-5.543438218082034,0.0153493773354701,0,1
detailed,stress,previous_canonical,False,LIZARD KI,coupon_regular,0.001,terms,1,5.543438218083331,5.543438218083331,5.543438218083331,5.543438218083331,0.0153493773354696,1,0
detailed,stress,previous_canonical,False,LIZARD KI,coupon_regular,0.0025,terms,1,13.858595545207198,13.858595545207198,13.858595545207198,13.858595545207198,0.0383734433386758,1,0
detailed,stress,previous_canonical,False,LIZARD KI,coupon_regular,0.005,terms,1,27.717191090412783,27.717191090412783,27.717191090412783,27.717191090412783,0.0767468866773518,1,0
detailed,stress,previous_canonical,False,LIZARD KI,coupon_regular,0.01,terms,1,55.43438218082722,55.43438218082722,55.43438218082722,55.43438218082722,0.1534937733547027,1,0
detailed,stress,previous_canonical,False,LIZARD KI,first_strike,-0.05,terms,1,-10.268595018622118,-10.268595018622118,-10.268595018622118,-10.268595018622118,0.7505421307738315,0,1
detailed,stress,previous_canonical,False,LIZARD KI,first_strike,-0.025,terms,1,-5.978671306141024,-5.978671306141024,-5.978671306141024,-5.978671306141024,0.5114266867624488,0,1
detailed,stress,previous_canonical,False,LIZARD KI,first_strike,-0.01,terms,1,-2.986437139620938,-2.986437139620938,-2.986437139620938,-2.986437139620938,0.2957319356371861,0,1
detailed,stress,previous_canonical,False,LIZARD KI,first_strike,-0.005,terms,1,-1.7869999756449,-1.7869999756449,-1.7869999756449,-1.7869999756449,0.1845709167245942,0,1
detailed,stress,previous_canonical,False,LIZARD KI,first_strike,0.005,terms,1,1.7307452811296635,1.7307452811296635,1.7307452811296635,1.7307452811296635,0.204600010954028,1,0
detailed,stress,previous_canonical,False,LIZARD KI,first_strike,0.01,terms,1,3.747741298724572,3.747741298724572,3.747741298724572,3.747741298724572,0.2712342267274764,1,0
detailed,stress,previous_canonical,False,LIZARD KI,first_strike,0.025,terms,1,9.888193212328757,9.888193212328757,9.888193212328757,9.888193212328757,0.4329039543866705,1,0
detailed,stress,previous_canonical,False,LIZARD KI,first_strike,0.05,terms,1,23.59114049726858,23.59114049726858,23.59114049726858,23.59114049726858,0.5795471151498228,1,0
detailed,stress,previous_canonical,False,LIZARD KI,ki_barrier,-0.05,terms,1,27.725000092885487,27.725000092885487,27.725000092885487,27.725000092885487,1.2044667786358991,1,0
detailed,stress,previous_canonical,False,LIZARD KI,ki_barrier,-0.025,terms,1,16.28507372985861,16.28507372985861,16.28507372985861,16.28507372985861,0.9154208904349218,1,0
detailed,stress,previous_canonical,False,LIZARD KI,ki_barrier,-0.01,terms,1,7.316885402663878,7.316885402663878,7.316885402663878,7.316885402663878,0.6106641205111586,1,0
detailed,stress,previous_canonical,False,LIZARD KI,ki_barrier,-0.005,terms,1,3.701877892163805,3.701877892163805,3.701877892163805,3.701877892163805,0.4339297355963104,1,0
detailed,stress,previous_canonical,False,LIZARD KI,ki_barrier,0.005,terms,1,-3.061151036803342,-3.061151036803342,-3.061151036803342,-3.061151036803342,0.3924165986675373,0,1
detailed,stress,previous_canonical,False,LIZARD KI,ki_barrier,0.01,terms,1,-6.83252302653576,-6.83252302653576,-6.83252302653576,-6.83252302653576,0.5844272523227529,0,1
detailed,stress,previous_canonical,False,LIZARD KI,ki_barrier,0.025,terms,1,-18.413264147040408,-18.413264147040408,-18.413264147040408,-18.413264147040408,0.9536213839180432,0,1
detailed,stress,previous_canonical,False,LIZARD KI,ki_barrier,0.05,terms,1,-37.7934863610458,-37.7934863610458,-37.7934863610458,-37.7934863610458,1.3512439697539465,0,1
detailed,stress,previous_canonical,False,LIZARD KI,last_strike,-0.05,terms,1,1.945454308426833,1.945454308426833,1.945454308426833,1.945454308426833,0.2933460537548127,1,0
detailed,stress,previous_canonical,False,LIZARD KI,last_strike,-0.025,terms,1,0.9935896816304136,0.9935896816304136,0.9935896816304136,0.9935896816304136,0.2071809829276999,1,0
detailed,stress,previous_canonical,False,LIZARD KI,last_strike,-0.01,terms,1,0.4256856756235447,0.4256856756235447,0.4256856756235447,0.4256856756235447,0.134610185632681,1,0
detailed,stress,previous_canonical,False,LIZARD KI,last_strike,-0.005,terms,1,0.2971728849741311,0.2971728849741311,0.2971728849741311,0.2971728849741311,0.1123183422129756,1,0
detailed,stress,previous_canonical,False,LIZARD KI,last_strike,0.005,terms,1,-0.2100324631742006,-0.2100324631742006,-0.2100324631742006,-0.2100324631742006,0.093927928501955,0,1
detailed,stress,previous_canonical,False,LIZARD KI,last_strike,0.01,terms,1,-0.4187671240096982,-0.4187671240096982,-0.4187671240096982,-0.4187671240096982,0.1324219003942944,0,1
detailed,stress,previous_canonical,False,LIZARD KI,last_strike,0.025,terms,1,-0.7046547483593637,-0.7046547483593637,-0.7046547483593637,-0.7046547483593637,0.170906562996886,0,1
detailed,stress,previous_canonical,False,LIZARD KI,last_strike,0.05,terms,1,-1.17843574599999,-1.17843574599999,-1.17843574599999,-1.17843574599999,0.218882897018793,0,1
detailed,stress,previous_canonical,False,LIZARD no-KI,base,0.0,terms,1,0.0,0.0,0.0,0.0,0.0,0,0
detailed,stress,previous_canonical,False,LIZARD no-KI,coupon_regular,-0.01,terms,1,-53.05044056262189,-53.05044056262189,-53.05044056262189,-53.05044056262189,0.1403354541400753,0,1
detailed,stress,previous_canonical,False,LIZARD no-KI,coupon_regular,-0.005,terms,1,-26.5252202813111,-26.5252202813111,-26.5252202813111,-26.5252202813111,0.070167727070038,0,1
detailed,stress,previous_canonical,False,LIZARD no-KI,coupon_regular,-0.0025,terms,1,-13.26261014065547,-13.26261014065547,-13.26261014065547,-13.26261014065547,0.035083863535019,0,1
detailed,stress,previous_canonical,False,LIZARD no-KI,coupon_regular,-0.001,terms,1,-5.305044056261623,-5.305044056261623,-5.305044056261623,-5.305044056261623,0.0140335454140074,0,1
detailed,stress,previous_canonical,False,LIZARD no-KI,coupon_regular,0.001,terms,1,5.305044056263095,5.305044056263095,5.305044056263095,5.305044056263095,0.0140335454140076,1,0
detailed,stress,previous_canonical,False,LIZARD no-KI,coupon_regular,0.0025,terms,1,13.262610140655298,13.262610140655298,13.262610140655298,13.262610140655298,0.0350838635350181,1,0
detailed,stress,previous_canonical,False,LIZARD no-KI,coupon_regular,0.005,terms,1,26.525220281310805,26.525220281310805,26.525220281310805,26.525220281310805,0.0701677270700374,1,0
detailed,stress,previous_canonical,False,LIZARD no-KI,coupon_regular,0.01,terms,1,53.05044056262192,53.05044056262192,53.05044056262192,53.05044056262192,0.1403354541400756,1,0
detailed,stress,previous_canonical,False,LIZARD no-KI,first_strike,-0.05,terms,1,20.597522252449604,20.597522252449604,20.597522252449604,20.597522252449604,1.21546154901001,1,0
detailed,stress,previous_canonical,False,LIZARD no-KI,first_strike,-0.025,terms,1,7.426541587509391,7.426541587509391,7.426541587509391,7.426541587509391,0.8057182553796485,1,0
detailed,stress,previous_canonical,False,LIZARD no-KI,first_strike,-0.01,terms,1,1.9182483720242625,1.9182483720242625,1.9182483720242625,1.9182483720242625,0.4787579035372551,1,0
detailed,stress,previous_canonical,False,LIZARD no-KI,first_strike,-0.005,terms,1,0.8128262681768715,0.8128262681768715,0.8128262681768715,0.8128262681768715,0.3327502835613884,1,0
detailed,stress,previous_canonical,False,LIZARD no-KI,first_strike,0.005,terms,1,-0.6843692466821091,-0.6843692466821091,-0.6843692466821091,-0.6843692466821091,0.3189745294611169,0,1
detailed,stress,previous_canonical,False,LIZARD no-KI,first_strike,0.01,terms,1,-1.35132799711465,-1.35132799711465,-1.35132799711465,-1.35132799711465,0.4487278623939002,0,1
detailed,stress,previous_canonical,False,LIZARD no-KI,first_strike,0.025,terms,1,-2.0168663339370427,-2.0168663339370427,-2.0168663339370427,-2.0168663339370427,0.6992639908370165,0,1
detailed,stress,previous_canonical,False,LIZARD no-KI,first_strike,0.05,terms,1,3.599615112412755,3.599615112412755,3.599615112412755,3.599615112412755,0.8764594047538611,1,0
detailed,stress,previous_canonical,False,LIZARD no-KI,last_strike,-0.05,terms,1,43.48242506207162,43.48242506207162,43.48242506207162,43.48242506207162,1.373218868526267,1,0
detailed,stress,previous_canonical,False,LIZARD no-KI,last_strike,-0.025,terms,1,21.15130124812151,21.15130124812151,21.15130124812151,21.15130124812151,0.948803099303762,1,0
detailed,stress,previous_canonical,False,LIZARD no-KI,last_strike,-0.01,terms,1,7.452185001412715,7.452185001412715,7.452185001412715,7.452185001412715,0.5597379501350053,1,0
detailed,stress,previous_canonical,False,LIZARD no-KI,last_strike,-0.005,terms,1,3.5610297270128286,3.5610297270128286,3.5610297270128286,3.5610297270128286,0.3861142089223209,1,0
detailed,stress,previous_canonical,False,LIZARD no-KI,last_strike,0.005,terms,1,-4.397387594799,-4.397387594799,-4.397387594799,-4.397387594799,0.4269269388968575,0,1
detailed,stress,previous_canonical,False,LIZARD no-KI,last_strike,0.01,terms,1,-8.588814862788697,-8.588814862788697,-8.588814862788697,-8.588814862788697,0.5950224122945293,0,1
detailed,stress,previous_canonical,False,LIZARD no-KI,last_strike,0.025,terms,1,-19.714055159075084,-19.714055159075084,-19.714055159075084,-19.714055159075084,0.8943755658597433,0,1
detailed,stress,previous_canonical,False,LIZARD no-KI,last_strike,0.05,terms,1,-37.27164980920429,-37.27164980920429,-37.27164980920429,-37.27164980920429,1.2133522296153278,0,1
detailed,stress,previous_canonical,False,STEP KI,base,0.0,terms,1,0.0,0.0,0.0,0.0,0.0,0,0
detailed,stress,previous_canonical,False,STEP KI,coupon_regular,-0.01,terms,1,-96.11541792935648,-96.11541792935648,-96.11541792935648,-96.11541792935648,0.2450782356464004,0,1
detailed,stress,previous_canonical,False,STEP KI,coupon_regular,-0.005,terms,1,-48.0577089646774,-48.0577089646774,-48.0577089646774,-48.0577089646774,0.1225391178232005,0,1
detailed,stress,previous_canonical,False,STEP KI,coupon_regular,-0.0025,terms,1,-24.02885448233945,-24.02885448233945,-24.02885448233945,-24.02885448233945,0.0612695589115995,0,1
detailed,stress,previous_canonical,False,STEP KI,coupon_regular,-0.001,terms,1,-9.611541792935348,-9.611541792935348,-9.611541792935348,-9.611541792935348,0.0245078235646389,0,1
detailed,stress,previous_canonical,False,STEP KI,coupon_regular,0.001,terms,1,9.611541792937045,9.611541792937045,9.611541792937045,9.611541792937045,0.0245078235646395,1,0
detailed,stress,previous_canonical,False,STEP KI,coupon_regular,0.0025,terms,1,24.028854482339543,24.028854482339543,24.028854482339543,24.028854482339543,0.0612695589116004,1,0
detailed,stress,previous_canonical,False,STEP KI,coupon_regular,0.005,terms,1,48.05770896467912,48.05770896467912,48.05770896467912,48.05770896467912,0.1225391178232011,1,0
detailed,stress,previous_canonical,False,STEP KI,coupon_regular,0.01,terms,1,96.11541792935652,96.11541792935652,96.11541792935652,96.11541792935652,0.2450782356464017,1,0
detailed,stress,previous_canonical,False,STEP KI,first_strike,-0.05,terms,1,5.749654044445976,5.749654044445976,5.749654044445976,5.749654044445976,2.185805111958746,1,0
detailed,stress,previous_canonical,False,STEP KI,first_strike,-0.025,terms,1,-2.8168985685796657,-2.8168985685796657,-2.8168985685796657,-2.8168985685796657,1.4924581769894358,0,1
detailed,stress,previous_canonical,False,STEP KI,first_strike,-0.01,terms,1,-1.8661721162372304,-1.8661721162372304,-1.8661721162372304,-1.8661721162372304,0.930352598016812,0,1
detailed,stress,previous_canonical,False,STEP KI,first_strike,-0.005,terms,1,-1.742242939854443,-1.742242939854443,-1.742242939854443,-1.742242939854443,0.640654338453477,0,1
detailed,stress,previous_canonical,False,STEP KI,first_strike,0.005,terms,1,0.9836249358173272,0.9836249358173272,0.9836249358173272,0.9836249358173272,0.6541231022193936,1,0
detailed,stress,previous_canonical,False,STEP KI,first_strike,0.01,terms,1,2.999692951127272,2.999692951127272,2.999692951127272,2.999692951127272,0.8979874260897985,1,0
detailed,stress,previous_canonical,False,STEP KI,first_strike,0.025,terms,1,8.645985691360082,8.645985691360082,8.645985691360082,8.645985691360082,1.4035116727546446,1,0
detailed,stress,previous_canonical,False,STEP KI,first_strike,0.05,terms,1,21.190483516881777,21.190483516881777,21.190483516881777,21.190483516881777,1.876572062250993,1,0
detailed,stress,previous_canonical,False,STEP KI,ki_barrier,-0.05,terms,1,129.10136886835014,129.10136886835014,129.10136886835014,129.10136886835014,2.538134014539598,1,0
detailed,stress,previous_canonical,False,STEP KI,ki_barrier,-0.025,terms,1,65.5582855624943,65.5582855624943,65.5582855624943,65.5582855624943,1.80407506357492,1,0
detailed,stress,previous_canonical,False,STEP KI,ki_barrier,-0.01,terms,1,25.964172654593607,25.964172654593607,25.964172654593607,25.964172654593607,1.12934299747428,1,0
detailed,stress,previous_canonical,False,STEP KI,ki_barrier,-0.005,terms,1,12.243340070421311,12.243340070421311,12.243340070421311,12.243340070421311,0.7754268396117239,1,0
detailed,stress,previous_canonical,False,STEP KI,ki_barrier,0.005,terms,1,-13.130208034198215,-13.130208034198215,-13.130208034198215,-13.130208034198215,0.8058837944536076,0,1
detailed,stress,previous_canonical,False,STEP KI,ki_barrier,0.01,terms,1,-27.553999000494397,-27.553999000494397,-27.553999000494397,-27.553999000494397,1.1620990942648666,0,1
detailed,stress,previous_canonical,False,STEP KI,ki_barrier,0.025,terms,1,-66.13666032622825,-66.13666032622825,-66.13666032622825,-66.13666032622825,1.7835941211520423,0,1
detailed,stress,previous_canonical,False,STEP KI,ki_barrier,0.05,terms,1,-123.25765491824328,-123.25765491824328,-123.25765491824328,-123.25765491824328,2.4047106676551,0,1
detailed,stress,previous_canonical,False,STEP KI,last_strike,-0.05,terms,1,24.178047002982503,24.178047002982503,24.178047002982503,24.178047002982503,1.029882099431004,1,0
detailed,stress,previous_canonical,False,STEP KI,last_strike,-0.025,terms,1,10.255711124213954,10.255711124213954,10.255711124213954,10.255711124213954,0.6627832901053144,1,0
detailed,stress,previous_canonical,False,STEP KI,last_strike,-0.01,terms,1,3.6805255475573295,3.6805255475573295,3.6805255475573295,3.6805255475573295,0.3944580748451478,1,0
detailed,stress,previous_canonical,False,STEP KI,last_strike,-0.005,terms,1,1.472428494524626,1.472428494524626,1.472428494524626,1.472428494524626,0.2488516543843593,1,0
detailed,stress,previous_canonical,False,STEP KI,last_strike,0.005,terms,1,-1.583088978795993,-1.583088978795993,-1.583088978795993,-1.583088978795993,0.2567726425488681,0,1
detailed,stress,previous_canonical,False,STEP KI,last_strike,0.01,terms,1,-2.820364873979176,-2.820364873979176,-2.820364873979176,-2.820364873979176,0.341929831836842,0,1
detailed,stress,previous_canonical,False,STEP KI,last_strike,0.025,terms,1,-7.079205031387424,-7.079205031387424,-7.079205031387424,-7.079205031387424,0.537882612840637,0,1
detailed,stress,previous_canonical,False,STEP KI,last_strike,0.05,terms,1,-12.69234160499838,-12.69234160499838,-12.69234160499838,-12.69234160499838,0.712207557110748,0,1
detailed,stress,previous_canonical,False,STEP no-KI,base,0.0,terms,1,0.0,0.0,0.0,0.0,0.0,0,0
detailed,stress,previous_canonical,False,STEP no-KI,coupon_regular,-0.01,terms,1,-83.61267180711747,-83.61267180711747,-83.61267180711747,-83.61267180711747,0.215427675772511,0,1
detailed,stress,previous_canonical,False,STEP no-KI,coupon_regular,-0.005,terms,1,-41.8063359035587,-41.8063359035587,-41.8063359035587,-41.8063359035587,0.1077138378862555,0,1
detailed,stress,previous_canonical,False,STEP no-KI,coupon_regular,-0.0025,terms,1,-20.903167951779118,-20.903167951779118,-20.903167951779118,-20.903167951779118,0.0538569189431278,0,1
detailed,stress,previous_canonical,False,STEP no-KI,coupon_regular,-0.001,terms,1,-8.361267180711193,-8.361267180711193,-8.361267180711193,-8.361267180711193,0.0215427675772514,0,1
detailed,stress,previous_canonical,False,STEP no-KI,coupon_regular,0.001,terms,1,8.361267180712538,8.361267180712538,8.361267180712538,8.361267180712538,0.02154276757725,1,0
detailed,stress,previous_canonical,False,STEP no-KI,coupon_regular,0.0025,terms,1,20.903167951779395,20.903167951779395,20.903167951779395,20.903167951779395,0.0538569189431275,1,0
detailed,stress,previous_canonical,False,STEP no-KI,coupon_regular,0.005,terms,1,41.806335903558704,41.806335903558704,41.806335903558704,41.806335903558704,0.1077138378862552,1,0
detailed,stress,previous_canonical,False,STEP no-KI,coupon_regular,0.01,terms,1,83.61267180711754,83.61267180711754,83.61267180711754,83.61267180711754,0.215427675772511,1,0
detailed,stress,previous_canonical,False,STEP no-KI,first_strike,-0.05,terms,1,59.40008383893497,59.40008383893497,59.40008383893497,59.40008383893497,2.4536922762934497,1,0
detailed,stress,previous_canonical,False,STEP no-KI,first_strike,-0.025,terms,1,29.601520986877727,29.601520986877727,29.601520986877727,29.601520986877727,1.7729329191973795,1,0
detailed,stress,previous_canonical,False,STEP no-KI,first_strike,-0.01,terms,1,11.152417452220831,11.152417452220831,11.152417452220831,11.152417452220831,1.1196242925031894,1,0
detailed,stress,previous_canonical,False,STEP no-KI,first_strike,-0.005,terms,1,4.760428378714887,4.760428378714887,4.760428378714887,4.760428378714887,0.7691057817976696,1,0
detailed,stress,previous_canonical,False,STEP no-KI,first_strike,0.005,terms,1,-4.386891558057415,-4.386891558057415,-4.386891558057415,-4.386891558057415,0.7522767195944724,0,1
detailed,stress,previous_canonical,False,STEP no-KI,first_strike,0.01,terms,1,-7.704436213272658,-7.704436213272658,-7.704436213272658,-7.704436213272658,1.0358782991404665,0,1
detailed,stress,previous_canonical,False,STEP no-KI,first_strike,0.025,terms,1,-15.380618665326724,-15.380618665326724,-15.380618665326724,-15.380618665326724,1.601390820283319,0,1
detailed,stress,previous_canonical,False,STEP no-KI,first_strike,0.05,terms,1,-21.181764003452727,-21.181764003452727,-21.181764003452727,-21.181764003452727,2.151946359732072,0,1
detailed,stress,previous_canonical,False,STEP no-KI,last_strike,-0.05,terms,1,109.7981531315326,109.7981531315326,109.7981531315326,109.7981531315326,2.165769235371535,1,0
detailed,stress,previous_canonical,False,STEP no-KI,last_strike,-0.025,terms,1,52.584785361515856,52.584785361515856,52.584785361515856,52.584785361515856,1.48936325255377,1,0
detailed,stress,previous_canonical,False,STEP no-KI,last_strike,-0.01,terms,1,21.769749231915767,21.769749231915767,21.769749231915767,21.769749231915767,0.9544594790336,1,0
detailed,stress,previous_canonical,False,STEP no-KI,last_strike,-0.005,terms,1,10.622976649123524,10.622976649123524,10.622976649123524,10.622976649123524,0.6658440953451403,1,0
detailed,stress,previous_canonical,False,STEP no-KI,last_strike,0.005,terms,1,-10.980335866888066,-10.980335866888066,-10.980335866888066,-10.980335866888066,0.6737769568506207,0,1
detailed,stress,previous_canonical,False,STEP no-KI,last_strike,0.01,terms,1,-20.050930650580508,-20.050930650580508,-20.050930650580508,-20.050930650580508,0.907702604729868,0,1
detailed,stress,previous_canonical,False,STEP no-KI,last_strike,0.025,terms,1,-51.06157759350386,-51.06157759350386,-51.06157759350386,-51.06157759350386,1.4333701776934011,0,1
detailed,stress,previous_canonical,False,STEP no-KI,last_strike,0.05,terms,1,-100.9435038547781,-100.9435038547781,-100.9435038547781,-100.9435038547781,1.9804363120875588,0,1
detailed,stress,previous_real_terms_synthetic,False,LIZARD KI,base,0.0,terms,23,0.0,0.0,0.0,0.0,0.0,0,0
detailed,stress,previous_real_terms_synthetic,False,LIZARD KI,coupon_regular,-0.01,terms,23,-69.33664815815787,-65.57462587438246,-112.82684352511504,-33.461440801015534,0.2111278204766693,0,23
detailed,stress,previous_real_terms_synthetic,False,LIZARD KI,coupon_regular,-0.005,terms,23,-34.66832407907882,-32.78731293719008,-56.41342176255839,-16.730720400508407,0.10556391023833506,0,23
detailed,stress,previous_real_terms_synthetic,False,LIZARD KI,coupon_regular,-0.0025,terms,23,-17.33416203953949,-16.393656468595857,-28.20671088127858,-8.365360200254873,0.05278195511916758,0,23
detailed,stress,previous_real_terms_synthetic,False,LIZARD KI,coupon_regular,-0.001,terms,23,-6.933664815815712,-6.557462587437881,-11.28268435251179,-3.346144080101671,0.021112782047667467,0,23
detailed,stress,previous_real_terms_synthetic,False,LIZARD KI,coupon_regular,0.001,terms,23,6.933664815815954,6.557462587437608,3.346144080100373,11.282684352511623,0.02111278204766639,23,0
detailed,stress,previous_real_terms_synthetic,False,LIZARD KI,coupon_regular,0.0025,terms,23,17.334162039539603,16.39365646859605,8.365360200253575,28.20671088127883,0.05278195511916696,23,0
detailed,stress,previous_real_terms_synthetic,False,LIZARD KI,coupon_regular,0.005,terms,23,34.66832407907902,32.787312937190215,16.730720400507096,56.41342176255722,0.10556391023833436,23,0
detailed,stress,previous_real_terms_synthetic,False,LIZARD KI,coupon_regular,0.01,terms,23,69.33664815815817,65.57462587438168,33.461440801015534,112.82684352511464,0.2111278204766688,23,0
detailed,stress,previous_real_terms_synthetic,False,LIZARD KI,first_strike,-0.05,terms,23,37.95817601506549,3.973634275394416,-63.09869346084119,196.68447486302165,1.68655863028174,14,9
detailed,stress,previous_real_terms_synthetic,False,LIZARD KI,first_strike,-0.025,terms,23,15.751015822357052,1.1955770599474225,-32.8313397341094,88.78732209710103,1.0986651139340082,14,9
detailed,stress,previous_real_terms_synthetic,False,LIZARD KI,first_strike,-0.01,terms,23,5.4936638082236735,0.3481118595740252,-13.326643812950536,34.910783391185674,0.6555230151648891,12,11
detailed,stress,previous_real_terms_synthetic,False,LIZARD KI,first_strike,-0.005,terms,23,2.6357849831316913,0.062648230362673,-6.4602025891997314,15.448494570069936,0.45416050782132766,12,11
detailed,stress,previous_real_terms_synthetic,False,LIZARD KI,first_strike,0.005,terms,23,-2.3798499762122542,-0.0399606031047227,-17.0174646894993,6.218260841269465,0.4423274788707773,11,12
detailed,stress,previous_real_terms_synthetic,False,LIZARD KI,first_strike,0.01,terms,23,-4.4412339983756395,-0.0758222951881241,-32.89329231211856,12.326272932456034,0.6074486186487433,11,12
detailed,stress,previous_real_terms_synthetic,False,LIZARD KI,first_strike,0.025,terms,23,-10.143269877462098,-0.0653481153883132,-78.20954288631303,29.8897602352984,0.9162039040166969,11,12
detailed,stress,previous_real_terms_synthetic,False,LIZARD KI,first_strike,0.05,terms,23,-16.22116636327343,0.4715950727222021,-146.03393705004,55.22243693949216,1.1906947374421872,12,11
detailed,stress,previous_real_terms_synthetic,False,LIZARD KI,ki_barrier,-0.05,terms,23,112.86020989262073,74.09229971737459,0.7585295825673154,363.6782271638654,2.093496444973634,23,0
detailed,stress,previous_real_terms_synthetic,False,LIZARD KI,ki_barrier,-0.025,terms,23,54.71327081014188,31.866147708930267,0.2748504359574426,161.49569282957003,1.4653315079772948,23,0
detailed,stress,previous_real_terms_synthetic,False,LIZARD KI,ki_barrier,-0.01,terms,23,21.515151455766496,13.6498764472736,0.0721859467281351,59.32765335027201,0.9234843261001026,23,0
detailed,stress,previous_real_terms_synthetic,False,LIZARD KI,ki_barrier,-0.005,terms,23,10.671486824237252,7.235665371348489,0.0392431028363877,30.258353317123458,0.6507983442248244,23,0
detailed,stress,previous_real_terms_synthetic,False,LIZARD KI,ki_barrier,0.005,terms,23,-10.575043632914447,-6.907668323574876,-25.934166809899565,0.0,0.6436582579266722,0,22
detailed,stress,previous_real_terms_synthetic,False,LIZARD KI,ki_barrier,0.01,terms,23,-21.057688252302775,-13.65938854055411,-51.42247362179552,0.0,0.9081073862111657,0,22
detailed,stress,previous_real_terms_synthetic,False,LIZARD KI,ki_barrier,0.025,terms,23,-50.91723484197604,-36.19944079525176,-114.72945091313166,0.0,1.40006371854265,0,22
detailed,stress,previous_real_terms_synthetic,False,LIZARD KI,ki_barrier,0.05,terms,23,-96.41877319882204,-82.98259518535232,-199.7416668544072,0.0,1.9094703269790425,0,22
detailed,stress,previous_real_terms_synthetic,False,LIZARD KI,last_strike,-0.05,terms,23,14.324498648256892,4.252935044884406,0.0,52.14415113465638,0.6020646354027357,22,0
detailed,stress,previous_real_terms_synthetic,False,LIZARD KI,last_strike,-0.025,terms,23,6.302246313548099,1.8371445326657556,0.0,23.543833055927585,0.3930048166794349,22,0
detailed,stress,previous_real_terms_synthetic,False,LIZARD KI,last_strike,-0.01,terms,23,2.318800962283937,0.8095689213602143,0.0,9.49523823843151,0.23408868425374438,21,0
detailed,stress,previous_real_terms_synthetic,False,LIZARD KI,last_strike,-0.005,terms,23,1.0737483391643645,0.3450551441421172,0.0,4.495702435363649,0.15816361920628416,20,0
detailed,stress,previous_real_terms_synthetic,False,LIZARD KI,last_strike,0.005,terms,23,-1.077633740928722,-0.2395871089005114,-4.17855224156599,0.0,0.15501204960136059,0,19
detailed,stress,previous_real_terms_synthetic,False,LIZARD KI,last_strike,0.01,terms,23,-2.0526719591568794,-0.6408011282780454,-7.346365549361977,0.0,0.2146483558459855,0,19
detailed,stress,previous_real_terms_synthetic,False,LIZARD KI,last_strike,0.025,terms,23,-4.726276744673406,-1.4519825256500003,-17.70881670944377,0.0,0.32245389722739654,0,20
detailed,stress,previous_real_terms_synthetic,False,LIZARD KI,last_strike,0.05,terms,23,-8.374830414582501,-2.157654565236099,-31.39932646628256,0.0,0.42581471571199003,0,22
detailed,stress,previous_real_terms_synthetic,False,LIZARD no-KI,base,0.0,terms,23,0.0,0.0,0.0,0.0,0.0,0,0
detailed,stress,previous_real_terms_synthetic,False,LIZARD no-KI,coupon_regular,-0.01,terms,23,-56.95978901095213,-58.24657528788588,-86.86912577843371,-28.145323818752125,0.16593428747269276,0,23
detailed,stress,previous_real_terms_synthetic,False,LIZARD no-KI,coupon_regular,-0.005,terms,23,-28.479894505475844,-29.123287643944387,-43.434562889216295,-14.072661909375023,0.08296714373634631,0,23
detailed,stress,previous_real_terms_synthetic,False,LIZARD no-KI,coupon_regular,-0.0025,terms,23,-14.239947252737878,-14.561643821971488,-21.717281444607693,-7.0363309546875215,0.041483571868173114,0,23
detailed,stress,previous_real_terms_synthetic,False,LIZARD no-KI,coupon_regular,-0.001,terms,23,-5.695978901095217,-5.824657528789701,-8.686912577842888,-2.814532381874606,0.01659342874726922,0,23
detailed,stress,previous_real_terms_synthetic,False,LIZARD no-KI,coupon_regular,0.001,terms,23,5.695978901095171,5.824657528788233,2.814532381875614,8.686912577843488,0.01659342874726918,23,0
detailed,stress,previous_real_terms_synthetic,False,LIZARD no-KI,coupon_regular,0.0025,terms,23,14.239947252737991,14.561643821971504,7.03633095468853,21.71728144460808,0.04148357186817294,23,0
detailed,stress,previous_real_terms_synthetic,False,LIZARD no-KI,coupon_regular,0.005,terms,23,28.479894505476047,29.12328764394286,14.072661909376052,43.434562889216615,0.08296714373634613,23,0
detailed,stress,previous_real_terms_synthetic,False,LIZARD no-KI,coupon_regular,0.01,terms,23,56.959789010952,58.24657528788567,28.1453238187521,86.86912577843256,0.16593428747269226,23,0
detailed,stress,previous_real_terms_synthetic,False,LIZARD no-KI,first_strike,-0.05,terms,23,16.770311553371364,6.679723929768628,-46.29911769901752,79.91593695039671,1.189906812587618,17,6
detailed,stress,previous_real_terms_synthetic,False,LIZARD no-KI,first_strike,-0.025,terms,23,4.674378703726506,1.541880910675539,-22.99670161259898,36.92811190800681,0.7302822775207881,14,9
detailed,stress,previous_real_terms_synthetic,False,LIZARD no-KI,first_strike,-0.01,terms,23,1.123438224625309,0.0254672726098495,-9.179600532993438,13.710940548718744,0.4269345057614205,12,11
detailed,stress,previous_real_terms_synthetic,False,LIZARD no-KI,first_strike,-0.005,terms,23,0.3449385152415852,0.0305817659838537,-4.7822657583448,5.857527923356379,0.2889828966479132,13,10
detailed,stress,previous_real_terms_synthetic,False,LIZARD no-KI,first_strike,0.005,terms,23,-0.21644565401538998,0.0,-7.005692239458623,4.828002371058012,0.27253135662965755,11,11
detailed,stress,previous_real_terms_synthetic,False,LIZARD no-KI,first_strike,0.01,terms,23,-0.3496137423762355,-0.093541908831881,-14.238448558598613,9.812765975720392,0.3842063573168158,11,12
detailed,stress,previous_real_terms_synthetic,False,LIZARD no-KI,first_strike,0.025,terms,23,0.21056204267262785,0.0099415787970143,-33.40842438963235,24.6768929043567,0.5602046815440701,12,11
detailed,stress,previous_real_terms_synthetic,False,LIZARD no-KI,first_strike,0.05,terms,23,3.01152460691705,0.0117124033552395,-57.88872100874522,47.44048355597907,0.7064171423812994,12,11
detailed,stress,previous_real_terms_synthetic,False,LIZARD no-KI,last_strike,-0.05,terms,23,62.94138335837209,58.09321752203218,6.487168924333759,131.08072368194922,1.4949212671886356,23,0
detailed,stress,previous_real_terms_synthetic,False,LIZARD no-KI,last_strike,-0.025,terms,23,30.62194028899446,28.231959040316376,4.3070431046010365,62.145963734889015,1.0377950040913861,23,0
detailed,stress,previous_real_terms_synthetic,False,LIZARD no-KI,last_strike,-0.01,terms,23,12.115955274786357,10.531674019914217,1.6370080097874895,24.70906756441075,0.6482141449459877,23,0
detailed,stress,previous_real_terms_synthetic,False,LIZARD no-KI,last_strike,-0.005,terms,23,6.023404827040748,5.62624374795092,0.8893388872312502,12.658441865388852,0.45729650929274684,23,0
detailed,stress,previous_real_terms_synthetic,False,LIZARD no-KI,last_strike,0.005,terms,23,-5.814181201015742,-5.615425726560567,-13.234703229084104,-0.6205926371376899,0.4460804876456056,0,23
detailed,stress,previous_real_terms_synthetic,False,LIZARD no-KI,last_strike,0.01,terms,23,-11.726150123869445,-10.934132564647433,-24.65901599825111,-1.7798893625808814,0.6345871602477873,0,23
detailed,stress,previous_real_terms_synthetic,False,LIZARD no-KI,last_strike,0.025,terms,23,-28.544366067963335,-26.90558751147341,-60.18810537036984,-4.931094628439935,0.981054897858,0,23
detailed,stress,previous_real_terms_synthetic,False,LIZARD no-KI,last_strike,0.05,terms,23,-53.98402037603164,-51.77927079140944,-107.5075878531691,-10.515699435466525,1.3286653463906346,0,23
detailed,stress,previous_real_terms_synthetic,False,STEP KI,base,0.0,terms,16,0.0,0.0,0.0,0.0,0.0,0,0
detailed,stress,previous_real_terms_synthetic,False,STEP KI,coupon_regular,-0.01,terms,16,-77.27501037543047,-71.54507934638391,-132.0191190554965,-51.93782049828591,0.18528948757076552,0,16
detailed,stress,previous_real_terms_synthetic,False,STEP KI,coupon_regular,-0.005,terms,16,-38.63750518771516,-35.77253967319257,-66.00955952774825,-25.96891024914298,0.09264474378538287,0,16
detailed,stress,previous_real_terms_synthetic,False,STEP KI,coupon_regular,-0.0025,terms,16,-19.318752593857457,-17.88626983659696,-33.004779763874694,-12.984455124571516,0.046322371892691186,0,16
detailed,stress,previous_real_terms_synthetic,False,STEP KI,coupon_regular,-0.001,terms,16,-7.727501037543179,-7.154507934639591,-13.201911905549542,-5.19378204982862,0.018528948757076436,0,16
detailed,stress,previous_real_terms_synthetic,False,STEP KI,coupon_regular,0.001,terms,16,7.727501037542438,7.154507934637685,5.193782049826476,13.201911905550755,0.018528948757077016,16,0
detailed,stress,previous_real_terms_synthetic,False,STEP KI,coupon_regular,0.0025,terms,16,19.31875259385687,17.88626983659529,12.984455124569374,33.004779763874424,0.04632237189269169,16,0
detailed,stress,previous_real_terms_synthetic,False,STEP KI,coupon_regular,0.005,terms,16,38.63750518771441,35.77253967319152,25.96891024914085,66.00955952774912,0.09264474378538332,16,0
detailed,stress,previous_real_terms_synthetic,False,STEP KI,coupon_regular,0.01,terms,16,77.27501037542915,71.54507934638309,51.937820498283806,132.01911905549724,0.18528948757076633,16,0
detailed,stress,previous_real_terms_synthetic,False,STEP KI,first_strike,-0.05,terms,16,35.92949592157352,29.5212145693216,-178.12969370497453,265.7466735886915,1.9770377206638847,10,6
detailed,stress,previous_real_terms_synthetic,False,STEP KI,first_strike,-0.025,terms,16,16.086670542425168,14.143692558553932,-93.57273987583366,127.23089409431944,1.3955958911292825,10,6
detailed,stress,previous_real_terms_synthetic,False,STEP KI,first_strike,-0.01,terms,16,5.7044187074337325,4.88422142572044,-37.93981909576546,49.80761249212304,0.8730233909401006,9,7
detailed,stress,previous_real_terms_synthetic,False,STEP KI,first_strike,-0.005,terms,16,2.648172052488876,2.651118961931658,-18.556439495999843,23.660122975183565,0.6144808467651431,10,6
detailed,stress,previous_real_terms_synthetic,False,STEP KI,first_strike,0.005,terms,16,-2.8293671281007375,-1.8750401494382838,-24.780754371416123,18.76105989335331,0.6223835212641943,7,9
detailed,stress,previous_real_terms_synthetic,False,STEP KI,first_strike,0.01,terms,16,-5.510199710534624,-3.566213121375567,-50.3925154766211,36.561707114766506,0.8668435114986339,7,9
detailed,stress,previous_real_terms_synthetic,False,STEP KI,first_strike,0.025,terms,16,-12.03562417743182,-8.843956543756601,-117.64124676252771,83.80104477897851,1.3337249094926311,6,10
detailed,stress,previous_real_terms_synthetic,False,STEP KI,first_strike,0.05,terms,16,-21.58486640337618,-13.682098578290503,-227.11486431229176,147.60355618051292,1.8275766318523141,6,10
detailed,stress,previous_real_terms_synthetic,False,STEP KI,ki_barrier,-0.05,terms,16,85.91100761438744,53.19035354584274,8.057863237303714,229.8666665665101,1.8718028720699411,16,0
detailed,stress,previous_real_terms_synthetic,False,STEP KI,ki_barrier,-0.025,terms,16,43.729880134809946,30.673259010872876,2.8393426038779457,115.3243211731907,1.3334430976716882,16,0
detailed,stress,previous_real_terms_synthetic,False,STEP KI,ki_barrier,-0.01,terms,16,17.589104595770603,13.116163222894022,0.9919236145076982,47.13460976697523,0.843559068823609,16,0
detailed,stress,previous_real_terms_synthetic,False,STEP KI,ki_barrier,-0.005,terms,16,8.76729287026281,6.89096155222298,0.4573617580934725,23.88488822155424,0.5948877804539648,16,0
detailed,stress,previous_real_terms_synthetic,False,STEP KI,ki_barrier,0.005,terms,16,-9.045081104067448,-6.672649295996105,-23.90060009275618,-0.4696533796165905,0.6016786734995199,0,16
detailed,stress,previous_real_terms_synthetic,False,STEP KI,ki_barrier,0.01,terms,16,-17.453891222455717,-13.343214020568698,-42.72022857068388,-0.7415533010639118,0.8360114634581028,0,16
detailed,stress,previous_real_terms_synthetic,False,STEP KI,ki_barrier,0.025,terms,16,-43.48979321879146,-34.12524843604519,-104.42641157253802,-1.1694337027064443,1.3083190292640952,0,16
detailed,stress,previous_real_terms_synthetic,False,STEP KI,ki_barrier,0.05,terms,16,-83.64651408498021,-66.9474438436725,-198.5631574754007,-1.426484985973904,1.7889498752835136,0,16
detailed,stress,previous_real_terms_synthetic,False,STEP KI,last_strike,-0.05,terms,16,7.268162018361915,4.790033989519477,0.0,30.94676836657887,0.43210650865492745,15,0
detailed,stress,previous_real_terms_synthetic,False,STEP KI,last_strike,-0.025,terms,16,3.1335341307124285,1.9697298236416099,0.0,14.429139319822628,0.2718173344591612,14,0
detailed,stress,previous_real_terms_synthetic,False,STEP KI,last_strike,-0.01,terms,16,1.1834247210536957,0.7551816865563223,0.0,5.108886127824215,0.16644966807491585,14,0
detailed,stress,previous_real_terms_synthetic,False,STEP KI,last_strike,-0.005,terms,16,0.5575824268518413,0.23400161782490198,0.0,2.268274021478569,0.10999394776840075,13,0
detailed,stress,previous_real_terms_synthetic,False,STEP KI,last_strike,0.005,terms,16,-0.4821854052744637,-0.2840727511309411,-2.413460324639997,0.0,0.10388464741360336,0,13
detailed,stress,previous_real_terms_synthetic,False,STEP KI,last_strike,0.01,terms,16,-0.9603824775507441,-0.6263801303835872,-4.722330816436032,0.0,0.1454674207701347,0,13
detailed,stress,previous_real_terms_synthetic,False,STEP KI,last_strike,0.025,terms,16,-2.3116124319277738,-1.5078928764919952,-12.769569243163104,0.0,0.22373467844510253,0,14
detailed,stress,previous_real_terms_synthetic,False,STEP KI,last_strike,0.05,terms,16,-3.8908148840333157,-2.3936573948555298,-21.603103038439205,0.0,0.2865249254732899,0,14
detailed,stress,previous_real_terms_synthetic,False,STEP no-KI,base,0.0,terms,20,0.0,0.0,0.0,0.0,0.0,0,0
detailed,stress,previous_real_terms_synthetic,False,STEP no-KI,coupon_regular,-0.01,terms,20,-67.28067674044465,-67.2421840584054,-101.26511804690576,-50.552850485588166,0.15098375107107118,0,20
detailed,stress,previous_real_terms_synthetic,False,STEP no-KI,coupon_regular,-0.005,terms,20,-33.64033837022236,-33.62109202920274,-50.63255902345283,-25.276425242793007,0.07549187553553552,0,20
detailed,stress,previous_real_terms_synthetic,False,STEP no-KI,coupon_regular,-0.0025,terms,20,-16.82016918511101,-16.81054601460128,-25.3162795117262,-12.638212621396503,0.03774593776776797,0,20
detailed,stress,previous_real_terms_synthetic,False,STEP no-KI,coupon_regular,-0.001,terms,20,-6.728067674044299,-6.724218405840526,-10.126511804689622,-5.055285048557312,0.01509837510710726,0,20
detailed,stress,previous_real_terms_synthetic,False,STEP no-KI,coupon_regular,0.001,terms,20,6.728067674044899,6.724218405841414,5.0552850485572645,10.126511804691267,0.015098375107106848,20,0
detailed,stress,previous_real_terms_synthetic,False,STEP no-KI,coupon_regular,0.0025,terms,20,16.820169185111613,16.810546014602146,12.638212621396477,25.3162795117266,0.03774593776776753,20,0
detailed,stress,previous_real_terms_synthetic,False,STEP no-KI,coupon_regular,0.005,terms,20,33.64033837022245,33.62109202920262,25.27642524279297,50.632559023452885,0.07549187553553556,20,0
detailed,stress,previous_real_terms_synthetic,False,STEP no-KI,coupon_regular,0.01,terms,20,67.28067674044519,67.2421840584054,50.55285048558597,101.26511804690723,0.15098375107107104,20,0
detailed,stress,previous_real_terms_synthetic,False,STEP no-KI,first_strike,-0.05,terms,20,94.5669354428507,105.98579642679728,-1.8149639865725955,199.6046267777264,2.2341970847808392,19,1
detailed,stress,previous_real_terms_synthetic,False,STEP no-KI,first_strike,-0.025,terms,20,46.01168883953709,51.647265675826745,-3.664002082175093,96.49473752406648,1.5898340135981877,19,1
detailed,stress,previous_real_terms_synthetic,False,STEP no-KI,first_strike,-0.01,terms,20,18.123786570108404,20.34767494682289,-1.8588346340984927,38.27824690366835,1.0104720567533574,19,1
detailed,stress,previous_real_terms_synthetic,False,STEP no-KI,first_strike,-0.005,terms,20,8.937183417929564,10.225445385515311,-1.4176447546588828,18.48420121873469,0.7133077523447529,19,1
detailed,stress,previous_real_terms_synthetic,False,STEP no-KI,first_strike,0.005,terms,20,-8.69104021402285,-10.093425486731356,-16.72775067016212,1.0399350503219589,0.7071009179927554,2,18
detailed,stress,previous_real_terms_synthetic,False,STEP no-KI,first_strike,0.01,terms,20,-17.537541170739324,-19.87283201409883,-35.022270241037525,2.520875196996628,1.0035984122024058,1,19
detailed,stress,previous_real_terms_synthetic,False,STEP no-KI,first_strike,0.025,terms,20,-41.613285458269175,-50.014718628380706,-87.18673065973418,7.593168675518636,1.5594162803085203,1,19
detailed,stress,previous_real_terms_synthetic,False,STEP no-KI,first_strike,0.05,terms,20,-76.6986034163057,-97.18944882131547,-174.3819838480521,20.292583068405797,2.148359310091733,3,17
detailed,stress,previous_real_terms_synthetic,False,STEP no-KI,last_strike,-0.05,terms,20,69.70396472462158,50.4022634480838,4.432424778924083,221.076481901243,1.5461977712843682,20,0
detailed,stress,previous_real_terms_synthetic,False,STEP no-KI,last_strike,-0.025,terms,20,33.35268369917339,24.92311494893515,2.184157349372522,106.6886855728732,1.0638947114123265,20,0
detailed,stress,previous_real_terms_synthetic,False,STEP no-KI,last_strike,-0.01,terms,20,12.895323711407732,10.095826191787229,0.7912286086670829,41.75131401815498,0.6588201309602032,20,0
detailed,stress,previous_real_terms_synthetic,False,STEP no-KI,last_strike,-0.005,terms,20,6.328723956597496,4.803705189610612,0.3756772512448389,20.673223480149908,0.459903323541435,20,0
detailed,stress,previous_real_terms_synthetic,False,STEP no-KI,last_strike,0.005,terms,20,-6.246021918915156,-4.514781129303341,-19.58984553350577,-0.4094629294126952,0.4555307351638594,0,20
detailed,stress,previous_real_terms_synthetic,False,STEP no-KI,last_strike,0.01,terms,20,-12.307426029512335,-8.638339528269533,-38.58304563703874,-0.8881380052466555,0.6363907856597888,0,20
detailed,stress,previous_real_terms_synthetic,False,STEP no-KI,last_strike,0.025,terms,20,-29.37006042465138,-20.535568783257638,-90.70685077048137,-1.8415818134723465,0.9757582229063317,0,20
detailed,stress,previous_real_terms_synthetic,False,STEP no-KI,last_strike,0.05,terms,20,-54.7821615824333,-38.76274931996984,-171.19026705210592,-3.624883494032895,1.3136349512230139,0,20
detailed,stress,published_monthly,True,LIZARD no-KI,base,0.0,terms,1,0.0,0.0,0.0,0.0,0.0,0,0
detailed,stress,published_monthly,True,LIZARD no-KI,coupon_regular,-0.01,terms,1,-102.27940074034662,-102.27940074034662,-102.27940074034662,-102.27940074034662,0.1806894410617485,0,1
detailed,stress,published_monthly,True,LIZARD no-KI,coupon_regular,-0.005,terms,1,-51.13970037017303,-51.13970037017303,-51.13970037017303,-51.13970037017303,0.0903447205308746,0,1
detailed,stress,published_monthly,True,LIZARD no-KI,coupon_regular,-0.0025,terms,1,-25.569850185086956,-25.569850185086956,-25.569850185086956,-25.569850185086956,0.0451723602654377,0,1
detailed,stress,published_monthly,True,LIZARD no-KI,coupon_regular,-0.001,terms,1,-10.22794007403409,-10.22794007403409,-10.22794007403409,-10.22794007403409,0.0180689441061754,0,1
detailed,stress,published_monthly,True,LIZARD no-KI,coupon_regular,0.001,terms,1,10.227940074034786,10.227940074034786,10.227940074034786,10.227940074034786,0.0180689441061751,1,0
detailed,stress,published_monthly,True,LIZARD no-KI,coupon_regular,0.0025,terms,1,25.569850185086867,25.569850185086867,25.569850185086867,25.569850185086867,0.0451723602654371,1,0
detailed,stress,published_monthly,True,LIZARD no-KI,coupon_regular,0.005,terms,1,51.13970037017299,51.13970037017299,51.13970037017299,51.13970037017299,0.090344720530874,1,0
detailed,stress,published_monthly,True,LIZARD no-KI,coupon_regular,0.01,terms,1,102.27940074034662,102.27940074034662,102.27940074034662,102.27940074034662,0.180689441061748,1,0
detailed,stress,published_monthly,True,LIZARD no-KI,first_strike,-0.05,terms,1,-32.83341690534548,-32.83341690534548,-32.83341690534548,-32.83341690534548,0.8851481357215106,0,1
detailed,stress,published_monthly,True,LIZARD no-KI,first_strike,-0.025,terms,1,-16.64341329086237,-16.64341329086237,-16.64341329086237,-16.64341329086237,0.585892590514971,0,1
detailed,stress,published_monthly,True,LIZARD no-KI,first_strike,-0.01,terms,1,-6.360804188901568,-6.360804188901568,-6.360804188901568,-6.360804188901568,0.363837242399922,0,1
detailed,stress,published_monthly,True,LIZARD no-KI,first_strike,-0.005,terms,1,-3.2782772468190573,-3.2782772468190573,-3.2782772468190573,-3.2782772468190573,0.2464803767872274,0,1
detailed,stress,published_monthly,True,LIZARD no-KI,first_strike,0.005,terms,1,3.2212604682065424,3.2212604682065424,3.2212604682065424,3.2212604682065424,0.2353222474739498,1,0
detailed,stress,published_monthly,True,LIZARD no-KI,first_strike,0.01,terms,1,6.519594550231369,6.519594550231369,6.519594550231369,6.519594550231369,0.323698756502752,1,0
detailed,stress,published_monthly,True,LIZARD no-KI,first_strike,0.025,terms,1,15.60517141369222,15.60517141369222,15.60517141369222,15.60517141369222,0.505915439258184,1,0
detailed,stress,published_monthly,True,LIZARD no-KI,first_strike,0.05,terms,1,30.410236068468837,30.410236068468837,30.410236068468837,30.410236068468837,0.6313773571537616,1,0
detailed,stress,published_monthly,True,LIZARD no-KI,last_strike,-0.05,terms,1,50.83635982115327,50.83635982115327,50.83635982115327,50.83635982115327,1.4094074417648073,1,0
detailed,stress,published_monthly,True,LIZARD no-KI,last_strike,-0.025,terms,1,26.68187331005922,26.68187331005922,26.68187331005922,26.68187331005922,1.012205646060103,1,0
detailed,stress,published_monthly,True,LIZARD no-KI,last_strike,-0.01,terms,1,11.156430878947305,11.156430878947305,11.156430878947305,11.156430878947305,0.6509821245495738,1,0
detailed,stress,published_monthly,True,LIZARD no-KI,last_strike,-0.005,terms,1,5.266562209390738,5.266562209390738,5.266562209390738,5.266562209390738,0.4464489162309001,1,0
detailed,stress,published_monthly,True,LIZARD no-KI,last_strike,0.005,terms,1,-5.398362922842648,-5.398362922842648,-5.398362922842648,-5.398362922842648,0.4495972532291468,0,1
detailed,stress,published_monthly,True,LIZARD no-KI,last_strike,0.01,terms,1,-11.15280182855812,-11.15280182855812,-11.15280182855812,-11.15280182855812,0.6441920646275668,0,1
detailed,stress,published_monthly,True,LIZARD no-KI,last_strike,0.025,terms,1,-30.43268717004413,-30.43268717004413,-30.43268717004413,-30.43268717004413,1.0534294673140616,0,1
detailed,stress,published_monthly,True,LIZARD no-KI,last_strike,0.05,terms,1,-62.88828802303342,-62.88828802303342,-62.88828802303342,-62.88828802303342,1.4886870443906586,0,1
detailed,stress,published_monthly,True,LIZARD no-KI,monthly_barrier,-0.05,terms,1,33.36313370832425,33.36313370832425,33.36313370832425,33.36313370832425,0.3039155647999719,1,0
detailed,stress,published_monthly,True,LIZARD no-KI,monthly_barrier,-0.025,terms,1,18.078804226430208,18.078804226430208,18.078804226430208,18.078804226430208,0.172960695722236,1,0
detailed,stress,published_monthly,True,LIZARD no-KI,monthly_barrier,-0.01,terms,1,7.576392945831255,7.576392945831255,7.576392945831255,7.576392945831255,0.0845054083946409,1,0
detailed,stress,published_monthly,True,LIZARD no-KI,monthly_barrier,-0.005,terms,1,3.865281161014006,3.865281161014006,3.865281161014006,3.865281161014006,0.051795706209967,1,0
detailed,stress,published_monthly,True,LIZARD no-KI,monthly_barrier,0.005,terms,1,-3.995936583763045,-3.995936583763045,-3.995936583763045,-3.995936583763045,0.0526529996975309,0,1
detailed,stress,published_monthly,True,LIZARD no-KI,monthly_barrier,0.01,terms,1,-8.118048419476489,-8.118048419476489,-8.118048419476489,-8.118048419476489,0.0870257290787302,0,1
detailed,stress,published_monthly,True,LIZARD no-KI,monthly_barrier,0.025,terms,1,-21.39042979919917,-21.39042979919917,-21.39042979919917,-21.39042979919917,0.1883365765679728,0,1
detailed,stress,published_monthly,True,LIZARD no-KI,monthly_barrier,0.05,terms,1,-46.12554284580472,-46.12554284580472,-46.12554284580472,-46.12554284580472,0.3603622882349683,0,1
detailed,stress,published_monthly,True,LIZARD no-KI,nobs_early,1.0,schedule,1,-91.83698850551784,-91.83698850551784,-91.83698850551784,-91.83698850551784,1.1433843712819374,0,1
detailed,stress,published_monthly,True,LIZARD no-KI,nobs_late,1.0,schedule,1,-1.7117274333554835,-1.7117274333554835,-1.7117274333554835,-1.7117274333554835,0.200970898865508,0,1
detailed,stress,published_monthly,True,LIZARD no-KI,nobs_middle,1.0,schedule,1,-3.313420052454688,-3.313420052454688,-3.313420052454688,-3.313420052454688,0.1950542388482026,0,1
detailed,stress,published_monthly,True,LIZARD no-KI,tenor_months,-12.0,schedule,1,-34.70663523405954,-34.70663523405954,-34.70663523405954,-34.70663523405954,2.2706473650580734,0,1
detailed,stress,published_monthly,True,LIZARD no-KI,tenor_months,-6.0,schedule,1,-20.976871405853124,-20.976871405853124,-20.976871405853124,-20.976871405853124,1.894406326244363,0,1
detailed,stress,published_monthly,True,LIZARD no-KI,tenor_months,-3.0,schedule,1,-35.09691134446115,-35.09691134446115,-35.09691134446115,-35.09691134446115,1.5782717989651731,0,1
detailed,stress,published_monthly,True,LIZARD no-KI,tenor_months,-1.0,schedule,1,-38.29008004435795,-38.29008004435795,-38.29008004435795,-38.29008004435795,1.18319779943809,0,1
detailed,stress,published_monthly,True,LIZARD no-KI,tenor_months,1.0,schedule,1,-11.855481558261491,-11.855481558261491,-11.855481558261491,-11.855481558261491,1.2563326941630883,0,1
detailed,stress,published_monthly,True,LIZARD no-KI,tenor_months,3.0,schedule,1,-11.462691285047775,-11.462691285047775,-11.462691285047775,-11.462691285047775,1.7096732983454306,0,1
detailed,stress,published_monthly,True,LIZARD no-KI,tenor_months,6.0,schedule,1,6.724183418302995,6.724183418302995,6.724183418302995,6.724183418302995,2.1064873259448267,1,0
detailed,stress,published_monthly,True,LIZARD no-KI,tenor_months,12.0,schedule,1,11.894371698383186,11.894371698383186,11.894371698383186,11.894371698383186,2.635531198426063,1,0
detailed,stress,published_monthly,True,STEP KI,base,0.0,terms,1,0.0,0.0,0.0,0.0,0.0,0,0
detailed,stress,published_monthly,True,STEP KI,coupon_regular,-0.01,terms,1,-95.20933741719296,-95.20933741719296,-95.20933741719296,-95.20933741719296,0.2017154490519635,0,1
detailed,stress,published_monthly,True,STEP KI,coupon_regular,-0.005,terms,1,-47.60466870859632,-47.60466870859632,-47.60466870859632,-47.60466870859632,0.100857724525981,0,1
detailed,stress,published_monthly,True,STEP KI,coupon_regular,-0.0025,terms,1,-23.802334354298303,-23.802334354298303,-23.802334354298303,-23.802334354298303,0.0504288622629909,0,1
detailed,stress,published_monthly,True,STEP KI,coupon_regular,-0.001,terms,1,-9.52093374171928,-9.52093374171928,-9.52093374171928,-9.52093374171928,0.0201715449051962,0,1
detailed,stress,published_monthly,True,STEP KI,coupon_regular,0.001,terms,1,9.520933741719572,9.520933741719572,9.520933741719572,9.520933741719572,0.0201715449051969,1,0
detailed,stress,published_monthly,True,STEP KI,coupon_regular,0.0025,terms,1,23.80233435429829,23.80233435429829,23.80233435429829,23.80233435429829,0.0504288622629911,1,0
detailed,stress,published_monthly,True,STEP KI,coupon_regular,0.005,terms,1,47.60466870859785,47.60466870859785,47.60466870859785,47.60466870859785,0.1008577245259796,1,0
detailed,stress,published_monthly,True,STEP KI,coupon_regular,0.01,terms,1,95.2093374171942,95.2093374171942,95.2093374171942,95.2093374171942,0.2017154490519607,1,0
detailed,stress,published_monthly,True,STEP KI,first_strike,-0.05,terms,1,-1.3154556065560603,-1.3154556065560603,-1.3154556065560603,-1.3154556065560603,1.789718057556816,0,1
detailed,stress,published_monthly,True,STEP KI,first_strike,-0.025,terms,1,-4.20968472329522,-4.20968472329522,-4.20968472329522,-4.20968472329522,1.2495145489793509,0,1
detailed,stress,published_monthly,True,STEP KI,first_strike,-0.01,terms,1,-1.9971738379820676,-1.9971738379820676,-1.9971738379820676,-1.9971738379820676,0.7776780882238601,0,1
detailed,stress,published_monthly,True,STEP KI,first_strike,-0.005,terms,1,-1.0289955949560607,-1.0289955949560607,-1.0289955949560607,-1.0289955949560607,0.557342540190132,0,1
detailed,stress,published_monthly,True,STEP KI,first_strike,0.005,terms,1,0.3629085133089972,0.3629085133089972,0.3629085133089972,0.3629085133089972,0.5779181795241133,1,0
detailed,stress,published_monthly,True,STEP KI,first_strike,0.01,terms,1,2.2646027089650804,2.2646027089650804,2.2646027089650804,2.2646027089650804,0.7877843963095623,1,0
detailed,stress,published_monthly,True,STEP KI,first_strike,0.025,terms,1,7.98697081543745,7.98697081543745,7.98697081543745,7.98697081543745,1.2255459866747287,1,0
detailed,stress,published_monthly,True,STEP KI,first_strike,0.05,terms,1,23.24525386505031,23.24525386505031,23.24525386505031,23.24525386505031,1.6315584153894702,1,0
detailed,stress,published_monthly,True,STEP KI,ki_barrier,-0.05,terms,1,77.92808739065296,77.92808739065296,77.92808739065296,77.92808739065296,1.5897009590996638,1,0
detailed,stress,published_monthly,True,STEP KI,ki_barrier,-0.025,terms,1,38.30146295193082,38.30146295193082,38.30146295193082,38.30146295193082,1.104103552304503,1,0
detailed,stress,published_monthly,True,STEP KI,ki_barrier,-0.01,terms,1,14.641327878223125,14.641327878223125,14.641327878223125,14.641327878223125,0.6752008411955425,1,0
detailed,stress,published_monthly,True,STEP KI,ki_barrier,-0.005,terms,1,7.191145533868552,7.191145533868552,7.191145533868552,7.191145533868552,0.47507667674893,1,0
detailed,stress,published_monthly,True,STEP KI,ki_barrier,0.005,terms,1,-7.303871915922357,-7.303871915922357,-7.303871915922357,-7.303871915922357,0.4706259719906239,0,1
detailed,stress,published_monthly,True,STEP KI,ki_barrier,0.01,terms,1,-14.717948905080227,-14.717948905080227,-14.717948905080227,-14.717948905080227,0.6666881031026247,0,1
detailed,stress,published_monthly,True,STEP KI,ki_barrier,0.025,terms,1,-34.954493184940766,-34.954493184940766,-34.954493184940766,-34.954493184940766,1.0202414786345877,0,1
detailed,stress,published_monthly,True,STEP KI,ki_barrier,0.05,terms,1,-66.10205039050564,-66.10205039050564,-66.10205039050564,-66.10205039050564,1.3818510336298873,0,1
detailed,stress,published_monthly,True,STEP KI,last_strike,-0.05,terms,1,5.812323793451441,5.812323793451441,5.812323793451441,5.812323793451441,0.3480504138237154,1,0
detailed,stress,published_monthly,True,STEP KI,last_strike,-0.025,terms,1,2.347505640809426,2.347505640809426,2.347505640809426,2.347505640809426,0.2151651817331873,1,0
detailed,stress,published_monthly,True,STEP KI,last_strike,-0.01,terms,1,0.9213752976448636,0.9213752976448636,0.9213752976448636,0.9213752976448636,0.1329725456161926,1,0
detailed,stress,published_monthly,True,STEP KI,last_strike,-0.005,terms,1,0.3790169022837649,0.3790169022837649,0.3790169022837649,0.3790169022837649,0.0847451895297229,1,0
detailed,stress,published_monthly,True,STEP KI,last_strike,0.005,terms,1,-0.4089550216995166,-0.4089550216995166,-0.4089550216995166,-0.4089550216995166,0.0871834411355357,0,1
detailed,stress,published_monthly,True,STEP KI,last_strike,0.01,terms,1,-0.9191717787583512,-0.9191717787583512,-0.9191717787583512,-0.9191717787583512,0.1299728082805142,0,1
detailed,stress,published_monthly,True,STEP KI,last_strike,0.025,terms,1,-1.9325272346650249,-1.9325272346650249,-1.9325272346650249,-1.9325272346650249,0.1859550909671557,0,1
detailed,stress,published_monthly,True,STEP KI,last_strike,0.05,terms,1,-3.3513979530721705,-3.3513979530721705,-3.3513979530721705,-3.3513979530721705,0.2390967924747241,0,1
detailed,stress,published_monthly,True,STEP KI,monthly_barrier,-0.05,terms,1,30.331975822568637,30.331975822568637,30.331975822568637,30.331975822568637,0.2973345230191589,1,0
detailed,stress,published_monthly,True,STEP KI,monthly_barrier,-0.025,terms,1,16.222965635488155,16.222965635488155,16.222965635488155,16.222965635488155,0.1679082782796302,1,0
detailed,stress,published_monthly,True,STEP KI,monthly_barrier,-0.01,terms,1,6.81520187027362,6.81520187027362,6.81520187027362,6.81520187027362,0.0833489098684577,1,0
detailed,stress,published_monthly,True,STEP KI,monthly_barrier,-0.005,terms,1,3.4812338724858534,3.4812338724858534,3.4812338724858534,3.4812338724858534,0.0520827392766905,1,0
detailed,stress,published_monthly,True,STEP KI,monthly_barrier,0.005,terms,1,-3.5182101595902933,-3.5182101595902933,-3.5182101595902933,-3.5182101595902933,0.0521332443890737,0,1
detailed,stress,published_monthly,True,STEP KI,monthly_barrier,0.01,terms,1,-7.112600554862541,-7.112600554862541,-7.112600554862541,-7.112600554862541,0.0849571416362881,0,1
detailed,stress,published_monthly,True,STEP KI,monthly_barrier,0.025,terms,1,-18.676582331908666,-18.676582331908666,-18.676582331908666,-18.676582331908666,0.18051903336726,0,1
detailed,stress,published_monthly,True,STEP KI,monthly_barrier,0.05,terms,1,-39.91392305532508,-39.91392305532508,-39.91392305532508,-39.91392305532508,0.3403406636421226,0,1
detailed,stress,published_monthly,True,STEP KI,nobs_early,1.0,schedule,1,-51.65622860865035,-51.65622860865035,-51.65622860865035,-51.65622860865035,2.3407793589662567,0,1
detailed,stress,published_monthly,True,STEP KI,nobs_late,1.0,schedule,1,-1.463996267015942,-1.463996267015942,-1.463996267015942,-1.463996267015942,0.1559780882536976,0,1
detailed,stress,published_monthly,True,STEP KI,nobs_middle,1.0,schedule,1,-4.057426407241035,-4.057426407241035,-4.057426407241035,-4.057426407241035,0.3993531476269513,0,1
detailed,stress,published_monthly,True,STEP KI,tenor_months,-12.0,schedule,1,10.7733340009041,10.7733340009041,10.7733340009041,10.7733340009041,2.9144789041551853,1,0
detailed,stress,published_monthly,True,STEP KI,tenor_months,-6.0,schedule,1,2.77944174835739,2.77944174835739,2.77944174835739,2.77944174835739,2.335438820271559,1,0
detailed,stress,published_monthly,True,STEP KI,tenor_months,-3.0,schedule,1,-25.996170297792627,-25.996170297792627,-25.996170297792627,-25.996170297792627,1.898722541220372,0,1
detailed,stress,published_monthly,True,STEP KI,tenor_months,-1.0,schedule,1,-44.228288598543806,-44.228288598543806,-44.228288598543806,-44.228288598543806,1.3957616380351532,0,1
detailed,stress,published_monthly,True,STEP KI,tenor_months,1.0,schedule,1,-16.15038328705076,-16.15038328705076,-16.15038328705076,-16.15038328705076,1.458685153262841,0,1
detailed,stress,published_monthly,True,STEP KI,tenor_months,3.0,schedule,1,-29.42416751064852,-29.42416751064852,-29.42416751064852,-29.42416751064852,1.9584660984859212,0,1
detailed,stress,published_monthly,True,STEP KI,tenor_months,6.0,schedule,1,-12.42701276530778,-12.42701276530778,-12.42701276530778,-12.42701276530778,2.4555977083660734,0,1
detailed,stress,published_monthly,True,STEP KI,tenor_months,12.0,schedule,1,-10.793476082149033,-10.793476082149033,-10.793476082149033,-10.793476082149033,3.0869251326763747,0,1
detailed,stress,published_monthly,True,STEP no-KI,base,0.0,terms,4,0.0,0.0,0.0,0.0,0.0,0,0
detailed,stress,published_monthly,True,STEP no-KI,coupon_regular,-0.01,terms,4,-111.17124754622296,-112.29578799342232,-127.76750263055315,-92.32591156749402,0.21168225887713035,0,4
detailed,stress,published_monthly,True,STEP no-KI,coupon_regular,-0.005,terms,4,-55.58562377311115,-56.14789399671066,-63.883751315277024,-46.16295578374626,0.1058411294385654,0,4
detailed,stress,published_monthly,True,STEP no-KI,coupon_regular,-0.0025,terms,4,-27.79281188655564,-28.07394699835497,-31.9418756576388,-23.081477891873824,0.052920564719282255,0,4
detailed,stress,published_monthly,True,STEP no-KI,coupon_regular,-0.001,terms,4,-11.117124754622235,-11.229578799341894,-12.776750263055453,-9.2325911567497,0.021168225887712975,0,4
detailed,stress,published_monthly,True,STEP no-KI,coupon_regular,0.001,terms,4,11.117124754622436,11.229578799342509,9.232591156749413,12.776750263055307,0.021168225887712874,4,0
detailed,stress,published_monthly,True,STEP no-KI,coupon_regular,0.0025,terms,4,27.79281188655557,28.073946998355183,23.081477891873767,31.94187565763814,0.052920564719283206,4,0
detailed,stress,published_monthly,True,STEP no-KI,coupon_regular,0.005,terms,4,55.58562377311137,56.14789399671136,46.16295578374643,63.883751315276335,0.10584112943856552,4,0
detailed,stress,published_monthly,True,STEP no-KI,coupon_regular,0.01,terms,4,111.17124754622293,112.29578799342237,92.32591156749388,127.76750263055315,0.21168225887713027,4,0
detailed,stress,published_monthly,True,STEP no-KI,first_strike,-0.05,terms,4,5.4907314298239775,-1.865954235675467,-46.56644891535626,72.2612831060031,1.5545823194934107,2,2
detailed,stress,published_monthly,True,STEP no-KI,first_strike,-0.025,terms,4,-0.38240082474281056,-4.399335730218793,-23.70937083899129,30.978439000457637,1.0296536424964895,2,2
detailed,stress,published_monthly,True,STEP no-KI,first_strike,-0.01,terms,4,-0.7345693984724426,-2.153492552304326,-9.85821624216678,11.22692375288566,0.6249593873137631,2,2
detailed,stress,published_monthly,True,STEP no-KI,first_strike,-0.005,terms,4,-0.272819998332974,-1.2656066183199894,-5.229825800976905,6.669759044284988,0.4351241468222839,2,2
detailed,stress,published_monthly,True,STEP no-KI,first_strike,0.005,terms,4,0.3073165213521465,0.8101397878536698,-5.68538801308432,5.294374522785566,0.4321450776396757,2,2
detailed,stress,published_monthly,True,STEP no-KI,first_strike,0.01,terms,4,0.8148335584316868,2.33691893160343,-11.050008281797444,9.635504652317332,0.5958229250236933,2,2
detailed,stress,published_monthly,True,STEP no-KI,first_strike,0.025,terms,4,3.6778834662902185,7.153300198607577,-23.933502701010347,24.33843616895607,0.8937442028537611,2,2
detailed,stress,published_monthly,True,STEP no-KI,first_strike,0.05,terms,4,9.610278076419432,15.547238434939992,-38.41697993699314,45.76361537279089,1.1669086301104405,2,2
detailed,stress,published_monthly,True,STEP no-KI,last_strike,-0.05,terms,4,79.9369981837303,79.47217013697457,66.15200051728903,94.65165194368304,1.5354314693885949,4,0
detailed,stress,published_monthly,True,STEP no-KI,last_strike,-0.025,terms,4,39.412759725039564,39.65805967688395,32.44952473055277,45.88539481583759,1.0670661765520006,4,0
detailed,stress,published_monthly,True,STEP no-KI,last_strike,-0.01,terms,4,15.419076694202346,15.54464888286784,12.700507029514633,17.886501981559075,0.6637711432237883,4,0
detailed,stress,published_monthly,True,STEP no-KI,last_strike,-0.005,terms,4,8.112328796171072,8.318580926254686,6.861818540941907,8.950334791233015,0.4807891878904501,4,0
detailed,stress,published_monthly,True,STEP no-KI,last_strike,0.005,terms,4,-7.22160354835285,-7.288255232556272,-8.637660847884362,-5.672242880414495,0.4501312971575249,0,4
detailed,stress,published_monthly,True,STEP no-KI,last_strike,0.01,terms,4,-14.80664582071312,-14.771200984919963,-17.317688689896737,-12.366492623115818,0.6420394891957508,0,4
detailed,stress,published_monthly,True,STEP no-KI,last_strike,0.025,terms,4,-36.136745051645526,-35.348886768633776,-45.347855354717446,-28.501351314597105,0.9893399763541307,0,4
detailed,stress,published_monthly,True,STEP no-KI,last_strike,0.05,terms,4,-69.21648492989812,-66.29978150692551,-93.29062774754456,-50.97574895819682,1.3379308953317084,0,4
detailed,stress,published_monthly,True,STEP no-KI,monthly_barrier,-0.05,terms,4,30.441755950041227,29.395882091647813,20.190388770527544,42.78487084634173,0.28273138208441206,4,0
detailed,stress,published_monthly,True,STEP no-KI,monthly_barrier,-0.025,terms,4,16.72060795335,16.079356736548707,11.51949383386532,23.204224506437267,0.16356263859859205,4,0
detailed,stress,published_monthly,True,STEP no-KI,monthly_barrier,-0.01,terms,4,7.084636808575585,6.819196380447472,4.927344881016702,9.772809592390692,0.08080141616740602,4,0
detailed,stress,published_monthly,True,STEP no-KI,monthly_barrier,-0.005,terms,4,3.5976514152602235,3.4567804950457646,2.480374473249808,4.996670197699556,0.0497558004757722,4,0
detailed,stress,published_monthly,True,STEP no-KI,monthly_barrier,0.005,terms,4,-3.715163847023102,-3.5935192986159494,-5.010666881477978,-2.662949909382531,0.050360043336048696,0,4
detailed,stress,published_monthly,True,STEP no-KI,monthly_barrier,0.01,terms,4,-7.569926805774255,-7.303677820476652,-10.215924940622408,-5.456426641521312,0.08343916390836495,0,4
detailed,stress,published_monthly,True,STEP no-KI,monthly_barrier,0.025,terms,4,-19.918211481656307,-19.029956956022495,-26.86881672034721,-14.744115294233032,0.17944731933545527,0,4
detailed,stress,published_monthly,True,STEP no-KI,monthly_barrier,0.05,terms,4,-43.19542423662193,-41.19388124978996,-57.43559841085711,-32.95833603605068,0.34177953544677864,0,4
detailed,stress,published_monthly,True,STEP no-KI,nobs_early,1.0,schedule,4,-15.808267878703028,-27.86534639068953,-91.56764564469822,84.06526691126518,1.8466514364679296,2,2
detailed,stress,published_monthly,True,STEP no-KI,nobs_late,1.0,schedule,4,3.90016241782058,2.8690232654250267,-4.201005496862555,14.063608637294822,0.4659098405621239,2,2
detailed,stress,published_monthly,True,STEP no-KI,nobs_middle,1.0,schedule,4,0.28414685242607696,-0.10376992232296556,-5.377140103077485,6.721267357427724,0.4218328617137601,2,2
detailed,stress,published_monthly,True,STEP no-KI,tenor_months,-12.0,schedule,4,21.003805945585075,25.39728423422504,-76.4103409675687,109.63099628145892,3.0756567339603276,2,2
detailed,stress,published_monthly,True,STEP no-KI,tenor_months,-6.0,schedule,4,-3.191277072065267,-4.951615931092373,-48.75498385961608,45.89310743353976,2.618052815497832,2,2
detailed,stress,published_monthly,True,STEP no-KI,tenor_months,-3.0,schedule,4,-16.698376145416404,-10.782306101137895,-56.89609225701611,11.66719987762628,2.2552930971647727,2,2
detailed,stress,published_monthly,True,STEP no-KI,tenor_months,-1.0,schedule,4,-34.4713834840591,-32.04196596158586,-48.67970718094273,-25.12189483212199,1.744960776693664,0,4
detailed,stress,published_monthly,True,STEP no-KI,tenor_months,1.0,schedule,4,-19.22275642360672,-20.205560657968782,-27.402839711812817,-9.0770646666765,1.8107057808667846,0,4
detailed,stress,published_monthly,True,STEP no-KI,tenor_months,3.0,schedule,4,-22.096238098822774,-19.931668177009307,-45.341562340257546,-3.180053701014933,2.3024448430182023,0,4
detailed,stress,published_monthly,True,STEP no-KI,tenor_months,6.0,schedule,4,-16.765162703844762,-15.569471050539963,-57.12194495858627,21.200236244287144,2.726097872395301,2,2
detailed,stress,published_monthly,True,STEP no-KI,tenor_months,12.0,schedule,4,-17.20845165593819,-15.565637528507924,-102.27480046216344,64.57226889542653,3.2690108796222557,2,2
detailed,test,synthetic_monthly,True,LIZARD no-KI,base,0.0,terms,43,0.0,0.0,0.0,0.0,0.0,0,0
detailed,test,synthetic_monthly,True,LIZARD no-KI,coupon_regular,-0.01,terms,43,-60.27481438298175,-60.27467005054511,-60.48247926267099,-59.97169375908632,0.10485962514804266,0,43
detailed,test,synthetic_monthly,True,LIZARD no-KI,coupon_regular,-0.005,terms,43,-30.137407191490954,-30.13733502527255,-30.24123963133649,-29.985846879544138,0.05242981257402131,0,43
detailed,test,synthetic_monthly,True,LIZARD no-KI,coupon_regular,-0.0025,terms,43,-15.06870359574554,-15.06866751263733,-15.120619815667348,-14.992923439771904,0.026214906287010648,0,43
detailed,test,synthetic_monthly,True,LIZARD no-KI,coupon_regular,-0.001,terms,43,-6.027481438298106,-6.02746700505454,-6.04824792626734,-5.997169375908298,0.010485962514804307,0,43
detailed,test,synthetic_monthly,True,LIZARD no-KI,coupon_regular,0.001,terms,43,6.027481438298197,6.027467005054527,5.997169375908479,6.048247926267329,0.010485962514804235,43,0
detailed,test,synthetic_monthly,True,LIZARD no-KI,coupon_regular,0.0025,terms,43,15.068703595745301,15.068667512635372,14.992923439772246,15.120619815669288,0.026214906287010814,43,0
detailed,test,synthetic_monthly,True,LIZARD no-KI,coupon_regular,0.005,terms,43,30.13740719149092,30.137335025272552,29.98584687954432,30.24123963133646,0.05242981257402136,43,0
detailed,test,synthetic_monthly,True,LIZARD no-KI,coupon_regular,0.01,terms,43,60.274814382981724,60.27467005054511,59.97169375908845,60.482479262672925,0.10485962514804263,43,0
detailed,test,synthetic_monthly,True,LIZARD no-KI,first_strike,-0.05,terms,43,-2.615872671750545,-2.6592243825252555,-3.977429642868377,-1.1207108325169937,0.23697393305590614,0,43
detailed,test,synthetic_monthly,True,LIZARD no-KI,first_strike,-0.025,terms,43,-1.018821917612682,-1.0124038457013498,-1.680346634054927,-0.4700793213836179,0.12750374301259848,0,43
detailed,test,synthetic_monthly,True,LIZARD no-KI,first_strike,-0.01,terms,43,-0.3374190202194129,-0.3267737426925596,-0.5968755994315406,-0.1100947071248137,0.07019588762949479,0,43
detailed,test,synthetic_monthly,True,LIZARD no-KI,first_strike,-0.005,terms,43,-0.15191285855837322,-0.1509125483000135,-0.317167389154596,-0.0300475673067108,0.047597828674511095,0,43
detailed,test,synthetic_monthly,True,LIZARD no-KI,first_strike,0.005,terms,43,0.13887979869362557,0.1341997552069672,-0.0541106236261813,0.2876379458444987,0.043021241231601164,40,3
detailed,test,synthetic_monthly,True,LIZARD no-KI,first_strike,0.01,terms,43,0.27776729556501156,0.2700426353422559,0.0311349353447726,0.4795512685265258,0.05803719761996771,43,0
detailed,test,synthetic_monthly,True,LIZARD no-KI,first_strike,0.025,terms,43,0.6032884833200517,0.6307299950755176,0.2287031255483141,0.951504566751414,0.08021808193708543,43,0
detailed,test,synthetic_monthly,True,LIZARD no-KI,first_strike,0.05,terms,43,0.9620480650577165,1.0046606409538246,0.4877161159356062,1.4481202534263908,0.08991244691609804,43,0
detailed,test,synthetic_monthly,True,LIZARD no-KI,last_strike,-0.05,terms,43,13.343006774150263,13.512486309794104,11.74862422749247,15.425848897259822,0.7299856288720065,43,0
detailed,test,synthetic_monthly,True,LIZARD no-KI,last_strike,-0.025,terms,43,7.017476311173199,6.939591526411089,5.835296982442126,8.228793489011949,0.5234775416119863,43,0
detailed,test,synthetic_monthly,True,LIZARD no-KI,last_strike,-0.01,terms,43,2.9270918471931124,3.012989341667528,2.1631189640741275,3.437951786473536,0.3355923607110407,43,0
detailed,test,synthetic_monthly,True,LIZARD no-KI,last_strike,-0.005,terms,43,1.4783644128853826,1.5369611347414869,0.8460417815239558,1.958486661872658,0.2375694390424112,43,0
detailed,test,synthetic_monthly,True,LIZARD no-KI,last_strike,0.005,terms,43,-1.4733901753790735,-1.4466678474612331,-2.0544812939619077,-1.065601275852213,0.23609316674937453,0,43
detailed,test,synthetic_monthly,True,LIZARD no-KI,last_strike,0.01,terms,43,-3.016794698603236,-2.95302779942552,-3.6710673822188697,-2.3454914428894407,0.33737814417344564,0,43
detailed,test,synthetic_monthly,True,LIZARD no-KI,last_strike,0.025,terms,43,-7.660929190727955,-7.604173094780657,-8.507669951337032,-6.707363308373901,0.5336634775023931,0,43
detailed,test,synthetic_monthly,True,LIZARD no-KI,last_strike,0.05,terms,43,-15.524924245218992,-15.416339692128448,-17.33187162950721,-14.524048476234892,0.7493171851424564,0,43
detailed,test,synthetic_monthly,True,LIZARD no-KI,monthly_barrier,-0.05,terms,43,7.204953054514841,7.25033292782863,5.717124894255868,8.876411803905386,0.15785441005049172,43,0
detailed,test,synthetic_monthly,True,LIZARD no-KI,monthly_barrier,-0.025,terms,43,3.9507044940360374,4.033661982318342,3.100995807521853,4.942741510968999,0.09004372876162695,43,0
detailed,test,synthetic_monthly,True,LIZARD no-KI,monthly_barrier,-0.01,terms,43,1.6661617388172003,1.687292143874311,1.3157132192722856,2.075360339253837,0.04326915578045354,43,0
detailed,test,synthetic_monthly,True,LIZARD no-KI,monthly_barrier,-0.005,terms,43,0.8484153890733293,0.8487620127789892,0.6719130565690147,1.057234564898662,0.026201037897051412,43,0
detailed,test,synthetic_monthly,True,LIZARD no-KI,monthly_barrier,0.005,terms,43,-0.888174249739461,-0.9052891550293162,-1.0867112915046242,-0.7051862277662458,0.02688140310254259,0,43
detailed,test,synthetic_monthly,True,LIZARD no-KI,monthly_barrier,0.01,terms,43,-1.8060440392216357,-1.855230775888828,-2.2117641275508766,-1.4279921636296686,0.04534151834488058,0,43
detailed,test,synthetic_monthly,True,LIZARD no-KI,monthly_barrier,0.025,terms,43,-4.7541491274701055,-4.856240586159901,-5.817615783019242,-3.737520385487548,0.09985324555280813,0,43
detailed,test,synthetic_monthly,True,LIZARD no-KI,monthly_barrier,0.05,terms,43,-10.325431880284723,-10.468673673693866,-12.70017810956898,-8.122063831120807,0.19327841639178953,0,43
detailed,test,synthetic_monthly,True,LIZARD no-KI,nobs_early,1.0,schedule,43,-145.8421982272678,-146.1580692097122,-191.2776708890488,-103.85148758801331,0.6897047192528828,0,43
detailed,test,synthetic_monthly,True,LIZARD no-KI,nobs_late,1.0,schedule,43,-0.9394462046126627,-0.945685211506983,-1.373637250011294,-0.3831661681440847,0.0718178511934016,0,43
detailed,test,synthetic_monthly,True,LIZARD no-KI,nobs_middle,1.0,schedule,43,-0.5745936110374086,-0.5961106560028449,-0.9294052487702928,-0.3501833166089982,0.06852279152861568,0,43
detailed,test,synthetic_monthly,True,LIZARD no-KI,tenor_months,-12.0,schedule,43,-81.42169505985977,-81.75963778106615,-118.63127695542144,-45.64757818916624,1.2088947465014914,0,43
detailed,test,synthetic_monthly,True,LIZARD no-KI,tenor_months,-6.0,schedule,43,-40.51489109096717,-40.42950182488489,-62.43712894946392,-20.831807667116276,1.0282563977565449,0,43
detailed,test,synthetic_monthly,True,LIZARD no-KI,tenor_months,-3.0,schedule,43,-51.25420081140341,-51.600060292731314,-70.03178567971605,-36.31051900062527,0.8525259907613726,0,43
detailed,test,synthetic_monthly,True,LIZARD no-KI,tenor_months,-1.0,schedule,43,-55.020973288396476,-55.26093252540548,-68.56093495978001,-42.24579109175376,0.5794615450780555,0,43
detailed,test,synthetic_monthly,True,LIZARD no-KI,tenor_months,1.0,schedule,43,-4.258852853815712,-4.268789580678489,-6.1926162116014,-2.0616710625631955,0.6279049863026818,0,43
detailed,test,synthetic_monthly,True,LIZARD no-KI,tenor_months,3.0,schedule,43,-6.694566861148687,-6.910374165859703,-12.328282603399872,-0.347180581665204,0.9273758671384876,0,43
detailed,test,synthetic_monthly,True,LIZARD no-KI,tenor_months,6.0,schedule,43,34.22278586995385,35.018113634480414,15.53164530540811,56.609755022963526,1.2194724837070938,43,0
detailed,test,synthetic_monthly,True,LIZARD no-KI,tenor_months,12.0,schedule,43,30.21013388724611,29.891855626350672,0.4708947324700918,65.99523593034814,1.6565306128175885,43,0
detailed,test,synthetic_monthly,True,STEP KI,base,0.0,terms,43,0.0,0.0,0.0,0.0,0.0,0,0
detailed,test,synthetic_monthly,True,STEP KI,coupon_regular,-0.01,terms,43,-120.92707337999789,-119.03539526465758,-165.28620813944826,-50.59703076922991,0.22886454794418568,0,43
detailed,test,synthetic_monthly,True,STEP KI,coupon_regular,-0.005,terms,43,-60.46353668999897,-59.51769763232865,-82.64310406972447,-25.29851538461528,0.11443227397209266,0,43
detailed,test,synthetic_monthly,True,STEP KI,coupon_regular,-0.0025,terms,43,-30.2317683449996,-29.75884881616406,-41.32155203486224,-12.649257692307351,0.05721613698604608,0,43
detailed,test,synthetic_monthly,True,STEP KI,coupon_regular,-0.001,terms,43,-12.092707337999794,-11.903539526465602,-16.52862081394512,-5.0597030769232685,0.02288645479441845,0,43
detailed,test,synthetic_monthly,True,STEP KI,coupon_regular,0.001,terms,43,12.092707337999862,11.903539526466885,5.0597030769226725,16.528620813945345,0.022886454794418434,43,0
detailed,test,synthetic_monthly,True,STEP KI,coupon_regular,0.0025,terms,43,30.23176834499951,29.758848816165187,12.64925769230736,41.32155203486248,0.05721613698604645,43,0
detailed,test,synthetic_monthly,True,STEP KI,coupon_regular,0.005,terms,43,60.46353668999889,59.51769763232928,25.298515384615257,82.64310406972336,0.11443227397209302,43,0
detailed,test,synthetic_monthly,True,STEP KI,coupon_regular,0.01,terms,43,120.92707337999776,119.03539526465885,50.5970307692298,165.28620813944784,0.22886454794418576,43,0
detailed,test,synthetic_monthly,True,STEP KI,first_strike,-0.05,terms,43,2.2822722848097285,-9.39242939460884,-129.20603035668412,172.69121927969582,1.83583382142368,21,22
detailed,test,synthetic_monthly,True,STEP KI,first_strike,-0.025,terms,43,-1.6955406062170248,-7.734413790649619,-67.20022087219579,73.77824576038887,1.2464848926351124,19,24
detailed,test,synthetic_monthly,True,STEP KI,first_strike,-0.01,terms,43,-1.3166442331408041,-3.743561027088279,-27.33417776983733,25.349257456585278,0.7650844675889302,18,25
detailed,test,synthetic_monthly,True,STEP KI,first_strike,-0.005,terms,43,-0.6708649766383524,-2.024457579886046,-14.022613667602467,12.545295126587684,0.5385001304530529,18,25
detailed,test,synthetic_monthly,True,STEP KI,first_strike,0.005,terms,43,0.8414959180096488,2.193451006811776,-12.791793618093608,13.27064306785876,0.5200685368126561,26,17
detailed,test,synthetic_monthly,True,STEP KI,first_strike,0.01,terms,43,1.8260663700723534,3.7292019614322585,-24.13473418267153,27.653233988802207,0.7261251376093639,26,17
detailed,test,synthetic_monthly,True,STEP KI,first_strike,0.025,terms,43,5.250640449434184,9.884422238727966,-58.52194543750623,67.78648512373957,1.1051947111214795,26,17
detailed,test,synthetic_monthly,True,STEP KI,first_strike,0.05,terms,43,11.680920132097322,21.75309025271784,-107.06440665747198,129.18191589954975,1.4558585440371026,26,17
detailed,test,synthetic_monthly,True,STEP KI,ki_barrier,-0.05,terms,43,120.74094932257984,132.23982694641413,17.8158336097646,213.66100039081712,1.873114058996909,43,0
detailed,test,synthetic_monthly,True,STEP KI,ki_barrier,-0.025,terms,43,58.4445546653614,64.29407235427098,7.055401720865009,101.26280658772414,1.3005670378406584,43,0
detailed,test,synthetic_monthly,True,STEP KI,ki_barrier,-0.01,terms,43,23.03933595349144,24.935016923222022,2.2814620215267496,40.92806054647925,0.8152661755211456,43,0
detailed,test,synthetic_monthly,True,STEP KI,ki_barrier,-0.005,terms,43,11.400184978204868,11.899808206361833,1.1796248122295248,20.17862962058272,0.5735579046956462,43,0
detailed,test,synthetic_monthly,True,STEP KI,ki_barrier,0.005,terms,43,-11.177353630242331,-11.311931550584276,-19.78600066805537,-0.9203065283280584,0.5668105871472106,0,43
detailed,test,synthetic_monthly,True,STEP KI,ki_barrier,0.01,terms,43,-22.155180486938974,-23.16173502066359,-40.74566752350793,-2.405171840983221,0.7934532052569133,0,43
detailed,test,synthetic_monthly,True,STEP KI,ki_barrier,0.025,terms,43,-53.861707946593995,-52.74912190526376,-99.24043048067124,-5.875631336671676,1.2222481425585099,0,43
detailed,test,synthetic_monthly,True,STEP KI,ki_barrier,0.05,terms,43,-102.02644644301701,-92.87435106443937,-188.3222330381585,-10.369437080552965,1.646766797614125,0,43
detailed,test,synthetic_monthly,True,STEP KI,last_strike,-0.05,terms,43,12.616057957311076,5.829106481193596,0.0,44.35812262283118,0.43086719565689235,42,0
detailed,test,synthetic_monthly,True,STEP KI,last_strike,-0.025,terms,43,5.358337528492213,2.060246429245413,0.0,20.061544719211497,0.2719448093023364,42,0
detailed,test,synthetic_monthly,True,STEP KI,last_strike,-0.01,terms,43,1.9816986548716784,0.8545052765145794,0.0,7.835295661749159,0.16020982343684617,38,0
detailed,test,synthetic_monthly,True,STEP KI,last_strike,-0.005,terms,43,0.9670227078775725,0.3795054051470797,0.0,3.9576190239880256,0.11082510184476006,37,0
detailed,test,synthetic_monthly,True,STEP KI,last_strike,0.005,terms,43,-0.8630438828382327,-0.3550261701420649,-3.519645645089515,0.0,0.10280177288661438,0,36
detailed,test,synthetic_monthly,True,STEP KI,last_strike,0.01,terms,43,-1.6834369481806954,-0.6903920243718001,-6.613352410060605,0.0,0.14460818672469952,0,40
detailed,test,synthetic_monthly,True,STEP KI,last_strike,0.025,terms,43,-3.924036370048754,-1.4409882534199343,-14.49085183340588,0.0,0.21746382749785798,0,41
detailed,test,synthetic_monthly,True,STEP KI,last_strike,0.05,terms,43,-6.717647064140391,-2.4622290416014194,-25.06386292360269,0.0,0.27872556381863695,0,42
detailed,test,synthetic_monthly,True,STEP KI,monthly_barrier,-0.05,terms,38,43.04199446959898,44.38139992994586,0.1152824535910253,154.0414073831677,0.2863767695765224,38,0
detailed,test,synthetic_monthly,True,STEP KI,monthly_barrier,-0.025,terms,38,22.691580640195514,23.00092510781369,0.081329276151975,76.95344425863111,0.16479635114491228,38,0
detailed,test,synthetic_monthly,True,STEP KI,monthly_barrier,-0.01,terms,38,9.369064705674685,9.331252106779026,0.038757310338157,30.97073858760169,0.08269574145978878,38,0
detailed,test,synthetic_monthly,True,STEP KI,monthly_barrier,-0.005,terms,38,4.7272910400589465,4.711906967422241,0.0225567249442868,15.554647277011114,0.05194152506965391,38,0
detailed,test,synthetic_monthly,True,STEP KI,monthly_barrier,0.005,terms,43,-4.283306789617152,-4.101844058490761,-15.560998822401087,0.0,0.04648547508603001,0,38
detailed,test,synthetic_monthly,True,STEP KI,monthly_barrier,0.01,terms,43,-8.647902238974012,-8.288481772665387,-30.904952110567656,0.0,0.07492957695492385,0,38
detailed,test,synthetic_monthly,True,STEP KI,monthly_barrier,0.025,terms,43,-22.284181447780202,-22.01124334360644,-77.3139911909251,0.0,0.15466447251761806,0,38
detailed,test,synthetic_monthly,True,STEP KI,monthly_barrier,0.05,terms,43,-46.823452725383454,-47.9004804527356,-153.76135200721504,0.0,0.2853371435570502,0,38
detailed,test,synthetic_monthly,True,STEP KI,nobs_early,1.0,schedule,43,-7.682230670293108,-32.41717976746008,-271.6025833516771,292.61842993837445,2.206657632710481,17,26
detailed,test,synthetic_monthly,True,STEP KI,nobs_late,1.0,schedule,43,0.89657084433601,-0.8454651233428114,-4.9833948292263495,12.518168954446342,0.23529883280906158,17,26
detailed,test,synthetic_monthly,True,STEP KI,nobs_middle,1.0,schedule,43,-0.9512450998611958,-3.517993772185524,-11.44243091248837,18.967133638423636,0.43345140677693955,13,30
detailed,test,synthetic_monthly,True,STEP KI,tenor_months,-12.0,schedule,43,87.36043113358951,93.62112406907129,-207.9189737070498,542.7312934189636,3.4571480291099133,31,12
detailed,test,synthetic_monthly,True,STEP KI,tenor_months,-6.0,schedule,43,34.7464889175186,38.800879761235215,-155.09780220152754,235.47983368189955,2.759935629927577,29,14
detailed,test,synthetic_monthly,True,STEP KI,tenor_months,-3.0,schedule,43,11.098232476531573,19.388814543778945,-79.30915418689212,102.1539371502481,2.2535875166557875,28,15
detailed,test,synthetic_monthly,True,STEP KI,tenor_months,-1.0,schedule,43,-11.571079499585618,-11.571505408898256,-67.80526025135673,27.26966437362148,1.6273982817054715,14,29
detailed,test,synthetic_monthly,True,STEP KI,tenor_months,1.0,schedule,43,-10.768638208639386,-10.872852458291884,-49.93042061128951,42.77841461049997,1.6928620211877141,10,33
detailed,test,synthetic_monthly,True,STEP KI,tenor_months,3.0,schedule,43,-29.648266524706255,-26.676200991576348,-128.38336689082607,46.43129349457519,2.3135846888035307,12,31
detailed,test,synthetic_monthly,True,STEP KI,tenor_months,6.0,schedule,43,-47.21985919163742,-30.79730445480008,-243.99023589876535,57.64953282479026,2.8483764680065353,14,29
detailed,test,synthetic_monthly,True,STEP KI,tenor_months,12.0,schedule,43,-72.96105439416543,-53.38786773151248,-419.56301780837873,138.43900705089158,3.556220114391255,14,29
detailed,test,synthetic_monthly,True,STEP no-KI,base,0.0,terms,42,0.0,0.0,0.0,0.0,0.0,0,0
detailed,test,synthetic_monthly,True,STEP no-KI,coupon_regular,-0.01,terms,42,-100.04629609347181,-102.33537656161613,-126.1481839691007,-64.95462507737987,0.1825331653288892,0,42
detailed,test,synthetic_monthly,True,STEP no-KI,coupon_regular,-0.005,terms,42,-50.02314804673591,-51.16768828080842,-63.07409198455015,-32.47731253869002,0.09126658266444464,0,42
detailed,test,synthetic_monthly,True,STEP no-KI,coupon_regular,-0.0025,terms,42,-25.01157402336792,-25.583844140404036,-31.53704599227487,-16.238656269344084,0.04563329133222249,0,42
detailed,test,synthetic_monthly,True,STEP no-KI,coupon_regular,-0.001,terms,42,-10.004629609347184,-10.23353765616155,-12.61481839691044,-6.495462507737189,0.01825331653288898,0,42
detailed,test,synthetic_monthly,True,STEP no-KI,coupon_regular,0.001,terms,42,10.004629609347262,10.233537656161605,6.495462507739076,12.614818396910298,0.018253316532888655,42,0
detailed,test,synthetic_monthly,True,STEP no-KI,coupon_regular,0.0025,terms,42,25.011574023367974,25.5838441404036,16.238656269345967,31.537045992275,0.0456332913322222,42,0
detailed,test,synthetic_monthly,True,STEP no-KI,coupon_regular,0.005,terms,42,50.0231480467361,51.167688280807894,32.47731253869185,63.07409198455001,0.09126658266444436,42,0
detailed,test,synthetic_monthly,True,STEP no-KI,coupon_regular,0.01,terms,42,100.04629609347197,102.33537656161562,64.95462507738172,126.14818396910054,0.18253316532888877,42,0
detailed,test,synthetic_monthly,True,STEP no-KI,first_strike,-0.05,terms,42,25.418048125424754,34.83405431952751,-74.69126243789495,209.4785427458624,1.7675335413568818,26,16
detailed,test,synthetic_monthly,True,STEP no-KI,first_strike,-0.025,terms,42,9.490245961754932,15.921950078600624,-38.28195608859341,100.85768812187698,1.2043126387286829,26,16
detailed,test,synthetic_monthly,True,STEP no-KI,first_strike,-0.01,terms,42,3.200701914844287,5.848923944697312,-14.910694149257424,39.78733987308459,0.7424006600145527,25,17
detailed,test,synthetic_monthly,True,STEP no-KI,first_strike,-0.005,terms,42,1.5053258609933242,2.1540460414904237,-7.153623424322318,20.542213871466775,0.5206560585906423,26,16
detailed,test,synthetic_monthly,True,STEP no-KI,first_strike,0.005,terms,42,-1.1406989925505082,-1.8151939476984649,-18.21278011340224,7.422777747895168,0.5051629920917887,17,25
detailed,test,synthetic_monthly,True,STEP no-KI,first_strike,0.01,terms,42,-2.1845219679045464,-4.326939045444279,-35.349288395230246,14.965135770526032,0.7096712939006006,18,24
detailed,test,synthetic_monthly,True,STEP no-KI,first_strike,0.025,terms,42,-4.161356516229941,-8.732017340042509,-80.20369418592162,37.1262649190005,1.0817275948979141,18,24
detailed,test,synthetic_monthly,True,STEP no-KI,first_strike,0.05,terms,42,-4.291161157115572,-10.825836564915537,-140.1143665470078,68.8815495410531,1.428331080429907,20,22
detailed,test,synthetic_monthly,True,STEP no-KI,last_strike,-0.05,terms,42,70.77558276757425,58.80138962590247,23.708837650329823,137.57496722860824,1.3820872904994161,42,0
detailed,test,synthetic_monthly,True,STEP no-KI,last_strike,-0.025,terms,42,33.97682964885018,30.683418820010587,11.328097939475596,65.08578353429455,0.9487202177523832,42,0
detailed,test,synthetic_monthly,True,STEP no-KI,last_strike,-0.01,terms,42,13.17656709494361,12.336950412283407,4.008254045807428,25.59291691514341,0.5864780578136597,42,0
detailed,test,synthetic_monthly,True,STEP no-KI,last_strike,-0.005,terms,42,6.570028403953464,6.129145887143074,2.153834033099113,12.648435818545696,0.41386383966872337,42,0
detailed,test,synthetic_monthly,True,STEP no-KI,last_strike,0.005,terms,42,-6.410060995214765,-6.021186095392053,-12.63934205979803,-1.7702898990546652,0.4052342663800326,0,42
detailed,test,synthetic_monthly,True,STEP no-KI,last_strike,0.01,terms,42,-12.757492474774075,-11.601622507333055,-24.43366726065049,-3.6664025068135655,0.5697805061661618,0,42
detailed,test,synthetic_monthly,True,STEP no-KI,last_strike,0.025,terms,42,-30.443125946103276,-28.599729912372418,-57.35637723666365,-9.423815167483816,0.8698482973798237,0,42
detailed,test,synthetic_monthly,True,STEP no-KI,last_strike,0.05,terms,42,-56.18580838246835,-53.732133399903404,-103.88325345813897,-16.574049537524363,1.1584277666911469,0,42
detailed,test,synthetic_monthly,True,STEP no-KI,monthly_barrier,-0.05,terms,42,38.98058342780033,30.184584225344707,0.8596653277655679,105.45691452010544,0.2978638970070182,42,0
detailed,test,synthetic_monthly,True,STEP no-KI,monthly_barrier,-0.025,terms,42,20.773193056160487,15.73249786094555,0.5214602949152612,55.458467485392525,0.17046354731747723,42,0
detailed,test,synthetic_monthly,True,STEP no-KI,monthly_barrier,-0.01,terms,42,8.629896731238025,6.465137425628634,0.2327403273087645,22.807544736193297,0.08406688566870608,42,0
detailed,test,synthetic_monthly,True,STEP no-KI,monthly_barrier,-0.005,terms,42,4.361896138441485,3.239188795604597,0.1256931030983752,11.572984341944412,0.05197653599344208,42,0
detailed,test,synthetic_monthly,True,STEP no-KI,monthly_barrier,0.005,terms,42,-4.472163770255188,-3.367190759690623,-11.757781108073113,-0.1288797970747407,0.052639144818412476,0,42
detailed,test,synthetic_monthly,True,STEP no-KI,monthly_barrier,0.01,terms,42,-9.072989223429852,-6.78871788602852,-23.729107168985525,-0.2704534274588502,0.08643378244464947,0,42
detailed,test,synthetic_monthly,True,STEP no-KI,monthly_barrier,0.025,terms,42,-23.516330584485807,-17.47683664074615,-61.1566999542092,-0.7603531711272755,0.18311928067811703,0,42
detailed,test,synthetic_monthly,True,STEP no-KI,monthly_barrier,0.05,terms,42,-49.77979924075127,-37.02536551916005,-127.20668213287684,-1.842189058071223,0.34351050773223535,0,42
detailed,test,synthetic_monthly,True,STEP no-KI,nobs_early,1.0,schedule,42,5.160535400054501,6.174368249891429,-139.2527870923954,360.74880099633344,2.1350151093705003,22,20
detailed,test,synthetic_monthly,True,STEP no-KI,nobs_late,1.0,schedule,42,7.912891238300791,6.36274301493618,-1.191308548991586,27.516321607193323,0.5375094996559544,40,2
detailed,test,synthetic_monthly,True,STEP no-KI,nobs_middle,1.0,schedule,42,2.687033813697386,1.3440384678953405,-6.324997827557441,29.635711057437906,0.5004740530897308,28,14
detailed,test,synthetic_monthly,True,STEP no-KI,tenor_months,-12.0,schedule,42,50.86681370083837,25.83214574609419,-123.41721781690188,532.8504501636663,3.18303530043898,25,17
detailed,test,synthetic_monthly,True,STEP no-KI,tenor_months,-6.0,schedule,42,16.53704014198607,14.660047236135412,-87.39287345852001,245.9792327240484,2.6835973594601703,25,17
detailed,test,synthetic_monthly,True,STEP no-KI,tenor_months,-3.0,schedule,42,-8.364798920156876,-13.03432423615429,-67.17786074613919,110.10821668435214,2.3086744225824396,15,27
detailed,test,synthetic_monthly,True,STEP no-KI,tenor_months,-1.0,schedule,42,-29.05015804296939,-33.70986650594324,-53.00854784056509,26.592867912794464,1.7771772891025084,3,39
detailed,test,synthetic_monthly,True,STEP no-KI,tenor_months,1.0,schedule,42,-17.799860204341986,-17.02654191761518,-44.98051021997433,28.603209283439277,1.8417100701600457,1,41
detailed,test,synthetic_monthly,True,STEP no-KI,tenor_months,3.0,schedule,42,-33.36194503374263,-34.68375738367996,-125.45835996464082,13.694671856431247,2.3661751006887397,4,38
detailed,test,synthetic_monthly,True,STEP no-KI,tenor_months,6.0,schedule,42,-37.645233605899,-34.18509831457655,-233.1962995378738,59.55451916659495,2.786786957977987,12,30
detailed,test,synthetic_monthly,True,STEP no-KI,tenor_months,12.0,schedule,42,-58.88004340209926,-46.07645601627989,-451.115446726118,119.96013703597993,3.3383207038432854,12,30
detailed,test,synthetic_regular,False,LIZARD KI,base,0.0,terms,32,0.0,0.0,0.0,0.0,0.0,0,0
detailed,test,synthetic_regular,False,LIZARD KI,coupon_regular,-0.01,terms,32,-45.73963826928676,-39.13163746614393,-132.094954908531,-11.505482629388029,0.13395733621687375,0,32
detailed,test,synthetic_regular,False,LIZARD KI,coupon_regular,-0.005,terms,32,-22.86981913464321,-19.565818733072092,-66.04747745426597,-5.752741314694013,0.06697866810843675,0,32
detailed,test,synthetic_regular,False,LIZARD KI,coupon_regular,-0.0025,terms,32,-11.434909567321903,-9.782909366535952,-33.02373872713315,-2.8763706573465377,0.03348933405421837,0,32
detailed,test,synthetic_regular,False,LIZARD KI,coupon_regular,-0.001,terms,32,-4.573963826928798,-3.9131637466145075,-13.209495490853826,-1.1505482629389914,0.01339573362168726,0,32
detailed,test,synthetic_regular,False,LIZARD KI,coupon_regular,0.001,terms,32,4.57396382692889,3.913163746614946,1.1505482629389887,13.209495490852886,0.01339573362168702,32,0
detailed,test,synthetic_regular,False,LIZARD KI,coupon_regular,0.0025,terms,32,11.434909567321844,9.782909366535927,2.876370657346535,33.0237387271324,0.033489334054218216,32,0
detailed,test,synthetic_regular,False,LIZARD KI,coupon_regular,0.005,terms,32,22.869819134643343,19.56581873307181,5.752741314693076,66.04747745426485,0.06697866810843686,32,0
detailed,test,synthetic_regular,False,LIZARD KI,coupon_regular,0.01,terms,32,45.73963826928689,39.13163746614421,11.50548262938802,132.09495490853087,0.1339573362168736,32,0
detailed,test,synthetic_regular,False,LIZARD KI,first_strike,-0.05,terms,32,-2.18687964890575,2.2563999905280805,-292.85828879760675,78.66137713937695,0.765984256689854,17,15
detailed,test,synthetic_regular,False,LIZARD KI,first_strike,-0.025,terms,32,-1.7791883316354067,1.361708746999724,-136.14763964702792,31.03092032745286,0.4998350733503313,17,15
detailed,test,synthetic_regular,False,LIZARD KI,first_strike,-0.01,terms,32,-0.7447894457203872,0.6056745993508226,-51.39021548720739,12.149311459595756,0.30281647704209746,17,15
detailed,test,synthetic_regular,False,LIZARD KI,first_strike,-0.005,terms,32,-0.39262682632855245,0.3129324663587592,-24.973753739307444,6.032111910240334,0.2087391445125854,17,15
detailed,test,synthetic_regular,False,LIZARD KI,first_strike,0.005,terms,32,0.36367370806294574,-0.3249575239589912,-5.620806806409041,23.03997650804017,0.20099808950603446,15,17
detailed,test,synthetic_regular,False,LIZARD KI,first_strike,0.01,terms,32,0.6702817774297584,-0.6800325863073298,-11.93534572917712,43.58950578601951,0.28332062234949795,15,17
detailed,test,synthetic_regular,False,LIZARD KI,first_strike,0.025,terms,32,1.6098198826185945,-1.8238918565233009,-33.71695751895016,95.9508837482945,0.4218222210999491,15,17
detailed,test,synthetic_regular,False,LIZARD KI,first_strike,0.05,terms,32,2.7894987286409023,-2.8672275273322265,-78.98560588454555,155.84836564107317,0.5428998983681719,15,17
detailed,test,synthetic_regular,False,LIZARD KI,ki_barrier,-0.05,terms,32,33.25521388986169,6.566994062519418,0.0,280.0831142096804,0.9448373914773979,30,0
detailed,test,synthetic_regular,False,LIZARD KI,ki_barrier,-0.025,terms,32,16.70856662984091,3.4972779131239538,0.0,141.8630883702062,0.6712352234222074,29,0
detailed,test,synthetic_regular,False,LIZARD KI,ki_barrier,-0.01,terms,32,6.690632953388707,1.730820651021994,0.0,56.17330750932255,0.42681186452387926,29,0
detailed,test,synthetic_regular,False,LIZARD KI,ki_barrier,-0.005,terms,32,3.247330636208794,0.802547123382565,0.0,28.363661616252784,0.29376324279193244,27,0
detailed,test,synthetic_regular,False,LIZARD KI,ki_barrier,0.005,terms,32,-3.233836333030336,-0.802223731523253,-26.60974515868681,0.0,0.2961639809881394,0,28
detailed,test,synthetic_regular,False,LIZARD KI,ki_barrier,0.01,terms,32,-6.468911591804431,-1.4484291002130734,-54.18010811585118,0.0,0.4153919317222675,0,28
detailed,test,synthetic_regular,False,LIZARD KI,ki_barrier,0.025,terms,32,-15.463535494984919,-3.6228232664075053,-133.8439065719034,0.0,0.6441517815420226,0,30
detailed,test,synthetic_regular,False,LIZARD KI,ki_barrier,0.05,terms,32,-29.514110078031823,-8.75774739860993,-255.7873501013372,0.0,0.8926455847472572,0,31
detailed,test,synthetic_regular,False,LIZARD KI,last_strike,-0.05,terms,32,7.148055671384716,0.0931056074930231,0.0,62.42449822849328,0.34393699657263954,20,0
detailed,test,synthetic_regular,False,LIZARD KI,last_strike,-0.025,terms,32,3.0748690392106774,0.03978047892536035,0.0,27.62584374487061,0.21829115755254203,16,0
detailed,test,synthetic_regular,False,LIZARD KI,last_strike,-0.01,terms,32,1.1186016077817102,0.0,0.0,10.144814006669137,0.12899167456326852,15,0
detailed,test,synthetic_regular,False,LIZARD KI,last_strike,-0.005,terms,32,0.5369396653604057,0.0,0.0,4.823457621199074,0.08916030469272866,15,0
detailed,test,synthetic_regular,False,LIZARD KI,last_strike,0.005,terms,32,-0.5088542871869564,0.0,-4.081439527139948,0.0,0.08750333060392154,0,15
detailed,test,synthetic_regular,False,LIZARD KI,last_strike,0.01,terms,32,-1.0075187511006352,-0.0193525140371998,-8.443043130580257,0.0,0.1234155725270595,0,16
detailed,test,synthetic_regular,False,LIZARD KI,last_strike,0.025,terms,32,-2.281983711156048,-0.05728946171940105,-19.691041539516817,0.0,0.18382441057809357,0,17
detailed,test,synthetic_regular,False,LIZARD KI,last_strike,0.05,terms,32,-3.9736402837453606,-0.05728946171940105,-36.891672754645015,0.0,0.237439793887337,0,18
detailed,test,synthetic_regular,False,LIZARD KI,nobs_early,1.0,schedule,22,-53.491845165637784,-37.107091400059105,-225.44737058715987,59.92933610976006,0.8820034539454951,5,17
detailed,test,synthetic_regular,False,LIZARD KI,nobs_late,1.0,schedule,22,-0.6041267401911089,-0.11978859377159545,-11.802421887642552,3.880919108127631,0.06634240139725185,5,17
detailed,test,synthetic_regular,False,LIZARD KI,nobs_middle,1.0,schedule,22,-0.05704459595179552,-0.03745277527703125,-4.04953619170557,4.305489247173669,0.12315032299720098,8,14
detailed,test,synthetic_regular,False,LIZARD KI,tenor_months,-12.0,schedule,32,-18.739562456829947,-27.669926018559003,-463.2543276983872,195.56439342582885,1.4801295372165195,10,22
detailed,test,synthetic_regular,False,LIZARD KI,tenor_months,-6.0,schedule,32,-6.84623690990574,-10.745626383721119,-232.09006698780152,101.4978003082532,1.2300505874927887,11,21
detailed,test,synthetic_regular,False,LIZARD KI,tenor_months,-3.0,schedule,32,-3.0884511723206853,-5.334498803779358,-116.69220314806904,51.40242959347395,0.994244579016078,11,21
detailed,test,synthetic_regular,False,LIZARD KI,tenor_months,-1.0,schedule,32,-1.4088057367335132,-2.0808176073189633,-39.53126394272099,15.110312390984523,0.689450635750688,11,21
detailed,test,synthetic_regular,False,LIZARD KI,tenor_months,1.0,schedule,32,1.0034285460304502,1.9350326106579243,-19.086394083136877,37.161248899413074,0.7073163634395983,22,10
detailed,test,synthetic_regular,False,LIZARD KI,tenor_months,3.0,schedule,32,2.4456873258547125,5.52298752115036,-53.82967517507674,109.662043643345,1.0782624797680325,21,11
detailed,test,synthetic_regular,False,LIZARD KI,tenor_months,6.0,schedule,32,3.768883781923338,9.069790270803455,-99.9554850852138,219.2191700560872,1.446263165536238,21,11
detailed,test,synthetic_regular,False,LIZARD KI,tenor_months,12.0,schedule,32,5.698882869499104,17.393194641661047,-188.8967906998414,435.3812075613986,2.00619699572278,21,11
detailed,test,synthetic_regular,False,LIZARD no-KI,base,0.0,terms,32,0.0,0.0,0.0,0.0,0.0,0,0
detailed,test,synthetic_regular,False,LIZARD no-KI,coupon_regular,-0.01,terms,32,-42.353254605516724,-32.859378397050804,-137.11333431330254,-19.702676340368345,0.13003088824039966,0,32
detailed,test,synthetic_regular,False,LIZARD no-KI,coupon_regular,-0.005,terms,32,-21.176627302758504,-16.429689198526283,-68.5566671566512,-9.851338170184157,0.0650154441201995,0,32
detailed,test,synthetic_regular,False,LIZARD no-KI,coupon_regular,-0.0025,terms,32,-10.588313651379238,-8.214844599263118,-34.27833357832585,-4.925669085092714,0.03250772206009964,0,32
detailed,test,synthetic_regular,False,LIZARD no-KI,coupon_regular,-0.001,terms,32,-4.235325460551739,-3.2859378397054266,-13.711333431329816,-1.97026763403708,0.013003088824039798,0,32
detailed,test,synthetic_regular,False,LIZARD no-KI,coupon_regular,0.001,terms,32,4.23532546055172,3.285937839704479,1.9702676340371088,13.711333431330644,0.013003088824040096,32,0
detailed,test,synthetic_regular,False,LIZARD no-KI,coupon_regular,0.0025,terms,32,10.588313651379256,8.214844599262204,4.9256690850927285,34.278333578325594,0.03250772206010011,32,0
detailed,test,synthetic_regular,False,LIZARD no-KI,coupon_regular,0.005,terms,32,21.17662730275854,16.429689198526262,9.851338170182952,68.5566671566522,0.06501544412019969,32,0
detailed,test,synthetic_regular,False,LIZARD no-KI,coupon_regular,0.01,terms,32,42.35325460551674,32.85937839705167,19.70267634036714,137.1133343133033,0.13003088824039954,32,0
detailed,test,synthetic_regular,False,LIZARD no-KI,first_strike,-0.05,terms,32,40.586884556456646,19.089468112073867,-80.62206879790774,212.95800415128588,1.2930614757734855,28,4
detailed,test,synthetic_regular,False,LIZARD no-KI,first_strike,-0.025,terms,32,18.104630297125745,7.6891822019559,-45.90859062951585,96.55666086625592,0.8637741006290354,26,6
detailed,test,synthetic_regular,False,LIZARD no-KI,first_strike,-0.01,terms,32,6.778350156144368,3.367982780999281,-19.93144040853778,38.96674317847386,0.52235610438692,25,7
detailed,test,synthetic_regular,False,LIZARD no-KI,first_strike,-0.005,terms,32,3.4327594774544936,1.716339175711906,-10.135796927382913,18.90134709290568,0.3673556753155954,24,8
detailed,test,synthetic_regular,False,LIZARD no-KI,first_strike,0.005,terms,32,-3.135788103751823,-1.9348128877844557,-18.467791899763206,10.530848961434137,0.3533373429331723,8,24
detailed,test,synthetic_regular,False,LIZARD no-KI,first_strike,0.01,terms,32,-6.230500845180931,-3.886409082079399,-36.377322801899815,20.03271313181285,0.49657532571266505,8,24
detailed,test,synthetic_regular,False,LIZARD no-KI,first_strike,0.025,terms,32,-14.419139769192556,-8.462945158226173,-88.2461662327226,49.72479173199619,0.7553684405960339,8,24
detailed,test,synthetic_regular,False,LIZARD no-KI,first_strike,0.05,terms,32,-25.730022588011202,-14.539868208219591,-166.7058513379533,90.491759580856,0.9944129091046863,8,24
detailed,test,synthetic_regular,False,LIZARD no-KI,last_strike,-0.05,terms,32,36.84501032051357,19.813146937624033,0.0,157.90005505034594,1.013142748419832,29,0
detailed,test,synthetic_regular,False,LIZARD no-KI,last_strike,-0.025,terms,32,17.80834508076662,9.17256853736543,0.0,81.91092293857193,0.6950054524789593,29,0
detailed,test,synthetic_regular,False,LIZARD no-KI,last_strike,-0.01,terms,32,6.963117603801406,3.602616682703326,0.0,33.905115173878734,0.42921968300464675,29,0
detailed,test,synthetic_regular,False,LIZARD no-KI,last_strike,-0.005,terms,32,3.4201509521029045,1.602527842587587,0.0,17.063022273317326,0.2981877521871882,29,0
detailed,test,synthetic_regular,False,LIZARD no-KI,last_strike,0.005,terms,32,-3.4469088631416036,-1.868872034164497,-18.112103020402785,0.0,0.29721025156810216,0,29
detailed,test,synthetic_regular,False,LIZARD no-KI,last_strike,0.01,terms,32,-6.759904380458207,-3.5234211392883275,-35.5991743546724,0.0,0.41681390175010746,0,30
detailed,test,synthetic_regular,False,LIZARD no-KI,last_strike,0.025,terms,32,-16.411748393343608,-8.249942879559313,-87.77070586863738,0.0,0.6386379129762777,0,30
detailed,test,synthetic_regular,False,LIZARD no-KI,last_strike,0.05,terms,32,-30.89628249905716,-14.739357162942381,-181.0950702321988,0.0,0.8545078781219362,0,30
detailed,test,synthetic_regular,False,LIZARD no-KI,nobs_early,1.0,schedule,18,81.9277883416487,26.393534813319416,-74.48809922525217,632.607042055984,2.0385566630772414,12,6
detailed,test,synthetic_regular,False,LIZARD no-KI,nobs_late,1.0,schedule,18,4.9389420102309485,1.176535695268317,-2.7366720326447456,28.476521145738992,0.3797375420465119,13,4
detailed,test,synthetic_regular,False,LIZARD no-KI,nobs_middle,1.0,schedule,18,4.637414345250717,1.1089651176275892,-0.2648763489169656,29.1744210600863,0.3883869252006953,15,2
detailed,test,synthetic_regular,False,LIZARD no-KI,tenor_months,-12.0,schedule,32,105.90024825717356,50.7630232067522,-106.27116159883924,684.7339295100728,2.760885251242139,24,8
detailed,test,synthetic_regular,False,LIZARD no-KI,tenor_months,-6.0,schedule,32,53.445544679277134,28.32336343934623,-51.25210192049927,315.22785150963927,2.332644647409996,24,8
detailed,test,synthetic_regular,False,LIZARD no-KI,tenor_months,-3.0,schedule,32,26.128137624447398,15.309882059276644,-23.94805642055504,148.3109181164549,1.9807905896576663,25,7
detailed,test,synthetic_regular,False,LIZARD no-KI,tenor_months,-1.0,schedule,32,8.748493990396398,5.787258475547063,-8.56002262213367,47.209917052416166,1.5213921570103133,25,7
detailed,test,synthetic_regular,False,LIZARD no-KI,tenor_months,1.0,schedule,32,-8.40707354775882,-6.32376187530501,-48.69158210548363,10.795192333514182,1.5391268713974127,7,25
detailed,test,synthetic_regular,False,LIZARD no-KI,tenor_months,3.0,schedule,32,-25.730418098982476,-16.104158204479013,-141.6552264186638,29.850293520543563,2.0922671137659155,7,25
detailed,test,synthetic_regular,False,LIZARD no-KI,tenor_months,6.0,schedule,32,-51.48944369303409,-33.96720140943861,-268.7326678347169,54.97113059042175,2.5647545455226437,7,25
detailed,test,synthetic_regular,False,LIZARD no-KI,tenor_months,12.0,schedule,32,-103.57222224109093,-74.47314594678924,-519.0369571229886,102.27059349836004,3.2564681155953266,7,25
detailed,test,synthetic_regular,False,STEP KI,base,0.0,terms,32,0.0,0.0,0.0,0.0,0.0,0,0
detailed,test,synthetic_regular,False,STEP KI,coupon_regular,-0.01,terms,32,-74.63055037894657,-76.68946252824965,-155.0309372104936,-27.507037581245385,0.20528469976406835,0,32
detailed,test,synthetic_regular,False,STEP KI,coupon_regular,-0.005,terms,32,-37.315275189473454,-38.34473126412493,-77.51546860524762,-13.753518790622689,0.10264234988203423,0,32
detailed,test,synthetic_regular,False,STEP KI,coupon_regular,-0.0025,terms,32,-18.657637594736837,-19.172365632062764,-38.757734302623305,-6.876759395312424,0.05132117494101665,0,32
detailed,test,synthetic_regular,False,STEP KI,coupon_regular,-0.001,terms,32,-7.463055037894746,-7.668946252825679,-15.503093721049078,-2.7507037581258382,0.02052846997640672,0,32
detailed,test,synthetic_regular,False,STEP KI,coupon_regular,0.001,terms,32,7.463055037894871,7.668946252825009,2.7507037581258102,15.503093721049977,0.020528469976406734,32,0
detailed,test,synthetic_regular,False,STEP KI,coupon_regular,0.0025,terms,32,18.65763759473669,19.172365632061883,6.8767593953124,38.75773430262344,0.05132117494101705,32,0
detailed,test,synthetic_regular,False,STEP KI,coupon_regular,0.005,terms,32,37.31527518947351,38.344731264124874,13.753518790622651,77.51546860524782,0.10264234988203384,32,0
detailed,test,synthetic_regular,False,STEP KI,coupon_regular,0.01,terms,32,74.6305503789468,76.68946252824932,27.507037581245346,155.03093721049467,0.20528469976406835,32,0
detailed,test,synthetic_regular,False,STEP KI,first_strike,-0.05,terms,32,7.140543662837942,1.8549751523021922,-222.6370375002141,314.43953237591654,1.734195057815433,17,15
detailed,test,synthetic_regular,False,STEP KI,first_strike,-0.025,terms,32,1.1334640255619126,-0.2536874082988587,-118.6449905427858,144.58803195053264,1.2118137300849978,16,16
detailed,test,synthetic_regular,False,STEP KI,first_strike,-0.01,terms,32,-0.2072915102140629,0.1510476422739977,-46.77399474645009,52.81415234576154,0.7541488767323407,16,16
detailed,test,synthetic_regular,False,STEP KI,first_strike,-0.005,terms,32,-0.31991753884452345,-0.005742880621932692,-22.776360513933007,24.99461941770789,0.526077872507963,16,16
detailed,test,synthetic_regular,False,STEP KI,first_strike,0.005,terms,32,0.22987630087857558,0.2353974965193066,-27.01179751399588,22.158039829207468,0.5208266938841404,17,15
detailed,test,synthetic_regular,False,STEP KI,first_strike,0.01,terms,32,0.5394484774021362,0.499930073648213,-51.934719079021406,43.273721604751536,0.7264454090111936,17,15
detailed,test,synthetic_regular,False,STEP KI,first_strike,0.025,terms,32,2.3088326306931655,1.687372698777418,-116.12089070853214,97.46302988474754,1.102281520792574,17,15
detailed,test,synthetic_regular,False,STEP KI,first_strike,0.05,terms,32,6.7577404340960445,4.085542052543381,-186.71329068333145,168.7725311871108,1.4393715194582049,18,14
detailed,test,synthetic_regular,False,STEP KI,ki_barrier,-0.05,terms,32,83.03058783728781,57.34690057120076,0.0929926488384095,250.75929360216784,1.7269842240213216,32,0
detailed,test,synthetic_regular,False,STEP KI,ki_barrier,-0.025,terms,32,40.75216450473488,28.28598681278882,0.0929926488384095,140.06230238058603,1.2125455554730706,32,0
detailed,test,synthetic_regular,False,STEP KI,ki_barrier,-0.01,terms,32,15.939966105647812,10.206386303422331,0.0446122141141791,59.489388688301,0.7587169214673087,32,0
detailed,test,synthetic_regular,False,STEP KI,ki_barrier,-0.005,terms,32,7.745700475048962,4.7542204955705785,0.0446122141141791,30.85919946201535,0.5267140012956956,32,0
detailed,test,synthetic_regular,False,STEP KI,ki_barrier,0.005,terms,32,-7.826473499060314,-5.0403210822984335,-31.257954159187275,0.0,0.5290972478250169,0,31
detailed,test,synthetic_regular,False,STEP KI,ki_barrier,0.01,terms,32,-15.497156853645084,-9.538748111383578,-60.87643728252218,-0.0894001735875923,0.7451568488787034,0,32
detailed,test,synthetic_regular,False,STEP KI,ki_barrier,0.025,terms,32,-37.747803843291905,-21.385282019111308,-161.49301194873678,-0.1014390485598727,1.1543826125643653,0,32
detailed,test,synthetic_regular,False,STEP KI,ki_barrier,0.05,terms,32,-70.99434081497733,-42.10441277696218,-335.80418690574453,-0.1014390485598727,1.5655156874861709,0,32
detailed,test,synthetic_regular,False,STEP KI,last_strike,-0.05,terms,32,22.64522844523166,10.902042192262996,0.0,112.52694014974313,0.7390258361256933,27,0
detailed,test,synthetic_regular,False,STEP KI,last_strike,-0.025,terms,32,9.800747364860772,4.563409866912451,0.0,49.7756593168327,0.4793983635671859,27,0
detailed,test,synthetic_regular,False,STEP KI,last_strike,-0.01,terms,32,3.6965147649885495,1.5652160240032833,0.0,18.876648430983423,0.29077495114807306,26,0
detailed,test,synthetic_regular,False,STEP KI,last_strike,-0.005,terms,32,1.8081189753030396,0.8055714124357898,0.0,9.1335104309655,0.2034989086118156,25,0
detailed,test,synthetic_regular,False,STEP KI,last_strike,0.005,terms,32,-1.7505464933600083,-0.704912319490999,-9.009585895604095,0.0,0.1958747221712009,0,25
detailed,test,synthetic_regular,False,STEP KI,last_strike,0.01,terms,32,-3.2406082013685773,-1.3148484746323477,-16.764935359304346,0.0,0.267232613790812,0,25
detailed,test,synthetic_regular,False,STEP KI,last_strike,0.025,terms,32,-7.31278627794759,-2.692494128524598,-38.095305127954965,0.0,0.39748764982043416,0,26
detailed,test,synthetic_regular,False,STEP KI,last_strike,0.05,terms,32,-12.64632834869937,-4.2962081071747615,-67.37760990014827,0.0,0.5131830586407753,0,27
detailed,test,synthetic_regular,False,STEP KI,nobs_early,1.0,schedule,19,-10.557416094773952,-2.574028079747791,-249.34134222156928,296.4336658394008,1.690266549706634,9,10
detailed,test,synthetic_regular,False,STEP KI,nobs_late,1.0,schedule,19,-2.261236202900986,-0.2761545233702035,-15.609312489272035,8.486191565866111,0.11992725719748294,6,13
detailed,test,synthetic_regular,False,STEP KI,nobs_middle,1.0,schedule,19,-0.6232026032860264,-0.1180057789739243,-9.838883398262604,17.315518930664247,0.24743193194821023,9,10
detailed,test,synthetic_regular,False,STEP KI,tenor_months,-12.0,schedule,32,52.60941705042434,23.45931588781682,-301.1697699316371,587.9142729450368,2.740736785260847,19,13
detailed,test,synthetic_regular,False,STEP KI,tenor_months,-6.0,schedule,32,28.899015935347595,13.985228932608758,-147.03180569941813,280.35692479345965,2.3012561722754103,21,11
detailed,test,synthetic_regular,False,STEP KI,tenor_months,-3.0,schedule,32,14.873059331359807,7.5434784421010335,-70.0444781117313,136.39333775078612,1.9229392806770185,22,10
detailed,test,synthetic_regular,False,STEP KI,tenor_months,-1.0,schedule,32,4.60505069003802,2.3335408858275084,-22.33197565420368,41.2219730949632,1.4157439339114204,22,10
detailed,test,synthetic_regular,False,STEP KI,tenor_months,1.0,schedule,32,-5.278449531509809,-3.38572668692834,-40.53623014477716,22.37794584871848,1.4540663732199905,10,22
detailed,test,synthetic_regular,False,STEP KI,tenor_months,3.0,schedule,32,-15.813203273596756,-9.722932751642475,-123.05543558223256,67.53330297688636,2.0312784284492422,10,22
detailed,test,synthetic_regular,False,STEP KI,tenor_months,6.0,schedule,32,-32.12193210277156,-19.77652590223968,-242.55126459982176,134.57328646691124,2.548701670509546,10,22
detailed,test,synthetic_regular,False,STEP KI,tenor_months,12.0,schedule,32,-65.72332079306813,-45.46583390402918,-469.7923060595531,249.5079016453876,3.2928927629932425,10,22
detailed,test,synthetic_regular,False,STEP no-KI,base,0.0,terms,32,0.0,0.0,0.0,0.0,0.0,0,0
detailed,test,synthetic_regular,False,STEP no-KI,coupon_regular,-0.01,terms,32,-59.47803528477079,-57.01403590694319,-107.22452537603408,-25.93493471900162,0.17291940187079008,0,32
detailed,test,synthetic_regular,False,STEP no-KI,coupon_regular,-0.005,terms,32,-29.739017642385512,-28.50701795347295,-53.61226268801714,-12.967467359500294,0.08645970093539498,0,32
detailed,test,synthetic_regular,False,STEP no-KI,coupon_regular,-0.0025,terms,32,-14.869508821192783,-14.253508976737011,-26.806131344008243,-6.483733679750707,0.043229850467697395,0,32
detailed,test,synthetic_regular,False,STEP no-KI,coupon_regular,-0.001,terms,32,-5.947803528477366,-5.7014035906955085,-10.722452537603106,-2.593493471901156,0.01729194018707883,0,32
detailed,test,synthetic_regular,False,STEP no-KI,coupon_regular,0.001,terms,32,5.947803528476998,5.701403590693398,2.59349347189898,10.722452537603695,0.0172919401870791,32,0
detailed,test,synthetic_regular,False,STEP no-KI,coupon_regular,0.0025,terms,32,14.869508821192674,14.253508976735084,6.483733679750659,26.80613134400932,0.04322985046769742,32,0
detailed,test,synthetic_regular,False,STEP no-KI,coupon_regular,0.005,terms,32,29.739017642385075,28.507017953470246,12.967467359501326,53.61226268801694,0.08645970093539539,32,0
detailed,test,synthetic_regular,False,STEP no-KI,coupon_regular,0.01,terms,32,59.478035284770485,57.01403590694176,25.93493471900266,107.22452537603424,0.1729194018707902,32,0
detailed,test,synthetic_regular,False,STEP no-KI,first_strike,-0.05,terms,32,56.283360177355306,40.5123387198961,-156.91521978327307,289.8612830411365,2.3603302481314588,24,8
detailed,test,synthetic_regular,False,STEP no-KI,first_strike,-0.025,terms,32,23.703806472340545,16.69891301110863,-87.16247702087671,140.5620881293717,1.6576419224704884,23,9
detailed,test,synthetic_regular,False,STEP no-KI,first_strike,-0.01,terms,32,8.362406564751865,5.521544381147878,-35.649372214527666,55.70749903943543,1.0360183967662673,20,12
detailed,test,synthetic_regular,False,STEP no-KI,first_strike,-0.005,terms,32,4.089057318854147,2.3604222931918444,-18.497021038122355,29.081649068223435,0.7297575037826218,20,12
detailed,test,synthetic_regular,False,STEP no-KI,first_strike,0.005,terms,32,-3.6367755742727406,-2.704008568238826,-24.548412596173492,18.94943430358266,0.7215132596181466,12,20
detailed,test,synthetic_regular,False,STEP no-KI,first_strike,0.01,terms,32,-6.64724997580434,-5.08292908617316,-47.90156492180623,38.12051482156788,1.0093123027734066,13,19
detailed,test,synthetic_regular,False,STEP no-KI,first_strike,0.025,terms,32,-13.23914994071188,-12.41685023075205,-117.54983000812295,90.0131715971138,1.5409049965455666,13,19
detailed,test,synthetic_regular,False,STEP no-KI,first_strike,0.05,terms,32,-16.974434058657003,-22.1808400827467,-210.41698162838824,163.83019646722735,2.044661284047232,14,18
detailed,test,synthetic_regular,False,STEP no-KI,last_strike,-0.05,terms,32,88.2301424708166,67.36083152466975,0.9263775497505758,253.42095960133517,1.7762156885112987,32,0
detailed,test,synthetic_regular,False,STEP no-KI,last_strike,-0.025,terms,32,42.501748847189276,33.47583303055678,0.3351969182368245,127.0553911707262,1.2233204694086868,32,0
detailed,test,synthetic_regular,False,STEP no-KI,last_strike,-0.01,terms,32,16.522963135128304,13.503370500244884,0.1013970687238436,52.100583101517145,0.7604898821456558,32,0
detailed,test,synthetic_regular,False,STEP no-KI,last_strike,-0.005,terms,32,8.273541571189448,6.831288189896535,0.0198645480835248,25.6389702310412,0.5374446185076623,32,0
detailed,test,synthetic_regular,False,STEP no-KI,last_strike,0.005,terms,32,-8.179413528746911,-6.677053996523502,-27.83807309933,-0.1178278323923509,0.5313524053071482,0,32
detailed,test,synthetic_regular,False,STEP no-KI,last_strike,0.01,terms,32,-16.066418812039018,-13.423300082377796,-53.54337241945534,-0.2521807949962845,0.743437853367622,0,32
detailed,test,synthetic_regular,False,STEP no-KI,last_strike,0.025,terms,32,-38.98096591681018,-33.0325325545886,-131.18500928927375,-0.5278749150951753,1.1461826872542007,0,32
detailed,test,synthetic_regular,False,STEP no-KI,last_strike,0.05,terms,32,-73.63980031152406,-64.01780738066768,-251.46041041147936,-0.6788423515435872,1.5476686418787984,0,32
detailed,test,synthetic_regular,False,STEP no-KI,nobs_early,1.0,schedule,22,40.07699906218684,20.655952911483745,-246.20327811917025,417.9945497402922,2.689552349446845,13,9
detailed,test,synthetic_regular,False,STEP no-KI,nobs_late,1.0,schedule,22,5.861731277757147,4.93480999066204,-5.87866426754536,21.22085560434736,0.5416821696736476,16,6
detailed,test,synthetic_regular,False,STEP no-KI,nobs_middle,1.0,schedule,22,5.345104614199724,6.248437419616056,-7.427849545630981,22.4160485975232,0.614735247866517,16,6
detailed,test,synthetic_regular,False,STEP no-KI,tenor_months,-12.0,schedule,32,50.98398299130283,19.123482176542442,-189.9650622251804,426.7187405745089,3.5072244631081793,19,13
detailed,test,synthetic_regular,False,STEP no-KI,tenor_months,-6.0,schedule,32,23.4082301117898,8.353530897247959,-94.0803367568454,195.58967860872,3.1144205571811354,18,14
detailed,test,synthetic_regular,False,STEP no-KI,tenor_months,-3.0,schedule,32,11.61250151150608,4.849063225517504,-47.23242417915822,97.8630730093976,2.7507435377812426,18,14
detailed,test,synthetic_regular,False,STEP no-KI,tenor_months,-1.0,schedule,32,4.097970393899114,3.2384074232982307,-14.64549889268911,30.51061083214781,2.18751898874985,19,13
detailed,test,synthetic_regular,False,STEP no-KI,tenor_months,1.0,schedule,32,-3.6089399766453534,-1.6512155036557354,-37.07208203891101,12.345331554526991,2.2151819271206112,13,19
detailed,test,synthetic_regular,False,STEP no-KI,tenor_months,3.0,schedule,32,-10.603272417395317,-4.614843482163117,-109.11609627619907,43.85974644501812,2.879375983686943,14,18
detailed,test,synthetic_regular,False,STEP no-KI,tenor_months,6.0,schedule,32,-19.94250484776947,-8.029282417519013,-194.4206491941867,88.34822416322736,3.401269221907658,14,18
detailed,test,synthetic_regular,False,STEP no-KI,tenor_months,12.0,schedule,32,-37.99190965033827,-20.475550509823073,-369.1923834827929,166.42631686822807,4.121602850219173,14,18
detailed,train,synthetic_monthly,True,LIZARD no-KI,base,0.0,terms,342,0.0,0.0,0.0,0.0,0.0,0,0
detailed,train,synthetic_monthly,True,LIZARD no-KI,coupon_regular,-0.01,terms,342,-78.02098196868934,-72.2602532407575,-130.90571645350175,-32.82768496449106,0.25760035125124686,0,342
detailed,train,synthetic_monthly,True,LIZARD no-KI,coupon_regular,-0.005,terms,342,-39.01049098434465,-36.130126620378974,-65.45285822675051,-16.413842482246586,0.12880017562562346,0,342
detailed,train,synthetic_monthly,True,LIZARD no-KI,coupon_regular,-0.0025,terms,342,-19.505245492172335,-18.0650633101895,-32.72642911337566,-8.206921241122519,0.06440008781281176,0,342
detailed,train,synthetic_monthly,True,LIZARD no-KI,coupon_regular,-0.001,terms,342,-7.802098196868915,-7.226025324075745,-13.09057164534988,-3.282768496448031,0.02576003512512468,0,342
detailed,train,synthetic_monthly,True,LIZARD no-KI,coupon_regular,0.001,terms,342,7.802098196868952,7.226025324075903,3.2827684964495805,13.090571645350462,0.025760035125124783,342,0
detailed,train,synthetic_monthly,True,LIZARD no-KI,coupon_regular,0.0025,terms,342,19.505245492172364,18.065063310189117,8.206921241124068,32.72642911337575,0.06440008781281172,342,0
detailed,train,synthetic_monthly,True,LIZARD no-KI,coupon_regular,0.005,terms,342,39.010490984344685,36.13012662037868,16.413842482246324,65.45285822675123,0.12880017562562346,342,0
detailed,train,synthetic_monthly,True,LIZARD no-KI,coupon_regular,0.01,terms,342,78.02098196868938,72.26025324075684,32.82768496449259,130.90571645350184,0.2576003512512467,342,0
detailed,train,synthetic_monthly,True,LIZARD no-KI,first_strike,-0.05,terms,342,45.680191331997804,27.055657763759633,-54.31731838690214,252.35858365987252,3.253419737310974,214,128
detailed,train,synthetic_monthly,True,LIZARD no-KI,first_strike,-0.025,terms,342,19.722691158585366,9.890227432743778,-27.60635248870768,125.6062001657234,2.2098925243588776,200,142
detailed,train,synthetic_monthly,True,LIZARD no-KI,first_strike,-0.01,terms,342,7.121887480341895,2.9695677227968003,-10.919949153808831,48.75319936651778,1.3575932435842237,194,148
detailed,train,synthetic_monthly,True,LIZARD no-KI,first_strike,-0.005,terms,342,3.386458591604256,1.3967997834630284,-5.322175653984198,24.336561868503964,0.9466651545111006,193,149
detailed,train,synthetic_monthly,True,LIZARD no-KI,first_strike,0.005,terms,342,-3.278787657240713,-1.3202010370245283,-21.634472518366003,6.882087324458354,0.9318518288872674,150,192
detailed,train,synthetic_monthly,True,LIZARD no-KI,first_strike,0.01,terms,342,-6.322965033178869,-2.2036098058456073,-42.89163329106646,11.88079177768556,1.3026671798382339,156,186
detailed,train,synthetic_monthly,True,LIZARD no-KI,first_strike,0.025,terms,342,-13.684720150199999,-3.269275850558377,-95.42727931270502,28.60633741965474,1.971644190709595,159,183
detailed,train,synthetic_monthly,True,LIZARD no-KI,first_strike,0.05,terms,342,-22.20955556680395,-3.0928827509208636,-164.43921116896124,52.75153175353838,2.5998854028106164,167,175
detailed,train,synthetic_monthly,True,LIZARD no-KI,last_strike,-0.05,terms,342,58.11703003077072,56.02274333700696,2.676993024857711,169.06510457317862,2.4000846808932446,342,0
detailed,train,synthetic_monthly,True,LIZARD no-KI,last_strike,-0.025,terms,342,28.144889705016727,27.52040159063869,1.4250366064405178,80.02036660030848,1.657912021724404,342,0
detailed,train,synthetic_monthly,True,LIZARD no-KI,last_strike,-0.01,terms,342,11.024307634415113,10.832872306703452,0.4690305567262003,30.759677773584897,1.0313315594950228,342,0
detailed,train,synthetic_monthly,True,LIZARD no-KI,last_strike,-0.005,terms,342,5.457501636002862,5.310049438717793,0.0,15.17460834810116,0.7224930637617488,341,0
detailed,train,synthetic_monthly,True,LIZARD no-KI,last_strike,0.005,terms,342,-5.317508754306365,-5.131975305883381,-15.823831214459174,-0.2237811944052845,0.709652106440287,0,342
detailed,train,synthetic_monthly,True,LIZARD no-KI,last_strike,0.01,terms,342,-10.527285070969377,-10.455183305650646,-31.167873644133437,-0.5699862012105352,0.9977365050734143,0,342
detailed,train,synthetic_monthly,True,LIZARD no-KI,last_strike,0.025,terms,342,-25.70185299240451,-25.54033727207399,-72.37683808469572,-1.5711270013554488,1.5468214307735064,0,342
detailed,train,synthetic_monthly,True,LIZARD no-KI,last_strike,0.05,terms,342,-48.93733788821859,-48.41398537134911,-125.28279644607352,-3.8203650565054743,2.1021317627255374,0,342
detailed,train,synthetic_monthly,True,LIZARD no-KI,monthly_barrier,-0.05,terms,342,35.59547202638153,36.807626365236516,0.2270162673073764,88.4082578347375,0.45569605490164505,342,0
detailed,train,synthetic_monthly,True,LIZARD no-KI,monthly_barrier,-0.025,terms,342,18.29866260228397,19.35912399888849,0.1375946592765199,44.7260160154998,0.25843388680210316,342,0
detailed,train,synthetic_monthly,True,LIZARD no-KI,monthly_barrier,-0.01,terms,342,7.442056353177943,8.00583381255587,0.0625374214723565,18.132082461610047,0.1297622646221734,342,0
detailed,train,synthetic_monthly,True,LIZARD no-KI,monthly_barrier,-0.005,terms,342,3.744810423860202,4.0161898694399625,0.0303438404544211,9.115297072747946,0.08184523812522844,342,0
detailed,train,synthetic_monthly,True,LIZARD no-KI,monthly_barrier,0.005,terms,342,-3.7765645633355525,-4.034179640571734,-8.936677232738617,-0.035982710032317,0.08219855342179615,0,342
detailed,train,synthetic_monthly,True,LIZARD no-KI,monthly_barrier,0.01,terms,342,-7.5981238632211685,-8.075801255225276,-18.12116407512585,-0.0673253698968398,0.13119297464420204,0,342
detailed,train,synthetic_monthly,True,LIZARD no-KI,monthly_barrier,0.025,terms,342,-19.310435878049486,-20.80198046069345,-45.85123064797588,-0.2328962601418269,0.26599162460635345,0,342
detailed,train,synthetic_monthly,True,LIZARD no-KI,monthly_barrier,0.05,terms,342,-39.673660565168454,-43.14767156604324,-92.05781626385836,-0.7130697189076324,0.4815274446095563,0,342
detailed,train,synthetic_monthly,True,STEP KI,base,0.0,terms,341,0.0,0.0,0.0,0.0,0.0,0,0
detailed,train,synthetic_monthly,True,STEP KI,coupon_regular,-0.01,terms,341,-122.98246285833771,-123.87801215922634,-174.944087310539,-47.91338894704879,0.3989976772553528,0,341
detailed,train,synthetic_monthly,True,STEP KI,coupon_regular,-0.005,terms,341,-61.491231429168856,-61.939006079613264,-87.47204365526994,-23.956694473524408,0.1994988386276765,0,341
detailed,train,synthetic_monthly,True,STEP KI,coupon_regular,-0.0025,terms,341,-30.745615714584407,-30.96950303980637,-43.73602182763533,-11.978347236762517,0.09974941931383832,0,341
detailed,train,synthetic_monthly,True,STEP KI,coupon_regular,-0.001,terms,341,-12.298246285833754,-12.387801215922735,-17.494408731053866,-4.791338894704923,0.03989976772553518,0,341
detailed,train,synthetic_monthly,True,STEP KI,coupon_regular,0.001,terms,341,12.29824628583381,12.38780121592256,4.791338894704829,17.49440873105383,0.03989976772553522,341,0
detailed,train,synthetic_monthly,True,STEP KI,coupon_regular,0.0025,terms,341,30.745615714584453,30.9695030398071,11.978347236761834,43.73602182763434,0.09974941931383813,341,0
detailed,train,synthetic_monthly,True,STEP KI,coupon_regular,0.005,terms,341,61.491231429168835,61.93900607961309,23.956694473523704,87.47204365526936,0.19949883862767642,341,0
detailed,train,synthetic_monthly,True,STEP KI,coupon_regular,0.01,terms,341,122.98246285833771,123.878012159226,47.91338894704815,174.94408731053926,0.3989976772553526,341,0
detailed,train,synthetic_monthly,True,STEP KI,first_strike,-0.05,terms,341,-8.936072697096709,-20.58294027251042,-155.41776046972512,164.89743827531987,2.780016073895178,134,207
detailed,train,synthetic_monthly,True,STEP KI,first_strike,-0.025,terms,341,-6.4423533714032395,-12.557389076500408,-69.40360903958454,75.19751014898871,1.8750041096804921,121,220
detailed,train,synthetic_monthly,True,STEP KI,first_strike,-0.01,terms,341,-2.857284363223078,-5.432876882595039,-27.367710812624097,29.519180433174697,1.1508053881489442,116,225
detailed,train,synthetic_monthly,True,STEP KI,first_strike,-0.005,terms,341,-1.4937192328602251,-2.6046743974971136,-14.384834133821244,15.211966002527962,0.8023088665561305,114,227
detailed,train,synthetic_monthly,True,STEP KI,first_strike,0.005,terms,341,1.6705964913379052,2.8104457137380288,-17.43607767820001,12.989303477666162,0.7790205556214082,229,112
detailed,train,synthetic_monthly,True,STEP KI,first_strike,0.01,terms,341,3.3342689483402443,5.650271786160921,-32.807507699338686,26.548862919606822,1.0908120146282128,229,112
detailed,train,synthetic_monthly,True,STEP KI,first_strike,0.025,terms,341,8.56953068588339,13.60788444091901,-71.74262129715369,65.59123150065702,1.6541366357948415,235,106
detailed,train,synthetic_monthly,True,STEP KI,first_strike,0.05,terms,341,17.380782395773963,26.60583361277972,-128.49418877305376,119.50285959409538,2.164863726921577,243,98
detailed,train,synthetic_monthly,True,STEP KI,ki_barrier,-0.05,terms,341,111.65083090692845,113.60225570355632,1.2781386387514804,246.9064277942951,3.175205139353955,341,0
detailed,train,synthetic_monthly,True,STEP KI,ki_barrier,-0.025,terms,341,55.919266875297026,54.37743645679243,0.8304569961638464,122.11263372370784,2.2446969997517128,341,0
detailed,train,synthetic_monthly,True,STEP KI,ki_barrier,-0.01,terms,341,22.251452641124473,22.11248690795597,0.5488881970649202,45.77595911463683,1.4139173703194532,341,0
detailed,train,synthetic_monthly,True,STEP KI,ki_barrier,-0.005,terms,341,11.07312679237103,10.718952139894157,0.2659187862846983,24.028745153318912,0.9964612194581276,341,0
detailed,train,synthetic_monthly,True,STEP KI,ki_barrier,0.005,terms,341,-11.132874527037382,-10.842032505366271,-23.07878109895977,-0.4084331206283184,0.9956127912722593,0,341
detailed,train,synthetic_monthly,True,STEP KI,ki_barrier,0.01,terms,341,-22.13658582546717,-21.04862549589455,-47.54652567794285,-0.8175416673705155,1.399513554255047,0,341
detailed,train,synthetic_monthly,True,STEP KI,ki_barrier,0.025,terms,341,-54.3392123414743,-52.93237366704497,-113.15391774361794,-2.2996995514575254,2.166669415932743,0,341
detailed,train,synthetic_monthly,True,STEP KI,ki_barrier,0.05,terms,341,-105.09455495652018,-102.3913093752867,-212.54176697391887,-5.004223922223152,2.953905671944289,0,341
detailed,train,synthetic_monthly,True,STEP KI,last_strike,-0.05,terms,341,9.199115898678663,5.796996606001112,0.0,95.86859938551916,0.6581450673865312,327,0
detailed,train,synthetic_monthly,True,STEP KI,last_strike,-0.025,terms,341,3.8464659008164195,2.3379686800596406,0.0,40.71175775613098,0.408998325244796,315,0
detailed,train,synthetic_monthly,True,STEP KI,last_strike,-0.01,terms,341,1.3802906963925385,0.7227748086350018,0.0,14.6568400906353,0.23789752122966112,301,0
detailed,train,synthetic_monthly,True,STEP KI,last_strike,-0.005,terms,341,0.6578574459135631,0.3557637959660825,0.0,7.275204970340891,0.1603795394094667,284,0
detailed,train,synthetic_monthly,True,STEP KI,last_strike,0.005,terms,341,-0.6358186331688479,-0.3359949334294771,-5.989757623965256,0.0,0.1556153590379983,0,276
detailed,train,synthetic_monthly,True,STEP KI,last_strike,0.01,terms,341,-1.225387052307609,-0.7053581258064737,-12.392404801555925,0.0,0.2180277533336966,0,292
detailed,train,synthetic_monthly,True,STEP KI,last_strike,0.025,terms,341,-2.768012564300261,-1.5492634035679234,-29.99672154877008,0.0,0.3248838907032463,0,308
detailed,train,synthetic_monthly,True,STEP KI,last_strike,0.05,terms,341,-4.698772699808026,-2.5655196919268146,-50.73113664921917,0.0,0.4133211161435428,0,315
detailed,train,synthetic_monthly,True,STEP KI,monthly_barrier,-0.05,terms,341,30.48133505657782,26.03329048839219,0.0236925576039651,131.46333140394017,0.41186669722531405,341,0
detailed,train,synthetic_monthly,True,STEP KI,monthly_barrier,-0.025,terms,341,16.356882117588537,14.429834552492803,0.0129414167424569,66.35014114855842,0.23853055799879655,341,0
detailed,train,synthetic_monthly,True,STEP KI,monthly_barrier,-0.01,terms,341,6.824368303002525,6.092068279633689,0.0028820885134701,27.036858302899365,0.11937700193645516,341,0
detailed,train,synthetic_monthly,True,STEP KI,monthly_barrier,-0.005,terms,341,3.4592394632002623,3.0953893981403677,0.0007183344622692,13.621905850584456,0.07462601215465738,341,0
detailed,train,synthetic_monthly,True,STEP KI,monthly_barrier,0.005,terms,341,-3.5625923219404245,-3.1885580944579357,-13.746540672126937,-0.0057488724293773,0.07587778882158829,0,341
detailed,train,synthetic_monthly,True,STEP KI,monthly_barrier,0.01,terms,341,-7.228185516580046,-6.523622419079364,-27.519531861025705,-0.0114891339106436,0.12355849538415245,0,341
detailed,train,synthetic_monthly,True,STEP KI,monthly_barrier,0.025,terms,341,-18.856172852365226,-17.35624045222346,-69.47386425012922,-0.0337153517797203,0.2597451852270392,0,341
detailed,train,synthetic_monthly,True,STEP KI,monthly_barrier,0.05,terms,341,-40.424299058905646,-38.42566282502796,-141.03537747437528,-0.1121175568412293,0.48736397251777275,0,341
detailed,train,synthetic_monthly,True,STEP no-KI,base,0.0,terms,341,0.0,0.0,0.0,0.0,0.0,0,0
detailed,train,synthetic_monthly,True,STEP no-KI,coupon_regular,-0.01,terms,341,-101.28131973479678,-102.86986601079975,-161.72657928722597,-55.70202560372903,0.34031451356021347,0,341
detailed,train,synthetic_monthly,True,STEP no-KI,coupon_regular,-0.005,terms,341,-50.64065986739839,-51.43493300539922,-80.86328964361282,-27.85101280186446,0.17015725678010665,0,341
detailed,train,synthetic_monthly,True,STEP no-KI,coupon_regular,-0.0025,terms,341,-25.3203299336992,-25.717466502699352,-40.43164482180609,-13.925506400932282,0.08507862839005338,0,341
detailed,train,synthetic_monthly,True,STEP no-KI,coupon_regular,-0.001,terms,341,-10.128131973479707,-10.286986601080017,-16.172657928723158,-5.570202560374561,0.034031451356021244,0,341
detailed,train,synthetic_monthly,True,STEP no-KI,coupon_regular,0.001,terms,341,10.128131973479736,10.286986601080716,5.570202560372495,16.172657928722398,0.03403145135602126,341,0
detailed,train,synthetic_monthly,True,STEP no-KI,coupon_regular,0.0025,terms,341,25.320329933699217,25.71746650269974,13.925506400930209,40.43164482180619,0.08507862839005338,341,0
detailed,train,synthetic_monthly,True,STEP no-KI,coupon_regular,0.005,terms,341,50.64065986739841,51.434933005399614,27.85101280186237,80.86328964361324,0.1701572567801066,341,0
detailed,train,synthetic_monthly,True,STEP no-KI,coupon_regular,0.01,terms,341,101.28131973479678,102.86986601079978,55.70202560372695,161.7265792872258,0.34031451356021336,341,0
detailed,train,synthetic_monthly,True,STEP no-KI,first_strike,-0.05,terms,341,26.063911202040515,17.123707221535394,-94.70104870911835,194.93733485186195,2.928394570418893,215,126
detailed,train,synthetic_monthly,True,STEP no-KI,first_strike,-0.025,terms,341,10.160903642318731,4.791631314424997,-45.11752436820819,99.98547846912231,2.0056096147947295,199,142
detailed,train,synthetic_monthly,True,STEP no-KI,first_strike,-0.01,terms,341,3.3689151455894835,1.3962663175108825,-18.39200452758737,40.176798264494494,1.2354068312730149,194,147
detailed,train,synthetic_monthly,True,STEP no-KI,first_strike,-0.005,terms,341,1.555686768075197,0.6219106776658726,-9.769870700902995,20.254630511202684,0.8643599041463826,191,150
detailed,train,synthetic_monthly,True,STEP no-KI,first_strike,0.005,terms,341,-1.3342088283964892,-0.4583624667899292,-18.25208339340268,9.279932997138726,0.8449377856026964,158,183
detailed,train,synthetic_monthly,True,STEP no-KI,first_strike,0.01,terms,341,-2.555636143285612,-0.8555608301110089,-35.68015736732982,17.836981297058436,1.186377767925938,160,181
detailed,train,synthetic_monthly,True,STEP no-KI,first_strike,0.025,terms,341,-4.886980103712671,0.3814191852779904,-86.79720377516125,43.068940205348525,1.8086638276947145,171,170
detailed,train,synthetic_monthly,True,STEP no-KI,first_strike,0.05,terms,341,-5.614145794187035,5.179970003555939,-169.80555421427115,76.50313250791913,2.394096098636909,185,156
detailed,train,synthetic_monthly,True,STEP no-KI,last_strike,-0.05,terms,341,74.27269320005189,74.44609333548654,0.2432065929944138,209.8461679372627,2.541604577143646,341,0
detailed,train,synthetic_monthly,True,STEP no-KI,last_strike,-0.025,terms,341,36.44410766677955,36.190654018665214,0.1184756570619897,103.30636923585784,1.7667845557478694,341,0
detailed,train,synthetic_monthly,True,STEP no-KI,last_strike,-0.01,terms,341,14.312137362611033,14.532642290781627,0.1184756570619897,39.27602583340833,1.0999344724073263,341,0
detailed,train,synthetic_monthly,True,STEP no-KI,last_strike,-0.005,terms,341,7.10396850524291,7.2029643257846026,0.1184756570619897,19.4642767930218,0.7733386729499808,341,0
detailed,train,synthetic_monthly,True,STEP no-KI,last_strike,0.005,terms,341,-7.008495795144278,-7.092660714256417,-18.89914633447122,-0.1180053723845543,0.7640847320384263,0,341
detailed,train,synthetic_monthly,True,STEP no-KI,last_strike,0.01,terms,341,-13.933727141888005,-14.262992399434626,-38.10850640602972,-0.1180053723845543,1.074245549086436,0,341
detailed,train,synthetic_monthly,True,STEP no-KI,last_strike,0.025,terms,341,-34.04535866898481,-34.58953361985559,-96.9873203811542,-0.919775360895097,1.659608252327909,0,341
detailed,train,synthetic_monthly,True,STEP no-KI,last_strike,0.05,terms,341,-65.01502365467958,-66.56588027851234,-181.9057953745604,-2.552926718803532,2.246070577326791,0,341
detailed,train,synthetic_monthly,True,STEP no-KI,monthly_barrier,-0.05,terms,341,25.431844999418665,20.33635809400392,0.0593853276805984,100.90054367822742,0.3588412428310585,341,0
detailed,train,synthetic_monthly,True,STEP no-KI,monthly_barrier,-0.025,terms,341,13.57875080077616,11.09974147458638,0.0400799885331406,50.74491914471688,0.2067160118169804,341,0
detailed,train,synthetic_monthly,True,STEP no-KI,monthly_barrier,-0.01,terms,341,5.651084378632867,4.787374093753009,0.0184811497557741,19.997804784001204,0.10250894173448265,341,0
detailed,train,synthetic_monthly,True,STEP no-KI,monthly_barrier,-0.005,terms,341,2.8628501430307787,2.457878565876908,0.0103364569959277,10.14674391910438,0.0635331118611471,341,0
detailed,train,synthetic_monthly,True,STEP no-KI,monthly_barrier,0.005,terms,341,-2.9326066134074336,-2.5142563156624886,-10.352816297402928,-0.0133041558959357,0.06451332731471505,0,341
detailed,train,synthetic_monthly,True,STEP no-KI,monthly_barrier,0.01,terms,341,-5.943855439562868,-5.106410891057748,-20.600430523020485,-0.0236412809620835,0.10566975186342144,0,341
detailed,train,synthetic_monthly,True,STEP no-KI,monthly_barrier,0.025,terms,341,-15.436585318639022,-13.342570407998483,-51.4865286102572,-0.0739940884392881,0.22399721113193885,0,341
detailed,train,synthetic_monthly,True,STEP no-KI,monthly_barrier,0.05,terms,341,-32.81668258205305,-28.45651362161585,-102.82569429302951,-0.290168935422797,0.4213973304922118,0,341
detailed,train,synthetic_regular,False,LIZARD KI,base,0.0,terms,256,0.0,0.0,0.0,0.0,0.0,0,0
detailed,train,synthetic_regular,False,LIZARD KI,coupon_regular,-0.01,terms,256,-49.35391512225352,-40.50486016682399,-154.00341055251906,-12.275763662518807,0.2708740841130479,0,256
detailed,train,synthetic_regular,False,LIZARD KI,coupon_regular,-0.005,terms,256,-24.676957561126798,-20.252430083412033,-77.00170527625897,-6.137881831259669,0.13543704205652402,0,256
detailed,train,synthetic_regular,False,LIZARD KI,coupon_regular,-0.0025,terms,256,-12.338478780563443,-10.126215041705265,-38.5008526381294,-3.068940915630905,0.06771852102826206,0,256
detailed,train,synthetic_regular,False,LIZARD KI,coupon_regular,-0.001,terms,256,-4.935391512225387,-4.050486016681461,-15.400341055251843,-1.2275763662527877,0.027087408411304772,0,256
detailed,train,synthetic_regular,False,LIZARD KI,coupon_regular,0.001,terms,256,4.9353915122253555,4.0504860166837915,1.2275763662517192,15.40034105525162,0.027087408411304786,256,0
detailed,train,synthetic_regular,False,LIZARD KI,coupon_regular,0.0025,terms,256,12.338478780563378,10.126215041706837,3.0689409156287653,38.50085263813001,0.06771852102826198,256,0
detailed,train,synthetic_regular,False,LIZARD KI,coupon_regular,0.005,terms,256,24.676957561126773,20.25243008341284,6.137881831258598,77.00170527625984,0.13543704205652407,256,0
detailed,train,synthetic_regular,False,LIZARD KI,coupon_regular,0.01,terms,256,49.35391512225357,40.50486016682561,12.275763662518273,154.00341055251863,0.2708740841130479,256,0
detailed,train,synthetic_regular,False,LIZARD KI,first_strike,-0.05,terms,256,11.40343537866012,4.961936282888018,-272.2564458010628,273.63656527677045,1.8259765114946152,156,100
detailed,train,synthetic_regular,False,LIZARD KI,first_strike,-0.025,terms,256,4.871889209575946,2.804652893376233,-137.87106808690436,125.0285604699652,1.2067949765946584,153,103
detailed,train,synthetic_regular,False,LIZARD KI,first_strike,-0.01,terms,256,1.7098986020162932,1.161861312301142,-51.90078649795134,46.92935636236681,0.7281787939957627,152,104
detailed,train,synthetic_regular,False,LIZARD KI,first_strike,-0.005,terms,256,0.8596831337232944,0.5438661646651619,-23.660849798072164,23.27801524291778,0.5073957139027737,150,106
detailed,train,synthetic_regular,False,LIZARD KI,first_strike,0.005,terms,256,-0.8196272859706942,-0.6481409021706261,-24.184019980951504,25.43884105420595,0.48904126563482886,108,148
detailed,train,synthetic_regular,False,LIZARD KI,first_strike,0.01,terms,256,-1.696772242886901,-1.6462751385879122,-47.55646367157745,47.79686762742445,0.6875624067757466,108,148
detailed,train,synthetic_regular,False,LIZARD KI,first_strike,0.025,terms,256,-3.6388815871860447,-3.9238713842854605,-106.41233802770094,106.4859976217553,1.0257607174611247,108,148
detailed,train,synthetic_regular,False,LIZARD KI,first_strike,0.05,terms,256,-5.999055315287222,-4.798141718931382,-176.9654820391722,168.55671274183658,1.3254767640750846,112,144
detailed,train,synthetic_regular,False,LIZARD KI,ki_barrier,-0.05,terms,256,51.13499402711544,21.035532349330772,0.0,296.6873246466753,2.210346614440882,228,0
detailed,train,synthetic_regular,False,LIZARD KI,ki_barrier,-0.025,terms,256,25.483592563652763,11.704475111809831,0.0,159.34684110343622,1.5530782602219606,225,0
detailed,train,synthetic_regular,False,LIZARD KI,ki_barrier,-0.01,terms,256,10.073414301591985,4.6475090498839124,0.0,65.21883113327664,0.9649558113815209,213,0
detailed,train,synthetic_regular,False,LIZARD KI,ki_barrier,-0.005,terms,256,4.926284248938135,2.0918184719507216,0.0,34.32461638672348,0.6702688270874442,204,0
detailed,train,synthetic_regular,False,LIZARD KI,ki_barrier,0.005,terms,256,-4.968472934333937,-2.115494634025074,-33.46900364841953,0.0,0.6765971328819946,0,212
detailed,train,synthetic_regular,False,LIZARD KI,ki_barrier,0.01,terms,256,-9.872145760184488,-4.122060577402463,-60.986066566954406,0.0,0.9550077408724843,0,219
detailed,train,synthetic_regular,False,LIZARD KI,ki_barrier,0.025,terms,256,-24.307220562136237,-10.32984861117573,-158.042505033459,0.0,1.4915512161399591,0,225
detailed,train,synthetic_regular,False,LIZARD KI,ki_barrier,0.05,terms,256,-46.34008131275314,-19.453285513998082,-311.8305359063751,0.0,2.0318558432927816,0,233
detailed,train,synthetic_regular,False,LIZARD KI,last_strike,-0.05,terms,256,13.913342708145176,2.1904810082939115,0.0,194.3839599376406,0.896163342938806,188,0
detailed,train,synthetic_regular,False,LIZARD KI,last_strike,-0.025,terms,256,6.1178178322026655,0.842729259082458,0.0,91.3318495581498,0.5807492267423127,174,0
detailed,train,synthetic_regular,False,LIZARD KI,last_strike,-0.01,terms,256,2.2822442032661634,0.31532403676860693,0.0,38.494877876329134,0.3440488485750492,155,0
detailed,train,synthetic_regular,False,LIZARD KI,last_strike,-0.005,terms,256,1.1131030468966208,0.1349760826723343,0.0,18.748361412266785,0.23390407429608367,139,0
detailed,train,synthetic_regular,False,LIZARD KI,last_strike,0.005,terms,256,-1.0200251059615784,-0.10357593244175864,-15.780291127064718,0.0,0.21975578236190946,0,135
detailed,train,synthetic_regular,False,LIZARD KI,last_strike,0.01,terms,256,-2.034011439352997,-0.21368805156796078,-31.56771221712858,0.0,0.3169305606223292,0,149
detailed,train,synthetic_regular,False,LIZARD KI,last_strike,0.025,terms,256,-4.747299789944605,-0.5012520396513562,-79.81617560662131,0.0,0.4859713334026148,0,160
detailed,train,synthetic_regular,False,LIZARD KI,last_strike,0.05,terms,256,-8.38020489864351,-0.9185273729995918,-145.69176213035948,0.0,0.6386911652516822,0,170
detailed,train,synthetic_regular,False,LIZARD no-KI,base,0.0,terms,256,0.0,0.0,0.0,0.0,0.0,0,0
detailed,train,synthetic_regular,False,LIZARD no-KI,coupon_regular,-0.01,terms,256,-41.34290809913051,-34.85057189661546,-118.22525509766848,-10.94483828345939,0.21933054687921866,0,256
detailed,train,synthetic_regular,False,LIZARD no-KI,coupon_regular,-0.005,terms,256,-20.671454049565213,-17.425285948307042,-59.11262754883374,-5.472419141730117,0.10966527343960938,0,256
detailed,train,synthetic_regular,False,LIZARD no-KI,coupon_regular,-0.0025,terms,256,-10.335727024782681,-8.712642974153923,-29.556313774416807,-2.7362095708650584,0.0548326367198046,0,256
detailed,train,synthetic_regular,False,LIZARD no-KI,coupon_regular,-0.001,terms,256,-4.134290809913032,-3.4850571896614273,-11.822525509766198,-1.094483828346878,0.02193305468792188,0,256
detailed,train,synthetic_regular,False,LIZARD no-KI,coupon_regular,0.001,terms,256,4.134290809913106,3.4850571896614038,1.0944838283460232,11.822525509766908,0.021933054687921873,256,0
detailed,train,synthetic_regular,False,LIZARD no-KI,coupon_regular,0.0025,terms,256,10.335727024782713,8.71264297415383,2.73620957086506,29.55631377441734,0.05483263671980462,256,0
detailed,train,synthetic_regular,False,LIZARD no-KI,coupon_regular,0.005,terms,256,20.671454049565263,17.425285948306904,5.472419141729271,59.11262754883456,0.10966527343960936,256,0
detailed,train,synthetic_regular,False,LIZARD no-KI,coupon_regular,0.01,terms,256,41.342908099130554,34.85057189661536,10.944838283458544,118.22525509766916,0.21933054687921863,256,0
detailed,train,synthetic_regular,False,LIZARD no-KI,first_strike,-0.05,terms,256,41.701797893868196,22.04157933355294,-116.57280026615798,275.6148911019497,2.1322458092413292,200,56
detailed,train,synthetic_regular,False,LIZARD no-KI,first_strike,-0.025,terms,256,18.80470692466683,10.801301753193288,-52.15633421448109,126.54675529276798,1.4221003182082264,193,63
detailed,train,synthetic_regular,False,LIZARD no-KI,first_strike,-0.01,terms,256,7.005617251043821,4.300095127556385,-19.97833458502625,47.20996441672375,0.8618535823575983,190,66
detailed,train,synthetic_regular,False,LIZARD no-KI,first_strike,-0.005,terms,256,3.4509561339496972,2.340116915068138,-10.425795354100604,23.946905590411266,0.6004085850460896,187,69
detailed,train,synthetic_regular,False,LIZARD no-KI,first_strike,0.005,terms,256,-3.3453026205200715,-2.0899568516941454,-24.06724684800225,11.070930728176542,0.5909939044699364,73,183
detailed,train,synthetic_regular,False,LIZARD no-KI,first_strike,0.01,terms,256,-6.3701820449165805,-4.134853393857041,-48.30460044556549,22.80552911570793,0.8187249551329588,78,178
detailed,train,synthetic_regular,False,LIZARD no-KI,first_strike,0.025,terms,256,-14.552310068295771,-10.299911512842986,-113.551275008591,57.60327142385844,1.2389530321939248,80,176
detailed,train,synthetic_regular,False,LIZARD no-KI,first_strike,0.05,terms,256,-24.730654315339375,-19.848377898570995,-212.61922987370116,109.12227095898449,1.6058506544278561,82,174
detailed,train,synthetic_regular,False,LIZARD no-KI,last_strike,-0.05,terms,256,43.49530357562237,17.7517228293025,0.0,294.48122855853774,1.8903262113659733,246,0
detailed,train,synthetic_regular,False,LIZARD no-KI,last_strike,-0.025,terms,256,21.1669673371644,8.52878137578401,0.0,144.90280402850635,1.3043135688248575,242,0
detailed,train,synthetic_regular,False,LIZARD no-KI,last_strike,-0.01,terms,256,8.326973101617012,3.665067786109766,0.0,58.20677489121345,0.8068527383183153,232,0
detailed,train,synthetic_regular,False,LIZARD no-KI,last_strike,-0.005,terms,256,4.131311097990796,1.658939362418082,0.0,30.679834581238552,0.56594311133556,222,0
detailed,train,synthetic_regular,False,LIZARD no-KI,last_strike,0.005,terms,256,-4.049800225993819,-1.6197878618200914,-26.414358605326512,0.0,0.5543494337861519,0,223
detailed,train,synthetic_regular,False,LIZARD no-KI,last_strike,0.01,terms,256,-7.933802642209956,-3.1734160467543266,-50.21512536312518,0.0,0.7787933483806102,0,231
detailed,train,synthetic_regular,False,LIZARD no-KI,last_strike,0.025,terms,256,-19.36585180436716,-7.836056953874937,-134.0928376322495,0.0,1.2076594223672794,0,238
detailed,train,synthetic_regular,False,LIZARD no-KI,last_strike,0.05,terms,256,-37.01407525489516,-14.521085727989352,-259.3301237949652,0.0,1.6397571039500107,0,244
detailed,train,synthetic_regular,False,STEP KI,base,0.0,terms,256,0.0,0.0,0.0,0.0,0.0,0,0
detailed,train,synthetic_regular,False,STEP KI,coupon_regular,-0.01,terms,256,-72.701714495544,-68.2046867807164,-172.5897782447741,-25.139687460893114,0.35612586978525457,0,256
detailed,train,synthetic_regular,False,STEP KI,coupon_regular,-0.005,terms,256,-36.35085724777197,-34.1023433903577,-86.29488912238827,-12.569843730446005,0.1780629348926273,0,256
detailed,train,synthetic_regular,False,STEP KI,coupon_regular,-0.0025,terms,256,-18.175428623885992,-17.051171695178923,-43.14744456119361,-6.284921865221894,0.0890314674463136,0,256
detailed,train,synthetic_regular,False,STEP KI,coupon_regular,-0.001,terms,256,-7.270171449554365,-6.820468678071012,-17.25897782447805,-2.513968746087871,0.03561258697852533,0,256
detailed,train,synthetic_regular,False,STEP KI,coupon_regular,0.001,terms,256,7.270171449554391,6.820468678071029,2.513968746090084,17.2589778244769,0.035612586978525644,256,0
detailed,train,synthetic_regular,False,STEP KI,coupon_regular,0.0025,terms,256,18.175428623886013,17.05117169517888,6.284921865224108,43.14744456119473,0.08903146744631384,256,0
detailed,train,synthetic_regular,False,STEP KI,coupon_regular,0.005,terms,256,36.35085724777207,34.102343390357746,12.56984373044932,86.2948891223876,0.17806293489262742,256,0
detailed,train,synthetic_regular,False,STEP KI,coupon_regular,0.01,terms,256,72.70171449554401,68.20468678071609,25.139687460895324,172.58977824477532,0.35612586978525473,256,0
detailed,train,synthetic_regular,False,STEP KI,first_strike,-0.05,terms,256,3.569992504109316,-2.162346338148292,-316.251852279402,283.97009503528767,3.3130101882723353,126,130
detailed,train,synthetic_regular,False,STEP KI,first_strike,-0.025,terms,256,-0.9315587169437876,-2.458975805543422,-153.18592871522134,140.66055537167887,2.3249878611932484,124,132
detailed,train,synthetic_regular,False,STEP KI,first_strike,-0.01,terms,256,-0.9028654834381165,-1.9042652653693715,-57.60786750548577,56.44736001905747,1.4570890333491113,119,137
detailed,train,synthetic_regular,False,STEP KI,first_strike,-0.005,terms,256,-0.5382735298557124,-0.8140650813981669,-28.190273117484395,28.08527009326184,1.0279237428964414,120,136
detailed,train,synthetic_regular,False,STEP KI,first_strike,0.005,terms,256,0.8516505118171133,1.091920229030996,-28.44192319155089,27.55207996152788,1.0028137737487466,133,123
detailed,train,synthetic_regular,False,STEP KI,first_strike,0.01,terms,256,1.889744458154122,2.5766851693143344,-50.79750454479585,55.769018929770894,1.4077060227449256,138,118
detailed,train,synthetic_regular,False,STEP KI,first_strike,0.025,terms,256,5.680884980620823,7.782031952343974,-123.61679562764829,132.2960679437944,2.154892629424685,137,119
detailed,train,synthetic_regular,False,STEP KI,first_strike,0.05,terms,256,13.23567368967372,18.097994545174032,-224.9237838010532,221.4646808124998,2.854847478222387,144,112
detailed,train,synthetic_regular,False,STEP KI,ki_barrier,-0.05,terms,256,72.86194010198236,50.625484940190944,0.0,382.423356544279,2.9167083917168757,250,0
detailed,train,synthetic_regular,False,STEP KI,ki_barrier,-0.025,terms,256,36.37910095417803,24.152047892134533,0.0,188.9092509516184,2.057937869818486,249,0
detailed,train,synthetic_regular,False,STEP KI,ki_barrier,-0.01,terms,256,14.495852408448375,9.857036053923935,0.0,79.93733493630455,1.290678018718236,243,0
detailed,train,synthetic_regular,False,STEP KI,ki_barrier,-0.005,terms,256,7.304069452221478,4.6553335411145245,0.0,41.71439548619338,0.91263713977959,239,0
detailed,train,synthetic_regular,False,STEP KI,ki_barrier,0.005,terms,256,-7.07392305541465,-4.636603219571023,-37.49733274809902,0.0,0.8961130081891535,0,241
detailed,train,synthetic_regular,False,STEP KI,ki_barrier,0.01,terms,256,-14.192289555113522,-9.583141415482883,-77.874313683092,0.0,1.2752172894284466,0,246
detailed,train,synthetic_regular,False,STEP KI,ki_barrier,0.025,terms,256,-34.70418756632547,-23.855805105914126,-200.42310846123883,0.0,1.9774017875312029,0,249
detailed,train,synthetic_regular,False,STEP KI,ki_barrier,0.05,terms,256,-66.51498893931068,-42.031139873989225,-410.14134942066295,0.0,2.694170264390292,0,252
detailed,train,synthetic_regular,False,STEP KI,last_strike,-0.05,terms,256,23.641858807636783,8.281787559812791,0.0,214.550405511854,1.3047241763258244,223,0
detailed,train,synthetic_regular,False,STEP KI,last_strike,-0.025,terms,256,10.326073870072388,3.242381177804048,0.0,99.03716061781012,0.8374952937027222,202,0
detailed,train,synthetic_regular,False,STEP KI,last_strike,-0.01,terms,256,3.792110407415886,1.2399366126485187,0.0,37.87302387041974,0.49776892165248243,187,0
detailed,train,synthetic_regular,False,STEP KI,last_strike,-0.005,terms,256,1.8863290836734907,0.6247366951451815,0.0,17.752528926494115,0.34769560621653123,175,0
detailed,train,synthetic_regular,False,STEP KI,last_strike,0.005,terms,256,-1.812228481284195,-0.4616009407627508,-20.376241338648164,0.0,0.3327573957554799,0,170
detailed,train,synthetic_regular,False,STEP KI,last_strike,0.01,terms,256,-3.5353018958981264,-1.0971206490643,-35.51650962743352,0.0,0.4730357695836143,0,188
detailed,train,synthetic_regular,False,STEP KI,last_strike,0.025,terms,256,-8.126371166597973,-2.5587056171681186,-84.34027626061412,0.0,0.7165561624603507,0,201
detailed,train,synthetic_regular,False,STEP KI,last_strike,0.05,terms,256,-14.368733112590373,-3.802980289964244,-154.7982877360882,0.0,0.935119982159692,0,204
detailed,train,synthetic_regular,False,STEP no-KI,base,0.0,terms,256,0.0,0.0,0.0,0.0,0.0,0,0
detailed,train,synthetic_regular,False,STEP no-KI,coupon_regular,-0.01,terms,256,-59.93473764749204,-56.01763150425552,-149.25448880019093,-25.59582378546576,0.30616294379668263,0,256
detailed,train,synthetic_regular,False,STEP no-KI,coupon_regular,-0.005,terms,256,-29.967368823746057,-28.008815752127724,-74.62724440009472,-12.79791189273234,0.15308147189834126,0,256
detailed,train,synthetic_regular,False,STEP no-KI,coupon_regular,-0.0025,terms,256,-14.983684411873007,-14.004407876063082,-37.31362220004806,-6.398955946365083,0.07654073594917075,0,256
detailed,train,synthetic_regular,False,STEP no-KI,coupon_regular,-0.001,terms,256,-5.993473764749248,-5.601763150424993,-14.9254488800186,-2.559582378544716,0.030616294379668132,0,256
detailed,train,synthetic_regular,False,STEP no-KI,coupon_regular,0.001,terms,256,5.993473764749158,5.601763150426421,2.559582378548005,14.925448880018816,0.03061629437966829,256,0
detailed,train,synthetic_regular,False,STEP no-KI,coupon_regular,0.0025,terms,256,14.983684411872996,14.00440787606445,6.3989559463673,37.31362220004819,0.07654073594917069,256,0
detailed,train,synthetic_regular,False,STEP no-KI,coupon_regular,0.005,terms,256,29.96736882374606,28.00881575212825,12.797911892733447,74.6272444000954,0.1530814718983412,256,0
detailed,train,synthetic_regular,False,STEP no-KI,coupon_regular,0.01,terms,256,59.93473764749193,56.0176315042564,25.595823785467964,149.2544888001915,0.3061629437966827,256,0
detailed,train,synthetic_regular,False,STEP no-KI,first_strike,-0.05,terms,256,65.53256393941838,59.01389204267045,-303.4640142850793,330.401867813974,4.013289068782609,201,55
detailed,train,synthetic_regular,False,STEP no-KI,first_strike,-0.025,terms,256,29.407118359526237,29.03158938551615,-154.2114513758312,164.59328554656685,2.819855255759217,196,60
detailed,train,synthetic_regular,False,STEP no-KI,first_strike,-0.01,terms,256,10.718274114864691,10.925205929359372,-63.14813399914934,63.07826080782799,1.7591113819646853,191,65
detailed,train,synthetic_regular,False,STEP no-KI,first_strike,-0.005,terms,256,5.1487849256991165,5.013165242660818,-31.140467073010548,33.15133416272044,1.232460074770994,189,67
detailed,train,synthetic_regular,False,STEP no-KI,first_strike,0.005,terms,256,-4.946577556592922,-4.522146974719401,-29.8245577349093,32.06381096556187,1.2225670773597224,69,187
detailed,train,synthetic_regular,False,STEP no-KI,first_strike,0.01,terms,256,-9.463587137983403,-9.303390747810447,-61.4550658610528,60.53298101605071,1.7140752256419018,67,189
detailed,train,synthetic_regular,False,STEP no-KI,first_strike,0.025,terms,256,-20.647085891879833,-21.046371170636764,-156.2682053778885,147.70022835984005,2.623047900854771,69,187
detailed,train,synthetic_regular,False,STEP no-KI,first_strike,0.05,terms,256,-31.53405879106872,-32.09658607416597,-279.0158954441316,271.31261382021165,3.466483413567608,79,177
detailed,train,synthetic_regular,False,STEP no-KI,last_strike,-0.05,terms,256,77.39454312750092,62.83088616608518,0.0,332.7353562521973,2.8629251640865085,255,0
detailed,train,synthetic_regular,False,STEP no-KI,last_strike,-0.025,terms,256,37.80211576417982,28.88156110620104,0.0,175.42017687490235,1.982157335803475,255,0
detailed,train,synthetic_regular,False,STEP no-KI,last_strike,-0.01,terms,256,14.916079943118188,11.433407861745042,0.0,66.89305089250001,1.2350546569678853,255,0
detailed,train,synthetic_regular,False,STEP no-KI,last_strike,-0.005,terms,256,7.420836317010638,5.626656558404797,0.0,32.3517932220044,0.8677491184252556,253,0
detailed,train,synthetic_regular,False,STEP no-KI,last_strike,0.005,terms,256,-7.2416698825418715,-5.5797760924718816,-36.41509837080884,0.0,0.8527572563706466,0,253
detailed,train,synthetic_regular,False,STEP no-KI,last_strike,0.01,terms,256,-14.434527638847202,-11.039750002565643,-72.23761116820748,0.0,1.200783996943489,0,253
detailed,train,synthetic_regular,False,STEP no-KI,last_strike,0.025,terms,256,-35.156903982340616,-26.21457897261726,-170.60492574512972,0.0,1.8552945310976112,0,255
detailed,train,synthetic_regular,False,STEP no-KI,last_strike,0.05,terms,256,-67.69154816156083,-48.61521175847621,-348.64845662920004,0.0,2.518780572315684,0,255
detailed,validation,synthetic_monthly,True,LIZARD no-KI,base,0.0,terms,43,0.0,0.0,0.0,0.0,0.0,0,0
detailed,validation,synthetic_monthly,True,LIZARD no-KI,coupon_regular,-0.01,terms,43,-86.73232653149292,-85.90640727398876,-93.7249062138386,-82.71015057574343,0.2962302326154813,0,43
detailed,validation,synthetic_monthly,True,LIZARD no-KI,coupon_regular,-0.005,terms,43,-43.36616326574637,-42.95320363699441,-46.86245310691905,-41.35507528787157,0.14811511630774074,0,43
detailed,validation,synthetic_monthly,True,LIZARD no-KI,coupon_regular,-0.0025,terms,43,-21.6830816328732,-21.4766018184973,-23.431226553460384,-20.67753764393592,0.07405755815387052,0,43
detailed,validation,synthetic_monthly,True,LIZARD no-KI,coupon_regular,-0.001,terms,43,-8.67323265314937,-8.590640727399558,-9.372490621383866,-8.271015057574447,0.029623023261547903,0,43
detailed,validation,synthetic_monthly,True,LIZARD no-KI,coupon_regular,0.001,terms,43,8.673232653149329,8.590640727398155,8.271015057573297,9.372490621384342,0.02962302326154786,43,0
detailed,validation,synthetic_monthly,True,LIZARD no-KI,coupon_regular,0.0025,terms,43,21.6830816328732,21.476601818497272,20.67753764393461,23.431226553459226,0.07405755815387031,43,0
detailed,validation,synthetic_monthly,True,LIZARD no-KI,coupon_regular,0.005,terms,43,43.36616326574647,42.9532036369946,41.35507528787042,46.86245310691962,0.14811511630774063,43,0
detailed,validation,synthetic_monthly,True,LIZARD no-KI,coupon_regular,0.01,terms,43,86.7323265314929,85.906407273989,82.71015057574199,93.72490621383864,0.29623023261548115,43,0
detailed,validation,synthetic_monthly,True,LIZARD no-KI,first_strike,-0.05,terms,43,12.255620131586472,10.38885217802034,-21.165379973642285,51.95731006243974,2.491260544519634,28,15
detailed,validation,synthetic_monthly,True,LIZARD no-KI,first_strike,-0.025,terms,43,4.3261971420179774,2.6951661832702327,-14.768898419849812,23.170798878953995,1.7206650409414652,26,17
detailed,validation,synthetic_monthly,True,LIZARD no-KI,first_strike,-0.01,terms,43,1.6506661871646064,1.4436389549204989,-5.775984979880668,9.879435891823608,1.085048551090531,25,18
detailed,validation,synthetic_monthly,True,LIZARD no-KI,first_strike,-0.005,terms,43,0.6367448578579672,0.1412237562748268,-3.260490522902116,4.51239805640837,0.7529957976002818,22,21
detailed,validation,synthetic_monthly,True,LIZARD no-KI,first_strike,0.005,terms,43,-0.4776909104061614,-0.1330101327730227,-5.477869377311492,2.9316547384259533,0.7479744490337489,21,22
detailed,validation,synthetic_monthly,True,LIZARD no-KI,first_strike,0.01,terms,43,-0.7194878308110343,0.1844041974734667,-9.280697491060195,5.545337041307832,1.0398454913155406,24,19
detailed,validation,synthetic_monthly,True,LIZARD no-KI,first_strike,0.025,terms,43,-0.09735312713133155,1.4225949722267548,-19.253219631922185,15.213713693527833,1.5650506784911113,25,18
detailed,validation,synthetic_monthly,True,LIZARD no-KI,first_strike,0.05,terms,43,3.118455695513933,6.2849826590733215,-33.3015895935653,30.950457984666905,2.09289874138889,26,17
detailed,validation,synthetic_monthly,True,LIZARD no-KI,last_strike,-0.05,terms,43,60.952543801752206,56.7522284920725,44.17452593505123,89.46589788223557,2.670563240712638,43,0
detailed,validation,synthetic_monthly,True,LIZARD no-KI,last_strike,-0.025,terms,43,30.673076174854312,29.535956873754813,22.708376048301645,42.41506759041007,1.880528614640623,43,0
detailed,validation,synthetic_monthly,True,LIZARD no-KI,last_strike,-0.01,terms,43,12.202557511664892,11.811299917979468,8.862658183056297,16.990728890819042,1.1807694616659303,43,0
detailed,validation,synthetic_monthly,True,LIZARD no-KI,last_strike,-0.005,terms,43,6.191497848171509,6.164300866527736,3.5935923787320148,9.2055529087405,0.8379664462278651,43,0
detailed,validation,synthetic_monthly,True,LIZARD no-KI,last_strike,0.005,terms,43,-6.092497862150613,-5.766633755679755,-8.431219142816172,-4.019598087672983,0.8274426171021103,0,43
detailed,validation,synthetic_monthly,True,LIZARD no-KI,last_strike,0.01,terms,43,-12.335938339451477,-12.249575069947577,-17.332910250040683,-8.804892016440622,1.1740563717520118,0,43
detailed,validation,synthetic_monthly,True,LIZARD no-KI,last_strike,0.025,terms,43,-30.718382791656243,-31.14417510823856,-40.16430896769726,-22.399785048631536,1.8367047847963427,0,43
detailed,validation,synthetic_monthly,True,LIZARD no-KI,last_strike,0.05,terms,43,-61.71355399016663,-62.36577654054647,-79.57275449878578,-46.936384509204416,2.561912803992416,0,43
detailed,validation,synthetic_monthly,True,LIZARD no-KI,monthly_barrier,-0.05,terms,43,26.57836242773519,26.41207730688989,15.02101869013486,43.2684039191775,0.4152133314709117,43,0
detailed,validation,synthetic_monthly,True,LIZARD no-KI,monthly_barrier,-0.025,terms,43,14.048933265336483,14.049480772636189,7.960080683471594,22.874076343499745,0.23430372988694556,43,0
detailed,validation,synthetic_monthly,True,LIZARD no-KI,monthly_barrier,-0.01,terms,43,5.817090809070938,5.800355574820433,3.3086019766989025,9.46525031682401,0.115228215770758,43,0
detailed,validation,synthetic_monthly,True,LIZARD no-KI,monthly_barrier,-0.005,terms,43,2.9404049008849276,2.9566381549907885,1.6474001301591408,4.771643509556192,0.07121797236444913,43,0
detailed,validation,synthetic_monthly,True,LIZARD no-KI,monthly_barrier,0.005,terms,43,-3.005790083911314,-3.023472774942052,-4.839963575727696,-1.83910235533284,0.0720506874762935,0,43
detailed,validation,synthetic_monthly,True,LIZARD no-KI,monthly_barrier,0.01,terms,43,-6.091196025000173,-6.127355463679348,-9.900692410049384,-3.7094661489351015,0.11782923698111956,0,43
detailed,validation,synthetic_monthly,True,LIZARD no-KI,monthly_barrier,0.025,terms,43,-15.720302979498278,-15.791797412885815,-25.23959708164842,-9.580943942754786,0.2486260335975978,0,43
detailed,validation,synthetic_monthly,True,LIZARD no-KI,monthly_barrier,0.05,terms,43,-33.094483021800905,-33.425813720711176,-52.46644378692238,-20.687259097632868,0.46481717087083735,0,43
detailed,validation,synthetic_monthly,True,STEP KI,base,0.0,terms,43,0.0,0.0,0.0,0.0,0.0,0,0
detailed,validation,synthetic_monthly,True,STEP KI,coupon_regular,-0.01,terms,43,-119.33592668988754,-121.30228259611457,-156.13104033974037,-69.27549818270836,0.38852582708573274,0,43
detailed,validation,synthetic_monthly,True,STEP KI,coupon_regular,-0.005,terms,43,-59.66796334494373,-60.6511412980573,-78.06552016987115,-34.63774909135438,0.19426291354286637,0,43
detailed,validation,synthetic_monthly,True,STEP KI,coupon_regular,-0.0025,terms,43,-29.833981672471875,-30.325570649028744,-39.03276008493514,-17.318874545677154,0.09713145677143321,0,43
detailed,validation,synthetic_monthly,True,STEP KI,coupon_regular,-0.001,terms,43,-11.933592668988807,-12.130228259611464,-15.613104033974308,-6.927549818271018,0.038852582708572996,0,43
detailed,validation,synthetic_monthly,True,STEP KI,coupon_regular,0.001,terms,43,11.933592668988739,12.130228259611687,6.927549818270637,15.613104033973247,0.03885258270857325,43,0
detailed,validation,synthetic_monthly,True,STEP KI,coupon_regular,0.0025,terms,43,29.83398167247196,30.32557064902813,17.318874545677275,39.03276008493513,0.09713145677143274,43,0
detailed,validation,synthetic_monthly,True,STEP KI,coupon_regular,0.005,terms,43,59.66796334494378,60.65114129805694,34.63774909135401,78.065520169871,0.1942629135428663,43,0
detailed,validation,synthetic_monthly,True,STEP KI,coupon_regular,0.01,terms,43,119.3359266898875,121.30228259611468,69.27549818270842,156.13104033974037,0.3885258270857321,43,0
detailed,validation,synthetic_monthly,True,STEP KI,first_strike,-0.05,terms,43,13.49306847935968,8.676326136218606,-72.53760788491945,141.2111597305939,2.956432278171959,25,18
detailed,validation,synthetic_monthly,True,STEP KI,first_strike,-0.025,terms,43,4.17864461104106,0.4682329567579038,-36.83108289462311,65.6063765846919,1.9973628694492782,23,20
detailed,validation,synthetic_monthly,True,STEP KI,first_strike,-0.01,terms,43,1.3064150007296065,-0.6491484948919555,-14.204924750717923,26.921947508247065,1.2267617949337315,21,22
detailed,validation,synthetic_monthly,True,STEP KI,first_strike,-0.005,terms,43,0.4872749888400925,-0.3642656182465273,-7.382389950345236,12.65106497499158,0.8530826179396569,20,23
detailed,validation,synthetic_monthly,True,STEP KI,first_strike,0.005,terms,43,-0.4877105212492015,0.1454056320894118,-13.641081233787007,6.987991978242809,0.8328457158895458,22,21
detailed,validation,synthetic_monthly,True,STEP KI,first_strike,0.01,terms,43,-0.7541766114589407,0.8397046421528417,-26.453548705507597,13.899331005292105,1.1620451669617042,24,19
detailed,validation,synthetic_monthly,True,STEP KI,first_strike,0.025,terms,43,-0.7938718294161764,2.89783430794832,-57.997365112142354,32.08523445374861,1.7632656035588958,26,17
detailed,validation,synthetic_monthly,True,STEP KI,first_strike,0.05,terms,43,0.6523966886669371,9.444735988679348,-109.73193871158682,59.04715081330553,2.327206525144335,26,17
detailed,validation,synthetic_monthly,True,STEP KI,ki_barrier,-0.05,terms,43,106.93357623681423,106.59235375809916,0.4467644473368066,207.23250794504216,3.150246115972665,43,0
detailed,validation,synthetic_monthly,True,STEP KI,ki_barrier,-0.025,terms,43,52.477507851965015,50.49003646451029,0.1130102191642195,105.50421435107012,2.200598983914821,43,0
detailed,validation,synthetic_monthly,True,STEP KI,ki_barrier,-0.01,terms,43,20.57195138353007,19.792894450458704,0.0,38.52592276290092,1.371940105406865,42,0
detailed,validation,synthetic_monthly,True,STEP KI,ki_barrier,-0.005,terms,43,10.242636341411842,9.659722767772053,0.0,18.62880525252146,0.9653869970847553,42,0
detailed,validation,synthetic_monthly,True,STEP KI,ki_barrier,0.005,terms,43,-10.13776031912723,-9.942555229021526,-19.65266562545954,0.0,0.9556604725781706,0,42
detailed,validation,synthetic_monthly,True,STEP KI,ki_barrier,0.01,terms,43,-19.936745366172033,-18.897963358722937,-39.35984147250857,-0.062292792523899,1.3391355273466155,0,43
detailed,validation,synthetic_monthly,True,STEP KI,ki_barrier,0.025,terms,43,-48.558716104243715,-45.51261614213736,-94.47187918032304,-0.062292792523899,2.0654923923113304,0,43
detailed,validation,synthetic_monthly,True,STEP KI,ki_barrier,0.05,terms,43,-91.01156654234987,-85.22353146284365,-168.56537908684805,-0.1260820737870299,2.7826323537278723,0,43
detailed,validation,synthetic_monthly,True,STEP KI,last_strike,-0.05,terms,43,11.972801084356156,11.38041366020601,0.0,36.74894775267592,0.8411610385415591,42,0
detailed,validation,synthetic_monthly,True,STEP KI,last_strike,-0.025,terms,43,5.060555331840164,4.699660935051849,0.0,16.283490963102125,0.5273779457423365,41,0
detailed,validation,synthetic_monthly,True,STEP KI,last_strike,-0.01,terms,43,1.83459572703381,1.722911931734068,0.0,5.839005863273219,0.311306817466124,41,0
detailed,validation,synthetic_monthly,True,STEP KI,last_strike,-0.005,terms,43,0.9277986549633283,0.6851883305836459,0.0,3.218022741779209,0.21640389994016293,39,0
detailed,validation,synthetic_monthly,True,STEP KI,last_strike,0.005,terms,43,-0.8147694830541037,-0.6625253196189546,-2.577023753338474,0.0,0.20450702089540865,0,40
detailed,validation,synthetic_monthly,True,STEP KI,last_strike,0.01,terms,43,-1.600134709763054,-1.264341614681817,-5.0912792173796415,0.0,0.28367253260787356,0,40
detailed,validation,synthetic_monthly,True,STEP KI,last_strike,0.025,terms,43,-3.6578082620592656,-3.379584500688648,-11.419574331110264,0.0,0.4230357696979217,0,41
detailed,validation,synthetic_monthly,True,STEP KI,last_strike,0.05,terms,43,-6.2218840057534575,-5.610292612024179,-20.65494890108496,0.0,0.539979148944591,0,41
detailed,validation,synthetic_monthly,True,STEP KI,monthly_barrier,-0.05,terms,43,27.626257075442208,23.53014121395388,0.1766045738040179,101.59577595969938,0.37036857798520184,43,0
detailed,validation,synthetic_monthly,True,STEP KI,monthly_barrier,-0.025,terms,43,14.66898709013924,12.7692641455963,0.111254057144483,50.607517704248586,0.2137189120901997,43,0
detailed,validation,synthetic_monthly,True,STEP KI,monthly_barrier,-0.01,terms,43,6.087408946435817,5.390619612519201,0.043589037336526,20.158464640188303,0.1074422022458341,43,0
detailed,validation,synthetic_monthly,True,STEP KI,monthly_barrier,-0.005,terms,43,3.075455775852141,2.731576100455796,0.0187734940512689,10.111134362213637,0.06722916193921286,43,0
detailed,validation,synthetic_monthly,True,STEP KI,monthly_barrier,0.005,terms,43,-3.1423415684979705,-2.847242861312841,-9.77184169824078,-0.0352973804829306,0.06793196545966215,0,43
detailed,validation,synthetic_monthly,True,STEP KI,monthly_barrier,0.01,terms,43,-6.380587331931048,-5.708162893356674,-20.15557407637909,-0.0865133926200316,0.11046334505378565,0,43
detailed,validation,synthetic_monthly,True,STEP KI,monthly_barrier,0.025,terms,43,-16.50345206197578,-15.026838895438557,-50.402719514842886,-0.2843241626135712,0.230015381535933,0,43
detailed,validation,synthetic_monthly,True,STEP KI,monthly_barrier,0.05,terms,43,-34.86190981125129,-32.88334128112338,-100.63108518985216,-0.7246387215536239,0.4269508197065171,0,43
detailed,validation,synthetic_monthly,True,STEP no-KI,base,0.0,terms,42,0.0,0.0,0.0,0.0,0.0,0,0
detailed,validation,synthetic_monthly,True,STEP no-KI,coupon_regular,-0.01,terms,42,-105.90871381006825,-104.89051581777943,-162.3655120093488,-69.07935050325072,0.3450121236491482,0,42
detailed,validation,synthetic_monthly,True,STEP no-KI,coupon_regular,-0.005,terms,42,-52.95435690503407,-52.44525790888963,-81.18275600467467,-34.53967525162532,0.17250606182457418,0,42
detailed,validation,synthetic_monthly,True,STEP no-KI,coupon_regular,-0.0025,terms,42,-26.477178452517084,-26.222628954445135,-40.59137800233744,-17.269837625812674,0.08625303091228716,0,42
detailed,validation,synthetic_monthly,True,STEP no-KI,coupon_regular,-0.001,terms,42,-10.590871381006872,-10.489051581778103,-16.23655120093481,-6.907935050325101,0.034501212364914866,0,42
detailed,validation,synthetic_monthly,True,STEP no-KI,coupon_regular,0.001,terms,42,10.590871381006739,10.489051581777531,6.907935050324618,16.23655120093533,0.034501212364915115,42,0
detailed,validation,synthetic_monthly,True,STEP no-KI,coupon_regular,0.0025,terms,42,26.47717845251693,26.222628954445,17.269837625812528,40.59137800233712,0.08625303091228746,42,0
detailed,validation,synthetic_monthly,True,STEP no-KI,coupon_regular,0.005,terms,42,52.95435690503394,52.44525790888972,34.53967525162485,81.18275600467479,0.17250606182457456,42,0
detailed,validation,synthetic_monthly,True,STEP no-KI,coupon_regular,0.01,terms,42,105.90871381006788,104.89051581777977,69.07935050324883,162.3655120093489,0.3450121236491488,42,0
detailed,validation,synthetic_monthly,True,STEP no-KI,first_strike,-0.05,terms,42,31.37918096856501,19.711356785329464,-73.47108279891916,195.26892082871737,3.118449382409275,28,14
detailed,validation,synthetic_monthly,True,STEP no-KI,first_strike,-0.025,terms,42,12.75697891368791,5.279096193102222,-34.11091841862079,87.42069116494652,2.125717639033623,25,17
detailed,validation,synthetic_monthly,True,STEP no-KI,first_strike,-0.01,terms,42,4.286700576006088,2.3807236440930053,-12.685347705118886,34.82791285574474,1.3043848351970613,24,18
detailed,validation,synthetic_monthly,True,STEP no-KI,first_strike,-0.005,terms,42,2.030064860524464,1.3188430866106118,-5.745461227950871,16.987184213965726,0.9144124404829981,24,18
detailed,validation,synthetic_monthly,True,STEP no-KI,first_strike,0.005,terms,42,-1.5662776616897123,-0.5211087117843587,-14.828829067505596,6.090762186567996,0.8777283143130454,19,23
detailed,validation,synthetic_monthly,True,STEP no-KI,first_strike,0.01,terms,42,-3.069197663341104,-0.7462169225883237,-30.787667564381177,11.82320973188344,1.2357071904373098,21,21
detailed,validation,synthetic_monthly,True,STEP no-KI,first_strike,0.025,terms,42,-6.773640586614174,-1.8867054404309536,-69.05890751893573,29.60923359145717,1.8951948642909753,20,22
detailed,validation,synthetic_monthly,True,STEP no-KI,first_strike,0.05,terms,42,-8.361755024000253,2.208694476715613,-126.10319446702698,59.461475580380494,2.494035521007039,22,20
detailed,validation,synthetic_monthly,True,STEP no-KI,last_strike,-0.05,terms,42,82.8291038055949,77.13858468234223,17.754186182630164,192.3273156560155,2.7045383775481207,42,0
detailed,validation,synthetic_monthly,True,STEP no-KI,last_strike,-0.025,terms,42,40.10794074746433,38.60293221039504,10.643677361335255,91.39281835326632,1.864357571223916,42,0
detailed,validation,synthetic_monthly,True,STEP no-KI,last_strike,-0.01,terms,42,15.786909270030414,15.289962564805919,4.657789361471704,35.06747645022368,1.1617545065953359,42,0
detailed,validation,synthetic_monthly,True,STEP no-KI,last_strike,-0.005,terms,42,7.601081544057466,7.002692665928147,2.1376380358407108,16.991105183761736,0.8028742997456073,42,0
detailed,validation,synthetic_monthly,True,STEP no-KI,last_strike,0.005,terms,42,-7.726651137060336,-6.926270402203121,-20.164101513205217,-2.11570163477358,0.803200475946563,0,42
detailed,validation,synthetic_monthly,True,STEP no-KI,last_strike,0.01,terms,42,-15.33226415884187,-13.474446770111214,-38.67458965083732,-3.746936736082565,1.1268798800381048,0,42
detailed,validation,synthetic_monthly,True,STEP no-KI,last_strike,0.025,terms,42,-36.82604312599822,-31.929378511248203,-91.15728388525352,-10.933992272329178,1.7247018943863481,0,42
detailed,validation,synthetic_monthly,True,STEP no-KI,last_strike,0.05,terms,42,-69.94712829508545,-58.971230339243775,-170.22049574543004,-24.120513885892635,2.324379277888494,0,42
detailed,validation,synthetic_monthly,True,STEP no-KI,monthly_barrier,-0.05,terms,42,30.80318891676982,25.46511362160282,5.210629511399972,77.858612995891,0.44219882145747913,42,0
detailed,validation,synthetic_monthly,True,STEP no-KI,monthly_barrier,-0.025,terms,42,16.49222485473261,14.0603146935627,3.0239773255424662,39.05346857797571,0.2529578340413364,42,0
detailed,validation,synthetic_monthly,True,STEP no-KI,monthly_barrier,-0.01,terms,42,6.8898695060680994,5.900333529756331,1.327572925051094,15.668989601103764,0.12486951223441352,42,0
detailed,validation,synthetic_monthly,True,STEP no-KI,monthly_barrier,-0.005,terms,42,3.49027042895504,3.0576739494530374,0.6980196783011405,7.777087454123993,0.07722315582174523,42,0
detailed,validation,synthetic_monthly,True,STEP no-KI,monthly_barrier,0.005,terms,42,-3.5890498542331595,-3.1538721608024494,-7.916589413113596,-0.7113764607167344,0.07850914493455277,0,42
detailed,validation,synthetic_monthly,True,STEP no-KI,monthly_barrier,0.01,terms,42,-7.251877029871862,-6.393164505148986,-15.707513089471178,-1.4715608643519678,0.12866754815994466,0,42
detailed,validation,synthetic_monthly,True,STEP no-KI,monthly_barrier,0.025,terms,42,-18.82626200646041,-16.835395104136026,-39.24901671864235,-4.070625110510033,0.2727087106574578,0,42
detailed,validation,synthetic_monthly,True,STEP no-KI,monthly_barrier,0.05,terms,42,-40.075827319107276,-36.67086028054359,-79.05395388776502,-9.761529327406365,0.5135814588866123,0,42
detailed,validation,synthetic_regular,False,LIZARD KI,base,0.0,terms,32,0.0,0.0,0.0,0.0,0.0,0,0
detailed,validation,synthetic_regular,False,LIZARD KI,coupon_regular,-0.01,terms,32,-39.39092325983434,-34.40398451280228,-104.04258566847363,-11.845372016571629,0.23147515476746078,0,32
detailed,validation,synthetic_regular,False,LIZARD KI,coupon_regular,-0.005,terms,32,-19.69546162991716,-17.20199225640137,-52.02129283423676,-5.92268600828532,0.11573757738373064,0,32
detailed,validation,synthetic_regular,False,LIZARD KI,coupon_regular,-0.0025,terms,32,-9.84773081495851,-8.600996128200574,-26.01064641711876,-2.961343004142161,0.05786878869186501,0,32
detailed,validation,synthetic_regular,False,LIZARD KI,coupon_regular,-0.001,terms,32,-3.9390923259833652,-3.440398451280073,-10.404258566846943,-1.1845372016572646,0.023147515476746282,0,32
detailed,validation,synthetic_regular,False,LIZARD KI,coupon_regular,0.001,terms,32,3.939092325983568,3.4403984512800827,1.1845372016572604,10.404258566847217,0.023147515476746233,32,0
detailed,validation,synthetic_regular,False,LIZARD KI,coupon_regular,0.0025,terms,32,9.847730814958638,8.600996128200064,2.9613430041431505,26.010646417118103,0.05786878869186554,32,0
detailed,validation,synthetic_regular,False,LIZARD KI,coupon_regular,0.005,terms,32,19.695461629917357,17.20199225640104,5.922686008285312,52.02129283423688,0.1157375773837305,32,0
detailed,validation,synthetic_regular,False,LIZARD KI,coupon_regular,0.01,terms,32,39.39092325983439,34.403984512802126,11.845372016570629,104.04258566847317,0.231475154767461,32,0
detailed,validation,synthetic_regular,False,LIZARD KI,first_strike,-0.05,terms,32,39.89526248498492,21.393701064827543,-137.8628454583432,227.7570442837231,2.140935238525211,26,6
detailed,validation,synthetic_regular,False,LIZARD KI,first_strike,-0.025,terms,32,19.022436699652854,10.279333789452036,-64.12692223561794,105.43683999167206,1.4395552345255154,26,6
detailed,validation,synthetic_regular,False,LIZARD KI,first_strike,-0.01,terms,32,7.121717446275596,4.149546422359221,-21.596334949364422,38.54709232275575,0.873781176662145,26,6
detailed,validation,synthetic_regular,False,LIZARD KI,first_strike,-0.005,terms,32,3.4105703225602393,1.9731158679931013,-10.503255627291937,17.6620114956308,0.601266581650086,26,6
detailed,validation,synthetic_regular,False,LIZARD KI,first_strike,0.005,terms,32,-3.5011001467972482,-2.0044353621472473,-21.653070651447948,12.033986229143624,0.5901091430702667,8,24
detailed,validation,synthetic_regular,False,LIZARD KI,first_strike,0.01,terms,32,-6.775664888455543,-3.9376508718624343,-40.45767025308294,22.329512632343143,0.8188064640276244,9,23
detailed,validation,synthetic_regular,False,LIZARD KI,first_strike,0.025,terms,32,-16.344303613558264,-10.435965421194446,-96.77787100213872,52.355785166405376,1.253898446089965,9,23
detailed,validation,synthetic_regular,False,LIZARD KI,first_strike,0.05,terms,32,-30.571913081423638,-21.818775533173756,-186.8789533559172,81.5615156054013,1.6624738069287281,9,23
detailed,validation,synthetic_regular,False,LIZARD KI,ki_barrier,-0.05,terms,32,37.983100891559104,7.127122235739165,0.0,246.44018080297053,1.7204400462894789,28,0
detailed,validation,synthetic_regular,False,LIZARD KI,ki_barrier,-0.025,terms,32,17.866049705787713,2.8566403019740374,0.0,114.81163316423668,1.1720096063965264,27,0
detailed,validation,synthetic_regular,False,LIZARD KI,ki_barrier,-0.01,terms,32,6.841753527354559,1.2104684314279606,0.0,41.598870131141226,0.716628873428649,25,0
detailed,validation,synthetic_regular,False,LIZARD KI,ki_barrier,-0.005,terms,32,3.470602258279335,0.8779498684303937,0.0,20.397264088202697,0.4957921870488851,21,0
detailed,validation,synthetic_regular,False,LIZARD KI,ki_barrier,0.005,terms,32,-3.0386152079666644,-0.6208990843169591,-17.066090783038177,0.0,0.4713863314787863,0,23
detailed,validation,synthetic_regular,False,LIZARD KI,ki_barrier,0.01,terms,32,-6.194040125267238,-1.173966904173232,-36.3447388252125,0.0,0.6793112852836414,0,25
detailed,validation,synthetic_regular,False,LIZARD KI,ki_barrier,0.025,terms,32,-15.07332455169889,-3.2823872776658947,-87.6865348888692,0.0,1.065223415550817,0,27
detailed,validation,synthetic_regular,False,LIZARD KI,ki_barrier,0.05,terms,32,-26.425560955520304,-4.925532403673798,-161.06530571929528,0.0,1.403659370968092,0,28
detailed,validation,synthetic_regular,False,LIZARD KI,last_strike,-0.05,terms,32,18.039500870593308,4.677772194647197,0.0,87.58435487655008,1.1012844685157495,23,0
detailed,validation,synthetic_regular,False,LIZARD KI,last_strike,-0.025,terms,32,8.071253947921413,2.256184221204123,0.0,38.66926179215783,0.718406305188653,20,0
detailed,validation,synthetic_regular,False,LIZARD KI,last_strike,-0.01,terms,32,3.1203553645783177,0.456791130320791,0.0,14.832594502790757,0.43346160270359146,18,0
detailed,validation,synthetic_regular,False,LIZARD KI,last_strike,-0.005,terms,32,1.5059523253469251,0.1888667876311974,0.0,7.053183583137003,0.29710455993114204,17,0
detailed,validation,synthetic_regular,False,LIZARD KI,last_strike,0.005,terms,32,-1.4160175452996042,-0.4444937915897731,-7.0024693339660855,0.0,0.29610530390593637,0,18
detailed,validation,synthetic_regular,False,LIZARD KI,last_strike,0.01,terms,32,-2.723776547565059,-0.6700886849109355,-12.962248787379696,0.0,0.4079665883023732,0,18
detailed,validation,synthetic_regular,False,LIZARD KI,last_strike,0.025,terms,32,-6.388781909719025,-1.5477065440064979,-32.23463959465088,0.0,0.6295595447631492,0,21
detailed,validation,synthetic_regular,False,LIZARD KI,last_strike,0.05,terms,32,-11.45559025494481,-2.075070320153652,-62.11837922173525,0.0,0.8330325240487477,0,22
detailed,validation,synthetic_regular,False,LIZARD no-KI,base,0.0,terms,32,0.0,0.0,0.0,0.0,0.0,0,0
detailed,validation,synthetic_regular,False,LIZARD no-KI,coupon_regular,-0.01,terms,32,-43.62846197443146,-37.036867127589815,-104.72815843161322,-19.578718304744093,0.2508431921496485,0,32
detailed,validation,synthetic_regular,False,LIZARD no-KI,coupon_regular,-0.005,terms,32,-21.814230987215932,-18.51843356379531,-52.364079215807024,-9.789359152372048,0.1254215960748243,0,32
detailed,validation,synthetic_regular,False,LIZARD no-KI,coupon_regular,-0.0025,terms,32,-10.907115493607819,-9.259216781898049,-26.182039607903533,-4.8946795761875865,0.0627107980374123,0,32
detailed,validation,synthetic_regular,False,LIZARD no-KI,coupon_regular,-0.001,terms,32,-4.362846197443216,-3.7036867127595032,-10.472815843161214,-1.957871830474721,0.02508431921496504,0,32
detailed,validation,synthetic_regular,False,LIZARD no-KI,coupon_regular,0.001,terms,32,4.36284619744329,3.703686712759551,1.957871830473161,10.472815843161287,0.025084319214964835,32,0
detailed,validation,synthetic_regular,False,LIZARD no-KI,coupon_regular,0.0025,terms,32,10.907115493607844,9.259216781898122,4.894679576184462,26.18203960790377,0.06271079803741197,32,0
detailed,validation,synthetic_regular,False,LIZARD no-KI,coupon_regular,0.005,terms,32,21.814230987215822,18.518433563795277,9.78935915237204,52.364079215807344,0.12542159607482434,32,0
detailed,validation,synthetic_regular,False,LIZARD no-KI,coupon_regular,0.01,terms,32,43.62846197443163,37.03686712759002,19.57871830474408,104.72815843161398,0.2508431921496481,32,0
detailed,validation,synthetic_regular,False,LIZARD no-KI,first_strike,-0.05,terms,32,43.811964964107716,27.994512235841974,-23.857446775586254,188.0196866886104,2.1682511579331054,26,6
detailed,validation,synthetic_regular,False,LIZARD no-KI,first_strike,-0.025,terms,32,20.282132810839002,14.811616857482184,-13.391815911373852,89.06233736896154,1.4271588661165022,26,6
detailed,validation,synthetic_regular,False,LIZARD no-KI,first_strike,-0.01,terms,32,7.469195663411694,5.985172107627215,-5.4550972689396575,31.24808691165883,0.8584771744011437,25,7
detailed,validation,synthetic_regular,False,LIZARD no-KI,first_strike,-0.005,terms,32,3.598844219972066,3.007858668563148,-3.122389202636548,15.349530478117146,0.5912674267433622,25,7
detailed,validation,synthetic_regular,False,LIZARD no-KI,first_strike,0.005,terms,32,-3.4768334574848474,-2.64241995426954,-17.870356677368335,3.2476361306343504,0.5824195978895144,7,25
detailed,validation,synthetic_regular,False,LIZARD no-KI,first_strike,0.01,terms,32,-6.68560207879579,-5.287339649062528,-32.000409462261175,5.0890308339478665,0.8033953497614417,8,24
detailed,validation,synthetic_regular,False,LIZARD no-KI,first_strike,0.025,terms,32,-16.082423828780936,-14.203400007801635,-77.16346450627789,13.241725249987027,1.2232678074110779,7,25
detailed,validation,synthetic_regular,False,LIZARD no-KI,first_strike,0.05,terms,32,-28.05056923148996,-27.67120061450585,-142.2133631898315,41.06335924669466,1.6033096023057647,9,23
detailed,validation,synthetic_regular,False,LIZARD no-KI,last_strike,-0.05,terms,32,59.57373890357833,33.58014605673219,0.1450224103971609,323.20580241944424,2.329959438060035,32,0
detailed,validation,synthetic_regular,False,LIZARD no-KI,last_strike,-0.025,terms,32,29.676791712540123,15.587908390934931,0.120369048102852,161.702460565954,1.6288376305668015,32,0
detailed,validation,synthetic_regular,False,LIZARD no-KI,last_strike,-0.01,terms,32,11.715008559476285,5.653183047998195,0.0,63.09642266046932,1.0035598068073133,29,0
detailed,validation,synthetic_regular,False,LIZARD no-KI,last_strike,-0.005,terms,32,5.928330726072325,3.1609731926036746,0.0,31.863725409169668,0.7109768945607615,28,0
detailed,validation,synthetic_regular,False,LIZARD no-KI,last_strike,0.005,terms,32,-5.48123488964026,-2.7970534315694833,-27.9601066796096,0.0,0.6941997324512933,0,30
detailed,validation,synthetic_regular,False,LIZARD no-KI,last_strike,0.01,terms,32,-11.014050346990038,-5.615672950681419,-58.73540283635455,0.0,0.9826405986716189,0,31
detailed,validation,synthetic_regular,False,LIZARD no-KI,last_strike,0.025,terms,32,-27.11090950704872,-13.332942835647977,-153.16883309358417,0.0,1.5152722884117265,0,31
detailed,validation,synthetic_regular,False,LIZARD no-KI,last_strike,0.05,terms,32,-51.33090715638801,-23.510841362734958,-280.6244953234856,-0.1085257071236907,2.0551025170748285,0,32
detailed,validation,synthetic_regular,False,STEP KI,base,0.0,terms,32,0.0,0.0,0.0,0.0,0.0,0,0
detailed,validation,synthetic_regular,False,STEP KI,coupon_regular,-0.01,terms,32,-83.05444087643635,-77.26312079859622,-136.14795414778874,-28.507651732689958,0.3978302332955197,0,32
detailed,validation,synthetic_regular,False,STEP KI,coupon_regular,-0.005,terms,32,-41.5272204382181,-38.631560399298166,-68.07397707389418,-14.25382586634497,0.19891511664776035,0,32
detailed,validation,synthetic_regular,False,STEP KI,coupon_regular,-0.0025,terms,32,-20.7636102191091,-19.315780199649097,-34.036988536947106,-7.126912933171399,0.09945755832388001,0,32
detailed,validation,synthetic_regular,False,STEP KI,coupon_regular,-0.001,terms,32,-8.305444087643608,-7.726312079859099,-13.614795414779556,-2.850765173269417,0.03978302332955247,0,32
detailed,validation,synthetic_regular,False,STEP KI,coupon_regular,0.001,terms,32,8.305444087643684,7.726312079860186,2.850765173271528,13.614795414778223,0.039783023329551956,32,0
detailed,validation,synthetic_regular,False,STEP KI,coupon_regular,0.0025,terms,32,20.763610219109264,19.315780199649012,7.1269129331757215,34.03698853694722,0.09945755832387956,32,0
detailed,validation,synthetic_regular,False,STEP KI,coupon_regular,0.005,terms,32,41.52722043821817,38.63156039929818,14.253825866347118,68.07397707389394,0.19891511664776035,32,0
detailed,validation,synthetic_regular,False,STEP KI,coupon_regular,0.01,terms,32,83.05444087643633,77.26312079859626,28.507651732692143,136.147954147789,0.3978302332955198,32,0
detailed,validation,synthetic_regular,False,STEP KI,first_strike,-0.05,terms,32,-14.082415438930767,-21.098541196074805,-272.2255912030724,154.22808928783388,3.0719758482703243,14,18
detailed,validation,synthetic_regular,False,STEP KI,first_strike,-0.025,terms,32,-10.221951051995898,-12.049050746939521,-137.4983927666082,66.80126691658495,2.1281495379905557,12,20
detailed,validation,synthetic_regular,False,STEP KI,first_strike,-0.01,terms,32,-4.850110214773594,-6.065398674163801,-54.76809465710192,25.22066526053958,1.3209130984204278,12,20
detailed,validation,synthetic_regular,False,STEP KI,first_strike,-0.005,terms,32,-2.254064093980708,-1.9809377069565937,-26.875261648356503,13.489668562773163,0.9283291881556193,14,18
detailed,validation,synthetic_regular,False,STEP KI,first_strike,0.005,terms,32,2.8285021555360452,2.447959992948814,-14.155587941495284,27.55290013145885,0.8835105883695489,20,12
detailed,validation,synthetic_regular,False,STEP KI,first_strike,0.01,terms,32,5.877941351901269,5.664102120533853,-28.16588250172647,55.9744365668767,1.2363714898339953,20,12
detailed,validation,synthetic_regular,False,STEP KI,first_strike,0.025,terms,32,14.634029234421739,11.779368959945959,-60.27971712567347,132.763771152831,1.890471693527047,21,11
detailed,validation,synthetic_regular,False,STEP KI,first_strike,0.05,terms,32,29.874160792506366,24.661715588225793,-104.89024339088763,240.1455022349413,2.4440433669039976,21,11
detailed,validation,synthetic_regular,False,STEP KI,ki_barrier,-0.05,terms,32,107.24483119268174,67.60192647743816,0.0,402.0154861006976,3.608106592044279,31,0
detailed,validation,synthetic_regular,False,STEP KI,ki_barrier,-0.025,terms,32,54.25733355100439,37.28313660952746,0.0,197.5523752880589,2.5825371011917815,31,0
detailed,validation,synthetic_regular,False,STEP KI,ki_barrier,-0.01,terms,32,21.44476048529725,14.096124534892434,0.0,72.98643406569637,1.6268523336072964,31,0
detailed,validation,synthetic_regular,False,STEP KI,ki_barrier,-0.005,terms,32,10.611605440074976,6.750210899230034,0.0,34.9960653500527,1.1428702245809401,31,0
detailed,validation,synthetic_regular,False,STEP KI,ki_barrier,0.005,terms,32,-10.559141521923362,-6.6142239708884585,-44.34534609723934,0.0,1.1300893826320908,0,30
detailed,validation,synthetic_regular,False,STEP KI,ki_barrier,0.01,terms,32,-21.11774525896216,-12.834210636202128,-88.29424140069847,0.0,1.6044842581581873,0,31
detailed,validation,synthetic_regular,False,STEP KI,ki_barrier,0.025,terms,32,-53.27490476089751,-31.700761610786746,-207.0484495333296,0.0,2.531927780860424,0,31
detailed,validation,synthetic_regular,False,STEP KI,ki_barrier,0.05,terms,32,-103.20120384216091,-65.09196465057576,-393.26219300767866,-0.256124871025886,3.4958075947186655,0,32
detailed,validation,synthetic_regular,False,STEP KI,last_strike,-0.05,terms,32,16.807331274205957,6.717500976324431,0.0,76.14831672007874,1.1546034686311888,27,0
detailed,validation,synthetic_regular,False,STEP KI,last_strike,-0.025,terms,32,7.160168219315433,2.8517344783671428,0.0,34.32716565753917,0.7369139243408981,27,0
detailed,validation,synthetic_regular,False,STEP KI,last_strike,-0.01,terms,32,2.5150288445405184,1.0489920866122164,0.0,10.575514008009891,0.4326388299876664,26,0
detailed,validation,synthetic_regular,False,STEP KI,last_strike,-0.005,terms,32,1.198728070330625,0.6029612225806782,0.0,5.642045777076245,0.28947442678803237,23,0
detailed,validation,synthetic_regular,False,STEP KI,last_strike,0.005,terms,32,-1.1565143497055588,-0.4399367666606847,-5.443253976866873,0.0,0.2764204035021846,0,22
detailed,validation,synthetic_regular,False,STEP KI,last_strike,0.01,terms,32,-2.0947431690235314,-0.802179175686909,-10.01821588170878,0.0,0.3763164033300303,0,24
detailed,validation,synthetic_regular,False,STEP KI,last_strike,0.025,terms,32,-4.903802286233358,-2.0706694843242817,-21.013896282596114,0.0,0.5857531894373351,0,25
detailed,validation,synthetic_regular,False,STEP KI,last_strike,0.05,terms,32,-8.628012866410833,-3.7253976762916747,-37.08343009991695,0.0,0.7611791699895823,0,25
detailed,validation,synthetic_regular,False,STEP no-KI,base,0.0,terms,32,0.0,0.0,0.0,0.0,0.0,0,0
detailed,validation,synthetic_regular,False,STEP no-KI,coupon_regular,-0.01,terms,32,-60.44740069028305,-59.469172553103995,-143.78287705258765,-28.998740088486777,0.3253822383341987,0,32
detailed,validation,synthetic_regular,False,STEP no-KI,coupon_regular,-0.005,terms,32,-30.223700345141452,-29.734586276552022,-71.89143852629365,-14.49937004424288,0.16269111916709955,0,32
detailed,validation,synthetic_regular,False,STEP no-KI,coupon_regular,-0.0025,terms,32,-15.111850172570804,-14.867293138275638,-35.94571926314657,-7.249685022120434,0.08134555958355,0,32
detailed,validation,synthetic_regular,False,STEP no-KI,coupon_regular,-0.001,terms,32,-6.0447400690281246,-5.94691725531074,-14.378287705258384,-2.899874008846712,0.03253822383342022,0,32
detailed,validation,synthetic_regular,False,STEP no-KI,coupon_regular,0.001,terms,32,6.044740069028239,5.946917255310234,2.8998740088498325,14.378287705259073,0.03253822383341975,32,0
detailed,validation,synthetic_regular,False,STEP no-KI,coupon_regular,0.0025,terms,32,15.11185017257074,14.867293138276015,7.2496850221235025,35.945719263146444,0.08134555958354953,32,0
detailed,validation,synthetic_regular,False,STEP no-KI,coupon_regular,0.005,terms,32,30.2237003451415,29.73458627655235,14.49937004424388,71.8914385262949,0.16269111916709922,32,0
detailed,validation,synthetic_regular,False,STEP no-KI,coupon_regular,0.01,terms,32,60.44740069028278,59.46917255310415,28.998740088488784,143.78287705258762,0.3253822383341988,32,0
detailed,validation,synthetic_regular,False,STEP no-KI,first_strike,-0.05,terms,32,87.98673157193701,71.2406746759481,-129.46758170732937,290.84838875213273,4.586289352568999,26,6
detailed,validation,synthetic_regular,False,STEP no-KI,first_strike,-0.025,terms,32,39.74227864721048,30.88743643967971,-64.5205093708592,132.35090571754424,3.2256814813100405,25,7
detailed,validation,synthetic_regular,False,STEP no-KI,first_strike,-0.01,terms,32,14.298535983708835,10.234162565457279,-23.97403342723059,48.6640476236268,2.0079062840091217,24,8
detailed,validation,synthetic_regular,False,STEP no-KI,first_strike,-0.005,terms,32,7.109372224910453,5.03951064413873,-11.29828208680517,25.162294104659416,1.4156097558999419,24,8
detailed,validation,synthetic_regular,False,STEP no-KI,first_strike,0.005,terms,32,-6.2446703731351825,-3.8236043132939455,-24.45386525004868,11.022766297080082,1.3811450342986942,7,25
detailed,validation,synthetic_regular,False,STEP no-KI,first_strike,0.01,terms,32,-12.647076745542972,-9.09365489445419,-49.050906599155525,22.17204085520914,1.9563742045327595,9,23
detailed,validation,synthetic_regular,False,STEP no-KI,first_strike,0.025,terms,32,-27.462902446241355,-21.435335384814746,-114.01423640461827,56.75749716799379,2.994082764459624,9,23
detailed,validation,synthetic_regular,False,STEP no-KI,first_strike,0.05,terms,32,-43.360059301967084,-36.53811816868769,-204.0207503775833,104.5705736628608,3.973860852873343,12,20
detailed,validation,synthetic_regular,False,STEP no-KI,last_strike,-0.05,terms,32,83.2365615836575,69.11628308999656,5.254770392726536,331.576673138643,3.076990409594749,32,0
detailed,validation,synthetic_regular,False,STEP no-KI,last_strike,-0.025,terms,32,39.96215553533743,34.2527292684653,2.653252805928318,171.6763755037918,2.1107169870749716,32,0
detailed,validation,synthetic_regular,False,STEP no-KI,last_strike,-0.01,terms,32,15.300880662956073,13.17250351838216,1.1621323768965488,69.81632087069303,1.297552658273893,32,0
detailed,validation,synthetic_regular,False,STEP no-KI,last_strike,-0.005,terms,32,7.69814518054965,6.665188655508739,0.3854304086504585,34.52240409735546,0.9180651485984708,32,0
detailed,validation,synthetic_regular,False,STEP no-KI,last_strike,0.005,terms,32,-7.716849008820908,-6.434633270441544,-40.12534763295548,-0.7608839449702026,0.9082186006074648,0,32
detailed,validation,synthetic_regular,False,STEP no-KI,last_strike,0.01,terms,32,-15.093900423115294,-11.737858910127205,-75.4146414903109,-0.9490419228709208,1.2711526188943787,0,32
detailed,validation,synthetic_regular,False,STEP no-KI,last_strike,0.025,terms,32,-35.874704801127294,-28.618043619781965,-178.93797940227563,-2.7219488849684748,1.945641925471858,0,32
detailed,validation,synthetic_regular,False,STEP no-KI,last_strike,0.05,terms,32,-68.7218681672493,-51.899337714617154,-360.3877816291345,-5.0782600993215,2.6411987955466216,0,32
detailed_minus_reference,stress,previous_canonical,False,LIZARD KI,base,0.0,terms,1,0.0,0.0,0.0,0.0,0.0,0,0
detailed_minus_reference,stress,previous_canonical,False,LIZARD KI,coupon_regular,-0.01,terms,1,-3.867030412413225,-3.867030412413225,-3.867030412413225,-3.867030412413225,0.0993217378261625,0,1
detailed_minus_reference,stress,previous_canonical,False,LIZARD KI,coupon_regular,-0.005,terms,1,-1.9335097374813643,-1.9335097374813643,-1.9335097374813643,-1.9335097374813643,0.0496608743032751,0,1
detailed_minus_reference,stress,previous_canonical,False,LIZARD KI,coupon_regular,-0.0025,terms,1,-0.9671589385617386,-0.9671589385617386,-0.9671589385617386,-0.9671589385617386,0.0248303141978178,0,1
detailed_minus_reference,stress,previous_canonical,False,LIZARD KI,coupon_regular,-0.001,terms,1,-0.386762640918338,-0.386762640918338,-0.386762640918338,-0.386762640918338,0.0099321382470536,0,1
detailed_minus_reference,stress,previous_canonical,False,LIZARD KI,coupon_regular,0.001,terms,1,0.3866766711536543,0.3866766711536543,0.3866766711536543,0.3866766711536543,0.0099321874018402,1,0
detailed_minus_reference,stress,previous_canonical,False,LIZARD KI,coupon_regular,0.0025,terms,1,0.9663691670842351,0.9663691670842351,0.9663691670842351,0.9663691670842351,0.0248305473500654,1,0
detailed_minus_reference,stress,previous_canonical,False,LIZARD KI,coupon_regular,0.005,terms,1,1.9327072404104964,1.9327072404104964,1.9327072404104964,1.9327072404104964,0.0496611131671745,1,0
detailed_minus_reference,stress,previous_canonical,False,LIZARD KI,coupon_regular,0.01,terms,1,3.8662169778916913,3.8662169778916913,3.8662169778916913,3.8662169778916913,0.0993219874501478,1,0
detailed_minus_reference,stress,previous_canonical,False,LIZARD KI,first_strike,-0.05,terms,1,-7.279387773212631,-7.279387773212631,-7.279387773212631,-7.279387773212631,0.4452942775361355,0,1
detailed_minus_reference,stress,previous_canonical,False,LIZARD KI,first_strike,-0.025,terms,1,-2.7272392499127043,-2.7272392499127043,-2.7272392499127043,-2.7272392499127043,0.3849698961026159,0,1
detailed_minus_reference,stress,previous_canonical,False,LIZARD KI,first_strike,-0.01,terms,1,-1.1791350371743825,-1.1791350371743825,-1.1791350371743825,-1.1791350371743825,0.3325431678858564,0,1
detailed_minus_reference,stress,previous_canonical,False,LIZARD KI,first_strike,-0.005,terms,1,-0.7303592364026639,-0.7303592364026639,-0.7303592364026639,-0.7303592364026639,0.226983291963999,0,1
detailed_minus_reference,stress,previous_canonical,False,LIZARD KI,first_strike,0.005,terms,1,0.5184254947797311,0.5184254947797311,0.5184254947797311,0.5184254947797311,0.2486315814721569,1,0
detailed_minus_reference,stress,previous_canonical,False,LIZARD KI,first_strike,0.01,terms,1,1.2857512825224402,1.2857512825224402,1.2857512825224402,1.2857512825224402,0.3096827397809875,1,0
detailed_minus_reference,stress,previous_canonical,False,LIZARD KI,first_strike,0.025,terms,1,1.8923697619422328,1.8923697619422328,1.8923697619422328,1.8923697619422328,0.312344499668506,1,0
detailed_minus_reference,stress,previous_canonical,False,LIZARD KI,first_strike,0.05,terms,1,2.877165966770393,2.877165966770393,2.877165966770393,2.877165966770393,0.3299016192316521,1,0
detailed_minus_reference,stress,previous_canonical,False,LIZARD KI,ki_barrier,-0.05,terms,1,7.60405159940481,7.60405159940481,7.60405159940481,7.60405159940481,0.368491621309206,1,0
detailed_minus_reference,stress,previous_canonical,False,LIZARD KI,ki_barrier,-0.025,terms,1,4.524419094131208,4.524419094131208,4.524419094131208,4.524419094131208,0.2947294012930096,1,0
detailed_minus_reference,stress,previous_canonical,False,LIZARD KI,ki_barrier,-0.01,terms,1,2.182894081735941,2.182894081735941,2.182894081735941,2.182894081735941,0.2039278537065607,1,0
detailed_minus_reference,stress,previous_canonical,False,LIZARD KI,ki_barrier,-0.005,terms,1,1.082988657203726,1.082988657203726,1.082988657203726,1.082988657203726,0.1462874643618585,1,0
detailed_minus_reference,stress,previous_canonical,False,LIZARD KI,ki_barrier,0.005,terms,1,-0.8313098889434507,-0.8313098889434507,-0.8313098889434507,-0.8313098889434507,0.1486249471709085,0,1
detailed_minus_reference,stress,previous_canonical,False,LIZARD KI,ki_barrier,0.01,terms,1,-1.8678145244418107,-1.8678145244418107,-1.8678145244418107,-1.8678145244418107,0.2177240101625936,0,1
detailed_minus_reference,stress,previous_canonical,False,LIZARD KI,ki_barrier,0.025,terms,1,-5.442184313234844,-5.442184313234844,-5.442184313234844,-5.442184313234844,0.3180023083628887,0,1
detailed_minus_reference,stress,previous_canonical,False,LIZARD KI,ki_barrier,0.05,terms,1,-11.60064236009038,-11.60064236009038,-11.60064236009038,-11.60064236009038,0.4651045511615053,0,1
detailed_minus_reference,stress,previous_canonical,False,LIZARD KI,last_strike,-0.05,terms,1,-11.0436335513627,-11.0436335513627,-11.0436335513627,-11.0436335513627,0.4085071069020528,0,1
detailed_minus_reference,stress,previous_canonical,False,LIZARD KI,last_strike,-0.025,terms,1,-5.675077148035089,-5.675077148035089,-5.675077148035089,-5.675077148035089,0.310765623163127,0,1
detailed_minus_reference,stress,previous_canonical,False,LIZARD KI,last_strike,-0.01,terms,1,-2.3709119988654765,-2.3709119988654765,-2.3709119988654765,-2.3709119988654765,0.2001211008439109,0,1
detailed_minus_reference,stress,previous_canonical,False,LIZARD KI,last_strike,-0.005,terms,1,-1.0217060488132148,-1.0217060488132148,-1.0217060488132148,-1.0217060488132148,0.1670476979682986,0,1
detailed_minus_reference,stress,previous_canonical,False,LIZARD KI,last_strike,0.005,terms,1,1.149013375142081,1.149013375142081,1.149013375142081,1.149013375142081,0.1848047494090096,1,0
detailed_minus_reference,stress,previous_canonical,False,LIZARD KI,last_strike,0.01,terms,1,2.4853384995534324,2.4853384995534324,2.4853384995534324,2.4853384995534324,0.2038310112651828,1,0
detailed_minus_reference,stress,previous_canonical,False,LIZARD KI,last_strike,0.025,terms,1,5.914972056826908,5.914972056826908,5.914972056826908,5.914972056826908,0.3024550338821883,1,0
detailed_minus_reference,stress,previous_canonical,False,LIZARD KI,last_strike,0.05,terms,1,11.373649802639306,11.373649802639306,11.373649802639306,11.373649802639306,0.4097888422227743,1,0
detailed_minus_reference,stress,previous_canonical,False,LIZARD no-KI,base,0.0,terms,1,0.0,0.0,0.0,0.0,0.0,0,0
detailed_minus_reference,stress,previous_canonical,False,LIZARD no-KI,coupon_regular,-0.01,terms,1,-0.0345328875940321,-0.0345328875940321,-0.0345328875940321,-0.0345328875940321,0.0350800627178405,0,1
detailed_minus_reference,stress,previous_canonical,False,LIZARD no-KI,coupon_regular,-0.005,terms,1,-0.0176845654132204,-0.0176845654132204,-0.0176845654132204,-0.0176845654132204,0.0175400322160989,0,1
detailed_minus_reference,stress,previous_canonical,False,LIZARD no-KI,coupon_regular,-0.0025,terms,1,-0.0092682969709519,-0.0092682969709519,-0.0092682969709519,-0.0092682969709519,0.0087700185225537,0,1
detailed_minus_reference,stress,previous_canonical,False,LIZARD no-KI,coupon_regular,-0.001,terms,1,-0.0035886379927831,-0.0035886379927831,-0.0035886379927831,-0.0035886379927831,0.003507952396085,0,1
detailed_minus_reference,stress,previous_canonical,False,LIZARD no-KI,coupon_regular,0.001,terms,1,0.0027616930867502,0.0027616930867502,0.0027616930867502,0.0027616930867502,0.0035079445922347,1,0
detailed_minus_reference,stress,previous_canonical,False,LIZARD no-KI,coupon_regular,0.0025,terms,1,0.0084367724397367,0.0084367724397367,0.0084367724397367,0.0084367724397367,0.0087700099810055,1,0
detailed_minus_reference,stress,previous_canonical,False,LIZARD no-KI,coupon_regular,0.005,terms,1,0.0167958303570006,0.0167958303570006,0.0167958303570006,0.0167958303570006,0.0175400478914325,1,0
detailed_minus_reference,stress,previous_canonical,False,LIZARD no-KI,coupon_regular,0.01,terms,1,0.0337106613876087,0.0337106613876087,0.0337106613876087,0.0337106613876087,0.0350800477530873,1,0
detailed_minus_reference,stress,previous_canonical,False,LIZARD no-KI,first_strike,-0.05,terms,1,1.2469212598097426,1.2469212598097426,1.2469212598097426,1.2469212598097426,0.6327743644959744,1,0
detailed_minus_reference,stress,previous_canonical,False,LIZARD no-KI,first_strike,-0.025,terms,1,0.6700953973309967,0.6700953973309967,0.6700953973309967,0.6700953973309967,0.5742029560329721,1,0
detailed_minus_reference,stress,previous_canonical,False,LIZARD no-KI,first_strike,-0.01,terms,1,0.0002368830104314,0.0002368830104314,0.0002368830104314,0.0002368830104314,0.4963635284854732,1,0
detailed_minus_reference,stress,previous_canonical,False,LIZARD no-KI,first_strike,-0.005,terms,1,0.0690639190878848,0.0690639190878848,0.0690639190878848,0.0690639190878848,0.4025023053699724,1,0
detailed_minus_reference,stress,previous_canonical,False,LIZARD no-KI,first_strike,0.005,terms,1,0.5778371214662179,0.5778371214662179,0.5778371214662179,0.5778371214662179,0.4192085255945947,1,0
detailed_minus_reference,stress,previous_canonical,False,LIZARD no-KI,first_strike,0.01,terms,1,0.1835270259118165,0.1835270259118165,0.1835270259118165,0.1835270259118165,0.5006286119066287,1,0
detailed_minus_reference,stress,previous_canonical,False,LIZARD no-KI,first_strike,0.025,terms,1,-0.2751407475823099,-0.2751407475823099,-0.2751407475823099,-0.2751407475823099,0.5017069038863085,0,1
detailed_minus_reference,stress,previous_canonical,False,LIZARD no-KI,first_strike,0.05,terms,1,0.1440038511840352,0.1440038511840352,0.1440038511840352,0.1440038511840352,0.4498492863498472,1,0
detailed_minus_reference,stress,previous_canonical,False,LIZARD no-KI,last_strike,-0.05,terms,1,-0.4525933233784258,-0.4525933233784258,-0.4525933233784258,-0.4525933233784258,0.595299204753305,0,1
detailed_minus_reference,stress,previous_canonical,False,LIZARD no-KI,last_strike,-0.025,terms,1,-0.3274098900474619,-0.3274098900474619,-0.3274098900474619,-0.3274098900474619,0.5536286986433345,0,1
detailed_minus_reference,stress,previous_canonical,False,LIZARD no-KI,last_strike,-0.01,terms,1,-0.457915423870398,-0.457915423870398,-0.457915423870398,-0.457915423870398,0.5240325432942696,0,1
detailed_minus_reference,stress,previous_canonical,False,LIZARD no-KI,last_strike,-0.005,terms,1,-0.6271160893133121,-0.6271160893133121,-0.6271160893133121,-0.6271160893133121,0.460748046478507,0,1
detailed_minus_reference,stress,previous_canonical,False,LIZARD no-KI,last_strike,0.005,terms,1,-0.0805615641870078,-0.0805615641870078,-0.0805615641870078,-0.0805615641870078,0.4838787922196357,0,1
detailed_minus_reference,stress,previous_canonical,False,LIZARD no-KI,last_strike,0.01,terms,1,-0.4895690860559344,-0.4895690860559344,-0.4895690860559344,-0.4895690860559344,0.5158878424748395,0,1
detailed_minus_reference,stress,previous_canonical,False,LIZARD no-KI,last_strike,0.025,terms,1,-0.0787796858777827,-0.0787796858777827,-0.0787796858777827,-0.0787796858777827,0.5456915874656013,0,1
detailed_minus_reference,stress,previous_canonical,False,LIZARD no-KI,last_strike,0.05,terms,1,0.2756281927002029,0.2756281927002029,0.2756281927002029,0.2756281927002029,0.5506577794496801,1,0
detailed_minus_reference,stress,previous_canonical,False,STEP KI,base,0.0,terms,1,0.0,0.0,0.0,0.0,0.0,0,0
detailed_minus_reference,stress,previous_canonical,False,STEP KI,coupon_regular,-0.01,terms,1,-11.551962695385203,-11.551962695385203,-11.551962695385203,-11.551962695385203,0.1719604329972911,0,1
detailed_minus_reference,stress,previous_canonical,False,STEP KI,coupon_regular,-0.005,terms,1,-5.775861596993363,-5.775861596993363,-5.775861596993363,-5.775861596993363,0.0859803221063628,0,1
detailed_minus_reference,stress,previous_canonical,False,STEP KI,coupon_regular,-0.0025,terms,1,-2.888066682186352,-2.888066682186352,-2.888066682186352,-2.888066682186352,0.0429900556218244,0,1
detailed_minus_reference,stress,previous_canonical,False,STEP KI,coupon_regular,-0.001,terms,1,-1.1554521572452936,-1.1554521572452936,-1.1554521572452936,-1.1554521572452936,0.0171958990077353,0,1
detailed_minus_reference,stress,previous_canonical,False,STEP KI,coupon_regular,0.001,terms,1,1.1547012976685396,1.1547012976685396,1.1547012976685396,1.1547012976685396,0.0171962300141096,1,0
detailed_minus_reference,stress,previous_canonical,False,STEP KI,coupon_regular,0.0025,terms,1,2.8881135910418863,2.8881135910418863,2.8881135910418863,2.8881135910418863,0.0429900016915163,1,0
detailed_minus_reference,stress,previous_canonical,False,STEP KI,coupon_regular,0.005,terms,1,5.775420443150859,5.775420443150859,5.775420443150859,5.775420443150859,0.0859803914054136,1,0
detailed_minus_reference,stress,previous_canonical,False,STEP KI,coupon_regular,0.01,terms,1,11.5514746326856,11.5514746326856,11.5514746326856,11.5514746326856,0.1719605562178897,1,0
detailed_minus_reference,stress,previous_canonical,False,STEP KI,first_strike,-0.05,terms,1,-21.39590081847049,-21.39590081847049,-21.39590081847049,-21.39590081847049,1.334470647756995,0,1
detailed_minus_reference,stress,previous_canonical,False,STEP KI,first_strike,-0.025,terms,1,-12.982346400975295,-12.982346400975295,-12.982346400975295,-12.982346400975295,1.2061750117019447,0,1
detailed_minus_reference,stress,previous_canonical,False,STEP KI,first_strike,-0.01,terms,1,-4.792820328213122,-4.792820328213122,-4.792820328213122,-4.792820328213122,1.0461643421326128,0,1
detailed_minus_reference,stress,previous_canonical,False,STEP KI,first_strike,-0.005,terms,1,-3.4593555071302053,-3.4593555071302053,-3.4593555071302053,-3.4593555071302053,0.8229560351276569,0,1
detailed_minus_reference,stress,previous_canonical,False,STEP KI,first_strike,0.005,terms,1,1.1576992217914324,1.1576992217914324,1.1576992217914324,1.1576992217914324,0.8233230953713424,1,0
detailed_minus_reference,stress,previous_canonical,False,STEP KI,first_strike,0.01,terms,1,3.67100059810716,3.67100059810716,3.67100059810716,3.67100059810716,1.033135703972463,1,0
detailed_minus_reference,stress,previous_canonical,False,STEP KI,first_strike,0.025,terms,1,10.84153403948888,10.84153403948888,10.84153403948888,10.84153403948888,1.1463094050036595,1,0
detailed_minus_reference,stress,previous_canonical,False,STEP KI,first_strike,0.05,terms,1,18.790671846697645,18.790671846697645,18.790671846697645,18.790671846697645,1.1722869151313826,1,0
detailed_minus_reference,stress,previous_canonical,False,STEP KI,ki_barrier,-0.05,terms,1,36.80475809325692,36.80475809325692,36.80475809325692,36.80475809325692,0.9112641766773228,1,0
detailed_minus_reference,stress,previous_canonical,False,STEP KI,ki_barrier,-0.025,terms,1,18.73339648872507,18.73339648872507,18.73339648872507,18.73339648872507,0.6628163355519024,1,0
detailed_minus_reference,stress,previous_canonical,False,STEP KI,ki_barrier,-0.01,terms,1,7.906182600304106,7.906182600304106,7.906182600304106,7.906182600304106,0.4661447237003981,1,0
detailed_minus_reference,stress,previous_canonical,False,STEP KI,ki_barrier,-0.005,terms,1,3.785249402498019,3.785249402498019,3.785249402498019,3.785249402498019,0.3389447851092559,1,0
detailed_minus_reference,stress,previous_canonical,False,STEP KI,ki_barrier,0.005,terms,1,-4.026272844653063,-4.026272844653063,-4.026272844653063,-4.026272844653063,0.320769050707927,0,1
detailed_minus_reference,stress,previous_canonical,False,STEP KI,ki_barrier,0.01,terms,1,-8.316066681051963,-8.316066681051963,-8.316066681051963,-8.316066681051963,0.4471229912174662,0,1
detailed_minus_reference,stress,previous_canonical,False,STEP KI,ki_barrier,0.025,terms,1,-19.596113121713906,-19.596113121713906,-19.596113121713906,-19.596113121713906,0.6644053140111889,0,1
detailed_minus_reference,stress,previous_canonical,False,STEP KI,ki_barrier,0.05,terms,1,-35.91721332372207,-35.91721332372207,-35.91721332372207,-35.91721332372207,0.906475679148922,0,1
detailed_minus_reference,stress,previous_canonical,False,STEP KI,last_strike,-0.05,terms,1,-33.391490080325404,-33.391490080325404,-33.391490080325404,-33.391490080325404,0.8650092639056456,0,1
detailed_minus_reference,stress,previous_canonical,False,STEP KI,last_strike,-0.025,terms,1,-17.978337932753142,-17.978337932753142,-17.978337932753142,-17.978337932753142,0.6606975706416213,0,1
detailed_minus_reference,stress,previous_canonical,False,STEP KI,last_strike,-0.01,terms,1,-7.693902064071838,-7.693902064071838,-7.693902064071838,-7.693902064071838,0.527863995590125,0,1
detailed_minus_reference,stress,previous_canonical,False,STEP KI,last_strike,-0.005,terms,1,-3.656144585379295,-3.656144585379295,-3.656144585379295,-3.656144585379295,0.3809316616365641,0,1
detailed_minus_reference,stress,previous_canonical,False,STEP KI,last_strike,0.005,terms,1,3.5270975185744087,3.5270975185744087,3.5270975185744087,3.5270975185744087,0.3792073311719023,1,0
detailed_minus_reference,stress,previous_canonical,False,STEP KI,last_strike,0.01,terms,1,7.318491859859542,7.318491859859542,7.318491859859542,7.318491859859542,0.486320563771954,1,0
detailed_minus_reference,stress,previous_canonical,False,STEP KI,last_strike,0.025,terms,1,17.695218374140648,17.695218374140648,17.695218374140648,17.695218374140648,0.6273353813619407,1,0
detailed_minus_reference,stress,previous_canonical,False,STEP KI,last_strike,0.05,terms,1,35.79056129935317,35.79056129935317,35.79056129935317,35.79056129935317,0.7987830425626168,1,0
detailed_minus_reference,stress,previous_canonical,False,STEP no-KI,base,0.0,terms,1,0.0,0.0,0.0,0.0,0.0,0,0
detailed_minus_reference,stress,previous_canonical,False,STEP no-KI,coupon_regular,-0.01,terms,1,0.0884318205642706,0.0884318205642706,0.0884318205642706,0.0884318205642706,0.067659545193736,1,0
detailed_minus_reference,stress,previous_canonical,False,STEP no-KI,coupon_regular,-0.005,terms,1,0.0442207978630473,0.0442207978630473,0.0442207978630473,0.0442207978630473,0.033829807517897,1,0
detailed_minus_reference,stress,previous_canonical,False,STEP no-KI,coupon_regular,-0.0025,terms,1,0.0216407689685176,0.0216407689685176,0.0216407689685176,0.0216407689685176,0.0169149483223762,1,0
detailed_minus_reference,stress,previous_canonical,False,STEP no-KI,coupon_regular,-0.001,terms,1,0.0088944122491633,0.0088944122491633,0.0088944122491633,0.0088944122491633,0.0067658735873706,1,0
detailed_minus_reference,stress,previous_canonical,False,STEP no-KI,coupon_regular,0.001,terms,1,-0.0091109658563956,-0.0091109658563956,-0.0091109658563956,-0.0091109658563956,0.0067659633623203,0,1
detailed_minus_reference,stress,previous_canonical,False,STEP no-KI,coupon_regular,0.0025,terms,1,-0.0216880851220788,-0.0216880851220788,-0.0216880851220788,-0.0216880851220788,0.0169148919890818,0,1
detailed_minus_reference,stress,previous_canonical,False,STEP no-KI,coupon_regular,0.005,terms,1,-0.0441832469368198,-0.0441832469368198,-0.0441832469368198,-0.0441832469368198,0.033829642131864,0,1
detailed_minus_reference,stress,previous_canonical,False,STEP no-KI,coupon_regular,0.01,terms,1,-0.0875969681071432,-0.0875969681071432,-0.0875969681071432,-0.0875969681071432,0.0676595914362715,0,1
detailed_minus_reference,stress,previous_canonical,False,STEP no-KI,first_strike,-0.05,terms,1,0.1204704719635608,0.1204704719635608,0.1204704719635608,0.1204704719635608,1.319551824957881,1,0
detailed_minus_reference,stress,previous_canonical,False,STEP no-KI,first_strike,-0.025,terms,1,0.3513604430087899,0.3513604430087899,0.3513604430087899,0.3513604430087899,1.275568037856752,1,0
detailed_minus_reference,stress,previous_canonical,False,STEP no-KI,first_strike,-0.01,terms,1,-0.6158618941061565,-0.6158618941061565,-0.6158618941061565,-0.6158618941061565,1.1337712208867272,0,1
detailed_minus_reference,stress,previous_canonical,False,STEP no-KI,first_strike,-0.005,terms,1,-1.4262934453946667,-1.4262934453946667,-1.4262934453946667,-1.4262934453946667,0.9463168216640584,0,1
detailed_minus_reference,stress,previous_canonical,False,STEP no-KI,first_strike,0.005,terms,1,-0.8344532120092185,-0.8344532120092185,-0.8344532120092185,-0.8344532120092185,0.902373027434474,0,1
detailed_minus_reference,stress,previous_canonical,False,STEP no-KI,first_strike,0.01,terms,1,-1.4121801324167325,-1.4121801324167325,-1.4121801324167325,-1.4121801324167325,1.0889464711135033,0,1
detailed_minus_reference,stress,previous_canonical,False,STEP no-KI,first_strike,0.025,terms,1,-0.6948462364167873,-0.6948462364167873,-0.6948462364167873,-0.6948462364167873,1.1505996933545182,0,1
detailed_minus_reference,stress,previous_canonical,False,STEP no-KI,first_strike,0.05,terms,1,-0.2181327336202732,-0.2181327336202732,-0.2181327336202732,-0.2181327336202732,1.1880506364588,0,1
detailed_minus_reference,stress,previous_canonical,False,STEP no-KI,last_strike,-0.05,terms,1,2.1029876712242253,2.1029876712242253,2.1029876712242253,2.1029876712242253,1.0566604725615167,1,0
detailed_minus_reference,stress,previous_canonical,False,STEP no-KI,last_strike,-0.025,terms,1,0.0037209634258021,0.0037209634258021,0.0037209634258021,0.0037209634258021,1.0217379662280532,1,0
detailed_minus_reference,stress,previous_canonical,False,STEP no-KI,last_strike,-0.01,terms,1,1.676546705545083,1.676546705545083,1.676546705545083,1.676546705545083,0.9094262894199908,1,0
detailed_minus_reference,stress,previous_canonical,False,STEP no-KI,last_strike,-0.005,terms,1,0.917564435122505,0.917564435122505,0.917564435122505,0.917564435122505,0.7505808885449637,1,0
detailed_minus_reference,stress,previous_canonical,False,STEP no-KI,last_strike,0.005,terms,1,-0.7850015267528088,-0.7850015267528088,-0.7850015267528088,-0.7850015267528088,0.7938631561532038,0,1
detailed_minus_reference,stress,previous_canonical,False,STEP no-KI,last_strike,0.01,terms,1,-0.0872873927638769,-0.0872873927638769,-0.0872873927638769,-0.0872873927638769,0.907742016972756,0,1
detailed_minus_reference,stress,previous_canonical,False,STEP no-KI,last_strike,0.025,terms,1,0.0334580588157269,0.0334580588157269,0.0334580588157269,0.0334580588157269,0.9943338685811332,1,0
detailed_minus_reference,stress,previous_canonical,False,STEP no-KI,last_strike,0.05,terms,1,-0.1489490698841037,-0.1489490698841037,-0.1489490698841037,-0.1489490698841037,1.0127498104793633,0,1
detailed_minus_reference,stress,previous_real_terms_synthetic,False,LIZARD KI,base,0.0,terms,23,0.0,0.0,0.0,0.0,0.0,0,0
detailed_minus_reference,stress,previous_real_terms_synthetic,False,LIZARD KI,coupon_regular,-0.01,terms,23,-12.901410016213436,-13.481922779289212,-32.806115761541726,-0.7170812837411611,0.17687548170650372,0,23
detailed_minus_reference,stress,previous_real_terms_synthetic,False,LIZARD KI,coupon_regular,-0.005,terms,23,-6.450844381906626,-6.741310250661975,-16.40253844119367,-0.3581054137214567,0.08843764725657592,0,23
detailed_minus_reference,stress,previous_real_terms_synthetic,False,LIZARD KI,coupon_regular,-0.0025,terms,23,-3.2253601330159936,-3.369861429881196,-8.20100511738227,-0.1789460393818966,0.04421887127097873,0,23
detailed_minus_reference,stress,previous_real_terms_synthetic,False,LIZARD KI,coupon_regular,-0.001,terms,23,-1.2901218056430765,-1.3486298346316423,-3.280108696733541,-0.0717544242949854,0.017687548242567592,0,23
detailed_minus_reference,stress,previous_real_terms_synthetic,False,LIZARD KI,coupon_regular,0.001,terms,23,1.2901585246960057,1.3478281620948445,0.0723321423159626,3.281001127277277,0.017687570276226784,23,0
detailed_minus_reference,stress,previous_real_terms_synthetic,False,LIZARD KI,coupon_regular,0.0025,terms,23,3.2254342535514726,3.370659148645821,0.1795140716462707,8.20211457837216,0.044218842930786664,23,0
detailed_minus_reference,stress,previous_real_terms_synthetic,False,LIZARD KI,coupon_regular,0.005,terms,23,6.450701957040056,6.740528754297472,0.3589560316081144,16.40373370306829,0.08843775913519035,23,0
detailed_minus_reference,stress,previous_real_terms_synthetic,False,LIZARD KI,coupon_regular,0.01,terms,23,12.90154987030628,13.481890811331144,0.7175321134067999,32.80679323786792,0.17687543008597395,23,0
detailed_minus_reference,stress,previous_real_terms_synthetic,False,LIZARD KI,first_strike,-0.05,terms,23,-12.456715346848908,-9.39141357432034,-47.06137328847588,45.75443751198751,1.6431602450247313,2,21
detailed_minus_reference,stress,previous_real_terms_synthetic,False,LIZARD KI,first_strike,-0.025,terms,23,-4.871018465810505,-2.567414525444654,-22.44571263979961,17.679158747130312,1.2560283919547617,2,21
detailed_minus_reference,stress,previous_real_terms_synthetic,False,LIZARD KI,first_strike,-0.01,terms,23,-1.5300868339879603,-0.8537859048460046,-8.598228769058835,7.010865127756828,0.8473885610554914,4,19
detailed_minus_reference,stress,previous_real_terms_synthetic,False,LIZARD KI,first_strike,-0.005,terms,23,-0.7392908434921506,-0.167628510882663,-4.471088994862508,1.444595507707845,0.6104953257271097,6,17
detailed_minus_reference,stress,previous_real_terms_synthetic,False,LIZARD KI,first_strike,0.005,terms,23,0.6305816004766686,0.4611138664462141,-5.071794023015755,3.447640649454036,0.5845947901761608,20,3
detailed_minus_reference,stress,previous_real_terms_synthetic,False,LIZARD KI,first_strike,0.01,terms,23,1.6908878101357818,1.270730306319216,-6.88307097456824,7.120089598045894,0.78595473033736,21,2
detailed_minus_reference,stress,previous_real_terms_synthetic,False,LIZARD KI,first_strike,0.025,terms,23,3.2870929479564808,1.599656893499272,-16.307632499682683,16.696164973742544,1.0608587287116011,21,2
detailed_minus_reference,stress,previous_real_terms_synthetic,False,LIZARD KI,first_strike,0.05,terms,23,5.15120746077909,1.9829134702201343,-28.00534324804969,26.46042167376909,1.1851834881825993,20,3
detailed_minus_reference,stress,previous_real_terms_synthetic,False,LIZARD KI,ki_barrier,-0.05,terms,23,34.71874422277194,16.68988066446394,0.3259405880642942,149.97213456532782,0.888367920237554,23,0
detailed_minus_reference,stress,previous_real_terms_synthetic,False,LIZARD KI,ki_barrier,-0.025,terms,23,16.97146104172859,8.806831376783405,0.1920266229958643,67.83960637974826,0.6547297658633806,23,0
detailed_minus_reference,stress,previous_real_terms_synthetic,False,LIZARD KI,ki_barrier,-0.01,terms,23,6.796441808434946,3.7415022931697415,0.0461500865472803,25.325192989744973,0.4440376024003961,23,0
detailed_minus_reference,stress,previous_real_terms_synthetic,False,LIZARD KI,ki_barrier,-0.005,terms,23,3.3278389144681393,2.004230901926784,0.0132072426555329,12.915299884321096,0.32806308804417383,23,0
detailed_minus_reference,stress,previous_real_terms_synthetic,False,LIZARD KI,ki_barrier,0.005,terms,23,-3.307730654965533,-2.055430895346815,-10.559634957197266,0.0,0.3198170097628628,0,22
detailed_minus_reference,stress,previous_real_terms_synthetic,False,LIZARD KI,ki_barrier,0.01,terms,23,-6.579754279876691,-4.210019599087517,-21.03867389006411,0.0,0.4333911623975468,0,22
detailed_minus_reference,stress,previous_real_terms_synthetic,False,LIZARD KI,ki_barrier,0.025,terms,23,-15.810396819522845,-9.810638083089426,-47.991863322119336,0.0,0.6367019014865659,0,22
detailed_minus_reference,stress,previous_real_terms_synthetic,False,LIZARD KI,ki_barrier,0.05,terms,23,-30.236920401910705,-20.6806035530669,-86.64805818198695,0.0,0.8561360839686816,0,22
detailed_minus_reference,stress,previous_real_terms_synthetic,False,LIZARD KI,last_strike,-0.05,terms,23,-17.980881482334706,-16.113528149559613,-46.91798817892017,-2.1441069113534987,0.7400376934297023,0,23
detailed_minus_reference,stress,previous_real_terms_synthetic,False,LIZARD KI,last_strike,-0.025,terms,23,-8.197637190253483,-7.504607408725616,-22.781962676693567,-0.9022464194666836,0.5567229940448974,0,23
detailed_minus_reference,stress,previous_real_terms_synthetic,False,LIZARD KI,last_strike,-0.01,terms,23,-3.272019619516758,-3.151117201676035,-9.509158527085257,-0.4943406587201014,0.383790943769192,0,23
detailed_minus_reference,stress,previous_real_terms_synthetic,False,LIZARD KI,last_strike,-0.005,terms,23,-1.6596623434188358,-1.5542768386621724,-4.715687498176597,0.0333124635139538,0.277957221606727,1,22
detailed_minus_reference,stress,previous_real_terms_synthetic,False,LIZARD KI,last_strike,0.005,terms,23,1.5304751726242116,1.385996162891388,0.0655791942451535,3.878918330064264,0.2725021018460046,23,0
detailed_minus_reference,stress,previous_real_terms_synthetic,False,LIZARD KI,last_strike,0.01,terms,23,3.0069055480124716,2.7069984626021477,-0.0295887774645669,8.242681593883313,0.36295772155795425,22,1
detailed_minus_reference,stress,previous_real_terms_synthetic,False,LIZARD KI,last_strike,0.025,terms,23,7.202948602938809,6.727434937558024,0.2272852308600194,19.70706877618764,0.49416761835255546,23,0
detailed_minus_reference,stress,previous_real_terms_synthetic,False,LIZARD KI,last_strike,0.05,terms,23,13.085504632550228,12.61280070821482,0.5844393412805173,38.59598257756838,0.5911018205416418,23,0
detailed_minus_reference,stress,previous_real_terms_synthetic,False,LIZARD no-KI,base,0.0,terms,23,0.0,0.0,0.0,0.0,0.0,0,0
detailed_minus_reference,stress,previous_real_terms_synthetic,False,LIZARD no-KI,coupon_regular,-0.01,terms,23,-0.07529758632247248,0.2462878118506087,-6.036479312323952,0.8438415051037953,0.06685360385046964,15,8
detailed_minus_reference,stress,previous_real_terms_synthetic,False,LIZARD no-KI,coupon_regular,-0.005,terms,23,-0.037603827935299435,0.1226679777390793,-3.0178433746812785,0.421532463061162,0.03342685725785484,15,8
detailed_minus_reference,stress,previous_real_terms_synthetic,False,LIZARD no-KI,coupon_regular,-0.0025,terms,23,-0.0187499546983146,0.0617481368425722,-1.5093212421102151,0.2111282105376265,0.016713411185921293,15,8
detailed_minus_reference,stress,previous_real_terms_synthetic,False,LIZARD no-KI,coupon_regular,-0.001,terms,23,-0.007507557025058573,0.0245956280892624,-0.6030994910153555,0.0838949205533716,0.00668541662786344,16,7
detailed_minus_reference,stress,previous_real_terms_synthetic,False,LIZARD no-KI,coupon_regular,0.001,terms,23,0.007561373972398293,-0.0236348409516945,-0.0846335015751561,0.6031501251600316,0.006685342933356515,9,14
detailed_minus_reference,stress,previous_real_terms_synthetic,False,LIZARD no-KI,coupon_regular,0.0025,terms,23,0.018875013449603795,-0.0609236853958309,-0.2112744604691233,1.5093198811364428,0.016713389994733204,9,14
detailed_minus_reference,stress,previous_real_terms_synthetic,False,LIZARD no-KI,coupon_regular,0.005,terms,23,0.03769339903140582,-0.1226759150907205,-0.4221388906512224,3.018652795821908,0.033426744568354295,8,15
detailed_minus_reference,stress,previous_real_terms_synthetic,False,LIZARD no-KI,coupon_regular,0.01,terms,23,0.07540971345710451,-0.2453363131037529,-0.8438553333825829,6.036524135015787,0.06685357788116235,8,15
detailed_minus_reference,stress,previous_real_terms_synthetic,False,LIZARD no-KI,first_strike,-0.05,terms,23,-0.0768310326542784,-0.0057461304760786,-3.474098276192124,2.259429601411315,0.9304329863062838,11,12
detailed_minus_reference,stress,previous_real_terms_synthetic,False,LIZARD no-KI,first_strike,-0.025,terms,23,0.20825670116294523,0.1465539878526586,-1.3339846949397394,1.342446223123572,0.7127009541358852,14,9
detailed_minus_reference,stress,previous_real_terms_synthetic,False,LIZARD no-KI,first_strike,-0.01,terms,23,0.2075875531919106,3.667879120429022e-05,-0.4057000147630542,3.2286619374123964,0.48988593781933487,12,11
detailed_minus_reference,stress,previous_real_terms_synthetic,False,LIZARD no-KI,first_strike,-0.005,terms,23,-0.024420456216937118,0.0035898694937573,-1.0819740864551224,1.134749279763211,0.3601389589082052,13,10
detailed_minus_reference,stress,previous_real_terms_synthetic,False,LIZARD no-KI,first_strike,0.005,terms,23,-0.015303230094192728,0.028369033380769,-1.1284464441664646,0.4981277032347858,0.3421607046540785,12,11
detailed_minus_reference,stress,previous_real_terms_synthetic,False,LIZARD no-KI,first_strike,0.01,terms,23,-0.07687825126468469,0.0248928733756557,-3.746880303360377,0.7993429237193376,0.4515761906949042,13,10
detailed_minus_reference,stress,previous_real_terms_synthetic,False,LIZARD no-KI,first_strike,0.025,terms,23,-0.06874195330076241,0.079723027758921,-5.892760850883335,0.763776916937317,0.5574530270186282,14,9
detailed_minus_reference,stress,previous_real_terms_synthetic,False,LIZARD no-KI,first_strike,0.05,terms,23,0.26153725485125473,0.1656312509423718,-1.8359105190427008,1.885780032145976,0.576066713248251,15,8
detailed_minus_reference,stress,previous_real_terms_synthetic,False,LIZARD no-KI,last_strike,-0.05,terms,23,1.3161191897226105,-0.5275762219149441,-3.049224797868236,43.03661450867401,0.9212267492386429,6,17
detailed_minus_reference,stress,previous_real_terms_synthetic,False,LIZARD no-KI,last_strike,-0.025,terms,23,0.7118230303662518,-0.2951530403561909,-2.268992754595692,24.325081338218467,0.8438430653630171,9,14
detailed_minus_reference,stress,previous_real_terms_synthetic,False,LIZARD no-KI,last_strike,-0.01,terms,23,0.36210899548139613,-0.1664757469728548,-1.5814820776099756,9.3936137229644,0.7076763070656966,8,15
detailed_minus_reference,stress,previous_real_terms_synthetic,False,LIZARD no-KI,last_strike,-0.005,terms,23,0.17946459989674204,0.0355760739369012,-1.3003755705053746,4.57414901578934,0.5675405730106268,12,11
detailed_minus_reference,stress,previous_real_terms_synthetic,False,LIZARD no-KI,last_strike,0.005,terms,23,-0.07612972648943445,0.1901008569101398,-5.419254347262874,1.296144168949998,0.5603185293935808,13,10
detailed_minus_reference,stress,previous_real_terms_synthetic,False,LIZARD no-KI,last_strike,0.01,terms,23,-0.29070244287608765,-0.0641161626830297,-9.780459781836411,1.3255470917152177,0.6900581800705631,10,13
detailed_minus_reference,stress,previous_real_terms_synthetic,False,LIZARD no-KI,last_strike,0.025,terms,23,-0.49467055889585365,0.5912860838663562,-24.376154953372367,3.7033562580835535,0.803737195031168,14,9
detailed_minus_reference,stress,previous_real_terms_synthetic,False,LIZARD no-KI,last_strike,0.05,terms,23,-1.3823900062094456,0.4788078622729466,-49.17602633319336,2.980329578905154,0.8478262451757466,16,7
detailed_minus_reference,stress,previous_real_terms_synthetic,False,STEP KI,base,0.0,terms,16,0.0,0.0,0.0,0.0,0.0,0,0
detailed_minus_reference,stress,previous_real_terms_synthetic,False,STEP KI,coupon_regular,-0.01,terms,16,-13.160646295299411,-7.937991277046152,-52.12095321359915,-0.0554296514771584,0.16680896145734986,0,16
detailed_minus_reference,stress,previous_real_terms_synthetic,False,STEP KI,coupon_regular,-0.005,terms,16,-6.580352209881022,-3.9689786089792145,-26.060508068117915,-0.028261693387362,0.08340451124972065,0,16
detailed_minus_reference,stress,previous_real_terms_synthetic,False,STEP KI,coupon_regular,-0.0025,terms,16,-3.290167089737864,-1.9847109890646542,-13.030254034059528,-0.0141541719780311,0.04170227128149473,0,16
detailed_minus_reference,stress,previous_real_terms_synthetic,False,STEP KI,coupon_regular,-0.001,terms,16,-1.3160953940949462,-0.7939867467349815,-5.21218629592913,-0.0061117196220666,0.01668091311297125,0,16
detailed_minus_reference,stress,previous_real_terms_synthetic,False,STEP KI,coupon_regular,0.001,terms,16,1.3163282793754485,0.7937245757043865,0.0060765131430756,5.212257771833537,0.016680740150416987,16,0
detailed_minus_reference,stress,previous_real_terms_synthetic,False,STEP KI,coupon_regular,0.0025,terms,16,3.290120803005319,1.9844117787141389,0.0130241175814855,13.030355352021278,0.041702185010206706,16,0
detailed_minus_reference,stress,previous_real_terms_synthetic,False,STEP KI,coupon_regular,0.005,terms,16,6.580132126559125,3.968655641210817,0.0271463116675563,26.06060938608081,0.0834045145247297,16,0
detailed_minus_reference,stress,previous_real_terms_synthetic,False,STEP KI,coupon_regular,0.01,terms,16,13.160559395451296,7.937616438334615,0.0554252009949028,52.121690523055776,0.1668089218564102,16,0
detailed_minus_reference,stress,previous_real_terms_synthetic,False,STEP KI,first_strike,-0.05,terms,16,-26.58941344127641,-16.531218185966004,-132.10189780407336,2.6877567242890392,1.7489750664774495,1,15
detailed_minus_reference,stress,previous_real_terms_synthetic,False,STEP KI,first_strike,-0.025,terms,16,-12.897157845777846,-8.416741909965857,-63.7865723535622,1.9567840979298572,1.4945732092065733,1,15
detailed_minus_reference,stress,previous_real_terms_synthetic,False,STEP KI,first_strike,-0.01,terms,16,-5.219577574514615,-3.9324081554177175,-24.812047725652555,2.857485556356343,1.0744034742513389,1,15
detailed_minus_reference,stress,previous_real_terms_synthetic,False,STEP KI,first_strike,-0.005,terms,16,-2.7431016535493153,-2.089847268761325,-11.82620918196363,0.0158068500635749,0.7881699992912596,1,15
detailed_minus_reference,stress,previous_real_terms_synthetic,False,STEP KI,first_strike,0.005,terms,16,2.235746720823395,1.3657455643049432,-0.9126843966435514,11.466986229701366,0.7872440231414162,14,2
detailed_minus_reference,stress,previous_real_terms_synthetic,False,STEP KI,first_strike,0.01,terms,16,4.8678003200820035,4.02797279368558,-0.6169235760508365,21.93888504861838,1.0608401491418387,15,1
detailed_minus_reference,stress,previous_real_terms_synthetic,False,STEP KI,first_strike,0.025,terms,16,11.921655561028961,9.212770443644379,-0.2629876856337441,47.61794186329413,1.440803023860731,15,1
detailed_minus_reference,stress,previous_real_terms_synthetic,False,STEP KI,first_strike,0.05,terms,16,21.273661059243473,17.43436285843705,-2.724767144393966,78.67879250349206,1.631968655160915,15,1
detailed_minus_reference,stress,previous_real_terms_synthetic,False,STEP KI,ki_barrier,-0.05,terms,16,20.46836820653045,15.694159317312817,1.9343985337438396,61.18880892910475,0.796221557470985,16,0
detailed_minus_reference,stress,previous_real_terms_synthetic,False,STEP KI,ki_barrier,-0.025,terms,16,10.734876478170536,8.232175222483562,1.0373856671609123,31.301279572208337,0.5907398185162522,16,0
detailed_minus_reference,stress,previous_real_terms_synthetic,False,STEP KI,ki_barrier,-0.01,terms,16,4.285301253376073,3.2423928336859023,0.4178397051153413,12.782256248767364,0.3898176103427181,16,0
detailed_minus_reference,stress,previous_real_terms_synthetic,False,STEP KI,ki_barrier,-0.005,terms,16,2.119422971946049,1.4658149632543351,0.1912338637713951,6.368671076727196,0.28931032821618863,16,0
detailed_minus_reference,stress,previous_real_terms_synthetic,False,STEP KI,ki_barrier,0.005,terms,16,-2.2879870460145004,-1.6849741008217616,-6.973653991666859,-0.1439754036043606,0.29415189967428035,0,16
detailed_minus_reference,stress,previous_real_terms_synthetic,False,STEP KI,ki_barrier,0.01,terms,16,-4.44862676855536,-3.568587375085061,-11.991428211812256,-0.2437869453904398,0.39876556570106303,0,16
detailed_minus_reference,stress,previous_real_terms_synthetic,False,STEP KI,ki_barrier,0.025,terms,16,-11.202698569087914,-9.162114087136807,-29.376092931570813,-0.3803510662706176,0.5938099712695261,0,16
detailed_minus_reference,stress,previous_real_terms_synthetic,False,STEP KI,ki_barrier,0.05,terms,16,-22.01716546870924,-17.04126294281815,-56.77286606421937,-0.4511853742862438,0.8066064946450484,0,16
detailed_minus_reference,stress,previous_real_terms_synthetic,False,STEP KI,last_strike,-0.05,terms,16,-16.163442850060036,-11.677910585673398,-56.41078069309393,-0.602584200017138,0.5941620170474212,0,16
detailed_minus_reference,stress,previous_real_terms_synthetic,False,STEP KI,last_strike,-0.025,terms,16,-7.440983277052563,-5.381392448021393,-26.42109203338623,-0.4273224137570099,0.43478479307296647,0,16
detailed_minus_reference,stress,previous_real_terms_synthetic,False,STEP KI,last_strike,-0.01,terms,16,-2.831354150345965,-2.027983222651697,-9.407510042190552,0.1300694430108184,0.2955272784667652,1,15
detailed_minus_reference,stress,previous_real_terms_synthetic,False,STEP KI,last_strike,-0.005,terms,16,-1.4003966174042697,-0.8787889339157013,-4.753794968128204,0.0104376060504104,0.21450833273049602,1,15
detailed_minus_reference,stress,previous_real_terms_synthetic,False,STEP KI,last_strike,0.005,terms,16,1.4193057965186904,1.0944210530239102,-0.009816525077214,4.186675568421682,0.20930260510377988,15,1
detailed_minus_reference,stress,previous_real_terms_synthetic,False,STEP KI,last_strike,0.01,terms,16,2.7673674686659977,2.139672282898066,-0.0282529542083057,8.006391525268555,0.28114955432235056,15,1
detailed_minus_reference,stress,previous_real_terms_synthetic,False,STEP KI,last_strike,0.025,terms,16,6.304964354846126,4.746992536431227,-0.2498258539014679,18.181180755297344,0.38849210764473163,15,1
detailed_minus_reference,stress,previous_real_terms_synthetic,False,STEP KI,last_strike,0.05,terms,16,11.308147858118998,8.440814708671269,0.1664990462415231,30.60776760180791,0.4735191215994351,16,0
detailed_minus_reference,stress,previous_real_terms_synthetic,False,STEP no-KI,base,0.0,terms,20,0.0,0.0,0.0,0.0,0.0,0,0
detailed_minus_reference,stress,previous_real_terms_synthetic,False,STEP no-KI,coupon_regular,-0.01,terms,20,0.13999173637534662,0.0952404937346794,-0.132701907859432,0.6198951359600636,0.0662067287840391,16,4
detailed_minus_reference,stress,previous_real_terms_synthetic,False,STEP no-KI,coupon_regular,-0.005,terms,20,0.0698232690309312,0.04733413215538155,-0.0669430217673592,0.3095129706474324,0.03310337216290211,16,4
detailed_minus_reference,stress,previous_real_terms_synthetic,False,STEP no-KI,coupon_regular,-0.0025,terms,20,0.03491355577202104,0.023259155848964,-0.0336789698166664,0.155595867732998,0.016551685076249167,16,4
detailed_minus_reference,stress,previous_real_terms_synthetic,False,STEP no-KI,coupon_regular,-0.001,terms,20,0.014016615049514314,0.00935267921212315,-0.0137338861124297,0.0618239517609131,0.006620690824376529,16,4
detailed_minus_reference,stress,previous_real_terms_synthetic,False,STEP no-KI,coupon_regular,0.001,terms,20,-0.014117136295506125,-0.0099376385535371,-0.0618844107405122,0.0129226668986815,0.006620631456833365,4,16
detailed_minus_reference,stress,previous_real_terms_synthetic,False,STEP no-KI,coupon_regular,0.0025,terms,20,-0.035025111824580096,-0.0241840469637363,-0.1548260141425658,0.0333878309296605,0.016551675374999582,4,16
detailed_minus_reference,stress,previous_real_terms_synthetic,False,STEP no-KI,coupon_regular,0.005,terms,20,-0.07008108743170866,-0.04784889276865245,-0.3095927415304986,0.0664922020366675,0.033103341229817076,4,16
detailed_minus_reference,stress,previous_real_terms_synthetic,False,STEP no-KI,coupon_regular,0.01,terms,20,-0.14006126370283162,-0.09512154273238041,-0.6192721482144298,0.1327787481821332,0.0662066772143486,4,16
detailed_minus_reference,stress,previous_real_terms_synthetic,False,STEP no-KI,first_strike,-0.05,terms,20,-0.7113734882354953,-0.28184023697643307,-7.359325323453625,6.145808483532158,1.536688345054412,5,15
detailed_minus_reference,stress,previous_real_terms_synthetic,False,STEP no-KI,first_strike,-0.025,terms,20,-0.5705107784659252,-0.3876780674595369,-4.630508606461625,3.278147938945684,1.4253874856122593,8,12
detailed_minus_reference,stress,previous_real_terms_synthetic,False,STEP no-KI,first_strike,-0.01,terms,20,-0.12657380379590194,-0.028271072863694444,-2.5962875554633102,3.0262669749745035,1.120928112279781,10,10
detailed_minus_reference,stress,previous_real_terms_synthetic,False,STEP no-KI,first_strike,-0.005,terms,20,-0.35483227071950674,-0.2455281082219084,-1.860249705327022,0.936438860955116,0.8574995326923313,6,14
detailed_minus_reference,stress,previous_real_terms_synthetic,False,STEP no-KI,first_strike,0.005,terms,20,0.014153979660715198,0.0709211702316318,-2.1575172148605297,1.334334431197847,0.8438143942175934,10,10
detailed_minus_reference,stress,previous_real_terms_synthetic,False,STEP no-KI,first_strike,0.01,terms,20,-0.38956376979568946,0.008877286947421,-3.153652472370163,3.323373006870125,1.105068414671902,10,10
detailed_minus_reference,stress,previous_real_terms_synthetic,False,STEP no-KI,first_strike,0.025,terms,20,-0.5494993309440295,-0.24148875548906518,-3.636566268863829,0.9282124334158326,1.4018735567354852,8,12
detailed_minus_reference,stress,previous_real_terms_synthetic,False,STEP no-KI,first_strike,0.05,terms,20,-0.9403601482914598,-0.8276537196211429,-4.158382057711912,2.481328925655883,1.5198605379536443,7,13
detailed_minus_reference,stress,previous_real_terms_synthetic,False,STEP no-KI,last_strike,-0.05,terms,20,-0.61970242946702,-0.3244433117035356,-3.134549926835429,1.4852018629415251,1.0307216895540212,5,15
detailed_minus_reference,stress,previous_real_terms_synthetic,False,STEP no-KI,last_strike,-0.025,terms,20,-0.21784827940895296,-0.2560598723530117,-2.2994086015052866,1.943191647456918,0.911351112923659,7,13
detailed_minus_reference,stress,previous_real_terms_synthetic,False,STEP no-KI,last_strike,-0.01,terms,20,-0.20388277108713773,-0.24871273010417075,-1.2425362626712693,1.52552589571531,0.7476340298488691,8,12
detailed_minus_reference,stress,previous_real_terms_synthetic,False,STEP no-KI,last_strike,-0.005,terms,20,-0.24741757380202395,-0.18267736465079532,-1.1249458565053687,0.6909958730566637,0.5882931152442652,5,15
detailed_minus_reference,stress,previous_real_terms_synthetic,False,STEP no-KI,last_strike,0.005,terms,20,0.19450455634549962,0.15166574409887607,-2.364630499631746,2.350901816248078,0.580932094021298,12,8
detailed_minus_reference,stress,previous_real_terms_synthetic,False,STEP no-KI,last_strike,0.01,terms,20,0.38483695852851085,0.16277284861864075,-2.541724646326128,2.3461991759110195,0.725086851042604,15,5
detailed_minus_reference,stress,previous_real_terms_synthetic,False,STEP no-KI,last_strike,0.025,terms,20,0.656016982202062,0.3617791220399986,-2.417961515713548,4.0507244434278125,0.852803761582545,12,8
detailed_minus_reference,stress,previous_real_terms_synthetic,False,STEP no-KI,last_strike,0.05,terms,20,0.3691547116407514,0.393993712265515,-4.210117231865853,2.809292481977,0.9114218223542281,14,6
detailed_minus_reference,stress,published_monthly,True,LIZARD no-KI,base,0.0,terms,1,0.0,0.0,0.0,0.0,0.0,0,0
detailed_minus_reference,stress,published_monthly,True,LIZARD no-KI,coupon_regular,-0.01,terms,1,-5.096687281411211,-5.096687281411211,-5.096687281411211,-5.096687281411211,0.1395920741489946,0,1
detailed_minus_reference,stress,published_monthly,True,LIZARD no-KI,coupon_regular,-0.005,terms,1,-2.548126237730548,-2.548126237730548,-2.548126237730548,-2.548126237730548,0.0697963396962291,0,1
detailed_minus_reference,stress,published_monthly,True,LIZARD no-KI,coupon_regular,-0.0025,terms,1,-1.273757158289977,-1.273757158289977,-1.273757158289977,-1.273757158289977,0.0348982049864076,0,1
detailed_minus_reference,stress,published_monthly,True,LIZARD no-KI,coupon_regular,-0.001,terms,1,-0.5097823951915447,-0.5097823951915447,-0.5097823951915447,-0.5097823951915447,0.0139593065544115,0,1
detailed_minus_reference,stress,published_monthly,True,LIZARD no-KI,coupon_regular,0.001,terms,1,0.5097060615104987,0.5097060615104987,0.5097060615104987,0.5097060615104987,0.0139588603011346,1,0
detailed_minus_reference,stress,published_monthly,True,LIZARD no-KI,coupon_regular,0.0025,terms,1,1.2739415452585017,1.2739415452585017,1.2739415452585017,1.2739415452585017,0.0348982154087376,1,0
detailed_minus_reference,stress,published_monthly,True,LIZARD no-KI,coupon_regular,0.005,terms,1,2.5480683119499,2.5480683119499,2.5480683119499,2.5480683119499,0.0697958277089839,1,0
detailed_minus_reference,stress,published_monthly,True,LIZARD no-KI,coupon_regular,0.01,terms,1,5.0962667011035565,5.0962667011035565,5.0962667011035565,5.0962667011035565,0.1395916580294241,1,0
detailed_minus_reference,stress,published_monthly,True,LIZARD no-KI,first_strike,-0.05,terms,1,-30.00816763946609,-30.00816763946609,-30.00816763946609,-30.00816763946609,0.7749483985190944,0,1
detailed_minus_reference,stress,published_monthly,True,LIZARD no-KI,first_strike,-0.025,terms,1,-15.239720877740908,-15.239720877740908,-15.239720877740908,-15.239720877740908,0.5970643944961359,0,1
detailed_minus_reference,stress,published_monthly,True,LIZARD no-KI,first_strike,-0.01,terms,1,-5.795430696163957,-5.795430696163957,-5.795430696163957,-5.795430696163957,0.4563597937838134,0,1
detailed_minus_reference,stress,published_monthly,True,LIZARD no-KI,first_strike,-0.005,terms,1,-3.4061241310498303,-3.4061241310498303,-3.4061241310498303,-3.4061241310498303,0.3854334567083303,0,1
detailed_minus_reference,stress,published_monthly,True,LIZARD no-KI,first_strike,0.005,terms,1,2.691826609315214,2.691826609315214,2.691826609315214,2.691826609315214,0.3337685072183645,1,0
detailed_minus_reference,stress,published_monthly,True,LIZARD no-KI,first_strike,0.01,terms,1,5.483353138068587,5.483353138068587,5.483353138068587,5.483353138068587,0.4242641360490125,1,0
detailed_minus_reference,stress,published_monthly,True,LIZARD no-KI,first_strike,0.025,terms,1,12.3214424739007,12.3214424739007,12.3214424739007,12.3214424739007,0.5385896076122457,1,0
detailed_minus_reference,stress,published_monthly,True,LIZARD no-KI,first_strike,0.05,terms,1,23.449069383642616,23.449069383642616,23.449069383642616,23.449069383642616,0.5835960976358316,1,0
detailed_minus_reference,stress,published_monthly,True,LIZARD no-KI,last_strike,-0.05,terms,1,-21.678493775534044,-21.678493775534044,-21.678493775534044,-21.678493775534044,1.2242316779843316,0,1
detailed_minus_reference,stress,published_monthly,True,LIZARD no-KI,last_strike,-0.025,terms,1,-11.087453406602233,-11.087453406602233,-11.087453406602233,-11.087453406602233,1.1826924564749726,0,1
detailed_minus_reference,stress,published_monthly,True,LIZARD no-KI,last_strike,-0.01,terms,1,-3.954669072021917,-3.954669072021917,-3.954669072021917,-3.954669072021917,0.953768616169176,0,1
detailed_minus_reference,stress,published_monthly,True,LIZARD no-KI,last_strike,-0.005,terms,1,-2.827500916160009,-2.827500916160009,-2.827500916160009,-2.827500916160009,0.7348260384698097,0,1
detailed_minus_reference,stress,published_monthly,True,LIZARD no-KI,last_strike,0.005,terms,1,1.8382141707585784,1.8382141707585784,1.8382141707585784,1.8382141707585784,0.7208510577189272,1,0
detailed_minus_reference,stress,published_monthly,True,LIZARD no-KI,last_strike,0.01,terms,1,4.9098925446720205,4.9098925446720205,4.9098925446720205,4.9098925446720205,0.9752059521231292,1,0
detailed_minus_reference,stress,published_monthly,True,LIZARD no-KI,last_strike,0.025,terms,1,12.66595847980624,12.66595847980624,12.66595847980624,12.66595847980624,1.236313859147661,1,0
detailed_minus_reference,stress,published_monthly,True,LIZARD no-KI,last_strike,0.05,terms,1,28.425780840755827,28.425780840755827,28.425780840755827,28.425780840755827,1.376608023273315,1,0
detailed_minus_reference,stress,published_monthly,True,LIZARD no-KI,monthly_barrier,-0.05,terms,1,33.36313370832425,33.36313370832425,33.36313370832425,33.36313370832425,0.3039155647999719,1,0
detailed_minus_reference,stress,published_monthly,True,LIZARD no-KI,monthly_barrier,-0.025,terms,1,18.078804226430208,18.078804226430208,18.078804226430208,18.078804226430208,0.172960695722236,1,0
detailed_minus_reference,stress,published_monthly,True,LIZARD no-KI,monthly_barrier,-0.01,terms,1,7.576392945831255,7.576392945831255,7.576392945831255,7.576392945831255,0.0845054083946409,1,0
detailed_minus_reference,stress,published_monthly,True,LIZARD no-KI,monthly_barrier,-0.005,terms,1,3.865281161014006,3.865281161014006,3.865281161014006,3.865281161014006,0.051795706209967,1,0
detailed_minus_reference,stress,published_monthly,True,LIZARD no-KI,monthly_barrier,0.005,terms,1,-3.995936583763045,-3.995936583763045,-3.995936583763045,-3.995936583763045,0.0526529996975309,0,1
detailed_minus_reference,stress,published_monthly,True,LIZARD no-KI,monthly_barrier,0.01,terms,1,-8.118048419476489,-8.118048419476489,-8.118048419476489,-8.118048419476489,0.0870257290787302,0,1
detailed_minus_reference,stress,published_monthly,True,LIZARD no-KI,monthly_barrier,0.025,terms,1,-21.39042979919917,-21.39042979919917,-21.39042979919917,-21.39042979919917,0.1883365765679728,0,1
detailed_minus_reference,stress,published_monthly,True,LIZARD no-KI,monthly_barrier,0.05,terms,1,-46.12554284580472,-46.12554284580472,-46.12554284580472,-46.12554284580472,0.3603622882349683,0,1
detailed_minus_reference,stress,published_monthly,True,LIZARD no-KI,nobs_early,1.0,schedule,1,-118.80233248749911,-118.80233248749911,-118.80233248749911,-118.80233248749911,1.6773771812728149,0,1
detailed_minus_reference,stress,published_monthly,True,LIZARD no-KI,nobs_late,1.0,schedule,1,32.1413130730869,32.1413130730869,32.1413130730869,32.1413130730869,1.450332306733542,1,0
detailed_minus_reference,stress,published_monthly,True,LIZARD no-KI,nobs_middle,1.0,schedule,1,25.81288756169297,25.81288756169297,25.81288756169297,25.81288756169297,1.364012922246533,1,0
detailed_minus_reference,stress,published_monthly,True,LIZARD no-KI,tenor_months,-12.0,schedule,1,3.47031621406312,3.47031621406312,3.47031621406312,3.47031621406312,1.4520128348289707,1,0
detailed_minus_reference,stress,published_monthly,True,LIZARD no-KI,tenor_months,-6.0,schedule,1,-1.2767234082652077,-1.2767234082652077,-1.2767234082652077,-1.2767234082652077,1.4407099091658846,0,1
detailed_minus_reference,stress,published_monthly,True,LIZARD no-KI,tenor_months,-3.0,schedule,1,-28.846980304551625,-28.846980304551625,-28.846980304551625,-28.846980304551625,1.4312879050273368,0,1
detailed_minus_reference,stress,published_monthly,True,LIZARD no-KI,tenor_months,-1.0,schedule,1,-35.25339416408437,-35.25339416408437,-35.25339416408437,-35.25339416408437,1.375204828393629,0,1
detailed_minus_reference,stress,published_monthly,True,LIZARD no-KI,tenor_months,1.0,schedule,1,-14.879633513061384,-14.879633513061384,-14.879633513061384,-14.879633513061384,1.313496710107287,0,1
detailed_minus_reference,stress,published_monthly,True,LIZARD no-KI,tenor_months,3.0,schedule,1,-17.779799307717727,-17.779799307717727,-17.779799307717727,-17.779799307717727,1.4698418649138398,0,1
detailed_minus_reference,stress,published_monthly,True,LIZARD no-KI,tenor_months,6.0,schedule,1,-6.013933122953512,-6.013933122953512,-6.013933122953512,-6.013933122953512,1.5720902258721314,0,1
detailed_minus_reference,stress,published_monthly,True,LIZARD no-KI,tenor_months,12.0,schedule,1,-10.879326799180417,-10.879326799180417,-10.879326799180417,-10.879326799180417,1.8022580526363332,0,1
detailed_minus_reference,stress,published_monthly,True,STEP KI,base,0.0,terms,1,0.0,0.0,0.0,0.0,0.0,0,0
detailed_minus_reference,stress,published_monthly,True,STEP KI,coupon_regular,-0.01,terms,1,-23.35603250454633,-23.35603250454633,-23.35603250454633,-23.35603250454633,0.2032707496716299,0,1
detailed_minus_reference,stress,published_monthly,True,STEP KI,coupon_regular,-0.005,terms,1,-11.677604289803591,-11.677604289803591,-11.677604289803591,-11.677604289803591,0.1016357335811467,0,1
detailed_minus_reference,stress,published_monthly,True,STEP KI,coupon_regular,-0.0025,terms,1,-5.839612887280176,-5.839612887280176,-5.839612887280176,-5.839612887280176,0.0508172128684011,0,1
detailed_minus_reference,stress,published_monthly,True,STEP KI,coupon_regular,-0.001,terms,1,-2.336103831123067,-2.336103831123067,-2.336103831123067,-2.336103831123067,0.0203266996930894,0,1
detailed_minus_reference,stress,published_monthly,True,STEP KI,coupon_regular,0.001,terms,1,2.335228656124124,2.335228656124124,2.335228656124124,2.335228656124124,0.0203274000189843,1,0
detailed_minus_reference,stress,published_monthly,True,STEP KI,coupon_regular,0.0025,terms,1,5.838584438936887,5.838584438936887,5.838584438936887,5.838584438936887,0.0508180737267948,1,0
detailed_minus_reference,stress,published_monthly,True,STEP KI,coupon_regular,0.005,terms,1,11.677634320611988,11.677634320611988,11.677634320611988,11.677634320611988,0.1016356743591452,1,0
detailed_minus_reference,stress,published_monthly,True,STEP KI,coupon_regular,0.01,terms,1,23.35587923120357,23.35587923120357,23.35587923120357,23.35587923120357,0.203270910186212,1,0
detailed_minus_reference,stress,published_monthly,True,STEP KI,first_strike,-0.05,terms,1,-61.1941112351677,-61.1941112351677,-61.1941112351677,-61.1941112351677,1.775422479459757,0,1
detailed_minus_reference,stress,published_monthly,True,STEP KI,first_strike,-0.025,terms,1,-30.589701771664068,-30.589701771664068,-30.589701771664068,-30.589701771664068,1.5210718564528287,0,1
detailed_minus_reference,stress,published_monthly,True,STEP KI,first_strike,-0.01,terms,1,-11.208365101031909,-11.208365101031909,-11.208365101031909,-11.208365101031909,1.118585622449278,0,1
detailed_minus_reference,stress,published_monthly,True,STEP KI,first_strike,-0.005,terms,1,-5.375027053383569,-5.375027053383569,-5.375027053383569,-5.375027053383569,0.8270659865328704,0,1
detailed_minus_reference,stress,published_monthly,True,STEP KI,first_strike,0.005,terms,1,5.186084810357726,5.186084810357726,5.186084810357726,5.186084810357726,0.840973666783918,1,0
detailed_minus_reference,stress,published_monthly,True,STEP KI,first_strike,0.01,terms,1,11.366884495466488,11.366884495466488,11.366884495466488,11.366884495466488,1.1142749303728148,1,0
detailed_minus_reference,stress,published_monthly,True,STEP KI,first_strike,0.025,terms,1,27.72410623443864,27.72410623443864,27.72410623443864,27.72410623443864,1.443565441104639,1,0
detailed_minus_reference,stress,published_monthly,True,STEP KI,first_strike,0.05,terms,1,53.73218362319174,53.73218362319174,53.73218362319174,53.73218362319174,1.578151555013933,1,0
detailed_minus_reference,stress,published_monthly,True,STEP KI,ki_barrier,-0.05,terms,1,-1.1616397279583632,-1.1616397279583632,-1.1616397279583632,-1.1616397279583632,0.6500915192622243,0,1
detailed_minus_reference,stress,published_monthly,True,STEP KI,ki_barrier,-0.025,terms,1,-0.3899698742901644,-0.3899698742901644,-0.3899698742901644,-0.3899698742901644,0.4813874368914834,0,1
detailed_minus_reference,stress,published_monthly,True,STEP KI,ki_barrier,-0.01,terms,1,-0.1431456601756171,-0.1431456601756171,-0.1431456601756171,-0.1431456601756171,0.3273198069897799,0,1
detailed_minus_reference,stress,published_monthly,True,STEP KI,ki_barrier,-0.005,terms,1,-0.1014481986076818,-0.1014481986076818,-0.1014481986076818,-0.1014481986076818,0.2416539315401372,0,1
detailed_minus_reference,stress,published_monthly,True,STEP KI,ki_barrier,0.005,terms,1,0.0406258417310369,0.0406258417310369,0.0406258417310369,0.0406258417310369,0.2475977307721743,1,0
detailed_minus_reference,stress,published_monthly,True,STEP KI,ki_barrier,0.01,terms,1,0.1721719389660481,0.1721719389660481,0.1721719389660481,0.1721719389660481,0.3300331048865204,1,0
detailed_minus_reference,stress,published_monthly,True,STEP KI,ki_barrier,0.025,terms,1,0.621533150417854,0.621533150417854,0.621533150417854,0.621533150417854,0.4600538746936371,1,0
detailed_minus_reference,stress,published_monthly,True,STEP KI,ki_barrier,0.05,terms,1,0.7971276748539614,0.7971276748539614,0.7971276748539614,0.7971276748539614,0.6010838170233176,1,0
detailed_minus_reference,stress,published_monthly,True,STEP KI,last_strike,-0.05,terms,1,-33.90669519734338,-33.90669519734338,-33.90669519734338,-33.90669519734338,0.8720618189413213,0,1
detailed_minus_reference,stress,published_monthly,True,STEP KI,last_strike,-0.025,terms,1,-16.07894101060958,-16.07894101060958,-16.07894101060958,-16.07894101060958,0.6330663611577977,0,1
detailed_minus_reference,stress,published_monthly,True,STEP KI,last_strike,-0.01,terms,1,-6.099029527963072,-6.099029527963072,-6.099029527963072,-6.099029527963072,0.409431510539169,0,1
detailed_minus_reference,stress,published_monthly,True,STEP KI,last_strike,-0.005,terms,1,-3.5716088153561585,-3.5716088153561585,-3.5716088153561585,-3.5716088153561585,0.3169311336062117,0,1
detailed_minus_reference,stress,published_monthly,True,STEP KI,last_strike,0.005,terms,1,2.425385515888285,2.425385515888285,2.425385515888285,2.425385515888285,0.2585915001045429,1,0
detailed_minus_reference,stress,published_monthly,True,STEP KI,last_strike,0.01,terms,1,5.128282414476092,5.128282414476092,5.128282414476092,5.128282414476092,0.3731389603358092,1,0
detailed_minus_reference,stress,published_monthly,True,STEP KI,last_strike,0.025,terms,1,12.84775354414039,12.84775354414039,12.84775354414039,12.84775354414039,0.5537110086008815,1,0
detailed_minus_reference,stress,published_monthly,True,STEP KI,last_strike,0.05,terms,1,23.878737184763967,23.878737184763967,23.878737184763967,23.878737184763967,0.7130763823846802,1,0
detailed_minus_reference,stress,published_monthly,True,STEP KI,monthly_barrier,-0.05,terms,1,30.331975822568637,30.331975822568637,30.331975822568637,30.331975822568637,0.2973345230191589,1,0
detailed_minus_reference,stress,published_monthly,True,STEP KI,monthly_barrier,-0.025,terms,1,16.222965635488155,16.222965635488155,16.222965635488155,16.222965635488155,0.1679082782796302,1,0
detailed_minus_reference,stress,published_monthly,True,STEP KI,monthly_barrier,-0.01,terms,1,6.81520187027362,6.81520187027362,6.81520187027362,6.81520187027362,0.0833489098684577,1,0
detailed_minus_reference,stress,published_monthly,True,STEP KI,monthly_barrier,-0.005,terms,1,3.4812338724858534,3.4812338724858534,3.4812338724858534,3.4812338724858534,0.0520827392766905,1,0
detailed_minus_reference,stress,published_monthly,True,STEP KI,monthly_barrier,0.005,terms,1,-3.5182101595902933,-3.5182101595902933,-3.5182101595902933,-3.5182101595902933,0.0521332443890737,0,1
detailed_minus_reference,stress,published_monthly,True,STEP KI,monthly_barrier,0.01,terms,1,-7.112600554862541,-7.112600554862541,-7.112600554862541,-7.112600554862541,0.0849571416362881,0,1
detailed_minus_reference,stress,published_monthly,True,STEP KI,monthly_barrier,0.025,terms,1,-18.676582331908666,-18.676582331908666,-18.676582331908666,-18.676582331908666,0.18051903336726,0,1
detailed_minus_reference,stress,published_monthly,True,STEP KI,monthly_barrier,0.05,terms,1,-39.91392305532508,-39.91392305532508,-39.91392305532508,-39.91392305532508,0.3403406636421226,0,1
detailed_minus_reference,stress,published_monthly,True,STEP KI,nobs_early,1.0,schedule,1,-54.4918023514374,-54.4918023514374,-54.4918023514374,-54.4918023514374,2.9408775837692187,0,1
detailed_minus_reference,stress,published_monthly,True,STEP KI,nobs_late,1.0,schedule,1,-27.159199002579054,-27.159199002579054,-27.159199002579054,-27.159199002579054,2.5145127186074725,0,1
detailed_minus_reference,stress,published_monthly,True,STEP KI,nobs_middle,1.0,schedule,1,-19.70770393987815,-19.70770393987815,-19.70770393987815,-19.70770393987815,2.462822089872686,0,1
detailed_minus_reference,stress,published_monthly,True,STEP KI,tenor_months,-12.0,schedule,1,-96.77236236319072,-96.77236236319072,-96.77236236319072,-96.77236236319072,1.9861997723725884,0,1
detailed_minus_reference,stress,published_monthly,True,STEP KI,tenor_months,-6.0,schedule,1,-50.942014403098256,-50.942014403098256,-50.942014403098256,-50.942014403098256,1.975415220107988,0,1
detailed_minus_reference,stress,published_monthly,True,STEP KI,tenor_months,-3.0,schedule,1,-50.917933892986255,-50.917933892986255,-50.917933892986255,-50.917933892986255,1.968432021685052,0,1
detailed_minus_reference,stress,published_monthly,True,STEP KI,tenor_months,-1.0,schedule,1,-51.20640565473477,-51.20640565473477,-51.20640565473477,-51.20640565473477,1.898812420214716,0,1
detailed_minus_reference,stress,published_monthly,True,STEP KI,tenor_months,1.0,schedule,1,-7.580690698329047,-7.580690698329047,-7.580690698329047,-7.580690698329047,1.94291990433162,0,1
detailed_minus_reference,stress,published_monthly,True,STEP KI,tenor_months,3.0,schedule,1,-4.904647079512429,-4.904647079512429,-4.904647079512429,-4.904647079512429,2.210910845963586,0,1
detailed_minus_reference,stress,published_monthly,True,STEP KI,tenor_months,6.0,schedule,1,37.30131534099623,37.30131534099623,37.30131534099623,37.30131534099623,2.303355447387488,1,0
detailed_minus_reference,stress,published_monthly,True,STEP KI,tenor_months,12.0,schedule,1,91.959954379362,91.959954379362,91.959954379362,91.959954379362,2.5063813864890587,1,0
detailed_minus_reference,stress,published_monthly,True,STEP no-KI,base,0.0,terms,4,0.0,0.0,0.0,0.0,0.0,0,0
detailed_minus_reference,stress,published_monthly,True,STEP no-KI,coupon_regular,-0.01,terms,4,-17.582393732515133,-11.713946783989368,-37.070363983314735,-9.831317378767064,0.17598183614155577,0,4
detailed_minus_reference,stress,published_monthly,True,STEP no-KI,coupon_regular,-0.005,terms,4,-8.79137529897019,-5.857275205080121,-18.53541153907896,-4.915539246641555,0.08799080380455629,0,4
detailed_minus_reference,stress,published_monthly,True,STEP no-KI,coupon_regular,-0.0025,terms,4,-4.395522354629327,-2.9284086735171035,-9.267582457463831,-2.4576896140192708,0.043995520524842874,0,4
detailed_minus_reference,stress,published_monthly,True,STEP no-KI,coupon_regular,-0.001,terms,4,-1.7581642105526252,-1.171047304515908,-3.707332299630131,-0.983229933548554,0.017598162912526874,0,4
detailed_minus_reference,stress,published_monthly,True,STEP no-KI,coupon_regular,0.001,terms,4,1.7582906940925673,1.171324252530765,0.9832420928971116,3.707272178411627,0.0175980941720807,4,0
detailed_minus_reference,stress,published_monthly,True,STEP no-KI,coupon_regular,0.0025,terms,4,4.395452202445884,2.928240096680709,2.457878918371069,9.267449698051047,0.04399549947551915,4,0
detailed_minus_reference,stress,published_monthly,True,STEP no-KI,coupon_regular,0.005,terms,4,8.791222311231959,5.8570085189984855,4.915701391144636,18.53517081578623,0.0879908220976766,4,0
detailed_minus_reference,stress,published_monthly,True,STEP no-KI,coupon_regular,0.01,terms,4,17.582412118064507,11.713852255989885,9.831820700255548,37.07012326002272,0.17598185332271069,4,0
detailed_minus_reference,stress,published_monthly,True,STEP no-KI,first_strike,-0.05,terms,4,-23.18478538727388,-21.143880938086575,-33.58404437739036,-16.867335295532012,1.2752815524921919,0,4
detailed_minus_reference,stress,published_monthly,True,STEP no-KI,first_strike,-0.025,terms,4,-10.583444912972347,-9.71027359886381,-15.877198655018647,-7.036033799143119,1.0151371762027817,0,4
detailed_minus_reference,stress,published_monthly,True,STEP no-KI,first_strike,-0.01,terms,4,-4.2952020762212415,-3.372202388128052,-7.521228291073748,-2.9151752375551148,0.7189523695434265,0,4
detailed_minus_reference,stress,published_monthly,True,STEP no-KI,first_strike,-0.005,terms,4,-2.304765876041469,-2.0390326589775016,-3.347538309850297,-1.793459876360575,0.524962722223582,0,4
detailed_minus_reference,stress,published_monthly,True,STEP no-KI,first_strike,0.005,terms,4,1.5625453375733045,1.6526861366434074,0.7049207077913594,2.2398883692150444,0.5045678299448337,4,0
detailed_minus_reference,stress,published_monthly,True,STEP no-KI,first_strike,0.01,terms,4,3.301201141085646,2.963894633300671,2.342107732351588,4.934907565389654,0.6791421283614907,4,0
detailed_minus_reference,stress,published_monthly,True,STEP no-KI,first_strike,0.025,terms,4,8.1328039264498,7.623313321640724,5.3618741581316245,11.922714904386126,0.8896527646616114,4,0
detailed_minus_reference,stress,published_monthly,True,STEP no-KI,first_strike,0.05,terms,4,14.11098978878478,13.230004655707862,8.94326937384475,21.040680469878644,0.9827416936618534,4,0
detailed_minus_reference,stress,published_monthly,True,STEP no-KI,last_strike,-0.05,terms,4,-42.91340868403211,-40.86207351581568,-58.03100953006802,-31.898478174429066,1.458634555156503,0,4
detailed_minus_reference,stress,published_monthly,True,STEP no-KI,last_strike,-0.025,terms,4,-20.79977660995189,-20.88604135855703,-25.57650155233811,-15.850522170355386,1.271022694052304,0,4
detailed_minus_reference,stress,published_monthly,True,STEP no-KI,last_strike,-0.01,terms,4,-7.948040318338153,-7.84075381222317,-11.029845570280596,-5.080808078625676,1.0065214112420735,0,4
detailed_minus_reference,stress,published_monthly,True,STEP no-KI,last_strike,-0.005,terms,4,-3.6234574493438765,-3.4741093235261284,-5.3177975377541085,-2.227813612569141,0.7845822645736291,0,4
detailed_minus_reference,stress,published_monthly,True,STEP no-KI,last_strike,0.005,terms,4,4.792003042176432,4.730051936317132,4.227647635557307,5.480260660514159,0.7820295955000041,4,0
detailed_minus_reference,stress,published_monthly,True,STEP no-KI,last_strike,0.01,terms,4,9.165411606256091,9.291099884251235,6.775316944693288,11.304129711828606,0.9983921090137589,4,0
detailed_minus_reference,stress,published_monthly,True,STEP no-KI,last_strike,0.025,terms,4,22.489256569640546,22.850954170034882,16.85036069372021,27.40475724477222,1.2397371869451683,4,0
detailed_minus_reference,stress,published_monthly,True,STEP no-KI,last_strike,0.05,terms,4,43.56748945933708,47.580459991425585,30.262823937330072,48.8462139171671,1.4188650708164052,4,0
detailed_minus_reference,stress,published_monthly,True,STEP no-KI,monthly_barrier,-0.05,terms,4,30.441755950041227,29.395882091647813,20.190388770527544,42.78487084634173,0.28273138208441206,4,0
detailed_minus_reference,stress,published_monthly,True,STEP no-KI,monthly_barrier,-0.025,terms,4,16.72060795335,16.079356736548707,11.51949383386532,23.204224506437267,0.16356263859859205,4,0
detailed_minus_reference,stress,published_monthly,True,STEP no-KI,monthly_barrier,-0.01,terms,4,7.084636808575585,6.819196380447472,4.927344881016702,9.772809592390692,0.08080141616740602,4,0
detailed_minus_reference,stress,published_monthly,True,STEP no-KI,monthly_barrier,-0.005,terms,4,3.5976514152602235,3.4567804950457646,2.480374473249808,4.996670197699556,0.0497558004757722,4,0
detailed_minus_reference,stress,published_monthly,True,STEP no-KI,monthly_barrier,0.005,terms,4,-3.715163847023102,-3.5935192986159494,-5.010666881477978,-2.662949909382531,0.050360043336048696,0,4
detailed_minus_reference,stress,published_monthly,True,STEP no-KI,monthly_barrier,0.01,terms,4,-7.569926805774255,-7.303677820476652,-10.215924940622408,-5.456426641521312,0.08343916390836495,0,4
detailed_minus_reference,stress,published_monthly,True,STEP no-KI,monthly_barrier,0.025,terms,4,-19.918211481656307,-19.029956956022495,-26.86881672034721,-14.744115294233032,0.17944731933545527,0,4
detailed_minus_reference,stress,published_monthly,True,STEP no-KI,monthly_barrier,0.05,terms,4,-43.19542423662193,-41.19388124978996,-57.43559841085711,-32.95833603605068,0.34177953544677864,0,4
detailed_minus_reference,stress,published_monthly,True,STEP no-KI,nobs_early,1.0,schedule,4,0.21915433211946933,-1.93644323066421,-78.9776837037136,83.72718749351989,2.8169343468268773,2,2
detailed_minus_reference,stress,published_monthly,True,STEP no-KI,nobs_late,1.0,schedule,4,-34.02315116045973,-27.803445825245323,-105.4577631581906,24.97205016684232,2.572613495408478,2,2
detailed_minus_reference,stress,published_monthly,True,STEP no-KI,nobs_middle,1.0,schedule,4,-10.085915202950588,-8.300049742858942,-50.21048854668055,26.466927220596084,2.444251397452097,2,2
detailed_minus_reference,stress,published_monthly,True,STEP no-KI,tenor_months,-12.0,schedule,4,-71.45018213355179,-56.52396729102735,-134.29748428253265,-38.455309669619815,2.0185411438699736,0,4
detailed_minus_reference,stress,published_monthly,True,STEP no-KI,tenor_months,-6.0,schedule,4,-46.51298043946619,-38.38803505144043,-89.7428956825529,-19.53295597243097,2.0497573641727334,0,4
detailed_minus_reference,stress,published_monthly,True,STEP no-KI,tenor_months,-3.0,schedule,4,-39.84979821016779,-38.7942287326702,-55.12100527670305,-26.68973009862772,2.0825493459926925,0,4
detailed_minus_reference,stress,published_monthly,True,STEP no-KI,tenor_months,-1.0,schedule,4,-41.00721276223389,-39.23639394479028,-50.33992137286626,-35.21614178648875,1.9718339602329253,0,4
detailed_minus_reference,stress,published_monthly,True,STEP no-KI,tenor_months,1.0,schedule,4,-8.396372020639971,-8.735678753528052,-13.416467513306127,-2.697663062197651,1.8956233490902856,0,4
detailed_minus_reference,stress,published_monthly,True,STEP no-KI,tenor_months,3.0,schedule,4,0.4913492260796408,-3.933354108311656,-10.652946959781628,20.485052080723506,2.1865171866532043,2,2
detailed_minus_reference,stress,published_monthly,True,STEP no-KI,tenor_months,6.0,schedule,4,26.874465234314044,20.65544567346189,3.40258608385662,62.78438350647578,2.2750502580321643,4,0
detailed_minus_reference,stress,published_monthly,True,STEP no-KI,tenor_months,12.0,schedule,4,63.10349275706066,56.655896006506225,30.968063205965404,108.13411580926478,2.4742015716590386,4,0
detailed_minus_reference,test,synthetic_monthly,True,LIZARD no-KI,base,0.0,terms,43,0.0,0.0,0.0,0.0,0.0,0,0
detailed_minus_reference,test,synthetic_monthly,True,LIZARD no-KI,coupon_regular,-0.01,terms,43,-16.27006845046925,-16.282239746223222,-16.48382354860664,-16.081621491302975,0.09620828253513,0,43
detailed_minus_reference,test,synthetic_monthly,True,LIZARD no-KI,coupon_regular,-0.005,terms,43,-8.134985914283957,-8.141124845132396,-8.241506770676192,-8.040410912727301,0.0481042151188497,0,43
detailed_minus_reference,test,synthetic_monthly,True,LIZARD no-KI,coupon_regular,-0.0025,terms,43,-4.067614197956566,-4.0709527237142975,-4.121540698123867,-4.0201970719760585,0.02405193879730449,0,43
detailed_minus_reference,test,synthetic_monthly,True,LIZARD no-KI,coupon_regular,-0.001,terms,43,-1.627120042907646,-1.6286957606810262,-1.6484675120162926,-1.6082284344623758,0.009620676692887346,0,43
detailed_minus_reference,test,synthetic_monthly,True,LIZARD no-KI,coupon_regular,0.001,terms,43,1.6269032762934155,1.6274158677624289,1.608274707534948,1.6476603459167396,0.00962096023206414,43,0
detailed_minus_reference,test,synthetic_monthly,True,LIZARD no-KI,coupon_regular,0.0025,terms,43,4.067426474513762,4.06937489936013,4.020222602634028,4.119972489985741,0.02405219790012849,43,0
detailed_minus_reference,test,synthetic_monthly,True,LIZARD no-KI,coupon_regular,0.005,terms,43,8.1350131143322,8.140347163461861,8.041210578575702,8.24153836113597,0.048104147304584836,43,0
detailed_minus_reference,test,synthetic_monthly,True,LIZARD no-KI,coupon_regular,0.01,terms,43,16.27000296437076,16.280674786536235,16.08167440035932,16.483042678087596,0.09620833168214844,43,0
detailed_minus_reference,test,synthetic_monthly,True,LIZARD no-KI,first_strike,-0.05,terms,43,-65.50048116975252,-65.80634540290536,-79.39656500097846,-53.04784984811321,0.4663604572716135,0,43
detailed_minus_reference,test,synthetic_monthly,True,LIZARD no-KI,first_strike,-0.025,terms,43,-36.15719869024743,-36.60520425491215,-43.87385766996545,-29.19227841837471,0.3470102928246908,0,43
detailed_minus_reference,test,synthetic_monthly,True,LIZARD no-KI,first_strike,-0.01,terms,43,-15.222324903265497,-15.32906111068792,-18.825037171918925,-12.353651887092376,0.22874337971962264,0,43
detailed_minus_reference,test,synthetic_monthly,True,LIZARD no-KI,first_strike,-0.005,terms,43,-7.723795248621774,-7.732307797976436,-9.742276955415363,-6.074750665570238,0.16569600189766706,0,43
detailed_minus_reference,test,synthetic_monthly,True,LIZARD no-KI,first_strike,0.005,terms,43,7.905893790508339,7.881021319791229,6.360836500630862,9.755419186219925,0.1670458717130092,43,0
detailed_minus_reference,test,synthetic_monthly,True,LIZARD no-KI,first_strike,0.01,terms,43,16.028013518829432,16.060282422533085,12.88730307133864,20.00037431754732,0.23003195873185858,43,0
detailed_minus_reference,test,synthetic_monthly,True,LIZARD no-KI,first_strike,0.025,terms,43,41.21176077109045,41.64929349816617,33.16356323729597,50.62032297415778,0.3459793680101779,43,0
detailed_minus_reference,test,synthetic_monthly,True,LIZARD no-KI,first_strike,0.05,terms,43,84.29028316788957,84.04977433611835,68.31334316914919,102.66167974816598,0.4561575145898413,43,0
detailed_minus_reference,test,synthetic_monthly,True,LIZARD no-KI,last_strike,-0.05,terms,43,-6.019334715117174,-5.917185472327015,-8.194530809242154,-4.42425059670379,0.5165156206886271,0,43
detailed_minus_reference,test,synthetic_monthly,True,LIZARD no-KI,last_strike,-0.025,terms,43,-3.280218996999688,-3.4984128557873664,-4.543016328317617,-1.6081280915055944,0.4676531819475468,0,43
detailed_minus_reference,test,synthetic_monthly,True,LIZARD no-KI,last_strike,-0.01,terms,43,-1.3802183462374333,-1.3928811949262052,-2.3655381494382297,-0.4429234785242856,0.4227438369891191,0,43
detailed_minus_reference,test,synthetic_monthly,True,LIZARD no-KI,last_strike,-0.005,terms,43,-0.697780855617703,-0.7494225838647571,-1.3682896861088485,0.1592982568979385,0.3569359156683559,2,41
detailed_minus_reference,test,synthetic_monthly,True,LIZARD no-KI,last_strike,0.005,terms,43,0.7699636768578442,0.7341110266221955,-0.4202446354861678,1.421604430340787,0.35341652424143294,42,1
detailed_minus_reference,test,synthetic_monthly,True,LIZARD no-KI,last_strike,0.01,terms,43,1.4487845463186002,1.377339758467162,0.6128097611571482,2.576367541344043,0.42747662874001335,43,0
detailed_minus_reference,test,synthetic_monthly,True,LIZARD no-KI,last_strike,0.025,terms,43,3.696216242607849,3.576552417944168,2.630796473960501,5.417030685400013,0.49451140772436203,43,0
detailed_minus_reference,test,synthetic_monthly,True,LIZARD no-KI,last_strike,0.05,terms,43,7.868812635082511,7.702573629802853,5.706102635121724,10.084529880765642,0.5775380533520588,43,0
detailed_minus_reference,test,synthetic_monthly,True,LIZARD no-KI,monthly_barrier,-0.05,terms,43,7.204953054514841,7.25033292782863,5.717124894255868,8.876411803905386,0.15785441005049172,43,0
detailed_minus_reference,test,synthetic_monthly,True,LIZARD no-KI,monthly_barrier,-0.025,terms,43,3.9507044940360374,4.033661982318342,3.100995807521853,4.942741510968999,0.09004372876162695,43,0
detailed_minus_reference,test,synthetic_monthly,True,LIZARD no-KI,monthly_barrier,-0.01,terms,43,1.6661617388172003,1.687292143874311,1.3157132192722856,2.075360339253837,0.04326915578045354,43,0
detailed_minus_reference,test,synthetic_monthly,True,LIZARD no-KI,monthly_barrier,-0.005,terms,43,0.8484153890733293,0.8487620127789892,0.6719130565690147,1.057234564898662,0.026201037897051412,43,0
detailed_minus_reference,test,synthetic_monthly,True,LIZARD no-KI,monthly_barrier,0.005,terms,43,-0.888174249739461,-0.9052891550293162,-1.0867112915046242,-0.7051862277662458,0.02688140310254259,0,43
detailed_minus_reference,test,synthetic_monthly,True,LIZARD no-KI,monthly_barrier,0.01,terms,43,-1.8060440392216357,-1.855230775888828,-2.2117641275508766,-1.4279921636296686,0.04534151834488058,0,43
detailed_minus_reference,test,synthetic_monthly,True,LIZARD no-KI,monthly_barrier,0.025,terms,43,-4.7541491274701055,-4.856240586159901,-5.817615783019242,-3.737520385487548,0.09985324555280813,0,43
detailed_minus_reference,test,synthetic_monthly,True,LIZARD no-KI,monthly_barrier,0.05,terms,43,-10.325431880284723,-10.468673673693866,-12.70017810956898,-8.122063831120807,0.19327841639178953,0,43
detailed_minus_reference,test,synthetic_monthly,True,LIZARD no-KI,nobs_early,1.0,schedule,43,-185.61839779986468,-185.9448068143998,-251.4387224386292,-125.29066354023924,1.5408537587531084,0,43
detailed_minus_reference,test,synthetic_monthly,True,LIZARD no-KI,nobs_late,1.0,schedule,43,13.34661299560235,13.375640687951446,2.46131414273308,26.792231056849005,0.9699079083438339,43,0
detailed_minus_reference,test,synthetic_monthly,True,LIZARD no-KI,nobs_middle,1.0,schedule,43,12.617522269078373,12.797735599379276,2.383837022234484,25.52280487030269,0.9514275234078519,43,0
detailed_minus_reference,test,synthetic_monthly,True,LIZARD no-KI,tenor_months,-12.0,schedule,43,-55.646338057164144,-55.71432430804508,-67.69000820270365,-44.44248760307019,0.7617760091647113,0,43
detailed_minus_reference,test,synthetic_monthly,True,LIZARD no-KI,tenor_months,-6.0,schedule,43,-27.650825143392936,-27.33290301548504,-34.58823268032536,-21.31469627599688,0.742461974737996,0,43
detailed_minus_reference,test,synthetic_monthly,True,LIZARD no-KI,tenor_months,-3.0,schedule,43,-44.67784449820484,-46.23215104738368,-55.45947914074452,-34.80130252811875,0.7051373366827166,0,43
detailed_minus_reference,test,synthetic_monthly,True,LIZARD no-KI,tenor_months,-1.0,schedule,43,-52.843374716053106,-52.55260318529991,-63.72705608220396,-43.153520262970254,0.62670045473254,0,43
detailed_minus_reference,test,synthetic_monthly,True,LIZARD no-KI,tenor_months,1.0,schedule,43,-6.5574294282995265,-6.489023924845759,-10.240629229733512,-3.5532233184007325,0.7336538788795329,0,43
detailed_minus_reference,test,synthetic_monthly,True,LIZARD no-KI,tenor_months,3.0,schedule,43,-13.310696101877307,-13.347916166730252,-17.151024593954077,-10.08588743356184,0.85808357579162,0,43
detailed_minus_reference,test,synthetic_monthly,True,LIZARD no-KI,tenor_months,6.0,schedule,43,20.90315748476222,20.819834990780706,16.10611791529043,26.68412993320312,0.8953422747102823,43,0
detailed_minus_reference,test,synthetic_monthly,True,LIZARD no-KI,tenor_months,12.0,schedule,43,2.2399223829011987,2.2549099951773166,-0.4894886915596818,4.1635265672641815,1.1904893514510086,42,1
detailed_minus_reference,test,synthetic_monthly,True,STEP KI,base,0.0,terms,43,0.0,0.0,0.0,0.0,0.0,0,0
detailed_minus_reference,test,synthetic_monthly,True,STEP KI,coupon_regular,-0.01,terms,43,-41.93470640648502,-32.91553647623,-98.07996683973958,20.24373028631908,0.26894464598151546,2,41
detailed_minus_reference,test,synthetic_monthly,True,STEP KI,coupon_regular,-0.005,terms,43,-20.96738418414282,-16.457740482219307,-49.04023242324074,10.121910636404335,0.13447228269546993,2,41
detailed_minus_reference,test,synthetic_monthly,True,STEP KI,coupon_regular,-0.0025,terms,43,-10.483651940488397,-8.229071496192484,-24.52018603349468,5.060728964596868,0.06723617816594397,2,41
detailed_minus_reference,test,synthetic_monthly,True,STEP KI,coupon_regular,-0.001,terms,43,-4.19345025957951,-3.291641892299842,-9.807663922169988,2.0244135309811657,0.026894467844264316,2,41
detailed_minus_reference,test,synthetic_monthly,True,STEP KI,coupon_regular,0.001,terms,43,4.193484931000777,3.291267038688962,-2.024693712548636,9.80790389047008,0.026894421850028754,41,2
detailed_minus_reference,test,synthetic_monthly,True,STEP KI,coupon_regular,0.0025,terms,43,10.483718456730593,8.228429772718735,-5.061009146163737,24.51998012924953,0.06723610112840903,41,2
detailed_minus_reference,test,synthetic_monthly,True,STEP KI,coupon_regular,0.005,terms,43,20.96736391740839,16.4573835100019,-10.122190817971235,49.04011628358929,0.1344722963511077,41,2
detailed_minus_reference,test,synthetic_monthly,True,STEP KI,coupon_regular,0.01,terms,43,41.93469530153895,32.91499320969526,-20.2438073849272,98.08034870683004,0.2689446105593303,41,2
detailed_minus_reference,test,synthetic_monthly,True,STEP KI,first_strike,-0.05,terms,43,-66.63002152333516,-58.04667893203616,-143.61645741169534,10.086195013949537,1.840021401426981,1,42
detailed_minus_reference,test,synthetic_monthly,True,STEP KI,first_strike,-0.025,terms,43,-30.839832086151706,-24.809107814937157,-71.7030651235544,4.142607569334602,1.4858344301486643,2,41
detailed_minus_reference,test,synthetic_monthly,True,STEP KI,first_strike,-0.01,terms,43,-11.751741336220139,-9.756886512760126,-27.661263299690575,-1.2625670385117298,1.0461984406973706,0,43
detailed_minus_reference,test,synthetic_monthly,True,STEP KI,first_strike,-0.005,terms,43,-5.677067308093705,-4.412576466136923,-13.236898687647518,0.4268164086843868,0.7664927280302646,1,42
detailed_minus_reference,test,synthetic_monthly,True,STEP KI,first_strike,0.005,terms,43,5.423833578962878,4.371660170396411,-1.0779234131084643,12.45085789132593,0.7458233747770998,42,1
detailed_minus_reference,test,synthetic_monthly,True,STEP KI,first_strike,0.01,terms,43,10.520827656442897,8.726707890067255,-0.8245393068308162,25.052834556531277,0.9959292588938818,42,1
detailed_minus_reference,test,synthetic_monthly,True,STEP KI,first_strike,0.025,terms,43,24.334076176208566,20.043805220262197,-1.957931537122957,61.925951059267845,1.316838302257177,42,1
detailed_minus_reference,test,synthetic_monthly,True,STEP KI,first_strike,0.05,terms,43,42.40840231325166,31.65421941913611,-5.03126781583519,110.39617896973628,1.4725302278162562,42,1
detailed_minus_reference,test,synthetic_monthly,True,STEP KI,ki_barrier,-0.05,terms,43,-1.1937895429610954,-1.0598150881140516,-2.9945849414494923,0.3391930524837211,0.6587308674194295,3,40
detailed_minus_reference,test,synthetic_monthly,True,STEP KI,ki_barrier,-0.025,terms,43,-0.5519444170731375,-0.5509528981563847,-1.9591024951503768,0.6963974826627111,0.49987429568375247,7,36
detailed_minus_reference,test,synthetic_monthly,True,STEP KI,ki_barrier,-0.01,terms,43,-0.19913149876204203,-0.1800785141097946,-1.0417494572964965,0.8668174698534369,0.3556812346907435,12,31
detailed_minus_reference,test,synthetic_monthly,True,STEP KI,ki_barrier,-0.005,terms,43,-0.10946681630496469,-0.0916722151041744,-0.75594529639948,0.4312934672145145,0.2713453692999735,16,27
detailed_minus_reference,test,synthetic_monthly,True,STEP KI,ki_barrier,0.005,terms,43,0.13983463535391816,0.10075869031973,-0.4816201997857625,0.7319800413651074,0.26826485776621,31,12
detailed_minus_reference,test,synthetic_monthly,True,STEP KI,ki_barrier,0.01,terms,43,0.21550655810246813,0.1789603831922003,-0.3022793435036405,1.2083702036819763,0.3494018614764771,32,11
detailed_minus_reference,test,synthetic_monthly,True,STEP KI,ki_barrier,0.025,terms,43,0.548245454880526,0.4692741258733976,-0.6944994546295711,2.26571554293073,0.4858870645983794,35,8
detailed_minus_reference,test,synthetic_monthly,True,STEP KI,ki_barrier,0.05,terms,43,0.9735801144331458,0.9561068192608628,-0.775573012498257,3.2289061507788905,0.63472920323419,38,5
detailed_minus_reference,test,synthetic_monthly,True,STEP KI,last_strike,-0.05,terms,43,-41.655465159899435,-41.149675390425614,-79.16888215963495,-14.82557227579234,0.9480315645760043,0,43
detailed_minus_reference,test,synthetic_monthly,True,STEP KI,last_strike,-0.025,terms,43,-19.46380604074991,-18.830517379617252,-36.632201916149256,-7.109260866593692,0.6888434271683781,0,43
detailed_minus_reference,test,synthetic_monthly,True,STEP KI,last_strike,-0.01,terms,43,-7.2440392102473385,-6.5132047308838565,-13.83446358253213,-2.0347206094828203,0.45410204194320786,0,43
detailed_minus_reference,test,synthetic_monthly,True,STEP KI,last_strike,-0.005,terms,43,-3.5605215143747406,-3.4491491887277586,-6.5204768280188246,-1.3599834772697137,0.328327355926761,0,43
detailed_minus_reference,test,synthetic_monthly,True,STEP KI,last_strike,0.005,terms,43,3.587736548244774,3.271925302259949,1.3735925420230315,6.280280617866901,0.32410829073977115,43,0
detailed_minus_reference,test,synthetic_monthly,True,STEP KI,last_strike,0.01,terms,43,7.071400716342171,6.764748508440789,2.858065016794008,12.588453304002917,0.4384886570270703,43,0
detailed_minus_reference,test,synthetic_monthly,True,STEP KI,last_strike,0.025,terms,43,16.40176660891691,14.945602942064856,7.171797921133026,29.97733198985113,0.6154106961041911,43,0
detailed_minus_reference,test,synthetic_monthly,True,STEP KI,last_strike,0.05,terms,43,29.683716274932586,26.373058355023016,12.646016668846542,54.587420087608606,0.7711525611748192,43,0
detailed_minus_reference,test,synthetic_monthly,True,STEP KI,monthly_barrier,-0.05,terms,38,43.04199446959898,44.38139992994586,0.1152824535910253,154.0414073831677,0.2863767695765224,38,0
detailed_minus_reference,test,synthetic_monthly,True,STEP KI,monthly_barrier,-0.025,terms,38,22.691580640195514,23.00092510781369,0.081329276151975,76.95344425863111,0.16479635114491228,38,0
detailed_minus_reference,test,synthetic_monthly,True,STEP KI,monthly_barrier,-0.01,terms,38,9.369064705674685,9.331252106779026,0.038757310338157,30.97073858760169,0.08269574145978878,38,0
detailed_minus_reference,test,synthetic_monthly,True,STEP KI,monthly_barrier,-0.005,terms,38,4.7272910400589465,4.711906967422241,0.0225567249442868,15.554647277011114,0.05194152506965391,38,0
detailed_minus_reference,test,synthetic_monthly,True,STEP KI,monthly_barrier,0.005,terms,43,-4.283306789617152,-4.101844058490761,-15.560998822401087,0.0,0.04648547508603001,0,38
detailed_minus_reference,test,synthetic_monthly,True,STEP KI,monthly_barrier,0.01,terms,43,-8.647902238974012,-8.288481772665387,-30.904952110567656,0.0,0.07492957695492385,0,38
detailed_minus_reference,test,synthetic_monthly,True,STEP KI,monthly_barrier,0.025,terms,43,-22.284181447780202,-22.01124334360644,-77.3139911909251,0.0,0.15466447251761806,0,38
detailed_minus_reference,test,synthetic_monthly,True,STEP KI,monthly_barrier,0.05,terms,43,-46.823452725383454,-47.9004804527356,-153.76135200721504,0.0,0.2853371435570502,0,38
detailed_minus_reference,test,synthetic_monthly,True,STEP KI,nobs_early,1.0,schedule,43,-11.132168293240367,-37.67796528971171,-249.7276885973368,247.85018971892663,3.1077337561933747,15,28
detailed_minus_reference,test,synthetic_monthly,True,STEP KI,nobs_late,1.0,schedule,43,-48.65579487255369,-46.40102355039092,-139.20195423710507,37.14561341706243,2.684088150074622,10,33
detailed_minus_reference,test,synthetic_monthly,True,STEP KI,nobs_middle,1.0,schedule,43,-29.930061377140117,-33.7544842572478,-109.38509324006964,34.484897839747525,2.6185573732610936,11,32
detailed_minus_reference,test,synthetic_monthly,True,STEP KI,tenor_months,-12.0,schedule,43,-131.90594260082992,-125.47797241335464,-297.31280429327046,43.80400804635715,2.2898813622323235,2,41
detailed_minus_reference,test,synthetic_monthly,True,STEP KI,tenor_months,-6.0,schedule,43,-70.65026883666457,-65.83898755378983,-162.16484974162597,24.19516838374517,2.238607891809549,1,42
detailed_minus_reference,test,synthetic_monthly,True,STEP KI,tenor_months,-3.0,schedule,43,-40.50787435178545,-34.24920500017236,-84.90403567587055,1.325509464608556,2.229396314173021,1,42
detailed_minus_reference,test,synthetic_monthly,True,STEP KI,tenor_months,-1.0,schedule,43,-28.99665599325307,-34.69241164535283,-70.26427604421333,9.281567923696128,2.177115318095997,7,36
detailed_minus_reference,test,synthetic_monthly,True,STEP KI,tenor_months,1.0,schedule,43,6.431226353992151,0.8629920745035065,-21.250008171039195,44.89689595845821,2.210063007536702,22,21
detailed_minus_reference,test,synthetic_monthly,True,STEP KI,tenor_months,3.0,schedule,43,20.510739602487956,26.892546538066306,-31.7459822101054,61.04881628614984,2.425454478386813,33,10
detailed_minus_reference,test,synthetic_monthly,True,STEP KI,tenor_months,6.0,schedule,43,50.3774126384227,46.9321070230578,-50.05993908531712,125.5143854744858,2.5746151593588884,38,5
detailed_minus_reference,test,synthetic_monthly,True,STEP KI,tenor_months,12.0,schedule,43,111.62284873599289,111.77108091209408,-63.18413843991831,259.74911871656,2.819598134707947,39,4
detailed_minus_reference,test,synthetic_monthly,True,STEP no-KI,base,0.0,terms,42,0.0,0.0,0.0,0.0,0.0,0,0
detailed_minus_reference,test,synthetic_monthly,True,STEP no-KI,coupon_regular,-0.01,terms,42,-12.461801373332626,-11.825571632206342,-29.050796389263063,-3.011348707666599,0.15856416112575297,0,42
detailed_minus_reference,test,synthetic_monthly,True,STEP no-KI,coupon_regular,-0.005,terms,42,-6.230896588965245,-5.913006571839537,-14.525228584647872,-1.5052045897601796,0.07928209444195256,0,42
detailed_minus_reference,test,synthetic_monthly,True,STEP no-KI,coupon_regular,-0.0025,terms,42,-3.1153882132371797,-2.956301255976507,-7.26247704766234,-0.7528114128085442,0.0396410696504447,0,42
detailed_minus_reference,test,synthetic_monthly,True,STEP no-KI,coupon_regular,-0.001,terms,42,-1.246159999360015,-1.182466565154219,-2.9047826478562584,-0.301254813193817,0.015856413891962986,0,42
detailed_minus_reference,test,synthetic_monthly,True,STEP no-KI,coupon_regular,0.001,terms,42,1.2462024839898163,1.1826890891610056,0.3011044406090178,2.905128742225576,0.01585638883337178,42,0
detailed_minus_reference,test,synthetic_monthly,True,STEP no-KI,coupon_regular,0.0025,terms,42,3.115511699396574,2.9566281328149886,0.752565980749569,7.262948758820919,0.03964099650959564,42,0
detailed_minus_reference,test,synthetic_monthly,True,STEP no-KI,coupon_regular,0.005,terms,42,6.230894646847427,5.912745051493117,1.505908431208398,14.52528843764552,0.07928209348879992,42,0
detailed_minus_reference,test,synthetic_monthly,True,STEP no-KI,coupon_regular,0.01,terms,42,12.461860941079422,11.825563714722652,3.0118894906746285,29.050698309819744,0.15856413979780587,42,0
detailed_minus_reference,test,synthetic_monthly,True,STEP no-KI,first_strike,-0.05,terms,42,-20.455696896174015,-18.999043335429114,-46.11584796774672,-4.155604804272249,1.4922829361506365,0,42
detailed_minus_reference,test,synthetic_monthly,True,STEP no-KI,first_strike,-0.025,terms,42,-9.477502592997439,-8.6482968377812,-20.90435108529561,-1.357409406938174,1.2638534872074998,0,42
detailed_minus_reference,test,synthetic_monthly,True,STEP no-KI,first_strike,-0.01,terms,42,-3.6326060574777093,-3.3216701062518013,-8.991476252998012,0.4502007367714357,0.9431815780436185,1,41
detailed_minus_reference,test,synthetic_monthly,True,STEP no-KI,first_strike,-0.005,terms,42,-1.7964188306535853,-1.5493359941654758,-4.64545152926571,0.7575657026939961,0.7050479422403977,2,40
detailed_minus_reference,test,synthetic_monthly,True,STEP no-KI,first_strike,0.005,terms,42,1.7220522068624646,1.5275488012145941,-0.0780381008955683,3.855336742500974,0.6853365165264886,41,1
detailed_minus_reference,test,synthetic_monthly,True,STEP no-KI,first_strike,0.01,terms,42,3.3813402720621855,2.9482852705973226,0.4263179574134375,8.375105303573763,0.8990060513865404,42,0
detailed_minus_reference,test,synthetic_monthly,True,STEP no-KI,first_strike,0.025,terms,42,8.26726616320386,7.664096394009899,1.843322249317392,16.953734249681922,1.1409107142227874,42,0
detailed_minus_reference,test,synthetic_monthly,True,STEP no-KI,first_strike,0.05,terms,42,14.647668040338518,14.2433931569059,3.183760979708252,29.6965913542394,1.2314598219752837,42,0
detailed_minus_reference,test,synthetic_monthly,True,STEP no-KI,last_strike,-0.05,terms,42,-38.955603010041216,-34.91920196036317,-86.48942541210974,-7.9778267698804,1.3665738549413984,0,42
detailed_minus_reference,test,synthetic_monthly,True,STEP no-KI,last_strike,-0.025,terms,42,-19.562278265690793,-17.917630831049095,-41.582132949304366,-5.596055532071726,1.1577545029234098,0,42
detailed_minus_reference,test,synthetic_monthly,True,STEP no-KI,last_strike,-0.01,terms,42,-7.764174029545397,-7.074487294646374,-18.767544354938583,-1.7657598085713353,0.9072492825338795,0,42
detailed_minus_reference,test,synthetic_monthly,True,STEP no-KI,last_strike,-0.005,terms,42,-3.8523344012872194,-3.4149458932296683,-8.19254412012942,-0.1555851177902088,0.7036503092784004,0,42
detailed_minus_reference,test,synthetic_monthly,True,STEP no-KI,last_strike,0.005,terms,42,3.8309236884937743,3.583384981909754,1.1763530017801491,8.308772519275411,0.6946219562964883,42,0
detailed_minus_reference,test,synthetic_monthly,True,STEP no-KI,last_strike,0.01,terms,42,7.630734265761214,7.0777476142590645,1.6319560750316846,16.473489103780533,0.8881380246292844,42,0
detailed_minus_reference,test,synthetic_monthly,True,STEP no-KI,last_strike,0.025,terms,42,18.34367018768459,17.859675187629453,4.520686359249552,39.45580435749118,1.0966331423345868,42,0
detailed_minus_reference,test,synthetic_monthly,True,STEP no-KI,last_strike,0.05,terms,42,35.2077149147895,33.89652119092115,8.90383923152034,72.56327699548429,1.2472808257625074,42,0
detailed_minus_reference,test,synthetic_monthly,True,STEP no-KI,monthly_barrier,-0.05,terms,42,38.98058342780033,30.184584225344707,0.8596653277655679,105.45691452010544,0.2978638970070182,42,0
detailed_minus_reference,test,synthetic_monthly,True,STEP no-KI,monthly_barrier,-0.025,terms,42,20.773193056160487,15.73249786094555,0.5214602949152612,55.458467485392525,0.17046354731747723,42,0
detailed_minus_reference,test,synthetic_monthly,True,STEP no-KI,monthly_barrier,-0.01,terms,42,8.629896731238025,6.465137425628634,0.2327403273087645,22.807544736193297,0.08406688566870608,42,0
detailed_minus_reference,test,synthetic_monthly,True,STEP no-KI,monthly_barrier,-0.005,terms,42,4.361896138441485,3.239188795604597,0.1256931030983752,11.572984341944412,0.05197653599344208,42,0
detailed_minus_reference,test,synthetic_monthly,True,STEP no-KI,monthly_barrier,0.005,terms,42,-4.472163770255188,-3.367190759690623,-11.757781108073113,-0.1288797970747407,0.052639144818412476,0,42
detailed_minus_reference,test,synthetic_monthly,True,STEP no-KI,monthly_barrier,0.01,terms,42,-9.072989223429852,-6.78871788602852,-23.729107168985525,-0.2704534274588502,0.08643378244464947,0,42
detailed_minus_reference,test,synthetic_monthly,True,STEP no-KI,monthly_barrier,0.025,terms,42,-23.516330584485807,-17.47683664074615,-61.1566999542092,-0.7603531711272755,0.18311928067811703,0,42
detailed_minus_reference,test,synthetic_monthly,True,STEP no-KI,monthly_barrier,0.05,terms,42,-49.77979924075127,-37.02536551916005,-127.20668213287684,-1.842189058071223,0.34351050773223535,0,42
detailed_minus_reference,test,synthetic_monthly,True,STEP no-KI,nobs_early,1.0,schedule,42,11.174703582715935,3.8983138810570055,-116.39685973184088,349.12414466771247,2.9613656941880033,23,19
detailed_minus_reference,test,synthetic_monthly,True,STEP no-KI,nobs_late,1.0,schedule,42,-44.20034651165439,-42.08870995041694,-199.99887541748737,39.08093841149697,2.6968437322459717,10,32
detailed_minus_reference,test,synthetic_monthly,True,STEP no-KI,nobs_middle,1.0,schedule,42,-13.973298433880519,-13.271626588389243,-127.69155244838106,37.83296825072248,2.5390618978681054,14,28
detailed_minus_reference,test,synthetic_monthly,True,STEP no-KI,tenor_months,-12.0,schedule,42,-51.56813491266754,-48.048835158948066,-135.44106258132047,-5.46246034461528,2.06685441187035,0,42
detailed_minus_reference,test,synthetic_monthly,True,STEP no-KI,tenor_months,-6.0,schedule,42,-33.45234536917001,-30.207612826507095,-84.81110669663097,-9.504033713881077,2.0885531508078636,0,42
detailed_minus_reference,test,synthetic_monthly,True,STEP no-KI,tenor_months,-3.0,schedule,42,-32.730858232114436,-33.8066399798562,-60.063444916987045,11.152204143187904,2.108131464894671,1,41
detailed_minus_reference,test,synthetic_monthly,True,STEP no-KI,tenor_months,-1.0,schedule,42,-37.14164711844363,-40.18212212161386,-58.05118255516219,4.414239572631495,2.08311052837092,1,41
detailed_minus_reference,test,synthetic_monthly,True,STEP no-KI,tenor_months,1.0,schedule,42,-9.451835541416987,-10.912480989894966,-16.401722961611483,32.29561536658601,2.1209048310236662,2,40
detailed_minus_reference,test,synthetic_monthly,True,STEP no-KI,tenor_months,3.0,schedule,42,-10.006924185576471,-9.338541771596912,-26.375739598871096,34.05874910038519,2.2196778737990703,3,39
detailed_minus_reference,test,synthetic_monthly,True,STEP no-KI,tenor_months,6.0,schedule,42,6.853388234154054,10.073493426645344,-31.581108947012822,49.65882486099382,2.3434071678065584,31,11
detailed_minus_reference,test,synthetic_monthly,True,STEP no-KI,tenor_months,12.0,schedule,42,26.481343252611705,24.960756263114078,-15.70542987677663,64.54676202096262,2.502332511648761,41,1
detailed_minus_reference,test,synthetic_regular,False,LIZARD KI,base,0.0,terms,32,0.0,0.0,0.0,0.0,0.0,0,0
detailed_minus_reference,test,synthetic_regular,False,LIZARD KI,coupon_regular,-0.01,terms,32,-4.913404813375477,-1.3704542105365332,-48.54087717934637,6.593650325686281,0.11680569626059255,9,23
detailed_minus_reference,test,synthetic_regular,False,LIZARD KI,coupon_regular,-0.005,terms,32,-2.4567305122954464,-0.6850552154072576,-24.270296959103668,3.296361120815352,0.05840285877567916,9,23
detailed_minus_reference,test,synthetic_regular,False,LIZARD KI,coupon_regular,-0.0025,terms,32,-1.2283311362917884,-0.3424147177488251,-12.13514951518274,1.6483940294763535,0.029201428395443214,9,23
detailed_minus_reference,test,synthetic_regular,False,LIZARD KI,coupon_regular,-0.001,terms,32,-0.4913560901177564,-0.1370932354032317,-4.854440549616849,0.6590729022571095,0.011680561426563527,9,23
detailed_minus_reference,test,synthetic_regular,False,LIZARD KI,coupon_regular,0.001,terms,32,0.4912939659350668,0.1372824453793616,-0.6600195928959721,4.853928972884411,0.011680577699463974,23,9
detailed_minus_reference,test,synthetic_regular,False,LIZARD KI,coupon_regular,0.0025,terms,32,1.228263735856122,0.34261088656679073,-1.6488886188845953,12.134933786103796,0.029201421442663227,23,9
detailed_minus_reference,test,synthetic_regular,False,LIZARD KI,coupon_regular,0.005,terms,32,2.456605512818361,0.6852441422617329,-3.2973179045083305,24.27028677664299,0.05840283733391284,23,9
detailed_minus_reference,test,synthetic_regular,False,LIZARD KI,coupon_regular,0.01,terms,32,4.913262644345849,1.3702967226465663,-6.59462379867887,48.54035112365283,0.11680575170444601,23,9
detailed_minus_reference,test,synthetic_regular,False,LIZARD KI,first_strike,-0.05,terms,32,-9.846234751594759,-4.088911020996928,-91.86962743885296,4.557121094529908,0.7160068799109726,6,26
detailed_minus_reference,test,synthetic_regular,False,LIZARD KI,first_strike,-0.025,terms,32,-4.712531496801462,-1.8835273828215802,-38.78587822606272,2.789196309459394,0.5291042037119047,7,25
detailed_minus_reference,test,synthetic_regular,False,LIZARD KI,first_strike,-0.01,terms,32,-1.6270810041130437,-0.2179317674436058,-13.353911157374998,1.1511580229406877,0.36160684834111767,10,22
detailed_minus_reference,test,synthetic_regular,False,LIZARD KI,first_strike,-0.005,terms,32,-0.7640886936833627,-0.11641101719693164,-6.428264438023287,0.686747463676402,0.2645024465619604,13,19
detailed_minus_reference,test,synthetic_regular,False,LIZARD KI,first_strike,0.005,terms,32,0.8773576359292656,0.24194497764760264,-0.6052484036724941,6.096468230703411,0.2599070129955063,26,6
detailed_minus_reference,test,synthetic_regular,False,LIZARD KI,first_strike,0.01,terms,32,1.5015454771537868,0.39423160408366464,-1.229980878573799,10.723264638898712,0.34012278563556886,26,6
detailed_minus_reference,test,synthetic_regular,False,LIZARD KI,first_strike,0.025,terms,32,3.3453083997120667,1.1199730079052035,-2.70652269090833,21.552783297659545,0.4472579465278743,26,6
detailed_minus_reference,test,synthetic_regular,False,LIZARD KI,first_strike,0.05,terms,32,5.439254168750001,1.1125676720012583,-4.258675171230189,35.37734542341238,0.5171600467775371,24,8
detailed_minus_reference,test,synthetic_regular,False,LIZARD KI,ki_barrier,-0.05,terms,32,6.031445549049941,0.7609301560952788,-14.457832468114432,59.62774526865147,0.5119687892466689,21,9
detailed_minus_reference,test,synthetic_regular,False,LIZARD KI,ki_barrier,-0.025,terms,32,3.0542921696021943,0.44019079981239956,-8.281312950779697,30.833542628429587,0.37454708231638717,20,10
detailed_minus_reference,test,synthetic_regular,False,LIZARD KI,ki_barrier,-0.01,terms,32,1.2817207155774941,0.2226849452925061,-3.127692352346225,13.082178285816898,0.24667576713267877,19,11
detailed_minus_reference,test,synthetic_regular,False,LIZARD KI,ki_barrier,-0.005,terms,32,0.6134530078811358,0.0894198361540581,-1.7654808386069436,6.950946990854468,0.17661038239625745,20,10
detailed_minus_reference,test,synthetic_regular,False,LIZARD KI,ki_barrier,0.005,terms,32,-0.5321272689962118,-0.0911254627532187,-5.0381216892943455,2.004485737942575,0.18256466625529755,10,19
detailed_minus_reference,test,synthetic_regular,False,LIZARD KI,ki_barrier,0.01,terms,32,-1.1541900054664973,-0.2635414358088161,-11.98457798439196,3.2199207139112027,0.24569590284009,10,19
detailed_minus_reference,test,synthetic_regular,False,LIZARD KI,ki_barrier,0.025,terms,32,-2.666388498424101,-0.5924645216990856,-30.25731701695777,8.340821065829033,0.37543731057481416,10,21
detailed_minus_reference,test,synthetic_regular,False,LIZARD KI,ki_barrier,0.05,terms,32,-4.8820431133943325,-0.9908579394668475,-59.581405458912606,16.91987360240667,0.5189024445546795,10,22
detailed_minus_reference,test,synthetic_regular,False,LIZARD KI,last_strike,-0.05,terms,32,-15.343921565392206,-7.89213023272743,-130.2886615395546,-0.0517419079939524,0.4903658983984644,0,32
detailed_minus_reference,test,synthetic_regular,False,LIZARD KI,last_strike,-0.025,terms,32,-7.756290113733584,-3.821439340855888,-70.319016456604,0.0,0.3661044041453203,0,31
detailed_minus_reference,test,synthetic_regular,False,LIZARD KI,last_strike,-0.01,terms,32,-3.1877342738811554,-1.4783139452338219,-29.323218892018,0.0,0.25390343354942546,0,31
detailed_minus_reference,test,synthetic_regular,False,LIZARD KI,last_strike,-0.005,terms,32,-1.5893705583531113,-0.7615330318609873,-15.31139874458313,0.1119650504308763,0.1874812408715456,1,30
detailed_minus_reference,test,synthetic_regular,False,LIZARD KI,last_strike,0.005,terms,32,1.5425187818324109,0.8123272870393773,-0.0195077664858521,14.95696821808815,0.18316306077969768,31,1
detailed_minus_reference,test,synthetic_regular,False,LIZARD KI,last_strike,0.01,terms,32,3.138745220048045,1.64854531017288,-0.0644576824727539,30.62279748916626,0.24893138546592578,31,1
detailed_minus_reference,test,synthetic_regular,False,LIZARD KI,last_strike,0.025,terms,32,7.60445039422408,3.7074819478708068,-0.0135260682603868,76.39159281055133,0.34174387341972146,31,1
detailed_minus_reference,test,synthetic_regular,False,LIZARD KI,last_strike,0.05,terms,32,14.618834049265251,6.478575726848006,0.1076968095588966,152.66504211227098,0.4294420591545619,32,0
detailed_minus_reference,test,synthetic_regular,False,LIZARD KI,nobs_early,1.0,schedule,22,36.245023672746726,20.248279932611652,-57.311374372114415,246.4645246039109,1.4540227348812607,19,3
detailed_minus_reference,test,synthetic_regular,False,LIZARD KI,nobs_late,1.0,schedule,22,-31.31703940132743,-21.461072031929003,-94.73022310129298,-5.507311286952505,0.9509956962683123,0,22
detailed_minus_reference,test,synthetic_regular,False,LIZARD KI,nobs_middle,1.0,schedule,22,-22.746259520781955,-16.825619717998283,-84.05017208689348,-5.158586826380948,0.9316384810119743,0,22
detailed_minus_reference,test,synthetic_regular,False,LIZARD KI,tenor_months,-12.0,schedule,32,-31.454647532842912,-16.304453019887287,-173.17419213686142,0.1509076589413501,1.0716571373967916,1,31
detailed_minus_reference,test,synthetic_regular,False,LIZARD KI,tenor_months,-6.0,schedule,32,-15.776883070950069,-8.904275599869898,-92.3888650472253,0.8902074974764703,1.033115636192804,1,31
detailed_minus_reference,test,synthetic_regular,False,LIZARD KI,tenor_months,-3.0,schedule,32,-7.944234495030298,-4.990781709519787,-45.66118749614761,0.3435555712771468,0.956678223805299,1,31
detailed_minus_reference,test,synthetic_regular,False,LIZARD KI,tenor_months,-1.0,schedule,32,-3.008878565572891,-1.5174815926848981,-17.65056323031833,0.0990848072496286,0.8111186612363321,1,31
detailed_minus_reference,test,synthetic_regular,False,LIZARD KI,tenor_months,1.0,schedule,32,2.919365405607258,2.0665057741787423,-0.9707511672326576,16.868165902210205,0.8461031965037767,28,4
detailed_minus_reference,test,synthetic_regular,False,LIZARD KI,tenor_months,3.0,schedule,32,8.558567327436606,5.250097737141663,-2.4257278279225245,49.23333373154157,1.06184347229188,30,2
detailed_minus_reference,test,synthetic_regular,False,LIZARD KI,tenor_months,6.0,schedule,32,16.75496111715962,10.412266029134518,-0.2332859013494056,94.35325630486248,1.278791408057006,29,3
detailed_minus_reference,test,synthetic_regular,False,LIZARD KI,tenor_months,12.0,schedule,32,32.62475089807994,19.48220059468476,-1.327400587695876,189.7229516217163,1.586648977852309,29,3
detailed_minus_reference,test,synthetic_regular,False,LIZARD no-KI,base,0.0,terms,32,0.0,0.0,0.0,0.0,0.0,0,0
detailed_minus_reference,test,synthetic_regular,False,LIZARD no-KI,coupon_regular,-0.01,terms,32,1.9229246552127792,0.07248235444083881,-1.095412080377191,18.622441483255912,0.07041716933348961,22,10
detailed_minus_reference,test,synthetic_regular,False,LIZARD no-KI,coupon_regular,-0.005,terms,32,0.961416587017371,0.036308198918339,-0.5482632194398184,9.311428453881517,0.03520853024924722,22,10
detailed_minus_reference,test,synthetic_regular,False,LIZARD no-KI,coupon_regular,-0.0025,terms,32,0.48063771074385453,0.01805060965347525,-0.2741316047539391,4.655742221256291,0.017604259028911218,22,10
detailed_minus_reference,test,synthetic_regular,False,LIZARD no-KI,coupon_regular,-0.001,terms,32,0.19224301423275372,0.0070994654798266,-0.1096526399143206,1.861855722737868,0.00704167132885347,21,11
detailed_minus_reference,test,synthetic_regular,False,LIZARD no-KI,coupon_regular,0.001,terms,32,-0.1923686213979715,-0.00733333672054525,-1.8621141585422163,0.1096526399143206,0.0070417360790058425,10,22
detailed_minus_reference,test,synthetic_regular,False,LIZARD no-KI,coupon_regular,0.0025,terms,32,-0.4807554972829343,-0.01833745948880225,-4.655558778026432,0.2741316146880466,0.01760432090052165,10,22
detailed_minus_reference,test,synthetic_regular,False,LIZARD no-KI,coupon_regular,0.005,terms,32,-0.9614282179945276,-0.03644541129324385,-9.311457848904158,0.5482632095078783,0.035208603591895406,10,22
detailed_minus_reference,test,synthetic_regular,False,LIZARD no-KI,coupon_regular,0.01,terms,32,-1.9229319994673681,-0.07203272431907735,-18.622668249126896,1.0965264388839715,0.0704171341301279,10,22
detailed_minus_reference,test,synthetic_regular,False,LIZARD no-KI,first_strike,-0.05,terms,32,-4.137493511269367,-0.3433583460668708,-47.54937149227118,5.8878292311882845,1.012851630660803,11,21
detailed_minus_reference,test,synthetic_regular,False,LIZARD no-KI,first_strike,-0.025,terms,32,-1.7046495844787555,-0.1374679956922813,-21.559926109454125,2.9447885948644443,0.7999432334098641,10,22
detailed_minus_reference,test,synthetic_regular,False,LIZARD no-KI,first_strike,-0.01,terms,32,-0.5959049197511693,-0.10454387241456085,-8.669215605971107,2.360794157326687,0.57276923189306,11,21
detailed_minus_reference,test,synthetic_regular,False,LIZARD no-KI,first_strike,-0.005,terms,32,-0.13195878105445322,-0.02299960455083925,-2.875264381897688,1.4528196940760203,0.4256020189193157,14,18
detailed_minus_reference,test,synthetic_regular,False,LIZARD no-KI,first_strike,0.005,terms,32,0.30100895849368503,0.0721259000321886,-1.0049453709140153,3.892650187855768,0.4081733890986223,21,11
detailed_minus_reference,test,synthetic_regular,False,LIZARD no-KI,first_strike,0.01,terms,32,0.7060404433766091,0.0438287138600874,-0.9215594378115456,8.645934893571972,0.5381069793694032,20,12
detailed_minus_reference,test,synthetic_regular,False,LIZARD no-KI,first_strike,0.025,terms,32,1.5267239057358009,0.21470182577242164,-2.404021090250258,24.09541745393623,0.6933600341598186,20,12
detailed_minus_reference,test,synthetic_regular,False,LIZARD no-KI,first_strike,0.05,terms,32,2.8594293949438176,0.10176890734524666,-2.091560266891716,46.13894275447125,0.760669137227851,21,11
detailed_minus_reference,test,synthetic_regular,False,LIZARD no-KI,last_strike,-0.05,terms,32,-7.258122024424003,-0.49475894147374966,-54.83081299950043,2.5110472919978424,0.7644040821373466,10,19
detailed_minus_reference,test,synthetic_regular,False,LIZARD no-KI,last_strike,-0.025,terms,32,-3.2406043988244795,-0.05682579294305185,-25.82403991549668,4.686441534579246,0.6337604935455257,10,19
detailed_minus_reference,test,synthetic_regular,False,LIZARD no-KI,last_strike,-0.01,terms,32,-1.265379841937158,-0.01759839840776525,-10.346625289381164,1.768783913782334,0.49505137567204804,12,17
detailed_minus_reference,test,synthetic_regular,False,LIZARD no-KI,last_strike,-0.005,terms,32,-0.6196810117305172,-0.07167180240843515,-4.589658283386076,1.2169307150075273,0.3754955702115181,9,20
detailed_minus_reference,test,synthetic_regular,False,LIZARD no-KI,last_strike,0.005,terms,32,0.6443236348795718,0.0598003316402985,-0.955719436459736,5.878859416636816,0.378432524987274,19,10
detailed_minus_reference,test,synthetic_regular,False,LIZARD no-KI,last_strike,0.01,terms,32,1.296642240100741,0.16418703649799915,-2.1525345834095937,10.38987021085164,0.4802931025860169,23,7
detailed_minus_reference,test,synthetic_regular,False,LIZARD no-KI,last_strike,0.025,terms,32,2.8300109786001624,0.0425432696248776,-1.3791845601599009,23.5080087012224,0.5977211022428537,17,13
detailed_minus_reference,test,synthetic_regular,False,LIZARD no-KI,last_strike,0.05,terms,32,5.5263447963102585,0.14861627020745716,-1.947294796104164,46.80444321965033,0.6616281341367587,18,12
detailed_minus_reference,test,synthetic_regular,False,LIZARD no-KI,nobs_early,1.0,schedule,18,173.75730778094763,162.9722369185273,15.343767082528167,585.6838047753744,3.1162165585827,18,0
detailed_minus_reference,test,synthetic_regular,False,LIZARD no-KI,nobs_late,1.0,schedule,18,-90.42780499593937,-61.86892033616573,-246.5541338915623,-10.86689973125855,2.2948684548679026,0,18
detailed_minus_reference,test,synthetic_regular,False,LIZARD no-KI,nobs_middle,1.0,schedule,18,-72.23254037814841,-57.58852740830408,-194.0681887832149,-10.86689973125855,2.2423442458103344,0,18
detailed_minus_reference,test,synthetic_regular,False,LIZARD no-KI,tenor_months,-12.0,schedule,32,-21.193505466427503,-0.3010669965043284,-132.6672069110221,4.6428784439682085,1.675881189003157,11,21
detailed_minus_reference,test,synthetic_regular,False,LIZARD no-KI,tenor_months,-6.0,schedule,32,-10.37339617745577,-0.6348621232247272,-61.58941159931069,2.6802810704220192,1.6403942665906452,12,20
detailed_minus_reference,test,synthetic_regular,False,LIZARD no-KI,tenor_months,-3.0,schedule,32,-4.514966586761593,-0.5009586936047983,-30.464654467110943,6.149489236726079,1.5933386163554126,13,19
detailed_minus_reference,test,synthetic_regular,False,LIZARD no-KI,tenor_months,-1.0,schedule,32,-1.2970984638086862,-0.03994471370568656,-9.832773783227838,5.334744108526094,1.4619788097384725,16,16
detailed_minus_reference,test,synthetic_regular,False,LIZARD no-KI,tenor_months,1.0,schedule,32,1.6649960518047762,0.6246888344893702,-2.443581479750046,7.799836674237662,1.5167207113851278,22,10
detailed_minus_reference,test,synthetic_regular,False,LIZARD no-KI,tenor_months,3.0,schedule,32,4.585127792677721,0.4230037726799256,-4.022529381307698,26.88104748002772,1.6757766020818843,24,8
detailed_minus_reference,test,synthetic_regular,False,LIZARD no-KI,tenor_months,6.0,schedule,32,9.82529804991711,0.5317343514563696,-3.242750793321284,50.74865702047919,1.8512957439149087,22,10
detailed_minus_reference,test,synthetic_regular,False,LIZARD no-KI,tenor_months,12.0,schedule,32,17.50805925337331,0.7923740460706525,-7.551970972623003,95.88946227640692,2.129701272789265,19,13
detailed_minus_reference,test,synthetic_regular,False,STEP KI,base,0.0,terms,32,0.0,0.0,0.0,0.0,0.0,0,0
detailed_minus_reference,test,synthetic_regular,False,STEP KI,coupon_regular,-0.01,terms,32,-6.585850577348824,-5.37981004590725,-61.73135759013229,13.000250585707368,0.15305854594162452,8,24
detailed_minus_reference,test,synthetic_regular,False,STEP KI,coupon_regular,-0.005,terms,32,-3.2929400027175526,-2.68970089567175,-30.86541320670395,6.500339705661293,0.07652924972265765,8,24
detailed_minus_reference,test,synthetic_regular,False,STEP KI,coupon_regular,-0.0025,terms,32,-1.6464531035197014,-1.3447340970869335,-15.432582769734896,3.249622776567461,0.03826465436696651,8,24
detailed_minus_reference,test,synthetic_regular,False,STEP KI,coupon_regular,-0.001,terms,32,-0.6586217636566858,-0.5376338286454084,-6.173276982284632,1.299845687334303,0.01530581760489395,8,24
detailed_minus_reference,test,synthetic_regular,False,STEP KI,coupon_regular,0.001,terms,32,0.6584998137953637,0.5382530290133082,-1.3000116465316691,6.173074525175442,0.015305861409277362,24,8
detailed_minus_reference,test,synthetic_regular,False,STEP KI,coupon_regular,0.0025,terms,32,1.6464523957144004,1.3455585286636247,-3.2507332905686783,15.432940516812968,0.038264664061055935,24,8
detailed_minus_reference,test,synthetic_regular,False,STEP KI,coupon_regular,0.005,terms,32,3.292891488106827,2.6902944337572365,-6.500459600404082,30.86594438343018,0.07652928003033016,24,8
detailed_minus_reference,test,synthetic_regular,False,STEP KI,coupon_regular,0.01,terms,32,6.5857314514128555,5.379765543589251,-13.000787712960072,61.73112359223209,0.153058618426258,24,8
detailed_minus_reference,test,synthetic_regular,False,STEP KI,first_strike,-0.05,terms,32,-15.325260468131201,-11.24656041524603,-71.91058596171096,84.31511544702296,1.4464558196132198,4,28
detailed_minus_reference,test,synthetic_regular,False,STEP KI,first_strike,-0.025,terms,32,-7.042573747738866,-5.047045578872391,-34.117588018880774,37.02528695914448,1.196341166224209,5,27
detailed_minus_reference,test,synthetic_regular,False,STEP KI,first_strike,-0.01,terms,32,-2.7134724960350862,-2.1798594633071415,-12.106694093243831,12.714397149550306,0.8706989810369461,6,26
detailed_minus_reference,test,synthetic_regular,False,STEP KI,first_strike,-0.005,terms,32,-1.4387664453543343,-1.151150003190354,-6.641553510449136,5.763552952640527,0.6470529299425288,4,28
detailed_minus_reference,test,synthetic_regular,False,STEP KI,first_strike,0.005,terms,32,1.2733821345374317,1.0488451259872518,-8.559036510248296,6.463907888604215,0.6485944989354371,25,7
detailed_minus_reference,test,synthetic_regular,False,STEP KI,first_strike,0.01,terms,32,2.5036195924297995,2.090560909471952,-13.87663869792847,11.707316318359965,0.8506236531757608,28,4
detailed_minus_reference,test,synthetic_regular,False,STEP KI,first_strike,0.025,terms,32,5.793204191959182,4.27138829113167,-30.22902705820025,27.024222369940947,1.1100197221965504,28,4
detailed_minus_reference,test,synthetic_regular,False,STEP KI,first_strike,0.05,terms,32,10.75047072232395,7.824731448716583,-40.02546238762246,45.55757131608692,1.265929209132544,28,4
detailed_minus_reference,test,synthetic_regular,False,STEP KI,ki_barrier,-0.05,terms,32,17.680724731290994,13.552124835989424,-31.06448515361797,78.43450293610108,0.837676079681117,22,10
detailed_minus_reference,test,synthetic_regular,False,STEP KI,ki_barrier,-0.025,terms,32,8.997737459616811,6.605607325557035,-15.489731586871963,39.14514178724821,0.6177406787026454,23,9
detailed_minus_reference,test,synthetic_regular,False,STEP KI,ki_barrier,-0.01,terms,32,3.5635305870726004,2.210826563850497,-6.654448173366279,14.881534622505256,0.4184539764861204,23,9
detailed_minus_reference,test,synthetic_regular,False,STEP KI,ki_barrier,-0.005,terms,32,1.732686990238794,1.1233148304411729,-3.3225890245082064,7.648039517481048,0.3011484942267434,24,8
detailed_minus_reference,test,synthetic_regular,False,STEP KI,ki_barrier,0.005,terms,32,-1.7579944342083147,-1.0258331994055747,-7.31762295060467,3.340905507667165,0.30552953082452083,9,22
detailed_minus_reference,test,synthetic_regular,False,STEP KI,ki_barrier,0.01,terms,32,-3.4401539880909406,-2.0247338023727908,-14.682625004451564,7.235804508720378,0.41356234002145204,9,23
detailed_minus_reference,test,synthetic_regular,False,STEP KI,ki_barrier,0.025,terms,32,-8.713467653630108,-4.968245178288063,-38.57497287519004,17.137258600824744,0.6057948962735111,9,23
detailed_minus_reference,test,synthetic_regular,False,STEP KI,ki_barrier,0.05,terms,32,-16.616595322671106,-7.838633313691813,-82.45304403734491,33.93161240820484,0.8156469786479665,9,23
detailed_minus_reference,test,synthetic_regular,False,STEP KI,last_strike,-0.05,terms,32,-23.220188001003375,-13.250491906209135,-73.28810794141101,-0.507034762904953,0.8035953286921764,0,32
detailed_minus_reference,test,synthetic_regular,False,STEP KI,last_strike,-0.025,terms,32,-12.009625452624508,-7.166647373904969,-38.46384805928436,0.5374922175845913,0.6269670187847697,1,31
detailed_minus_reference,test,synthetic_regular,False,STEP KI,last_strike,-0.01,terms,32,-4.923582893918824,-3.029025626755122,-16.11704880187936,-0.0137448263026989,0.4553338880047614,0,32
detailed_minus_reference,test,synthetic_regular,False,STEP KI,last_strike,-0.005,terms,32,-2.4992909153138942,-1.595591264367712,-7.925279117107825,0.2624847642605927,0.34189026778898207,1,31
detailed_minus_reference,test,synthetic_regular,False,STEP KI,last_strike,0.005,terms,32,2.4737033593060023,1.5264293177496606,0.0015729622817148,7.2360288235728065,0.33598982933646415,32,0
detailed_minus_reference,test,synthetic_regular,False,STEP KI,last_strike,0.01,terms,32,5.055804594723953,3.1884462695059748,0.138334395219071,15.565827909814397,0.43716502846500616,32,0
detailed_minus_reference,test,synthetic_regular,False,STEP KI,last_strike,0.025,terms,32,12.763705285167678,7.980494475018828,0.1378342209699757,38.76331013950029,0.5838715044045504,32,0
detailed_minus_reference,test,synthetic_regular,False,STEP KI,last_strike,0.05,terms,32,25.79022669028301,15.993888380535214,0.3715071017087378,80.66915148537046,0.71903746485827,32,0
detailed_minus_reference,test,synthetic_regular,False,STEP KI,nobs_early,1.0,schedule,19,53.95003160685164,35.119418144696944,-87.98043797996768,271.2845739070999,2.097044292940628,16,3
detailed_minus_reference,test,synthetic_regular,False,STEP KI,nobs_late,1.0,schedule,19,-43.300555742874664,-34.70188109196906,-119.84321558959914,-5.542715084692716,1.5265845862505278,0,19
detailed_minus_reference,test,synthetic_regular,False,STEP KI,nobs_middle,1.0,schedule,19,-27.617984366799448,-25.507515305847864,-93.9708538583804,14.832985152018123,1.5152093520945544,1,18
detailed_minus_reference,test,synthetic_regular,False,STEP KI,tenor_months,-12.0,schedule,32,-34.86568093599892,-25.41548608634258,-140.39095959371443,10.126757395953645,1.7269811670468544,2,30
detailed_minus_reference,test,synthetic_regular,False,STEP KI,tenor_months,-6.0,schedule,32,-16.8796257083511,-12.147981209500905,-60.198857783761206,5.806603841546019,1.7444471443787863,4,28
detailed_minus_reference,test,synthetic_regular,False,STEP KI,tenor_months,-3.0,schedule,32,-8.169600177778996,-5.076310361546571,-29.00349695390527,6.638007750559847,1.696062713994528,3,29
detailed_minus_reference,test,synthetic_regular,False,STEP KI,tenor_months,-1.0,schedule,32,-3.310852876187683,-2.309222743879227,-10.957687533120897,2.921270320709245,1.5392855598072317,3,29
detailed_minus_reference,test,synthetic_regular,False,STEP KI,tenor_months,1.0,schedule,32,2.4619463714881804,2.0173906360845493,-2.6743925433465474,9.965764643796266,1.6176528701841653,28,4
detailed_minus_reference,test,synthetic_regular,False,STEP KI,tenor_months,3.0,schedule,32,7.695138778987586,5.713969704903004,-7.239289850323398,28.09936803741279,1.8124340152715983,26,6
detailed_minus_reference,test,synthetic_regular,False,STEP KI,tenor_months,6.0,schedule,32,14.97121677169904,9.826008056393126,-8.878806061105088,51.849793105304194,2.051610445074811,26,6
detailed_minus_reference,test,synthetic_regular,False,STEP KI,tenor_months,12.0,schedule,32,28.436746704688126,19.098067380961638,-7.237627597942143,98.57968706627646,2.3311418604940943,27,5
detailed_minus_reference,test,synthetic_regular,False,STEP no-KI,base,0.0,terms,32,0.0,0.0,0.0,0.0,0.0,0,0
detailed_minus_reference,test,synthetic_regular,False,STEP no-KI,coupon_regular,-0.01,terms,32,2.3066311833080997,0.1386299561770481,-0.4399667723606479,13.63660809594416,0.10044119962333778,23,9
detailed_minus_reference,test,synthetic_regular,False,STEP no-KI,coupon_regular,-0.005,terms,32,1.1533465942959016,0.0698056460074217,-0.2198647033987521,6.817892035831834,0.050220574406191876,23,9
detailed_minus_reference,test,synthetic_regular,False,STEP no-KI,coupon_regular,-0.0025,terms,32,0.5766626447579244,0.0348927994887199,-0.1101370191469069,3.4090728615666963,0.02511026703103838,23,9
detailed_minus_reference,test,synthetic_regular,False,STEP no-KI,coupon_regular,-0.001,terms,32,0.2307513494718911,0.01475930493313155,-0.0432515178479101,1.363692778544425,0.010044114683880456,22,10
detailed_minus_reference,test,synthetic_regular,False,STEP no-KI,coupon_regular,0.001,terms,32,-0.23054749848271877,-0.013254978075067501,-1.36354706505753,0.0444648995376564,0.010044167432544618,9,23
detailed_minus_reference,test,synthetic_regular,False,STEP no-KI,coupon_regular,0.0025,terms,32,-0.5764319760245165,-0.03382637305359765,-3.408974742387069,0.1107076442160277,0.02511036368679421,9,23
detailed_minus_reference,test,synthetic_regular,False,STEP no-KI,coupon_regular,0.005,terms,32,-1.153180122248768,-0.0682731509875471,-6.817725301772403,0.2208912344599269,0.050220623739643755,9,23
detailed_minus_reference,test,synthetic_regular,False,STEP no-KI,coupon_regular,0.01,terms,32,-2.3066703039788137,-0.13805156760824988,-13.636290045559605,0.4406262480863702,0.10044118372504118,9,23
detailed_minus_reference,test,synthetic_regular,False,STEP no-KI,first_strike,-0.05,terms,32,0.6673397857668194,0.008377860996228902,-44.58939775800887,50.76484106493224,2.0992541214610165,16,16
detailed_minus_reference,test,synthetic_regular,False,STEP no-KI,first_strike,-0.025,terms,32,0.5605790097225507,-0.11887473506036646,-25.202547197578703,30.370318009395387,1.6901975585525715,15,17
detailed_minus_reference,test,synthetic_regular,False,STEP no-KI,first_strike,-0.01,terms,32,0.18444091540644048,-0.31383503072393826,-10.919914528727636,13.367731580871364,1.2013330327869713,13,19
detailed_minus_reference,test,synthetic_regular,False,STEP no-KI,first_strike,-0.005,terms,32,0.16099761288450248,-0.1195445529710139,-5.814278294265256,7.944192954129971,0.8911658301913792,13,19
detailed_minus_reference,test,synthetic_regular,False,STEP no-KI,first_strike,0.005,terms,32,-0.21538394267974378,0.0809961212030284,-5.953460985864918,4.28768851443816,0.8749249680334389,17,15
detailed_minus_reference,test,synthetic_regular,False,STEP no-KI,first_strike,0.01,terms,32,-0.16280971328761232,0.06509159012529825,-12.518919460558251,8.19197394138178,1.16754019687444,18,14
detailed_minus_reference,test,synthetic_regular,False,STEP no-KI,first_strike,0.025,terms,32,-0.16610504828227085,0.2704236361956906,-28.512069230814152,22.77856367224176,1.5811707338798993,21,11
detailed_minus_reference,test,synthetic_regular,False,STEP no-KI,first_strike,0.05,terms,32,0.18119631550537607,0.033275679121034844,-44.62571829285952,42.58301607808625,1.884246060947602,16,16
detailed_minus_reference,test,synthetic_regular,False,STEP no-KI,last_strike,-0.05,terms,32,-11.882208782579301,-0.8320488492012361,-57.24436904236015,1.1857951495551085,1.2767728671553653,10,22
detailed_minus_reference,test,synthetic_regular,False,STEP no-KI,last_strike,-0.025,terms,32,-5.674797792418328,-0.7554814323195371,-30.87146744471706,2.0074345645777742,1.0551759070198687,10,22
detailed_minus_reference,test,synthetic_regular,False,STEP no-KI,last_strike,-0.01,terms,32,-2.3652482056703827,-0.23248943608977518,-14.390676845592658,2.06242520373179,0.8131343988392682,8,24
detailed_minus_reference,test,synthetic_regular,False,STEP no-KI,last_strike,-0.005,terms,32,-1.1417218293788682,-0.5046114871229624,-6.838297549241645,1.6901746491810208,0.6266930836952753,11,21
detailed_minus_reference,test,synthetic_regular,False,STEP no-KI,last_strike,0.005,terms,32,0.9020962757614264,0.1064733849335818,-2.5844380554307773,6.5877742072318215,0.6136153434409003,18,14
detailed_minus_reference,test,synthetic_regular,False,STEP no-KI,last_strike,0.01,terms,32,1.9947849378113736,0.38090809151602445,-2.680793881777495,11.41826363941188,0.79045176915339,21,11
detailed_minus_reference,test,synthetic_regular,False,STEP no-KI,last_strike,0.025,terms,32,5.056519099389274,0.44865327402629973,-2.1517236411831364,29.0513444610726,0.997249338556816,21,11
detailed_minus_reference,test,synthetic_regular,False,STEP no-KI,last_strike,0.05,terms,32,9.528269340447203,1.013523756958135,-2.206868732315025,49.52545256601725,1.150066569935239,23,9
detailed_minus_reference,test,synthetic_regular,False,STEP no-KI,nobs_early,1.0,schedule,22,136.30097756775547,131.09496943165072,-23.268381085349567,415.4370904294151,3.4996416172900013,21,1
detailed_minus_reference,test,synthetic_regular,False,STEP no-KI,nobs_late,1.0,schedule,22,-85.01030713732565,-98.42763619897147,-168.96082838706553,11.788197630317958,2.7317582052222993,1,21
detailed_minus_reference,test,synthetic_regular,False,STEP no-KI,nobs_middle,1.0,schedule,22,-45.93834097153102,-47.07466452126345,-95.72804928014314,15.514968719213057,2.6794306026893784,2,20
detailed_minus_reference,test,synthetic_regular,False,STEP no-KI,tenor_months,-12.0,schedule,32,-19.499007862544563,-1.077813641260977,-86.9709357006598,31.195588279343703,2.589020150122457,10,22
detailed_minus_reference,test,synthetic_regular,False,STEP no-KI,tenor_months,-6.0,schedule,32,-8.493077582862943,-0.7634477184570415,-44.87846672140613,16.56024910180859,2.6313925575125956,12,20
detailed_minus_reference,test,synthetic_regular,False,STEP no-KI,tenor_months,-3.0,schedule,32,-3.640101454375346,-0.768293718512028,-20.409183010284732,8.589781970263626,2.5561921430687278,11,21
detailed_minus_reference,test,synthetic_regular,False,STEP no-KI,tenor_months,-1.0,schedule,32,-0.41802607164766187,-0.0259467032269853,-8.68865437445805,5.170892501037482,2.3055368824681395,15,17
detailed_minus_reference,test,synthetic_regular,False,STEP no-KI,tenor_months,1.0,schedule,32,1.6823488078899773,0.4170505892533287,-4.624290348687474,18.201506293202684,2.3842180553784047,17,15
detailed_minus_reference,test,synthetic_regular,False,STEP no-KI,tenor_months,3.0,schedule,32,4.077133553757429,1.8524249190322637,-7.164925838016841,19.353381729867827,2.6843347264545767,21,11
detailed_minus_reference,test,synthetic_regular,False,STEP no-KI,tenor_months,6.0,schedule,32,8.37093045340548,1.1419883894672442,-15.275897151981887,38.32080993841457,2.959900160595992,22,10
detailed_minus_reference,test,synthetic_regular,False,STEP no-KI,tenor_months,12.0,schedule,32,16.208419734083844,1.4084574751070622,-29.72270976497324,71.50983250487634,3.194198744976621,21,11
detailed_minus_reference,train,synthetic_monthly,True,LIZARD no-KI,base,0.0,terms,342,0.0,0.0,0.0,0.0,0.0,0,0
detailed_minus_reference,train,synthetic_monthly,True,LIZARD no-KI,coupon_regular,-0.01,terms,342,-14.442502474378033,-13.906162414006602,-36.53503376638219,3.908776110056466,0.27587223365511226,61,281
detailed_minus_reference,train,synthetic_monthly,True,LIZARD no-KI,coupon_regular,-0.005,terms,342,-7.221264574708608,-6.953071640458051,-18.267394589361174,1.95438611787738,0.1379361069281006,61,281
detailed_minus_reference,train,synthetic_monthly,True,LIZARD no-KI,coupon_regular,-0.0025,terms,342,-3.6106344578696525,-3.4766760029024786,-9.133640416947362,0.9775197817989236,0.06896803405217962,61,281
detailed_minus_reference,train,synthetic_monthly,True,LIZARD no-KI,coupon_regular,-0.001,terms,342,-1.4442781936026934,-1.3904021534373316,-3.6535457406385135,0.3909508412720253,0.027587194240365428,61,281
detailed_minus_reference,train,synthetic_monthly,True,LIZARD no-KI,coupon_regular,0.001,terms,342,1.4442454411989905,1.3909891995839274,-0.3910021608712445,3.653934571539797,0.02758720803703098,281,61
detailed_minus_reference,train,synthetic_monthly,True,LIZARD no-KI,coupon_regular,0.0025,terms,342,3.6106194310507402,3.476414159698958,-0.9772504880140936,9.133998760073652,0.06896806618470012,281,61
detailed_minus_reference,train,synthetic_monthly,True,LIZARD no-KI,coupon_regular,0.005,terms,342,7.221257512691071,6.953039737071835,-1.954408499421389,18.2671720554199,0.13793609988470876,281,61
detailed_minus_reference,train,synthetic_monthly,True,LIZARD no-KI,coupon_regular,0.01,terms,342,14.442499145014224,13.906124803476171,-3.908864414337057,36.53478855287358,0.27587221968180214,281,61
detailed_minus_reference,train,synthetic_monthly,True,LIZARD no-KI,first_strike,-0.05,terms,342,-31.327792459237997,-33.246407986400534,-74.4933196120962,28.73626450272336,2.8691096739057804,12,330
detailed_minus_reference,train,synthetic_monthly,True,LIZARD no-KI,first_strike,-0.025,terms,342,-15.892985798537309,-16.737857888616187,-38.56868282022269,19.09677924765546,2.3410407498782515,13,329
detailed_minus_reference,train,synthetic_monthly,True,LIZARD no-KI,first_strike,-0.01,terms,342,-6.3298113209553755,-6.859927259098237,-16.249713752093356,5.860357658379982,1.6688361630029744,19,323
detailed_minus_reference,train,synthetic_monthly,True,LIZARD no-KI,first_strike,-0.005,terms,342,-3.217162942218607,-3.421104073841478,-10.017436022259329,4.340769555745635,1.239775560748667,27,315
detailed_minus_reference,train,synthetic_monthly,True,LIZARD no-KI,first_strike,0.005,terms,342,2.9754071267902136,3.216425836016803,-5.447255883776574,9.645932451834415,1.2013285356776793,310,32
detailed_minus_reference,train,synthetic_monthly,True,LIZARD no-KI,first_strike,0.01,terms,342,5.908322954295162,6.100561432345224,-11.644222700306042,17.28202515749591,1.589044717281984,316,26
detailed_minus_reference,train,synthetic_monthly,True,LIZARD no-KI,first_strike,0.025,terms,342,14.408825770122604,14.43743939802286,-19.538692395793102,36.54766583202507,2.0781779482999725,328,14
detailed_minus_reference,train,synthetic_monthly,True,LIZARD no-KI,first_strike,0.05,terms,342,25.894190379062202,25.11256534771089,-29.181153546955105,69.40376393040123,2.2969055470862134,330,12
detailed_minus_reference,train,synthetic_monthly,True,LIZARD no-KI,last_strike,-0.05,terms,342,-25.614858911758688,-25.979936201988966,-70.54063566404255,-0.7680531161241491,2.240008867464743,0,342
detailed_minus_reference,train,synthetic_monthly,True,LIZARD no-KI,last_strike,-0.025,terms,342,-12.814387683759184,-12.612136734832063,-37.47262973472112,-0.2426139108894211,1.9291833077442837,0,342
detailed_minus_reference,train,synthetic_monthly,True,LIZARD no-KI,last_strike,-0.01,terms,342,-5.057567785057803,-4.937110262397701,-17.52943054778559,0.3432503262874626,1.5139130753565884,3,339
detailed_minus_reference,train,synthetic_monthly,True,LIZARD no-KI,last_strike,-0.005,terms,342,-2.513351151249545,-2.3291297036589445,-7.919130241170757,1.5568362539828835,1.169857332281538,16,326
detailed_minus_reference,train,synthetic_monthly,True,LIZARD no-KI,last_strike,0.005,terms,342,2.5694526436536327,2.386463527245829,-0.9660939044858196,9.675565312337389,1.1569747121224296,327,15
detailed_minus_reference,train,synthetic_monthly,True,LIZARD no-KI,last_strike,0.01,terms,342,5.205257389956542,5.106786029851259,-1.1661849075165345,18.60595202843692,1.4872179719726397,338,4
detailed_minus_reference,train,synthetic_monthly,True,LIZARD no-KI,last_strike,0.025,terms,342,12.409425204708148,12.69239179346236,0.080741157656874,34.43913308248109,1.8502380866455115,342,0
detailed_minus_reference,train,synthetic_monthly,True,LIZARD no-KI,last_strike,0.05,terms,342,24.229062502627386,25.412927184371853,1.0614550485107568,62.80379949027707,2.081132755765145,342,0
detailed_minus_reference,train,synthetic_monthly,True,LIZARD no-KI,monthly_barrier,-0.05,terms,342,35.59547202638153,36.807626365236516,0.2270162673073764,88.4082578347375,0.45569605490164505,342,0
detailed_minus_reference,train,synthetic_monthly,True,LIZARD no-KI,monthly_barrier,-0.025,terms,342,18.29866260228397,19.35912399888849,0.1375946592765199,44.7260160154998,0.25843388680210316,342,0
detailed_minus_reference,train,synthetic_monthly,True,LIZARD no-KI,monthly_barrier,-0.01,terms,342,7.442056353177943,8.00583381255587,0.0625374214723565,18.132082461610047,0.1297622646221734,342,0
detailed_minus_reference,train,synthetic_monthly,True,LIZARD no-KI,monthly_barrier,-0.005,terms,342,3.744810423860202,4.0161898694399625,0.0303438404544211,9.115297072747946,0.08184523812522844,342,0
detailed_minus_reference,train,synthetic_monthly,True,LIZARD no-KI,monthly_barrier,0.005,terms,342,-3.7765645633355525,-4.034179640571734,-8.936677232738617,-0.035982710032317,0.08219855342179615,0,342
detailed_minus_reference,train,synthetic_monthly,True,LIZARD no-KI,monthly_barrier,0.01,terms,342,-7.5981238632211685,-8.075801255225276,-18.12116407512585,-0.0673253698968398,0.13119297464420204,0,342
detailed_minus_reference,train,synthetic_monthly,True,LIZARD no-KI,monthly_barrier,0.025,terms,342,-19.310435878049486,-20.80198046069345,-45.85123064797588,-0.2328962601418269,0.26599162460635345,0,342
detailed_minus_reference,train,synthetic_monthly,True,LIZARD no-KI,monthly_barrier,0.05,terms,342,-39.673660565168454,-43.14767156604324,-92.05781626385836,-0.7130697189076324,0.4815274446095563,0,342
detailed_minus_reference,train,synthetic_monthly,True,STEP KI,base,0.0,terms,341,0.0,0.0,0.0,0.0,0.0,0,0
detailed_minus_reference,train,synthetic_monthly,True,STEP KI,coupon_regular,-0.01,terms,341,-40.83682794505051,-36.38457343924629,-96.97152393135464,18.898424906759026,0.44954322624243637,3,338
detailed_minus_reference,train,synthetic_monthly,True,STEP KI,coupon_regular,-0.005,terms,341,-20.418419555391672,-18.192162995282036,-48.48568656580174,9.449364236607106,0.2247715894849893,3,338
detailed_minus_reference,train,synthetic_monthly,True,STEP KI,coupon_regular,-0.0025,terms,341,-10.209233339359464,-9.096223043771149,-24.24268848963847,4.72465127290022,0.1123857529031661,3,338
detailed_minus_reference,train,synthetic_monthly,True,STEP KI,coupon_regular,-0.001,terms,341,-4.0837186902312315,-3.6386529931910903,-9.697182189497948,1.8900635106591448,0.04495426010258563,3,338
detailed_minus_reference,train,synthetic_monthly,True,STEP KI,coupon_regular,0.001,terms,341,4.083651837679189,3.638020349491175,-1.8898191912201936,9.697001676830252,0.04495437764223815,338,3
detailed_minus_reference,train,synthetic_monthly,True,STEP KI,coupon_regular,0.0025,terms,341,10.209163172282256,9.09647049245405,-4.724151070721283,24.24295837946944,0.11238586703639816,338,3
detailed_minus_reference,train,synthetic_monthly,True,STEP KI,coupon_regular,0.005,terms,341,20.418394273933014,18.19187990302057,-9.448864034428116,48.48591458336962,0.2247716289550147,338,3
detailed_minus_reference,train,synthetic_monthly,True,STEP KI,coupon_regular,0.01,terms,341,40.83679542669653,36.38464678276057,-18.898338420419478,96.9712434915,0.44954325657446437,338,3
detailed_minus_reference,train,synthetic_monthly,True,STEP KI,first_strike,-0.05,terms,341,-54.4324806905237,-47.28687544283017,-172.52509834911166,13.393534125749012,2.6716398857938892,3,338
detailed_minus_reference,train,synthetic_monthly,True,STEP KI,first_strike,-0.025,terms,341,-24.755043925064538,-21.22113179533554,-79.04725388656036,5.816890206867932,2.1651894220678507,2,339
detailed_minus_reference,train,synthetic_monthly,True,STEP KI,first_strike,-0.01,terms,341,-9.203573968357151,-7.88156123691984,-30.743342167373303,2.994565865563018,1.5431174352182153,4,337
detailed_minus_reference,train,synthetic_monthly,True,STEP KI,first_strike,-0.005,terms,341,-4.512211666524687,-3.911189496036648,-16.33590462877106,2.095315880456925,1.1396158814658148,9,332
detailed_minus_reference,train,synthetic_monthly,True,STEP KI,first_strike,0.005,terms,341,4.356208704702886,3.762678700848179,-2.17217189157217,14.743700497397365,1.1075593547214775,334,7
detailed_minus_reference,train,synthetic_monthly,True,STEP KI,first_strike,0.01,terms,341,8.385692428806822,7.017398225936538,-6.854225748086931,27.96691222528424,1.464590280211268,337,4
detailed_minus_reference,train,synthetic_monthly,True,STEP KI,first_strike,0.025,terms,341,19.218666317432117,15.639260680985473,-5.162024237621399,60.81064186502931,1.904165791399118,339,2
detailed_minus_reference,train,synthetic_monthly,True,STEP KI,first_strike,0.05,terms,341,33.04350353142513,26.34512114955641,-10.56356286986606,103.15876601674344,2.1004412357887032,338,3
detailed_minus_reference,train,synthetic_monthly,True,STEP KI,ki_barrier,-0.05,terms,341,-0.9982240891509278,-0.7859706789600569,-5.626495200840743,2.583836598275228,1.0105903726409995,70,271
detailed_minus_reference,train,synthetic_monthly,True,STEP KI,ki_barrier,-0.025,terms,341,-0.5272195063693785,-0.3953214572343102,-4.400952372354506,2.6038951057894444,0.7863069673293193,105,236
detailed_minus_reference,train,synthetic_monthly,True,STEP KI,ki_barrier,-0.01,terms,341,-0.24288842972942126,-0.2003223183987427,-2.487201258957815,2.146749532750378,0.5682611320991576,122,219
detailed_minus_reference,train,synthetic_monthly,True,STEP KI,ki_barrier,-0.005,terms,341,-0.10637031813614961,-0.0819556265255611,-2.12586720171238,1.174176334251545,0.4385879928031365,150,191
detailed_minus_reference,train,synthetic_monthly,True,STEP KI,ki_barrier,0.005,terms,341,0.07690310627530175,0.0516020029267673,-1.235421977310669,1.5871969265815449,0.43021069745660145,189,152
detailed_minus_reference,train,synthetic_monthly,True,STEP KI,ki_barrier,0.01,terms,341,0.1632591362445666,0.1678244717786677,-1.6030935168827944,2.7344445695381654,0.564921626582872,202,139
detailed_minus_reference,train,synthetic_monthly,True,STEP KI,ki_barrier,0.025,terms,341,0.472694289633077,0.3942332933794097,-1.671186404044323,3.362621566917386,0.7878981670899291,228,113
detailed_minus_reference,train,synthetic_monthly,True,STEP KI,ki_barrier,0.05,terms,341,0.8602092877329621,0.7404866246665669,-3.600173576555092,5.723998165856201,1.035791373555123,259,82
detailed_minus_reference,train,synthetic_monthly,True,STEP KI,last_strike,-0.05,terms,341,-40.46760509651469,-37.81629583825209,-118.80079134723746,-5.6967843612304,1.481089839289571,0,341
detailed_minus_reference,train,synthetic_monthly,True,STEP KI,last_strike,-0.025,terms,341,-18.974684196338384,-17.487246318887546,-54.75249663537442,-3.1800895841807058,1.0701608025936662,0,341
detailed_minus_reference,train,synthetic_monthly,True,STEP KI,last_strike,-0.01,terms,341,-7.276326447156639,-6.745289759769518,-21.35292015421786,-1.0337644274293538,0.7082198631970947,0,341
detailed_minus_reference,train,synthetic_monthly,True,STEP KI,last_strike,-0.005,terms,341,-3.64188852279603,-3.3499056100845337,-11.202862876674589,-0.6902102349746859,0.5148462696614132,0,341
detailed_minus_reference,train,synthetic_monthly,True,STEP KI,last_strike,0.005,terms,341,3.4186142497721663,3.1479159908743464,-1.335478213028586,8.5082855970306,0.4950472893803385,339,2
detailed_minus_reference,train,synthetic_monthly,True,STEP KI,last_strike,0.01,terms,341,6.700778743307033,6.088657640076388,0.2729415312565817,17.968202307884177,0.67002097640854,341,0
detailed_minus_reference,train,synthetic_monthly,True,STEP KI,last_strike,0.025,terms,341,15.959203433115643,14.442223812107756,3.277913898229599,44.06431873149105,0.9561180264683421,341,0
detailed_minus_reference,train,synthetic_monthly,True,STEP KI,last_strike,0.05,terms,341,29.07798421257444,26.02379414442145,5.869752794504166,80.89711428059422,1.2128441308030904,341,0
detailed_minus_reference,train,synthetic_monthly,True,STEP KI,monthly_barrier,-0.05,terms,341,30.48133505657782,26.03329048839219,0.0236925576039651,131.46333140394017,0.41186669722531405,341,0
detailed_minus_reference,train,synthetic_monthly,True,STEP KI,monthly_barrier,-0.025,terms,341,16.356882117588537,14.429834552492803,0.0129414167424569,66.35014114855842,0.23853055799879655,341,0
detailed_minus_reference,train,synthetic_monthly,True,STEP KI,monthly_barrier,-0.01,terms,341,6.824368303002525,6.092068279633689,0.0028820885134701,27.036858302899365,0.11937700193645516,341,0
detailed_minus_reference,train,synthetic_monthly,True,STEP KI,monthly_barrier,-0.005,terms,341,3.4592394632002623,3.0953893981403677,0.0007183344622692,13.621905850584456,0.07462601215465738,341,0
detailed_minus_reference,train,synthetic_monthly,True,STEP KI,monthly_barrier,0.005,terms,341,-3.5625923219404245,-3.1885580944579357,-13.746540672126937,-0.0057488724293773,0.07587778882158829,0,341
detailed_minus_reference,train,synthetic_monthly,True,STEP KI,monthly_barrier,0.01,terms,341,-7.228185516580046,-6.523622419079364,-27.519531861025705,-0.0114891339106436,0.12355849538415245,0,341
detailed_minus_reference,train,synthetic_monthly,True,STEP KI,monthly_barrier,0.025,terms,341,-18.856172852365226,-17.35624045222346,-69.47386425012922,-0.0337153517797203,0.2597451852270392,0,341
detailed_minus_reference,train,synthetic_monthly,True,STEP KI,monthly_barrier,0.05,terms,341,-40.424299058905646,-38.42566282502796,-141.03537747437528,-0.1121175568412293,0.48736397251777275,0,341
detailed_minus_reference,train,synthetic_monthly,True,STEP no-KI,base,0.0,terms,341,0.0,0.0,0.0,0.0,0.0,0,0
detailed_minus_reference,train,synthetic_monthly,True,STEP no-KI,coupon_regular,-0.01,terms,341,-11.833022779193122,-10.616404872149404,-52.471403178289954,1.2623107248039562,0.2792730736458428,1,340
detailed_minus_reference,train,synthetic_monthly,True,STEP no-KI,coupon_regular,-0.005,terms,341,-5.916522935767873,-5.30862078617514,-26.23590811923861,0.6311412361011717,0.13963653371250723,1,340
detailed_minus_reference,train,synthetic_monthly,True,STEP no-KI,coupon_regular,-0.0025,terms,341,-2.95826393168825,-2.6540147093460407,-13.117758332867394,0.3155321879558306,0.06981826418364276,1,340
detailed_minus_reference,train,synthetic_monthly,True,STEP no-KI,coupon_regular,-0.001,terms,341,-1.1833057660146165,-1.0617584716286572,-5.246496718795275,0.1256132286139271,0.027927308968502745,1,340
detailed_minus_reference,train,synthetic_monthly,True,STEP no-KI,coupon_regular,0.001,terms,341,1.183297928266048,1.0617007445307367,-0.1266182821324718,5.247229438694365,0.027927296199936294,340,1
detailed_minus_reference,train,synthetic_monthly,True,STEP no-KI,coupon_regular,0.0025,terms,341,2.9582670198555983,2.654286417119781,-0.315526525512868,13.118415652890222,0.06981825870914218,340,1
detailed_minus_reference,train,synthetic_monthly,True,STEP no-KI,coupon_regular,0.005,terms,341,5.9165074211682755,5.30838680814268,-0.6320910361139471,26.236161886014024,0.13963653147818988,340,1
detailed_minus_reference,train,synthetic_monthly,True,STEP no-KI,coupon_regular,0.01,terms,341,11.833031982954326,10.616676579922984,-1.26327727372031,52.47200476796992,0.2792730546786636,340,1
detailed_minus_reference,train,synthetic_monthly,True,STEP no-KI,first_strike,-0.05,terms,341,-16.74493199316867,-14.78369572006134,-54.299257083573366,4.505486728192359,2.483669005545388,2,339
detailed_minus_reference,train,synthetic_monthly,True,STEP no-KI,first_strike,-0.025,terms,341,-7.899463035277884,-6.739937526216997,-29.318590672837125,9.780128160977704,2.130946840369741,5,336
detailed_minus_reference,train,synthetic_monthly,True,STEP no-KI,first_strike,-0.01,terms,341,-3.088404004532218,-2.7237713835088395,-16.83396774693514,5.355605526825746,1.592210785750399,26,315
detailed_minus_reference,train,synthetic_monthly,True,STEP no-KI,first_strike,-0.005,terms,341,-1.5573761965777313,-1.325476708425915,-9.33638715040671,3.871319097974173,1.1960729434053188,49,292
detailed_minus_reference,train,synthetic_monthly,True,STEP no-KI,first_strike,0.005,terms,341,1.3334147880099565,1.0493847876896285,-2.777673714918297,7.970197445165945,1.1634702198502809,290,51
detailed_minus_reference,train,synthetic_monthly,True,STEP no-KI,first_strike,0.01,terms,341,2.638934538582205,2.197509237917372,-2.653370582990279,13.32128681146247,1.521726381740912,312,29
detailed_minus_reference,train,synthetic_monthly,True,STEP no-KI,first_strike,0.025,terms,341,6.425835304202612,5.398369739980029,-3.3538016162591564,30.835695045426665,1.93084472348565,335,6
detailed_minus_reference,train,synthetic_monthly,True,STEP no-KI,first_strike,0.05,terms,341,11.775867068237654,9.701732467377614,-2.7377899512570307,50.24093454394343,2.073398922276286,339,2
detailed_minus_reference,train,synthetic_monthly,True,STEP no-KI,last_strike,-0.05,terms,341,-30.618658749120403,-28.36525257617121,-85.96755027055396,-0.0584236134117026,2.2167154415061394,0,341
detailed_minus_reference,train,synthetic_monthly,True,STEP no-KI,last_strike,-0.025,terms,341,-15.391115306700529,-14.289262770849913,-42.52670550071157,-0.0073162855328439,1.9234659612183487,0,341
detailed_minus_reference,train,synthetic_monthly,True,STEP no-KI,last_strike,-0.01,terms,341,-6.251523810855682,-5.543879416590952,-21.19416843183805,0.0714856897290862,1.5427713215071077,2,339
detailed_minus_reference,train,synthetic_monthly,True,STEP no-KI,last_strike,-0.005,terms,341,-3.1428851511247378,-2.899018654999546,-12.228613380232522,0.3850250674420289,1.212820464099869,5,336
detailed_minus_reference,train,synthetic_monthly,True,STEP no-KI,last_strike,0.005,terms,341,3.1056125763412594,2.6987995064018837,-1.1291924688324402,11.658680250663553,1.201760860061081,334,7
detailed_minus_reference,train,synthetic_monthly,True,STEP no-KI,last_strike,0.01,terms,341,6.2522522402114635,5.6102003561390354,-0.0332648347708928,21.109447428880145,1.5201367288026695,339,2
detailed_minus_reference,train,synthetic_monthly,True,STEP no-KI,last_strike,0.025,terms,341,15.406539798215073,13.99538961505916,0.2262991204133632,48.08322984391823,1.8562465718136698,341,0
detailed_minus_reference,train,synthetic_monthly,True,STEP no-KI,last_strike,0.05,terms,341,30.227170862718577,27.630511399195456,1.0789828304327655,85.87050667996405,2.090991210672818,341,0
detailed_minus_reference,train,synthetic_monthly,True,STEP no-KI,monthly_barrier,-0.05,terms,341,25.431844999418665,20.33635809400392,0.0593853276805984,100.90054367822742,0.3588412428310585,341,0
detailed_minus_reference,train,synthetic_monthly,True,STEP no-KI,monthly_barrier,-0.025,terms,341,13.57875080077616,11.09974147458638,0.0400799885331406,50.74491914471688,0.2067160118169804,341,0
detailed_minus_reference,train,synthetic_monthly,True,STEP no-KI,monthly_barrier,-0.01,terms,341,5.651084378632867,4.787374093753009,0.0184811497557741,19.997804784001204,0.10250894173448265,341,0
detailed_minus_reference,train,synthetic_monthly,True,STEP no-KI,monthly_barrier,-0.005,terms,341,2.8628501430307787,2.457878565876908,0.0103364569959277,10.14674391910438,0.0635331118611471,341,0
detailed_minus_reference,train,synthetic_monthly,True,STEP no-KI,monthly_barrier,0.005,terms,341,-2.9326066134074336,-2.5142563156624886,-10.352816297402928,-0.0133041558959357,0.06451332731471505,0,341
detailed_minus_reference,train,synthetic_monthly,True,STEP no-KI,monthly_barrier,0.01,terms,341,-5.943855439562868,-5.106410891057748,-20.600430523020485,-0.0236412809620835,0.10566975186342144,0,341
detailed_minus_reference,train,synthetic_monthly,True,STEP no-KI,monthly_barrier,0.025,terms,341,-15.436585318639022,-13.342570407998483,-51.4865286102572,-0.0739940884392881,0.22399721113193885,0,341
detailed_minus_reference,train,synthetic_monthly,True,STEP no-KI,monthly_barrier,0.05,terms,341,-32.81668258205305,-28.45651362161585,-102.82569429302951,-0.290168935422797,0.4213973304922118,0,341
detailed_minus_reference,train,synthetic_regular,False,LIZARD KI,base,0.0,terms,256,0.0,0.0,0.0,0.0,0.0,0,0
detailed_minus_reference,train,synthetic_regular,False,LIZARD KI,coupon_regular,-0.01,terms,256,-4.105133628272149,-1.1730685978671849,-79.50756586052725,22.29493355700233,0.2244316483595407,63,193
detailed_minus_reference,train,synthetic_regular,False,LIZARD KI,coupon_regular,-0.005,terms,256,-2.0525251680681302,-0.5865596979632548,-39.75401939679006,11.147194556637793,0.11221583354274942,64,192
detailed_minus_reference,train,synthetic_regular,False,LIZARD KI,coupon_regular,-0.0025,terms,256,-1.026262830339826,-0.2931546792273501,-19.87719755733411,5.573770921551162,0.05610787565320573,64,192
detailed_minus_reference,train,synthetic_regular,False,LIZARD KI,coupon_regular,-0.001,terms,256,-0.4104929702505516,-0.11696781068668086,-7.950967035152202,2.2294481738901526,0.022443140458862094,64,192
detailed_minus_reference,train,synthetic_regular,False,LIZARD KI,coupon_regular,0.001,terms,256,0.4105130425803096,0.11738034188272556,-2.22962940181093,7.950214973546526,0.022443194046964727,193,63
detailed_minus_reference,train,synthetic_regular,False,LIZARD KI,coupon_regular,0.0025,terms,256,1.026303495841489,0.29390142111794315,-5.573752116284149,19.87687146032316,0.05610796384655402,193,63
detailed_minus_reference,train,synthetic_regular,False,LIZARD KI,coupon_regular,0.005,terms,256,2.052637604314231,0.5873172208441867,-11.147739000363682,39.753255920896,0.11221587550879841,193,63
detailed_minus_reference,train,synthetic_regular,False,LIZARD KI,coupon_regular,0.01,terms,256,4.105178575413048,1.173826940312797,-22.29555213400496,79.50723708130626,0.22443171885015373,193,63
detailed_minus_reference,train,synthetic_regular,False,LIZARD KI,first_strike,-0.05,terms,256,-10.046521182915043,-4.395455876764702,-108.7668742202048,51.02328925765964,1.734623842228261,52,204
detailed_minus_reference,train,synthetic_regular,False,LIZARD KI,first_strike,-0.025,terms,256,-4.531473434114396,-1.7520027269647076,-53.975463696466136,29.553563224705837,1.297874095347729,66,190
detailed_minus_reference,train,synthetic_regular,False,LIZARD KI,first_strike,-0.01,terms,256,-1.7136320907694962,-0.6023804390517513,-21.36877288880318,14.611140053390413,0.8809705914235841,71,185
detailed_minus_reference,train,synthetic_regular,False,LIZARD KI,first_strike,-0.005,terms,256,-0.7952876685925074,-0.28364810405346896,-9.83121093524105,7.266938218832324,0.6438351794974075,80,176
detailed_minus_reference,train,synthetic_regular,False,LIZARD KI,first_strike,0.005,terms,256,0.729009077908574,0.2081515200483541,-6.885715960524337,10.712716640320709,0.6259910928470263,168,88
detailed_minus_reference,train,synthetic_regular,False,LIZARD KI,first_strike,0.01,terms,256,1.3200175339300486,0.2724269253703443,-10.008151199397917,19.226047714403748,0.83158553721702,165,91
detailed_minus_reference,train,synthetic_regular,False,LIZARD KI,first_strike,0.025,terms,256,3.3164517611921456,0.807431879542654,-19.428129431296288,40.92579846173787,1.1055637468707809,178,78
detailed_minus_reference,train,synthetic_regular,False,LIZARD KI,first_strike,0.05,terms,256,5.785112599634231,1.1868152608528746,-26.802824200391765,67.455604335528,1.2676691471002342,177,79
detailed_minus_reference,train,synthetic_regular,False,LIZARD KI,ki_barrier,-0.05,terms,256,9.150942333855465,1.9819584668858794,-62.81904948586859,118.43253618603649,1.1396218352943217,164,71
detailed_minus_reference,train,synthetic_regular,False,LIZARD KI,ki_barrier,-0.025,terms,256,4.6742090886347984,1.033191919801323,-31.80847038895356,55.55167828679311,0.8258270695958726,163,70
detailed_minus_reference,train,synthetic_regular,False,LIZARD KI,ki_barrier,-0.01,terms,256,1.8573222352183079,0.30404237069778206,-12.830981186403491,22.4108974425841,0.5383772137190721,154,69
detailed_minus_reference,train,synthetic_regular,False,LIZARD KI,ki_barrier,-0.005,terms,256,0.8983792996707406,0.07343309389413541,-5.130732476086336,11.668158264206584,0.3914682117694342,144,70
detailed_minus_reference,train,synthetic_regular,False,LIZARD KI,ki_barrier,0.005,terms,256,-0.9466596167826584,-0.1528014056028627,-12.26333479509558,5.278998105677067,0.38387697437725204,70,151
detailed_minus_reference,train,synthetic_regular,False,LIZARD KI,ki_barrier,0.01,terms,256,-1.8556106110248805,-0.3585835389545185,-21.5682793985072,10.426433198659604,0.5340033988260429,69,161
detailed_minus_reference,train,synthetic_regular,False,LIZARD KI,ki_barrier,0.025,terms,256,-4.6056470995323915,-0.8283747436042221,-51.99737083912167,31.378336898332428,0.8115954588407519,73,163
detailed_minus_reference,train,synthetic_regular,False,LIZARD KI,ki_barrier,0.05,terms,256,-8.813295061963265,-1.3772832208598633,-105.72623410488926,65.4708738083979,1.1011327816636207,74,165
detailed_minus_reference,train,synthetic_regular,False,LIZARD KI,last_strike,-0.05,terms,256,-18.831546360708636,-9.397460480619634,-101.63528849712463,0.8406140145654628,1.118374887629178,2,244
detailed_minus_reference,train,synthetic_regular,False,LIZARD KI,last_strike,-0.025,terms,256,-9.546173373453538,-4.912176340818405,-52.52904026124903,2.104170573746201,0.8447937317785512,7,236
detailed_minus_reference,train,synthetic_regular,False,LIZARD KI,last_strike,-0.01,terms,256,-3.7926063626041286,-1.9996757758502572,-23.776865553672472,0.5925138689572557,0.5795841430890927,8,229
detailed_minus_reference,train,synthetic_regular,False,LIZARD KI,last_strike,-0.005,terms,256,-1.8739005072277644,-0.987865065395682,-11.199920565982882,0.7039080055406719,0.42166290049641764,14,217
detailed_minus_reference,train,synthetic_regular,False,LIZARD KI,last_strike,0.005,terms,256,1.9429519963558035,0.9337981733877108,-0.9431975367740556,12.33186532660799,0.4155646326406537,225,7
detailed_minus_reference,train,synthetic_regular,False,LIZARD KI,last_strike,0.01,terms,256,3.814016869649987,1.7957961873738877,-0.2917507797160915,24.237627068044254,0.5597476126882546,227,8
detailed_minus_reference,train,synthetic_regular,False,LIZARD KI,last_strike,0.025,terms,256,9.41934736966627,4.606113192528078,-0.1631615756027551,65.23891277030496,0.7803798682465033,235,3
detailed_minus_reference,train,synthetic_regular,False,LIZARD KI,last_strike,0.05,terms,256,18.53835075565081,9.1528245434165,-0.1635611880122281,140.1418060928932,0.9858375043219343,240,2
detailed_minus_reference,train,synthetic_regular,False,LIZARD no-KI,base,0.0,terms,256,0.0,0.0,0.0,0.0,0.0,0,0
detailed_minus_reference,train,synthetic_regular,False,LIZARD no-KI,coupon_regular,-0.01,terms,256,2.185651368159087,0.0998877196017693,-3.27590440395178,24.436953758713003,0.13195876293442602,173,83
detailed_minus_reference,train,synthetic_regular,False,LIZARD no-KI,coupon_regular,-0.005,terms,256,1.0927965995158655,0.0497097998115043,-1.63786544741576,12.218798058985506,0.06597939678809496,171,85
detailed_minus_reference,train,synthetic_regular,False,LIZARD no-KI,coupon_regular,-0.0025,terms,256,0.5464291129435892,0.02486935403221665,-0.8191838678786679,6.1093843667493495,0.03298968375712294,172,84
detailed_minus_reference,train,synthetic_regular,False,LIZARD no-KI,coupon_regular,-0.001,terms,256,0.21853933827257152,0.00995521375867915,-0.3275801824358307,2.443993875932701,0.013195899640126373,170,86
detailed_minus_reference,train,synthetic_regular,False,LIZARD no-KI,coupon_regular,0.001,terms,256,-0.21856077563014287,-0.009877446747855751,-2.443559507083994,0.3273573802735021,0.013195865659195765,83,173
detailed_minus_reference,train,synthetic_regular,False,LIZARD no-KI,coupon_regular,0.0025,terms,256,-0.5464308790221957,-0.024430626276989803,-6.108972111225445,0.8189796623654905,0.03298969458596862,82,174
detailed_minus_reference,train,synthetic_regular,False,LIZARD no-KI,coupon_regular,0.005,terms,256,-1.0928064417327845,-0.0494208507638669,-12.218284922598706,1.6380290621654097,0.06597934558551502,83,173
detailed_minus_reference,train,synthetic_regular,False,LIZARD no-KI,coupon_regular,0.01,terms,256,-2.185659533180462,-0.0993302658983943,-24.43710876059304,3.275696681764312,0.13195872838345346,83,173
detailed_minus_reference,train,synthetic_regular,False,LIZARD no-KI,first_strike,-0.05,terms,256,-1.668715334820544,-0.04488035511567115,-53.1276654927464,65.7845253192662,1.9873715391973013,120,136
detailed_minus_reference,train,synthetic_regular,False,LIZARD no-KI,first_strike,-0.025,terms,256,-0.8538836202861424,-0.05630180891552935,-24.64771742039371,36.640019044828,1.521108333741915,112,144
detailed_minus_reference,train,synthetic_regular,False,LIZARD no-KI,first_strike,-0.01,terms,256,-0.2302967098719888,-0.06358851984826175,-9.740031144545137,15.846144478570723,1.0541613560299719,111,145
detailed_minus_reference,train,synthetic_regular,False,LIZARD no-KI,first_strike,-0.005,terms,256,-0.13047762425283913,-0.0624182632167319,-5.999796105010527,6.545493694599301,0.7705842244922292,105,151
detailed_minus_reference,train,synthetic_regular,False,LIZARD no-KI,first_strike,0.005,terms,256,0.11750631530029046,0.015809714341598953,-6.247754998140884,5.512865979849792,0.7555831173490859,146,110
detailed_minus_reference,train,synthetic_regular,False,LIZARD no-KI,first_strike,0.01,terms,256,0.22569958918411262,0.042946861720854046,-13.64967992969924,11.482081395414598,0.994956403237677,154,102
detailed_minus_reference,train,synthetic_regular,False,LIZARD no-KI,first_strike,0.025,terms,256,0.7107405191693855,0.022000553053017548,-27.983545415819947,22.66706898113477,1.319580763755345,138,118
detailed_minus_reference,train,synthetic_regular,False,LIZARD no-KI,first_strike,0.05,terms,256,1.6603358659879717,0.0048607345081939,-56.86522488162211,40.97681092208846,1.5153966698028691,134,122
detailed_minus_reference,train,synthetic_regular,False,LIZARD no-KI,last_strike,-0.05,terms,256,-8.972545776570925,-0.6818749282104071,-83.8604149879484,4.31501872308988,1.443147460389357,77,171
detailed_minus_reference,train,synthetic_regular,False,LIZARD no-KI,last_strike,-0.025,terms,256,-4.386537827202979,-0.39794033674037377,-43.38224803799203,5.000038138005212,1.188381822384042,81,162
detailed_minus_reference,train,synthetic_regular,False,LIZARD no-KI,last_strike,-0.01,terms,256,-1.7728428132851266,-0.25924371005357183,-21.42758856059253,7.148357153729473,0.9102536707385235,78,163
detailed_minus_reference,train,synthetic_regular,False,LIZARD no-KI,last_strike,-0.005,terms,256,-0.9029094605421828,-0.14057693636640695,-10.2144269498555,3.8811171994883833,0.6970915483034656,74,161
detailed_minus_reference,train,synthetic_regular,False,LIZARD no-KI,last_strike,0.005,terms,256,0.839664218487018,0.17180219046518205,-3.5198484255684432,8.867089270032881,0.6834639294171378,161,73
detailed_minus_reference,train,synthetic_regular,False,LIZARD no-KI,last_strike,0.01,terms,256,1.6528544870763662,0.26046798556925577,-4.528524648750233,15.834787033607654,0.8756592040360649,162,78
detailed_minus_reference,train,synthetic_regular,False,LIZARD no-KI,last_strike,0.025,terms,256,4.112794280939375,0.43801636740185984,-3.9476943358524728,37.57695657798419,1.1074250254826867,169,73
detailed_minus_reference,train,synthetic_regular,False,LIZARD no-KI,last_strike,0.05,terms,256,7.704145533857499,0.5442184067867779,-4.368211024929498,72.95549255572688,1.2780591320745818,173,74
detailed_minus_reference,train,synthetic_regular,False,STEP KI,base,0.0,terms,256,0.0,0.0,0.0,0.0,0.0,0,0
detailed_minus_reference,train,synthetic_regular,False,STEP KI,coupon_regular,-0.01,terms,256,-6.809109659630481,-2.83052967730732,-71.35207494031383,19.909252076798065,0.28724070827068976,60,196
detailed_minus_reference,train,synthetic_regular,False,STEP KI,coupon_regular,-0.005,terms,256,-3.404548395773197,-1.4151618865313145,-35.67618596022842,9.954261317577686,0.14362036400098568,60,196
detailed_minus_reference,train,synthetic_regular,False,STEP KI,coupon_regular,-0.0025,terms,256,-1.7022862388106583,-0.7075465513853585,-17.8383895430234,4.977171160145943,0.07181017978638606,60,196
detailed_minus_reference,train,synthetic_regular,False,STEP KI,coupon_regular,-0.001,terms,256,-0.6808961461412051,-0.2827834146654947,-7.134913801085062,1.9909979968719396,0.028724075514314377,60,196
detailed_minus_reference,train,synthetic_regular,False,STEP KI,coupon_regular,0.001,terms,256,0.6808852742307414,0.2831194805541129,-1.9917859404736045,7.135416119228919,0.028724087584058533,196,60
detailed_minus_reference,train,synthetic_regular,False,STEP KI,coupon_regular,0.0025,terms,256,1.7022864977765613,0.7079309566409586,-4.977929241820494,17.83824306460992,0.07181017622967241,196,60
detailed_minus_reference,train,synthetic_regular,False,STEP KI,coupon_regular,0.005,terms,256,3.4045529006388007,1.4154973265712747,-9.955067708818618,35.676245445663554,0.14362038326687318,196,60
detailed_minus_reference,train,synthetic_regular,False,STEP KI,coupon_regular,0.01,terms,256,6.809121993077132,2.830515491402359,-19.910140782051755,71.35222141872946,0.2872407639068459,196,60
detailed_minus_reference,train,synthetic_regular,False,STEP KI,first_strike,-0.05,terms,256,-19.23640038180269,-12.637617885616756,-141.2028485292464,70.38976935228285,2.993485291782408,42,214
detailed_minus_reference,train,synthetic_regular,False,STEP KI,first_strike,-0.025,terms,256,-9.692458351427867,-6.985348779381738,-67.71233529991315,45.11156054935299,2.3784454350443154,44,212
detailed_minus_reference,train,synthetic_regular,False,STEP KI,first_strike,-0.01,terms,256,-3.809295701273466,-2.6551760691791193,-25.438787962152876,20.655851404231367,1.6764901655056046,48,208
detailed_minus_reference,train,synthetic_regular,False,STEP KI,first_strike,-0.005,terms,256,-1.9418834144667134,-1.4103336211959165,-13.662224349181272,12.500290905564666,1.2438590782141987,55,201
detailed_minus_reference,train,synthetic_regular,False,STEP KI,first_strike,0.005,terms,256,1.9567660611233328,1.5557301596460706,-7.06712907903247,12.51316317329421,1.2164890864691593,205,51
detailed_minus_reference,train,synthetic_regular,False,STEP KI,first_strike,0.01,terms,256,3.9112234681639633,2.722796302373658,-9.45980110259483,26.8803811324465,1.6259852345077102,208,48
detailed_minus_reference,train,synthetic_regular,False,STEP KI,first_strike,0.025,terms,256,9.312878967275712,6.0082388035707055,-23.23214839070428,64.18025612419292,2.216829858367601,220,36
detailed_minus_reference,train,synthetic_regular,False,STEP KI,first_strike,0.05,terms,256,16.56752226798807,10.516174157251154,-50.48644506514494,100.94822754368415,2.632183655543151,225,31
detailed_minus_reference,train,synthetic_regular,False,STEP KI,ki_barrier,-0.05,terms,256,15.657376902818237,6.383238150588048,-38.4498122670698,153.24553383663158,1.4722134013519672,194,57
detailed_minus_reference,train,synthetic_regular,False,STEP KI,ki_barrier,-0.025,terms,256,7.983519177610762,3.2010915850134722,-18.469376655447707,84.55937395176339,1.0708538700590222,196,54
detailed_minus_reference,train,synthetic_regular,False,STEP KI,ki_barrier,-0.01,terms,256,3.245948787209019,1.2842562908396373,-7.600908362433399,35.571571973064096,0.7037366162119361,196,49
detailed_minus_reference,train,synthetic_regular,False,STEP KI,ki_barrier,-0.005,terms,256,1.677930606791955,0.7357696839308282,-3.1603450035073246,19.440920807796207,0.5139692435539762,189,53
detailed_minus_reference,train,synthetic_regular,False,STEP KI,ki_barrier,0.005,terms,256,-1.5785276896614389,-0.7039831213114609,-17.114813651962923,2.59550088914052,0.5012086881977194,52,192
detailed_minus_reference,train,synthetic_regular,False,STEP KI,ki_barrier,0.01,terms,256,-3.1868637361796486,-1.3034882651403228,-35.29956895190417,6.311782056050671,0.6984913798400139,55,193
detailed_minus_reference,train,synthetic_regular,False,STEP KI,ki_barrier,0.025,terms,256,-7.872248731901104,-3.1289786593114686,-87.60255885230428,13.21569215016828,1.0530336587174483,55,195
detailed_minus_reference,train,synthetic_regular,False,STEP KI,ki_barrier,0.05,terms,256,-15.286525821695351,-5.740804215631784,-180.05720267273733,27.39647954749121,1.4289673548777695,58,195
detailed_minus_reference,train,synthetic_regular,False,STEP KI,last_strike,-0.05,terms,256,-27.424604198470586,-19.087629570323553,-152.27399302222005,1.4368484018071803,1.4917703675113585,6,250
detailed_minus_reference,train,synthetic_regular,False,STEP KI,last_strike,-0.025,terms,256,-14.047623052485042,-9.425516764845337,-79.1883118499785,1.1571838476843304,1.127544569108891,8,248
detailed_minus_reference,train,synthetic_regular,False,STEP KI,last_strike,-0.01,terms,256,-5.775704460556744,-3.8831724598071045,-31.329769137688277,1.6959984782307902,0.7824275183849188,12,243
detailed_minus_reference,train,synthetic_regular,False,STEP KI,last_strike,-0.005,terms,256,-2.7942985573908565,-1.7466915696833818,-16.01240001049928,1.3817598268875984,0.571276182848169,18,237
detailed_minus_reference,train,synthetic_regular,False,STEP KI,last_strike,0.005,terms,256,2.774263691769362,1.7019705385708128,-0.7582891885128364,17.254707924762442,0.5613053659615028,241,14
detailed_minus_reference,train,synthetic_regular,False,STEP KI,last_strike,0.01,terms,256,5.575639823161939,3.7803226904369884,-1.8789358593890373,34.79926522197217,0.7572046447439776,246,10
detailed_minus_reference,train,synthetic_regular,False,STEP KI,last_strike,0.025,terms,256,13.966962466523826,9.315816695451623,-1.267506206674449,90.63025760756403,1.0561767871050285,244,12
detailed_minus_reference,train,synthetic_regular,False,STEP KI,last_strike,0.05,terms,256,27.83932136519511,19.223815534493404,-1.1439184390982486,181.80205813754836,1.3323376266605502,247,9
detailed_minus_reference,train,synthetic_regular,False,STEP no-KI,base,0.0,terms,256,0.0,0.0,0.0,0.0,0.0,0,0
detailed_minus_reference,train,synthetic_regular,False,STEP no-KI,coupon_regular,-0.01,terms,256,2.660902984016979,0.25293078747305997,-4.111966981139893,20.34266852327744,0.178664404206131,183,73
detailed_minus_reference,train,synthetic_regular,False,STEP no-KI,coupon_regular,-0.005,terms,256,1.330502508345686,0.12640164656870428,-2.0559637614323347,10.17112649474725,0.0893321670869,183,73
detailed_minus_reference,train,synthetic_regular,False,STEP no-KI,coupon_regular,-0.0025,terms,256,0.6652192903380927,0.06354856423160105,-1.02806029062616,5.0855334748543255,0.04466609276485992,183,73
detailed_minus_reference,train,synthetic_regular,False,STEP no-KI,coupon_regular,-0.001,terms,256,0.26614404794945934,0.02524628910026845,-0.4114419950687862,2.034474190065359,0.017866391013768263,183,73
detailed_minus_reference,train,synthetic_regular,False,STEP no-KI,coupon_regular,0.001,terms,256,-0.2660936162500574,-0.0250292387881982,-2.0346350033950733,0.4111517800539725,0.01786644700745195,73,183
detailed_minus_reference,train,synthetic_regular,False,STEP no-KI,coupon_regular,0.0025,terms,256,-0.6651747238753573,-0.0628028803251563,-5.0851002086903705,1.0276103351638797,0.044666137037320294,72,184
detailed_minus_reference,train,synthetic_regular,False,STEP no-KI,coupon_regular,0.005,terms,256,-1.330410809219042,-0.1264444278031952,-10.170693049770495,2.0557794936735743,0.08933225282004018,72,184
detailed_minus_reference,train,synthetic_regular,False,STEP no-KI,coupon_regular,0.01,terms,256,-2.6608734642928877,-0.25329307940673085,-20.341878076280832,4.111981554476315,0.17866443438016008,72,184
detailed_minus_reference,train,synthetic_regular,False,STEP no-KI,first_strike,-0.05,terms,256,-0.06546716618486426,-0.200110440085107,-54.58557366496859,68.24978294184741,3.4654724012295146,117,139
detailed_minus_reference,train,synthetic_regular,False,STEP no-KI,first_strike,-0.025,terms,256,0.19707565261063226,-0.07294653839388895,-30.18033339557299,36.02317035773592,2.8557843222954515,123,133
detailed_minus_reference,train,synthetic_regular,False,STEP no-KI,first_strike,-0.01,terms,256,-0.14340992278835826,-0.27895309557448267,-13.390343403351483,13.997806256266184,2.07691759903312,114,142
detailed_minus_reference,train,synthetic_regular,False,STEP no-KI,first_strike,-0.005,terms,256,-0.0796354874992482,-0.1258923111752063,-8.530413653626898,5.686215664381721,1.5420501377946207,114,142
detailed_minus_reference,train,synthetic_regular,False,STEP no-KI,first_strike,0.005,terms,256,-0.14573138862689455,0.0256542639802151,-9.02578454828484,6.393753778235665,1.5212801879335496,130,126
detailed_minus_reference,train,synthetic_regular,False,STEP no-KI,first_strike,0.01,terms,256,-0.10056295675499227,0.0413361916484036,-13.851570643656338,8.854629461769452,2.0131145909046486,132,124
detailed_minus_reference,train,synthetic_regular,False,STEP no-KI,first_strike,0.025,terms,256,-0.21624154285535113,-0.0815389829472419,-30.888986160662604,23.973601057801297,2.669953005714966,126,130
detailed_minus_reference,train,synthetic_regular,False,STEP no-KI,first_strike,0.05,terms,256,0.7704089596083591,0.39475658269223995,-48.61891825466888,40.75572904035501,3.1012322177276337,137,119
detailed_minus_reference,train,synthetic_regular,False,STEP no-KI,last_strike,-0.05,terms,256,-10.679969935624847,-1.3328693440165107,-67.60071496901709,8.427152202703606,2.053028768976041,75,180
detailed_minus_reference,train,synthetic_regular,False,STEP no-KI,last_strike,-0.025,terms,256,-5.2280216344205375,-0.8749552964844429,-33.983899399251115,8.751272331634269,1.6968503262088663,87,168
detailed_minus_reference,train,synthetic_regular,False,STEP no-KI,last_strike,-0.01,terms,256,-1.8636168123422738,-0.3679950117262098,-15.201380959238216,4.9043421461923415,1.3010810572954643,93,162
detailed_minus_reference,train,synthetic_regular,False,STEP no-KI,last_strike,-0.005,terms,256,-0.9166498529597233,-0.36543568431013,-8.518992182118534,4.561662331651143,1.0044670364123938,86,168
detailed_minus_reference,train,synthetic_regular,False,STEP no-KI,last_strike,0.005,terms,256,1.1823728926082837,0.6904554983573845,-4.766161442250878,10.604199161208602,0.9987347575171218,185,70
detailed_minus_reference,train,synthetic_regular,False,STEP no-KI,last_strike,0.01,terms,256,2.2618827272248856,0.8408680741596816,-3.5715721933512534,14.7503314485871,1.2815952898675784,187,68
detailed_minus_reference,train,synthetic_regular,False,STEP no-KI,last_strike,0.025,terms,256,5.125535099268871,1.1641064213269545,-7.412295425877836,35.77200943674836,1.6159256887882947,190,65
detailed_minus_reference,train,synthetic_regular,False,STEP no-KI,last_strike,0.05,terms,256,9.55787142555051,1.1714493080813673,-10.405672753660514,66.7875278424563,1.8685947146436064,178,77
detailed_minus_reference,validation,synthetic_monthly,True,LIZARD no-KI,base,0.0,terms,43,0.0,0.0,0.0,0.0,0.0,0,0
detailed_minus_reference,validation,synthetic_monthly,True,LIZARD no-KI,coupon_regular,-0.01,terms,43,-4.441574320210509,0.3998799848746855,-12.027632534842194,1.8398176759821363,0.24097985082433462,23,20
detailed_minus_reference,validation,synthetic_monthly,True,LIZARD no-KI,coupon_regular,-0.005,terms,43,-2.2207595548377017,0.1999207550382163,-6.013926372100841,0.9202850327066784,0.12048994562372467,23,20
detailed_minus_reference,validation,synthetic_monthly,True,LIZARD no-KI,coupon_regular,-0.0025,terms,43,-1.110426373003382,0.0991131570981735,-3.0065964535713565,0.4606392763641932,0.06024504108050774,23,20
detailed_minus_reference,validation,synthetic_monthly,True,LIZARD no-KI,coupon_regular,-0.001,terms,43,-0.44413202450167705,0.0391712151778039,-1.2029580206009691,0.1847227785023983,0.02409814324901105,23,20
detailed_minus_reference,validation,synthetic_monthly,True,LIZARD no-KI,coupon_regular,0.001,terms,43,0.4440678150515113,-0.0400522314336318,-0.1838157150192964,1.2028375000097986,0.024097957401277764,20,23
detailed_minus_reference,validation,synthetic_monthly,True,LIZARD no-KI,coupon_regular,0.0025,terms,43,1.1103447243431235,-0.1004409893192039,-0.4587879560986474,3.007252641107699,0.060244890673577814,20,23
detailed_minus_reference,validation,synthetic_monthly,True,LIZARD no-KI,coupon_regular,0.005,terms,43,2.2207031598338443,-0.2007341796252766,-0.9194365903918552,6.013812616636959,0.1204899224501656,20,23
detailed_minus_reference,validation,synthetic_monthly,True,LIZARD no-KI,coupon_regular,0.01,terms,43,4.441518022237338,-0.4006549346634858,-1.8389598757381096,12.027625233273826,0.24097983528748032,20,23
detailed_minus_reference,validation,synthetic_monthly,True,LIZARD no-KI,first_strike,-0.05,terms,43,-24.309941834344478,-13.430476313655332,-46.78336448087519,-4.286662381922371,1.9102333757672842,0,43
detailed_minus_reference,validation,synthetic_monthly,True,LIZARD no-KI,first_strike,-0.025,terms,43,-13.858804193760232,-8.968216171455946,-27.314071715625467,-2.172560497899919,1.694309009790902,0,43
detailed_minus_reference,validation,synthetic_monthly,True,LIZARD no-KI,first_strike,-0.01,terms,43,-5.700863401844885,-4.453257959771189,-11.136073138279537,0.2035937839758996,1.3723011343825176,1,42
detailed_minus_reference,validation,synthetic_monthly,True,LIZARD no-KI,first_strike,-0.005,terms,43,-2.906432867802626,-3.41990167712399,-6.625934349694602,0.4988187352307824,1.0551346699809656,3,40
detailed_minus_reference,validation,synthetic_monthly,True,LIZARD no-KI,first_strike,0.005,terms,43,2.956263608748559,2.6767053802802594,-0.3203546189034209,6.39082496761506,1.04132579626294,42,1
detailed_minus_reference,validation,synthetic_monthly,True,LIZARD no-KI,first_strike,0.01,terms,43,6.101680592581019,4.94933226520335,-0.6141474015495854,11.70423833109114,1.2992610818147852,42,1
detailed_minus_reference,validation,synthetic_monthly,True,LIZARD no-KI,first_strike,0.025,terms,43,15.647136832504723,11.133484614430918,4.832806287843047,28.07411031754709,1.5635666206943595,43,0
detailed_minus_reference,validation,synthetic_monthly,True,LIZARD no-KI,first_strike,0.05,terms,43,31.08211149258551,22.299953660783174,10.998426068300173,51.36253999709626,1.665125699121949,43,0
detailed_minus_reference,validation,synthetic_monthly,True,LIZARD no-KI,last_strike,-0.05,terms,43,-21.328084466876412,-19.17255065052014,-41.834116909502896,-13.795167834931148,1.989016649829403,0,43
detailed_minus_reference,validation,synthetic_monthly,True,LIZARD no-KI,last_strike,-0.025,terms,43,-10.974493098072758,-9.49540582120562,-21.756979737210884,-6.56898540988294,1.8114987575708548,0,43
detailed_minus_reference,validation,synthetic_monthly,True,LIZARD no-KI,last_strike,-0.01,terms,43,-4.616883383376864,-4.238490064522569,-10.320323623187564,-1.1393714804310715,1.5647170356710693,0,43
detailed_minus_reference,validation,synthetic_monthly,True,LIZARD no-KI,last_strike,-0.005,terms,43,-2.146094619667434,-1.972725472452452,-5.695996676602622,0.0264814559312731,1.2474590149747768,1,42
detailed_minus_reference,validation,synthetic_monthly,True,LIZARD no-KI,last_strike,0.005,terms,43,2.1263661090342394,1.9405723555401373,-0.9158983313776768,4.4893768824426274,1.2414001788143967,40,3
detailed_minus_reference,validation,synthetic_monthly,True,LIZARD no-KI,last_strike,0.01,terms,43,4.335405801136374,4.272306153189272,0.9932332902709576,7.521531419111172,1.564055597303725,43,0
detailed_minus_reference,validation,synthetic_monthly,True,LIZARD no-KI,last_strike,0.025,terms,43,11.570137127435641,11.303045463728385,6.762392750131518,19.862059318086025,1.830111408202548,43,0
detailed_minus_reference,validation,synthetic_monthly,True,LIZARD no-KI,last_strike,0.05,terms,43,23.501433565048895,21.26491866573304,15.63761199857262,39.51596927601108,2.0421346225732195,43,0
detailed_minus_reference,validation,synthetic_monthly,True,LIZARD no-KI,monthly_barrier,-0.05,terms,43,26.57836242773519,26.41207730688989,15.02101869013486,43.2684039191775,0.4152133314709117,43,0
detailed_minus_reference,validation,synthetic_monthly,True,LIZARD no-KI,monthly_barrier,-0.025,terms,43,14.048933265336483,14.049480772636189,7.960080683471594,22.874076343499745,0.23430372988694556,43,0
detailed_minus_reference,validation,synthetic_monthly,True,LIZARD no-KI,monthly_barrier,-0.01,terms,43,5.817090809070938,5.800355574820433,3.3086019766989025,9.46525031682401,0.115228215770758,43,0
detailed_minus_reference,validation,synthetic_monthly,True,LIZARD no-KI,monthly_barrier,-0.005,terms,43,2.9404049008849276,2.9566381549907885,1.6474001301591408,4.771643509556192,0.07121797236444913,43,0
detailed_minus_reference,validation,synthetic_monthly,True,LIZARD no-KI,monthly_barrier,0.005,terms,43,-3.005790083911314,-3.023472774942052,-4.839963575727696,-1.83910235533284,0.0720506874762935,0,43
detailed_minus_reference,validation,synthetic_monthly,True,LIZARD no-KI,monthly_barrier,0.01,terms,43,-6.091196025000173,-6.127355463679348,-9.900692410049384,-3.7094661489351015,0.11782923698111956,0,43
detailed_minus_reference,validation,synthetic_monthly,True,LIZARD no-KI,monthly_barrier,0.025,terms,43,-15.720302979498278,-15.791797412885815,-25.23959708164842,-9.580943942754786,0.2486260335975978,0,43
detailed_minus_reference,validation,synthetic_monthly,True,LIZARD no-KI,monthly_barrier,0.05,terms,43,-33.094483021800905,-33.425813720711176,-52.46644378692238,-20.687259097632868,0.46481717087083735,0,43
detailed_minus_reference,validation,synthetic_monthly,True,STEP KI,base,0.0,terms,43,0.0,0.0,0.0,0.0,0.0,0,0
detailed_minus_reference,validation,synthetic_monthly,True,STEP KI,coupon_regular,-0.01,terms,43,-35.822038368243895,-37.79555893027396,-65.62962297783199,-10.281971371817251,0.4297272907458645,0,43
detailed_minus_reference,validation,synthetic_monthly,True,STEP KI,coupon_regular,-0.005,terms,43,-17.91098991477593,-18.89751052897916,-32.81488286547822,-5.141167420470206,0.21486372146496985,0,43
detailed_minus_reference,validation,synthetic_monthly,True,STEP KI,coupon_regular,-0.0025,terms,43,-8.955494364113838,-9.449003875463502,-16.407344619895234,-2.5704887302339494,0.10743189495026605,0,43
detailed_minus_reference,validation,synthetic_monthly,True,STEP KI,coupon_regular,-0.001,terms,43,-3.5820995418645505,-3.779222214304213,-6.562629399881697,-1.02781269914351,0.04297289279019113,0,43
detailed_minus_reference,validation,synthetic_monthly,True,STEP KI,coupon_regular,0.001,terms,43,3.582239762484397,3.779543066107708,1.0285166299989503,6.56346207676849,0.04297266160258169,43,0
detailed_minus_reference,validation,synthetic_monthly,True,STEP KI,coupon_regular,0.0025,terms,43,8.955536223901483,9.44891738912359,2.571337232155211,16.40793288793586,0.10743175855994172,43,0
detailed_minus_reference,validation,synthetic_monthly,True,STEP KI,coupon_regular,0.005,terms,43,17.911027765111573,18.89757397812472,5.141568678939396,32.81509917073342,0.2148636396966201,43,0
detailed_minus_reference,validation,synthetic_monthly,True,STEP KI,coupon_regular,0.01,terms,43,35.822129990979036,37.79527822219987,10.282618320631116,65.63024092898584,0.42972715236757375,43,0
detailed_minus_reference,validation,synthetic_monthly,True,STEP KI,first_strike,-0.05,terms,43,-37.67399745380838,-36.004857207055814,-76.3617874604806,-8.51706736928653,2.8946667275672677,0,43
detailed_minus_reference,validation,synthetic_monthly,True,STEP KI,first_strike,-0.025,terms,43,-17.203632708784,-17.164803562041385,-43.559945400731664,-4.222883358583269,2.37489619242302,0,43
detailed_minus_reference,validation,synthetic_monthly,True,STEP KI,first_strike,-0.01,terms,43,-6.079562140445077,-5.849398475965384,-15.648194649128744,1.922609851545937,1.6742849857317548,1,42
detailed_minus_reference,validation,synthetic_monthly,True,STEP KI,first_strike,-0.005,terms,43,-3.0962453366779257,-2.8213928168234546,-8.949369261236885,1.1943706724446108,1.2251225711232612,2,41
detailed_minus_reference,validation,synthetic_monthly,True,STEP KI,first_strike,0.005,terms,43,2.57724829608716,2.37453670459991,0.1374549695928145,5.691895454532883,1.1783632031760047,43,0
detailed_minus_reference,validation,synthetic_monthly,True,STEP KI,first_strike,0.01,terms,43,5.299426894717035,5.106356034634337,-1.2001750899984671,12.168484447221678,1.5841957906471038,42,1
detailed_minus_reference,validation,synthetic_monthly,True,STEP KI,first_strike,0.025,terms,43,13.196126108296037,12.358090903627067,3.6320374093896697,33.55897330159354,2.0956050024320816,43,0
detailed_minus_reference,validation,synthetic_monthly,True,STEP KI,first_strike,0.05,terms,43,23.205575361010002,21.55430899292076,6.250434645971534,67.39343675897733,2.2851289373277965,43,0
detailed_minus_reference,validation,synthetic_monthly,True,STEP KI,ki_barrier,-0.05,terms,43,-1.1799460377353765,-0.8171152658463865,-4.901460210666766,1.3111285451951291,1.101630397817475,8,35
detailed_minus_reference,validation,synthetic_monthly,True,STEP KI,ki_barrier,-0.025,terms,43,-0.5986165215984931,-0.3508810633449491,-2.795268887014385,0.7484909870734725,0.8332102172949888,10,33
detailed_minus_reference,validation,synthetic_monthly,True,STEP KI,ki_barrier,-0.01,terms,43,-0.2599356429822718,-0.1698493036331159,-2.1353606749582896,0.7246016867562433,0.5777345127043793,13,29
detailed_minus_reference,validation,synthetic_monthly,True,STEP KI,ki_barrier,-0.005,terms,43,-0.10550465756987709,-0.146201632915165,-1.1256497056577142,0.6002839809656284,0.4378901731745975,17,25
detailed_minus_reference,validation,synthetic_monthly,True,STEP KI,ki_barrier,0.005,terms,43,0.1073729685576327,0.0976857282681648,-0.752618151501857,0.820001920900242,0.4331881311696582,27,15
detailed_minus_reference,validation,synthetic_monthly,True,STEP KI,ki_barrier,0.01,terms,43,0.33430332347890174,0.3288565452609001,-0.7365020332817087,1.6124908303920524,0.5673852689483375,30,13
detailed_minus_reference,validation,synthetic_monthly,True,STEP KI,ki_barrier,0.025,terms,43,0.6503658801196088,0.5535931866309332,-0.925385252825464,2.6449106609518944,0.8068478335543763,33,10
detailed_minus_reference,validation,synthetic_monthly,True,STEP KI,ki_barrier,0.05,terms,43,1.2686666154054727,1.1307330958982005,-1.0660377475021716,4.991975299442901,1.079571435693513,39,4
detailed_minus_reference,validation,synthetic_monthly,True,STEP KI,last_strike,-0.05,terms,43,-32.024190582933905,-29.896124207531766,-64.42438182736603,-6.775187596857617,1.3878979567466367,0,43
detailed_minus_reference,validation,synthetic_monthly,True,STEP KI,last_strike,-0.025,terms,43,-15.234903453483048,-14.270348610778289,-31.74223614929044,-3.9831174408594863,1.0301173657914051,0,43
detailed_minus_reference,validation,synthetic_monthly,True,STEP KI,last_strike,-0.01,terms,43,-5.878103646413809,-5.241066654177892,-13.375154672491842,-2.09127942456724,0.7035853612538878,0,43
detailed_minus_reference,validation,synthetic_monthly,True,STEP KI,last_strike,-0.005,terms,43,-2.9256273132151547,-2.7286654192143867,-6.164143994450569,-1.0923701297198525,0.5181527971829107,0,43
detailed_minus_reference,validation,synthetic_monthly,True,STEP KI,last_strike,0.005,terms,43,2.8838921620838827,2.917600185882015,0.1769369714234709,6.607178931349408,0.5016843810250161,43,0
detailed_minus_reference,validation,synthetic_monthly,True,STEP KI,last_strike,0.01,terms,43,5.512475062378536,5.167391882549686,-0.4261731377664602,13.214496677034983,0.6616535679658195,42,1
detailed_minus_reference,validation,synthetic_monthly,True,STEP KI,last_strike,0.025,terms,43,12.992304969161644,12.60613953953358,1.5853794937883965,32.47391065871477,0.9174042352068607,43,0
detailed_minus_reference,validation,synthetic_monthly,True,STEP KI,last_strike,0.05,terms,43,23.808702212664624,23.43529089282876,4.6327183540473,61.45853447659312,1.1339961244208356,43,0
detailed_minus_reference,validation,synthetic_monthly,True,STEP KI,monthly_barrier,-0.05,terms,43,27.626257075442208,23.53014121395388,0.1766045738040179,101.59577595969938,0.37036857798520184,43,0
detailed_minus_reference,validation,synthetic_monthly,True,STEP KI,monthly_barrier,-0.025,terms,43,14.66898709013924,12.7692641455963,0.111254057144483,50.607517704248586,0.2137189120901997,43,0
detailed_minus_reference,validation,synthetic_monthly,True,STEP KI,monthly_barrier,-0.01,terms,43,6.087408946435817,5.390619612519201,0.043589037336526,20.158464640188303,0.1074422022458341,43,0
detailed_minus_reference,validation,synthetic_monthly,True,STEP KI,monthly_barrier,-0.005,terms,43,3.075455775852141,2.731576100455796,0.0187734940512689,10.111134362213637,0.06722916193921286,43,0
detailed_minus_reference,validation,synthetic_monthly,True,STEP KI,monthly_barrier,0.005,terms,43,-3.1423415684979705,-2.847242861312841,-9.77184169824078,-0.0352973804829306,0.06793196545966215,0,43
detailed_minus_reference,validation,synthetic_monthly,True,STEP KI,monthly_barrier,0.01,terms,43,-6.380587331931048,-5.708162893356674,-20.15557407637909,-0.0865133926200316,0.11046334505378565,0,43
detailed_minus_reference,validation,synthetic_monthly,True,STEP KI,monthly_barrier,0.025,terms,43,-16.50345206197578,-15.026838895438557,-50.402719514842886,-0.2843241626135712,0.230015381535933,0,43
detailed_minus_reference,validation,synthetic_monthly,True,STEP KI,monthly_barrier,0.05,terms,43,-34.86190981125129,-32.88334128112338,-100.63108518985216,-0.7246387215536239,0.4269508197065171,0,43
detailed_minus_reference,validation,synthetic_monthly,True,STEP no-KI,base,0.0,terms,42,0.0,0.0,0.0,0.0,0.0,0,0
detailed_minus_reference,validation,synthetic_monthly,True,STEP no-KI,coupon_regular,-0.01,terms,42,-14.095961551148704,-11.58587206189117,-37.60460097230381,-0.8990092798615024,0.3031361918106624,0,42
detailed_minus_reference,validation,synthetic_monthly,True,STEP no-KI,coupon_regular,-0.005,terms,42,-7.047942385570805,-5.792679187080978,-18.8024044217516,-0.449161615200119,0.1515681748299762,0,42
detailed_minus_reference,validation,synthetic_monthly,True,STEP no-KI,coupon_regular,-0.0025,terms,42,-3.523903885304702,-2.8963196259843316,-9.400793799850373,-0.2246963512038721,0.0757841564668213,0,42
detailed_minus_reference,validation,synthetic_monthly,True,STEP no-KI,coupon_regular,-0.001,terms,42,-1.4096034333387522,-1.1585499368951298,-3.7603668129814287,-0.0897272877350671,0.030313604690876912,0,42
detailed_minus_reference,validation,synthetic_monthly,True,STEP no-KI,coupon_regular,0.001,terms,42,1.4096923414716727,1.1592676960268746,0.0898996047635914,3.7603166556721335,0.030313498639503944,42,0
detailed_minus_reference,validation,synthetic_monthly,True,STEP no-KI,coupon_regular,0.0025,terms,42,3.5240444046737713,2.8969155383211254,0.2244785558315276,9.401129463406324,0.07578395874731085,42,0
detailed_minus_reference,validation,synthetic_monthly,True,STEP no-KI,coupon_regular,0.005,terms,42,7.048039106169666,5.793024357578066,0.4494320116710524,18.80255480426968,0.15156804264999554,42,0
detailed_minus_reference,validation,synthetic_monthly,True,STEP no-KI,coupon_regular,0.01,terms,42,14.095983599899862,11.585916646164016,0.8990962728405706,37.605159765848434,0.3031360870188543,42,0
detailed_minus_reference,validation,synthetic_monthly,True,STEP no-KI,first_strike,-0.05,terms,42,-21.27090566826741,-19.278488901055947,-45.25716975555148,-2.151726678965721,2.8479381265407433,0,42
detailed_minus_reference,validation,synthetic_monthly,True,STEP no-KI,first_strike,-0.025,terms,42,-10.069771756605704,-9.416868071724842,-22.70588151094044,-0.6174899591733214,2.4056660751861965,0,42
detailed_minus_reference,validation,synthetic_monthly,True,STEP no-KI,first_strike,-0.01,terms,42,-3.5813270394878733,-3.658252947203926,-7.8952915257299185,0.3660760432369919,1.7347248926680905,1,41
detailed_minus_reference,validation,synthetic_monthly,True,STEP no-KI,first_strike,-0.005,terms,42,-1.5653580256101487,-1.534805929735161,-5.059172255505151,1.1207633797078125,1.2885852145669783,6,36
detailed_minus_reference,validation,synthetic_monthly,True,STEP no-KI,first_strike,0.005,terms,42,2.219758365107412,1.9346718883557568,-0.6132400548190103,6.246709620809812,1.2559144241245692,37,5
detailed_minus_reference,validation,synthetic_monthly,True,STEP no-KI,first_strike,0.01,terms,42,3.8130129915750492,3.351690277961227,-0.0346141887182435,10.089654453031528,1.6613386911620776,41,1
detailed_minus_reference,validation,synthetic_monthly,True,STEP no-KI,first_strike,0.025,terms,42,8.092691120761572,6.362261260948254,0.5123297521636806,19.06251605567237,2.1541259718912182,42,0
detailed_minus_reference,validation,synthetic_monthly,True,STEP no-KI,first_strike,0.05,terms,42,14.77153880820853,13.33660792201841,0.7140171312704893,33.72896159367181,2.3330041809666437,42,0
detailed_minus_reference,validation,synthetic_monthly,True,STEP no-KI,last_strike,-0.05,terms,42,-38.3504535457119,-33.72215372618935,-94.81121858858558,-3.85594877659072,2.5014881409508627,0,42
detailed_minus_reference,validation,synthetic_monthly,True,STEP no-KI,last_strike,-0.025,terms,42,-19.29549464280088,-17.116694470511526,-47.201813672840416,-2.2803840264420714,2.1510491526518334,0,42
detailed_minus_reference,validation,synthetic_monthly,True,STEP no-KI,last_strike,-0.01,terms,42,-7.445236806827629,-6.3358751050919935,-21.77310189722085,-1.002653169637152,1.6932164045951146,0,42
detailed_minus_reference,validation,synthetic_monthly,True,STEP no-KI,last_strike,-0.005,terms,42,-3.8186263520417376,-3.0730435259406392,-12.241964400011875,-1.190006207995692,1.3041932547996955,0,42
detailed_minus_reference,validation,synthetic_monthly,True,STEP no-KI,last_strike,0.005,terms,42,3.711319782208135,3.360232772691325,0.7558173794657309,9.964486893537227,1.3057899066014647,42,0
detailed_minus_reference,validation,synthetic_monthly,True,STEP no-KI,last_strike,0.01,terms,42,7.218037332840143,6.533189057649928,1.543397272551525,19.53398315090605,1.6503025058556173,42,0
detailed_minus_reference,validation,synthetic_monthly,True,STEP no-KI,last_strike,0.025,terms,42,18.341248647041454,16.693942830644442,2.465898858297023,49.55613373694182,2.0465423294308533,42,0
detailed_minus_reference,validation,synthetic_monthly,True,STEP no-KI,last_strike,0.05,terms,42,35.992115070348504,31.00548347471955,7.184198152752518,95.18441618233074,2.3250112644847953,42,0
detailed_minus_reference,validation,synthetic_monthly,True,STEP no-KI,monthly_barrier,-0.05,terms,42,30.80318891676982,25.46511362160282,5.210629511399972,77.858612995891,0.44219882145747913,42,0
detailed_minus_reference,validation,synthetic_monthly,True,STEP no-KI,monthly_barrier,-0.025,terms,42,16.49222485473261,14.0603146935627,3.0239773255424662,39.05346857797571,0.2529578340413364,42,0
detailed_minus_reference,validation,synthetic_monthly,True,STEP no-KI,monthly_barrier,-0.01,terms,42,6.8898695060680994,5.900333529756331,1.327572925051094,15.668989601103764,0.12486951223441352,42,0
detailed_minus_reference,validation,synthetic_monthly,True,STEP no-KI,monthly_barrier,-0.005,terms,42,3.49027042895504,3.0576739494530374,0.6980196783011405,7.777087454123993,0.07722315582174523,42,0
detailed_minus_reference,validation,synthetic_monthly,True,STEP no-KI,monthly_barrier,0.005,terms,42,-3.5890498542331595,-3.1538721608024494,-7.916589413113596,-0.7113764607167344,0.07850914493455277,0,42
detailed_minus_reference,validation,synthetic_monthly,True,STEP no-KI,monthly_barrier,0.01,terms,42,-7.251877029871862,-6.393164505148986,-15.707513089471178,-1.4715608643519678,0.12866754815994466,0,42
detailed_minus_reference,validation,synthetic_monthly,True,STEP no-KI,monthly_barrier,0.025,terms,42,-18.82626200646041,-16.835395104136026,-39.24901671864235,-4.070625110510033,0.2727087106574578,0,42
detailed_minus_reference,validation,synthetic_monthly,True,STEP no-KI,monthly_barrier,0.05,terms,42,-40.075827319107276,-36.67086028054359,-79.05395388776502,-9.761529327406365,0.5135814588866123,0,42
detailed_minus_reference,validation,synthetic_regular,False,LIZARD KI,base,0.0,terms,32,0.0,0.0,0.0,0.0,0.0,0,0
detailed_minus_reference,validation,synthetic_regular,False,LIZARD KI,coupon_regular,-0.01,terms,32,-0.39656793331592266,-0.3400711655990471,-13.23094429940024,11.68445239524464,0.17734716838261927,10,22
detailed_minus_reference,validation,synthetic_regular,False,LIZARD KI,coupon_regular,-0.005,terms,32,-0.19808409645153457,-0.16964482965006744,-6.616009276956632,5.842394178413034,0.08867360866886234,10,22
detailed_minus_reference,validation,synthetic_regular,False,LIZARD KI,coupon_regular,-0.0025,terms,32,-0.09910789040341778,-0.0849139824598111,-3.3077079116542416,2.920988115322103,0.044336856813562364,10,22
detailed_minus_reference,validation,synthetic_regular,False,LIZARD KI,coupon_regular,-0.001,terms,32,-0.03965612501444382,-0.0339424604214139,-1.323168238370987,1.1684102545789652,0.01773475858377833,10,22
detailed_minus_reference,validation,synthetic_regular,False,LIZARD KI,coupon_regular,0.001,terms,32,0.03976219241134764,0.0341592574159114,-1.1681564281975323,1.3234422707262523,0.017734608940422853,22,10
detailed_minus_reference,validation,synthetic_regular,False,LIZARD KI,coupon_regular,0.0025,terms,32,0.09913460399461435,0.08513028771596509,-2.921236130247886,3.3079856096963387,0.044336709865392794,22,10
detailed_minus_reference,validation,synthetic_regular,False,LIZARD KI,coupon_regular,0.005,terms,32,0.19826130152631155,0.16984465422080558,-5.842425798675629,6.6151466785384265,0.0886734981760531,22,10
detailed_minus_reference,validation,synthetic_regular,False,LIZARD KI,coupon_regular,0.01,terms,32,0.3965054108375691,0.33976563219010025,-11.684629748863545,13.230560296477217,0.1773470659624819,22,10
detailed_minus_reference,validation,synthetic_regular,False,LIZARD KI,first_strike,-0.05,terms,32,-7.4005585873364375,-1.6071009313261515,-61.49054186836607,13.294365115277923,1.8879340242795557,6,26
detailed_minus_reference,validation,synthetic_regular,False,LIZARD KI,first_strike,-0.025,terms,32,-3.4289285509828624,-0.8739236649046841,-27.287391026219836,7.684295739586731,1.4289578703286634,10,22
detailed_minus_reference,validation,synthetic_regular,False,LIZARD KI,first_strike,-0.01,terms,32,-1.1498125496644038,-0.1409899110618345,-10.430058202115976,2.971984281907315,0.9451861752677787,12,20
detailed_minus_reference,validation,synthetic_regular,False,LIZARD KI,first_strike,-0.005,terms,32,-0.6754136086913368,-0.0546034512548283,-5.637970534699033,3.885481694464699,0.6732730999954646,13,19
detailed_minus_reference,validation,synthetic_regular,False,LIZARD KI,first_strike,0.005,terms,32,0.6694162929817733,0.0738378621017877,-2.697080137776864,5.676528909609035,0.6691517492433173,21,11
detailed_minus_reference,validation,synthetic_regular,False,LIZARD KI,first_strike,0.01,terms,32,1.534329272127759,0.25583559129418754,-3.637761425122543,11.497952253453846,0.9091849178287505,23,9
detailed_minus_reference,validation,synthetic_regular,False,LIZARD KI,first_strike,0.025,terms,32,2.6944378761812873,0.4900878684477396,-8.666489371032164,25.595338994712627,1.2512338627491908,23,9
detailed_minus_reference,validation,synthetic_regular,False,LIZARD KI,first_strike,0.05,terms,32,3.8967385764674507,0.25047345894391615,-15.464254027953796,48.67339368047508,1.5049459128864964,21,11
detailed_minus_reference,validation,synthetic_regular,False,LIZARD KI,ki_barrier,-0.05,terms,32,5.8528738862170835,0.26198694948604767,-44.25883334448363,111.97102210137189,1.0286100181562823,19,9
detailed_minus_reference,validation,synthetic_regular,False,LIZARD KI,ki_barrier,-0.025,terms,32,2.8120367201204974,0.1119894376418122,-22.975803157100867,52.60282437706962,0.7230960129208627,19,8
detailed_minus_reference,validation,synthetic_regular,False,LIZARD KI,ki_barrier,-0.01,terms,32,1.0461685064436095,0.018857936677275047,-8.937278468535908,18.76180318272737,0.45221191748894474,17,8
detailed_minus_reference,validation,synthetic_regular,False,LIZARD KI,ki_barrier,-0.005,terms,32,0.6148682159216816,0.0,-4.07251797784788,8.966593864072541,0.3157733812084084,15,8
detailed_minus_reference,validation,synthetic_regular,False,LIZARD KI,ki_barrier,0.005,terms,32,-0.4423869052773955,0.0,-8.378022788026373,3.721811569474453,0.30792487289611137,9,14
detailed_minus_reference,validation,synthetic_regular,False,LIZARD KI,ki_barrier,0.01,terms,32,-0.9362370481562173,-0.030368454084281498,-17.24558526928284,7.353648105029169,0.44002841062523246,9,17
detailed_minus_reference,validation,synthetic_regular,False,LIZARD KI,ki_barrier,0.025,terms,32,-2.438681941372483,-0.0586840670283803,-41.92775972170202,20.80581987293933,0.6674382734542813,10,17
detailed_minus_reference,validation,synthetic_regular,False,LIZARD KI,ki_barrier,0.05,terms,32,-4.033316479859458,-0.0755826572761461,-78.63104908368896,41.401265854010006,0.88780713259758,11,17
detailed_minus_reference,validation,synthetic_regular,False,LIZARD KI,last_strike,-0.05,terms,32,-11.765387468421412,-6.027809447852531,-76.176264764011,1.0275364409965004,1.184393442450295,3,29
detailed_minus_reference,validation,synthetic_regular,False,LIZARD KI,last_strike,-0.025,terms,32,-5.978002734940185,-3.02729526747582,-40.20091621675526,0.3348091235404341,0.9392893105312392,2,30
detailed_minus_reference,validation,synthetic_regular,False,LIZARD KI,last_strike,-0.01,terms,32,-2.341055570924181,-1.6259699480650307,-16.53942392225558,0.9485339611827158,0.6646627291960713,4,27
detailed_minus_reference,validation,synthetic_regular,False,LIZARD KI,last_strike,-0.005,terms,32,-1.1621098013827127,-0.5546497910009438,-8.119784520321398,1.428205194008818,0.49312030272495927,3,27
detailed_minus_reference,validation,synthetic_regular,False,LIZARD KI,last_strike,0.005,terms,32,1.2287504343260083,0.6763814899360829,-2.0064140667751964,9.433523143829785,0.467400952755901,26,2
detailed_minus_reference,validation,synthetic_regular,False,LIZARD KI,last_strike,0.01,terms,32,2.3100372116538423,1.192782151903361,-2.453619262916378,19.359728535451588,0.6103463798924695,27,2
detailed_minus_reference,validation,synthetic_regular,False,LIZARD KI,last_strike,0.025,terms,32,5.6492034519278365,2.9050344046779366,-1.4814410876839896,48.00810557572767,0.8442229001392503,26,5
detailed_minus_reference,validation,synthetic_regular,False,LIZARD KI,last_strike,0.05,terms,32,11.357697002272062,5.19614737067121,-0.4969725144081126,102.3742900431348,0.9935886920659671,28,3
detailed_minus_reference,validation,synthetic_regular,False,LIZARD no-KI,base,0.0,terms,32,0.0,0.0,0.0,0.0,0.0,0,0
detailed_minus_reference,validation,synthetic_regular,False,LIZARD no-KI,coupon_regular,-0.01,terms,32,3.527288206628832,0.701566397136778,-1.560272536143863,24.69298360875853,0.17041924842144957,26,6
detailed_minus_reference,validation,synthetic_regular,False,LIZARD no-KI,coupon_regular,-0.005,terms,32,1.7636816861382163,0.3509507770268576,-0.7806149678762839,12.346299296277282,0.08520961241100158,25,7
detailed_minus_reference,validation,synthetic_regular,False,LIZARD no-KI,coupon_regular,-0.0025,terms,32,0.8817921530593942,0.1756966558560885,-0.3898278304594734,6.173270392247584,0.04260489994006984,25,7
detailed_minus_reference,validation,synthetic_regular,False,LIZARD no-KI,coupon_regular,-0.001,terms,32,0.3528349796550888,0.07027083327221055,-0.1559318474395266,2.4692851673878597,0.01704192458600172,25,7
detailed_minus_reference,validation,synthetic_regular,False,LIZARD no-KI,coupon_regular,0.001,terms,32,-0.35269957745985814,-0.07012946595619529,-2.46952340715278,0.1559312811954011,0.017041921795034908,6,26
detailed_minus_reference,validation,synthetic_regular,False,LIZARD no-KI,coupon_regular,0.0025,terms,32,-0.8818616739612578,-0.17525681828133,-6.173056888410648,0.3898296484011387,0.04260469959976401,6,26
detailed_minus_reference,validation,synthetic_regular,False,LIZARD no-KI,coupon_regular,0.005,terms,32,-1.7635543515249703,-0.3507002140015289,-12.346497332710133,0.7796564357813281,0.08520952894753347,6,26
detailed_minus_reference,validation,synthetic_regular,False,LIZARD no-KI,coupon_regular,0.01,terms,32,-3.527239771801182,-0.7014283378783195,-24.692846905505327,1.5583548461051815,0.17041918819603838,6,26
detailed_minus_reference,validation,synthetic_regular,False,LIZARD no-KI,first_strike,-0.05,terms,32,-3.51869411923039,-0.7980686717482883,-31.5898046753836,19.982905375868445,2.3732467456372928,13,19
detailed_minus_reference,validation,synthetic_regular,False,LIZARD no-KI,first_strike,-0.025,terms,32,-0.8516932331562146,-0.20771903219536195,-14.781965335733911,8.569376741243598,1.7489558806534888,13,19
detailed_minus_reference,validation,synthetic_regular,False,LIZARD no-KI,first_strike,-0.01,terms,32,-0.17681967411114674,-0.02281606214365655,-5.079060342718907,3.939567327902175,1.1733362713807158,16,16
detailed_minus_reference,validation,synthetic_regular,False,LIZARD no-KI,first_strike,-0.005,terms,32,-0.04050528248104872,0.06610422074767776,-3.576289843283125,1.9910013311120407,0.8417737432652341,17,15
detailed_minus_reference,validation,synthetic_regular,False,LIZARD no-KI,first_strike,0.005,terms,32,0.014180699704208995,0.03207404246870125,-3.833564265674831,3.008706571299915,0.8243515088672959,18,14
detailed_minus_reference,validation,synthetic_regular,False,LIZARD no-KI,first_strike,0.01,terms,32,0.1645475775227462,0.0342249345614107,-4.185800606569957,4.537181266063702,1.0939779302214325,17,15
detailed_minus_reference,validation,synthetic_regular,False,LIZARD no-KI,first_strike,0.025,terms,32,0.6775473295870555,0.1651752520725545,-9.692763992467974,9.27853837365444,1.4874947237744998,19,13
detailed_minus_reference,validation,synthetic_regular,False,LIZARD no-KI,first_strike,0.05,terms,32,1.7036661594112004,0.07873328610600525,-20.00387292586984,21.11234207919192,1.7638883415040159,17,15
detailed_minus_reference,validation,synthetic_regular,False,LIZARD no-KI,last_strike,-0.05,terms,32,-15.196862639553894,-5.418066067562998,-76.08254574108082,2.274344582190952,1.9802016385244743,7,25
detailed_minus_reference,validation,synthetic_regular,False,LIZARD no-KI,last_strike,-0.025,terms,32,-6.857704642097543,-2.829153895303979,-34.90410231626481,4.918111660867471,1.6283171613528293,8,24
detailed_minus_reference,validation,synthetic_regular,False,LIZARD no-KI,last_strike,-0.01,terms,32,-2.8780730868897604,-1.2092800849800023,-16.118313788531104,2.154114098133116,1.2419245861699997,7,24
detailed_minus_reference,validation,synthetic_regular,False,LIZARD no-KI,last_strike,-0.005,terms,32,-1.0394507720245587,-0.6047747381485357,-10.723714309015849,3.6576961965286174,0.929223316259311,10,21
detailed_minus_reference,validation,synthetic_regular,False,LIZARD no-KI,last_strike,0.005,terms,32,1.520913794473958,0.948505771737342,-2.37328073385432,8.807641358070688,0.9235140257083496,27,4
detailed_minus_reference,validation,synthetic_regular,False,LIZARD no-KI,last_strike,0.01,terms,32,2.715199419106436,1.096096583349216,-1.852446971984289,16.505770392260004,1.187609961299866,27,4
detailed_minus_reference,validation,synthetic_regular,False,LIZARD no-KI,last_strike,0.025,terms,32,6.869973501286067,2.9678765818420167,-2.9545089766192376,41.45090032007189,1.538292671395531,26,5
detailed_minus_reference,validation,synthetic_regular,False,LIZARD no-KI,last_strike,0.05,terms,32,13.053908678540296,4.48468964740405,-2.1227410359386885,78.47188287837568,1.7761492473237115,27,5
detailed_minus_reference,validation,synthetic_regular,False,STEP KI,base,0.0,terms,32,0.0,0.0,0.0,0.0,0.0,0,0
detailed_minus_reference,validation,synthetic_regular,False,STEP KI,coupon_regular,-0.01,terms,32,-11.362544548665097,-7.85868759243516,-50.29753761027408,8.875837289348137,0.3256265498691714,5,27
detailed_minus_reference,validation,synthetic_regular,False,STEP KI,coupon_regular,-0.005,terms,32,-5.681157038996355,-3.9294806522074053,-25.14917451905282,4.438374843724554,0.16281327887530112,5,27
detailed_minus_reference,validation,synthetic_regular,False,STEP KI,coupon_regular,-0.0025,terms,32,-2.8406626586720773,-1.9647682359782697,-12.57415336751476,2.2188220751919854,0.081406684113803,5,27
detailed_minus_reference,validation,synthetic_regular,False,STEP KI,coupon_regular,-0.001,terms,32,-1.1362430782024397,-0.78521928095684,-5.030021365020679,0.8881794326574911,0.032562696744692934,5,27
detailed_minus_reference,validation,synthetic_regular,False,STEP KI,coupon_regular,0.001,terms,32,1.1363088151407847,0.7862362107025529,-0.8874840848691216,5.029421623085396,0.03256255302192811,27,5
detailed_minus_reference,validation,synthetic_regular,False,STEP KI,coupon_regular,0.0025,terms,32,2.8407740835020516,1.9657953655688924,-2.218259496751286,12.574234876867688,0.0814064606922957,27,5
detailed_minus_reference,validation,synthetic_regular,False,STEP KI,coupon_regular,0.005,terms,32,5.681353013480511,3.9301257979805726,-4.43702229512451,25.148429431192653,0.16281318357971183,27,5
detailed_minus_reference,validation,synthetic_regular,False,STEP KI,coupon_regular,0.01,terms,32,11.362558148302984,7.859595870363673,-8.874350362077534,50.2969638857693,0.3256264417041127,27,5
detailed_minus_reference,validation,synthetic_regular,False,STEP KI,first_strike,-0.05,terms,32,-22.884359442196583,-12.235049859067502,-196.95460483233003,12.300279794595868,2.7056815388803375,2,30
detailed_minus_reference,validation,synthetic_regular,False,STEP KI,first_strike,-0.025,terms,32,-10.937891349169696,-6.147830307100277,-96.683720765902,7.935782665228443,2.1592033613718042,4,28
detailed_minus_reference,validation,synthetic_regular,False,STEP KI,first_strike,-0.01,terms,32,-4.428023902803687,-2.405782039284084,-36.4442098719266,3.9673777578421854,1.5390994975022265,4,28
detailed_minus_reference,validation,synthetic_regular,False,STEP KI,first_strike,-0.005,terms,32,-1.760444519863234,-0.9400920265838559,-17.85292071735818,5.049512026401372,1.13007236869522,8,24
detailed_minus_reference,validation,synthetic_regular,False,STEP KI,first_strike,0.005,terms,32,2.5551460086584137,1.5548874891085525,-3.0583092691272245,18.680884208197213,1.1125542155909764,29,3
detailed_minus_reference,validation,synthetic_regular,False,STEP KI,first_strike,0.01,terms,32,5.015099295583083,2.9722108727022305,-0.7879325096496325,37.323067747699554,1.4771541038949727,30,2
detailed_minus_reference,validation,synthetic_regular,False,STEP KI,first_strike,0.025,terms,32,10.772429794957697,5.737227193832849,-2.493245204502833,82.18388150516837,1.9472004613550165,30,2
detailed_minus_reference,validation,synthetic_regular,False,STEP KI,first_strike,0.05,terms,32,19.23808899725794,11.171189103147999,-5.959455540823358,137.5886755316909,2.2632843300443977,31,1
detailed_minus_reference,validation,synthetic_regular,False,STEP KI,ki_barrier,-0.05,terms,32,21.86890279120038,15.424797221483482,-31.46428310762936,117.94598028006322,1.5803638190884493,27,4
detailed_minus_reference,validation,synthetic_regular,False,STEP KI,ki_barrier,-0.025,terms,32,11.1563814686908,7.315218206488744,-17.613778579376337,61.93726675204413,1.1739671958877578,27,4
detailed_minus_reference,validation,synthetic_regular,False,STEP KI,ki_barrier,-0.01,terms,32,4.4461940740944765,2.5476579868487397,-7.164562026088857,27.7899900608184,0.7877706626128991,27,4
detailed_minus_reference,validation,synthetic_regular,False,STEP KI,ki_barrier,-0.005,terms,32,2.135359769262771,1.2871928617787187,-4.316232034137043,13.147475974410304,0.588870215313861,28,3
detailed_minus_reference,validation,synthetic_regular,False,STEP KI,ki_barrier,0.005,terms,32,-2.181597883695855,-1.2379773333775397,-9.584058239731498,2.867740478811703,0.5824881827665896,4,26
detailed_minus_reference,validation,synthetic_regular,False,STEP KI,ki_barrier,0.01,terms,32,-4.335154029424654,-3.0860841491875934,-20.32186354927556,5.874962860676567,0.8040090071345742,4,27
detailed_minus_reference,validation,synthetic_regular,False,STEP KI,ki_barrier,0.025,terms,32,-11.32333430614544,-6.828383998980465,-60.90377033587481,13.927513437078815,1.211574613836735,4,27
detailed_minus_reference,validation,synthetic_regular,False,STEP KI,ki_barrier,0.05,terms,32,-22.17780670265447,-12.965122638993861,-119.55003341580816,21.90436719049282,1.64990295134827,4,28
detailed_minus_reference,validation,synthetic_regular,False,STEP KI,last_strike,-0.05,terms,32,-29.204329173371057,-23.532873733390254,-87.74861544370651,-0.9339730143547058,1.321836169058355,0,32
detailed_minus_reference,validation,synthetic_regular,False,STEP KI,last_strike,-0.025,terms,32,-14.946133837378973,-12.910206559990836,-42.601092517375946,-0.2547199130058288,0.9907139484622339,0,32
detailed_minus_reference,validation,synthetic_regular,False,STEP KI,last_strike,-0.01,terms,32,-5.9423487862110616,-4.931234618788462,-16.952716144421544,-0.1698132753372192,0.6826642781575873,0,32
detailed_minus_reference,validation,synthetic_regular,False,STEP KI,last_strike,-0.005,terms,32,-3.007772461309279,-2.510852682333308,-8.012705090628426,-0.0849066376686096,0.5026730936119962,0,32
detailed_minus_reference,validation,synthetic_regular,False,STEP KI,last_strike,0.005,terms,32,3.0296992223383663,2.786473055253362,-0.2746193728345273,8.687162930706625,0.49825206221116713,31,1
detailed_minus_reference,validation,synthetic_regular,False,STEP KI,last_strike,0.01,terms,32,6.106131790095132,5.457461112286049,-0.1535136000770697,17.067965984344482,0.6580935565820826,31,1
detailed_minus_reference,validation,synthetic_regular,False,STEP KI,last_strike,0.025,terms,32,15.092997665651538,13.028801352513979,0.3396265506744385,41.39306830412295,0.9187500324637461,32,0
detailed_minus_reference,validation,synthetic_regular,False,STEP KI,last_strike,0.05,terms,32,29.585625938442128,25.968263553654232,0.4245331883430481,82.25365561760358,1.1783686591567002,32,0
detailed_minus_reference,validation,synthetic_regular,False,STEP no-KI,base,0.0,terms,32,0.0,0.0,0.0,0.0,0.0,0,0
detailed_minus_reference,validation,synthetic_regular,False,STEP no-KI,coupon_regular,-0.01,terms,32,2.888996079803089,0.25051392285597823,-0.4861391319637189,14.054786957590508,0.18192934182577075,23,9
detailed_minus_reference,validation,synthetic_regular,False,STEP no-KI,coupon_regular,-0.005,terms,32,1.4445224514961108,0.12541734262605136,-0.243114314169164,7.028176147385894,0.09096466615480323,23,9
detailed_minus_reference,validation,synthetic_regular,False,STEP no-KI,coupon_regular,-0.0025,terms,32,0.7221876324053023,0.06258784524746655,-0.1212958652229697,3.514126772008718,0.045482380621103866,23,9
detailed_minus_reference,validation,synthetic_regular,False,STEP no-KI,coupon_regular,-0.001,terms,32,0.28876225526989996,0.02501119491264115,-0.0483370526018462,1.4058768071030388,0.018193123244063795,23,9
detailed_minus_reference,validation,synthetic_regular,False,STEP no-KI,coupon_regular,0.001,terms,32,-0.28892634685685187,-0.025192989079436297,-1.4048391200412902,0.0490164859462581,0.018192870226738104,9,23
detailed_minus_reference,validation,synthetic_regular,False,STEP no-KI,coupon_regular,0.0025,terms,32,-0.7223309196430997,-0.06282455019324125,-3.513233685815245,0.121807928725399,0.0454822368132064,9,23
detailed_minus_reference,validation,synthetic_regular,False,STEP no-KI,coupon_regular,0.005,terms,32,-1.4445760137199777,-0.1257312355866106,-7.027338225291133,0.2435636735851656,0.09096458168350963,9,23
detailed_minus_reference,validation,synthetic_regular,False,STEP no-KI,coupon_regular,0.01,terms,32,-2.889156978816648,-0.25063989727328895,-14.054550297349897,0.4862581326357132,0.1819292580112711,9,23
detailed_minus_reference,validation,synthetic_regular,False,STEP no-KI,first_strike,-0.05,terms,32,0.687729801144478,0.19627715906332566,-28.83564383651823,63.6496237649289,3.7114281885875373,18,14
detailed_minus_reference,validation,synthetic_regular,False,STEP no-KI,first_strike,-0.025,terms,32,0.5354566303374348,-0.41867677044404195,-14.72881703279372,32.38923633355999,3.0383811906248797,14,18
detailed_minus_reference,validation,synthetic_regular,False,STEP no-KI,first_strike,-0.01,terms,32,-0.4439697188887204,-0.40712505498669627,-7.099991141629014,8.530578547305348,2.1773548826893787,12,20
detailed_minus_reference,validation,synthetic_regular,False,STEP no-KI,first_strike,-0.005,terms,32,-0.3037765857400016,0.11386097896432285,-6.999153016165669,4.092859481578553,1.6271261415623686,18,14
detailed_minus_reference,validation,synthetic_regular,False,STEP no-KI,first_strike,0.005,terms,32,0.334614780973037,0.40767913414002116,-7.090944947789053,3.752844690956312,1.5812871645555409,18,14
detailed_minus_reference,validation,synthetic_regular,False,STEP no-KI,first_strike,0.01,terms,32,-0.18583730138193305,0.34119620621120417,-12.495872507043208,5.611246490509637,2.1270179216702774,19,13
detailed_minus_reference,validation,synthetic_regular,False,STEP no-KI,first_strike,0.025,terms,32,0.6463147951759979,0.05084888972565785,-23.10961613796588,13.088919915883212,2.867767331013642,16,16
detailed_minus_reference,validation,synthetic_regular,False,STEP no-KI,first_strike,0.05,terms,32,2.0687700449509885,0.46348451960155035,-30.349865086939747,32.22743004519083,3.36614624920892,18,14
detailed_minus_reference,validation,synthetic_regular,False,STEP no-KI,last_strike,-0.05,terms,32,-12.24102461284517,-0.5259323709829384,-64.29893426060481,3.2533492844688023,2.2302976899002673,8,24
detailed_minus_reference,validation,synthetic_regular,False,STEP no-KI,last_strike,-0.025,terms,32,-5.754964776816861,-0.45968009027601486,-32.02384033579705,2.747929173156005,1.8401360998990561,12,20
detailed_minus_reference,validation,synthetic_regular,False,STEP no-KI,last_strike,-0.01,terms,32,-2.3664269332319656,-0.15903735152131926,-13.99710106952532,1.8388331185744675,1.4198596126040282,13,19
detailed_minus_reference,validation,synthetic_regular,False,STEP no-KI,last_strike,-0.005,terms,32,-1.0080508905647405,-0.3347776757370155,-7.140716175655999,2.641405089026414,1.0763655534108494,11,21
detailed_minus_reference,validation,synthetic_regular,False,STEP no-KI,last_strike,0.005,terms,32,1.051359809456437,0.5296101255787651,-5.828235093544889,7.238388580591609,1.0935066643579532,23,9
detailed_minus_reference,validation,synthetic_regular,False,STEP no-KI,last_strike,0.01,terms,32,2.24898718871159,0.9053559104159459,-4.082950955361596,13.073211958727857,1.3901281334099567,26,6
detailed_minus_reference,validation,synthetic_regular,False,STEP no-KI,last_strike,0.025,terms,32,6.2024477917012035,1.6994670015156017,-1.3352394408456676,31.46351221150855,1.734403819749712,22,10
detailed_minus_reference,validation,synthetic_regular,False,STEP no-KI,last_strike,0.05,terms,32,11.054085871353935,1.1316515413611299,-2.2079836431730264,61.5979714850222,1.986710377061458,23,9
reference,stress,previous_canonical,False,LIZARD KI,base,0.0,terms,1,0.0,0.0,0.0,0.0,0.0,0,0
reference,stress,previous_canonical,False,LIZARD KI,coupon_regular,-0.01,terms,1,-51.56735176841418,-51.56735176841418,-51.56735176841418,-51.56735176841418,0.1333475807966117,0,1
reference,stress,previous_canonical,False,LIZARD KI,coupon_regular,-0.005,terms,1,-25.78368135293325,-25.78368135293325,-25.78368135293325,-25.78368135293325,0.0666739266925238,0,1
reference,stress,previous_canonical,False,LIZARD KI,coupon_regular,-0.0025,terms,1,-12.891436606645584,-12.891436606645584,-12.891436606645584,-12.891436606645584,0.0333372022511578,0,1
reference,stress,previous_canonical,False,LIZARD KI,coupon_regular,-0.001,terms,1,-5.156675577163696,-5.156675577163696,-5.156675577163696,-5.156675577163696,0.0133345939469308,0,1
reference,stress,previous_canonical,False,LIZARD KI,coupon_regular,0.001,terms,1,5.156761546929677,5.156761546929677,5.156761546929677,5.156761546929677,0.0133346222546187,1,0
reference,stress,previous_canonical,False,LIZARD KI,coupon_regular,0.0025,terms,1,12.892226378122963,12.892226378122963,12.892226378122963,12.892226378122963,0.0333363639276728,1,0
reference,stress,previous_canonical,False,LIZARD KI,coupon_regular,0.005,terms,1,25.78448385000229,25.78448385000229,25.78448385000229,25.78448385000229,0.0666731642339807,1,0
reference,stress,previous_canonical,False,LIZARD KI,coupon_regular,0.01,terms,1,51.56816520293554,51.56816520293554,51.56816520293554,51.56816520293554,0.1333470909133489,1,0
reference,stress,previous_canonical,False,LIZARD KI,first_strike,-0.05,terms,1,-2.9892072454094887,-2.9892072454094887,-2.9892072454094887,-2.9892072454094887,0.7399946510129207,0,1
reference,stress,previous_canonical,False,LIZARD KI,first_strike,-0.025,terms,1,-3.25143205622832,-3.25143205622832,-3.25143205622832,-3.25143205622832,0.479057317037338,0,1
reference,stress,previous_canonical,False,LIZARD KI,first_strike,-0.01,terms,1,-1.807302102446556,-1.807302102446556,-1.807302102446556,-1.807302102446556,0.3027062912712772,0,1
reference,stress,previous_canonical,False,LIZARD KI,first_strike,-0.005,terms,1,-1.0566407392422357,-1.0566407392422357,-1.0566407392422357,-1.0566407392422357,0.2006321039321408,0,1
reference,stress,previous_canonical,False,LIZARD KI,first_strike,0.005,terms,1,1.2123197863499324,1.2123197863499324,1.2123197863499324,1.2123197863499324,0.1987541066922507,1,0
reference,stress,previous_canonical,False,LIZARD KI,first_strike,0.01,terms,1,2.461990016202132,2.461990016202132,2.461990016202132,2.461990016202132,0.2867531187135627,1,0
reference,stress,previous_canonical,False,LIZARD KI,first_strike,0.025,terms,1,7.995823450386524,7.995823450386524,7.995823450386524,7.995823450386524,0.423873981724609,1,0
reference,stress,previous_canonical,False,LIZARD KI,first_strike,0.05,terms,1,20.713974530498184,20.713974530498184,20.713974530498184,20.713974530498184,0.5636413016725496,1,0
reference,stress,previous_canonical,False,LIZARD KI,ki_barrier,-0.05,terms,1,20.12094849348068,20.12094849348068,20.12094849348068,20.12094849348068,0.8759847492276289,1,0
reference,stress,previous_canonical,False,LIZARD KI,ki_barrier,-0.025,terms,1,11.760654635727406,11.760654635727406,11.760654635727406,11.760654635727406,0.6614487281875573,1,0
reference,stress,previous_canonical,False,LIZARD KI,ki_barrier,-0.01,terms,1,5.1339913209279375,5.1339913209279375,5.1339913209279375,5.1339913209279375,0.4338933493185968,1,0
reference,stress,previous_canonical,False,LIZARD KI,ki_barrier,-0.005,terms,1,2.618889234960079,2.618889234960079,2.618889234960079,2.618889234960079,0.3096306059513734,1,0
reference,stress,previous_canonical,False,LIZARD KI,ki_barrier,0.005,terms,1,-2.2298411478598914,-2.2298411478598914,-2.2298411478598914,-2.2298411478598914,0.2839460537039256,0,1
reference,stress,previous_canonical,False,LIZARD KI,ki_barrier,0.01,terms,1,-4.964708502093951,-4.964708502093951,-4.964708502093951,-4.964708502093951,0.4222207939941477,0,1
reference,stress,previous_canonical,False,LIZARD KI,ki_barrier,0.025,terms,1,-12.97107983380556,-12.97107983380556,-12.97107983380556,-12.97107983380556,0.675680959972833,0,1
reference,stress,previous_canonical,False,LIZARD KI,ki_barrier,0.05,terms,1,-26.19284400095542,-26.19284400095542,-26.19284400095542,-26.19284400095542,0.9460977994988808,0,1
reference,stress,previous_canonical,False,LIZARD KI,last_strike,-0.05,terms,1,12.98908785978953,12.98908785978953,12.98908785978953,12.98908785978953,0.4945646728571153,1,0
reference,stress,previous_canonical,False,LIZARD KI,last_strike,-0.025,terms,1,6.668666829665502,6.668666829665502,6.668666829665502,6.668666829665502,0.3577593349673305,1,0
reference,stress,previous_canonical,False,LIZARD KI,last_strike,-0.01,terms,1,2.7965976744890213,2.7965976744890213,2.7965976744890213,2.7965976744890213,0.2257879790243849,1,0
reference,stress,previous_canonical,False,LIZARD KI,last_strike,-0.005,terms,1,1.318878933787346,1.318878933787346,1.318878933787346,1.318878933787346,0.1499360387531876,1,0
reference,stress,previous_canonical,False,LIZARD KI,last_strike,0.005,terms,1,-1.3590458383162818,-1.3590458383162818,-1.3590458383162818,-1.3590458383162818,0.1591401338948266,0,1
reference,stress,previous_canonical,False,LIZARD KI,last_strike,0.01,terms,1,-2.9041056235631304,-2.9041056235631304,-2.9041056235631304,-2.9041056235631304,0.228038540644091,0,1
reference,stress,previous_canonical,False,LIZARD KI,last_strike,0.025,terms,1,-6.619626805186271,-6.619626805186271,-6.619626805186271,-6.619626805186271,0.3372138670712547,0,1
reference,stress,previous_canonical,False,LIZARD KI,last_strike,0.05,terms,1,-12.552085548639296,-12.552085548639296,-12.552085548639296,-12.552085548639296,0.4569153035228174,0,1
reference,stress,previous_canonical,False,LIZARD no-KI,base,0.0,terms,1,0.0,0.0,0.0,0.0,0.0,0,0
reference,stress,previous_canonical,False,LIZARD no-KI,coupon_regular,-0.01,terms,1,-53.01590767502785,-53.01590767502785,-53.01590767502785,-53.01590767502785,0.1403489691922188,0,1
reference,stress,previous_canonical,False,LIZARD no-KI,coupon_regular,-0.005,terms,1,-26.50753571589788,-26.50753571589788,-26.50753571589788,-26.50753571589788,0.0701745419700234,0,1
reference,stress,previous_canonical,False,LIZARD no-KI,coupon_regular,-0.0025,terms,1,-13.253341843684511,-13.253341843684511,-13.253341843684511,-13.253341843684511,0.0350872976460308,0,1
reference,stress,previous_canonical,False,LIZARD no-KI,coupon_regular,-0.001,terms,1,-5.301455418268839,-5.301455418268839,-5.301455418268839,-5.301455418268839,0.0140345908544914,0,1
reference,stress,previous_canonical,False,LIZARD no-KI,coupon_regular,0.001,terms,1,5.302282363176346,5.302282363176346,5.302282363176346,5.302282363176346,0.0140343739790193,1,0
reference,stress,previous_canonical,False,LIZARD no-KI,coupon_regular,0.0025,terms,1,13.25417336821556,13.25417336821556,13.25417336821556,13.25417336821556,0.0350871185891981,1,0
reference,stress,previous_canonical,False,LIZARD no-KI,coupon_regular,0.005,terms,1,26.508424450953804,26.508424450953804,26.508424450953804,26.508424450953804,0.0701741835194515,1,0
reference,stress,previous_canonical,False,LIZARD no-KI,coupon_regular,0.01,terms,1,53.01672990123431,53.01672990123431,53.01672990123431,53.01672990123431,0.1403486879306441,1,0
reference,stress,previous_canonical,False,LIZARD no-KI,first_strike,-0.05,terms,1,19.35060099263986,19.35060099263986,19.35060099263986,19.35060099263986,1.192530237675438,1,0
reference,stress,previous_canonical,False,LIZARD no-KI,first_strike,-0.025,terms,1,6.756446190178394,6.756446190178394,6.756446190178394,6.756446190178394,0.7812394650210214,1,0
reference,stress,previous_canonical,False,LIZARD no-KI,first_strike,-0.01,terms,1,1.918011489013831,1.918011489013831,1.918011489013831,1.918011489013831,0.4712135784256337,1,0
reference,stress,previous_canonical,False,LIZARD no-KI,first_strike,-0.005,terms,1,0.7437623490889866,0.7437623490889866,0.7437623490889866,0.7437623490889866,0.3223604540106844,1,0
reference,stress,previous_canonical,False,LIZARD no-KI,first_strike,0.005,terms,1,-1.2622063681483269,-1.2622063681483269,-1.2622063681483269,-1.2622063681483269,0.355630464532904,0,1
reference,stress,previous_canonical,False,LIZARD no-KI,first_strike,0.01,terms,1,-1.5348550230264664,-1.5348550230264664,-1.5348550230264664,-1.5348550230264664,0.4686089883127179,0,1
reference,stress,previous_canonical,False,LIZARD no-KI,first_strike,0.025,terms,1,-1.7417255863547323,-1.7417255863547323,-1.7417255863547323,-1.7417255863547323,0.6949345552024042,0,1
reference,stress,previous_canonical,False,LIZARD no-KI,first_strike,0.05,terms,1,3.4556112612287206,3.4556112612287206,3.4556112612287206,3.4556112612287206,0.8816524156061659,1,0
reference,stress,previous_canonical,False,LIZARD no-KI,last_strike,-0.05,terms,1,43.93501838545004,43.93501838545004,43.93501838545004,43.93501838545004,1.3798483488011617,1,0
reference,stress,previous_canonical,False,LIZARD no-KI,last_strike,-0.025,terms,1,21.47871113816897,21.47871113816897,21.47871113816897,21.47871113816897,0.9557670788883352,1,0
reference,stress,previous_canonical,False,LIZARD no-KI,last_strike,-0.01,terms,1,7.9101004252831135,7.9101004252831135,7.9101004252831135,7.9101004252831135,0.5764625599835541,1,0
reference,stress,previous_canonical,False,LIZARD no-KI,last_strike,-0.005,terms,1,4.188145816326141,4.188145816326141,4.188145816326141,4.188145816326141,0.4186430426868147,1,0
reference,stress,previous_canonical,False,LIZARD no-KI,last_strike,0.005,terms,1,-4.316826030611992,-4.316826030611992,-4.316826030611992,-4.316826030611992,0.4231195904843499,0,1
reference,stress,previous_canonical,False,LIZARD no-KI,last_strike,0.01,terms,1,-8.099245776732763,-8.099245776732763,-8.099245776732763,-8.099245776732763,0.5780561401102047,0,1
reference,stress,previous_canonical,False,LIZARD no-KI,last_strike,0.025,terms,1,-19.6352754731973,-19.6352754731973,-19.6352754731973,-19.6352754731973,0.8926550873724365,0,1
reference,stress,previous_canonical,False,LIZARD no-KI,last_strike,0.05,terms,1,-37.54727800190449,-37.54727800190449,-37.54727800190449,-37.54727800190449,1.2177484137209602,0,1
reference,stress,previous_canonical,False,STEP KI,base,0.0,terms,1,0.0,0.0,0.0,0.0,0.0,0,0
reference,stress,previous_canonical,False,STEP KI,coupon_regular,-0.01,terms,1,-84.56345523397128,-84.56345523397128,-84.56345523397128,-84.56345523397128,0.2238604155769038,0,1
reference,stress,previous_canonical,False,STEP KI,coupon_regular,-0.005,terms,1,-42.28184736768405,-42.28184736768405,-42.28184736768405,-42.28184736768405,0.1119307810744729,0,1
reference,stress,previous_canonical,False,STEP KI,coupon_regular,-0.0025,terms,1,-21.1407878001531,-21.1407878001531,-21.1407878001531,-21.1407878001531,0.0559648309798411,0,1
reference,stress,previous_canonical,False,STEP KI,coupon_regular,-0.001,terms,1,-8.456089635690054,-8.456089635690054,-8.456089635690054,-8.456089635690054,0.0223858423437231,0,1
reference,stress,previous_canonical,False,STEP KI,coupon_regular,0.001,terms,1,8.456840495268503,8.456840495268503,8.456840495268503,8.456840495268503,0.0223846870116236,1,0
reference,stress,previous_canonical,False,STEP KI,coupon_regular,0.0025,terms,1,21.140740891297657,21.140740891297657,21.140740891297657,21.140740891297657,0.0559644089282999,1,0
reference,stress,previous_canonical,False,STEP KI,coupon_regular,0.005,terms,1,42.28228852152824,42.28228852152824,42.28228852152824,42.28228852152824,0.1119278347683292,1,0
reference,stress,previous_canonical,False,STEP KI,coupon_regular,0.01,terms,1,84.56394329667091,84.56394329667091,84.56394329667091,84.56394329667091,0.2238578913214006,1,0
reference,stress,previous_canonical,False,STEP KI,first_strike,-0.05,terms,1,27.145554862916477,27.145554862916477,27.145554862916477,27.145554862916477,2.151483065067297,1,0
reference,stress,previous_canonical,False,STEP KI,first_strike,-0.025,terms,1,10.165447832395634,10.165447832395634,10.165447832395634,10.165447832395634,1.5155018971189964,1,0
reference,stress,previous_canonical,False,STEP KI,first_strike,-0.01,terms,1,2.9266482119758925,2.9266482119758925,2.9266482119758925,2.9266482119758925,0.938075186784201,1,0
reference,stress,previous_canonical,False,STEP KI,first_strike,-0.005,terms,1,1.7171125672757626,1.7171125672757626,1.7171125672757626,1.7171125672757626,0.6675433934577185,1,0
reference,stress,previous_canonical,False,STEP KI,first_strike,0.005,terms,1,-0.1740742859741052,-0.1740742859741052,-0.1740742859741052,-0.1740742859741052,0.6225354745326097,0,1
reference,stress,previous_canonical,False,STEP KI,first_strike,0.01,terms,1,-0.6713076469798882,-0.6713076469798882,-0.6713076469798882,-0.6713076469798882,0.8836163306314412,0,1
reference,stress,previous_canonical,False,STEP KI,first_strike,0.025,terms,1,-2.195548348128796,-2.195548348128796,-2.195548348128796,-2.195548348128796,1.4010539672783875,0,1
reference,stress,previous_canonical,False,STEP KI,first_strike,0.05,terms,1,2.3998116701841354,2.3998116701841354,2.3998116701841354,2.3998116701841354,1.8634071211549368,1,0
reference,stress,previous_canonical,False,STEP KI,ki_barrier,-0.05,terms,1,92.29661077509324,92.29661077509324,92.29661077509324,92.29661077509324,1.8251576054840584,1,0
reference,stress,previous_canonical,False,STEP KI,ki_barrier,-0.025,terms,1,46.82488907376925,46.82488907376925,46.82488907376925,46.82488907376925,1.2923213925764316,1,0
reference,stress,previous_canonical,False,STEP KI,ki_barrier,-0.01,terms,1,18.057990054289498,18.057990054289498,18.057990054289498,18.057990054289498,0.7957402442060887,1,0
reference,stress,previous_canonical,False,STEP KI,ki_barrier,-0.005,terms,1,8.458090667923292,8.458090667923292,8.458090667923292,8.458090667923292,0.5445356601751905,1,0
reference,stress,previous_canonical,False,STEP KI,ki_barrier,0.005,terms,1,-9.103935189545156,-9.103935189545156,-9.103935189545156,-9.103935189545156,0.5673436980905078,0,1
reference,stress,previous_canonical,False,STEP KI,ki_barrier,0.01,terms,1,-19.237932319442432,-19.237932319442432,-19.237932319442432,-19.237932319442432,0.8203177029730886,0,1
reference,stress,previous_canonical,False,STEP KI,ki_barrier,0.025,terms,1,-46.54054720451434,-46.54054720451434,-46.54054720451434,-46.54054720451434,1.2605408777062297,0,1
reference,stress,previous_canonical,False,STEP KI,ki_barrier,0.05,terms,1,-87.3404415945212,-87.3404415945212,-87.3404415945212,-87.3404415945212,1.6994750775705512,0,1
reference,stress,previous_canonical,False,STEP KI,last_strike,-0.05,terms,1,57.5695370833079,57.5695370833079,57.5695370833079,57.5695370833079,1.229067009626972,1,0
reference,stress,previous_canonical,False,STEP KI,last_strike,-0.025,terms,1,28.2340490569671,28.2340490569671,28.2340490569671,28.2340490569671,0.8317896742771027,1,0
reference,stress,previous_canonical,False,STEP KI,last_strike,-0.01,terms,1,11.374427611629168,11.374427611629168,11.374427611629168,11.374427611629168,0.5185967207046733,1,0
reference,stress,previous_canonical,False,STEP KI,last_strike,-0.005,terms,1,5.12857307990392,5.12857307990392,5.12857307990392,5.12857307990392,0.3337621630921154,1,0
reference,stress,previous_canonical,False,STEP KI,last_strike,0.005,terms,1,-5.110186497370402,-5.110186497370402,-5.110186497370402,-5.110186497370402,0.3404741806384783,0,1
reference,stress,previous_canonical,False,STEP KI,last_strike,0.01,terms,1,-10.138856733838717,-10.138856733838717,-10.138856733838717,-10.138856733838717,0.4753029449244599,0,1
reference,stress,previous_canonical,False,STEP KI,last_strike,0.025,terms,1,-24.77442340552807,-24.77442340552807,-24.77442340552807,-24.77442340552807,0.7343528326021053,0,1
reference,stress,previous_canonical,False,STEP KI,last_strike,0.05,terms,1,-48.48290290435155,-48.48290290435155,-48.48290290435155,-48.48290290435155,1.0007066262575115,0,1
reference,stress,previous_canonical,False,STEP no-KI,base,0.0,terms,1,0.0,0.0,0.0,0.0,0.0,0,0
reference,stress,previous_canonical,False,STEP no-KI,coupon_regular,-0.01,terms,1,-83.70110362768173,-83.70110362768173,-83.70110362768173,-83.70110362768173,0.2154897675111464,0,1
reference,stress,previous_canonical,False,STEP no-KI,coupon_regular,-0.005,terms,1,-41.85055670142174,-41.85055670142174,-41.85055670142174,-41.85055670142174,0.1077450156512644,0,1
reference,stress,previous_canonical,False,STEP no-KI,coupon_regular,-0.0025,terms,1,-20.92480872074763,-20.92480872074763,-20.92480872074763,-20.92480872074763,0.0538728790654118,0,1
reference,stress,previous_canonical,False,STEP no-KI,coupon_regular,-0.001,terms,1,-8.370161592960358,-8.370161592960358,-8.370161592960358,-8.370161592960358,0.021548540686972,0,1
reference,stress,previous_canonical,False,STEP no-KI,coupon_regular,0.001,terms,1,8.370378146568934,8.370378146568934,8.370378146568934,8.370378146568934,0.0215489414695183,1,0
reference,stress,previous_canonical,False,STEP no-KI,coupon_regular,0.0025,terms,1,20.92485603690148,20.92485603690148,20.92485603690148,20.92485603690148,0.0538724226735371,1,0
reference,stress,previous_canonical,False,STEP no-KI,coupon_regular,0.005,terms,1,41.85051915049553,41.85051915049553,41.85051915049553,41.85051915049553,0.1077439058151601,1,0
reference,stress,previous_canonical,False,STEP no-KI,coupon_regular,0.01,terms,1,83.70026877522469,83.70026877522469,83.70026877522469,83.70026877522469,0.2154898609796319,1,0
reference,stress,previous_canonical,False,STEP no-KI,first_strike,-0.05,terms,1,59.27961336697141,59.27961336697141,59.27961336697141,59.27961336697141,2.455119430746962,1,0
reference,stress,previous_canonical,False,STEP no-KI,first_strike,-0.025,terms,1,29.250160543868937,29.250160543868937,29.250160543868937,29.250160543868937,1.7673183203355285,1,0
reference,stress,previous_canonical,False,STEP no-KI,first_strike,-0.01,terms,1,11.768279346326988,11.768279346326988,11.768279346326988,11.768279346326988,1.1351115248730916,1,0
reference,stress,previous_canonical,False,STEP no-KI,first_strike,-0.005,terms,1,6.186721824109554,6.186721824109554,6.186721824109554,6.186721824109554,0.8098585644638551,1,0
reference,stress,previous_canonical,False,STEP no-KI,first_strike,0.005,terms,1,-3.552438346048196,-3.552438346048196,-3.552438346048196,-3.552438346048196,0.7225863689273012,0,1
reference,stress,previous_canonical,False,STEP no-KI,first_strike,0.01,terms,1,-6.292256080855926,-6.292256080855926,-6.292256080855926,-6.292256080855926,1.0156622493320646,0,1
reference,stress,previous_canonical,False,STEP no-KI,first_strike,0.025,terms,1,-14.685772428909935,-14.685772428909935,-14.685772428909935,-14.685772428909935,1.5949714354168014,0,1
reference,stress,previous_canonical,False,STEP no-KI,first_strike,0.05,terms,1,-20.96363126983245,-20.96363126983245,-20.96363126983245,-20.96363126983245,2.1468836934167013,0,1
reference,stress,previous_canonical,False,STEP no-KI,last_strike,-0.05,terms,1,107.6951654603084,107.6951654603084,107.6951654603084,107.6951654603084,2.145242477209273,1,0
reference,stress,previous_canonical,False,STEP no-KI,last_strike,-0.025,terms,1,52.58106439809004,52.58106439809004,52.58106439809004,52.58106439809004,1.489862061686078,1,0
reference,stress,previous_canonical,False,STEP no-KI,last_strike,-0.01,terms,1,20.093202526370685,20.093202526370685,20.093202526370685,20.093202526370685,0.9172266090610623,1,0
reference,stress,previous_canonical,False,STEP no-KI,last_strike,-0.005,terms,1,9.70541221400102,9.70541221400102,9.70541221400102,9.70541221400102,0.63658010959469,1,0
reference,stress,previous_canonical,False,STEP no-KI,last_strike,0.005,terms,1,-10.195334340135256,-10.195334340135256,-10.195334340135256,-10.195334340135256,0.6493696079896327,0,1
reference,stress,previous_canonical,False,STEP no-KI,last_strike,0.01,terms,1,-19.963643257816635,-19.963643257816635,-19.963643257816635,-19.963643257816635,0.9056245363183052,0,1
reference,stress,previous_canonical,False,STEP no-KI,last_strike,0.025,terms,1,-51.09503565231959,-51.09503565231959,-51.09503565231959,-51.09503565231959,1.433733158755773,0,1
reference,stress,previous_canonical,False,STEP no-KI,last_strike,0.05,terms,1,-100.794554784894,-100.794554784894,-100.794554784894,-100.794554784894,1.9790988715635347,0,1
reference,stress,previous_real_terms_synthetic,False,LIZARD KI,base,0.0,terms,23,0.0,0.0,0.0,0.0,0.0,0,0
reference,stress,previous_real_terms_synthetic,False,LIZARD KI,coupon_regular,-0.01,terms,23,-56.43523814194445,-59.485923479000725,-84.34360710779826,-31.709024926026665,0.1731632242890644,0,23
reference,stress,previous_real_terms_synthetic,False,LIZARD KI,coupon_regular,-0.005,terms,23,-28.217479697172188,-29.74339696764946,-42.1714327732722,-15.854377716779709,0.0865815738789286,0,23
reference,stress,previous_real_terms_synthetic,False,LIZARD KI,coupon_regular,-0.0025,terms,23,-14.108801906523494,-14.87180515130361,-21.085769881804783,-7.927263220151266,0.04329085520878346,0,23
reference,stress,previous_real_terms_synthetic,False,LIZARD KI,coupon_regular,-0.001,terms,23,-5.643543010172636,-5.948546051979065,-8.433969408273697,-3.1710504790147147,0.017316285558348632,0,23
reference,stress,previous_real_terms_synthetic,False,LIZARD KI,coupon_regular,0.001,terms,23,5.643506291119947,5.94796833395958,3.170659184455872,8.434823493162792,0.017316182775142453,23,0
reference,stress,previous_real_terms_synthetic,False,LIZARD KI,coupon_regular,0.0025,terms,23,14.108727785988131,14.8712371190389,7.927463908990225,21.08636192480723,0.04329088494814949,23,0
reference,stress,previous_real_terms_synthetic,False,LIZARD KI,coupon_regular,0.005,terms,23,28.21762212203896,29.74254634976387,15.85455792148908,42.172628144423165,0.08658149341901238,23,0
reference,stress,previous_real_terms_synthetic,False,LIZARD KI,coupon_regular,0.01,terms,23,56.43509828785191,59.485472649335854,31.70895876487096,84.34406091769537,0.17316324125223787,23,0
reference,stress,previous_real_terms_synthetic,False,LIZARD KI,first_strike,-0.05,terms,23,50.414891361914385,16.193515392641228,-33.1137459029754,165.80379869788885,1.6496846073472822,17,6
reference,stress,previous_real_terms_synthetic,False,LIZARD KI,first_strike,-0.025,terms,23,20.62203428816756,4.529749900102615,-19.735020384192467,78.32169253642982,1.0698529325530364,15,8
reference,stress,previous_real_terms_synthetic,False,LIZARD KI,first_strike,-0.01,terms,23,7.023750642211635,1.0042399192849796,-7.671951062977314,29.012320769174647,0.6335857640893175,15,8
reference,stress,previous_real_terms_synthetic,False,LIZARD KI,first_strike,-0.005,terms,23,3.375075826623842,0.479834166665872,-4.166722004612288,14.742447296778362,0.4404038653246041,15,8
reference,stress,previous_real_terms_synthetic,False,LIZARD KI,first_strike,0.005,terms,23,-3.0104315766889225,-0.3928800026575724,-14.776246402257431,4.543067221840222,0.4221931415667637,9,14
reference,stress,previous_real_terms_synthetic,False,LIZARD KI,first_strike,0.01,terms,23,-6.132121808511421,-0.7979904760917028,-30.18909394733297,8.881438675026098,0.5993480706337067,8,15
reference,stress,previous_real_terms_synthetic,False,LIZARD KI,first_strike,0.025,terms,23,-13.43036282541858,-1.0751971105734508,-71.74170100510432,22.5018001968662,0.9006354933985633,9,14
reference,stress,previous_real_terms_synthetic,False,LIZARD KI,first_strike,0.05,terms,23,-21.37237382405252,-1.1165620957811673,-137.6570359359806,43.70451406389475,1.168350940266879,9,14
reference,stress,previous_real_terms_synthetic,False,LIZARD KI,ki_barrier,-0.05,terms,23,78.14146566984877,48.33372471729915,0.4325889945030212,213.7060925985376,1.4680727155896065,23,0
reference,stress,previous_real_terms_synthetic,False,LIZARD KI,ki_barrier,-0.025,terms,23,37.74180976841329,26.168822571635246,0.0828238129615783,94.6970247849822,1.0194553689697616,23,0
reference,stress,previous_real_terms_synthetic,False,LIZARD KI,ki_barrier,-0.01,terms,23,14.71870964733155,11.051532631119091,0.0260358601808547,37.97268378982941,0.6371914245688804,23,0
reference,stress,previous_real_terms_synthetic,False,LIZARD KI,ki_barrier,-0.005,terms,23,7.343647909769112,5.583950663606325,0.0260358601808547,18.70718303322792,0.45048184203330555,23,0
reference,stress,previous_real_terms_synthetic,False,LIZARD KI,ki_barrier,0.005,terms,23,-7.267312977948914,-5.384600420792897,-18.008463082214195,0.0,0.44591687478085523,0,22
reference,stress,previous_real_terms_synthetic,False,LIZARD KI,ki_barrier,0.01,terms,23,-14.477933972426083,-10.51376072069009,-36.37028906742732,0.0,0.6280427713246067,0,22
reference,stress,previous_real_terms_synthetic,False,LIZARD KI,ki_barrier,0.025,terms,23,-35.106838022453196,-27.634231254458427,-89.19067566841841,0.0,0.9675212503890352,0,22
reference,stress,previous_real_terms_synthetic,False,LIZARD KI,ki_barrier,0.05,terms,23,-66.18185279691133,-60.07489685465892,-164.25224499652782,0.0,1.311003557810569,0,22
reference,stress,previous_real_terms_synthetic,False,LIZARD KI,last_strike,-0.05,terms,23,32.305380130591594,22.22372505068779,6.503090227643649,80.44982792437077,0.828145681994945,23,0
reference,stress,previous_real_terms_synthetic,False,LIZARD KI,last_strike,-0.025,terms,23,14.499883503801579,9.961063727736471,2.933710291981697,36.10210591057937,0.5481015246451424,23,0
reference,stress,previous_real_terms_synthetic,False,LIZARD KI,last_strike,-0.01,terms,23,5.590820581800696,3.9088680148124695,1.3435709178447723,13.743907496333122,0.3399067192111475,23,0
reference,stress,previous_real_terms_synthetic,False,LIZARD KI,last_strike,-0.005,terms,23,2.7334106825832007,2.0394093990325928,0.5634145935376486,6.814939891298612,0.23500832058390309,23,0
reference,stress,previous_real_terms_synthetic,False,LIZARD KI,last_strike,0.005,terms,23,-2.6081089135529334,-1.9777625898520157,-6.894491260250409,-0.6225704352060955,0.2299571288588095,0,23
reference,stress,previous_real_terms_synthetic,False,LIZARD KI,last_strike,0.01,terms,23,-5.059577507169351,-3.793128649393717,-13.1877029389143,-1.2555054028828938,0.31882350144446037,0,23
reference,stress,previous_real_terms_synthetic,False,LIZARD KI,last_strike,0.025,terms,23,-11.929225347612215,-8.444080596168837,-30.074997102220856,-2.802922626336416,0.4848815299987661,0,23
reference,stress,previous_real_terms_synthetic,False,LIZARD KI,last_strike,0.05,terms,23,-21.460335047132727,-15.47004355986913,-53.51267054180304,-4.611323585112889,0.6409606137681544,0,23
reference,stress,previous_real_terms_synthetic,False,LIZARD no-KI,base,0.0,terms,23,0.0,0.0,0.0,0.0,0.0,0,0
reference,stress,previous_real_terms_synthetic,False,LIZARD no-KI,coupon_regular,-0.01,terms,23,-56.884491424629644,-58.08167045315107,-87.21177112062773,-28.14865549405416,0.16607387061362464,0,23
reference,stress,previous_real_terms_synthetic,False,LIZARD no-KI,coupon_regular,-0.005,terms,23,-28.44229067754054,-29.040070682764053,-43.60611358284951,-14.07460531592369,0.0830371457949184,0,23
reference,stress,previous_real_terms_synthetic,False,LIZARD no-KI,coupon_regular,-0.0025,terms,23,-14.221197298039558,-14.52041075627009,-21.80263239145279,-7.037295192480086,0.04151855809610955,0,23
reference,stress,previous_real_terms_synthetic,False,LIZARD no-KI,coupon_regular,-0.001,terms,23,-5.688471344070159,-5.807318727175394,-8.721349209547043,-2.815245976050695,0.016607614019494298,0,23
reference,stress,previous_real_terms_synthetic,False,LIZARD no-KI,coupon_regular,0.001,terms,23,5.688417527122773,5.808168600002925,2.814151545365652,8.721540868282318,0.016607103129084717,23,0
reference,stress,previous_real_terms_synthetic,False,LIZARD no-KI,coupon_regular,0.0025,terms,23,14.221072239288384,14.52119087179502,7.036183834075929,21.80297325054805,0.041518355004122175,23,0
reference,stress,previous_real_terms_synthetic,False,LIZARD no-KI,coupon_regular,0.005,terms,23,28.442201106444646,29.041522870461144,14.073492298523584,43.60643251736958,0.08303662662313391,23,0
reference,stress,previous_real_terms_synthetic,False,LIZARD no-KI,coupon_regular,0.01,terms,23,56.884379297494895,58.08227608601252,28.148105959097546,87.21270138025284,0.166073661608436,23,0
reference,stress,previous_real_terms_synthetic,False,LIZARD no-KI,first_strike,-0.05,terms,23,16.847142586025637,9.507787557939688,-46.7933452775081,80.21768212070069,1.1891560391227969,17,6
reference,stress,previous_real_terms_synthetic,False,LIZARD no-KI,first_strike,-0.025,terms,23,4.4661220025635595,1.7514941965540252,-23.21326828747988,36.802366074640304,0.7222032919610698,15,8
reference,stress,previous_real_terms_synthetic,False,LIZARD no-KI,first_strike,-0.01,terms,23,0.9158506714333983,0.0258425623178482,-9.340459195276102,13.656871787427615,0.41685401357285107,12,11
reference,stress,previous_real_terms_synthetic,False,LIZARD no-KI,first_strike,-0.005,terms,23,0.3693589714585222,0.1784880409638087,-4.736919984221458,6.9395020098115,0.2858781466284364,12,11
reference,stress,previous_real_terms_synthetic,False,LIZARD no-KI,first_strike,0.005,terms,23,-0.20114242392119727,-0.0234612921873728,-5.87724579529216,4.678576360146205,0.27382128996593363,11,12
reference,stress,previous_real_terms_synthetic,False,LIZARD no-KI,first_strike,0.01,terms,23,-0.2727354911115508,0.0044178962707519,-10.491568255238237,9.390946415563423,0.38110352507037565,12,11
reference,stress,previous_real_terms_synthetic,False,LIZARD no-KI,first_strike,0.025,terms,23,0.27930399597338995,0.0079522132873535,-27.51566353874902,24.02766302973032,0.5601127719483279,13,10
reference,stress,previous_real_terms_synthetic,False,LIZARD no-KI,first_strike,0.05,terms,23,2.7499873520657965,0.0106029510498046,-57.38012578974788,46.7503067428867,0.7088278575031915,12,11
reference,stress,previous_real_terms_synthetic,False,LIZARD no-KI,last_strike,-0.05,terms,23,61.62526416864948,57.4026435315609,7.284585033853848,130.5423133969307,1.4796841469353679,23,0
reference,stress,previous_real_terms_synthetic,False,LIZARD no-KI,last_strike,-0.025,terms,23,29.91011725862822,28.657452965776127,4.188642919063568,63.056972697377205,1.0260579258128377,23,0
reference,stress,previous_real_terms_synthetic,False,LIZARD no-KI,last_strike,-0.01,terms,23,11.75384627930496,10.945340777436892,1.709059000015259,24.73871747155984,0.6411841803214333,23,0
reference,stress,previous_real_terms_synthetic,False,LIZARD no-KI,last_strike,-0.005,terms,23,5.843940227144007,5.054649343093237,0.96162877480189,12.449311941862106,0.4523304848170321,23,0
reference,stress,previous_real_terms_synthetic,False,LIZARD no-KI,last_strike,0.005,terms,23,-5.7380514745263085,-5.436223318179449,-12.127078513304392,-1.098523606856664,0.4441573926823704,0,23
reference,stress,previous_real_terms_synthetic,False,LIZARD no-KI,last_strike,0.01,terms,23,-11.435447680993354,-9.826173116763432,-23.87025684118271,-2.2136404613653817,0.6266388229722167,0,23
reference,stress,previous_real_terms_synthetic,False,LIZARD no-KI,last_strike,0.025,terms,23,-28.049695509067483,-24.84782679875692,-59.38348252574603,-5.689525038003922,0.973024317316252,0,23
reference,stress,previous_real_terms_synthetic,False,LIZARD no-KI,last_strike,0.05,terms,23,-52.60163036982218,-45.54552190005779,-107.4724144389232,-11.386972869435947,1.3134243731015414,0,23
reference,stress,previous_real_terms_synthetic,False,STEP KI,base,0.0,terms,16,0.0,0.0,0.0,0.0,0.0,0,0
reference,stress,previous_real_terms_synthetic,False,STEP KI,coupon_regular,-0.01,terms,16,-64.11436408013105,-63.77164200445016,-79.89816584189734,-49.72054325540861,0.15227921569283656,0,16
reference,stress,previous_real_terms_synthetic,False,STEP KI,coupon_regular,-0.005,terms,16,-32.05715297783415,-31.886207883556686,-39.94905145963033,-24.86064204573631,0.0761395330333402,0,16
reference,stress,previous_real_terms_synthetic,False,STEP KI,coupon_regular,-0.0025,terms,16,-16.028585504119597,-15.94341843823592,-19.974525729815166,-12.4307371477286,0.03806974432831096,0,16
reference,stress,previous_real_terms_synthetic,False,STEP KI,coupon_regular,-0.001,terms,16,-6.411405643448234,-6.377518107493718,-7.989725609620413,-4.971927930911382,0.015227948913771449,0,16
reference,stress,previous_real_terms_synthetic,False,STEP KI,coupon_regular,0.001,terms,16,6.411172758166989,6.37653852502505,4.971771776676178,7.989654133717219,0.015227908710450624,16,0
reference,stress,previous_real_terms_synthetic,False,STEP KI,coupon_regular,0.0025,terms,16,16.028631790851552,15.942563911279045,12.429830888907114,19.97442441185316,0.03806964261899426,16,0
reference,stress,previous_real_terms_synthetic,False,STEP KI,coupon_regular,0.005,terms,16,32.057373061155275,31.885537629326187,24.860659311215084,39.94895014166832,0.0761394881328962,16,0
reference,stress,previous_real_terms_synthetic,False,STEP KI,coupon_regular,0.01,terms,16,64.11445097997785,63.771607995033264,49.72131488720576,79.89742853244147,0.15227903290007555,16,0
reference,stress,previous_real_terms_synthetic,False,STEP KI,first_strike,-0.05,terms,16,62.518909362849925,47.288102930411696,-46.02779590090116,263.0589168644025,1.9600135379508359,13,3
reference,stress,previous_real_terms_synthetic,False,STEP KI,first_strike,-0.025,terms,16,28.98382838820301,20.9318258309116,-29.786167522271477,125.2741099963896,1.3765484413151179,12,4
reference,stress,previous_real_terms_synthetic,False,STEP KI,first_strike,-0.01,terms,16,10.923996281948348,7.622026303162178,-13.127771370112896,46.950126935766704,0.8646027550373718,12,4
reference,stress,previous_real_terms_synthetic,False,STEP KI,first_strike,-0.005,terms,16,5.3912737060381914,3.515538999189933,-6.73023031403621,23.731363577962235,0.608038509043697,12,4
reference,stress,previous_real_terms_synthetic,False,STEP KI,first_strike,0.005,terms,16,-5.065113848924133,-3.3417102328191195,-26.070908984712634,7.294073663651943,0.5997596078456037,4,12
reference,stress,previous_real_terms_synthetic,False,STEP KI,first_strike,0.01,terms,16,-10.37800003061663,-6.363746571665009,-50.91956610500348,14.62282206614812,0.8545858791926224,4,12
reference,stress,previous_real_terms_synthetic,False,STEP KI,first_strike,0.025,terms,16,-23.957279738460784,-14.888107455645997,-120.31641453558888,36.18310291568438,1.3237042610470122,4,12
reference,stress,previous_real_terms_synthetic,False,STEP KI,first_strike,0.05,terms,16,-42.85852746261966,-25.185378113761544,-230.3887638859548,68.92476367702086,1.8122133924120964,5,11
reference,stress,previous_real_terms_synthetic,False,STEP KI,ki_barrier,-0.05,terms,16,65.44263940785702,38.823615691314146,6.123464703559875,173.04589114089805,1.4041178746455696,16,0
reference,stress,previous_real_terms_synthetic,False,STEP KI,ki_barrier,-0.025,terms,16,32.995003656639405,23.239735612024866,1.8019569367170332,84.02304160098234,0.9909073714181099,16,0
reference,stress,previous_real_terms_synthetic,False,STEP KI,ki_barrier,-0.01,terms,16,13.30380334239453,10.676807367553314,0.5740839093923569,34.35235351820787,0.6272156172190193,16,0
reference,stress,previous_real_terms_synthetic,False,STEP KI,ki_barrier,-0.005,terms,16,6.647869898316761,5.732050955295563,0.2661278943220774,17.51621714482705,0.442187621581255,16,0
reference,stress,previous_real_terms_synthetic,False,STEP KI,ki_barrier,0.005,terms,16,-6.757094058052948,-5.284515945861736,-17.04532591501872,-0.3256779760122299,0.44396496154130827,0,16
reference,stress,previous_real_terms_synthetic,False,STEP KI,ki_barrier,0.01,terms,16,-13.00526445390036,-10.625667069107294,-32.0012083897988,-0.4977663556734721,0.6142669333503732,0,16
reference,stress,previous_real_terms_synthetic,False,STEP KI,ki_barrier,0.025,terms,16,-32.28709464970355,-27.59617271771034,-75.0503186409672,-0.7890826364358265,0.9565447640788299,0,16
reference,stress,previous_real_terms_synthetic,False,STEP KI,ki_barrier,0.05,terms,16,-61.62934861627097,-49.726896355549485,-141.79029141118127,-0.9752996116876602,1.2996343768235303,0,16
reference,stress,previous_real_terms_synthetic,False,STEP KI,last_strike,-0.05,terms,16,23.431604868421953,22.233997481564682,7.890239894390105,56.41078069309393,0.6687643419054805,16,0
reference,stress,previous_real_terms_synthetic,False,STEP KI,last_strike,-0.025,terms,16,10.574517407764992,10.39680214971304,3.4239429732163744,26.42109203338623,0.4391765091663272,16,0
reference,stress,previous_real_terms_synthetic,False,STEP KI,last_strike,-0.01,terms,16,4.014778871399661,3.855985537171364,1.1701169361670811,9.407510042190552,0.2687484789400343,16,0
reference,stress,previous_real_terms_synthetic,False,STEP KI,last_strike,-0.005,terms,16,1.9579790442561111,1.8664961208899817,0.487652505437533,4.753794968128204,0.18688676333881177,16,0
reference,stress,previous_real_terms_synthetic,False,STEP KI,last_strike,0.005,terms,16,-1.9014912017931542,-1.9435118511319163,-4.186675568421682,-0.3950794984896977,0.18427846137982784,0,16
reference,stress,previous_real_terms_synthetic,False,STEP KI,last_strike,0.01,terms,16,-3.7277499462167425,-3.8318095430731773,-8.006391525268555,-0.8613062401612599,0.2582698778130903,0,16
reference,stress,previous_real_terms_synthetic,False,STEP KI,last_strike,0.025,terms,16,-8.6165767867739,-8.731493972241879,-18.181180755297344,-2.2198605140050254,0.3895673552095856,0,16
reference,stress,previous_real_terms_synthetic,False,STEP KI,last_strike,0.05,terms,16,-15.198962742152313,-15.639377708236378,-30.60776760180791,-3.992514272530873,0.5108864461834262,0,16
reference,stress,previous_real_terms_synthetic,False,STEP no-KI,base,0.0,terms,20,0.0,0.0,0.0,0.0,0.0,0,0
reference,stress,previous_real_terms_synthetic,False,STEP no-KI,coupon_regular,-0.01,terms,20,-67.42066847682,-67.46600864827633,-101.13241613904636,-50.65565728147824,0.15188608156802522,0,20
reference,stress,previous_real_terms_synthetic,False,STEP no-KI,coupon_regular,-0.005,terms,20,-33.7101616392533,-33.73298872510592,-50.56561600168546,-25.327819804350536,0.07594315464125984,0,20
reference,stress,previous_real_terms_synthetic,False,STEP no-KI,coupon_regular,-0.0025,terms,20,-16.85508274088303,-16.86604189376036,-25.28260054190953,-12.664489030838013,0.03797161055690495,0,20
reference,stress,previous_real_terms_synthetic,False,STEP no-KI,coupon_regular,-0.001,terms,20,-6.742084289093813,-6.746469686428705,-10.112777918577194,-5.06555758913358,0.015188726354938727,0,20
reference,stress,previous_real_terms_synthetic,False,STEP no-KI,coupon_regular,0.001,terms,20,6.7421848103404045,6.747333978613217,5.065576622883479,10.113589137792587,0.015188414198355907,20,0
reference,stress,previous_real_terms_synthetic,False,STEP no-KI,coupon_regular,0.0025,terms,20,16.855194296936197,16.866488402088486,12.66450520356496,25.282891680796943,0.03797148821952214,20,0
reference,stress,previous_real_terms_synthetic,False,STEP no-KI,coupon_regular,0.005,terms,20,33.71041945765416,33.733482629060745,25.32783856987953,50.56606682141621,0.07594290026279721,20,0
reference,stress,previous_real_terms_synthetic,False,STEP no-KI,coupon_regular,0.01,terms,20,67.420738004148,67.46699877580008,50.65566128492355,101.13233929872511,0.15188586012700395,20,0
reference,stress,previous_real_terms_synthetic,False,STEP no-KI,first_strike,-0.05,terms,20,95.27830893108622,109.92639053954431,-1.817719315489133,201.70464701888463,2.2431322313704967,19,1
reference,stress,previous_real_terms_synthetic,False,STEP no-KI,first_strike,-0.025,terms,20,46.582199618003024,53.69688978294531,-4.120602456231912,94.2731457153956,1.5984776440139685,19,1
reference,stress,previous_real_terms_synthetic,False,STEP no-KI,first_strike,-0.01,terms,20,18.250360373904307,20.741309623233974,-2.0372657949725785,36.79597945449253,1.0109394359298896,19,1
reference,stress,previous_real_terms_synthetic,False,STEP no-KI,first_strike,-0.005,terms,20,9.29201568864907,11.034275823583204,-1.2287515128652255,18.786364193384845,0.7211082075840743,19,1
reference,stress,previous_real_terms_synthetic,False,STEP no-KI,first_strike,0.005,terms,20,-8.705194193683564,-9.409158188849686,-17.0375167230765,1.406754307448864,0.7037893829939796,1,19
reference,stress,previous_real_terms_synthetic,False,STEP no-KI,first_strike,0.01,terms,20,-17.14797740094364,-18.92520379833877,-35.2363734052827,2.500067047774792,0.9928312307492952,1,19
reference,stress,previous_real_terms_synthetic,False,STEP no-KI,first_strike,0.025,terms,20,-41.063786127325145,-50.338442135602236,-86.92859839461744,7.818013921380043,1.5533534937675297,1,19
reference,stress,previous_real_terms_synthetic,False,STEP no-KI,first_strike,0.05,terms,20,-75.75824326801424,-95.89232030324638,-173.12844556507966,19.64307091633479,2.1396135116905524,3,17
reference,stress,previous_real_terms_synthetic,False,STEP no-KI,last_strike,-0.05,terms,20,70.32366715408862,51.78119811539848,4.552219723661741,223.1608956754208,1.5545719205195685,20,0
reference,stress,previous_real_terms_synthetic,False,STEP no-KI,last_strike,-0.025,terms,20,33.57053197858234,25.360683785130583,2.2853657702604933,105.78383210798106,1.0692070043015722,20,0
reference,stress,previous_real_terms_synthetic,False,STEP no-KI,last_strike,-0.01,terms,20,13.09920648249487,10.151847140242655,0.9069618384043376,41.659341325362526,0.6657416945498695,20,0
reference,stress,previous_real_terms_synthetic,False,STEP no-KI,last_strike,-0.005,terms,20,6.5761415303995205,4.8479776469369735,0.4513224214315414,20.877172723412517,0.4695083970351919,20,0
reference,stress,previous_real_terms_synthetic,False,STEP no-KI,last_strike,0.005,terms,20,-6.440526475260654,-3.9024803663293524,-21.185941005746525,-0.546282763282458,0.46285980702645296,0,20
reference,stress,previous_real_terms_synthetic,False,STEP no-KI,last_strike,0.01,terms,20,-12.692262988040843,-8.45712016771237,-40.13648917774359,-1.0486431866884232,0.6481800469235803,0,20
reference,stress,previous_real_terms_synthetic,False,STEP no-KI,last_strike,0.025,terms,20,-30.026077406853442,-20.82375606149435,-94.75757521390916,-2.3014882802963257,0.9888392201890495,0,20
reference,stress,previous_real_terms_synthetic,False,STEP no-KI,last_strike,0.05,terms,20,-55.15131629407407,-38.90876527130604,-172.46812981367114,-4.012837449709575,1.3205535561761506,0,20
reference,stress,published_monthly,True,LIZARD no-KI,base,0.0,terms,1,0.0,0.0,0.0,0.0,0.0,0,0
reference,stress,published_monthly,True,LIZARD no-KI,coupon_regular,-0.01,terms,1,-97.18271345893542,-97.18271345893542,-97.18271345893542,-97.18271345893542,0.231458986165156,0,1
reference,stress,published_monthly,True,LIZARD no-KI,coupon_regular,-0.005,terms,1,-48.59157413244248,-48.59157413244248,-48.59157413244248,-48.59157413244248,0.1157299673984179,0,1
reference,stress,published_monthly,True,LIZARD no-KI,coupon_regular,-0.0025,terms,1,-24.296093026796974,-24.296093026796974,-24.296093026796974,-24.296093026796974,0.0578646017220732,0,1
reference,stress,published_monthly,True,LIZARD no-KI,coupon_regular,-0.001,terms,1,-9.718157678842545,-9.718157678842545,-9.718157678842545,-9.718157678842545,0.0231463937568116,0,1
reference,stress,published_monthly,True,LIZARD no-KI,coupon_regular,0.001,terms,1,9.718234012524286,9.718234012524286,9.718234012524286,9.718234012524286,0.0231457263851307,1,0
reference,stress,published_monthly,True,LIZARD no-KI,coupon_regular,0.0025,terms,1,24.295908639828365,24.295908639828365,24.295908639828365,24.295908639828365,0.0578643458882949,1,0
reference,stress,published_monthly,True,LIZARD no-KI,coupon_regular,0.005,terms,1,48.59163205822309,48.59163205822309,48.59163205822309,48.59163205822309,0.1157282108842958,1,0
reference,stress,published_monthly,True,LIZARD no-KI,coupon_regular,0.01,terms,1,97.18313403924306,97.18313403924306,97.18313403924306,97.18313403924306,0.231457651197424,1,0
reference,stress,published_monthly,True,LIZARD no-KI,first_strike,-0.05,terms,1,-2.8252492658793926,-2.8252492658793926,-2.8252492658793926,-2.8252492658793926,1.0994554468894246,0,1
reference,stress,published_monthly,True,LIZARD no-KI,first_strike,-0.025,terms,1,-1.403692413121462,-1.403692413121462,-1.403692413121462,-1.403692413121462,0.7302100776556238,0,1
reference,stress,published_monthly,True,LIZARD no-KI,first_strike,-0.01,terms,1,-0.5653734927376112,-0.5653734927376112,-0.5653734927376112,-0.5653734927376112,0.4382873130629796,0,1
reference,stress,published_monthly,True,LIZARD no-KI,first_strike,-0.005,terms,1,0.1278468842307726,0.1278468842307726,0.1278468842307726,0.1278468842307726,0.3523718273614235,1,0
reference,stress,published_monthly,True,LIZARD no-KI,first_strike,0.005,terms,1,0.5294338588913282,0.5294338588913282,0.5294338588913282,0.5294338588913282,0.2669471125826304,1,0
reference,stress,published_monthly,True,LIZARD no-KI,first_strike,0.01,terms,1,1.0362414121627808,1.0362414121627808,1.0362414121627808,1.0362414121627808,0.3872548066057282,1,0
reference,stress,published_monthly,True,LIZARD no-KI,first_strike,0.025,terms,1,3.2837289397915206,3.2837289397915206,3.2837289397915206,3.2837289397915206,0.5968618785010393,1,0
reference,stress,published_monthly,True,LIZARD no-KI,first_strike,0.05,terms,1,6.961166684826215,6.961166684826215,6.961166684826215,6.961166684826215,0.7885464473127693,1,0
reference,stress,published_monthly,True,LIZARD no-KI,last_strike,-0.05,terms,1,72.51485359668732,72.51485359668732,72.51485359668732,72.51485359668732,1.990634881015036,1,0
reference,stress,published_monthly,True,LIZARD no-KI,last_strike,-0.025,terms,1,37.76932671666145,37.76932671666145,37.76932671666145,37.76932671666145,1.428596816474947,1,0
reference,stress,published_monthly,True,LIZARD no-KI,last_strike,-0.01,terms,1,15.11109995096922,15.11109995096922,15.11109995096922,15.11109995096922,0.9004075275155354,1,0
reference,stress,published_monthly,True,LIZARD no-KI,last_strike,-0.005,terms,1,8.094063125550747,8.094063125550747,8.094063125550747,8.094063125550747,0.658274988521044,1,0
reference,stress,published_monthly,True,LIZARD no-KI,last_strike,0.005,terms,1,-7.236577093601227,-7.236577093601227,-7.236577093601227,-7.236577093601227,0.6201835312244904,0,1
reference,stress,published_monthly,True,LIZARD no-KI,last_strike,0.01,terms,1,-16.06269437323014,-16.06269437323014,-16.06269437323014,-16.06269437323014,0.921622917752512,0,1
reference,stress,published_monthly,True,LIZARD no-KI,last_strike,0.025,terms,1,-43.09864564985037,-43.09864564985037,-43.09864564985037,-43.09864564985037,1.4981638797590116,0,1
reference,stress,published_monthly,True,LIZARD no-KI,last_strike,0.05,terms,1,-91.31406886378925,-91.31406886378925,-91.31406886378925,-91.31406886378925,2.151783253508632,0,1
reference,stress,published_monthly,True,LIZARD no-KI,monthly_barrier,-0.05,terms,1,0.0,0.0,0.0,0.0,0.0,0,0
reference,stress,published_monthly,True,LIZARD no-KI,monthly_barrier,-0.025,terms,1,0.0,0.0,0.0,0.0,0.0,0,0
reference,stress,published_monthly,True,LIZARD no-KI,monthly_barrier,-0.01,terms,1,0.0,0.0,0.0,0.0,0.0,0,0
reference,stress,published_monthly,True,LIZARD no-KI,monthly_barrier,-0.005,terms,1,0.0,0.0,0.0,0.0,0.0,0,0
reference,stress,published_monthly,True,LIZARD no-KI,monthly_barrier,0.005,terms,1,0.0,0.0,0.0,0.0,0.0,0,0
reference,stress,published_monthly,True,LIZARD no-KI,monthly_barrier,0.01,terms,1,0.0,0.0,0.0,0.0,0.0,0,0
reference,stress,published_monthly,True,LIZARD no-KI,monthly_barrier,0.025,terms,1,0.0,0.0,0.0,0.0,0.0,0,0
reference,stress,published_monthly,True,LIZARD no-KI,monthly_barrier,0.05,terms,1,0.0,0.0,0.0,0.0,0.0,0,0
reference,stress,published_monthly,True,LIZARD no-KI,nobs_early,1.0,schedule,1,26.96534398198128,26.96534398198128,26.96534398198128,26.96534398198128,1.447326035619663,1,0
reference,stress,published_monthly,True,LIZARD no-KI,nobs_late,1.0,schedule,1,-33.85304050644239,-33.85304050644239,-33.85304050644239,-33.85304050644239,1.4590117297440648,0,1
reference,stress,published_monthly,True,LIZARD no-KI,nobs_middle,1.0,schedule,1,-29.12630761414766,-29.12630761414766,-29.12630761414766,-29.12630761414766,1.379435018566951,0,1
reference,stress,published_monthly,True,LIZARD no-KI,tenor_months,-12.0,schedule,1,-38.176951448122665,-38.176951448122665,-38.176951448122665,-38.176951448122665,2.8751409263961207,0,1
reference,stress,published_monthly,True,LIZARD no-KI,tenor_months,-6.0,schedule,1,-19.70014799758792,-19.70014799758792,-19.70014799758792,-19.70014799758792,2.5134561375370863,0,1
reference,stress,published_monthly,True,LIZARD no-KI,tenor_months,-3.0,schedule,1,-6.249931039909521,-6.249931039909521,-6.249931039909521,-6.249931039909521,2.1697735228504493,0,1
reference,stress,published_monthly,True,LIZARD no-KI,tenor_months,-1.0,schedule,1,-3.036685880273581,-3.036685880273581,-3.036685880273581,-3.036685880273581,1.6775297122380175,0,1
reference,stress,published_monthly,True,LIZARD no-KI,tenor_months,1.0,schedule,1,3.0241519547998905,3.0241519547998905,3.0241519547998905,3.0241519547998905,1.6961508110434058,1,0
reference,stress,published_monthly,True,LIZARD no-KI,tenor_months,3.0,schedule,1,6.317108022669951,6.317108022669951,6.317108022669951,6.317108022669951,2.3498086394594124,1,0
reference,stress,published_monthly,True,LIZARD no-KI,tenor_months,6.0,schedule,1,12.738116541256506,12.738116541256506,12.738116541256506,12.738116541256506,2.9027764870759856,1,0
reference,stress,published_monthly,True,LIZARD no-KI,tenor_months,12.0,schedule,1,22.7736984975636,22.7736984975636,22.7736984975636,22.7736984975636,3.6034095325906823,1,0
reference,stress,published_monthly,True,STEP KI,base,0.0,terms,1,0.0,0.0,0.0,0.0,0.0,0,0
reference,stress,published_monthly,True,STEP KI,coupon_regular,-0.01,terms,1,-71.8533049126466,-71.8533049126466,-71.8533049126466,-71.8533049126466,0.1731748179958667,0,1
reference,stress,published_monthly,True,STEP KI,coupon_regular,-0.005,terms,1,-35.927064418792725,-35.927064418792725,-35.927064418792725,-35.927064418792725,0.0865873283440245,0,1
reference,stress,published_monthly,True,STEP KI,coupon_regular,-0.0025,terms,1,-17.962721467018127,-17.962721467018127,-17.962721467018127,-17.962721467018127,0.0432942038927883,0,1
reference,stress,published_monthly,True,STEP KI,coupon_regular,-0.001,terms,1,-7.184829910596212,-7.184829910596212,-7.184829910596212,-7.184829910596212,0.0173182563097095,0,1
reference,stress,published_monthly,True,STEP KI,coupon_regular,0.001,terms,1,7.185705085595449,7.185705085595449,7.185705085595449,7.185705085595449,0.017317653225971,1,0
reference,stress,published_monthly,True,STEP KI,coupon_regular,0.0025,terms,1,17.963749915361404,17.963749915361404,17.963749915361404,17.963749915361404,0.0432942549968372,1,0
reference,stress,published_monthly,True,STEP KI,coupon_regular,0.005,terms,1,35.92703438798586,35.92703438798586,35.92703438798586,35.92703438798586,0.0865870412598698,1,0
reference,stress,published_monthly,True,STEP KI,coupon_regular,0.01,terms,1,71.85345818599065,71.85345818599065,71.85345818599065,71.85345818599065,0.1731754721784169,1,0
reference,stress,published_monthly,True,STEP KI,first_strike,-0.05,terms,1,59.87865562861164,59.87865562861164,59.87865562861164,59.87865562861164,2.247000981467943,1,0
reference,stress,published_monthly,True,STEP KI,first_strike,-0.025,terms,1,26.380017048368853,26.380017048368853,26.380017048368853,26.380017048368853,1.570492742833381,1,0
reference,stress,published_monthly,True,STEP KI,first_strike,-0.01,terms,1,9.21119126304984,9.21119126304984,9.21119126304984,9.21119126304984,0.9839351977174908,1,0
reference,stress,published_monthly,True,STEP KI,first_strike,-0.005,terms,1,4.346031458427509,4.346031458427509,4.346031458427509,4.346031458427509,0.6772617126682084,1,0
reference,stress,published_monthly,True,STEP KI,first_strike,0.005,terms,1,-4.823176297048728,-4.823176297048728,-4.823176297048728,-4.823176297048728,0.6927929484736997,0,1
reference,stress,published_monthly,True,STEP KI,first_strike,0.01,terms,1,-9.102281786501408,-9.102281786501408,-9.102281786501408,-9.102281786501408,0.973996844928978,0,1
reference,stress,published_monthly,True,STEP KI,first_strike,0.025,terms,1,-19.737135419001184,-19.737135419001184,-19.737135419001184,-19.737135419001184,1.5132864438432314,0,1
reference,stress,published_monthly,True,STEP KI,first_strike,0.05,terms,1,-30.48692975814144,-30.48692975814144,-30.48692975814144,-30.48692975814144,2.037281600052475,0,1
reference,stress,published_monthly,True,STEP KI,ki_barrier,-0.05,terms,1,79.08972711861132,79.08972711861132,79.08972711861132,79.08972711861132,1.6014011999072495,1,0
reference,stress,published_monthly,True,STEP KI,ki_barrier,-0.025,terms,1,38.69143282622099,38.69143282622099,38.69143282622099,38.69143282622099,1.1089711599365752,1,0
reference,stress,published_monthly,True,STEP KI,ki_barrier,-0.01,terms,1,14.784473538398744,14.784473538398744,14.784473538398744,14.784473538398744,0.6798499339018964,1,0
reference,stress,published_monthly,True,STEP KI,ki_barrier,-0.005,terms,1,7.292593732476234,7.292593732476234,7.292593732476234,7.292593732476234,0.4781270548396902,1,0
reference,stress,published_monthly,True,STEP KI,ki_barrier,0.005,terms,1,-7.344497757653396,-7.344497757653396,-7.344497757653396,-7.344497757653396,0.4745480141084665,0,1
reference,stress,published_monthly,True,STEP KI,ki_barrier,0.01,terms,1,-14.890120844046274,-14.890120844046274,-14.890120844046274,-14.890120844046274,0.6729149147796654,0,1
reference,stress,published_monthly,True,STEP KI,ki_barrier,0.025,terms,1,-35.57602633535862,-35.57602633535862,-35.57602633535862,-35.57602633535862,1.0303234655221347,0,1
reference,stress,published_monthly,True,STEP KI,ki_barrier,0.05,terms,1,-66.89917806535959,-66.89917806535959,-66.89917806535959,-66.89917806535959,1.3910883003765733,0,1
reference,stress,published_monthly,True,STEP KI,last_strike,-0.05,terms,1,39.719018990794815,39.719018990794815,39.719018990794815,39.719018990794815,0.9791606670850502,1,0
reference,stress,published_monthly,True,STEP KI,last_strike,-0.025,terms,1,18.426446651419003,18.426446651419003,18.426446651419003,18.426446651419003,0.6558221411784299,1,0
reference,stress,published_monthly,True,STEP KI,last_strike,-0.01,terms,1,7.020404825607935,7.020404825607935,7.020404825607935,7.020404825607935,0.4069910966619418,1,0
reference,stress,published_monthly,True,STEP KI,last_strike,-0.005,terms,1,3.950625717639924,3.950625717639924,3.950625717639924,3.950625717639924,0.3099318351675246,1,0
reference,stress,published_monthly,True,STEP KI,last_strike,0.005,terms,1,-2.834340537587801,-2.834340537587801,-2.834340537587801,-2.834340537587801,0.2434117760650874,0,1
reference,stress,published_monthly,True,STEP KI,last_strike,0.01,terms,1,-6.0474541932344446,-6.0474541932344446,-6.0474541932344446,-6.0474541932344446,0.3628424877087548,0,1
reference,stress,published_monthly,True,STEP KI,last_strike,0.025,terms,1,-14.780280778805416,-14.780280778805416,-14.780280778805416,-14.780280778805416,0.572929910397333,0,1
reference,stress,published_monthly,True,STEP KI,last_strike,0.05,terms,1,-27.23013513783614,-27.23013513783614,-27.23013513783614,-27.23013513783614,0.77537362912237,0,1
reference,stress,published_monthly,True,STEP KI,monthly_barrier,-0.05,terms,1,0.0,0.0,0.0,0.0,0.0,0,0
reference,stress,published_monthly,True,STEP KI,monthly_barrier,-0.025,terms,1,0.0,0.0,0.0,0.0,0.0,0,0
reference,stress,published_monthly,True,STEP KI,monthly_barrier,-0.01,terms,1,0.0,0.0,0.0,0.0,0.0,0,0
reference,stress,published_monthly,True,STEP KI,monthly_barrier,-0.005,terms,1,0.0,0.0,0.0,0.0,0.0,0,0
reference,stress,published_monthly,True,STEP KI,monthly_barrier,0.005,terms,1,0.0,0.0,0.0,0.0,0.0,0,0
reference,stress,published_monthly,True,STEP KI,monthly_barrier,0.01,terms,1,0.0,0.0,0.0,0.0,0.0,0,0
reference,stress,published_monthly,True,STEP KI,monthly_barrier,0.025,terms,1,0.0,0.0,0.0,0.0,0.0,0,0
reference,stress,published_monthly,True,STEP KI,monthly_barrier,0.05,terms,1,0.0,0.0,0.0,0.0,0.0,0,0
reference,stress,published_monthly,True,STEP KI,nobs_early,1.0,schedule,1,2.835573742787043,2.835573742787043,2.835573742787043,2.835573742787043,2.4645319708839675,1,0
reference,stress,published_monthly,True,STEP KI,nobs_late,1.0,schedule,1,25.69520273556312,25.69520273556312,25.69520273556312,25.69520273556312,2.5138534102554786,1,0
reference,stress,published_monthly,True,STEP KI,nobs_middle,1.0,schedule,1,15.65027753263712,15.65027753263712,15.65027753263712,15.65027753263712,2.4844981867974427,1,0
reference,stress,published_monthly,True,STEP KI,tenor_months,-12.0,schedule,1,107.5456963640948,107.5456963640948,107.5456963640948,107.5456963640948,3.5757641309507364,1,0
reference,stress,published_monthly,True,STEP KI,tenor_months,-6.0,schedule,1,53.72145615145564,53.72145615145564,53.72145615145564,53.72145615145564,2.951011270014208,1,0
reference,stress,published_monthly,True,STEP KI,tenor_months,-3.0,schedule,1,24.921763595193628,24.921763595193628,24.921763595193628,24.921763595193628,2.5405456865651157,1,0
reference,stress,published_monthly,True,STEP KI,tenor_months,-1.0,schedule,1,6.978117056190968,6.978117056190968,6.978117056190968,6.978117056190968,1.991332429744336,1,0
reference,stress,published_monthly,True,STEP KI,tenor_months,1.0,schedule,1,-8.569692588721713,-8.569692588721713,-8.569692588721713,-8.569692588721713,1.9364265270758183,0,1
reference,stress,published_monthly,True,STEP KI,tenor_months,3.0,schedule,1,-24.51952043113609,-24.51952043113609,-24.51952043113609,-24.51952043113609,2.6265389994010997,0,1
reference,stress,published_monthly,True,STEP KI,tenor_months,6.0,schedule,1,-49.72832810630401,-49.72832810630401,-49.72832810630401,-49.72832810630401,3.23275677185504,0,1
reference,stress,published_monthly,True,STEP KI,tenor_months,12.0,schedule,1,-102.75343046151102,-102.75343046151102,-102.75343046151102,-102.75343046151102,4.060314724462303,0,1
reference,stress,published_monthly,True,STEP no-KI,base,0.0,terms,4,0.0,0.0,0.0,0.0,0.0,0,0
reference,stress,published_monthly,True,STEP no-KI,coupon_regular,-0.01,terms,4,-93.58885381370783,-93.60703443984191,-106.90674595038097,-80.23460042476654,0.21329169758270394,0,4
reference,stress,published_monthly,True,STEP no-KI,coupon_regular,-0.005,terms,4,-46.794248474140964,-46.80346216758092,-53.45303968588512,-40.1170298755169,0.10664608853035426,0,4
reference,stress,published_monthly,True,STEP no-KI,coupon_regular,-0.0025,terms,4,-23.39728953192631,-23.40183274447918,-26.72678749759992,-20.058705141146977,0.053322707990895696,0,4
reference,stress,published_monthly,True,STEP no-KI,coupon_regular,-0.001,terms,4,-9.358960544069607,-9.360506395498911,-10.691214203834534,-8.023615181446075,0.0213288671252622,0,4
reference,stress,published_monthly,True,STEP no-KI,coupon_regular,0.001,terms,4,9.358834060529869,9.360530376434326,8.02351932724317,10.69075616200765,0.021329114752025497,4,0
reference,stress,published_monthly,True,STEP no-KI,coupon_regular,0.0025,terms,4,23.397359684109688,23.401804472009342,20.059049516916275,26.7267802755038,0.053322395210655855,4,0
reference,stress,published_monthly,True,STEP no-KI,coupon_regular,0.005,terms,4,46.79440146187941,46.80350145697594,40.1172583202521,53.45334461331368,0.10664525385453777,4,0
reference,stress,published_monthly,True,STEP no-KI,coupon_regular,0.01,terms,4,93.58883542815845,93.60690314074358,80.2350243628025,106.90651106834412,0.2132913241968232,4,0
reference,stress,published_monthly,True,STEP no-KI,first_strike,-0.05,terms,4,28.67551681709786,24.679711075499654,-29.69911361982425,95.04175873721638,1.9958883398499787,2,2
reference,stress,published_monthly,True,STEP no-KI,first_strike,-0.025,terms,4,10.201044088229537,7.772639865676561,-16.673337039848168,41.93223366141319,1.3285535015336845,2,2
reference,stress,published_monthly,True,STEP no-KI,first_strike,-0.01,terms,4,3.5606326777487993,3.0647092120101047,-6.939649502436319,15.052761789411306,0.8151538789995008,2,2
reference,stress,published_monthly,True,STEP no-KI,first_strike,-0.005,terms,4,2.0319458777084947,1.3048924747854471,-3.294265141089757,8.812263702352842,0.5849069716849724,2,2
reference,stress,published_monthly,True,STEP no-KI,first_strike,0.005,terms,4,-1.255228816221158,-0.662264750649532,-7.302837118506432,3.606451354920864,0.5440171027828942,2,2
reference,stress,published_monthly,True,STEP no-KI,first_strike,0.01,terms,4,-2.4863675826539597,-1.3405872465421753,-14.557692757497232,7.293396919965744,0.7658277755022496,2,2
reference,stress,published_monthly,True,STEP no-KI,first_strike,0.025,terms,4,-4.454920460159579,-1.4889943326512958,-32.74148818105459,17.899795005718865,1.1542322955952127,2,2
reference,stress,published_monthly,True,STEP no-KI,first_strike,0.05,terms,4,-4.50071171236535,0.5552635130782893,-54.78692468007406,35.67355080445608,1.4963454386813235,2,2
reference,stress,published_monthly,True,STEP no-KI,last_strike,-0.05,terms,4,122.8504068677624,118.52934448172648,101.6602770338456,152.68266147375107,2.3542921347465007,4,0
reference,stress,published_monthly,True,STEP no-KI,last_strike,-0.025,terms,4,60.212536334991455,60.596808820962906,48.30004690090815,71.35648079713185,1.6421745117413231,4,0
reference,stress,published_monthly,True,STEP no-KI,last_strike,-0.01,terms,4,23.3671170125405,23.732778005301952,17.78131510814031,28.221596931417785,1.0185198118152117,4,0
reference,stress,published_monthly,True,STEP no-KI,last_strike,-0.005,terms,4,11.735786245514948,11.792690249780813,9.089632153511047,14.268132328987122,0.720926880474836,4,0
reference,stress,published_monthly,True,STEP no-KI,last_strike,0.005,terms,4,-12.013606590529282,-12.22147135188182,-13.541336039702095,-10.07014761865139,0.7284409788008688,0,4
reference,stress,published_monthly,True,STEP no-KI,last_strike,0.01,terms,4,-23.972057426969208,-24.61371900141239,-27.51898213724295,-19.141809567809105,1.0249647985176096,0,4
reference,stress,published_monthly,True,STEP no-KI,last_strike,0.025,terms,4,-58.626001621286065,-59.89515050748984,-69.3619934618473,-45.35171200831731,1.586484022170604,0,4
reference,stress,published_monthly,True,STEP no-KI,last_strike,0.05,terms,4,-112.78397438923518,-113.8802414983511,-142.13684166471165,-81.23857289552689,2.1646643742830385,0,4
reference,stress,published_monthly,True,STEP no-KI,monthly_barrier,-0.05,terms,4,0.0,0.0,0.0,0.0,0.0,0,0
reference,stress,published_monthly,True,STEP no-KI,monthly_barrier,-0.025,terms,4,0.0,0.0,0.0,0.0,0.0,0,0
reference,stress,published_monthly,True,STEP no-KI,monthly_barrier,-0.01,terms,4,0.0,0.0,0.0,0.0,0.0,0,0
reference,stress,published_monthly,True,STEP no-KI,monthly_barrier,-0.005,terms,4,0.0,0.0,0.0,0.0,0.0,0,0
reference,stress,published_monthly,True,STEP no-KI,monthly_barrier,0.005,terms,4,0.0,0.0,0.0,0.0,0.0,0,0
reference,stress,published_monthly,True,STEP no-KI,monthly_barrier,0.01,terms,4,0.0,0.0,0.0,0.0,0.0,0,0
reference,stress,published_monthly,True,STEP no-KI,monthly_barrier,0.025,terms,4,0.0,0.0,0.0,0.0,0.0,0,0
reference,stress,published_monthly,True,STEP no-KI,monthly_barrier,0.05,terms,4,0.0,0.0,0.0,0.0,0.0,0,0
reference,stress,published_monthly,True,STEP no-KI,nobs_early,1.0,schedule,4,-16.0274222108225,-11.26352157878379,-41.920725103467696,0.3380794177452723,2.4825009706116092,1,3
reference,stress,published_monthly,True,STEP no-KI,nobs_late,1.0,schedule,4,37.923313578280315,30.672469090670344,-29.173055663704872,119.52137179548542,2.5956285305944933,2,2
reference,stress,published_monthly,True,STEP no-KI,nobs_middle,1.0,schedule,4,10.370062055376668,7.320182248950005,-30.09187218050162,56.931755904108286,2.471603647132378,2,2
reference,stress,published_monthly,True,STEP no-KI,tenor_months,-12.0,schedule,4,92.45398807913686,71.93857572041452,-16.554667128870886,242.4934680045893,4.104591187138535,2,2
reference,stress,published_monthly,True,STEP no-KI,tenor_months,-6.0,schedule,4,43.321703367400914,32.38561858733495,-8.596676800400019,117.11225309533376,3.607484437251513,2,2
reference,stress,published_monthly,True,STEP no-KI,tenor_months,-3.0,schedule,4,23.151422064751387,18.282666014507416,-1.7750869803130624,57.81544321030378,3.1667039572704914,3,1
reference,stress,published_monthly,True,STEP no-KI,tenor_months,-1.0,schedule,4,6.535829278174787,4.809011900797486,-0.3274461130301158,16.852739424134292,2.5002428380135675,3,1
reference,stress,published_monthly,True,STEP no-KI,tenor_months,1.0,schedule,4,-10.826384402966749,-10.10276773882409,-24.70517664961517,1.6051745153963564,2.5056478206216886,1,3
reference,stress,published_monthly,True,STEP no-KI,tenor_months,3.0,schedule,4,-22.587587324902415,-20.274126936992012,-56.882215194404125,7.0801197687784825,3.283731919094306,1,3
reference,stress,published_monthly,True,STEP no-KI,tenor_months,6.0,schedule,4,-43.63962793815881,-38.61630003061145,-101.2096487414092,3.883737049996853,3.8814388792581855,1,3
reference,stress,published_monthly,True,STEP no-KI,tenor_months,12.0,schedule,4,-80.31194441299886,-74.13824736109625,-178.582322942093,5.611040012290081,4.686013840460204,1,3
reference,test,synthetic_monthly,True,LIZARD no-KI,base,0.0,terms,43,0.0,0.0,0.0,0.0,0.0,0,0
reference,test,synthetic_monthly,True,LIZARD no-KI,coupon_regular,-0.01,terms,43,-44.004745932512506,-44.03662271300952,-44.216626316308975,-43.66847183307012,0.13779756145675348,0,43
reference,test,synthetic_monthly,True,LIZARD no-KI,coupon_regular,-0.005,terms,43,-22.002421277207,-22.01830253005028,-22.10792308052381,-21.834223449230198,0.06889883048335277,0,43
reference,test,synthetic_monthly,True,LIZARD no-KI,coupon_regular,-0.0025,terms,43,-11.001089397788972,-11.0099396109581,-11.054332862297692,-10.91711164514224,0.034449366909907755,0,43
reference,test,synthetic_monthly,True,LIZARD no-KI,coupon_regular,-0.001,terms,43,-4.400361395390459,-4.404259184996287,-4.421589225530624,-4.3666965564092,0.013779735765378394,0,43
reference,test,synthetic_monthly,True,LIZARD no-KI,coupon_regular,0.001,terms,43,4.400578162004782,4.402857234080633,4.366690864165624,4.421615074078242,0.013779765358847736,43,0
reference,test,synthetic_monthly,True,LIZARD no-KI,coupon_regular,0.0025,terms,43,11.001277121231537,11.008386294047035,10.916320929924648,11.054379681746166,0.03444943835603586,43,0
reference,test,synthetic_monthly,True,LIZARD no-KI,coupon_regular,0.005,terms,43,22.002394077158716,22.01831446091334,21.83424002925555,22.10795711477597,0.06889870609467702,43,0
reference,test,synthetic_monthly,True,LIZARD no-KI,coupon_regular,0.01,terms,43,44.00481141861095,44.03584637244542,43.66845512390137,44.21666147311529,0.1377974641889824,43,0
reference,test,synthetic_monthly,True,LIZARD no-KI,first_strike,-0.05,terms,43,62.88460849800197,63.09259424358606,51.49695668369532,75.63077127933502,0.4919912475725331,43,0
reference,test,synthetic_monthly,True,LIZARD no-KI,first_strike,-0.025,terms,43,35.13837677263474,35.5913507938385,28.508103710909683,42.49842997143666,0.3494624776394447,43,0
reference,test,synthetic_monthly,True,LIZARD no-KI,first_strike,-0.01,terms,43,14.884905883046084,15.000384122133257,12.187666843334831,18.298090996841587,0.2241820649995591,43,0
reference,test,synthetic_monthly,True,LIZARD no-KI,first_strike,-0.005,terms,43,7.571882390063401,7.606102128823599,5.954816237092018,9.4552818313241,0.16183293284025657,43,0
reference,test,synthetic_monthly,True,LIZARD no-KI,first_strike,0.005,terms,43,-7.767013991814713,-7.774829184015592,-9.567978518704573,-6.281101276477178,0.16242709751905363,0,43
reference,test,synthetic_monthly,True,LIZARD no-KI,first_strike,0.01,terms,43,-15.750246223264424,-15.829666626950106,-19.63098286588987,-12.75936198234558,0.22749231241686307,0,43
reference,test,synthetic_monthly,True,LIZARD no-KI,first_strike,0.025,terms,43,-40.60847228777039,-41.004353096087776,-49.84417193631331,-32.79802340020736,0.3484243333054118,0,43
reference,test,synthetic_monthly,True,LIZARD no-KI,first_strike,0.05,terms,43,-83.32823510283185,-83.04511369516453,-101.35377118736506,-67.72810923804839,0.4594893256610861,0,43
reference,test,synthetic_monthly,True,LIZARD no-KI,last_strike,-0.05,terms,43,19.36234148926744,19.176013499498367,16.934704865018524,23.274786107242107,1.0497661594418153,43,0
reference,test,synthetic_monthly,True,LIZARD no-KI,last_strike,-0.025,terms,43,10.297695308172889,10.275817699730396,8.694973575572172,12.240450198451676,0.7597980839995778,43,0
reference,test,synthetic_monthly,True,LIZARD no-KI,last_strike,-0.01,terms,43,4.3073101934305456,4.36220636467139,3.31130380431811,5.327586072186628,0.48882701235272924,43,0
reference,test,synthetic_monthly,True,LIZARD no-KI,last_strike,-0.005,terms,43,2.1761452685030855,2.133907382686933,1.4160751725236576,2.7543859481811523,0.34666444801024715,43,0
reference,test,synthetic_monthly,True,LIZARD no-KI,last_strike,0.005,terms,43,-2.2433538522369174,-2.3009706983963647,-3.033630100389322,-1.2917879447340963,0.3504316367435338,0,43
reference,test,synthetic_monthly,True,LIZARD no-KI,last_strike,0.01,terms,43,-4.465579244921836,-4.358791838089624,-5.759447142481804,-3.467482862373193,0.49438744759455777,0,43
reference,test,synthetic_monthly,True,LIZARD no-KI,last_strike,0.025,terms,43,-11.357145433335804,-11.329359399775663,-13.79295576363802,-10.017032536367577,0.7845229462189557,0,43
reference,test,synthetic_monthly,True,LIZARD no-KI,last_strike,0.05,terms,43,-23.393736880301507,-23.45579023162524,-26.455909972389534,-21.41847104082505,1.114934678749632,0,43
reference,test,synthetic_monthly,True,LIZARD no-KI,monthly_barrier,-0.05,terms,43,0.0,0.0,0.0,0.0,0.0,0,0
reference,test,synthetic_monthly,True,LIZARD no-KI,monthly_barrier,-0.025,terms,43,0.0,0.0,0.0,0.0,0.0,0,0
reference,test,synthetic_monthly,True,LIZARD no-KI,monthly_barrier,-0.01,terms,43,0.0,0.0,0.0,0.0,0.0,0,0
reference,test,synthetic_monthly,True,LIZARD no-KI,monthly_barrier,-0.005,terms,43,0.0,0.0,0.0,0.0,0.0,0,0
reference,test,synthetic_monthly,True,LIZARD no-KI,monthly_barrier,0.005,terms,43,0.0,0.0,0.0,0.0,0.0,0,0
reference,test,synthetic_monthly,True,LIZARD no-KI,monthly_barrier,0.01,terms,43,0.0,0.0,0.0,0.0,0.0,0,0
reference,test,synthetic_monthly,True,LIZARD no-KI,monthly_barrier,0.025,terms,43,0.0,0.0,0.0,0.0,0.0,0,0
reference,test,synthetic_monthly,True,LIZARD no-KI,monthly_barrier,0.05,terms,43,0.0,0.0,0.0,0.0,0.0,0,0
reference,test,synthetic_monthly,True,LIZARD no-KI,nobs_early,1.0,schedule,43,39.7761995725969,39.78673760468761,21.439175952225924,60.85486481835445,1.3899531058424328,43,0
reference,test,synthetic_monthly,True,LIZARD no-KI,nobs_late,1.0,schedule,43,-14.286059200215018,-14.448711468527714,-28.027977030724283,-2.844480310877164,0.9760803461562919,0,43
reference,test,synthetic_monthly,True,LIZARD no-KI,nobs_middle,1.0,schedule,43,-13.192115880115784,-13.383080369482435,-26.265737420568865,-2.7848228439688683,0.9550381800073708,0,43
reference,test,synthetic_monthly,True,LIZARD no-KI,tenor_months,-12.0,schedule,43,-25.77535700269564,-26.6966247583429,-52.04404226690531,-1.2050905860960484,1.5629812623102723,0,43
reference,test,synthetic_monthly,True,LIZARD no-KI,tenor_months,-6.0,schedule,43,-12.864065947574236,-13.226321883499622,-28.334869846701626,0.6620748105148475,1.3943682367089099,1,42
reference,test,synthetic_monthly,True,LIZARD no-KI,tenor_months,-3.0,schedule,43,-6.576356313198574,-5.380130719393492,-16.081019520759583,-0.2891103612879912,1.191309787503057,0,43
reference,test,synthetic_monthly,True,LIZARD no-KI,tenor_months,-1.0,schedule,43,-2.177598572343357,-2.091975549856821,-5.856094156702359,0.907729171216488,0.8795516786071327,6,37
reference,test,synthetic_monthly,True,LIZARD no-KI,tenor_months,1.0,schedule,43,2.2985765744838145,2.2181017187734446,-1.5106729256610074,6.921998718132575,0.9569531217663307,39,4
reference,test,synthetic_monthly,True,LIZARD no-KI,tenor_months,3.0,schedule,43,6.616129240728626,7.067256204783916,-2.0642633698880672,15.880701078722876,1.3438418001900827,39,4
reference,test,synthetic_monthly,True,LIZARD no-KI,tenor_months,6.0,schedule,43,13.319628385191624,14.115320660173891,-2.870729086299737,31.72062362109621,1.7023448040626565,40,3
reference,test,synthetic_monthly,True,LIZARD no-KI,tenor_months,12.0,schedule,43,27.970211504344903,27.701358464856945,-2.5820777590076127,63.97352455680569,2.301378983162278,39,4
reference,test,synthetic_monthly,True,STEP KI,base,0.0,terms,43,0.0,0.0,0.0,0.0,0.0,0,0
reference,test,synthetic_monthly,True,STEP KI,coupon_regular,-0.01,terms,43,-78.99236697351284,-73.46339200933774,-104.5441217025121,-64.35503122210503,0.20991461411144505,0,43
reference,test,synthetic_monthly,True,STEP KI,coupon_regular,-0.005,terms,43,-39.496152505856145,-36.73176564772924,-52.27196033795674,-32.17752360304197,0.10495737205846853,0,43
reference,test,synthetic_monthly,True,STEP KI,coupon_regular,-0.0025,terms,43,-19.748116404511205,-18.365926225980125,-26.1360744535923,-16.088630000750225,0.05247872552170192,0,43
reference,test,synthetic_monthly,True,STEP KI,coupon_regular,-0.001,terms,43,-7.899257078420284,-7.346287528673808,-10.454402953386309,-6.435420254866282,0.02099156469534373,0,43
reference,test,synthetic_monthly,True,STEP KI,coupon_regular,0.001,terms,43,7.899222406999085,7.345656434694926,6.435797492663066,10.454037666320804,0.020991373459039734,43,0
reference,test,synthetic_monthly,True,STEP KI,coupon_regular,0.0025,terms,43,19.74804988826892,18.365768154462177,16.089055289824802,26.13561670978864,0.05247856656448258,43,0
reference,test,synthetic_monthly,True,STEP KI,coupon_regular,0.005,terms,43,39.4961727725905,36.7316778699557,32.177643567323685,52.271933595339455,0.10495716773399946,43,0
reference,test,synthetic_monthly,True,STEP KI,coupon_regular,0.01,terms,43,78.99237807845884,73.46344351768494,64.35557202498117,104.54427927732468,0.20991438097350643,43,0
reference,test,synthetic_monthly,True,STEP KI,first_strike,-0.05,terms,43,68.9122938081449,95.7992023974657,-55.52940148363511,180.9349805954844,2.2582880800488665,33,10
reference,test,synthetic_monthly,True,STEP KI,first_strike,-0.025,terms,43,29.144291479934672,40.811542093753815,-28.052590628465012,82.73409642092884,1.5316277888338314,33,10
reference,test,synthetic_monthly,True,STEP KI,first_strike,-0.01,terms,43,10.435097103079332,13.572559488316378,-10.799027912318708,32.03862615364294,0.940217709710406,33,10
reference,test,synthetic_monthly,True,STEP KI,first_strike,-0.005,terms,43,5.006202331455353,6.690062277019024,-5.329621188342571,16.798798295979697,0.6560499780188309,33,10
reference,test,synthetic_monthly,True,STEP KI,first_strike,0.005,terms,43,-4.582337660953229,-5.609781807909409,-15.240691481158136,5.084430021544297,0.6400450234353354,11,32
reference,test,synthetic_monthly,True,STEP KI,first_strike,0.01,terms,43,-8.694761286370545,-11.208081422994535,-29.474347264195483,10.337964050471784,0.8936728648678862,11,32
reference,test,synthetic_monthly,True,STEP KI,first_strike,0.025,terms,43,-19.08343572677438,-25.320807273189228,-67.31429711030796,24.848694056272507,1.3571757129948132,11,32
reference,test,synthetic_monthly,True,STEP KI,first_strike,0.05,terms,43,-30.727482181154336,-41.37986628338694,-123.5986922282415,44.926266223192215,1.7911011108688764,13,30
reference,test,synthetic_monthly,True,STEP KI,ki_barrier,-0.05,terms,43,121.93473886554092,132.7665522173047,18.06272945056359,214.72532246510187,1.8824166104911202,43,0
reference,test,synthetic_monthly,True,STEP KI,ki_barrier,-0.025,terms,43,58.99649908243455,65.06508204092582,7.636359040935835,101.81375948588052,1.3070157996082163,43,0
reference,test,synthetic_monthly,True,STEP KI,ki_barrier,-0.01,terms,43,23.23846745225348,25.26281541834275,2.563219969471296,40.66769428551197,0.8189602550503312,43,0
reference,test,synthetic_monthly,True,STEP KI,ki_barrier,-0.005,terms,43,11.50965179450983,12.40643236041069,1.289296326537927,20.0560889095068,0.5763121452312328,43,0
reference,test,synthetic_monthly,True,STEP KI,ki_barrier,0.005,terms,43,-11.31718826559625,-11.35905256619056,-20.1546297421058,-0.848512552678585,0.5693380749949515,0,43
reference,test,synthetic_monthly,True,STEP KI,ki_barrier,0.01,terms,43,-22.37068704504144,-23.47318868090709,-40.96887917816639,-2.237156629562378,0.7964069369120688,0,43
reference,test,synthetic_monthly,True,STEP KI,ki_barrier,0.025,terms,43,-54.40995340147454,-53.845070573190846,-100.49723580976328,-5.764615369339784,1.2279966161850029,0,43
reference,test,synthetic_monthly,True,STEP KI,ki_barrier,0.05,terms,43,-103.00002655745016,-93.9633050362269,-189.118258814017,-9.982397402326267,1.6540378291582725,0,43
reference,test,synthetic_monthly,True,STEP KI,last_strike,-0.05,terms,43,54.27152311721051,47.22438699007034,15.736562316616377,99.3071896781524,1.1120236623344093,43,0
reference,test,synthetic_monthly,True,STEP KI,last_strike,-0.025,terms,43,24.822143569242122,20.961020266016327,7.983928109208743,46.42346128821373,0.7448949490785293,43,0
reference,test,synthetic_monthly,True,STEP KI,last_strike,-0.01,terms,43,9.225737865119017,7.790335794289907,3.1503314276536307,17.20223367710908,0.4510834855995672,43,0
reference,test,synthetic_monthly,True,STEP KI,last_strike,-0.005,terms,43,4.527544222252314,3.859627604484559,1.4561016410589218,8.89687437315782,0.3154540689646913,43,0
reference,test,synthetic_monthly,True,STEP KI,last_strike,0.005,terms,43,-4.450780431083007,-3.858945548534393,-8.51841551065445,-1.4359282702207563,0.31292703477400446,0,43
reference,test,synthetic_monthly,True,STEP KI,last_strike,0.01,terms,43,-8.754837664522865,-7.485902100801468,-15.910189196467398,-3.013028139869372,0.4364967695053403,0,43
reference,test,synthetic_monthly,True,STEP KI,last_strike,0.025,terms,43,-20.325802978965662,-17.318911890188854,-37.79245664179325,-7.3568859448035555,0.6587685541592764,0,43
reference,test,synthetic_monthly,True,STEP KI,last_strike,0.05,terms,43,-36.40136333907298,-29.913668870925903,-65.74654288589954,-14.557797342538834,0.8703560843817373,0,43
reference,test,synthetic_monthly,True,STEP KI,monthly_barrier,-0.05,terms,38,0.0,0.0,0.0,0.0,0.0,0,0
reference,test,synthetic_monthly,True,STEP KI,monthly_barrier,-0.025,terms,38,0.0,0.0,0.0,0.0,0.0,0,0
reference,test,synthetic_monthly,True,STEP KI,monthly_barrier,-0.01,terms,38,0.0,0.0,0.0,0.0,0.0,0,0
reference,test,synthetic_monthly,True,STEP KI,monthly_barrier,-0.005,terms,38,0.0,0.0,0.0,0.0,0.0,0,0
reference,test,synthetic_monthly,True,STEP KI,monthly_barrier,0.005,terms,43,0.0,0.0,0.0,0.0,0.0,0,0
reference,test,synthetic_monthly,True,STEP KI,monthly_barrier,0.01,terms,43,0.0,0.0,0.0,0.0,0.0,0,0
reference,test,synthetic_monthly,True,STEP KI,monthly_barrier,0.025,terms,43,0.0,0.0,0.0,0.0,0.0,0,0
reference,test,synthetic_monthly,True,STEP KI,monthly_barrier,0.05,terms,43,0.0,0.0,0.0,0.0,0.0,0,0
reference,test,synthetic_monthly,True,STEP KI,nobs_early,1.0,schedule,43,3.4499376229472576,-1.5098688304424286,-30.07525180280209,66.83840158985306,2.6022556998311637,19,24
reference,test,synthetic_monthly,True,STEP KI,nobs_late,1.0,schedule,43,49.552365716889696,46.0242023964723,-39.04400567958752,150.56370811893913,2.683510396761656,32,11
reference,test,synthetic_monthly,True,STEP KI,nobs_middle,1.0,schedule,43,28.978816277278916,28.527919796605904,-39.82608006646236,126.16646841277056,2.63847158282059,31,12
reference,test,synthetic_monthly,True,STEP KI,tenor_months,-12.0,schedule,43,219.26637373441946,266.6539151805143,-84.00796219706534,524.7179456000838,4.154768009983962,36,7
reference,test,synthetic_monthly,True,STEP KI,tenor_months,-6.0,schedule,43,105.3967577541832,128.37938310454288,-34.76563625658552,243.35686719898757,3.383238226287589,39,4
reference,test,synthetic_monthly,True,STEP KI,tenor_months,-3.0,schedule,43,51.60610682831702,63.3177707840999,-15.165292207151651,117.38917474122718,2.8807167585698092,39,4
reference,test,synthetic_monthly,True,STEP KI,tenor_months,-1.0,schedule,43,17.42557649366745,21.025354075556,-4.831846497952938,44.14617967869465,2.203531627331907,39,4
reference,test,synthetic_monthly,True,STEP KI,tenor_months,1.0,schedule,43,-17.199864562631536,-17.59138832784568,-35.9939155834727,4.16472228243947,2.2386901398924954,5,38
reference,test,synthetic_monthly,True,STEP KI,tenor_months,3.0,schedule,43,-50.15900612719423,-56.87469847748677,-110.57491519286609,13.380000213781994,3.00437363946927,3,40
reference,test,synthetic_monthly,True,STEP KI,tenor_months,6.0,schedule,43,-97.59727183006011,-111.73241035578152,-209.70105086018643,21.00572745874524,3.646709966186374,3,40
reference,test,synthetic_monthly,True,STEP KI,tenor_months,12.0,schedule,43,-184.58390313015835,-223.86124748177824,-384.68110190394026,31.76210808753968,4.566213374726904,3,40
reference,test,synthetic_monthly,True,STEP no-KI,base,0.0,terms,42,0.0,0.0,0.0,0.0,0.0,0,0
reference,test,synthetic_monthly,True,STEP no-KI,coupon_regular,-0.01,terms,42,-87.58449472013919,-92.6410569101572,-108.92334207892418,-60.825138767560325,0.20255544866601577,0,42
reference,test,synthetic_monthly,True,STEP no-KI,coupon_regular,-0.005,terms,42,-43.79225145777066,-46.320652812719345,-54.461828619241714,-30.412146468957268,0.10127773548984738,0,42
reference,test,synthetic_monthly,True,STEP no-KI,coupon_regular,-0.0025,terms,42,-21.89618581013074,-23.160583674907684,-27.23076128959656,-15.206569343805311,0.0506387879284,0,42
reference,test,synthetic_monthly,True,STEP no-KI,coupon_regular,-0.001,terms,42,-8.758469609987166,-9.264208232363067,-10.892119298378626,-6.082985977331798,0.020255450000794113,0,42
reference,test,synthetic_monthly,True,STEP no-KI,coupon_regular,0.001,terms,42,8.758427125357446,9.263733446598053,6.082992970943451,10.89251071214676,0.02025565217807481,42,0
reference,test,synthetic_monthly,True,STEP no-KI,coupon_regular,0.0025,terms,42,21.8960623239714,23.15995119512081,15.206531176964443,27.2308515906334,0.0506389632913148,42,0
reference,test,synthetic_monthly,True,STEP no-KI,coupon_regular,0.005,terms,42,43.79225339988867,46.320303132136665,30.41306228439013,54.46142774820328,0.10127782305670169,42,0
reference,test,synthetic_monthly,True,STEP no-KI,coupon_regular,0.01,terms,42,87.58443515239253,92.64065568149087,60.8251075943311,108.92315694689748,0.20255565754425908,42,0
reference,test,synthetic_monthly,True,STEP no-KI,first_strike,-0.05,terms,42,45.87374502159876,47.213538253058985,-56.85081650316715,213.63414755013463,2.178776677512344,29,13
reference,test,synthetic_monthly,True,STEP no-KI,first_strike,-0.025,terms,42,18.967748554752372,22.59145231669148,-30.63410415003697,102.27915839493896,1.4823271165301204,29,13
reference,test,synthetic_monthly,True,STEP no-KI,first_strike,-0.01,terms,42,6.833307972321995,8.521433453386027,-12.034242148200672,39.33713913631315,0.9152195266725187,29,13
reference,test,synthetic_monthly,True,STEP no-KI,first_strike,-0.005,terms,42,3.3017446916469093,4.6631302541742725,-5.619834206998348,20.23010598014419,0.6418511809127697,29,13
reference,test,synthetic_monthly,True,STEP no-KI,first_strike,0.005,terms,42,-2.8627511994129726,-2.884467696150144,-18.41818100803842,6.22307679305474,0.6232606257149703,14,28
reference,test,synthetic_monthly,True,STEP no-KI,first_strike,0.01,terms,42,-5.565862239966732,-6.390123512595892,-35.79640756454319,12.414535403251648,0.8738307357395827,14,28
reference,test,synthetic_monthly,True,STEP no-KI,first_strike,0.025,terms,42,-12.428622679433799,-14.136304265509047,-85.62452539755033,30.72844854493936,1.3346219396077088,14,28
reference,test,synthetic_monthly,True,STEP no-KI,first_strike,0.05,terms,42,-18.93882919745409,-21.850063565497596,-149.53425144256713,57.11791452765465,1.7627639882379387,16,26
reference,test,synthetic_monthly,True,STEP no-KI,last_strike,-0.05,terms,42,109.73118577761547,98.38628137360016,33.45218416800101,209.65921309590337,2.1343516972856085,42,0
reference,test,synthetic_monthly,True,STEP no-KI,last_strike,-0.025,terms,42,53.53910791454097,47.794103759030506,18.601434896389645,100.5164451400439,1.486632637333532,42,0
reference,test,synthetic_monthly,True,STEP no-KI,last_strike,-0.01,terms,42,20.940741124489005,19.139217620094616,7.173130253950755,38.3216428955396,0.9262256627860743,42,0
reference,test,synthetic_monthly,True,STEP no-KI,last_strike,-0.005,terms,42,10.422362805240684,9.983726340035597,3.365180825193723,19.863989993929863,0.6527798773423814,42,0
reference,test,synthetic_monthly,True,STEP no-KI,last_strike,0.005,terms,42,-10.24098468370854,-10.395567456881205,-17.6572505235672,-3.0830385784308114,0.6460414334046449,0,42
reference,test,synthetic_monthly,True,STEP no-KI,last_strike,0.01,terms,42,-20.38822674053529,-20.556930941840015,-34.93944249053796,-6.580768013993899,0.9084148154565396,0,42
reference,test,synthetic_monthly,True,STEP no-KI,last_strike,0.025,terms,42,-48.78679613378786,-48.525653133789696,-83.48922369380792,-16.016182442506153,1.3935740964496883,0,42
reference,test,synthetic_monthly,True,STEP no-KI,last_strike,0.05,terms,42,-91.39352329725783,-90.64277701079845,-149.65269221365452,-28.80038459599018,1.8801124056706682,0,42
reference,test,synthetic_monthly,True,STEP no-KI,monthly_barrier,-0.05,terms,42,0.0,0.0,0.0,0.0,0.0,0,0
reference,test,synthetic_monthly,True,STEP no-KI,monthly_barrier,-0.025,terms,42,0.0,0.0,0.0,0.0,0.0,0,0
reference,test,synthetic_monthly,True,STEP no-KI,monthly_barrier,-0.01,terms,42,0.0,0.0,0.0,0.0,0.0,0,0
reference,test,synthetic_monthly,True,STEP no-KI,monthly_barrier,-0.005,terms,42,0.0,0.0,0.0,0.0,0.0,0,0
reference,test,synthetic_monthly,True,STEP no-KI,monthly_barrier,0.005,terms,42,0.0,0.0,0.0,0.0,0.0,0,0
reference,test,synthetic_monthly,True,STEP no-KI,monthly_barrier,0.01,terms,42,0.0,0.0,0.0,0.0,0.0,0,0
reference,test,synthetic_monthly,True,STEP no-KI,monthly_barrier,0.025,terms,42,0.0,0.0,0.0,0.0,0.0,0,0
reference,test,synthetic_monthly,True,STEP no-KI,monthly_barrier,0.05,terms,42,0.0,0.0,0.0,0.0,0.0,0,0
reference,test,synthetic_monthly,True,STEP no-KI,nobs_early,1.0,schedule,42,-6.014168182661431,-12.682440138111513,-25.084331485132378,51.03774298354983,2.554551572296575,12,30
reference,test,synthetic_monthly,True,STEP no-KI,nobs_late,1.0,schedule,42,52.11323774995518,47.742261265714966,-40.175696693360806,227.51519702468067,2.7198886140618943,34,8
reference,test,synthetic_monthly,True,STEP no-KI,nobs_middle,1.0,schedule,42,16.660332247577905,16.40692003319661,-40.395998015999794,157.32726350581896,2.5783022827588473,28,14
reference,test,synthetic_monthly,True,STEP no-KI,tenor_months,-12.0,schedule,42,102.4349486135059,90.25954236400625,-88.43180680274963,559.3586167609707,4.101520827976764,32,10
reference,test,synthetic_monthly,True,STEP no-KI,tenor_months,-6.0,schedule,42,49.98938551115607,45.689214566412076,-43.50976746529341,260.51275114649127,3.5617064358967516,32,10
reference,test,synthetic_monthly,True,STEP no-KI,tenor_months,-3.0,schedule,42,24.36605931195756,21.60432277744015,-20.178286515176296,124.29640390180673,3.1160355360198366,31,11
reference,test,synthetic_monthly,True,STEP no-KI,tenor_months,-1.0,schedule,42,8.091489075474247,6.025667104870081,-5.179990284144879,41.85233582362222,2.463613851251174,31,11
reference,test,synthetic_monthly,True,STEP no-KI,tenor_months,1.0,schedule,42,-8.348024662924997,-7.065179772675037,-47.18668324752555,8.761133653422197,2.5109934304781363,9,33
reference,test,synthetic_monthly,True,STEP no-KI,tenor_months,3.0,schedule,42,-23.355020848166156,-21.162584763020277,-123.4567639323456,20.522901944816116,3.2320222063162825,10,32
reference,test,synthetic_monthly,True,STEP no-KI,tenor_months,6.0,schedule,42,-44.49862184005305,-43.04378103713195,-239.88924456779688,39.82708278298378,3.8162959694107976,10,32
reference,test,synthetic_monthly,True,STEP no-KI,tenor_months,12.0,schedule,42,-85.36138665471097,-84.26328870002179,-464.6105457333615,72.66599002232154,4.599570641519463,10,32
reference,test,synthetic_regular,False,LIZARD KI,base,0.0,terms,32,0.0,0.0,0.0,0.0,0.0,0,0
reference,test,synthetic_regular,False,LIZARD KI,coupon_regular,-0.01,terms,32,-40.82623345591128,-38.43880291779836,-103.87628601988156,-12.186125740408896,0.12995668391748652,0,32
reference,test,synthetic_regular,False,LIZARD KI,coupon_regular,-0.005,terms,32,-20.41308862234776,-19.218780487775803,-51.93819296360016,-6.092836330334346,0.0649784435362965,0,32
reference,test,synthetic_regular,False,LIZARD KI,coupon_regular,-0.0025,terms,32,-10.206578431030113,-9.6093474427859,-25.96955915292104,-3.046643237272898,0.03248918805359252,0,32
reference,test,synthetic_regular,False,LIZARD KI,coupon_regular,-0.001,terms,32,-4.082607736811042,-3.8437709212303166,-10.38764105240504,-1.2184805870056152,0.012995716508801419,0,32
reference,test,synthetic_regular,False,LIZARD KI,coupon_regular,0.001,terms,32,4.082669860993822,3.844341029723485,1.2184769809246063,10.387194802363712,0.012995593452083605,32,0
reference,test,synthetic_regular,False,LIZARD KI,coupon_regular,0.0025,terms,32,10.206645831465721,9.609646101792652,3.0466350515683494,25.968633810679115,0.032489082997249244,32,0
reference,test,synthetic_regular,False,LIZARD KI,coupon_regular,0.005,terms,32,20.41321362182498,19.21981693804264,6.092837065458297,51.93746388951937,0.06497825411912753,32,0
reference,test,synthetic_regular,False,LIZARD KI,coupon_regular,0.01,terms,32,40.826375624941036,38.439291079839066,12.185674339532852,103.8755569458008,0.12995668533165733,32,0
reference,test,synthetic_regular,False,LIZARD KI,first_strike,-0.05,terms,32,7.659355102689007,2.8830560110509387,-200.98866135875383,93.48520531629522,0.7608542641909543,18,14
reference,test,synthetic_regular,False,LIZARD KI,first_strike,-0.025,terms,32,2.933343165166055,1.5777081002791724,-97.3617614209652,41.97572490448753,0.4991703125847416,18,14
reference,test,synthetic_regular,False,LIZARD KI,first_strike,-0.01,terms,32,0.8822915583926562,0.5868771473566691,-38.0363043298324,15.037501474221546,0.2979550881594355,17,15
reference,test,synthetic_regular,False,LIZARD KI,first_strike,-0.005,terms,32,0.37146186735481,0.29939454793930054,-18.545489301284157,7.207961887121201,0.2063926498417348,17,15
reference,test,synthetic_regular,False,LIZARD KI,first_strike,0.005,terms,32,-0.51368392786632,-0.3144932438929876,-8.765535845110815,16.943508277336758,0.2047843980863878,14,18
reference,test,synthetic_regular,False,LIZARD KI,first_strike,0.01,terms,32,-0.8312636997240281,-0.6338367611169814,-14.90464785322547,32.8662411471208,0.2804121248533722,15,17
reference,test,synthetic_regular,False,LIZARD KI,first_strike,0.025,terms,32,-1.735488517093472,-1.6442040701707206,-35.741966965297856,74.39810045063496,0.4162606521052683,15,17
reference,test,synthetic_regular,False,LIZARD KI,first_strike,0.05,terms,32,-2.6497554401091006,-3.465449452400208,-79.14852422475815,123.72387492656708,0.5334471396757976,15,17
reference,test,synthetic_regular,False,LIZARD KI,ki_barrier,-0.05,terms,32,27.223768340811752,8.148565067599217,0.0,220.4553689410289,0.7586540874871293,30,0
reference,test,synthetic_regular,False,LIZARD KI,ki_barrier,-0.025,terms,32,13.654274460238714,4.3595863704880085,0.0,111.02954574177662,0.5392604997036492,30,0
reference,test,synthetic_regular,False,LIZARD KI,ki_barrier,-0.01,terms,32,5.408912237811212,1.709872073183457,0.0,43.09112922350565,0.3402464481026244,30,0
reference,test,synthetic_regular,False,LIZARD KI,ki_barrier,-0.005,terms,32,2.6338776283276575,0.9251663958032926,0.0,21.41271462539832,0.23671178382235383,30,0
reference,test,synthetic_regular,False,LIZARD KI,ki_barrier,0.005,terms,32,-2.701709064034124,-0.8985038461784522,-21.571623469392456,0.0,0.23755768201070393,0,29
reference,test,synthetic_regular,False,LIZARD KI,ki_barrier,0.01,terms,32,-5.314721586337935,-1.619630449761947,-42.19553013145924,0.0,0.331584194246364,0,29
reference,test,synthetic_regular,False,LIZARD KI,ki_barrier,0.025,terms,32,-12.797146996560818,-4.514945079882939,-103.58658955494565,0.0,0.5177619353493241,0,31
reference,test,synthetic_regular,False,LIZARD KI,ki_barrier,0.05,terms,32,-24.632066964637488,-10.642656419426203,-196.20594464242456,-0.0377973367770512,0.7176719032352072,0,32
reference,test,synthetic_regular,False,LIZARD KI,last_strike,-0.05,terms,32,22.491977236776922,9.972448902825516,0.0517419079939524,130.2886615395546,0.6071672627815269,32,0
reference,test,synthetic_regular,False,LIZARD KI,last_strike,-0.025,terms,32,10.831159152944261,4.699174123505752,0.0,70.319016456604,0.410618835279014,31,0
reference,test,synthetic_regular,False,LIZARD KI,last_strike,-0.01,terms,32,4.306335881662866,1.940421889225642,0.0,29.323218892018,0.25541869809019746,31,0
reference,test,synthetic_regular,False,LIZARD KI,last_strike,-0.005,terms,32,2.126310223713517,0.9329982598622639,0.0,15.31139874458313,0.17812437597913985,31,0
reference,test,synthetic_regular,False,LIZARD KI,last_strike,0.005,terms,32,-2.0513730690193674,-1.0570586696267128,-14.95696821808815,-0.00400972366333,0.17487814489515466,0,32
reference,test,synthetic_regular,False,LIZARD KI,last_strike,0.01,terms,32,-4.14626397114868,-2.015124499797821,-30.62279748916626,-0.0200486183166503,0.24857557872384162,0,32
reference,test,synthetic_regular,False,LIZARD KI,last_strike,0.025,terms,32,-9.886434105380127,-4.635052812596163,-76.39159281055133,-0.0842041969299316,0.3742167375547252,0,32
reference,test,synthetic_regular,False,LIZARD KI,last_strike,0.05,terms,32,-18.592474333010614,-9.034107801814873,-152.66504211227098,-0.1884570121765136,0.5000275781220254,0,32
reference,test,synthetic_regular,False,LIZARD KI,nobs_early,1.0,schedule,22,-89.73686883838454,-69.14963522553444,-256.9491011922558,-0.4701062043507893,1.164076680047125,0,22
reference,test,synthetic_regular,False,LIZARD KI,nobs_late,1.0,schedule,22,30.712912661136325,21.281959116458893,-6.295110600690047,98.6111422094206,0.9512793018973574,21,1
reference,test,synthetic_regular,False,LIZARD KI,nobs_middle,1.0,schedule,22,22.68921492483015,16.7110300026834,5.118002434571584,87.1441304391871,0.9251515361424786,22,0
reference,test,synthetic_regular,False,LIZARD KI,tenor_months,-12.0,schedule,32,12.715085076012958,-6.913511037826537,-290.0801355615258,328.3534794126948,1.6104207532647896,12,20
reference,test,synthetic_regular,False,LIZARD KI,tenor_months,-6.0,schedule,32,8.930646161044326,-2.841969685008128,-139.70120194057623,165.52528254066902,1.3296203031794742,14,18
reference,test,synthetic_regular,False,LIZARD KI,tenor_months,-3.0,schedule,32,4.8557833227096125,-1.1281383497019608,-71.03101565192142,81.11242893089852,1.087192080152233,14,18
reference,test,synthetic_regular,False,LIZARD KI,tenor_months,-1.0,schedule,32,1.6000728288393775,-0.1509009798367818,-21.88070071240266,26.874029150853552,0.783073515600785,15,17
reference,test,synthetic_regular,False,LIZARD KI,tenor_months,1.0,schedule,32,-1.9159368595768076,-0.019778701787193598,-25.17856030041973,20.293082997202877,0.8067937679397474,16,16
reference,test,synthetic_regular,False,LIZARD KI,tenor_months,3.0,schedule,32,-6.112880001581894,0.6392749659717083,-82.40997317805886,60.42870991180341,1.189133957562455,17,15
reference,test,synthetic_regular,False,LIZARD KI,tenor_months,6.0,schedule,32,-12.986077335236283,0.966209078207612,-156.9252845837424,124.86591375122468,1.5689359640847977,17,15
reference,test,synthetic_regular,False,LIZARD KI,tenor_months,12.0,schedule,32,-26.92586802858083,-2.391572356844942,-295.2292579629769,245.6582559396823,2.166299517267504,15,17
reference,test,synthetic_regular,False,LIZARD no-KI,base,0.0,terms,32,0.0,0.0,0.0,0.0,0.0,0,0
reference,test,synthetic_regular,False,LIZARD no-KI,coupon_regular,-0.01,terms,32,-44.2761792607295,-40.55007930348317,-137.10407653450966,-19.60124245285988,0.14143775026194771,0,32
reference,test,synthetic_regular,False,LIZARD no-KI,coupon_regular,-0.005,terms,32,-22.138043889775872,-20.27544112006823,-68.55219441652298,-9.80027656753858,0.07071886453247495,0,32
reference,test,synthetic_regular,False,LIZARD no-KI,coupon_regular,-0.0025,terms,32,-11.06895136212309,-10.137727528810501,-34.276260574658714,-4.900479247172673,0.03535948813595434,0,32
reference,test,synthetic_regular,False,LIZARD no-KI,coupon_regular,-0.001,terms,32,-4.4275684747844934,-4.055025607347488,-13.710130780935287,-1.9597874581813808,0.01414365306603162,0,32
reference,test,synthetic_regular,False,LIZARD no-KI,coupon_regular,0.001,terms,32,4.42769408194969,4.054824163516363,1.959788610537847,13.710384120543798,0.0141438052773244,32,0
reference,test,synthetic_regular,False,LIZARD no-KI,coupon_regular,0.0025,terms,32,11.069069148662189,10.137388477722805,4.900478492180507,34.27643100420634,0.035359540794715184,32,0
reference,test,synthetic_regular,False,LIZARD no-KI,coupon_regular,0.005,terms,32,22.138055520753067,20.275206997990608,9.80027961730957,68.55134359002113,0.07071891691663745,32,0
reference,test,synthetic_regular,False,LIZARD no-KI,coupon_regular,0.01,terms,32,44.276186604984105,40.550645023584366,19.599895666042965,137.10435022910437,0.14143778973985136,32,0
reference,test,synthetic_regular,False,LIZARD no-KI,first_strike,-0.05,terms,32,44.72437806772602,31.181973631804183,-81.03944213688375,207.51597640896216,1.3751233631356778,28,4
reference,test,synthetic_regular,False,LIZARD no-KI,first_strike,-0.025,terms,32,19.809279881604503,12.852167228236793,-46.71502644071976,96.70043249831846,0.9152567054000055,26,6
reference,test,synthetic_regular,False,LIZARD no-KI,first_strike,-0.01,terms,32,7.374255075895538,4.361644311497608,-20.044457455476124,37.402048600527145,0.5549585409083327,26,6
reference,test,synthetic_regular,False,LIZARD no-KI,first_strike,-0.005,terms,32,3.5647182585089467,1.8880007242163022,-9.695519211391607,18.55244921768705,0.38613810667063264,26,6
reference,test,synthetic_regular,False,LIZARD no-KI,first_strike,0.005,terms,32,-3.4367970622455086,-1.9217313869545858,-18.11943709601959,9.805618179341156,0.37720113511564635,7,25
reference,test,synthetic_regular,False,LIZARD no-KI,first_strike,0.01,terms,32,-6.93654128855754,-4.120166736344496,-36.09973833461603,19.982833998898663,0.5319183895256038,6,26
reference,test,synthetic_regular,False,LIZARD no-KI,first_strike,0.025,terms,32,-15.945863674928356,-9.596013793721795,-88.03448793912926,50.10975091407696,0.804463937467342,6,26
reference,test,synthetic_regular,False,LIZARD no-KI,first_strike,0.05,terms,32,-28.589451982955023,-16.27807011206945,-166.6601838928958,90.97044950972,1.0569073068188581,6,26
reference,test,synthetic_regular,False,LIZARD no-KI,last_strike,-0.05,terms,32,44.10313234493758,29.226752209166683,0.0,160.04997904598713,1.1289852861552359,29,0
reference,test,synthetic_regular,False,LIZARD no-KI,last_strike,-0.025,terms,32,21.0489494795911,14.434779758254688,0.0,82.6038731833299,0.7695164142479248,29,0
reference,test,synthetic_regular,False,LIZARD no-KI,last_strike,-0.01,terms,32,8.228497445738563,5.964387446641922,0.0,33.60441632568836,0.4767019736045586,29,0
reference,test,synthetic_regular,False,LIZARD no-KI,last_strike,-0.005,terms,32,4.0398319638334215,2.640350279708703,0.0,17.73776941994826,0.3320158634908494,29,0
reference,test,synthetic_regular,False,LIZARD no-KI,last_strike,0.005,terms,32,-4.091232498021176,-3.044588347276052,-17.15638358394305,0.0,0.33019786573288257,0,29
reference,test,synthetic_regular,False,LIZARD no-KI,last_strike,0.01,terms,32,-8.056546620558947,-5.514081781109175,-33.4466397712628,0.0,0.4635935920116264,0,29
reference,test,synthetic_regular,False,LIZARD no-KI,last_strike,0.025,terms,32,-19.241759371943772,-13.052014365792274,-86.48993285497029,0.0,0.7054862457999291,0,29
reference,test,synthetic_regular,False,LIZARD no-KI,last_strike,0.05,terms,32,-36.42262729536742,-23.171502692004044,-180.98396973808605,0.0,0.9462852571215252,0,29
reference,test,synthetic_regular,False,LIZARD no-KI,nobs_early,1.0,schedule,18,-91.82951943929893,-101.54165796376765,-192.74888773324588,46.92323728060971,2.5900613922032147,2,16
reference,test,synthetic_regular,False,LIZARD no-KI,nobs_late,1.0,schedule,18,95.3667470061703,63.406782810265824,10.86689973125855,275.03065503730124,2.289740887599095,18,0
reference,test,synthetic_regular,False,LIZARD no-KI,nobs_middle,1.0,schedule,18,76.86995472339913,59.167715368792415,10.86689973125855,223.24260984330127,2.2432171949489983,18,0
reference,test,synthetic_regular,False,LIZARD no-KI,tenor_months,-12.0,schedule,32,127.09375372360105,77.25819177553058,-106.40327207744122,684.1074173518767,2.9792740458517266,25,7
reference,test,synthetic_regular,False,LIZARD no-KI,tenor_months,-6.0,schedule,32,63.8189408567329,42.09160986045996,-51.34462601194779,317.64891453188227,2.5156715930130282,25,7
reference,test,synthetic_regular,False,LIZARD no-KI,tenor_months,-3.0,schedule,32,30.643104211208993,21.937307650844257,-24.14999923606714,146.56349186405228,2.1314544588350746,25,7
reference,test,synthetic_regular,False,LIZARD no-KI,tenor_months,-1.0,schedule,32,10.045592454205082,8.406981116781632,-7.671011591951052,43.75513591508691,1.6330568988402607,26,6
reference,test,synthetic_regular,False,LIZARD no-KI,tenor_months,1.0,schedule,32,-10.072069599563594,-7.2995353657752275,-52.108176004762456,10.534104466438292,1.654509537958341,6,26
reference,test,synthetic_regular,False,LIZARD no-KI,tenor_months,3.0,schedule,32,-30.3155458916602,-21.455826430271067,-142.47534760902636,29.515761715670426,2.245245748152608,6,26
reference,test,synthetic_regular,False,LIZARD no-KI,tenor_months,6.0,schedule,32,-61.31474174295121,-44.106998865803085,-266.08895044149057,54.335389489928886,2.7476831782804543,6,26
reference,test,synthetic_regular,False,LIZARD no-KI,tenor_months,12.0,schedule,32,-121.08028149446423,-91.60042963301143,-511.4849861503656,101.56171580404045,3.4628996701800068,6,26
reference,test,synthetic_regular,False,STEP KI,base,0.0,terms,32,0.0,0.0,0.0,0.0,0.0,0,0
reference,test,synthetic_regular,False,STEP KI,coupon_regular,-0.01,terms,32,-68.04469980159774,-67.8825316876173,-131.61226881543797,-31.24974937736988,0.19998239813463148,0,32
reference,test,synthetic_regular,False,STEP KI,coupon_regular,-0.005,terms,32,-34.02233518675591,-33.94130167365074,-65.80597983797391,-15.625121583541237,0.0999911943492787,0,32
reference,test,synthetic_regular,False,STEP KI,coupon_regular,-0.0025,terms,32,-17.011184491217136,-16.970451476673283,-32.90293377637863,-7.81228763361772,0.04999559904657924,0,32
reference,test,synthetic_regular,False,STEP KI,coupon_regular,-0.001,terms,32,-6.80443327423806,-6.788438585897286,-13.161210318406424,-3.1261054227749505,0.019998279350325047,0,32
reference,test,synthetic_regular,False,STEP KI,coupon_regular,0.001,terms,32,6.804555224099507,6.788214308520159,3.124475379784902,13.161276231209438,0.019998156188121577,32,0
reference,test,synthetic_regular,False,STEP KI,coupon_regular,0.0025,terms,32,17.011185199022293,16.97078345964352,7.811230172713598,32.903366684913635,0.049995655456838706,32,0
reference,test,synthetic_regular,False,STEP KI,coupon_regular,0.005,terms,32,34.02238370136668,33.941103714207806,15.623524780074757,65.80619987845421,0.09999116012628811,32,0
reference,test,synthetic_regular,False,STEP KI,coupon_regular,0.01,terms,32,68.04481892753392,67.8824598416686,31.24810780584812,131.61229200164476,0.19998258379733802,32,0
reference,test,synthetic_regular,False,STEP KI,first_strike,-0.05,terms,32,22.465804130969143,12.431196705748638,-195.46428698549667,242.69848419850072,1.7575632776444134,21,11
reference,test,synthetic_regular,False,STEP KI,first_strike,-0.025,terms,32,8.176037773300775,5.803269332895676,-96.35808673749368,111.82111986478168,1.2163918191683158,20,12
reference,test,synthetic_regular,False,STEP KI,first_strike,-0.01,terms,32,2.5061809858210236,2.177475602676471,-37.46951254705588,43.61767478287219,0.7513003784902363,20,12
reference,test,synthetic_regular,False,STEP KI,first_strike,-0.005,terms,32,1.1188489065098115,0.9028642078240711,-18.67403799295425,22.244718305766582,0.5263352821650322,20,12
reference,test,synthetic_regular,False,STEP KI,first_strike,0.005,terms,32,-1.0435058336588554,-1.0332119464874268,-19.309638682752848,17.144991144537926,0.5205167491315308,12,20
reference,test,synthetic_regular,False,STEP KI,first_strike,0.01,terms,32,-1.9641711150276624,-1.7427113863329096,-38.05808038109293,34.50625206530094,0.7260599301514366,12,20
reference,test,synthetic_regular,False,STEP KI,first_strike,0.025,terms,32,-3.484371561266017,-2.3025569443901377,-85.8918636503319,80.11018642534812,1.0968277819101149,14,18
reference,test,synthetic_regular,False,STEP KI,first_strike,0.05,terms,32,-3.9927302882279037,-3.740085029353698,-146.68782829570895,139.4678624123335,1.4330477289655563,15,17
reference,test,synthetic_regular,False,STEP KI,ki_barrier,-0.05,terms,32,65.34986310599683,47.54292916009823,0.1452862992882728,193.8145306184888,1.3419677822962597,32,0
reference,test,synthetic_regular,False,STEP KI,ki_barrier,-0.025,terms,32,31.754427045118064,24.073509252319734,0.0750722289085388,107.49903476238252,0.9341101971581303,32,0
reference,test,synthetic_regular,False,STEP KI,ki_barrier,-0.01,terms,32,12.376435518575212,8.940443607668083,0.0356042782465616,44.60785406579574,0.5830463218729713,32,0
reference,test,synthetic_regular,False,STEP KI,ki_barrier,-0.005,terms,32,6.013013484810169,4.327170765648286,0.0284829785426457,23.2111599445343,0.4034996180741408,32,0
reference,test,synthetic_regular,False,STEP KI,ki_barrier,0.005,terms,32,-6.068479064851999,-4.654482416808605,-24.37744748344024,0.0,0.4050069329407203,0,31
reference,test,synthetic_regular,False,STEP KI,ki_barrier,0.01,terms,32,-12.057002865554145,-9.4833653246363,-47.58281304190556,-0.0563150693972905,0.5719165272041022,0,32
reference,test,synthetic_regular,False,STEP KI,ki_barrier,0.025,terms,32,-29.034336189661794,-24.45258112996817,-122.91803907354672,-0.0840509037176768,0.8796501297070694,0,32
reference,test,synthetic_regular,False,STEP KI,ki_barrier,0.05,terms,32,-54.377745492306225,-41.67813987036546,-253.3511428683996,-0.0840509037176768,1.1878061108731959,0,32
reference,test,synthetic_regular,False,STEP KI,last_strike,-0.05,terms,32,45.86541644623503,44.03032184640566,2.774128963549932,120.89154304067291,1.0066094686105762,32,0
reference,test,synthetic_regular,False,STEP KI,last_strike,-0.025,terms,32,21.810372817485284,21.093990641335644,1.4322247207164764,56.38661852478981,0.6781498720383755,32,0
reference,test,synthetic_regular,False,STEP KI,last_strike,-0.01,terms,32,8.620097658907374,7.713302083313465,0.5806316435337067,22.380082885424297,0.42294374245315697,32,0
reference,test,synthetic_regular,False,STEP KI,last_strike,-0.005,terms,32,4.307409890616934,3.61692725867033,0.2516070455312729,11.07462146381537,0.2973571802170346,32,0
reference,test,synthetic_regular,False,STEP KI,last_strike,0.005,terms,32,-4.22424985266601,-3.784770245353381,-10.929408997297289,-0.1870924184719721,0.29211715692069373,0,32
reference,test,synthetic_regular,False,STEP KI,last_strike,0.01,terms,32,-8.296412796092529,-7.5404136925935745,-22.25699658691883,-0.4903111656506856,0.4049328165138374,0,32
reference,test,synthetic_regular,False,STEP KI,last_strike,0.025,terms,32,-20.07649156311527,-17.804358392953873,-51.69315804044405,-1.490287885069847,0.6203253889270508,0,32
reference,test,synthetic_regular,False,STEP KI,last_strike,0.05,terms,32,-38.436555038982384,-31.295717989404995,-100.29001625875632,-3.012833083669345,0.8355308525307027,0,32
reference,test,synthetic_regular,False,STEP KI,nobs_early,1.0,schedule,19,-64.5074477016256,-56.29257482662797,-188.1416907763729,53.077672142690666,1.5073418326810128,2,17
reference,test,synthetic_regular,False,STEP KI,nobs_late,1.0,schedule,19,41.039319539973675,34.87511402120193,-10.066597404579325,126.32372996459404,1.5290944153483998,18,1
reference,test,synthetic_regular,False,STEP KI,nobs_middle,1.0,schedule,19,26.994781763513426,23.813342655698456,-24.67186855028073,103.55903599162896,1.5070117279639803,17,2
reference,test,synthetic_regular,False,STEP KI,tenor_months,-12.0,schedule,32,87.47509798642326,53.40941162966192,-242.92429574082297,657.1133493538946,2.7793879119751073,23,9
reference,test,synthetic_regular,False,STEP KI,tenor_months,-6.0,schedule,32,45.77864164369869,29.694257015362382,-114.05813403179248,313.7157508829453,2.3302524995033824,23,9
reference,test,synthetic_regular,False,STEP KI,tenor_months,-3.0,schedule,32,23.042659509138804,15.49260435687999,-52.52319052318732,150.0068819382383,1.9578782595561255,23,9
reference,test,synthetic_regular,False,STEP KI,tenor_months,-1.0,schedule,32,7.915903566225703,5.553630823269486,-17.496217134098213,52.17966062808409,1.4836339912498733,25,7
reference,test,synthetic_regular,False,STEP KI,tenor_months,1.0,schedule,32,-7.740395902997989,-6.081126446525255,-40.97447892565591,17.51488884538412,1.523658511208629,8,24
reference,test,synthetic_regular,False,STEP KI,tenor_months,3.0,schedule,32,-23.50834205258434,-17.024685268600784,-135.64692020781027,48.429311069349446,2.073643748370576,9,23
reference,test,synthetic_regular,False,STEP KI,tenor_months,6.0,schedule,32,-47.0931488744706,-34.17682393205662,-258.1030516203027,94.44184747089942,2.5747576247391315,8,24
reference,test,synthetic_regular,False,STEP KI,tenor_months,12.0,schedule,32,-94.16006749775624,-67.76408142099777,-505.1715013742991,172.6160270596544,3.30919657198445,7,25
reference,test,synthetic_regular,False,STEP no-KI,base,0.0,terms,32,0.0,0.0,0.0,0.0,0.0,0,0
reference,test,synthetic_regular,False,STEP no-KI,coupon_regular,-0.01,terms,32,-61.784666468078896,-57.60534193615119,-107.31480458378792,-27.039953579505283,0.18463813923054295,0,32
reference,test,synthetic_regular,False,STEP no-KI,coupon_regular,-0.005,terms,32,-30.892364236681416,-28.802762458721798,-53.656967014074326,-13.519395420948666,0.09231894911085103,0,32
reference,test,synthetic_regular,False,STEP no-KI,coupon_regular,-0.0025,terms,32,-15.446171465950709,-14.401584486166636,-26.828470528125763,-6.759697695573171,0.046159343672139044,0,32
reference,test,synthetic_regular,False,STEP no-KI,coupon_regular,-0.001,terms,32,-6.178554877949257,-5.760702644785245,-10.730896830558777,-2.7043399711449942,0.018463732724459204,0,32
reference,test,synthetic_regular,False,STEP no-KI,coupon_regular,0.001,terms,32,6.178351026959717,5.7605563551187515,2.70317875345548,10.731557061274849,0.01846407759339269,32,0
reference,test,synthetic_regular,False,STEP no-KI,coupon_regular,0.0025,terms,32,15.44594079721719,14.400539408127468,6.758547882239024,26.82906760772069,0.04615976954928466,32,0
reference,test,synthetic_regular,False,STEP no-KI,coupon_regular,0.005,terms,32,30.892197764633845,28.80244149267674,13.518245746692022,53.65792034069697,0.09231927140314293,32,0
reference,test,synthetic_regular,False,STEP no-KI,coupon_regular,0.01,terms,32,61.784705588749304,57.60563553869724,27.03878169258436,107.31573450565338,0.18463824659652606,32,0
reference,test,synthetic_regular,False,STEP no-KI,first_strike,-0.05,terms,32,55.61602039158849,46.89100550922255,-158.54203570634127,246.5603248352806,2.3867907318724577,24,8
reference,test,synthetic_regular,False,STEP no-KI,first_strike,-0.025,terms,32,23.14322746261799,21.5819155399998,-87.28703332940736,118.09881120982268,1.6692350373116143,23,9
reference,test,synthetic_regular,False,STEP no-KI,first_strike,-0.01,terms,32,8.177965649345424,8.471638548498351,-37.26324696093798,44.46025966977079,1.0421746256052105,21,11
reference,test,synthetic_regular,False,STEP no-KI,first_strike,-0.005,terms,32,3.9280597059696443,4.166259886696935,-19.221484797696277,21.13745611409346,0.7349419112678922,22,10
reference,test,synthetic_regular,False,STEP no-KI,first_strike,0.005,terms,32,-3.4213916315929964,-3.134253321836392,-21.78192974440753,17.422121954460938,0.7176694737343414,11,21
reference,test,synthetic_regular,False,STEP no-KI,first_strike,0.01,terms,32,-6.484440262516729,-6.213343540827433,-42.036979742348194,36.01147600263357,1.007458622501081,11,21
reference,test,synthetic_regular,False,STEP no-KI,first_strike,0.025,terms,32,-13.073044892429609,-13.976448001340032,-95.72336060615878,86.42498453954855,1.5401146988174321,12,20
reference,test,synthetic_regular,False,STEP no-KI,first_strike,0.05,terms,32,-17.155630374162378,-22.16805792041123,-171.5750258353849,157.87487479050955,2.0378180984776244,14,18
reference,test,synthetic_regular,False,STEP no-KI,last_strike,-0.05,terms,32,100.1123512533959,82.27769025539358,2.258452827731768,296.5254240234693,1.92505297984663,32,0
reference,test,synthetic_regular,False,STEP no-KI,last_strike,-0.025,terms,32,48.1765466396076,39.235556917885944,1.2942806929349897,144.64495750765008,1.3273769719793544,32,0
reference,test,synthetic_regular,False,STEP no-KI,last_strike,-0.01,terms,32,18.888211340798687,16.07028296341499,0.4607961177825927,54.52172425885996,0.82924992602913,32,0
reference,test,synthetic_regular,False,STEP no-KI,last_strike,-0.005,terms,32,9.415263400568316,8.206290853520235,0.1529496808846791,27.87696557243665,0.5840642497436358,32,0
reference,test,synthetic_regular,False,STEP no-KI,last_strike,0.005,terms,32,-9.081509804508338,-7.871349774301052,-27.77905026078224,-0.3540170838435491,0.5710526682220569,0,32
reference,test,synthetic_regular,False,STEP no-KI,last_strike,0.01,terms,32,-18.061203749850392,-15.681240248183407,-53.63538538912932,-0.6049475918213526,0.8052641939369972,0,32
reference,test,synthetic_regular,False,STEP no-KI,last_strike,0.025,terms,32,-44.037485016199454,-37.97510962436597,-132.47479353348413,-1.0971847871939342,1.2414027993404688,0,32
reference,test,synthetic_regular,False,STEP no-KI,last_strike,0.05,terms,32,-83.16806965197127,-75.0947604229053,-250.08164175351465,-2.0098903626203537,1.6766205580269389,0,32
reference,test,synthetic_regular,False,STEP no-KI,nobs_early,1.0,schedule,22,-96.22397850556862,-96.58003930064541,-273.72606997191906,39.7172494881476,2.6145523757439757,2,20
reference,test,synthetic_regular,False,STEP no-KI,nobs_late,1.0,schedule,22,90.87203841508283,103.3588296181212,-12.653450980782509,183.7701764618978,2.72205899885377,21,1
reference,test,synthetic_regular,False,STEP no-KI,nobs_middle,1.0,schedule,22,51.28344558573074,51.37098813677828,-16.575905884305637,118.14409787766634,2.638404127963877,20,2
reference,test,synthetic_regular,False,STEP no-KI,tenor_months,-12.0,schedule,32,70.4829908538474,48.745449205239616,-193.1306106423338,504.7236762546624,3.7304178618398742,21,11
reference,test,synthetic_regular,False,STEP no-KI,tenor_months,-6.0,schedule,32,31.901307694652736,28.05978674441576,-96.16164602835974,240.4681453301261,3.297347790751891,20,12
reference,test,synthetic_regular,False,STEP no-KI,tenor_months,-3.0,schedule,32,15.25260296588143,13.221150154558321,-49.436508230865,112.09227134535708,2.9063227293071456,20,12
reference,test,synthetic_regular,False,STEP no-KI,tenor_months,-1.0,schedule,32,4.5159964655467775,3.4449482305596275,-15.279518333574137,33.59599438340714,2.303622788832799,20,12
reference,test,synthetic_regular,False,STEP no-KI,tenor_months,1.0,schedule,32,-5.29128878453533,-2.850084539502859,-38.61691142199561,14.403111445407072,2.3416219443145394,12,20
reference,test,synthetic_regular,False,STEP no-KI,tenor_months,3.0,schedule,32,-14.680405971152746,-8.361251602880657,-111.4508633807612,43.68882642438015,3.029972469753116,12,20
reference,test,synthetic_regular,False,STEP no-KI,tenor_months,6.0,schedule,32,-28.31343530117495,-17.545531384646893,-217.25424452250203,88.01191918800275,3.576778860050286,12,20
reference,test,synthetic_regular,False,STEP no-KI,tenor_months,12.0,schedule,32,-54.20032938442212,-40.51301320859541,-416.5352079801572,167.0014518921574,4.331411693045283,12,20
reference,train,synthetic_monthly,True,LIZARD no-KI,base,0.0,terms,342,0.0,0.0,0.0,0.0,0.0,0,0
reference,train,synthetic_monthly,True,LIZARD no-KI,coupon_regular,-0.01,terms,342,-63.57847949431131,-60.48724503815174,-98.0297550559044,-18.057054728269577,0.34364942159791134,0,342
reference,train,synthetic_monthly,True,LIZARD no-KI,coupon_regular,-0.005,terms,342,-31.789226409636047,-30.2436942756176,-49.014822363853455,-9.028564542531967,0.17182473763295472,0,342
reference,train,synthetic_monthly,True,LIZARD no-KI,coupon_regular,-0.0025,terms,342,-15.894611034302683,-15.121833309531212,-24.507451653480526,-4.5142562687397,0.0859123429090262,0,342
reference,train,synthetic_monthly,True,LIZARD no-KI,coupon_regular,-0.001,terms,342,-6.357820003266223,-6.048948884010315,-9.803465127944946,-1.805827111005783,0.034364996094401926,0,342
reference,train,synthetic_monthly,True,LIZARD no-KI,coupon_regular,0.001,terms,342,6.3578527556699616,6.048688963055611,1.8058035969734192,9.802764415740969,0.03436493482195911,342,0
reference,train,synthetic_monthly,True,LIZARD no-KI,coupon_regular,0.0025,terms,342,15.894626061121622,15.121661484241486,4.514256209135056,24.50745010375977,0.08591235718584568,342,0
reference,train,synthetic_monthly,True,LIZARD no-KI,coupon_regular,0.005,terms,342,31.789233471653613,30.243479013442993,9.028513669967651,49.01444956660271,0.17182468766222792,342,0
reference,train,synthetic_monthly,True,LIZARD no-KI,coupon_regular,0.01,terms,342,63.57848282367514,60.4872220158577,18.05702742934227,98.02897292375565,0.34364939523778326,342,0
reference,train,synthetic_monthly,True,LIZARD no-KI,first_strike,-0.05,terms,342,77.0079837912358,60.14926040917635,-46.82753470912576,226.87246601376685,3.751326565979964,334,8
reference,train,synthetic_monthly,True,LIZARD no-KI,first_strike,-0.025,terms,342,35.61567695712267,25.136075163260102,-21.38188060000539,109.08259790856393,2.5503694953756013,332,10
reference,train,synthetic_monthly,True,LIZARD no-KI,first_strike,-0.01,terms,342,13.45169880129727,9.602174400351942,-9.23581149801612,44.10018581524492,1.568901628613731,328,14
reference,train,synthetic_monthly,True,LIZARD no-KI,first_strike,-0.005,terms,342,6.603621533822864,4.815469890832901,-4.621258042752743,23.48139986814931,1.0985520919870237,327,15
reference,train,synthetic_monthly,True,LIZARD no-KI,first_strike,0.005,terms,342,-6.2541947840309255,-4.618329919874668,-22.094294283073395,5.191033843904734,1.0694434661452457,18,324
reference,train,synthetic_monthly,True,LIZARD no-KI,first_strike,0.01,terms,342,-12.231287987474031,-8.900579312816262,-41.12842755485327,10.03316019102931,1.4974850115081322,17,325
reference,train,synthetic_monthly,True,LIZARD no-KI,first_strike,0.025,terms,342,-28.0935459203226,-20.622872065752745,-96.52481980458832,20.77986439689994,2.279328685350466,24,318
reference,train,synthetic_monthly,True,LIZARD no-KI,first_strike,0.05,terms,342,-48.10374594586615,-35.1759244594723,-162.83505929616513,34.297955080866814,3.0056315901536825,54,288
reference,train,synthetic_monthly,True,LIZARD no-KI,last_strike,-0.05,terms,342,83.73188894252941,83.07344986125827,3.6754125580191617,234.20445075631145,3.4623973883357326,342,0
reference,train,synthetic_monthly,True,LIZARD no-KI,last_strike,-0.025,terms,342,40.95927738877591,40.828882612288,2.1883341148495674,117.4929963350296,2.412126885946097,342,0
reference,train,synthetic_monthly,True,LIZARD no-KI,last_strike,-0.01,terms,342,16.081875419472915,15.860226690769196,0.9286237508058548,43.95868353545666,1.5071808383570369,342,0
reference,train,synthetic_monthly,True,LIZARD no-KI,last_strike,-0.005,terms,342,7.970852787252406,7.981803402304649,0.3079533129930496,22.757733747363087,1.0580941335824798,342,0
reference,train,synthetic_monthly,True,LIZARD no-KI,last_strike,0.005,terms,342,-7.886961397959998,-7.606712311506271,-23.34900887310505,-0.2871988713741302,1.047504358437699,0,342
reference,train,synthetic_monthly,True,LIZARD no-KI,last_strike,0.01,terms,342,-15.73254246092592,-15.527159545570612,-43.09388695657253,-0.7142728939652442,1.4794243891415912,0,342
reference,train,synthetic_monthly,True,LIZARD no-KI,last_strike,0.025,terms,342,-38.11127819711266,-37.99378406628966,-100.07446423172952,-2.8288794755935665,2.2908257482634102,0,342
reference,train,synthetic_monthly,True,LIZARD no-KI,last_strike,0.05,terms,342,-73.166400390846,-75.03627802431583,-184.12346915900704,-4.881820105016232,3.1394679639393495,0,342
reference,train,synthetic_monthly,True,LIZARD no-KI,monthly_barrier,-0.05,terms,342,0.0,0.0,0.0,0.0,0.0,0,0
reference,train,synthetic_monthly,True,LIZARD no-KI,monthly_barrier,-0.025,terms,342,0.0,0.0,0.0,0.0,0.0,0,0
reference,train,synthetic_monthly,True,LIZARD no-KI,monthly_barrier,-0.01,terms,342,0.0,0.0,0.0,0.0,0.0,0,0
reference,train,synthetic_monthly,True,LIZARD no-KI,monthly_barrier,-0.005,terms,342,0.0,0.0,0.0,0.0,0.0,0,0
reference,train,synthetic_monthly,True,LIZARD no-KI,monthly_barrier,0.005,terms,342,0.0,0.0,0.0,0.0,0.0,0,0
reference,train,synthetic_monthly,True,LIZARD no-KI,monthly_barrier,0.01,terms,342,0.0,0.0,0.0,0.0,0.0,0,0
reference,train,synthetic_monthly,True,LIZARD no-KI,monthly_barrier,0.025,terms,342,0.0,0.0,0.0,0.0,0.0,0,0
reference,train,synthetic_monthly,True,LIZARD no-KI,monthly_barrier,0.05,terms,342,0.0,0.0,0.0,0.0,0.0,0,0
reference,train,synthetic_monthly,True,STEP KI,base,0.0,terms,341,0.0,0.0,0.0,0.0,0.0,0,0
reference,train,synthetic_monthly,True,STEP KI,coupon_regular,-0.01,terms,341,-82.14563491328721,-81.03078326582909,-125.00453987717628,-42.5964817404747,0.36094445428813,0,341
reference,train,synthetic_monthly,True,STEP KI,coupon_regular,-0.005,terms,341,-41.07281187377717,-40.51513248682021,-62.5028832256794,-21.297717660665512,0.18047225823115154,0,341
reference,train,synthetic_monthly,True,STEP KI,coupon_regular,-0.0025,terms,341,-20.536382375224942,-20.257863968610764,-31.25096127390862,-10.649364084005356,0.0902360982521637,0,341
reference,train,synthetic_monthly,True,STEP KI,coupon_regular,-0.001,terms,341,-8.214527595602522,-8.10304644703865,-12.500685274600984,-4.259136587381363,0.036094486364760786,0,341
reference,train,synthetic_monthly,True,STEP KI,coupon_regular,0.001,terms,341,8.214594448154623,8.103437632322311,4.26016640663147,12.50059309601784,0.03609438140499295,341,0
reference,train,synthetic_monthly,True,STEP KI,coupon_regular,0.0025,terms,341,20.536452542302197,20.257533580064774,10.649358451366425,31.251367807388306,0.09023602190126227,341,0
reference,train,synthetic_monthly,True,STEP KI,coupon_regular,0.005,terms,341,41.072837155235824,40.51546594500541,21.297794431447983,62.50233489274979,0.18047213983240432,341,0
reference,train,synthetic_monthly,True,STEP KI,coupon_regular,0.01,terms,341,82.14566743164119,81.03072103857994,42.59655204415321,125.00474640727045,0.3609443322029355,341,0
reference,train,synthetic_monthly,True,STEP KI,first_strike,-0.05,terms,341,45.496407993427,32.62787877395749,-82.09921078383923,221.7851133514196,3.3947604893640966,235,106
reference,train,synthetic_monthly,True,STEP KI,first_strike,-0.025,terms,341,18.312690553661298,12.405561059713364,-38.7204245775938,104.05690699908882,2.2867790559856824,228,113
reference,train,synthetic_monthly,True,STEP KI,first_strike,-0.01,terms,341,6.346289605134074,3.974635280668736,-14.993509396910667,43.055971180670895,1.3986133838779753,223,118
reference,train,synthetic_monthly,True,STEP KI,first_strike,-0.005,terms,341,3.0184924336644627,1.9111442565917969,-7.514305651187897,22.932237792760137,0.9770341115857616,215,126
reference,train,synthetic_monthly,True,STEP KI,first_strike,0.005,terms,341,-2.68561221336498,-1.74147904664278,-20.28126949816942,7.965848952531814,0.949794669636231,134,207
reference,train,synthetic_monthly,True,STEP KI,first_strike,0.01,terms,341,-5.0514234804665765,-2.5242806375026703,-37.89831437915564,14.823943935334684,1.327057908431661,133,208
reference,train,synthetic_monthly,True,STEP KI,first_strike,0.025,terms,341,-10.649135631548727,-4.248247116804123,-93.59389547933824,35.512497775256634,2.0108407664737014,142,199
reference,train,synthetic_monthly,True,STEP KI,first_strike,0.05,terms,341,-15.662721135651166,-4.128111399710178,-170.04438125225715,67.2542844414711,2.6399871991792847,154,187
reference,train,synthetic_monthly,True,STEP KI,ki_barrier,-0.05,terms,341,112.64905499607936,113.14280457794666,1.2763665467500689,249.73371681571007,3.1892784216090075,341,0
reference,train,synthetic_monthly,True,STEP KI,ki_barrier,-0.025,terms,341,56.4464863816664,55.01881354302168,0.8288825824856759,123.18936410546304,2.2550354994672053,341,0
reference,train,synthetic_monthly,True,STEP KI,ki_barrier,-0.01,terms,341,22.494341070853896,21.922909528017044,0.5468803569674492,46.85620059818029,1.421940244139547,341,0
reference,train,synthetic_monthly,True,STEP KI,ki_barrier,-0.005,terms,341,11.17949711050718,11.039916642010212,0.265485905110836,24.858389697968963,1.000824642489323,341,0
reference,train,synthetic_monthly,True,STEP KI,ki_barrier,0.005,terms,341,-11.209777633312685,-10.931223332881927,-23.244837768375877,-0.407224677503109,0.9988061034166047,0,341
reference,train,synthetic_monthly,True,STEP KI,ki_barrier,0.01,terms,341,-22.299844961711738,-21.087393142282963,-47.98489986360073,-0.817071609199047,1.404506349746678,0,341
reference,train,synthetic_monthly,True,STEP KI,ki_barrier,0.025,terms,341,-54.81190663110738,-53.75201708078384,-113.6554221957922,-2.301214426755905,2.1759758904942874,0,341
reference,train,synthetic_monthly,True,STEP KI,ki_barrier,0.05,terms,341,-105.95476424425316,-103.26000399142504,-214.383347555995,-5.133247993886471,2.965964866726993,0,341
reference,train,synthetic_monthly,True,STEP KI,last_strike,-0.05,terms,341,49.66672099519335,47.08505038917065,6.838127136230469,148.88865043222904,1.7255603785406552,341,0
reference,train,synthetic_monthly,True,STEP KI,last_strike,-0.025,terms,341,22.821150097154803,21.59596660733223,3.470478057861328,68.60418981313705,1.1560183320707542,341,0
reference,train,synthetic_monthly,True,STEP KI,last_strike,-0.01,terms,341,8.656617143549179,8.007955938577652,1.5167274475097656,26.60094837844372,0.7085560971795004,341,0
reference,train,synthetic_monthly,True,STEP KI,last_strike,-0.005,terms,341,4.299745968709593,3.976531222462654,0.7455101013183594,11.64727333188057,0.4977231940627419,341,0
reference,train,synthetic_monthly,True,STEP KI,last_strike,0.005,terms,341,-4.054432882941014,-3.7099521309137344,-12.204726487398148,-0.724190279841423,0.4808462168555942,0,341
reference,train,synthetic_monthly,True,STEP KI,last_strike,0.01,terms,341,-7.926165795614643,-7.208764299750327,-23.934894680976868,-1.295919448137283,0.6700037377813718,0,341
reference,train,synthetic_monthly,True,STEP KI,last_strike,0.025,terms,341,-18.727215997415904,-16.95893383026123,-55.19966721534729,-3.277913898229599,1.019861514336637,0,341
reference,train,synthetic_monthly,True,STEP KI,last_strike,0.05,terms,341,-33.77675691238247,-30.441575765609745,-102.27370516955853,-5.869752794504166,1.3530109223011377,0,341
reference,train,synthetic_monthly,True,STEP KI,monthly_barrier,-0.05,terms,341,0.0,0.0,0.0,0.0,0.0,0,0
reference,train,synthetic_monthly,True,STEP KI,monthly_barrier,-0.025,terms,341,0.0,0.0,0.0,0.0,0.0,0,0
reference,train,synthetic_monthly,True,STEP KI,monthly_barrier,-0.01,terms,341,0.0,0.0,0.0,0.0,0.0,0,0
reference,train,synthetic_monthly,True,STEP KI,monthly_barrier,-0.005,terms,341,0.0,0.0,0.0,0.0,0.0,0,0
reference,train,synthetic_monthly,True,STEP KI,monthly_barrier,0.005,terms,341,0.0,0.0,0.0,0.0,0.0,0,0
reference,train,synthetic_monthly,True,STEP KI,monthly_barrier,0.01,terms,341,0.0,0.0,0.0,0.0,0.0,0,0
reference,train,synthetic_monthly,True,STEP KI,monthly_barrier,0.025,terms,341,0.0,0.0,0.0,0.0,0.0,0,0
reference,train,synthetic_monthly,True,STEP KI,monthly_barrier,0.05,terms,341,0.0,0.0,0.0,0.0,0.0,0,0
reference,train,synthetic_monthly,True,STEP no-KI,base,0.0,terms,341,0.0,0.0,0.0,0.0,0.0,0,0
reference,train,synthetic_monthly,True,STEP no-KI,coupon_regular,-0.01,terms,341,-89.44829695560365,-89.69213938713075,-142.48641121387482,-43.796033799648285,0.3633315980802386,0,341
reference,train,synthetic_monthly,True,STEP no-KI,coupon_regular,-0.005,terms,341,-44.724136931630525,-44.84609651565552,-71.24312016367912,-21.89800998568535,0.18166581888598995,0,341
reference,train,synthetic_monthly,True,STEP no-KI,coupon_regular,-0.0025,terms,341,-22.36206600201095,-22.422628492116928,-35.621767580509186,-10.948902487754822,0.09083294681544662,0,341
reference,train,synthetic_monthly,True,STEP no-KI,coupon_regular,-0.001,terms,341,-8.944826207465091,-8.968988746404648,-14.248590171337128,-4.379672020673752,0.036333173929558024,0,341
reference,train,synthetic_monthly,True,STEP no-KI,coupon_regular,0.001,terms,341,8.944834045213689,8.969569265842438,4.379654258489609,14.248280227184296,0.036333084238215005,341,0
reference,train,synthetic_monthly,True,STEP no-KI,coupon_regular,0.0025,terms,341,22.362062913843612,22.42346802353859,10.94914248585701,35.62185689806938,0.09083282765705193,341,0
reference,train,synthetic_monthly,True,STEP no-KI,coupon_regular,0.005,terms,341,44.724152446230136,44.84605914354324,21.89794921875,71.24330958724022,0.18166569147377104,341,0
reference,train,synthetic_monthly,True,STEP no-KI,coupon_regular,0.01,terms,341,89.44828775184246,89.69211828708649,43.79593804478645,142.486500531435,0.36333145234929215,341,0
reference,train,synthetic_monthly,True,STEP no-KI,first_strike,-0.05,terms,341,42.80884319520918,34.346608869731426,-84.82193751633167,211.4731099820929,3.523086259676464,249,92
reference,train,synthetic_monthly,True,STEP no-KI,first_strike,-0.025,terms,341,18.060366677596615,13.334442514926195,-41.38111653923988,108.43075531208888,2.41163196526065,232,109
reference,train,synthetic_monthly,True,STEP no-KI,first_strike,-0.01,terms,341,6.457319150121701,4.543248206377029,-16.618008852005005,47.06202365551144,1.486774647178623,225,116
reference,train,synthetic_monthly,True,STEP no-KI,first_strike,-0.005,terms,341,3.113062964652928,2.4480163604021072,-8.517457738518715,23.68381822761149,1.0401075226650902,222,119
reference,train,synthetic_monthly,True,STEP no-KI,first_strike,0.005,terms,341,-2.6676236164064457,-1.8826486021280289,-20.019100633915517,8.097174227237701,1.010084335547001,129,212
reference,train,synthetic_monthly,True,STEP no-KI,first_strike,0.01,terms,341,-5.194570681867818,-3.4442524388432503,-42.20117736514658,16.674584187567234,1.418973420446154,127,214
reference,train,synthetic_monthly,True,STEP no-KI,first_strike,0.025,terms,341,-11.312815407915283,-5.958154425024986,-98.87666717777029,39.37725543230773,2.1675492312384574,133,208
reference,train,synthetic_monthly,True,STEP no-KI,first_strike,0.05,terms,341,-17.39001286242469,-7.101088508963585,-183.7534935170552,70.93931332975626,2.872820750939413,150,191
reference,train,synthetic_monthly,True,STEP no-KI,last_strike,-0.05,terms,341,104.89135194917229,104.87274219095708,0.3016302064061165,289.30310882627964,3.571417214067449,341,0
reference,train,synthetic_monthly,True,STEP no-KI,last_strike,-0.025,terms,341,51.83522297348008,53.12302795052528,0.3016302064061165,144.020747423172,2.502889157498816,341,0
reference,train,synthetic_monthly,True,STEP no-KI,last_strike,-0.01,terms,341,20.563661173466713,20.641136005520824,0.1492744758725166,60.47019426524639,1.5715710665490266,341,0
reference,train,synthetic_monthly,True,STEP no-KI,last_strike,-0.005,terms,341,10.246853656367648,10.299266904592514,0.0,30.981175035238262,1.1074276838924826,340,0
reference,train,synthetic_monthly,True,STEP no-KI,last_strike,0.005,terms,341,-10.114108371485537,-9.980744197964668,-27.644673973321915,-0.1468131095170974,1.0945127199327607,0,341
reference,train,synthetic_monthly,True,STEP no-KI,last_strike,0.01,terms,341,-20.185979382099468,-19.62228462100029,-54.38416583836079,-0.1468131095170974,1.544452260508666,0,341
reference,train,synthetic_monthly,True,STEP no-KI,last_strike,0.025,terms,341,-49.4518984671999,-48.878783509135246,-136.76508289575577,-1.1460744813084602,2.3967141113961565,0,341
reference,train,synthetic_monthly,True,STEP no-KI,last_strike,0.05,terms,341,-95.24219451739816,-91.15246215462685,-267.7763020545244,-3.6319095492362976,3.2743308764329773,0,341
reference,train,synthetic_monthly,True,STEP no-KI,monthly_barrier,-0.05,terms,341,0.0,0.0,0.0,0.0,0.0,0,0
reference,train,synthetic_monthly,True,STEP no-KI,monthly_barrier,-0.025,terms,341,0.0,0.0,0.0,0.0,0.0,0,0
reference,train,synthetic_monthly,True,STEP no-KI,monthly_barrier,-0.01,terms,341,0.0,0.0,0.0,0.0,0.0,0,0
reference,train,synthetic_monthly,True,STEP no-KI,monthly_barrier,-0.005,terms,341,0.0,0.0,0.0,0.0,0.0,0,0
reference,train,synthetic_monthly,True,STEP no-KI,monthly_barrier,0.005,terms,341,0.0,0.0,0.0,0.0,0.0,0,0
reference,train,synthetic_monthly,True,STEP no-KI,monthly_barrier,0.01,terms,341,0.0,0.0,0.0,0.0,0.0,0,0
reference,train,synthetic_monthly,True,STEP no-KI,monthly_barrier,0.025,terms,341,0.0,0.0,0.0,0.0,0.0,0,0
reference,train,synthetic_monthly,True,STEP no-KI,monthly_barrier,0.05,terms,341,0.0,0.0,0.0,0.0,0.0,0,0
reference,train,synthetic_regular,False,LIZARD KI,base,0.0,terms,256,0.0,0.0,0.0,0.0,0.0,0,0
reference,train,synthetic_regular,False,LIZARD KI,coupon_regular,-0.01,terms,256,-45.24878149398137,-40.668664552271366,-119.37358638644216,-12.110299050807953,0.2586510018547531,0,256
reference,train,synthetic_regular,False,LIZARD KI,coupon_regular,-0.005,terms,256,-22.62443239305867,-20.334109529852867,-59.6869341135025,-6.055005803704263,0.1293254784883092,0,256
reference,train,synthetic_regular,False,LIZARD KI,coupon_regular,-0.0025,terms,256,-11.312215950223617,-10.166929468512535,-29.84331488609314,-3.027502983808517,0.06466269792305568,0,256
reference,train,synthetic_regular,False,LIZARD KI,coupon_regular,-0.001,terms,256,-4.524898541974835,-4.066804230213165,-11.93709260225296,-1.2112305462360382,0.025865036492220106,0,256
reference,train,synthetic_regular,False,LIZARD KI,coupon_regular,0.001,terms,256,4.524878469645046,4.066969007253647,1.2106569111347198,11.937558978796003,0.025865173513795463,256,0
reference,train,synthetic_regular,False,LIZARD KI,coupon_regular,0.0025,terms,256,11.312175284721889,10.166996568441391,3.027502983808517,29.843420207500458,0.06466287098066478,256,0
reference,train,synthetic_regular,False,LIZARD KI,coupon_regular,0.005,terms,256,22.624319956812542,20.334339782595638,6.054432064294815,59.68696567416191,0.12932563713331482,256,0
reference,train,synthetic_regular,False,LIZARD KI,coupon_regular,0.01,terms,256,45.24873654684052,40.66844241321088,12.109438002109528,119.37348082661627,0.25865111820177,256,0
reference,train,synthetic_regular,False,LIZARD KI,first_strike,-0.05,terms,256,21.449956561575164,12.86477804556489,-255.21961185336116,260.0444408841431,1.8643060156022644,176,80
reference,train,synthetic_regular,False,LIZARD KI,first_strike,-0.025,terms,256,9.403362643690343,6.011583540588617,-127.89734377712011,115.64863016828896,1.2296011562434699,171,85
reference,train,synthetic_regular,False,LIZARD KI,first_strike,-0.01,terms,256,3.423530692785789,2.192312393337488,-49.56305286288261,42.370504507794976,0.7386488652736963,167,89
reference,train,synthetic_regular,False,LIZARD KI,first_strike,-0.005,terms,256,1.6549708023158018,1.1719117294996977,-25.268905386328697,20.14585050567985,0.5129558409211405,168,88
reference,train,synthetic_regular,False,LIZARD KI,first_strike,0.005,terms,256,-1.5486363638792682,-1.1088714897632599,-20.43410461395979,20.723394259810444,0.4987266736122974,91,165
reference,train,synthetic_regular,False,LIZARD KI,first_strike,0.01,terms,256,-3.0167897768169496,-2.271784519776702,-40.14654748886824,42.30138574540615,0.6941052568964898,92,164
reference,train,synthetic_regular,False,LIZARD KI,first_strike,0.025,terms,256,-6.95533334837819,-5.973365068435669,-90.30545723065734,94.90255666524172,1.0457504274552125,92,164
reference,train,synthetic_regular,False,LIZARD KI,first_strike,0.05,terms,256,-11.784167914921454,-9.081182898953557,-177.5562254593242,153.58324946463108,1.3572639549054328,95,161
reference,train,synthetic_regular,False,LIZARD KI,ki_barrier,-0.05,terms,256,41.98405169325997,23.29967524111271,0.0,281.89697755128145,1.7282702502375833,234,0
reference,train,synthetic_regular,False,LIZARD KI,ki_barrier,-0.025,terms,256,20.809383475017967,11.865262649953365,0.0,148.5858391970396,1.2099721209332595,233,0
reference,train,synthetic_regular,False,LIZARD KI,ki_barrier,-0.01,terms,256,8.216092066373676,4.291390556842089,0.0,59.283854596316814,0.7508874870665704,222,0
reference,train,synthetic_regular,False,LIZARD KI,ki_barrier,-0.005,terms,256,4.027904949267395,2.1981603987514973,0.0,29.378140561282635,0.5212993212041871,214,0
reference,train,synthetic_regular,False,LIZARD KI,ki_barrier,0.005,terms,256,-4.021813317551278,-2.064601592719555,-27.063869677484035,0.0,0.5225724082154726,0,221
reference,train,synthetic_regular,False,LIZARD KI,ki_barrier,0.01,terms,256,-8.016535149159608,-4.182739440351725,-55.17808981984854,0.0,0.7372693558059118,0,229
reference,train,synthetic_regular,False,LIZARD KI,ki_barrier,0.025,terms,256,-19.701573462603847,-9.258363582193851,-141.34328098595142,0.0,1.1479495552404262,0,235
reference,train,synthetic_regular,False,LIZARD KI,ki_barrier,0.05,terms,256,-37.52678625078988,-17.050601046532393,-272.7538299933076,0.0,1.5573892810493462,0,239
reference,train,synthetic_regular,False,LIZARD KI,last_strike,-0.05,terms,256,32.74488906885381,19.546694561839104,0.0,240.02892880141732,1.3869394338749625,246,0
reference,train,synthetic_regular,False,LIZARD KI,last_strike,-0.025,terms,256,15.663991205656203,9.354564152657986,0.0,109.31631010770798,0.9413759692456001,243,0
reference,train,synthetic_regular,False,LIZARD KI,last_strike,-0.01,terms,256,6.0748505658702925,3.528821252286434,0.0,44.36152623593807,0.577419457513287,237,0
reference,train,synthetic_regular,False,LIZARD KI,last_strike,-0.005,terms,256,2.987003554124385,1.7064919099211693,0.0,22.647649079561237,0.40060197414289483,231,0
reference,train,synthetic_regular,False,LIZARD KI,last_strike,0.005,terms,256,-2.9629771023173817,-1.6005294471979141,-24.3823621571064,0.0,0.3974003311259784,0,232
reference,train,synthetic_regular,False,LIZARD KI,last_strike,0.01,terms,256,-5.848028309002984,-3.1313815265893936,-43.05200728774071,0.0,0.5586371066949988,0,235
reference,train,synthetic_regular,False,LIZARD KI,last_strike,0.025,terms,256,-14.166647159610875,-7.779700197279453,-105.66145952045918,0.0,0.8574382895469239,0,238
reference,train,synthetic_regular,False,LIZARD KI,last_strike,0.05,terms,256,-26.918555654294323,-14.586782827973366,-200.2317113727331,0.0,1.155160113323634,0,242
reference,train,synthetic_regular,False,LIZARD no-KI,base,0.0,terms,256,0.0,0.0,0.0,0.0,0.0,0,0
reference,train,synthetic_regular,False,LIZARD no-KI,coupon_regular,-0.01,terms,256,-43.5285594672896,-37.45996679365635,-118.08409520983696,-10.906717419624329,0.24196962119171236,0,256
reference,train,synthetic_regular,False,LIZARD no-KI,coupon_regular,-0.005,terms,256,-21.764250649081077,-18.729804694652557,-59.0420781970024,-5.453129887580872,0.12098484167333226,0,256
reference,train,synthetic_regular,False,LIZARD no-KI,coupon_regular,-0.0025,terms,256,-10.88215613772627,-9.365283161401749,-29.52126930654049,-2.7265666723251343,0.060492344898327714,0,256
reference,train,synthetic_regular,False,LIZARD no-KI,coupon_regular,-0.001,terms,256,-4.352830148185603,-3.74610498547554,-11.80795231461525,-1.0908070504665377,0.024196985408795627,0,256
reference,train,synthetic_regular,False,LIZARD no-KI,coupon_regular,0.001,terms,256,4.352851585543249,3.746008396148682,1.0908086597919464,11.808395490050318,0.02419697888465782,256,0
reference,train,synthetic_regular,False,LIZARD no-KI,coupon_regular,0.0025,terms,256,10.88215790380491,9.365194961428642,2.726562350988388,29.5212599337101,0.060492457119393994,256,0
reference,train,synthetic_regular,False,LIZARD no-KI,coupon_regular,0.005,terms,256,21.764260491298046,18.730076357722282,5.453129172325134,59.04206079244614,0.12098476832889347,256,0
reference,train,synthetic_regular,False,LIZARD no-KI,coupon_regular,0.01,terms,256,43.528567632311024,37.46001189947128,10.906257033348083,118.08448679745196,0.24196961326702732,256,0
reference,train,synthetic_regular,False,LIZARD no-KI,first_strike,-0.05,terms,256,43.370513228688736,24.4729222394526,-119.25093249976636,276.0189155880362,2.2451407252832394,206,50
reference,train,synthetic_regular,False,LIZARD no-KI,first_strike,-0.025,terms,256,19.658590544952972,11.744281228631735,-52.6500835120678,121.16852335259318,1.4908095458155792,199,57
reference,train,synthetic_regular,False,LIZARD no-KI,first_strike,-0.01,terms,256,7.235913960915809,4.463435430079699,-19.93742313981056,46.03678173350636,0.8994969860097071,195,61
reference,train,synthetic_regular,False,LIZARD no-KI,first_strike,-0.005,terms,256,3.581433758202536,2.2097897306084633,-9.957225121557713,26.97274079825729,0.6281140603220258,191,65
reference,train,synthetic_regular,False,LIZARD no-KI,first_strike,0.005,terms,256,-3.4628089358203624,-2.306514550000429,-24.594039642252028,8.457614555954933,0.6173105647327992,63,193
reference,train,synthetic_regular,False,LIZARD no-KI,first_strike,0.01,terms,256,-6.595881634100692,-4.58951654843986,-46.472492730244994,17.02118495851755,0.8510923496456222,68,188
reference,train,synthetic_regular,False,LIZARD no-KI,first_strike,0.025,terms,256,-15.263050587465159,-10.805813074111938,-112.04850848787464,43.65128802508116,1.2849725420324916,70,186
reference,train,synthetic_regular,False,LIZARD no-KI,first_strike,0.05,terms,256,-26.390990181327346,-22.682304672896862,-204.15356029733084,91.46764182299376,1.6696309155298565,75,181
reference,train,synthetic_regular,False,LIZARD no-KI,last_strike,-0.05,terms,256,52.4678493521933,27.67595487833023,0.0,293.13482670485973,2.152625827888298,248,0
reference,train,synthetic_regular,False,LIZARD no-KI,last_strike,-0.025,terms,256,25.55350516436738,13.434706836938858,0.0,143.7036971449852,1.4835209300937149,241,0
reference,train,synthetic_regular,False,LIZARD no-KI,last_strike,-0.01,terms,256,10.099815914902138,5.216337390244007,0.0,55.64107699692249,0.9254850869341933,237,0
reference,train,synthetic_regular,False,LIZARD no-KI,last_strike,-0.005,terms,256,5.034220558532979,2.5495955273509026,0.0,30.384519264101986,0.6464723673634756,231,0
reference,train,synthetic_regular,False,LIZARD no-KI,last_strike,0.005,terms,256,-4.889464444480836,-2.460922732949257,-25.866728469729424,0.0,0.6320704833578068,0,229
reference,train,synthetic_regular,False,LIZARD no-KI,last_strike,0.01,terms,256,-9.586657129286323,-5.055492386221886,-50.51141558587552,0.0,0.8875580827732004,0,236
reference,train,synthetic_regular,False,LIZARD no-KI,last_strike,0.025,terms,256,-23.478646085306536,-11.399331718683243,-134.68027444183826,0.0,1.375495248214404,0,241
reference,train,synthetic_regular,False,LIZARD no-KI,last_strike,0.05,terms,256,-44.71822078875266,-20.667157627642155,-259.65613032877445,0.0,1.8625586206759839,0,247
reference,train,synthetic_regular,False,STEP KI,base,0.0,terms,256,0.0,0.0,0.0,0.0,0.0,0,0
reference,train,synthetic_regular,False,STEP KI,coupon_regular,-0.01,terms,256,-65.89260483591352,-60.08414477109909,-158.22224333882332,-26.764697149395943,0.337681714798477,0,256
reference,train,synthetic_regular,False,STEP KI,coupon_regular,-0.005,terms,256,-32.946308851998765,-30.04206269234419,-79.11124998331069,-13.38176915049553,0.16884079749519432,0,256
reference,train,synthetic_regular,False,STEP KI,coupon_regular,-0.0025,terms,256,-16.473142385075334,-15.021004408597946,-39.55509367585182,-6.691464975476265,0.08442041922782165,0,256
reference,train,synthetic_regular,False,STEP KI,coupon_regular,-0.001,terms,256,-6.58927530341316,-6.008541986346245,-15.821980297565462,-2.676468938589096,0.03376812005805953,0,256
reference,train,synthetic_regular,False,STEP KI,coupon_regular,0.001,terms,256,6.58928617532365,6.0083678513765335,2.677052929997444,15.82231029868126,0.03376818369419378,256,0
reference,train,synthetic_regular,False,STEP KI,coupon_regular,0.0025,terms,256,16.47314212610945,15.020814418792725,6.691465973854065,39.55565220117568,0.0844203908593192,256,0
reference,train,synthetic_regular,False,STEP KI,coupon_regular,0.005,terms,256,32.946304347133264,30.041710704565048,13.382941782474518,79.11159533262253,0.16884087163793338,256,0
reference,train,synthetic_regular,False,STEP KI,coupon_regular,0.01,terms,256,65.89259250246687,60.08322636783123,26.765292420983315,158.22258868813518,0.3376817827462013,256,0
reference,train,synthetic_regular,False,STEP KI,first_strike,-0.05,terms,256,22.806392885912004,15.694157466292381,-309.6638831943273,291.7006280920468,3.218186713440729,147,109
reference,train,synthetic_regular,False,STEP KI,first_strike,-0.025,terms,256,8.760899634484076,6.315939899533987,-149.13102428615093,137.62233447143808,2.245611346783404,146,110
reference,train,synthetic_regular,False,STEP KI,first_strike,-0.01,terms,256,2.90643021783535,1.8319091312587261,-55.182995200157166,59.06869084434584,1.39963795547538,144,112
reference,train,synthetic_regular,False,STEP KI,first_strike,-0.005,terms,256,1.4036098846110008,0.7571098171174526,-25.65910100191832,30.792300863191485,0.9841562885739223,139,117
reference,train,synthetic_regular,False,STEP KI,first_strike,0.005,terms,256,-1.1051155493062197,-0.9403392449021339,-23.66209347092081,28.42244441062212,0.9667479073241709,116,140
reference,train,synthetic_regular,False,STEP KI,first_strike,0.01,terms,256,-2.021479010009841,-1.545117873698473,-47.82434941153042,55.68909169733524,1.3533234083276353,116,140
reference,train,synthetic_regular,False,STEP KI,first_strike,0.025,terms,256,-3.6319939866548907,-3.536917094141245,-122.87019122345372,126.5903522223234,2.0751101995295778,121,135
reference,train,synthetic_regular,False,STEP KI,first_strike,0.05,terms,256,-3.33184857831435,-1.9562767483294012,-220.64286297303624,218.4748769626021,2.754577143833276,125,131
reference,train,synthetic_regular,False,STEP KI,ki_barrier,-0.05,terms,256,57.20456319916411,46.65805859118699,0.0,308.8691788762808,2.1895614317418994,251,0
reference,train,synthetic_regular,False,STEP KI,ki_barrier,-0.025,terms,256,28.39558177656727,22.44662882760167,0.0,148.58024058490992,1.5377023952495832,250,0
reference,train,synthetic_regular,False,STEP KI,ki_barrier,-0.01,terms,256,11.249903621239355,9.01807402819395,0.0,62.91405472904444,0.9603505596052568,245,0
reference,train,synthetic_regular,False,STEP KI,ki_barrier,-0.005,terms,256,5.626138845429523,4.328295946121216,0.0,30.81271290034056,0.6757649118252309,242,0
reference,train,synthetic_regular,False,STEP KI,ki_barrier,0.005,terms,256,-5.495395365753211,-4.15984296053648,-28.36563072353601,0.0,0.6689043540604689,0,243
reference,train,synthetic_regular,False,STEP KI,ki_barrier,0.01,terms,256,-11.005425818933873,-8.075397692620754,-55.30900593101978,0.0,0.9478886858624972,0,247
reference,train,synthetic_regular,False,STEP KI,ki_barrier,0.025,terms,256,-26.831938834424363,-19.954947162419558,-140.20344553142786,0.0,1.46456471708369,0,249
reference,train,synthetic_regular,False,STEP KI,ki_barrier,0.05,terms,256,-51.22846311761532,-34.22112130001187,-269.48943181335926,0.0,1.9862258360770273,0,252
reference,train,synthetic_regular,False,STEP KI,last_strike,-0.05,terms,256,51.06646300610737,39.7872541770339,0.6940203905105591,277.1726299896836,1.8882775165063406,256,0
reference,train,synthetic_regular,False,STEP KI,last_strike,-0.025,terms,256,24.37369692255743,19.028090074658394,0.2378542274236679,135.6667585670948,1.2777148989455804,256,0
reference,train,synthetic_regular,False,STEP KI,last_strike,-0.01,terms,256,9.56781486797263,7.692066967487335,0.0,51.59549507498741,0.7908539505857868,255,0
reference,train,synthetic_regular,False,STEP KI,last_strike,-0.005,terms,256,4.680627641064348,3.822708047926426,0.0,24.740927517414093,0.5486126019625559,255,0
reference,train,synthetic_regular,False,STEP KI,last_strike,0.005,terms,256,-4.586492173053557,-3.6405420377850533,-21.789588406682014,0.0,0.5404318583360059,0,254
reference,train,synthetic_regular,False,STEP KI,last_strike,0.01,terms,256,-9.110941719060065,-7.125503666698933,-44.23433040082455,0.0,0.7591273516757613,0,255
reference,train,synthetic_regular,False,STEP KI,last_strike,0.025,terms,256,-22.0933336331218,-17.37893533706665,-123.98065502941608,-0.1445281505584716,1.1665599989687179,0,256
reference,train,synthetic_regular,False,STEP KI,last_strike,0.05,terms,256,-42.20805447778548,-33.981538370251656,-234.93409818410876,-0.2177861928939819,1.5733244901269026,0,256
reference,train,synthetic_regular,False,STEP no-KI,base,0.0,terms,256,0.0,0.0,0.0,0.0,0.0,0,0
reference,train,synthetic_regular,False,STEP no-KI,coupon_regular,-0.01,terms,256,-62.59564063150901,-59.020294576883316,-149.3554820716381,-25.583544448018078,0.326449465165045,0,256
reference,train,synthetic_regular,False,STEP no-KI,coupon_regular,-0.005,terms,256,-31.297871332091745,-29.510424077510834,-74.67763730883598,-12.79206120967865,0.16322465961451443,0,256
reference,train,synthetic_regular,False,STEP no-KI,coupon_regular,-0.0025,terms,256,-15.6489037022111,-14.755287908017635,-37.33881875872612,-6.396327510476112,0.08161237437120056,0,256
reference,train,synthetic_regular,False,STEP no-KI,coupon_regular,-0.001,terms,256,-6.259617812698707,-5.902179874479771,-14.935266315937042,-2.5592300593853,0.032644825322780915,0,256
reference,train,synthetic_regular,False,STEP no-KI,coupon_regular,0.001,terms,256,6.259567380999215,5.901636019349098,2.558056324720383,14.93553701043129,0.032644984350781864,256,0
reference,train,synthetic_regular,False,STEP no-KI,coupon_regular,0.0025,terms,256,15.648859135748353,14.754728347063065,6.394576400518418,37.3390046954155,0.08161252202169843,256,0
reference,train,synthetic_regular,False,STEP no-KI,coupon_regular,0.005,terms,256,31.297779632965103,29.50996395200491,12.790329515933989,74.67767211794853,0.16322490535207862,256,0
reference,train,synthetic_regular,False,STEP no-KI,coupon_regular,0.01,terms,256,62.59561111178482,59.019936963915825,25.58179304003716,149.35534423589706,0.3264496077936605,256,0
reference,train,synthetic_regular,False,STEP no-KI,first_strike,-0.05,terms,256,65.59803110560324,59.573900716379285,-306.5250175073743,291.2299706636695,4.0439595310584835,199,57
reference,train,synthetic_regular,False,STEP no-KI,first_strike,-0.025,terms,256,29.2100427069156,28.887579740025107,-160.37640999257565,145.36776640772587,2.822634758599822,195,61
reference,train,synthetic_regular,False,STEP no-KI,first_strike,-0.01,terms,256,10.861684037653049,10.889721293002367,-64.12248559296131,56.51958121533971,1.7650622784826093,193,63
reference,train,synthetic_regular,False,STEP no-KI,first_strike,-0.005,terms,256,5.228420413198364,5.248648101463914,-32.91733378916979,28.88523666211404,1.2380716117043176,195,61
reference,train,synthetic_regular,False,STEP no-KI,first_strike,0.005,terms,256,-4.800846167966029,-4.9933637492358685,-28.673708428628743,31.61852416396141,1.2110952706555405,68,188
reference,train,synthetic_regular,False,STEP no-KI,first_strike,0.01,terms,256,-9.363024181228411,-10.190105777233837,-56.01063487492502,60.42733783274889,1.7012266640835716,67,189
reference,train,synthetic_regular,False,STEP no-KI,first_strike,0.025,terms,256,-20.430844349024483,-24.36114777997136,-125.37921921722592,148.78321494162083,2.5999256799871207,70,186
reference,train,synthetic_regular,False,STEP no-KI,first_strike,0.05,terms,256,-32.30446775067708,-37.081835366785526,-230.3969771894626,271.84583258628845,3.4429682578420686,80,176
reference,train,synthetic_regular,False,STEP no-KI,last_strike,-0.05,terms,256,88.07451306312578,70.64143541827798,0.0,336.9436031281948,3.0959802518440878,255,0
reference,train,synthetic_regular,False,STEP no-KI,last_strike,-0.025,terms,256,43.030137398600345,33.66208675503731,0.0,169.7117489874363,2.146500979403607,255,0
reference,train,synthetic_regular,False,STEP no-KI,last_strike,-0.01,terms,256,16.779696755460463,13.544863723218441,0.0,67.26409427821636,1.3309470606351828,254,0
reference,train,synthetic_regular,False,STEP no-KI,last_strike,-0.005,terms,256,8.337486169970362,6.70212846249342,0.0,33.452658742666245,0.9347395557729411,253,0
reference,train,synthetic_regular,False,STEP no-KI,last_strike,0.005,terms,256,-8.424042775150156,-6.511131279170513,-38.74760138988495,0.0,0.9363162549867464,0,254
reference,train,synthetic_regular,False,STEP no-KI,last_strike,0.01,terms,256,-16.696410366072087,-12.953440077602863,-71.56365640461445,0.0,1.313137764965031,0,255
reference,train,synthetic_regular,False,STEP no-KI,last_strike,0.025,terms,256,-40.28243908160948,-31.17816223204136,-175.8503296375275,0.0,2.013534619257386,0,255
reference,train,synthetic_regular,False,STEP no-KI,last_strike,0.05,terms,256,-77.24941958711133,-59.563906744122505,-343.72404013574123,0.0,2.729177433580885,0,255
reference,validation,synthetic_monthly,True,LIZARD no-KI,base,0.0,terms,43,0.0,0.0,0.0,0.0,0.0,0,0
reference,validation,synthetic_monthly,True,LIZARD no-KI,coupon_regular,-0.01,terms,43,-82.29075221128242,-84.26238080859184,-86.6174156665802,-74.83396598696709,0.37369172898922437,0,43
reference,validation,synthetic_monthly,True,LIZARD no-KI,coupon_regular,-0.005,terms,43,-41.14540371090867,-42.13158732652664,-43.30880954861641,-37.41687288880348,0.18684584109228722,0,43
reference,validation,synthetic_monthly,True,LIZARD no-KI,coupon_regular,-0.0025,terms,43,-20.57265525986982,-21.065473675727844,-21.65351966023445,-18.708803176879883,0.09342306171787026,0,43
reference,validation,synthetic_monthly,True,LIZARD no-KI,coupon_regular,-0.001,terms,43,-8.229100628647693,-8.427047848701477,-8.661810755729675,-7.483201831579208,0.03736925868293926,0,43
reference,validation,synthetic_monthly,True,LIZARD no-KI,coupon_regular,0.001,terms,43,8.229164838097816,8.42598882317543,7.483322352170944,8.66256096959114,0.03736907204637603,43,0
reference,validation,synthetic_monthly,True,LIZARD no-KI,coupon_regular,0.0025,terms,43,20.57273690853008,21.06526377797127,18.70814698934555,21.65442395210266,0.09342275163544653,43,0
reference,validation,synthetic_monthly,True,LIZARD no-KI,coupon_regular,0.005,terms,43,41.14546010591263,42.130725771188736,37.41698664426804,43.309471160173416,0.18684571448341095,43,0
reference,validation,synthetic_monthly,True,LIZARD no-KI,coupon_regular,0.01,terms,43,82.29080850925557,84.26142710447311,74.83397328853607,86.61817854642868,0.37369169190761414,43,0
reference,validation,synthetic_monthly,True,LIZARD no-KI,first_strike,-0.05,terms,43,36.56556196593095,34.09276260063052,6.404737502336502,64.24533797614276,2.902364061868441,43,0
reference,validation,synthetic_monthly,True,LIZARD no-KI,first_strike,-0.025,terms,43,18.18500133577821,17.24906460568309,4.514641527086496,32.374289052560925,2.0078307328995084,43,0
reference,validation,synthetic_monthly,True,LIZARD no-KI,first_strike,-0.01,terms,43,7.351529589009493,6.717718578875065,1.949576910585165,13.744462605565786,1.2592371604255639,43,0
reference,validation,synthetic_monthly,True,LIZARD no-KI,first_strike,-0.005,terms,43,3.543177725660593,3.122750014066696,0.4883880987763405,7.703803155571222,0.8775910979424079,43,0
reference,validation,synthetic_monthly,True,LIZARD no-KI,first_strike,0.005,terms,43,-3.4339545191547205,-3.369946777820588,-6.2605856731534,0.5820428431034088,0.8556004899244606,1,42
reference,validation,synthetic_monthly,True,LIZARD no-KI,first_strike,0.01,terms,43,-6.821168423392052,-6.694940436631441,-12.05883787572384,-0.2440135031938552,1.2035740008476565,0,43
reference,validation,synthetic_monthly,True,LIZARD no-KI,first_strike,0.025,terms,43,-15.744489959636054,-14.8903431519866,-27.440598390996456,-4.180043987929821,1.8282709529241012,0,43
reference,validation,synthetic_monthly,True,LIZARD no-KI,first_strike,0.05,terms,43,-27.96365579707158,-26.39979963749647,-48.15067547932267,-6.335780885070562,2.456528942940671,0,43
reference,validation,synthetic_monthly,True,LIZARD no-KI,last_strike,-0.05,terms,43,82.28062826862862,76.39663965255022,59.74236907064915,124.49146682024002,3.592027640464283,43,0
reference,validation,synthetic_monthly,True,LIZARD no-KI,last_strike,-0.025,terms,43,41.64756927292707,39.45265458524227,29.379324346780777,62.00511737167835,2.544270575221999,43,0
reference,validation,synthetic_monthly,True,LIZARD no-KI,last_strike,-0.01,terms,43,16.819440895041755,15.594264097511768,11.63024863600731,26.61708104610443,1.611631865199605,43,0
reference,validation,synthetic_monthly,True,LIZARD no-KI,last_strike,-0.005,terms,43,8.337592467838942,7.464384511113167,5.251749292016029,13.265697337687016,1.1330471260847403,43,0
reference,validation,synthetic_monthly,True,LIZARD no-KI,last_strike,0.005,terms,43,-8.218863971184852,-7.752049192786217,-12.575066700577736,-4.25828742980957,1.1197481942668588,0,43
reference,validation,synthetic_monthly,True,LIZARD no-KI,last_strike,0.01,terms,43,-16.671344140587852,-16.709034450352192,-24.063082471489903,-10.516886465251448,1.5920329829418558,0,43
reference,validation,synthetic_monthly,True,LIZARD no-KI,last_strike,0.025,terms,43,-42.288519919091875,-40.5889140367508,-60.01269614696503,-30.211720764636997,2.5196056826883835,0,43
reference,validation,synthetic_monthly,True,LIZARD no-KI,last_strike,0.05,terms,43,-85.21498755521553,-83.27822901308537,-117.28706154972316,-65.78535450994968,3.532327033116931,0,43
reference,validation,synthetic_monthly,True,LIZARD no-KI,monthly_barrier,-0.05,terms,43,0.0,0.0,0.0,0.0,0.0,0,0
reference,validation,synthetic_monthly,True,LIZARD no-KI,monthly_barrier,-0.025,terms,43,0.0,0.0,0.0,0.0,0.0,0,0
reference,validation,synthetic_monthly,True,LIZARD no-KI,monthly_barrier,-0.01,terms,43,0.0,0.0,0.0,0.0,0.0,0,0
reference,validation,synthetic_monthly,True,LIZARD no-KI,monthly_barrier,-0.005,terms,43,0.0,0.0,0.0,0.0,0.0,0,0
reference,validation,synthetic_monthly,True,LIZARD no-KI,monthly_barrier,0.005,terms,43,0.0,0.0,0.0,0.0,0.0,0,0
reference,validation,synthetic_monthly,True,LIZARD no-KI,monthly_barrier,0.01,terms,43,0.0,0.0,0.0,0.0,0.0,0,0
reference,validation,synthetic_monthly,True,LIZARD no-KI,monthly_barrier,0.025,terms,43,0.0,0.0,0.0,0.0,0.0,0,0
reference,validation,synthetic_monthly,True,LIZARD no-KI,monthly_barrier,0.05,terms,43,0.0,0.0,0.0,0.0,0.0,0,0
reference,validation,synthetic_monthly,True,STEP KI,base,0.0,terms,43,0.0,0.0,0.0,0.0,0.0,0,0
reference,validation,synthetic_monthly,True,STEP KI,coupon_regular,-0.01,terms,43,-83.51388832164365,-87.51840135455132,-116.4782307446003,-43.19305092096329,0.3578130436103639,0,43
reference,validation,synthetic_monthly,True,STEP KI,coupon_regular,-0.005,terms,43,-41.7569734301678,-43.75951814651489,-58.23880508542061,-21.59656748175621,0.1789065471242355,0,43
reference,validation,synthetic_monthly,True,STEP KI,coupon_regular,-0.0025,terms,43,-20.878487308358036,-21.879506170749664,-29.119693607091904,-10.798181772232056,0.08945332829669038,0,43
reference,validation,synthetic_monthly,True,STEP KI,coupon_regular,-0.001,terms,43,-8.351493127124254,-8.751910388469696,-11.648366957902908,-4.319268673658371,0.03578123163439649,0,43
reference,validation,synthetic_monthly,True,STEP KI,coupon_regular,0.001,terms,43,8.351352906504342,8.751910388469696,4.319534510374069,11.647269278764725,0.03578118945520561,43,0
reference,validation,synthetic_monthly,True,STEP KI,coupon_regular,0.0025,terms,43,20.878445448570474,21.87981179356575,10.798417121171951,29.119266241788864,0.08945318602247324,43,0
reference,validation,synthetic_monthly,True,STEP KI,coupon_regular,0.005,terms,43,41.75693557983221,43.75895616412163,21.59661564230919,58.238894820213325,0.17890654690071867,43,0
reference,validation,synthetic_monthly,True,STEP KI,coupon_regular,0.01,terms,43,83.51379669890848,87.51847431063652,43.19316047430039,116.47747111320496,0.357813101837497,43,0
reference,validation,synthetic_monthly,True,STEP KI,first_strike,-0.05,terms,43,51.16706593316806,48.13589975982905,-44.360176749527454,217.5729471910745,3.5469261556443086,32,11
reference,validation,synthetic_monthly,True,STEP KI,first_strike,-0.025,terms,43,21.38227731982506,18.214742548763752,-21.55181213468313,109.16632198542356,2.395015419260002,29,14
reference,validation,synthetic_monthly,True,STEP KI,first_strike,-0.01,terms,43,7.385977141174683,5.430907800793648,-8.632528267800808,42.57014215737581,1.4603614605604838,29,14
reference,validation,synthetic_monthly,True,STEP KI,first_strike,-0.005,terms,43,3.5835203255180184,2.943172924220562,-4.701280236244202,21.60043423622847,1.0223351247833747,29,14
reference,validation,synthetic_monthly,True,STEP KI,first_strike,0.005,terms,43,-3.0649588173363616,-2.0898680314421654,-19.29547445476055,4.785714857280254,0.9737304851782698,14,29
reference,validation,synthetic_monthly,True,STEP KI,first_strike,0.01,terms,43,-6.053603506175975,-3.5036062672734265,-38.62203315272927,9.512510672211649,1.3800750294716748,15,28
reference,validation,synthetic_monthly,True,STEP KI,first_strike,0.025,terms,43,-13.989997937712213,-9.719818711280825,-90.99330936744808,23.330505400896072,2.1124271474483725,15,28
reference,validation,synthetic_monthly,True,STEP KI,first_strike,0.05,terms,43,-22.55317867234306,-14.197824519127607,-164.28832161054015,43.20393967628479,2.7910075509064463,16,27
reference,validation,synthetic_monthly,True,STEP KI,ki_barrier,-0.05,terms,43,108.11352227454962,107.61074458807704,0.3356894105672836,211.22546686977148,3.1668934164634206,43,0
reference,validation,synthetic_monthly,True,STEP KI,ki_barrier,-0.025,terms,43,53.0761243735635,50.86116275191307,0.0,106.49202302098271,2.2093805938704905,42,0
reference,validation,synthetic_monthly,True,STEP KI,ki_barrier,-0.01,terms,43,20.831887026512344,20.113769344985485,0.0,39.59782460331917,1.379675310821834,42,0
reference,validation,synthetic_monthly,True,STEP KI,ki_barrier,-0.005,terms,43,10.34814099898172,9.805924400687216,0.0,19.06286682188511,0.9699768018837307,42,0
reference,validation,synthetic_monthly,True,STEP KI,ki_barrier,0.005,terms,43,-10.245133287684862,-10.067897707223892,-19.19930423051119,0.0,0.9617251246532895,0,42
reference,validation,synthetic_monthly,True,STEP KI,ki_barrier,0.01,terms,43,-20.271048689650936,-19.1141309812665,-38.85957772284746,0.0,1.3491002574695303,0,42
reference,validation,synthetic_monthly,True,STEP KI,ki_barrier,0.025,terms,43,-49.20908198436332,-46.0910312756896,-94.70529348403215,0.0,2.078184622739768,0,42
reference,validation,synthetic_monthly,True,STEP KI,ki_barrier,0.05,terms,43,-92.28023315775533,-86.89072859287262,-169.99590933322906,-0.0647269934415817,2.80261403303829,0,43
reference,validation,synthetic_monthly,True,STEP KI,last_strike,-0.05,terms,43,43.99699166729007,46.12084984779358,13.635216787457466,75.31259822845459,1.7177028368645741,43,0
reference,validation,synthetic_monthly,True,STEP KI,last_strike,-0.025,terms,43,20.29545878532321,20.864870116114616,7.233455032110213,32.759139850735664,1.1479136095045208,43,0
reference,validation,synthetic_monthly,True,STEP KI,last_strike,-0.01,terms,43,7.7126993734476175,7.803203508257867,2.9469631612300877,13.448777347803116,0.69863997121342,43,0
reference,validation,synthetic_monthly,True,STEP KI,last_strike,-0.005,terms,43,3.853425968178483,3.733830645680428,1.4199004322290418,6.371193572878838,0.4934483306742704,43,0
reference,validation,synthetic_monthly,True,STEP KI,last_strike,0.005,terms,43,-3.6986616451379866,-3.8307654559612274,-6.677882686257362,-1.2479998916387558,0.4780850886344694,0,43
reference,validation,synthetic_monthly,True,STEP KI,last_strike,0.01,terms,43,-7.11260977214159,-7.297011822462082,-13.28520043194294,-2.101750537753105,0.660043204752894,0,43
reference,validation,synthetic_monthly,True,STEP KI,last_strike,0.025,terms,43,-16.65011323122091,-17.076815232634544,-32.611481219530106,-6.831596419215202,1.0022170450203909,0,43
reference,validation,synthetic_monthly,True,STEP KI,last_strike,0.05,terms,43,-30.030586218418076,-30.389236092567444,-61.7214093208313,-13.057596951723095,1.3283562208466693,0,43
reference,validation,synthetic_monthly,True,STEP KI,monthly_barrier,-0.05,terms,43,0.0,0.0,0.0,0.0,0.0,0,0
reference,validation,synthetic_monthly,True,STEP KI,monthly_barrier,-0.025,terms,43,0.0,0.0,0.0,0.0,0.0,0,0
reference,validation,synthetic_monthly,True,STEP KI,monthly_barrier,-0.01,terms,43,0.0,0.0,0.0,0.0,0.0,0,0
reference,validation,synthetic_monthly,True,STEP KI,monthly_barrier,-0.005,terms,43,0.0,0.0,0.0,0.0,0.0,0,0
reference,validation,synthetic_monthly,True,STEP KI,monthly_barrier,0.005,terms,43,0.0,0.0,0.0,0.0,0.0,0,0
reference,validation,synthetic_monthly,True,STEP KI,monthly_barrier,0.01,terms,43,0.0,0.0,0.0,0.0,0.0,0,0
reference,validation,synthetic_monthly,True,STEP KI,monthly_barrier,0.025,terms,43,0.0,0.0,0.0,0.0,0.0,0,0
reference,validation,synthetic_monthly,True,STEP KI,monthly_barrier,0.05,terms,43,0.0,0.0,0.0,0.0,0.0,0,0
reference,validation,synthetic_monthly,True,STEP no-KI,base,0.0,terms,42,0.0,0.0,0.0,0.0,0.0,0,0
reference,validation,synthetic_monthly,True,STEP no-KI,coupon_regular,-0.01,terms,42,-91.81275225891953,-82.46326938271523,-153.4409843981266,-62.33347356319428,0.3704212634067561,0,42
reference,validation,synthetic_monthly,True,STEP no-KI,coupon_regular,-0.005,terms,42,-45.90641451946327,-41.232049122452736,-76.7206084728241,-31.166986733675003,0.1852107346800274,0,42
reference,validation,synthetic_monthly,True,STEP no-KI,coupon_regular,-0.0025,terms,42,-22.95327456721238,-20.616032972931862,-38.36043184995651,-15.582987934350967,0.09260522014156626,0,42
reference,validation,synthetic_monthly,True,STEP no-KI,coupon_regular,-0.001,terms,42,-9.181267947668122,-8.246255680918694,-15.344346165657043,-6.233484238386154,0.03704201172436169,0,42
reference,validation,synthetic_monthly,True,STEP no-KI,coupon_regular,0.001,terms,42,9.181179039535069,8.245643764734268,6.233638882637024,15.344285905361176,0.03704222792676012,42,0
reference,validation,synthetic_monthly,True,STEP no-KI,coupon_regular,0.0025,terms,42,22.95313404784316,20.615419894456863,15.583382576704029,38.36006292700768,0.09260533350025045,42,0
reference,validation,synthetic_monthly,True,STEP no-KI,coupon_regular,0.005,terms,42,45.90631779886427,41.23137490451336,31.166432559490204,76.7209951877594,0.18521082764132274,42,0
reference,validation,synthetic_monthly,True,STEP no-KI,coupon_regular,0.01,terms,42,91.81273021016803,82.46274825930595,62.33348196744919,153.44120261073112,0.37042129562780035,42,0
reference,validation,synthetic_monthly,True,STEP no-KI,first_strike,-0.05,terms,42,52.65008663683243,39.6156761739403,-65.93723473697901,215.27556052058935,3.8283013153265193,34,8
reference,validation,synthetic_monthly,True,STEP no-KI,first_strike,-0.025,terms,42,22.826750670293613,16.637924110516906,-27.53955367952585,96.92044844850898,2.6139856074944903,32,10
reference,validation,synthetic_monthly,True,STEP no-KI,first_strike,-0.01,terms,42,7.868027615493962,5.582434104755521,-10.949009165167809,39.42592694982886,1.5918848493119273,31,11
reference,validation,synthetic_monthly,True,STEP no-KI,first_strike,-0.005,terms,42,3.595422886134613,2.6076405346393585,-5.306260079145432,17.404515206813812,1.1054974961409296,29,13
reference,validation,synthetic_monthly,True,STEP no-KI,first_strike,0.005,terms,42,-3.7860360267971243,-3.402863796800375,-18.00587074831128,4.552568823099136,1.1001969763990542,13,29
reference,validation,synthetic_monthly,True,STEP no-KI,first_strike,0.01,terms,42,-6.882210654916153,-5.422255855053663,-32.94880465231836,9.312218829989432,1.5246047184207168,13,29
reference,validation,synthetic_monthly,True,STEP no-KI,first_strike,0.025,terms,42,-14.866331707375744,-10.299438863992691,-80.67540777288377,21.28789049386978,2.3143499475752556,15,27
reference,validation,synthetic_monthly,True,STEP no-KI,first_strike,0.05,terms,42,-23.133293832208786,-13.018498510122297,-142.2939291447401,40.10921148210764,3.056224960852912,17,25
reference,validation,synthetic_monthly,True,STEP no-KI,last_strike,-0.05,terms,42,121.17955735130678,116.36603373289108,21.61013495922089,271.20181462168694,3.943710096910728,42,0
reference,validation,synthetic_monthly,True,STEP no-KI,last_strike,-0.025,terms,42,59.403435390265216,55.51910384744405,12.924061387777328,135.64422695338726,2.7497755668853108,42,0
reference,validation,synthetic_monthly,True,STEP no-KI,last_strike,-0.01,terms,42,23.232146076858044,22.441812336444855,5.660442531108856,56.84057834744453,1.7121991260337357,42,0
reference,validation,synthetic_monthly,True,STEP no-KI,last_strike,-0.005,terms,42,11.419707896099204,10.385328195989132,3.327644243836403,29.233069583773617,1.1968992533112575,42,0
reference,validation,synthetic_monthly,True,STEP no-KI,last_strike,0.005,terms,42,-11.437970919268471,-10.656266771256924,-25.67043064534664,-2.871519014239311,1.1960087931983434,0,42
reference,validation,synthetic_monthly,True,STEP no-KI,last_strike,0.01,terms,42,-22.550301491682017,-20.313375160098076,-49.92537085711956,-5.29033400863409,1.6718439228964008,0,42
reference,validation,synthetic_monthly,True,STEP no-KI,last_strike,0.025,terms,42,-55.16729177303967,-50.49859191477299,-125.90262773633005,-13.399891130626202,2.587771122635406,0,42
reference,validation,synthetic_monthly,True,STEP no-KI,last_strike,0.05,terms,42,-105.93924336543395,-98.44091822206974,-236.27994422614572,-33.984190203249454,3.5258088376151666,0,42
reference,validation,synthetic_monthly,True,STEP no-KI,monthly_barrier,-0.05,terms,42,0.0,0.0,0.0,0.0,0.0,0,0
reference,validation,synthetic_monthly,True,STEP no-KI,monthly_barrier,-0.025,terms,42,0.0,0.0,0.0,0.0,0.0,0,0
reference,validation,synthetic_monthly,True,STEP no-KI,monthly_barrier,-0.01,terms,42,0.0,0.0,0.0,0.0,0.0,0,0
reference,validation,synthetic_monthly,True,STEP no-KI,monthly_barrier,-0.005,terms,42,0.0,0.0,0.0,0.0,0.0,0,0
reference,validation,synthetic_monthly,True,STEP no-KI,monthly_barrier,0.005,terms,42,0.0,0.0,0.0,0.0,0.0,0,0
reference,validation,synthetic_monthly,True,STEP no-KI,monthly_barrier,0.01,terms,42,0.0,0.0,0.0,0.0,0.0,0,0
reference,validation,synthetic_monthly,True,STEP no-KI,monthly_barrier,0.025,terms,42,0.0,0.0,0.0,0.0,0.0,0,0
reference,validation,synthetic_monthly,True,STEP no-KI,monthly_barrier,0.05,terms,42,0.0,0.0,0.0,0.0,0.0,0,0
reference,validation,synthetic_regular,False,LIZARD KI,base,0.0,terms,32,0.0,0.0,0.0,0.0,0.0,0,0
reference,validation,synthetic_regular,False,LIZARD KI,coupon_regular,-0.01,terms,32,-38.994355326518416,-34.53497250378132,-111.1272573173046,-13.667040765285492,0.23317500362925608,0,32
reference,validation,synthetic_regular,False,LIZARD KI,coupon_regular,-0.005,terms,32,-19.497377533465624,-17.26721154153347,-55.56354472041131,-6.83329251408577,0.11658767517334487,0,32
reference,validation,synthetic_regular,False,LIZARD KI,coupon_regular,-0.0025,terms,32,-9.748622924555093,-8.633207574486732,-27.78165477514267,-3.4168712198734283,0.058293772927830154,0,32
reference,validation,synthetic_regular,False,LIZARD KI,coupon_regular,-0.001,terms,32,-3.899436200968921,-3.4534525722265244,-11.112829595804214,-1.3668343126773834,0.02331740073981118,0,32
reference,validation,synthetic_regular,False,LIZARD KI,coupon_regular,0.001,terms,32,3.899330133572221,3.4538869857788086,1.3663772642612455,11.112941205501556,0.02331726509628066,32,0
reference,validation,synthetic_regular,False,LIZARD KI,coupon_regular,0.0025,terms,32,9.748596210964024,8.634010538458824,3.416410595178604,27.78195321559906,0.05829374801790681,32,0
reference,validation,synthetic_regular,False,LIZARD KI,coupon_regular,0.005,terms,32,19.497200328391045,17.26794223487377,6.83327877521515,55.56330934166908,0.11658718007000277,32,0
reference,validation,synthetic_regular,False,LIZARD KI,coupon_regular,0.01,terms,32,38.99441784899682,34.535593181848526,13.666125863790512,111.12701070308684,0.23317457803758518,32,0
reference,validation,synthetic_regular,False,LIZARD KI,first_strike,-0.05,terms,32,47.29582107232136,20.926182746887207,-118.57537930831312,244.61510432435895,2.233509178020081,27,5
reference,validation,synthetic_regular,False,LIZARD KI,first_strike,-0.025,terms,32,22.451365250635718,9.624388113617897,-57.71896041929722,117.12350940727627,1.510637276762881,27,5
reference,validation,synthetic_regular,False,LIZARD KI,first_strike,-0.01,terms,32,8.27152999594,4.176551669836044,-24.568319231271747,44.52682006394024,0.9110241254561667,26,6
reference,validation,synthetic_regular,False,LIZARD KI,first_strike,-0.005,terms,32,4.085983931251576,2.0801884829998016,-11.463859632611276,22.232399002998136,0.6325115452507037,25,7
reference,validation,synthetic_regular,False,LIZARD KI,first_strike,0.005,terms,32,-4.170516439779021,-2.149733930826187,-22.626629690406844,10.15062551945448,0.622133148945367,6,26
reference,validation,synthetic_regular,False,LIZARD KI,first_strike,0.01,terms,32,-8.309994160583301,-4.3229797556996346,-44.08187398663722,18.98809116333723,0.8739710464278474,7,25
reference,validation,synthetic_regular,False,LIZARD KI,first_strike,0.025,terms,32,-19.03874148973955,-10.50225031375885,-98.09842758777086,43.301934748888016,1.3097457901716254,7,25
reference,validation,synthetic_regular,False,LIZARD KI,first_strike,0.05,terms,32,-34.46865165789109,-18.288677975535393,-179.42225467850224,71.68043450266123,1.711815633535701,7,25
reference,validation,synthetic_regular,False,LIZARD KI,ki_barrier,-0.05,terms,32,32.13022700534202,10.513414595276117,0.0,134.46915870159864,1.407233071547632,28,0
reference,validation,synthetic_regular,False,LIZARD KI,ki_barrier,-0.025,terms,32,15.054012985667214,5.247356001287699,0.0,62.208808787167065,0.9514677343969703,27,0
reference,validation,synthetic_regular,False,LIZARD KI,ki_barrier,-0.01,terms,32,5.7955850209109485,1.9875281155109406,0.0,23.22220811992884,0.5806719674306489,25,0
reference,validation,synthetic_regular,False,LIZARD KI,ki_barrier,-0.005,terms,32,2.8557340423576534,0.8293386399745941,0.0,12.184667110443115,0.39977975309741787,23,0
reference,validation,synthetic_regular,False,LIZARD KI,ki_barrier,0.005,terms,32,-2.596228302689269,-0.8314323872327805,-10.50470820069313,0.0,0.38244350454481213,0,23
reference,validation,synthetic_regular,False,LIZARD KI,ki_barrier,0.01,terms,32,-5.257803077111021,-1.8955570459365845,-21.63029389083385,0.0,0.5524484088960521,0,26
reference,validation,synthetic_regular,False,LIZARD KI,ki_barrier,0.025,terms,32,-12.63464261032641,-3.937737200409174,-53.06951031088829,0.0,0.8510754390954189,0,27
reference,validation,synthetic_regular,False,LIZARD KI,ki_barrier,0.05,terms,32,-22.392244475660846,-7.081474836915731,-93.7422931790352,0.0,1.1266499164685682,0,28
reference,validation,synthetic_regular,False,LIZARD KI,last_strike,-0.05,terms,32,29.804888339014724,18.871255941689014,0.1212434470653534,155.1473941206932,1.4607610589346152,32,0
reference,validation,synthetic_regular,False,LIZARD KI,last_strike,-0.025,terms,32,14.049256682861596,8.879126571118832,0.0242486894130706,75.3495728969574,0.9858778443780353,32,0
reference,validation,synthetic_regular,False,LIZARD KI,last_strike,-0.01,terms,32,5.461410935502499,3.2571269348263745,0.0,30.79670868813992,0.6117312668659735,31,0
reference,validation,synthetic_regular,False,LIZARD KI,last_strike,-0.005,terms,32,2.6680621267296374,1.541277825832367,0.0,14.885547578334808,0.42580902413511007,30,0
reference,validation,synthetic_regular,False,LIZARD KI,last_strike,0.005,terms,32,-2.6447679796256125,-1.5789147689938545,-16.32217565178871,0.0,0.4028110434070009,0,27
reference,validation,synthetic_regular,False,LIZARD KI,last_strike,0.01,terms,32,-5.033813759218901,-2.8672622218728065,-32.2544404566288,0.0,0.5581858900559217,0,29
reference,validation,synthetic_regular,False,LIZARD KI,last_strike,0.025,terms,32,-12.03798536164686,-6.880389548838139,-73.9113031476736,0.0,0.85820449611852,0,31
reference,validation,synthetic_regular,False,LIZARD KI,last_strike,0.05,terms,32,-22.81328725721687,-13.273088946938515,-145.3556491136551,0.0,1.1602189734830761,0,31
reference,validation,synthetic_regular,False,LIZARD no-KI,base,0.0,terms,32,0.0,0.0,0.0,0.0,0.0,0,0
reference,validation,synthetic_regular,False,LIZARD no-KI,coupon_regular,-0.01,terms,32,-47.155750181060284,-40.07247446477413,-104.94533801078796,-20.80322933197021,0.2879499815610024,0,32
reference,validation,synthetic_regular,False,LIZARD no-KI,coupon_regular,-0.005,terms,32,-23.57791267335415,-20.036541372537613,-52.47297549247742,-10.402073472738268,0.14397492524632094,0,32
reference,validation,synthetic_regular,False,LIZARD no-KI,coupon_regular,-0.0025,terms,32,-11.788907646667212,-10.018067136406898,-26.23636019229889,-5.200576275587082,0.07198752988872453,0,32
reference,validation,synthetic_regular,False,LIZARD no-KI,coupon_regular,-0.001,terms,32,-4.715681177098304,-4.006892129778862,-10.494628190994264,-2.0815111696720123,0.028794940859072318,0,32
reference,validation,synthetic_regular,False,LIZARD no-KI,coupon_regular,0.001,terms,32,4.715545774903148,4.007247880101204,2.0796841979026794,10.494416654109957,0.028794973971388756,32,0
reference,validation,synthetic_regular,False,LIZARD no-KI,coupon_regular,0.0025,terms,32,11.7889771675691,10.01843072474003,5.199665039777756,26.235802590847012,0.07198731222490852,32,0
reference,validation,synthetic_regular,False,LIZARD no-KI,coupon_regular,0.005,terms,32,23.577785338740796,20.036448121070862,10.400247395038605,52.47222182154656,0.14397486507733998,32,0
reference,validation,synthetic_regular,False,LIZARD no-KI,coupon_regular,0.01,terms,32,47.15570174623281,40.072943955659866,20.802316039800644,104.94512647390366,0.28794999617468486,32,0
reference,validation,synthetic_regular,False,LIZARD no-KI,first_strike,-0.05,terms,32,47.330659083338105,27.236584993079305,-25.32780369371176,188.6210288796574,2.4191199571361546,27,5
reference,validation,synthetic_regular,False,LIZARD no-KI,first_strike,-0.025,terms,32,21.133826043995214,15.58608102798462,-14.70627760887146,88.3894231915474,1.5663084013398028,27,5
reference,validation,synthetic_regular,False,LIZARD no-KI,first_strike,-0.01,terms,32,7.64601533752284,5.707683354616165,-7.169804431498051,33.87323568575084,0.9334853605886491,27,5
reference,validation,synthetic_regular,False,LIZARD no-KI,first_strike,-0.005,terms,32,3.639349502453115,2.8979857973754406,-4.161085285246372,16.87126649171114,0.6377952165179281,26,6
reference,validation,synthetic_regular,False,LIZARD no-KI,first_strike,0.005,terms,32,-3.4910141571890563,-2.8118538595736027,-16.301739241927862,2.4704650416970253,0.6255245199705173,6,26
reference,validation,synthetic_regular,False,LIZARD no-KI,first_strike,0.01,terms,32,-6.850149656318536,-5.495177082717419,-32.70956448279321,5.6736879125237465,0.8701871453776782,6,26
reference,validation,synthetic_regular,False,LIZARD no-KI,first_strike,0.025,terms,32,-16.75997115836799,-13.354197300970554,-80.39328080043197,14.481811217963696,1.3316986368263346,6,26
reference,validation,synthetic_regular,False,LIZARD no-KI,first_strike,0.05,terms,32,-29.754235390901158,-25.722781956195824,-140.07200166396797,40.36812230944633,1.7545784745126312,6,26
reference,validation,synthetic_regular,False,LIZARD no-KI,last_strike,-0.05,terms,32,74.77060154313222,56.33365868777037,0.6201705038547516,322.4109789133072,2.7918220646986347,32,0
reference,validation,synthetic_regular,False,LIZARD no-KI,last_strike,-0.025,terms,32,36.53449635463767,24.6795676574111,0.1203792840242386,156.78434890508652,1.9370326413148944,32,0
reference,validation,synthetic_regular,False,LIZARD no-KI,last_strike,-0.01,terms,32,14.593081646366045,10.75440926104784,0.0,61.0407784730196,1.2197758124418594,31,0
reference,validation,synthetic_regular,False,LIZARD no-KI,last_strike,-0.005,terms,32,6.967781498096883,4.636589035391808,0.0,29.21110348403454,0.8320973396721117,31,0
reference,validation,synthetic_regular,False,LIZARD no-KI,last_strike,0.005,terms,32,-7.002148684114218,-4.657110787928104,-30.59396614134312,0.0,0.8416889782310113,0,31
reference,validation,synthetic_regular,False,LIZARD no-KI,last_strike,0.01,terms,32,-13.729249766096473,-8.399552680552006,-61.227601051330566,0.0,1.1675470768225449,0,31
reference,validation,synthetic_regular,False,LIZARD no-KI,last_strike,0.025,terms,32,-33.980883008334786,-22.222635097801685,-156.3764454871416,0.0,1.8139500616897504,0,31
reference,validation,synthetic_regular,False,LIZARD no-KI,last_strike,0.05,terms,32,-64.3848158349283,-42.9295943826437,-289.2932947874069,-0.1085349172353744,2.4550028996810953,0,32
reference,validation,synthetic_regular,False,STEP KI,base,0.0,terms,32,0.0,0.0,0.0,0.0,0.0,0,0
reference,validation,synthetic_regular,False,STEP KI,coupon_regular,-0.01,terms,32,-71.69189632777125,-70.76968559622765,-113.55069842934608,-27.749691128730777,0.36404685007784887,0,32
reference,validation,synthetic_regular,False,STEP KI,coupon_regular,-0.005,terms,32,-35.84606339922175,-35.3853532448411,-56.77528405189514,-13.874304443597792,0.18202321611948236,0,32
reference,validation,synthetic_regular,False,STEP KI,coupon_regular,-0.0025,terms,32,-17.922947560437024,-17.692685082554817,-28.387401401996613,-6.937144070863723,0.09101180109091458,0,32
reference,validation,synthetic_regular,False,STEP KI,coupon_regular,-0.001,terms,32,-7.169201009441167,-7.076693221926689,-11.354983866214752,-2.77422907948494,0.03640468415747693,0,32
reference,validation,synthetic_regular,False,STEP KI,coupon_regular,0.001,terms,32,7.169135272502899,7.076269023120403,2.775276988744736,11.355087518692017,0.03640478155505866,32,0
reference,validation,synthetic_regular,False,STEP KI,coupon_regular,0.0025,terms,32,17.922836135607213,17.69220656901598,6.938229978084564,28.38748425245285,0.0910117532431517,32,0
reference,validation,synthetic_regular,False,STEP KI,coupon_regular,0.005,terms,32,35.84586742473766,35.384438559412956,13.875373631715776,56.77541437745094,0.18202373189507348,32,0
reference,validation,synthetic_regular,False,STEP KI,coupon_regular,0.01,terms,32,71.69188272813335,70.76905769109726,27.75191295146942,113.55082875490189,0.364046917050175,32,0
reference,validation,synthetic_regular,False,STEP KI,first_strike,-0.05,terms,32,8.801944003265817,6.529654458165169,-148.59968377649784,166.77719087153673,2.9554220196470573,18,14
reference,validation,synthetic_regular,False,STEP KI,first_strike,-0.025,terms,32,0.7159402971738018,1.6391163188964126,-83.70884745568037,72.27805655449629,2.013880240878064,17,15
reference,validation,synthetic_regular,False,STEP KI,first_strike,-0.01,terms,32,-0.4220863119699061,0.06935766339302052,-33.48884089291096,25.862385001033545,1.24540148720435,16,16
reference,validation,synthetic_regular,False,STEP KI,first_strike,-0.005,terms,32,-0.49361957411747426,0.48384037613868713,-15.331655867397783,13.597260616719725,0.8558921166789574,18,14
reference,validation,synthetic_regular,False,STEP KI,first_strike,0.005,terms,32,0.27335614687763166,0.26922941580414766,-13.95958835631609,16.170492187142372,0.8612395541259408,17,15
reference,validation,synthetic_regular,False,STEP KI,first_strike,0.01,terms,32,0.8628420563181862,0.13709551095962524,-27.4592482149601,32.96011583507061,1.2103838407676815,16,16
reference,validation,synthetic_regular,False,STEP KI,first_strike,0.025,terms,32,3.861599439464044,0.9132957980036736,-59.04104944318532,80.64813663810492,1.8108613286911304,16,16
reference,validation,synthetic_regular,False,STEP KI,first_strike,0.05,terms,32,10.636071795248426,6.232446539215744,-109.47584882006048,139.91050562262535,2.354315601609808,18,14
reference,validation,synthetic_regular,False,STEP KI,ki_barrier,-0.05,terms,32,85.37592840148136,58.00534004718065,0.0,332.36434258520603,2.77278612281234,31,0
reference,validation,synthetic_regular,False,STEP KI,ki_barrier,-0.025,terms,32,43.1009520823136,30.106452111154795,0.0,163.28054843842983,1.9785568124015307,31,0
reference,validation,synthetic_regular,False,STEP KI,ki_barrier,-0.01,terms,32,16.998566411202773,10.769658148288727,0.0,59.30049733072519,1.242151370576941,31,0
reference,validation,synthetic_regular,False,STEP KI,ki_barrier,-0.005,terms,32,8.476245670812204,5.3471531718969345,0.0,28.328115962445736,0.8768525408110486,31,0
reference,validation,synthetic_regular,False,STEP KI,ki_barrier,0.005,terms,32,-8.377543638227507,-5.733952697366476,-35.560075387358665,0.0,0.8662452646888448,0,30
reference,validation,synthetic_regular,False,STEP KI,ki_barrier,0.01,terms,32,-16.782591229537502,-10.515522670000792,-71.61794498562813,0.0,1.2279112370663468,0,31
reference,validation,synthetic_regular,False,STEP KI,ki_barrier,0.025,terms,32,-41.95157045475207,-26.351229324936867,-168.8144116103649,0.0,1.9220587446412623,0,31
reference,validation,synthetic_regular,False,STEP KI,ki_barrier,0.05,terms,32,-81.02339713950641,-55.0397124029696,-320.2754816710949,-0.2365178912878036,2.6381752352449057,0,32
reference,validation,synthetic_regular,False,STEP KI,last_strike,-0.05,terms,32,46.011660447577015,37.62904968112707,0.9339730143547058,117.8166933581233,1.6983678129083306,32,0
reference,validation,synthetic_regular,False,STEP KI,last_strike,-0.025,terms,32,22.106302056694403,18.24392756074667,0.2547199130058288,57.104974657297134,1.1496374073942013,32,0
reference,validation,synthetic_regular,False,STEP KI,last_strike,-0.01,terms,32,8.45737763075158,6.94787410646677,0.1698132753372192,21.245456963777546,0.6993833899722923,32,0
reference,validation,synthetic_regular,False,STEP KI,last_strike,-0.005,terms,32,4.206500531639904,3.447668179869652,0.0849066376686096,10.67553560435772,0.49163949411569813,32,0
reference,validation,synthetic_regular,False,STEP KI,last_strike,0.005,terms,32,-4.1862135720439255,-3.6754717007279396,-11.209350526332855,-0.225647896528244,0.4897408452864679,0,32
reference,validation,synthetic_regular,False,STEP KI,last_strike,0.01,terms,32,-8.200874959118664,-7.303784117102623,-21.27569578588009,-0.3396265506744385,0.6774352029671292,0,32
reference,validation,synthetic_regular,False,STEP KI,last_strike,0.025,terms,32,-19.996799951884896,-16.94681178033352,-50.92355941236019,-0.3396265506744385,1.0360229322875418,0,32
reference,validation,synthetic_regular,False,STEP KI,last_strike,0.05,terms,32,-38.21363880485296,-32.168548345565796,-104.67467360198498,-0.4245331883430481,1.3917663791420543,0,32
reference,validation,synthetic_regular,False,STEP no-KI,base,0.0,terms,32,0.0,0.0,0.0,0.0,0.0,0,0
reference,validation,synthetic_regular,False,STEP no-KI,coupon_regular,-0.01,terms,32,-63.33639677008614,-59.44586525857449,-143.59876200556755,-34.667468309402466,0.34553657302333646,0,32
reference,validation,synthetic_regular,False,STEP no-KI,coupon_regular,-0.005,terms,32,-31.668222796637565,-29.72333636879921,-71.79961594939232,-17.3337162733078,0.17276838092661514,0,32
reference,validation,synthetic_regular,False,STEP no-KI,coupon_regular,-0.0025,terms,32,-15.834037804976106,-14.86145892739296,-35.89955526590347,-8.666786700487137,0.0863842677104348,0,32
reference,validation,synthetic_regular,False,STEP no-KI,coupon_regular,-0.001,terms,32,-6.333502324298024,-5.94435016810894,-14.360203236341476,-3.466406971216202,0.034554087584072746,0,32
reference,validation,synthetic_regular,False,STEP no-KI,coupon_regular,0.001,terms,32,6.333666415885091,5.944614961743355,3.466391295194626,14.359878867864609,0.03455344266313903,32,0
reference,validation,synthetic_regular,False,STEP no-KI,coupon_regular,0.0025,terms,32,15.83418109221384,14.861266925930977,8.66689071059227,35.89930048584938,0.08638398263323555,32,0
reference,validation,synthetic_regular,False,STEP no-KI,coupon_regular,0.005,terms,32,31.668276358861476,29.722524255514145,17.33463379740715,71.7987887263298,0.1727680345251995,32,0
reference,validation,synthetic_regular,False,STEP no-KI,coupon_regular,0.01,terms,32,63.33655766909942,59.44594343006611,34.66831976175308,143.5987797677517,0.3455362528793634,32,0
reference,validation,synthetic_regular,False,STEP no-KI,first_strike,-0.05,terms,32,87.29900177079253,71.58006488345563,-129.51320745050907,287.19537773076445,4.608132981751277,27,5
reference,validation,synthetic_regular,False,STEP no-KI,first_strike,-0.025,terms,32,39.20682201687305,32.160282626748085,-65.17599181830883,135.47621757816523,3.221968822996084,25,7
reference,validation,synthetic_regular,False,STEP no-KI,first_strike,-0.01,terms,32,14.742505702597555,11.759010419249536,-23.547794729471207,51.48440688755363,2.0145450463642467,23,9
reference,validation,synthetic_regular,False,STEP no-KI,first_strike,-0.005,terms,32,7.413148810650455,5.738393995910883,-11.519309416413307,26.08590614516288,1.42674092738433,23,9
reference,validation,synthetic_regular,False,STEP no-KI,first_strike,0.005,terms,32,-6.57928515410822,-5.949668511748314,-23.752684487961236,11.18599922209978,1.3857147193955903,8,24
reference,validation,synthetic_regular,False,STEP no-KI,first_strike,0.01,terms,32,-12.461239444161038,-10.248769218102098,-50.28109556843992,22.435554668307304,1.9414748231090821,9,23
reference,validation,synthetic_regular,False,STEP no-KI,first_strike,0.025,terms,32,-28.109217241417355,-25.577197160571814,-109.51675636973232,57.180207803845406,2.978381342730933,9,23
reference,validation,synthetic_regular,False,STEP no-KI,first_strike,0.05,terms,32,-45.428829346918064,-39.774181857705116,-198.6557009844109,103.68377247452734,3.941626994783871,11,21
reference,validation,synthetic_regular,False,STEP no-KI,last_strike,-0.05,terms,32,95.47758619650267,83.42385995388031,18.51926499605179,342.3278095424175,3.3270975591462073,32,0
reference,validation,synthetic_regular,False,STEP no-KI,last_strike,-0.025,terms,32,45.71712031215429,37.72571601718664,6.666683569550514,173.98266227543354,2.281791166845399,32,0
reference,validation,synthetic_regular,False,STEP no-KI,last_strike,-0.01,terms,32,17.66730759618804,14.450951971113682,2.080179899930954,73.21542738378048,1.408356821902849,32,0
reference,validation,synthetic_regular,False,STEP no-KI,last_strike,-0.005,terms,32,8.706196071114391,7.324505157768726,0.7858605980873108,37.73438441753388,0.9855186448899937,32,0
reference,validation,synthetic_regular,False,STEP no-KI,last_strike,0.005,terms,32,-8.768208818277344,-7.557688303291798,-34.29711253941059,-1.159641146659851,0.9814084486405996,0,32
reference,validation,synthetic_regular,False,STEP no-KI,last_strike,0.01,terms,32,-17.34288761182688,-14.814038634300232,-71.3316905349493,-2.5277595669031143,1.3798694865502008,0,32
reference,validation,synthetic_regular,False,STEP no-KI,last_strike,0.025,terms,32,-42.0771525928285,-34.18526137620211,-180.8950059711933,-5.890774115920067,2.127954147507517,0,32
reference,validation,synthetic_regular,False,STEP no-KI,last_strike,0.05,terms,32,-79.77595403860323,-63.87818852066994,-358.41556799411774,-9.526423275470734,2.8747791505624853,0,32
