payoff,cohort,model,seed,scope,structure,n_rows,n_families,price_mae,price_rmse,price_r2,delta_mae,delta_rmse,delta_bias,within_1,within_5,within_10,resolved_n,resolved_sign
detailed,monthly_test,affine_coupon_delta,101,schedule,LIZARD no-KI,473,43,227.10396157255312,284.82889207422016,-13.086451889278829,192.01570052870971,235.69081179362428,-66.65604976847271,0.0,0.0,0.0,462,0.4696969696969697
detailed,monthly_test,affine_coupon_delta,101,schedule,STEP KI,473,43,134.85272101547636,185.3671822770818,0.8638469963031611,130.78025402441205,187.73173287023428,-96.43942098420058,0.004228329809725159,0.042283298097251586,0.080338266384778,448,0.6674107142857143
detailed,monthly_test,affine_coupon_delta,101,schedule,STEP no-KI,462,42,148.3601648770676,190.40296002584103,0.8240535997475165,143.41961333086797,190.47576487004594,-54.01307220114183,0.012987012987012988,0.03463203463203463,0.05194805194805195,441,0.6099773242630385
detailed,monthly_test,affine_coupon_delta,101,terms,LIZARD no-KI,1419,43,104.67909525978405,108.25197584332975,-2.073894223325947,10.585887287376504,15.149721196217866,0.9031789747853819,0.005813953488372093,0.39098837209302323,0.6446220930232558,1340,1.0
detailed,monthly_test,affine_coupon_delta,101,terms,STEP KI,1743,43,48.334454958132206,73.90433390158857,0.9791988695163523,11.35941614564717,20.278093534186265,-0.760080762182785,0.14882352941176472,0.4858823529411765,0.678235294117647,1556,0.9595115681233933
detailed,monthly_test,affine_coupon_delta,101,terms,STEP no-KI,1386,42,37.67218256608826,47.96730865921079,0.989250046835761,6.599431823491776,10.542712749852978,0.052248974302887295,0.18452380952380953,0.6197916666666666,0.7849702380952381,1327,0.9608138658628486
detailed,monthly_test,affine_coupon_delta,233,schedule,LIZARD no-KI,473,43,250.9319440799248,316.05218642556207,-16.344074622046502,239.86400455745263,278.83658465343785,-73.24259110158053,0.0,0.0,0.0,462,0.3593073593073593
detailed,monthly_test,affine_coupon_delta,233,schedule,STEP KI,473,43,175.9646192503584,239.85301860673425,0.7720435383847587,165.0978552966344,230.66207144913938,-63.536706922261914,0.008456659619450317,0.042283298097251586,0.07610993657505286,448,0.7388392857142857
detailed,monthly_test,affine_coupon_delta,233,schedule,STEP no-KI,462,42,195.97196630132657,257.9286723166874,0.6771266202933632,190.76458877343086,254.98335843531487,-32.99212408835678,0.017316017316017316,0.0367965367965368,0.06926406926406926,441,0.6235827664399093
detailed,monthly_test,affine_coupon_delta,233,terms,LIZARD no-KI,1419,43,90.91637690049077,96.07144046124013,-1.4210617125625995,13.146283991661882,19.778671264546084,0.36290185549261245,0.11482558139534883,0.3699127906976744,0.5625,1340,1.0
detailed,monthly_test,affine_coupon_delta,233,terms,STEP KI,1743,43,51.61465334925055,72.77509277728612,0.9798296859716799,10.757264703750128,19.714299109662367,-0.6027301098246736,0.16411764705882353,0.5211764705882352,0.7070588235294117,1556,0.9633676092544987
detailed,monthly_test,affine_coupon_delta,233,terms,STEP no-KI,1386,42,32.713223394796664,48.388842842416445,0.9890602765932485,5.636591599387852,9.337235298620008,-0.03703603395161793,0.23511904761904762,0.6569940476190477,0.8199404761904762,1327,0.9849284099472494
detailed,monthly_test,affine_coupon_delta,47,schedule,LIZARD no-KI,473,43,246.1233527364497,296.49186956072566,-14.26367507318561,186.39540971401362,227.26903606924282,-29.70167028350168,0.0,0.0,0.0,462,0.3593073593073593
detailed,monthly_test,affine_coupon_delta,47,schedule,STEP KI,473,43,172.35487228616086,237.75037652797184,0.776022724814838,165.93070468750156,235.43099823404677,-35.754370824318805,0.004228329809725159,0.040169133192389,0.06976744186046512,448,0.7142857142857143
detailed,monthly_test,affine_coupon_delta,47,schedule,STEP no-KI,462,42,194.3710507145062,264.2160286308705,0.6611938262381001,190.29648395864473,260.61839612524284,0.23031023626279104,0.010822510822510822,0.023809523809523808,0.049783549783549784,441,0.6258503401360545
detailed,monthly_test,affine_coupon_delta,47,terms,LIZARD no-KI,1419,43,161.1220971325934,162.77694872865732,-5.950292171306602,9.021055190222908,14.176235434794533,1.0850554442755218,0.07049418604651163,0.5087209302325582,0.720203488372093,1340,0.7432835820895523
detailed,monthly_test,affine_coupon_delta,47,terms,STEP KI,1743,43,36.06315636996338,52.21898018404842,0.9896150622854168,8.419555468815254,15.674877960745668,-0.45764328843687785,0.24705882352941178,0.5952941176470589,0.7570588235294118,1556,0.9588688946015425
detailed,monthly_test,affine_coupon_delta,47,terms,STEP no-KI,1386,42,29.238487231226657,39.412197667453604,0.9927426649610714,4.75063095574353,7.82250173298548,0.19580347944105747,0.25967261904761907,0.7023809523809523,0.8653273809523809,1327,0.9736247174076865
detailed,monthly_test,affine_coupon_delta,ensemble,schedule,LIZARD no-KI,473,43,235.01957002505023,296.6639844729462,-14.281401485872365,206.09170493339198,244.5076454560125,-56.533437051184976,0.0,0.0,0.0,462,0.3593073593073593
detailed,monthly_test,affine_coupon_delta,ensemble,schedule,STEP KI,473,43,148.5647818433451,206.91785955012983,0.8303485856850192,141.59750360160805,203.96007123198822,-65.24349957692715,0.014799154334038054,0.0507399577167019,0.10359408033826638,448,0.7433035714285714
detailed,monthly_test,affine_coupon_delta,ensemble,schedule,STEP no-KI,462,42,178.05330728507832,229.3497682895384,0.744712467345636,173.5799839841142,228.0352923402007,-28.9249620177452,0.008658008658008658,0.032467532467532464,0.049783549783549784,441,0.6190476190476191
detailed,monthly_test,affine_coupon_delta,ensemble,terms,LIZARD no-KI,1419,43,118.90585643095609,121.81557813390648,-2.8924488678725977,10.126057440543121,15.013571275743555,0.7837120915178285,0.15843023255813954,0.45203488372093026,0.6329941860465116,1340,1.0
detailed,monthly_test,affine_coupon_delta,ensemble,terms,STEP KI,1743,43,38.91944262675781,57.96059820381691,0.9872058086299592,9.63669643226254,17.864337735487116,-0.6068180534814861,0.20647058823529413,0.5588235294117647,0.7311764705882353,1556,0.9665809768637532
detailed,monthly_test,affine_coupon_delta,ensemble,terms,STEP no-KI,1386,42,30.63565998623175,38.66601277675852,0.9930148674989561,5.349155360541469,8.748413528391048,0.07033880659750925,0.25223214285714285,0.6770833333333334,0.8355654761904762,1327,0.972871137905049
detailed,monthly_test,augmented_delta,101,schedule,LIZARD no-KI,473,43,207.54298499317096,256.62999321877504,-10.435321000081515,197.98717485363574,237.67422611241946,-30.232128939473995,0.0,0.0,0.0,462,0.3593073593073593
detailed,monthly_test,augmented_delta,101,schedule,STEP KI,473,43,182.54682429329583,249.6947574489928,0.7529525484538501,172.9140028712833,239.6716608060714,-25.062865166372724,0.006342494714587738,0.02959830866807611,0.05708245243128964,448,0.7254464285714286
detailed,monthly_test,augmented_delta,101,schedule,STEP no-KI,462,42,196.8152418813737,269.96146133481125,0.646298798383615,195.59177400438037,265.2471805368265,5.837359164742403,0.0,0.015151515151515152,0.030303030303030304,441,0.6145124716553289
detailed,monthly_test,augmented_delta,101,terms,LIZARD no-KI,1419,43,68.92282200142161,74.84518350350827,-0.46941669524185503,10.215408805803788,15.891690197794066,0.544770527863523,0.21584302325581395,0.4803779069767442,0.6555232558139535,1340,0.994776119402985
detailed,monthly_test,augmented_delta,101,terms,STEP KI,1743,43,56.356317485923924,87.49070547326974,0.9708478250874737,10.257870890320653,18.74065062491815,-0.48274876481627244,0.1588235294117647,0.528235294117647,0.711764705882353,1556,0.9633676092544987
detailed,monthly_test,augmented_delta,101,terms,STEP no-KI,1386,42,32.70035519257479,48.60724602975546,0.9889613007835505,6.952953751478985,11.253808774943034,0.10624971810073455,0.1800595238095238,0.5930059523809523,0.7849702380952381,1327,0.9743782969103241
detailed,monthly_test,augmented_delta,233,schedule,LIZARD no-KI,473,43,269.81641363171144,316.7924078269492,-16.42541238940061,262.47796016003804,301.13045682805773,-21.065434848790073,0.0,0.0,0.0,462,0.3593073593073593
detailed,monthly_test,augmented_delta,233,schedule,STEP KI,473,43,174.41044532438838,218.37843441138205,0.8110351503110307,161.9312496712215,211.28757708082983,-39.817063736704846,0.0021141649048625794,0.023255813953488372,0.035940803382663845,448,0.703125
detailed,monthly_test,augmented_delta,233,schedule,STEP no-KI,462,42,186.34567788245033,242.7410475681297,0.7140306829602793,179.63059046042326,238.1207823945895,-8.890846637894342,0.004329004329004329,0.021645021645021644,0.03896103896103896,441,0.6281179138321995
detailed,monthly_test,augmented_delta,233,terms,LIZARD no-KI,1419,43,78.2962279758485,81.82298634877948,-0.7561754722678427,12.845408008060335,18.9022706603742,-0.5788987478472261,0.02616279069767442,0.37718023255813954,0.623546511627907,1340,0.7910447761194029
detailed,monthly_test,augmented_delta,233,terms,STEP KI,1743,43,65.88646032525172,95.85971862405533,0.9650039181229076,12.279501516307214,20.817116944207225,-1.0644084043991868,0.14352941176470588,0.4535294117647059,0.6470588235294118,1556,0.9710796915167095
detailed,monthly_test,augmented_delta,233,terms,STEP no-KI,1386,42,36.06690162218502,50.46062530759656,0.9881034475297665,6.199388170196376,10.480667401716758,-0.4581734498886329,0.23586309523809523,0.6450892857142857,0.7991071428571429,1327,0.9924642049736248
detailed,monthly_test,augmented_delta,47,schedule,LIZARD no-KI,473,43,261.6705941368562,312.6001242866474,-15.967264417082195,234.65991168084895,267.2095491755086,-22.337104355564716,0.0,0.0,0.0,462,0.3593073593073593
detailed,monthly_test,augmented_delta,47,schedule,STEP KI,473,43,200.41977225065173,266.0223428808244,0.7195872489969413,169.75242636993235,231.90938454329745,-51.51619914605395,0.006342494714587738,0.03171247357293869,0.048625792811839326,448,0.65625
detailed,monthly_test,augmented_delta,47,schedule,STEP no-KI,462,42,201.8481171861494,252.40058272230576,0.6908183568073596,198.25707466760227,250.3715063390899,-1.5078928000578808,0.0021645021645021645,0.02813852813852814,0.047619047619047616,441,0.5759637188208617
detailed,monthly_test,augmented_delta,47,terms,LIZARD no-KI,1419,43,141.1162303419187,142.05415031994596,-4.293282935883768,10.1578710829928,14.558581224645735,0.08256423072096199,0.07340116279069768,0.45566860465116277,0.657703488372093,1340,0.7432835820895523
detailed,monthly_test,augmented_delta,47,terms,STEP KI,1743,43,64.3290484834173,104.53134947494026,0.9583859256927582,9.97534497325963,19.454558170563015,-0.28391713646562183,0.1976470588235294,0.5588235294117647,0.7335294117647059,1556,0.9646529562982005
detailed,monthly_test,augmented_delta,47,terms,STEP no-KI,1386,42,34.930522975502875,45.67769683839407,0.9902518037450462,5.333293538871293,9.233405104201948,0.05844359988490129,0.28869047619047616,0.6904761904761905,0.8311011904761905,1327,0.9675960813865863
detailed,monthly_test,augmented_delta,ensemble,schedule,LIZARD no-KI,473,43,243.8516065546154,290.1945935601573,-13.622181468465186,231.70834889817425,264.6164076277635,-24.544889381276136,0.0,0.0,0.0,462,0.3593073593073593
detailed,monthly_test,augmented_delta,ensemble,schedule,STEP KI,473,43,171.72168035232175,225.67279963293348,0.7982005568859842,164.08061086476158,218.43000250711358,-38.798709349710414,0.0,0.02536997885835095,0.05919661733615222,448,0.6875
detailed,monthly_test,augmented_delta,ensemble,schedule,STEP no-KI,462,42,193.64090961563107,247.89117392475129,0.7017673944611065,190.06050249382474,244.45525889172242,-1.520460091070025,0.0,0.021645021645021644,0.03896103896103896,441,0.6009070294784581
detailed,monthly_test,augmented_delta,ensemble,terms,LIZARD no-KI,1419,43,95.91878219279474,98.49854503995326,-1.5449361202698184,10.993167970049837,15.728891533625013,0.01614533691253908,0.0014534883720930232,0.3800872093023256,0.6380813953488372,1340,0.7432835820895523
detailed,monthly_test,augmented_delta,ensemble,terms,STEP KI,1743,43,41.677163195396574,66.63951079152409,0.9830873864829337,10.40179852156536,18.694112592445098,-0.6103581018936307,0.17352941176470588,0.5211764705882352,0.6964705882352941,1556,0.9672236503856041
detailed,monthly_test,augmented_delta,ensemble,terms,STEP no-KI,1386,42,29.884169483471673,42.491030187388056,0.9915645085483853,5.719603909599728,9.325205543098873,-0.09782671063438965,0.22916666666666666,0.6644345238095238,0.8184523809523809,1327,0.9736247174076865
detailed,monthly_test,augmented_price,101,schedule,LIZARD no-KI,473,43,211.53863487313498,240.00797420865467,-9.001954574064815,210.37815511042405,237.7727065670936,-24.454121462393143,0.0,0.0,0.0,462,0.3593073593073593
detailed,monthly_test,augmented_price,101,schedule,STEP KI,473,43,159.12085891832675,217.79328580910288,0.8120464624173227,124.79146393169974,169.82459130976352,-1.1829396724105599,0.006342494714587738,0.023255813953488372,0.05708245243128964,448,0.703125
detailed,monthly_test,augmented_price,101,schedule,STEP no-KI,462,42,152.35719529525298,209.72667154854597,0.7865282927313209,136.68582307619664,191.39063326374713,25.1187031450114,0.015151515151515152,0.047619047619047616,0.09090909090909091,441,0.6598639455782312
detailed,monthly_test,augmented_price,101,terms,LIZARD no-KI,1419,43,21.521545773666855,29.565717261325943,0.7707052591997328,13.042948625721946,23.34411212005873,0.8117083700662641,0.12645348837209303,0.46511627906976744,0.6744186046511628,1340,0.8597014925373134
detailed,monthly_test,augmented_price,101,terms,STEP KI,1743,43,91.1935940191981,154.750376800392,0.9087966996130937,12.924480628850281,23.11515785172361,-1.2997065050389789,0.12470588235294118,0.4541176470588235,0.6411764705882353,1556,0.9588688946015425
detailed,monthly_test,augmented_price,101,terms,STEP no-KI,1386,42,55.481936445490675,69.11146663571024,0.9776840136464777,9.617160061310244,15.511698618848843,-0.3531025239943952,0.13690476190476192,0.5059523809523809,0.6964285714285714,1327,0.9593067068575735
detailed,monthly_test,augmented_price,233,schedule,LIZARD no-KI,473,43,218.48865866974313,254.00027460855307,-10.202163511216753,219.3730668506686,256.374660768488,-49.099282385437604,0.0,0.0,0.0,462,0.3593073593073593
detailed,monthly_test,augmented_price,233,schedule,STEP KI,473,43,155.55890176004198,197.0950793883169,0.8460736064860931,132.85350768064507,168.49259547929955,-30.80055570888816,0.008456659619450317,0.021141649048625793,0.06553911205073996,448,0.6607142857142857
detailed,monthly_test,augmented_price,233,schedule,STEP no-KI,462,42,148.16580802819684,188.03757007313067,0.8283980355534792,142.09275393890442,182.24818790164238,-12.729571542140489,0.010822510822510822,0.032467532467532464,0.06493506493506493,441,0.6326530612244898
detailed,monthly_test,augmented_price,233,terms,LIZARD no-KI,1419,43,29.86049787766895,37.303104207890904,0.6349879500444284,13.688438170389233,21.62505261654151,-0.1761051997123557,0.07703488372093023,0.4018895348837209,0.6075581395348837,1340,0.9798507462686568
detailed,monthly_test,augmented_price,233,terms,STEP KI,1743,43,84.7764767079487,142.98106739187565,0.9221418296071268,15.095759212172963,25.3499264338541,-1.272611285370759,0.09235294117647058,0.40294117647058825,0.6029411764705882,1556,0.9640102827763496
detailed,monthly_test,augmented_price,233,terms,STEP no-KI,1386,42,38.37639676134912,49.27682629857694,0.9886550829038178,7.819729721990062,13.142455487728755,-0.5866329900400471,0.18377976190476192,0.5833333333333334,0.7574404761904762,1327,0.9796533534287868
detailed,monthly_test,augmented_price,47,schedule,LIZARD no-KI,473,43,243.71893905141152,289.53418542108506,-13.555704560272503,218.55387346630854,252.11634870966842,-20.304496498749703,0.0,0.0,0.0,462,0.45021645021645024
detailed,monthly_test,augmented_price,47,schedule,STEP KI,473,43,147.44320927860258,188.2967747474198,0.8595093918171282,132.58106589574265,170.59272346391865,-18.678982145782204,0.012684989429175475,0.03382663847780127,0.07399577167019028,448,0.6428571428571429
detailed,monthly_test,augmented_price,47,schedule,STEP no-KI,462,42,153.92051122454643,193.00559055996678,0.8192106795892964,146.0706872429935,183.73133375016644,4.741856757222555,0.012987012987012988,0.05844155844155844,0.09523809523809523,441,0.6031746031746031
detailed,monthly_test,augmented_price,47,terms,LIZARD no-KI,1419,43,122.0395004121943,124.55428036186404,-3.069439240681854,15.18693879198528,20.44800649679178,-0.018270714192591766,0.0,0.29433139534883723,0.5465116279069767,1340,0.7432835820895523
detailed,monthly_test,augmented_price,47,terms,STEP KI,1743,43,54.58159437801036,82.38031063235843,0.9741539622309713,13.087458801246132,22.275330303715542,-1.207319305637123,0.1223529411764706,0.4411764705882353,0.6388235294117647,1556,0.9550128534704371
detailed,monthly_test,augmented_price,47,terms,STEP no-KI,1386,42,48.4494887497906,59.287952800955914,0.9835771404990503,7.514056711921279,12.443229899561842,-0.538713339167499,0.20758928571428573,0.5825892857142857,0.7529761904761905,1327,0.9645817633760362
detailed,monthly_test,augmented_price,ensemble,schedule,LIZARD no-KI,473,43,219.43825014881836,254.8562025738636,-10.277788627995067,216.10169847580036,246.74123979559855,-31.28596678219356,0.0,0.0,0.0,462,0.3593073593073593
detailed,monthly_test,augmented_price,ensemble,schedule,STEP KI,473,43,141.21409086694464,181.46452934367736,0.8695196769261065,125.28527748812061,161.8134081258686,-16.887492509026988,0.0021141649048625794,0.042283298097251586,0.07399577167019028,448,0.6785714285714286
detailed,monthly_test,augmented_price,ensemble,schedule,STEP no-KI,462,42,147.65167412366915,187.30758284156488,0.8297278133285801,140.54649886635258,178.41330324409782,5.710329453364333,0.008658008658008658,0.03896103896103896,0.06926406926406926,441,0.6326530612244898
detailed,monthly_test,augmented_price,ensemble,terms,LIZARD no-KI,1419,43,38.93901946618835,44.66972761100442,0.4765877733588112,13.939764158419452,20.69328111241819,0.2057774853870405,0.012354651162790697,0.3248546511627907,0.5646802325581395,1340,0.7432835820895523
detailed,monthly_test,augmented_price,ensemble,terms,STEP KI,1743,43,67.04658705851446,107.07307248482498,0.9563375949474731,13.326482022803633,23.145125507247762,-1.2598790320156217,0.11705882352941177,0.45176470588235296,0.6429411764705882,1556,0.9672236503856041
detailed,monthly_test,augmented_price,ensemble,terms,STEP no-KI,1386,42,41.47621946780036,52.66413574708932,0.9870417667965331,7.995421090424713,13.111105588490775,-0.49281628440076775,0.18154761904761904,0.5595238095238095,0.7403273809523809,1327,0.9638281838733986
detailed,monthly_test,prior_frozen_affine_coupon_delta,ensemble,schedule,LIZARD no-KI,473,43,282.3323175419721,348.91954011698556,-20.13898438758872,209.31383457908572,251.08925586508715,-49.68600925423707,0.0,0.0,0.0,462,0.3593073593073593
detailed,monthly_test,prior_frozen_affine_coupon_delta,ensemble,schedule,STEP KI,473,43,187.32498967729117,260.02613778079103,0.7320859183790791,179.42027673597505,254.60553886764268,-117.42073941903624,0.012684989429175475,0.03805496828752643,0.080338266384778,448,0.671875
detailed,monthly_test,prior_frozen_affine_coupon_delta,ensemble,schedule,STEP no-KI,462,42,243.54788817336893,315.35417385869204,0.5173523883967568,220.9601148715505,297.84990757692725,-71.19035200858617,0.0,0.008658008658008658,0.02813852813852814,441,0.5963718820861678
detailed,monthly_test,prior_frozen_affine_coupon_delta,ensemble,terms,LIZARD no-KI,1419,43,196.7812760875317,197.868887474953,-9.270043397228601,10.287080453016987,16.241744480031468,0.732721386406665,0.14244186046511628,0.4796511627906977,0.6569767441860465,1340,1.0
detailed,monthly_test,prior_frozen_affine_coupon_delta,ensemble,terms,STEP KI,1743,43,58.80898379750189,77.10669444206422,0.9773571392935546,8.19037496037728,15.293959789880144,0.21204797034879522,0.25588235294117645,0.5976470588235294,0.76,1556,0.9717223650385605
detailed,monthly_test,prior_frozen_affine_coupon_delta,ensemble,terms,STEP no-KI,1386,42,55.66445776958233,74.64145900554044,0.9739698837144384,5.099781220846133,8.462750862061762,0.15479039851877294,0.28422619047619047,0.6889880952380952,0.8377976190476191,1327,0.9849284099472494
detailed,other_diagnostic,affine_coupon_delta,101,terms,LIZARD KI,792,24,183.58882154885023,346.40458985376694,0.8659911966736245,13.173112577467586,25.901823011092382,-1.479131080207556,0.15234375,0.48046875,0.65625,631,0.96513470681458
detailed,other_diagnostic,affine_coupon_delta,101,terms,LIZARD no-KI,600,24,112.12765163431467,140.9284291998712,0.6077847112757415,11.279666646896409,18.605059319557608,-1.6216441710456604,0.1232638888888889,0.4583333333333333,0.6527777777777778,535,0.9233644859813084
detailed,other_diagnostic,affine_coupon_delta,101,terms,STEP KI,561,17,60.63524159604429,88.9721778862811,0.986500997228168,10.659447555238609,18.927785449276122,-0.9507911166529351,0.16727941176470587,0.5275735294117647,0.6985294117647058,462,0.9415584415584416
detailed,other_diagnostic,affine_coupon_delta,101,terms,STEP no-KI,525,21,49.78520354776081,69.55522664983508,0.9599545567423045,7.087383533590779,12.4590706470199,-2.5635792540640034,0.1884920634920635,0.6031746031746031,0.7896825396825397,488,0.9508196721311475
detailed,other_diagnostic,affine_coupon_delta,233,terms,LIZARD KI,792,24,194.9533540702933,357.1285774277682,0.8575654784310056,11.309170326494765,22.131653500671806,-1.3817900208108915,0.16536458333333334,0.5091145833333334,0.6966145833333334,631,0.9825673534072901
detailed,other_diagnostic,affine_coupon_delta,233,terms,LIZARD no-KI,600,24,133.27062868913094,161.3755764954054,0.485716122573729,12.003159557938996,18.98769295863153,-1.6409008174801267,0.09722222222222222,0.4444444444444444,0.6371527777777778,535,0.8953271028037383
detailed,other_diagnostic,affine_coupon_delta,233,terms,STEP KI,561,17,69.10473619813976,92.30355510605106,0.9854711881283607,9.762578551372846,17.808903734210226,-0.7499081243292283,0.21507352941176472,0.5551470588235294,0.7334558823529411,462,0.935064935064935
detailed,other_diagnostic,affine_coupon_delta,233,terms,STEP no-KI,525,21,43.831877478303184,51.96653904863728,0.9776467254238278,7.354163314195505,13.48038956367967,-2.3730466208275267,0.2123015873015873,0.6071428571428571,0.7976190476190477,488,0.9733606557377049
detailed,other_diagnostic,affine_coupon_delta,47,terms,LIZARD KI,792,24,203.8522382223217,382.65816179649113,0.8364735475174654,12.005275981409108,24.733451186934595,-1.518134869632452,0.17447916666666666,0.5286458333333334,0.6901041666666666,631,0.9524564183835182
detailed,other_diagnostic,affine_coupon_delta,47,terms,LIZARD no-KI,600,24,112.96453774120998,140.56383286544911,0.6098114886861135,11.103213518866164,17.43086384487209,-1.5321088883278502,0.11284722222222222,0.4583333333333333,0.6458333333333334,535,0.9364485981308411
detailed,other_diagnostic,affine_coupon_delta,47,terms,STEP KI,561,17,65.75468027559108,87.27096038568149,0.9870122848783129,9.171623648217848,16.147456708205016,-0.803784587433925,0.1801470588235294,0.5404411764705882,0.7261029411764706,462,0.9307359307359307
detailed,other_diagnostic,affine_coupon_delta,47,terms,STEP no-KI,525,21,40.021509262302054,53.29302200269447,0.9764909943425572,7.193061388419103,12.577005459037592,-2.104741752477574,0.19444444444444445,0.6051587301587301,0.7777777777777778,488,0.9815573770491803
detailed,other_diagnostic,affine_coupon_delta,ensemble,terms,LIZARD KI,792,24,183.36244911260204,358.0255824343265,0.8568490701624814,11.64734122325237,23.827357037817265,-1.459685323550367,0.17838541666666666,0.5260416666666666,0.6927083333333334,631,0.9730586370839936
detailed,other_diagnostic,affine_coupon_delta,ensemble,terms,LIZARD no-KI,600,24,116.8666578849936,142.37976662800764,0.5996647337011547,10.864952708991815,17.508187042592954,-1.5982179589510557,0.13020833333333334,0.4756944444444444,0.6649305555555556,535,0.9177570093457944
detailed,other_diagnostic,affine_coupon_delta,ensemble,terms,STEP KI,561,17,55.73402309715811,80.22232843929196,0.9890255245869477,9.460438087973486,17.190263377457683,-0.8348279428054012,0.20036764705882354,0.5606617647058824,0.7261029411764706,462,0.9393939393939394
detailed,other_diagnostic,affine_coupon_delta,ensemble,terms,STEP no-KI,525,21,36.56335803979669,47.50354610608298,0.9813213439031411,6.757016015853659,12.191872808454336,-2.3471225424562827,0.2222222222222222,0.625,0.7996031746031746,488,0.9815573770491803
detailed,other_diagnostic,augmented_delta,101,terms,LIZARD KI,792,24,205.98824352855473,371.01873228473227,0.8462703183506494,13.313534919148431,25.91951736818232,-1.2862145937952691,0.11979166666666667,0.4596354166666667,0.6653645833333334,631,0.9270998415213946
detailed,other_diagnostic,augmented_delta,101,terms,LIZARD no-KI,600,24,98.94094575253109,135.94513640365295,0.6350321192756953,10.409751718878757,17.76035758375533,-1.2011313325495585,0.14583333333333334,0.5069444444444444,0.6979166666666666,535,0.9233644859813084
detailed,other_diagnostic,augmented_delta,101,terms,STEP KI,561,17,62.307566898130496,89.86681045266357,0.9862281621846228,9.235311096001661,18.215835755805028,-0.562391254461679,0.2867647058823529,0.6047794117647058,0.7518382352941176,462,0.9545454545454546
detailed,other_diagnostic,augmented_delta,101,terms,STEP no-KI,525,21,39.40765906141224,47.3211961076345,0.9814644707156894,6.668666477069617,12.44297170083746,-2.4947429851394713,0.25595238095238093,0.6607142857142857,0.8035714285714286,488,0.9549180327868853
detailed,other_diagnostic,augmented_delta,233,terms,LIZARD KI,792,24,248.23212712129782,394.0520094025179,0.8265903960283743,13.787382072815172,25.82963394325724,-2.0196668220036518,0.10807291666666667,0.4505208333333333,0.6471354166666666,631,0.9334389857369255
detailed,other_diagnostic,augmented_delta,233,terms,LIZARD no-KI,600,24,140.81426699396476,202.1989768521893,0.19260658418255783,11.188437624081665,18.724719476848293,-2.28705966336837,0.1440972222222222,0.4739583333333333,0.6666666666666666,535,0.930841121495327
detailed,other_diagnostic,augmented_delta,233,terms,STEP KI,561,17,80.47912807582384,100.14202552358735,0.9828988236162778,9.966905576902013,18.964540676262896,-0.8856314066383675,0.2113970588235294,0.5680147058823529,0.7389705882352942,462,0.9415584415584416
detailed,other_diagnostic,augmented_delta,233,terms,STEP no-KI,525,21,71.71613227706358,84.11406568509476,0.9414359887404823,8.189969356101532,14.550557316365598,-2.8002368943546414,0.19246031746031747,0.6011904761904762,0.7658730158730159,488,0.8995901639344263
detailed,other_diagnostic,augmented_delta,47,terms,LIZARD KI,792,24,240.56304310872582,393.7800012086317,0.8268297174990663,13.86017821560875,25.65238797268627,-1.151836387810438,0.12109375,0.4505208333333333,0.6393229166666666,631,0.9207606973058637
detailed,other_diagnostic,augmented_delta,47,terms,LIZARD no-KI,600,24,146.87188407934,194.76636117457767,0.2508734368768526,9.893067735680416,16.291455387958482,-1.2610102000830303,0.13194444444444445,0.4861111111111111,0.6875,535,0.9420560747663551
detailed,other_diagnostic,augmented_delta,47,terms,STEP KI,561,17,75.43349432521487,106.89855701728796,0.980513361466684,10.540085128115253,18.557690409214988,-0.41754868063662837,0.16176470588235295,0.5110294117647058,0.7022058823529411,462,0.9632034632034632
detailed,other_diagnostic,augmented_delta,47,terms,STEP no-KI,525,21,61.33354506399245,80.89957081256838,0.9458266116329579,6.400118600693434,11.716258961031695,-1.2515958730651195,0.2757936507936508,0.6507936507936508,0.8035714285714286,488,0.9733606557377049
detailed,other_diagnostic,augmented_delta,ensemble,terms,LIZARD KI,792,24,229.2844825463533,383.89784501204207,0.835412290277977,12.88435440768221,25.23711384788873,-1.4859059345365793,0.15364583333333334,0.4947916666666667,0.6744791666666666,631,0.9619651347068146
detailed,other_diagnostic,augmented_delta,ensemble,terms,LIZARD no-KI,600,24,125.9739543689219,171.57979555996235,0.4186206685577365,10.045409401536,16.74234285553286,-1.583067065333513,0.1284722222222222,0.4982638888888889,0.6944444444444444,535,0.9420560747663551
detailed,other_diagnostic,augmented_delta,ensemble,terms,STEP KI,561,17,52.12062838897175,83.46027648014994,0.9881217385094093,9.39588966265674,17.905270377529522,-0.621857113912175,0.20588235294117646,0.5900735294117647,0.7408088235294118,462,0.961038961038961
detailed,other_diagnostic,augmented_delta,ensemble,terms,STEP no-KI,525,21,49.084530299045404,60.62900180101826,0.9695733316293716,6.2535050577648,12.013486161035859,-2.182191917519832,0.29365079365079366,0.6746031746031746,0.8174603174603174,488,0.9651639344262295
detailed,other_diagnostic,augmented_price,101,terms,LIZARD KI,792,24,201.7580522328812,358.90254007317174,0.8561469357070528,13.406212852191077,26.522622434795505,-1.5258757124317974,0.15104166666666666,0.4791666666666667,0.6458333333333334,631,0.9825673534072901
detailed,other_diagnostic,augmented_price,101,terms,LIZARD no-KI,600,24,92.69718446828686,128.82756981174842,0.6722483212108183,11.380417339861413,19.371159338857595,-1.4071719649431838,0.11631944444444445,0.46875,0.6857638888888888,535,0.8990654205607477
detailed,other_diagnostic,augmented_price,101,terms,STEP KI,561,17,94.09859421942214,177.14048510950028,0.9464907451833916,10.963551917536403,20.693862265018748,-0.5409675482246716,0.17647058823529413,0.5569852941176471,0.7003676470588235,462,0.9805194805194806
detailed,other_diagnostic,augmented_price,101,terms,STEP no-KI,525,21,44.50161079489828,58.05307592522869,0.972103864991736,9.19890770808978,17.273514508159728,-1.9065775959725342,0.21428571428571427,0.5813492063492064,0.7400793650793651,488,0.9426229508196722
detailed,other_diagnostic,augmented_price,233,terms,LIZARD KI,792,24,249.6599143052698,413.56480946994856,0.8089912739893461,14.462317337755659,27.86191004847202,-1.894410144535034,0.11458333333333333,0.44921875,0.6263020833333334,631,0.9508716323296355
detailed,other_diagnostic,augmented_price,233,terms,LIZARD no-KI,600,24,121.64378788700216,189.33428347161296,0.29207733510640077,12.233641317188304,20.57765168100195,-2.160453602969421,0.1527777777777778,0.4670138888888889,0.6475694444444444,535,0.9102803738317757
detailed,other_diagnostic,augmented_price,233,terms,STEP KI,561,17,83.8893353529861,110.0392344500824,0.9793515068393531,12.78054655563801,22.478022942829398,-0.8416412065816185,0.1323529411764706,0.46875,0.65625,462,0.9415584415584416
detailed,other_diagnostic,augmented_price,233,terms,STEP no-KI,525,21,45.69065837676506,64.46404591378581,0.9656023570915839,9.817406437242967,18.14897084509469,-2.1615199071534965,0.22023809523809523,0.5496031746031746,0.7400793650793651,488,0.9528688524590164
detailed,other_diagnostic,augmented_price,47,terms,LIZARD KI,792,24,231.776803229528,393.42325375469585,0.8271433447685131,15.038656695294472,28.195561752242504,-1.324824123330245,0.08854166666666667,0.40625,0.6106770833333334,631,0.9746434231378764
detailed,other_diagnostic,augmented_price,47,terms,LIZARD no-KI,600,24,141.10541906912346,214.20674902192596,0.0938635591121828,13.358114749752524,20.957428653887135,-1.557654031746692,0.08333333333333333,0.3854166666666667,0.5972222222222222,535,0.930841121495327
detailed,other_diagnostic,augmented_price,47,terms,STEP KI,561,17,69.14179371205714,98.90597590229012,0.9833183767514566,11.858821324900699,20.38230975478937,-0.5197772204681262,0.12316176470588236,0.4742647058823529,0.6672794117647058,462,0.9437229437229437
detailed,other_diagnostic,augmented_price,47,terms,STEP no-KI,525,21,59.07557303620471,80.74143981657414,0.946038185550887,8.813931338346501,15.853496560027118,-1.9363373436139608,0.19444444444444445,0.5714285714285714,0.7420634920634921,488,0.9938524590163934
detailed,other_diagnostic,augmented_price,ensemble,terms,LIZARD KI,792,24,219.07030250861922,380.88754749073536,0.8379833671325403,13.820372537159509,26.909598087707238,-1.5817033267658924,0.11067708333333333,0.4518229166666667,0.6471354166666666,631,0.9667194928684627
detailed,other_diagnostic,augmented_price,ensemble,terms,LIZARD no-KI,600,24,114.0526998522919,166.29290178907138,0.45389680220424056,11.917708618608541,19.70128908664731,-1.7084265332198345,0.11458333333333333,0.4305555555555556,0.6458333333333334,535,0.9158878504672897
detailed,other_diagnostic,augmented_price,ensemble,terms,STEP KI,561,17,73.18248979362914,100.521953878345,0.9827688173244472,11.479728442566588,20.660281320070624,-0.6341286584250121,0.14154411764705882,0.5128676470588235,0.6783088235294118,462,0.9588744588744589
detailed,other_diagnostic,augmented_price,ensemble,terms,STEP no-KI,525,21,45.19207732411607,63.246429876571185,0.9668895109039652,8.76346548765877,16.49847661681315,-2.001478282246766,0.2123015873015873,0.5873015873015873,0.7718253968253969,488,0.985655737704918
detailed,other_diagnostic,prior_frozen_affine_coupon_delta,ensemble,terms,LIZARD KI,792,24,232.68176428438883,377.4754723798386,0.8408731271880769,14.277087699267971,27.18803434024522,-0.820067207843798,0.12760416666666666,0.4427083333333333,0.6080729166666666,631,0.96513470681458
detailed,other_diagnostic,prior_frozen_affine_coupon_delta,ensemble,terms,LIZARD no-KI,600,24,130.19518983710867,154.2990691477508,0.5298310896736768,10.412700471794807,16.507485530720608,-0.9205952422154005,0.11458333333333333,0.4704861111111111,0.6666666666666666,535,0.8934579439252337
detailed,other_diagnostic,prior_frozen_affine_coupon_delta,ensemble,terms,STEP KI,561,17,121.48217591773933,222.45051132031506,0.9156160093008091,10.9141837181511,20.538046915574927,0.9552949349280084,0.11397058823529412,0.48161764705882354,0.6856617647058824,462,0.9523809523809523
detailed,other_diagnostic,prior_frozen_affine_coupon_delta,ensemble,terms,STEP no-KI,525,21,68.53653757551614,95.03546204590876,0.9252407482506879,5.975503784709345,9.649592049984326,-0.6446680297441512,0.21031746031746032,0.6488095238095238,0.8095238095238095,488,0.9815573770491803
detailed,published_monthly_6,affine_coupon_delta,101,schedule,LIZARD no-KI,11,1,144.15908742418966,200.1765678512579,-51.38919759121573,141.9804753557331,187.82647856751126,-87.99521975018503,0.0,0.0,0.0,11,0.5454545454545454
detailed,published_monthly_6,affine_coupon_delta,101,schedule,STEP KI,11,1,95.6052760036349,129.18513712113452,-47.21303838745997,95.39499842939641,135.8615061242147,-65.06056073013546,0.0,0.0,0.09090909090909091,10,0.8
detailed,published_monthly_6,affine_coupon_delta,101,schedule,STEP no-KI,44,4,163.30065305980682,213.28632773408057,0.3698829897675434,161.82794125873784,213.48860535567945,-90.47816020616597,0.0,0.045454545454545456,0.09090909090909091,42,0.6904761904761905
detailed,published_monthly_6,affine_coupon_delta,101,terms,LIZARD no-KI,33,1,23.523660192846254,24.69584340470153,0.5310761617603112,5.371871311938143,7.6478122708075205,0.45485607768280123,0.15625,0.625,0.8125,32,1.0
detailed,published_monthly_6,affine_coupon_delta,101,terms,STEP KI,41,1,15.089805735711263,15.983345825525507,0.7479587148299464,3.5598098164923018,5.738045613853609,-0.4882220059671855,0.325,0.825,0.925,35,1.0
detailed,published_monthly_6,affine_coupon_delta,101,terms,STEP no-KI,132,4,16.145244972191037,17.487268555656453,0.9960364481072256,3.8323212761653114,6.010100212941459,0.27725928441183145,0.234375,0.75,0.9140625,128,1.0
detailed,published_monthly_6,affine_coupon_delta,233,schedule,LIZARD no-KI,11,1,196.66330780387017,246.23005758734706,-78.26790907808132,189.85286696978008,228.23583369095556,-51.812491069487685,0.0,0.0,0.0,11,0.45454545454545453
detailed,published_monthly_6,affine_coupon_delta,233,schedule,STEP KI,11,1,161.4897524846755,206.54174336753593,-122.2409613786054,156.12126493150905,199.80330837225375,-59.70833455950892,0.0,0.0,0.09090909090909091,10,0.8
detailed,published_monthly_6,affine_coupon_delta,233,schedule,STEP no-KI,44,4,234.3348887021635,294.8471903403227,-0.2041737546105109,229.1567513564829,292.26452454676183,-52.84894871536146,0.0,0.022727272727272728,0.06818181818181818,42,0.6190476190476191
detailed,published_monthly_6,affine_coupon_delta,233,terms,LIZARD no-KI,33,1,53.30875141959741,54.14923780477327,-1.2544431163044383,6.6692491964154215,9.686171841050278,0.8389707603572094,0.15625,0.625,0.78125,32,1.0
detailed,published_monthly_6,affine_coupon_delta,233,terms,STEP KI,41,1,19.458015214152088,19.80250670412178,0.6131196866104942,2.40894710564804,3.730361261274361,0.23210012614341052,0.475,0.875,0.95,35,1.0
detailed,published_monthly_6,affine_coupon_delta,233,terms,STEP no-KI,132,4,19.887170952445185,21.604565784256295,0.9939503301623671,3.9385975944709943,6.704427705188478,0.341613674317761,0.328125,0.7421875,0.8984375,128,1.0
detailed,published_monthly_6,affine_coupon_delta,47,schedule,LIZARD no-KI,11,1,176.49867116789193,216.62201856035097,-60.3508333241553,175.1475883130806,211.49372384031574,-66.43248089811762,0.0,0.0,0.0,11,0.45454545454545453
detailed,published_monthly_6,affine_coupon_delta,47,schedule,STEP KI,11,1,124.06215483872917,172.38858846763563,-84.85318825950482,126.1599618342912,173.97275500117289,-39.51270951442612,0.09090909090909091,0.09090909090909091,0.18181818181818182,10,0.9
detailed,published_monthly_6,affine_coupon_delta,47,schedule,STEP no-KI,44,4,235.6597058686411,294.8973129867857,-0.204583197247314,234.4905943638717,294.3419865598281,-25.99026944244969,0.0,0.0,0.0,42,0.6190476190476191
detailed,published_monthly_6,affine_coupon_delta,47,terms,LIZARD no-KI,33,1,14.852376470922426,15.91596776383484,0.8052306174164294,3.5998881481962894,5.809276310434795,0.009832898628541198,0.34375,0.78125,0.90625,32,1.0
detailed,published_monthly_6,affine_coupon_delta,47,terms,STEP KI,41,1,7.890522420022135,8.500716152065127,0.928706928989401,2.3267058213637033,4.3479227848496995,-0.3562871247568582,0.625,0.875,0.925,35,1.0
detailed,published_monthly_6,affine_coupon_delta,47,terms,STEP no-KI,132,4,10.768229811529732,11.904263729964267,0.9981632685228017,3.645154376853219,5.847751605774836,0.3196810276855664,0.328125,0.7578125,0.9140625,128,1.0
detailed,published_monthly_6,affine_coupon_delta,ensemble,schedule,LIZARD no-KI,11,1,171.81027818194096,219.0013266765804,-61.70595128353951,168.99364354619777,206.74060723895283,-68.74673057259619,0.0,0.0,0.0,11,0.5454545454545454
detailed,published_monthly_6,affine_coupon_delta,ensemble,schedule,STEP KI,11,1,123.95555170074327,163.38024377940226,-76.1149320118342,124.26792865507892,163.75968868231675,-54.76053493469094,0.0,0.0,0.09090909090909091,10,0.8
detailed,published_monthly_6,affine_coupon_delta,ensemble,schedule,STEP no-KI,44,4,208.6407905290798,260.6863615678123,0.058691909857050306,206.89000264275464,259.26031683024144,-56.439126121325835,0.022727272727272728,0.022727272727272728,0.022727272727272728,42,0.6428571428571429
detailed,published_monthly_6,affine_coupon_delta,ensemble,terms,LIZARD no-KI,33,1,30.561596027788696,31.365253562516358,0.24359883085395118,4.744802258805896,7.176791959634776,0.43455324555694785,0.25,0.71875,0.875,32,1.0
detailed,published_monthly_6,affine_coupon_delta,ensemble,terms,STEP KI,41,1,2.4684621105655133,3.4747949013452537,0.9880877268256995,2.148826874699423,3.3910153372833496,-0.20413633486094213,0.475,0.9,0.975,35,1.0
detailed,published_monthly_6,affine_coupon_delta,ensemble,terms,STEP no-KI,132,4,11.046865690336386,13.332459299174142,0.9976961132747777,3.3352373991845665,5.65173788146339,0.312851328804908,0.328125,0.78125,0.9296875,128,1.0
detailed,published_monthly_6,augmented_delta,101,schedule,LIZARD no-KI,11,1,204.67357000905625,242.95754063927362,-76.1748927710445,201.35401666751733,234.66269316985947,-35.99108834634869,0.0,0.0,0.0,11,0.36363636363636365
detailed,published_monthly_6,augmented_delta,101,schedule,STEP KI,11,1,134.1284826470128,168.52565685114993,-81.04865338398561,134.571234928836,169.1973078414766,-25.722524713151042,0.0,0.0,0.0,10,0.7
detailed,published_monthly_6,augmented_delta,101,schedule,STEP no-KI,44,4,237.44146276027075,296.9827471661341,-0.22168041198966315,237.6883050981365,296.50759748036336,-6.332278293240936,0.0,0.0,0.0,42,0.5714285714285714
detailed,published_monthly_6,augmented_delta,101,terms,LIZARD no-KI,33,1,36.09016163688256,36.23644293817807,-0.009591545654764388,2.0722936904020632,3.3311949309455673,0.43820403004867675,0.53125,0.90625,0.96875,32,1.0
detailed,published_monthly_6,augmented_delta,101,terms,STEP KI,41,1,4.7688699881501835,5.327210164805603,0.9720014233354587,2.33615471047798,3.4255236615955105,-0.7143471270838234,0.325,0.85,0.975,35,1.0
detailed,published_monthly_6,augmented_delta,101,terms,STEP no-KI,132,4,15.75691305976917,18.71917802230027,0.9954583450239595,4.932609520824631,7.641617918277405,0.44546079800025995,0.234375,0.703125,0.84375,128,1.0
detailed,published_monthly_6,augmented_delta,233,schedule,LIZARD no-KI,11,1,171.47204891586114,216.03175994519347,-60.01694740453004,169.90996561854493,211.74296699882345,-44.79404414718544,0.0,0.0,0.0,11,0.5454545454545454
detailed,published_monthly_6,augmented_delta,233,schedule,STEP KI,11,1,168.08687435677396,205.69446283408678,-121.2319112044537,168.8492159066747,207.14908759095593,-39.999571090159655,0.0,0.0,0.0,10,0.8
detailed,published_monthly_6,augmented_delta,233,schedule,STEP no-KI,44,4,226.51258226464344,285.7326306408342,-0.1308756404561533,224.04593699477826,284.535799765644,-18.37878339765267,0.0,0.0,0.022727272727272728,42,0.5952380952380952
detailed,published_monthly_6,augmented_delta,233,terms,LIZARD no-KI,33,1,17.97399985564957,20.106057704112064,0.6891803728651145,6.394344183772144,11.14516460351404,0.3435816564677443,0.28125,0.625,0.84375,32,0.75
detailed,published_monthly_6,augmented_delta,233,terms,STEP KI,41,1,10.311114899755921,12.806451752750277,0.8381942583801383,5.3733251051729125,10.44657566705981,-0.7813576489725562,0.475,0.7,0.85,35,1.0
detailed,published_monthly_6,augmented_delta,233,terms,STEP no-KI,132,4,28.438849269608315,31.713420521306777,0.9869645279740381,6.774956073582789,10.121949350261783,-0.2247375531445306,0.1796875,0.609375,0.7890625,128,1.0
detailed,published_monthly_6,augmented_delta,47,schedule,LIZARD no-KI,11,1,198.80048658071016,237.425968126315,-72.70071554478709,182.575844261234,220.51056935631485,-17.940092606325162,0.0,0.0,0.09090909090909091,11,0.45454545454545453
detailed,published_monthly_6,augmented_delta,47,schedule,STEP KI,11,1,149.20916219371577,182.0584392806763,-94.75490534191584,146.98541941245085,178.74954100853586,-12.172925932605724,0.0,0.09090909090909091,0.09090909090909091,10,0.7
detailed,published_monthly_6,augmented_delta,47,schedule,STEP no-KI,44,4,246.96071844356757,296.9697762358127,-0.22157369881793576,242.20962897408393,294.07953618433123,-25.668688837376283,0.0,0.0,0.0,42,0.5952380952380952
detailed,published_monthly_6,augmented_delta,47,terms,LIZARD no-KI,33,1,71.53545442761336,72.66469684032947,-3.0597708212116075,7.957540028794808,12.963390685771719,0.3574769892810069,0.1875,0.65625,0.71875,32,0.75
detailed,published_monthly_6,augmented_delta,47,terms,STEP KI,41,1,25.080390516350544,25.17432812599396,0.37475234711466077,1.4666885276402928,2.2873232153074547,-0.6347004205027078,0.625,0.925,1.0,35,1.0
detailed,published_monthly_6,augmented_delta,47,terms,STEP no-KI,132,4,30.135895171305865,32.46688425226109,0.9863377630033564,5.794876979124934,8.906915100234292,-0.17496767475707942,0.1953125,0.671875,0.8046875,128,1.0
detailed,published_monthly_6,augmented_delta,ensemble,schedule,LIZARD no-KI,11,1,188.41873314631846,229.3592607597596,-67.77772868777417,184.61327551576528,219.31327792250582,-32.90840836662071,0.0,0.0,0.0,11,0.45454545454545453
detailed,published_monthly_6,augmented_delta,ensemble,schedule,STEP KI,11,1,150.47483973250067,183.35634841587546,-96.12506068379732,150.13529008265382,182.78850875826092,-25.96500724530598,0.0,0.0,0.0,10,0.7
detailed,published_monthly_6,augmented_delta,ensemble,schedule,STEP no-KI,44,4,236.17851131060763,288.155880042091,-0.15013850250212424,234.5281977817438,286.9220147569654,-16.793250176090325,0.0,0.0,0.022727272727272728,42,0.5952380952380952
detailed,published_monthly_6,augmented_delta,ensemble,terms,LIZARD no-KI,33,1,41.49178741461831,42.394154720365954,-0.3818679580398525,5.1448644461247195,8.843148343731313,0.37975422526511493,0.40625,0.65625,0.8125,32,1.0
detailed,published_monthly_6,augmented_delta,ensemble,terms,STEP KI,41,1,5.052653481504044,6.179864715618207,0.9623214458647597,2.3754218092468933,4.42056417724677,-0.7101350655203993,0.575,0.825,0.95,35,1.0
detailed,published_monthly_6,augmented_delta,ensemble,terms,STEP no-KI,132,4,20.517263344985263,23.274332173775342,0.9929790634870332,5.408675152955631,8.014747311780322,0.015251856699136201,0.140625,0.6328125,0.8359375,128,1.0
detailed,published_monthly_6,augmented_price,101,schedule,LIZARD no-KI,11,1,164.39324475039228,191.63631563142104,-47.014332366086364,155.17000789579433,183.99060488957286,-7.611528829441952,0.0,0.0,0.0,11,0.45454545454545453
detailed,published_monthly_6,augmented_price,101,schedule,STEP KI,11,1,109.80342750537717,138.7784745624216,-54.63955136161991,109.56161365544844,138.9278229893706,-11.378233459627644,0.0,0.0,0.18181818181818182,10,0.8
detailed,published_monthly_6,augmented_price,101,schedule,STEP no-KI,44,4,172.5817045833134,225.30316211624125,0.29687952606778145,173.29431874296182,221.4533373244492,23.791773711139726,0.0,0.0,0.022727272727272728,42,0.5714285714285714
detailed,published_monthly_6,augmented_price,101,terms,LIZARD no-KI,33,1,44.827299460276414,46.38306224430701,-0.6541444085107913,8.355291527903425,12.218000604147164,1.74224189902527,0.125,0.53125,0.71875,32,0.75
detailed,published_monthly_6,augmented_price,101,terms,STEP KI,41,1,19.928772477505756,21.16124336503608,0.5582071767509386,4.939255235925411,7.7342043784260674,-1.0239783555307842,0.25,0.7,0.825,35,1.0
detailed,published_monthly_6,augmented_price,101,terms,STEP no-KI,132,4,21.6272217289632,25.704122212335967,0.9914366017040063,6.297492769016019,10.603860084494604,0.09688538477317864,0.2890625,0.640625,0.796875,128,1.0
detailed,published_monthly_6,augmented_price,233,schedule,LIZARD no-KI,11,1,184.024094545886,223.885640778316,-64.53416194381778,151.91174708216795,184.10030064115097,-27.905772468607665,0.0,0.0,0.0,11,0.5454545454545454
detailed,published_monthly_6,augmented_price,233,schedule,STEP KI,11,1,125.1848271388846,159.30163968990874,-72.3128145115227,122.30069763912985,151.57389220483913,-38.2785140652906,0.0,0.0,0.0,10,0.9
detailed,published_monthly_6,augmented_price,233,schedule,STEP no-KI,44,4,185.01290769144217,222.47654744211962,0.3144113132290487,180.14948957811,219.74661886880065,-22.057731084801716,0.0,0.022727272727272728,0.022727272727272728,42,0.5952380952380952
detailed,published_monthly_6,augmented_price,233,terms,LIZARD no-KI,33,1,101.33774069128154,102.44364677475802,-7.069091605668506,8.794546540629662,15.29197089815039,1.2180563011286942,0.21875,0.53125,0.71875,32,0.75
detailed,published_monthly_6,augmented_price,233,terms,STEP KI,41,1,25.718901771627827,27.641346251679085,0.24620253009324145,7.598680874061744,12.29691609110125,-0.9591881066599341,0.15,0.55,0.8,35,1.0
detailed,published_monthly_6,augmented_price,233,terms,STEP no-KI,132,4,28.46740982856319,32.17423764988052,0.9865829474747791,6.9787906120630065,11.069479702422614,-0.213510459507541,0.1640625,0.59375,0.7734375,128,1.0
detailed,published_monthly_6,augmented_price,47,schedule,LIZARD no-KI,11,1,172.4484331895014,206.63082936888145,-54.822014723878645,164.08903019582095,198.2740614992276,-5.221707690193031,0.0,0.0,0.0,11,0.5454545454545454
detailed,published_monthly_6,augmented_price,47,schedule,STEP KI,11,1,139.88412389068733,164.2226581407432,-76.91221574377417,139.77190274361095,164.15957851816302,-7.772965241327096,0.0,0.0,0.09090909090909091,10,0.8
detailed,published_monthly_6,augmented_price,47,schedule,STEP no-KI,44,4,178.44418619485668,214.47593956713723,0.36283438890736064,177.7069047817247,214.37206962971737,-5.979472982211322,0.0,0.0,0.045454545454545456,42,0.5952380952380952
detailed,published_monthly_6,augmented_price,47,terms,LIZARD no-KI,33,1,52.2181014017554,54.49057662917532,-1.2829552218074518,10.406751934371117,16.35229423839627,1.147648314487764,0.125,0.4375,0.6875,32,0.75
detailed,published_monthly_6,augmented_price,47,terms,STEP KI,41,1,5.0975036528485,9.295950716930252,0.9147442030914399,4.948225186174053,9.214224811035717,-0.8551332980432962,0.275,0.75,0.875,35,1.0
detailed,published_monthly_6,augmented_price,47,terms,STEP no-KI,132,4,18.142186516620907,21.165516433791957,0.9941937152770043,6.051322048054137,10.047982290978872,-0.5173917023788255,0.171875,0.65625,0.8125,128,1.0
detailed,published_monthly_6,augmented_price,ensemble,schedule,LIZARD no-KI,11,1,170.16252281431082,202.84373546616516,-52.79457349847365,157.05692839126118,186.4707585011572,-13.579669662747518,0.0,0.0,0.0,11,0.45454545454545453
detailed,published_monthly_6,augmented_price,ensemble,schedule,STEP KI,11,1,124.01102768471587,148.90751319231023,-63.05788894408262,123.87807134606304,148.71218442352614,-19.143237588747702,0.0,0.0,0.0,10,0.8
detailed,published_monthly_6,augmented_price,ensemble,schedule,STEP no-KI,44,4,177.95997521961442,214.0573812840493,0.3653188700644906,177.05023770093226,213.44624846907746,-1.4151434519577786,0.0,0.022727272727272728,0.022727272727272728,42,0.5714285714285714
detailed,published_monthly_6,augmented_price,ensemble,terms,LIZARD no-KI,33,1,66.07796886258201,67.56553543389957,-2.5099831479156633,8.846094005835148,14.381739403665149,1.3693155048805297,0.21875,0.59375,0.75,32,0.75
detailed,published_monthly_6,augmented_price,ensemble,terms,STEP KI,41,1,6.012910903456586,9.719461540946831,0.9067989716442955,5.761518050803533,9.584874194620284,-0.9460999200772454,0.275,0.65,0.825,35,1.0
detailed,published_monthly_6,augmented_price,ensemble,terms,STEP no-KI,132,4,16.911843723106564,20.79888152959823,0.9943931291618968,6.090564248079657,10.126196741071611,-0.21133892570434104,0.21875,0.65625,0.7890625,128,1.0
detailed,published_monthly_6,prior_frozen_affine_coupon_delta,ensemble,schedule,LIZARD no-KI,11,1,201.68500737391298,243.72645412589333,-76.6641528846371,214.27870659070166,264.9366476932193,-112.51100751060194,0.0,0.0,0.0,11,0.5454545454545454
detailed,published_monthly_6,prior_frozen_affine_coupon_delta,ensemble,schedule,STEP KI,11,1,221.04923973301,290.64214204173965,-243.03750254690183,211.35236382123242,281.8896463872638,-156.80874415395814,0.0,0.0,0.0,10,1.0
detailed,published_monthly_6,prior_frozen_affine_coupon_delta,ensemble,schedule,STEP no-KI,44,4,258.8703373731757,325.36721885192605,-0.46636727629501284,241.8343186673882,308.25741977766717,-81.921561239394,0.0,0.0,0.022727272727272728,42,0.5238095238095238
detailed,published_monthly_6,prior_frozen_affine_coupon_delta,ensemble,terms,LIZARD no-KI,33,1,70.39281377381016,71.31226969021141,-2.910057141182037,8.326824960670555,11.647572951051552,1.1590849557041114,0.0625,0.53125,0.65625,32,1.0
detailed,published_monthly_6,prior_frozen_affine_coupon_delta,ensemble,terms,STEP KI,41,1,16.913838102101693,19.694801158311407,0.6173167144891458,8.277546721143626,12.602442908906665,-0.024964772665368784,0.1,0.55,0.725,35,0.8571428571428571
detailed,published_monthly_6,prior_frozen_affine_coupon_delta,ensemble,terms,STEP no-KI,132,4,51.258218301922255,57.34335176026176,0.9573806582670654,3.128912690811868,5.581608494415144,0.08099546944599668,0.3984375,0.84375,0.9140625,128,1.0
detailed,regular_test,affine_coupon_delta,101,schedule,LIZARD KI,322,32,85.11896610656297,120.21500075750895,0.7733392917233166,71.77035067072507,110.71322908600335,-9.123749583795151,0.006211180124223602,0.055900621118012424,0.15838509316770186,300,0.38333333333333336
detailed,regular_test,affine_coupon_delta,101,schedule,LIZARD no-KI,310,32,105.12554583415918,154.84860952614542,0.9302967237138091,79.39098348643424,133.80131579730164,-15.732648358855602,0.025806451612903226,0.11290322580645161,0.18064516129032257,292,0.8116438356164384
detailed,regular_test,affine_coupon_delta,101,schedule,STEP KI,313,32,119.5491371703556,192.7161971378719,0.8572521977788305,97.51801313161073,172.57026977571448,-28.560175158858282,0.012779552715654952,0.07028753993610223,0.15654952076677317,283,0.6466431095406361
detailed,regular_test,affine_coupon_delta,101,schedule,STEP no-KI,322,32,152.46657504869765,223.23696460326852,0.6676967581728731,122.89528473800908,196.4177368804089,-16.553665683913295,0.015527950310559006,0.06832298136645963,0.13664596273291926,281,0.5907473309608541
detailed,regular_test,affine_coupon_delta,101,terms,LIZARD KI,1056,32,53.86577328559938,66.74821496133312,0.9255968226474202,8.293493151575815,15.77877559163079,-0.0573997135288451,0.1962890625,0.5888671875,0.7646484375,731,0.8768809849521204
detailed,regular_test,affine_coupon_delta,101,terms,LIZARD no-KI,800,32,66.84052843931819,77.7939897427606,0.9814438711868652,9.694928560719362,18.026972171508017,-1.0168524567093444,0.14322916666666666,0.52734375,0.7239583333333334,691,0.914616497829233
detailed,regular_test,affine_coupon_delta,101,terms,STEP KI,1056,32,58.4614900195222,84.02921613338712,0.9719316784499622,10.23436439662552,19.287823693284967,-1.5605627730895757,0.1630859375,0.5341796875,0.7275390625,842,0.9513064133016627
detailed,regular_test,affine_coupon_delta,101,terms,STEP no-KI,800,32,71.9077430171825,94.24903712943973,0.9415528655276469,12.935153501913666,24.665338174026964,-1.8154029986780416,0.16276041666666666,0.5065104166666666,0.6809895833333334,728,0.9271978021978022
detailed,regular_test,affine_coupon_delta,233,schedule,LIZARD KI,322,32,75.93812607478344,104.35040791874219,0.8292159859886192,54.84867843486714,89.8395843149977,-3.1191795201982235,0.021739130434782608,0.11180124223602485,0.2546583850931677,300,0.47
detailed,regular_test,affine_coupon_delta,233,schedule,LIZARD no-KI,310,32,99.81890614154071,141.7625463086434,0.9415799959647656,65.31850740262178,110.86094385563571,-11.653139192876402,0.012903225806451613,0.12903225806451613,0.24516129032258063,292,0.8732876712328768
detailed,regular_test,affine_coupon_delta,233,schedule,STEP KI,313,32,105.53535735437687,177.578586677231,0.8787967720049187,80.26374099969411,142.8985262222017,-18.065526319901004,0.038338658146964855,0.12140575079872204,0.23003194888178913,283,0.6537102473498233
detailed,regular_test,affine_coupon_delta,233,schedule,STEP no-KI,322,32,148.01879847664537,201.3646165515363,0.7296236632711139,110.25197010301022,173.9276939663525,-14.497773761371263,0.009316770186335404,0.06832298136645963,0.14285714285714285,281,0.6370106761565836
detailed,regular_test,affine_coupon_delta,233,terms,LIZARD KI,1056,32,46.25494812776062,58.78578938736198,0.9422892286293769,7.613812963875629,15.0277658103161,0.0826461723991303,0.232421875,0.607421875,0.77734375,731,0.8714090287277702
detailed,regular_test,affine_coupon_delta,233,terms,LIZARD no-KI,800,32,73.75849926023001,95.29284587166866,0.972157009300949,9.464634874415216,18.4636732724892,-0.896865512808759,0.19270833333333334,0.5651041666666666,0.74609375,691,0.9507959479015919
detailed,regular_test,affine_coupon_delta,233,terms,STEP KI,1056,32,54.65156851408172,86.40548702312667,0.9703217380639595,9.928164687332774,19.228916951837395,-1.172184379253256,0.22265625,0.568359375,0.736328125,842,0.9418052256532067
detailed,regular_test,affine_coupon_delta,233,terms,STEP no-KI,800,32,84.82475846298526,100.05929367798511,0.9341244513650454,12.58709997390281,23.99807138671897,-1.784654607774966,0.1796875,0.5143229166666666,0.6940104166666666,728,0.9491758241758241
detailed,regular_test,affine_coupon_delta,47,schedule,LIZARD KI,322,32,75.4482752726696,106.95672362624727,0.8205782467230542,56.7966549517623,93.12562343618481,-6.408720992757613,0.021739130434782608,0.11180124223602485,0.2329192546583851,300,0.46
detailed,regular_test,affine_coupon_delta,47,schedule,LIZARD no-KI,310,32,98.79952547329658,153.5950464525627,0.9314207089448826,68.990538115741,126.12969428152479,-19.611126439851226,0.02903225806451613,0.16451612903225807,0.29354838709677417,292,0.8116438356164384
detailed,regular_test,affine_coupon_delta,47,schedule,STEP KI,313,32,100.88061071111177,158.85499755557487,0.9030082577454188,80.5913266652539,134.93584236237447,-19.003549180223903,0.022364217252396165,0.08626198083067092,0.19808306709265175,283,0.6501766784452296
detailed,regular_test,affine_coupon_delta,47,schedule,STEP no-KI,322,32,138.59045424462622,208.49787535622986,0.7101284263237969,113.73532723764316,189.82323098861778,-22.15640048362415,0.031055900621118012,0.12111801242236025,0.18944099378881987,281,0.6441281138790036
detailed,regular_test,affine_coupon_delta,47,terms,LIZARD KI,1056,32,41.73731794801103,54.703498407934504,0.9500262001524046,6.258961476105367,12.365365008699227,0.13954590717187204,0.26953125,0.677734375,0.8193359375,731,0.8850889192886456
detailed,regular_test,affine_coupon_delta,47,terms,LIZARD no-KI,800,32,69.17347891517994,93.27281933700087,0.9733249343683471,9.770586049207486,18.23631276129738,-0.8093064448541393,0.16276041666666666,0.54296875,0.7278645833333334,691,0.9507959479015919
detailed,regular_test,affine_coupon_delta,47,terms,STEP KI,1056,32,51.00621462601973,69.30056208937319,0.9809089711936504,8.926382291953107,16.95255328014274,-1.098313618864584,0.228515625,0.58203125,0.759765625,842,0.9560570071258907
detailed,regular_test,affine_coupon_delta,47,terms,STEP no-KI,800,32,61.78453971666275,76.30268454259581,0.9616920408775637,11.344934047475931,21.551834094667942,-1.3490812484444705,0.16927083333333334,0.5377604166666666,0.69921875,728,0.9354395604395604
detailed,regular_test,affine_coupon_delta,ensemble,schedule,LIZARD KI,322,32,73.92678462533978,104.81697963217725,0.8276853522135394,60.17782695067671,96.20295621213307,-6.217216698917067,0.037267080745341616,0.10559006211180125,0.20186335403726707,300,0.43333333333333335
detailed,regular_test,affine_coupon_delta,ensemble,schedule,LIZARD no-KI,310,32,96.50526675414393,144.07748104499896,0.9396564597446795,69.28106042008599,121.44507767842653,-15.665637997194562,0.06129032258064516,0.18387096774193548,0.27741935483870966,292,0.8184931506849316
detailed,regular_test,affine_coupon_delta,ensemble,schedule,STEP KI,313,32,103.28495093632927,171.47189349434208,0.8869894773653646,84.51242296782321,148.4711875299815,-21.876416886327664,0.03514376996805112,0.10543130990415335,0.20766773162939298,283,0.6713780918727915
detailed,regular_test,affine_coupon_delta,ensemble,schedule,STEP no-KI,322,32,142.62415433112372,207.1640323780883,0.7138254079664097,114.42489209900307,185.7221581662969,-17.7359466429696,0.021739130434782608,0.09316770186335403,0.16459627329192547,281,0.6120996441281139
detailed,regular_test,affine_coupon_delta,ensemble,terms,LIZARD KI,1056,32,41.54237946343003,50.24956741822112,0.957832599843789,7.020709112599852,13.790589891014974,0.05493078868062942,0.24609375,0.650390625,0.8037109375,731,0.893296853625171
detailed,regular_test,affine_coupon_delta,ensemble,terms,LIZARD no-KI,800,32,65.46636093571392,81.25713295271261,0.9797549768547932,9.216058812745572,17.693742995935942,-0.9076748047908773,0.17057291666666666,0.5638020833333334,0.7473958333333334,691,0.959479015918958
detailed,regular_test,affine_coupon_delta,ensemble,terms,STEP KI,1056,32,46.60215239960182,70.14555454692955,0.9804405731468446,9.194896849659777,17.953307332417403,-1.2770202570691003,0.23828125,0.58984375,0.751953125,842,0.9536817102137767
detailed,regular_test,affine_coupon_delta,ensemble,terms,STEP no-KI,800,32,69.45368832700518,84.3850158056185,0.9531467143669031,11.735346101691563,22.932219877992914,-1.6497129516325337,0.19921875,0.5494791666666666,0.6979166666666666,728,0.9368131868131868
detailed,regular_test,augmented_delta,101,schedule,LIZARD KI,322,32,70.10276896397778,98.81225071500288,0.8468628720351085,56.87582264976695,88.24420845312856,-8.816887472377747,0.027950310559006212,0.09627329192546584,0.22981366459627328,300,0.42
detailed,regular_test,augmented_delta,101,schedule,LIZARD no-KI,310,32,111.03586914180745,155.25477291570127,0.9299305848326924,64.29435378423481,117.47043276359591,-17.828968711102284,0.00967741935483871,0.15806451612903225,0.27741935483870966,292,0.8664383561643836
detailed,regular_test,augmented_delta,101,schedule,STEP KI,313,32,105.56475762238325,161.67888234445488,0.899529261895417,74.444823606512,130.69605023989814,-17.314705843113085,0.03194888178913738,0.09904153354632587,0.20766773162939298,283,0.7067137809187279
detailed,regular_test,augmented_delta,101,schedule,STEP no-KI,322,32,115.03473034563717,174.63149676705635,0.796648437649258,89.65289665807526,156.78415642105531,-19.42679096752774,0.015527950310559006,0.12422360248447205,0.21739130434782608,281,0.701067615658363
detailed,regular_test,augmented_delta,101,terms,LIZARD KI,1056,32,40.33950215596397,52.30866878299751,0.9543059654381856,7.298454174672537,13.945358642853849,0.11645958470037227,0.240234375,0.62890625,0.783203125,731,0.8604651162790697
detailed,regular_test,augmented_delta,101,terms,LIZARD no-KI,800,32,85.8515529184985,106.02563445359266,0.9655319235168265,9.570622161921804,18.443739190147074,-0.8318281530147781,0.18619791666666666,0.5598958333333334,0.74609375,691,0.9421128798842258
detailed,regular_test,augmented_delta,101,terms,STEP KI,1056,32,67.38841049428729,90.18816983355563,0.9676663326005528,9.555174191387934,19.041219041066,-1.0053542381559488,0.2216796875,0.5810546875,0.740234375,842,0.9667458432304038
detailed,regular_test,augmented_delta,101,terms,STEP no-KI,800,32,58.64707681539675,76.83917032340146,0.9611514589802035,11.458697965003731,22.512535878232207,-1.4641647789897057,0.21614583333333334,0.5481770833333334,0.7200520833333334,728,0.9409340659340659
detailed,regular_test,augmented_delta,233,schedule,LIZARD KI,322,32,70.38675403948905,95.84360718912691,0.8559261321211348,48.46367770722343,82.50915620430074,-5.532367968802073,0.06832298136645963,0.21428571428571427,0.32608695652173914,300,0.6033333333333334
detailed,regular_test,augmented_delta,233,schedule,LIZARD no-KI,310,32,99.08188381318281,133.75443916011292,0.9479938168191013,61.02930251247024,105.12769433664143,-10.87172999079294,0.03870967741935484,0.18387096774193548,0.2838709677419355,292,0.8047945205479452
detailed,regular_test,augmented_delta,233,schedule,STEP KI,313,32,95.55446759483839,144.48757050553692,0.9197594358406678,62.98722857825358,122.23691431477137,-21.336547340199193,0.0670926517571885,0.2012779552715655,0.30990415335463256,283,0.6819787985865724
detailed,regular_test,augmented_delta,233,schedule,STEP no-KI,322,32,113.24273504523367,157.8474708160932,0.833858695574117,77.5141329813112,128.65792969306503,-14.54627009952252,0.009316770186335404,0.11801242236024845,0.20186335403726707,281,0.6797153024911032
detailed,regular_test,augmented_delta,233,terms,LIZARD KI,1056,32,53.34437755214287,64.8865099794894,0.9296893680075,7.347549785426068,14.676851001929856,-0.1968967012144061,0.263671875,0.640625,0.7958984375,731,0.8673050615595075
detailed,regular_test,augmented_delta,233,terms,LIZARD no-KI,800,32,79.03479707787449,96.60473803882294,0.9713851059364377,9.667552464992086,18.336092572121604,-1.3678826810226827,0.17708333333333334,0.5703125,0.7434895833333334,691,0.9319826338639653
detailed,regular_test,augmented_delta,233,terms,STEP KI,1056,32,68.8788352076905,90.01355961910072,0.967791411605938,10.003048950909488,20.169825400569714,-1.1787007268925187,0.2216796875,0.580078125,0.744140625,842,0.9619952494061758
detailed,regular_test,augmented_delta,233,terms,STEP no-KI,800,32,78.07300482966495,102.85214467891075,0.9303956978521164,12.74464396493749,24.42872410804089,-1.978962645334157,0.15625,0.5,0.6796875,728,0.9340659340659341
detailed,regular_test,augmented_delta,47,schedule,LIZARD KI,322,32,76.12190962219597,104.33850004840393,0.8292549615498969,44.7820618308352,84.3282845719443,-5.287700157378717,0.052795031055900624,0.2515527950310559,0.3695652173913043,300,0.7466666666666667
detailed,regular_test,augmented_delta,47,schedule,LIZARD no-KI,310,32,109.9035637254041,161.51635769631062,0.9241646672294563,67.59700943773589,122.96666889722846,-21.083307329350024,0.03225806451612903,0.14516129032258066,0.2709677419354839,292,0.7294520547945206
detailed,regular_test,augmented_delta,47,schedule,STEP KI,313,32,98.06294474719529,146.09555617118673,0.9179635217350135,66.61312917824493,120.45919816201987,-23.66896468814073,0.04153354632587859,0.17891373801916932,0.28434504792332266,283,0.6219081272084805
detailed,regular_test,augmented_delta,47,schedule,STEP no-KI,322,32,129.55971576059645,186.12647883966054,0.7689964343374931,97.55851658328994,169.06303648490785,-20.1352254900499,0.031055900621118012,0.13354037267080746,0.2360248447204969,281,0.7544483985765125
detailed,regular_test,augmented_delta,47,terms,LIZARD KI,1056,32,55.293086597696494,68.61678716227266,0.9213727785019433,7.664319476865179,13.921795778328846,0.16197390099844003,0.2138671875,0.6025390625,0.76953125,731,0.8618331053351573
detailed,regular_test,augmented_delta,47,terms,LIZARD no-KI,800,32,85.99502751249678,120.20577032247856,0.9556956958457127,9.938354984221487,18.463344408578294,-0.7870796555087956,0.16796875,0.53515625,0.7200520833333334,691,0.9377713458755427
detailed,regular_test,augmented_delta,47,terms,STEP KI,1056,32,72.57182630492848,95.06624800256627,0.9640740280565914,9.148708375902824,17.866500619261316,-0.9141579674963827,0.2255859375,0.5859375,0.74609375,842,0.9477434679334917
detailed,regular_test,augmented_delta,47,terms,STEP no-KI,800,32,64.74031935889757,82.49574607268605,0.955221196125369,11.015745812626855,20.571196447895247,-1.2956962862632204,0.16536458333333334,0.5299479166666666,0.7161458333333334,728,0.9478021978021978
detailed,regular_test,augmented_delta,ensemble,schedule,LIZARD KI,322,32,65.44702199129429,91.13994910442804,0.869720381553131,45.9007109631969,79.86864501747432,-6.545651866186168,0.043478260869565216,0.18633540372670807,0.35714285714285715,300,0.5866666666666667
detailed,regular_test,augmented_delta,ensemble,schedule,LIZARD no-KI,310,32,97.69655115255438,139.87493994636952,0.9431253943846873,59.796528411002534,110.4232902235147,-16.59466867708186,0.02258064516129032,0.16774193548387098,0.2903225806451613,292,0.8458904109589042
detailed,regular_test,augmented_delta,ensemble,schedule,STEP KI,313,32,93.63260110871774,144.92276573822787,0.9192753402095228,65.92203762754205,121.25810508409909,-20.773405957151198,0.03514376996805112,0.15335463258785942,0.25559105431309903,283,0.6537102473498233
detailed,regular_test,augmented_delta,ensemble,schedule,STEP no-KI,322,32,113.15724563309732,166.7519071327962,0.8145853780584439,84.87025692276893,148.54326009220534,-18.03609551903324,0.015527950310559006,0.12422360248447205,0.2329192546583851,281,0.7544483985765125
detailed,regular_test,augmented_delta,ensemble,terms,LIZARD KI,1056,32,46.18735985593362,53.98843692978382,0.9513241349455712,7.055566006852168,13.590461976536478,0.02717892816145051,0.2470703125,0.6376953125,0.79296875,731,0.8823529411764706
detailed,regular_test,augmented_delta,ensemble,terms,LIZARD no-KI,800,32,73.59742303467787,95.38436615126696,0.9721035022002027,9.348661632743244,17.774995604703513,-0.9955968298488352,0.1953125,0.5611979166666666,0.74609375,691,0.9392185238784371
detailed,regular_test,augmented_delta,ensemble,terms,STEP KI,1056,32,63.14862041154913,85.26480949592653,0.9711001578410917,9.126758438724586,18.53237066532865,-1.0327376441817417,0.23046875,0.60546875,0.7607421875,842,0.9619952494061758
detailed,regular_test,augmented_delta,ensemble,terms,STEP no-KI,800,32,61.941790896265246,82.02127992872336,0.9557347966490782,11.424366794724387,22.136050512408136,-1.579607903528868,0.19921875,0.53515625,0.7122395833333334,728,0.9381868131868132
detailed,regular_test,augmented_price,101,schedule,LIZARD KI,322,32,76.7457303943157,104.37910983211172,0.8291220236897731,47.7380551989656,77.79152421027113,-5.619683220170247,0.024844720496894408,0.16459627329192547,0.30434782608695654,300,0.5066666666666667
detailed,regular_test,augmented_price,101,schedule,LIZARD no-KI,310,32,95.19678924296916,126.83604660744868,0.9532346740365271,43.18863811074429,76.48800373990194,-8.660488037958347,0.04838709677419355,0.2,0.3258064516129032,292,0.8184931506849316
detailed,regular_test,augmented_price,101,schedule,STEP KI,313,32,100.84416232763787,147.30095030734435,0.9166042164391552,61.41465465277199,116.48698348127996,-19.52968871073485,0.009584664536741214,0.15335463258785942,0.28115015974440893,283,0.6537102473498233
detailed,regular_test,augmented_price,101,schedule,STEP no-KI,322,32,115.08987141671227,156.9169068951796,0.8358118390529087,51.565582053066365,99.5707615283287,-19.567085862936796,0.06832298136645963,0.2080745341614907,0.35093167701863354,281,0.7900355871886121
detailed,regular_test,augmented_price,101,terms,LIZARD KI,1056,32,60.97179180358661,73.84273334412995,0.9089399889735322,8.75509048178899,17.866517751908507,0.052580169307496816,0.203125,0.5947265625,0.75390625,731,0.8549931600547196
detailed,regular_test,augmented_price,101,terms,LIZARD no-KI,800,32,84.57715131532706,107.1284424500473,0.9648111665678588,9.84504146840149,18.974800104881638,-0.845777812978227,0.17447916666666666,0.55078125,0.73046875,691,0.8986975397973951
detailed,regular_test,augmented_price,101,terms,STEP KI,1056,32,82.0266503100936,110.3114259367511,0.951627691308126,11.574398353895102,23.659181209772576,-1.2339013800431964,0.1923828125,0.5380859375,0.708984375,842,0.9667458432304038
detailed,regular_test,augmented_price,101,terms,STEP no-KI,800,32,99.8191135291222,134.27597024360765,0.8813668730383064,15.510944888857543,29.55080850684377,-2.0805637294075416,0.16927083333333334,0.4609375,0.62109375,728,0.9409340659340659
detailed,regular_test,augmented_price,233,schedule,LIZARD KI,322,32,70.97360834422,98.25162143212394,0.8485956451650941,49.96238915046225,82.15828958594153,-3.025405864928767,0.043478260869565216,0.17391304347826086,0.2888198757763975,300,0.47
detailed,regular_test,augmented_price,233,schedule,LIZARD no-KI,310,32,85.76222399306164,112.6698914860904,0.963097624467521,41.91164421288914,73.96353824044982,-5.714424642488926,0.041935483870967745,0.2064516129032258,0.3258064516129032,292,0.815068493150685
detailed,regular_test,augmented_price,233,schedule,STEP KI,313,32,120.09379532606691,173.44582301714064,0.8843726194615785,70.02076876551313,133.32046086740303,-22.850592915374612,0.025559105431309903,0.14696485623003194,0.26517571884984026,283,0.6360424028268551
detailed,regular_test,augmented_price,233,schedule,STEP no-KI,322,32,124.24425838603072,156.96452134047425,0.8357121823051765,49.99379380715501,89.53838664947678,-15.563158658757331,0.024844720496894408,0.16770186335403728,0.30434782608695654,281,0.7259786476868327
detailed,regular_test,augmented_price,233,terms,LIZARD KI,1056,32,51.82931653421014,62.46458269942442,0.9348401829281957,8.400403590497248,17.569703209706102,-0.21704761134603953,0.2138671875,0.59765625,0.771484375,731,0.8549931600547196
detailed,regular_test,augmented_price,233,terms,LIZARD no-KI,800,32,74.4622848866053,89.73852322704681,0.9753081787277513,9.15432758949454,17.56518993110563,-1.2809049135750523,0.20703125,0.5703125,0.7473958333333334,691,0.9073806078147613
detailed,regular_test,augmented_price,233,terms,STEP KI,1056,32,97.66341192617288,128.85207152383518,0.9340008064876403,13.07510514470947,25.400594911742296,-1.442145689803826,0.14453125,0.4951171875,0.67578125,842,0.9667458432304038
detailed,regular_test,augmented_price,233,terms,STEP no-KI,800,32,110.25233905441259,138.1322148835088,0.8744550261349449,15.882205259286346,29.66290130216655,-2.454884779107722,0.1640625,0.4401041666666667,0.6106770833333334,728,0.9423076923076923
detailed,regular_test,augmented_price,47,schedule,LIZARD KI,322,32,78.5767874651925,110.00611936368274,0.810201575266184,48.36847685233232,86.92471617488951,-4.650872655927713,0.07453416149068323,0.2732919254658385,0.37577639751552794,300,0.6133333333333333
detailed,regular_test,augmented_price,47,schedule,LIZARD no-KI,310,32,103.56790937695075,140.84153899114077,0.9423366199220405,52.91056137773644,89.58322808785988,-14.612111800765883,0.06129032258064516,0.1935483870967742,0.3096774193548387,292,0.7773972602739726
detailed,regular_test,augmented_price,47,schedule,STEP KI,313,32,99.77021838550392,148.08862756500832,0.9157099303592453,66.12847447970964,124.33579223488348,-28.087180881586686,0.04153354632587859,0.18849840255591055,0.3035143769968051,283,0.6219081272084805
detailed,regular_test,augmented_price,47,schedule,STEP no-KI,322,32,117.73686753488455,165.9058735631767,0.8164620468947448,69.1969344654987,118.43087111737039,-17.33478640477071,0.031055900621118012,0.15838509316770186,0.2701863354037267,281,0.7402135231316725
detailed,regular_test,augmented_price,47,terms,LIZARD KI,1056,32,57.24464476501087,71.08869806941703,0.9156056657496014,8.998558705734713,17.655825522725724,0.11035360107054998,0.1943359375,0.57421875,0.7470703125,731,0.8508891928864569
detailed,regular_test,augmented_price,47,terms,LIZARD no-KI,800,32,85.00836135799814,113.54990336658712,0.9604661758645324,10.458291731857438,20.993714225029084,-0.8138117178088417,0.18880208333333334,0.5442708333333334,0.7213541666666666,691,0.9218523878437048
detailed,regular_test,augmented_price,47,terms,STEP KI,1056,32,73.95723751989452,98.99408247917845,0.9610440061866463,11.077963148767722,21.92781123819473,-1.0957804214616296,0.1796875,0.5419921875,0.71484375,842,0.9655581947743468
detailed,regular_test,augmented_price,47,terms,STEP no-KI,800,32,85.61574401705211,110.95183640845661,0.9190012402371257,15.61883265551912,30.43824264055525,-1.865660269212875,0.1875,0.4674479166666667,0.6354166666666666,728,0.9093406593406593
detailed,regular_test,augmented_price,ensemble,schedule,LIZARD KI,322,32,71.23303976046932,98.14886217657192,0.848912180659795,46.715029468546476,79.19832206238111,-4.431987247008903,0.027950310559006212,0.1956521739130435,0.33229813664596275,300,0.5566666666666666
detailed,regular_test,augmented_price,ensemble,schedule,LIZARD no-KI,310,32,89.38718353198757,119.46899028154951,0.9585094723115773,44.079944660953934,76.39744890160637,-9.66234149373778,0.02903225806451613,0.16774193548387098,0.3064516129032258,292,0.8184931506849316
detailed,regular_test,augmented_price,ensemble,schedule,STEP KI,313,32,99.55189481083339,150.54776570523612,0.9128872698088647,63.009927747844415,122.07527911303114,-23.489154169231856,0.07028753993610223,0.2012779552715655,0.3226837060702875,283,0.6466431095406361
detailed,regular_test,augmented_price,ensemble,schedule,STEP no-KI,322,32,111.4617684161685,153.00318001942102,0.843899866204091,53.4655701314578,99.7361600848383,-17.488343642154902,0.09006211180124224,0.2236024844720497,0.36335403726708076,281,0.7686832740213523
detailed,regular_test,augmented_price,ensemble,terms,LIZARD KI,1056,32,53.637744958417265,62.97068371010047,0.9337800287443976,8.485753068867247,17.321710000199776,-0.018037946989271192,0.212890625,0.6005859375,0.7626953125,731,0.8331053351573188
detailed,regular_test,augmented_price,ensemble,terms,LIZARD no-KI,800,32,77.3306385176605,96.34254037025747,0.971540224141541,9.40045533106725,18.696265504665945,-0.980164814787377,0.20833333333333334,0.5794270833333334,0.7408854166666666,691,0.8972503617945007
detailed,regular_test,augmented_price,ensemble,terms,STEP KI,1056,32,78.23591890101365,107.73835120372479,0.9538579942947178,11.565126846284791,23.261309437239223,-1.2572758304360148,0.185546875,0.5419921875,0.705078125,842,0.9738717339667459
detailed,regular_test,augmented_price,ensemble,terms,STEP no-KI,800,32,91.76270398036131,122.51588280787189,0.9012370242193044,15.531353539657127,29.6000704831048,-2.1337029259093527,0.13932291666666666,0.4557291666666667,0.62109375,728,0.9313186813186813
detailed,regular_test,prior_frozen_affine_coupon_delta,ensemble,schedule,LIZARD KI,322,32,156.52583939188816,207.058026816756,0.32757623098971633,95.38761122196428,149.542279647321,-15.57022823694652,0.0,0.06521739130434782,0.15527950310559005,300,0.41333333333333333
detailed,regular_test,prior_frozen_affine_coupon_delta,ensemble,schedule,LIZARD no-KI,310,32,149.88127941727225,212.94310623654704,0.8681847244605789,112.92851914446426,180.5053002702565,-22.206499178228007,0.025806451612903226,0.07741935483870968,0.13225806451612904,292,0.7363013698630136
detailed,regular_test,prior_frozen_affine_coupon_delta,ensemble,schedule,STEP KI,313,32,152.7654374599153,214.27859320741865,0.8235220017287954,108.92607392442243,177.86389287976775,-38.759756885021815,0.006389776357827476,0.08945686900958466,0.17252396166134185,283,0.6784452296819788
detailed,regular_test,prior_frozen_affine_coupon_delta,ensemble,schedule,STEP no-KI,322,32,185.01359468744397,264.87774802346325,0.532164351388301,162.57645864733658,239.20505265760823,-19.551104290428192,0.009316770186335404,0.049689440993788817,0.10869565217391304,281,0.608540925266904
detailed,regular_test,prior_frozen_affine_coupon_delta,ensemble,terms,LIZARD KI,1056,32,138.84523688662262,171.82577510196174,0.5069524628044296,13.215405835807722,24.050006833105012,0.5200435657972482,0.1494140625,0.4755859375,0.6572265625,731,0.8673050615595075
detailed,regular_test,prior_frozen_affine_coupon_delta,ensemble,terms,LIZARD no-KI,800,32,95.30713765830184,119.20909455583961,0.956427340659514,6.975202834448961,12.01124890211446,-0.4242542307880199,0.203125,0.6080729166666666,0.7877604166666666,691,0.9044862518089725
detailed,regular_test,prior_frozen_affine_coupon_delta,ensemble,terms,STEP KI,1056,32,84.78067646794102,121.0874939171948,0.941715322132705,11.971765951981281,22.986228315200684,-0.19808751696435561,0.177734375,0.5068359375,0.681640625,842,0.9429928741092637
detailed,regular_test,prior_frozen_affine_coupon_delta,ensemble,terms,STEP no-KI,800,32,74.68894638944157,93.25672866646335,0.9427771171876673,10.836913890655786,21.803811983815297,-1.0749943082386995,0.23697916666666666,0.5807291666666666,0.7200520833333334,728,0.9725274725274725
reference,monthly_test,affine_coupon_delta,101,schedule,LIZARD no-KI,473,43,203.414997120378,237.59838978716738,-22.93863150156129,221.21038377409442,271.6682086716322,-134.86831408785295,0.0,0.0,0.0,395,0.21772151898734177
reference,monthly_test,affine_coupon_delta,101,schedule,STEP KI,473,43,240.5023807281559,347.2062513515166,0.49369685213135805,248.5321296623024,363.56202042448297,-181.90731069869204,0.004228329809725159,0.016913319238900635,0.03382663847780127,448,0.7433035714285714
reference,monthly_test,affine_coupon_delta,101,schedule,STEP no-KI,462,42,233.45702088310497,303.68960215112696,0.5932227603916447,240.02684438886553,316.344260334696,-128.0166935928186,0.0,0.010822510822510822,0.01948051948051948,420,0.669047619047619
reference,monthly_test,affine_coupon_delta,101,terms,LIZARD no-KI,1419,43,109.53221193048122,114.475101625963,-4.270355669944359,18.96240132727007,32.92734508646258,1.7840335015667776,0.29433139534883723,0.4375,0.6024709302325582,1029,0.6656948493683188
reference,monthly_test,affine_coupon_delta,101,terms,STEP KI,1743,43,40.068689353282736,50.67133714363803,0.9893283742758989,7.345194974369917,13.96826145797022,-1.240297916306493,0.23529411764705882,0.6282352941176471,0.7947058823529412,1359,0.9926416482707874
reference,monthly_test,affine_coupon_delta,101,terms,STEP no-KI,1386,42,37.88572664768761,48.39643239727099,0.9899315681494351,4.360428637538939,7.498110060081832,-0.4737508111778994,0.30654761904761907,0.7313988095238095,0.8712797619047619,993,0.9879154078549849
reference,monthly_test,affine_coupon_delta,233,schedule,LIZARD no-KI,473,43,254.8949016939699,312.6567506490846,-40.45223517991618,256.59637981437413,314.41467055162985,-96.66141545100477,0.0,0.0,0.0,395,0.21772151898734177
reference,monthly_test,affine_coupon_delta,233,schedule,STEP KI,473,43,313.65758701771375,416.19683249885014,0.27249983356295904,305.1859882850281,408.7581611105918,-117.53202734854389,0.0021141649048625794,0.008456659619450317,0.023255813953488372,448,0.7544642857142857
reference,monthly_test,affine_coupon_delta,233,schedule,STEP no-KI,462,42,329.0690892658923,423.2773529882069,0.2097820967477637,327.266160022773,421.45870902215296,-100.74376268378981,0.0,0.0,0.004329004329004329,420,0.6785714285714286
reference,monthly_test,affine_coupon_delta,233,terms,LIZARD no-KI,1419,43,19.961369539037214,31.467093337515262,0.6017726298676922,17.09422802050551,30.096582829053872,1.8369698767079214,0.125,0.436046511627907,0.6627906976744186,1029,0.6656948493683188
reference,monthly_test,affine_coupon_delta,233,terms,STEP KI,1743,43,37.673169695489605,51.12059000373049,0.9891383058216457,10.011726629373108,17.20516899525476,-1.3952489557890586,0.17058823529411765,0.5188235294117647,0.7035294117647058,1359,0.9823399558498896
reference,monthly_test,affine_coupon_delta,233,terms,STEP no-KI,1386,42,28.967481646314575,36.72432319068497,0.9942024735359609,5.5839671040593535,9.251733430522945,-0.8788020688166036,0.23735119047619047,0.6726190476190477,0.8318452380952381,993,0.9939577039274925
reference,monthly_test,affine_coupon_delta,47,schedule,LIZARD no-KI,473,43,150.7203572287137,185.73046090289787,-13.627786273643656,151.01658891893825,185.82282482973042,-24.377116177181193,0.0,0.0,0.0,395,0.3265822784810127
reference,monthly_test,affine_coupon_delta,47,schedule,STEP KI,473,43,275.31373458648585,397.55956268823707,0.33619584861444396,281.4910855942325,404.46330362849795,-91.63139476447411,0.004228329809725159,0.012684989429175475,0.021141649048625793,448,0.7477678571428571
reference,monthly_test,affine_coupon_delta,47,schedule,STEP no-KI,462,42,298.5885109934589,413.53984764874605,0.24572185130913682,300.62078676755596,415.2242711371174,-61.28080849082318,0.004329004329004329,0.017316017316017316,0.023809523809523808,420,0.6571428571428571
reference,monthly_test,affine_coupon_delta,47,terms,LIZARD no-KI,1419,43,15.734057263783377,25.250560436053547,0.7435752784919943,12.379906935318617,23.731499901877022,2.396606376700558,0.1875,0.5552325581395349,0.7020348837209303,1029,0.8445092322643343
reference,monthly_test,affine_coupon_delta,47,terms,STEP KI,1743,43,36.251008088861774,48.758285313511,0.9901189589342142,6.16188673351097,11.551318963379664,-1.3664209940356624,0.28705882352941176,0.6629411764705883,0.8294117647058824,1359,0.9985283296541575
reference,monthly_test,affine_coupon_delta,47,terms,STEP no-KI,1386,42,28.15364691856066,38.825648628835644,0.9935200362250638,4.280554398972325,7.51220669066386,-0.6135871218086523,0.32961309523809523,0.7470238095238095,0.8839285714285714,993,0.9848942598187311
reference,monthly_test,affine_coupon_delta,ensemble,schedule,LIZARD no-KI,473,43,193.55430458220928,241.34566391071644,-23.699680437509965,203.14882637664851,251.58572066047014,-85.30228190534615,0.0,0.0,0.0,395,0.2379746835443038
reference,monthly_test,affine_coupon_delta,ensemble,schedule,STEP KI,473,43,272.0639490090374,376.9191942626302,0.40333293825227057,275.09021941245186,382.39073724138893,-130.35691093723668,0.0,0.012684989429175475,0.021141649048625793,448,0.7611607142857143
reference,monthly_test,affine_coupon_delta,ensemble,schedule,STEP no-KI,462,42,283.86104193937183,373.3125095073237,0.3853301857454182,286.2962644095666,376.9421524117263,-96.68042158914389,0.0021645021645021645,0.004329004329004329,0.015151515151515152,420,0.6714285714285714
reference,monthly_test,affine_coupon_delta,ensemble,terms,LIZARD no-KI,1419,43,43.26266538497828,50.29652256896715,-0.017404767160374535,16.145512094364765,28.558833641843904,2.005869918325229,0.1875,0.49636627906976744,0.6678779069767442,1029,0.6812439261418853
reference,monthly_test,affine_coupon_delta,ensemble,terms,STEP KI,1743,43,27.130864545181172,36.93222032738751,0.9943308664090352,7.304360198523845,13.506937971464165,-1.3339892887104163,0.23,0.6288235294117647,0.7952941176470588,1359,1.0
reference,monthly_test,affine_coupon_delta,ensemble,terms,STEP no-KI,1386,42,26.626712317527446,35.26329111681319,0.9946545924434553,4.392917512582877,7.333332479359979,-0.6553800006010592,0.2864583333333333,0.7291666666666666,0.8712797619047619,993,0.9949647532729103
reference,monthly_test,augmented_delta,101,schedule,LIZARD no-KI,473,43,307.3953555568822,368.9387607602985,-56.71927968767968,303.7887322445826,368.57405545746303,-69.5618322869268,0.0,0.0,0.02748414376321353,395,0.3265822784810127
reference,monthly_test,augmented_delta,101,schedule,STEP KI,473,43,360.0083182996403,469.93999460548076,0.07248621953112744,360.6587120671347,470.5269949301351,-63.13921901301585,0.0,0.0021141649048625794,0.014799154334038054,448,0.7566964285714286
reference,monthly_test,augmented_delta,101,schedule,STEP no-KI,462,42,392.8955219261278,519.9005794663848,-0.19216784138450915,389.0251669678749,518.3176718311219,-19.6264430875116,0.0,0.012987012987012988,0.01948051948051948,420,0.6595238095238095
reference,monthly_test,augmented_delta,101,terms,LIZARD no-KI,1419,43,142.25021712092123,147.41568564808338,-7.739875427878266,20.432992011717477,35.41446977248717,1.834569230331866,0.18095930232558138,0.38372093023255816,0.5268895348837209,1029,0.6656948493683188
reference,monthly_test,augmented_delta,101,terms,STEP KI,1743,43,28.26308525825238,35.73422483918012,0.9946926883950187,7.220553422472988,13.247212247032639,-1.1623224187802121,0.23823529411764705,0.6188235294117647,0.7911764705882353,1359,0.9948491537895512
reference,monthly_test,augmented_delta,101,terms,STEP no-KI,1386,42,27.181788275144253,32.38851739134103,0.9954906154252062,4.3507389585696705,7.49791490379323,-0.3917935376378567,0.3229166666666667,0.734375,0.8809523809523809,993,0.9939577039274925
reference,monthly_test,augmented_delta,233,schedule,LIZARD no-KI,473,43,321.9887393943918,382.84691736833514,-61.15307820189958,319.6188884960767,404.2256932494742,-141.63535542325118,0.0,0.0,0.0,395,0.21772151898734177
reference,monthly_test,augmented_delta,233,schedule,STEP KI,473,43,328.31574911162545,431.5072818775624,0.21799088754005136,333.74548765807066,437.65301720160704,-107.50087058684218,0.0,0.0021141649048625794,0.010570824524312896,448,0.7633928571428571
reference,monthly_test,augmented_delta,233,schedule,STEP no-KI,462,42,334.1140163049724,438.1811460512086,0.15315452076372205,335.93834856137164,439.4886834966241,-70.69477511765517,0.0021645021645021645,0.021645021645021644,0.04112554112554113,420,0.6761904761904762
reference,monthly_test,augmented_delta,233,terms,LIZARD no-KI,1419,43,188.5698216289697,195.68187317072895,-14.399940507464054,26.53463979348876,41.65282099665165,-0.1003604122345487,0.0,0.19113372093023256,0.36773255813953487,1029,0.6656948493683188
reference,monthly_test,augmented_delta,233,terms,STEP KI,1743,43,39.29201126039122,48.87051463184646,0.9900734192377468,8.080106996649821,14.64159937181889,-1.7036051707611617,0.22411764705882353,0.6029411764705882,0.7652941176470588,1359,0.9882266372332598
reference,monthly_test,augmented_delta,233,terms,STEP no-KI,1386,42,32.10853988998051,42.106035256277984,0.9923787915934417,4.954117492630758,8.633066957439054,-0.7813023519670494,0.29017857142857145,0.7127976190476191,0.859375,993,0.9859013091641491
reference,monthly_test,augmented_delta,47,schedule,LIZARD no-KI,473,43,312.8728042410357,372.4313813175438,-57.817270814539036,309.9765641743539,386.9062465109405,-112.19007493888432,0.0,0.0,0.0,395,0.389873417721519
reference,monthly_test,augmented_delta,47,schedule,STEP KI,473,43,338.90942147878866,447.5137053714977,0.15889883120877557,339.6308595066394,450.15450404113255,-63.10685482502924,0.0,0.012684989429175475,0.02536997885835095,448,0.75
reference,monthly_test,augmented_delta,47,schedule,STEP no-KI,462,42,328.46293083687664,435.3007093925872,0.16425160843199538,329.5473189063215,435.1130339371464,-15.978422083094873,0.0,0.01948051948051948,0.032467532467532464,420,0.6619047619047619
reference,monthly_test,augmented_delta,47,terms,LIZARD no-KI,1419,43,146.95672000577866,153.0134728107153,-8.416232930952578,20.449699505532788,34.75129607989121,0.41802932703488527,0.020348837209302327,0.2768895348837209,0.4890988372093023,1029,0.6656948493683188
reference,monthly_test,augmented_delta,47,terms,STEP KI,1743,43,30.297656252086753,39.757006930098406,0.9934304863623,6.584838973174839,13.176400011595518,-0.9105215450799019,0.2776470588235294,0.6605882352941177,0.8176470588235294,1359,0.9963208241353937
reference,monthly_test,augmented_delta,47,terms,STEP no-KI,1386,42,19.645429677985824,25.68624259853211,0.9971638036203387,3.818494621922467,6.399232684979432,0.14016106447877355,0.34077380952380953,0.7641369047619048,0.9025297619047619,993,0.9919436052366566
reference,monthly_test,augmented_delta,ensemble,schedule,LIZARD no-KI,473,43,313.65987966381357,372.7991924710899,-57.93350339829866,307.2717617956149,384.1703759635376,-107.79575421635411,0.0,0.0507399577167019,0.09090909090909091,395,0.3265822784810127
reference,monthly_test,augmented_delta,ensemble,schedule,STEP KI,473,43,341.4903408527635,445.01366991068124,0.16827020520107783,343.9579642016206,447.81139224134745,-77.91564814162909,0.006342494714587738,0.010570824524312896,0.016913319238900635,448,0.7566964285714286
reference,monthly_test,augmented_delta,ensemble,schedule,STEP no-KI,462,42,351.03350134240867,460.6921524128924,0.06390822693985565,350.9006558650234,460.2346681849845,-35.433213429420356,0.0,0.004329004329004329,0.012987012987012988,420,0.6547619047619048
reference,monthly_test,augmented_delta,ensemble,terms,LIZARD no-KI,1419,43,159.2589195852232,165.2619788749765,-9.984081499307797,22.471045486864554,37.04288315985697,0.7174127150440625,0.029069767441860465,0.26744186046511625,0.4789244186046512,1029,0.6656948493683188
reference,monthly_test,augmented_delta,ensemble,terms,STEP KI,1743,43,25.408641102360306,36.497395484139155,0.9944635726845414,6.829261266394032,12.982341888570275,-1.2588163782071278,0.2570588235294118,0.6552941176470588,0.8111764705882353,1359,0.9948491537895512
reference,monthly_test,augmented_delta,ensemble,terms,STEP no-KI,1386,42,18.66019644699108,25.35857523772237,0.9972357021451413,4.0020278135978415,6.870392864988801,-0.3443116083752172,0.35788690476190477,0.7522321428571429,0.8869047619047619,993,0.9949647532729103
reference,monthly_test,augmented_price,101,schedule,LIZARD no-KI,473,43,290.6490747944109,353.40460391030945,-51.961068573782036,294.5336928175916,347.0451956050605,-88.32688411051662,0.0,0.0,0.0,395,0.21772151898734177
reference,monthly_test,augmented_price,101,schedule,STEP KI,473,43,310.75501246622645,408.5175819041401,0.2990983847232932,311.4688336523906,410.0385211093305,-43.71411442619482,0.0,0.006342494714587738,0.023255813953488372,448,0.7433035714285714
reference,monthly_test,augmented_price,101,schedule,STEP no-KI,462,42,322.33061577880295,432.87396195449173,0.17354402115476408,322.629109609745,431.55574616327885,-3.7364150339636844,0.004329004329004329,0.023809523809523808,0.03896103896103896,420,0.6452380952380953
reference,monthly_test,augmented_price,101,terms,LIZARD no-KI,1419,43,197.98819223676114,202.6747893165839,-15.520276412577385,22.84753112154634,35.320898960627126,1.1375102366152938,0.0,0.19912790697674418,0.4055232558139535,1029,0.6656948493683188
reference,monthly_test,augmented_price,101,terms,STEP KI,1743,43,41.9363657778088,56.50312143939025,0.9867306167849023,11.666254007144211,20.371378912132876,-2.0158412974925852,0.15058823529411763,0.4888235294117647,0.6670588235294118,1359,0.9654157468727005
reference,monthly_test,augmented_price,101,terms,STEP no-KI,1386,42,27.673405422726994,35.99666824182355,0.9944299415923721,7.007589597162079,11.694049433686127,-1.193997550508645,0.21651785714285715,0.609375,0.7805059523809523,993,0.9748237663645518
reference,monthly_test,augmented_price,233,schedule,LIZARD no-KI,473,43,239.96080223450974,285.29142095386675,-33.51355995103292,240.90700705004483,301.6600230782783,-116.50391636951615,0.0,0.0,0.0,395,0.21772151898734177
reference,monthly_test,augmented_price,233,schedule,STEP KI,473,43,231.02796927173023,297.90284162950184,0.6272781548089869,228.87130847850315,301.9083460863343,-65.61516697375448,0.004228329809725159,0.012684989429175475,0.03382663847780127,448,0.7522321428571429
reference,monthly_test,augmented_price,233,schedule,STEP no-KI,462,42,233.06998382073658,305.29500873624784,0.5889106670048356,232.18995136618156,305.6073481640045,-48.330798892978805,0.004329004329004329,0.02813852813852814,0.06493506493506493,420,0.6833333333333333
reference,monthly_test,augmented_price,233,terms,LIZARD no-KI,1419,43,167.39088082302777,174.55271799912583,-11.25380825966854,22.55690823016461,31.985563323233396,-0.00023673786402697507,0.0,0.20276162790697674,0.34665697674418605,1029,0.7687074829931972
reference,monthly_test,augmented_price,233,terms,STEP KI,1743,43,52.52330832790559,71.22629581667724,0.9789143703768423,13.28375603820389,22.285714523005076,-2.5146543376088393,0.10823529411764705,0.42058823529411765,0.6370588235294118,1359,0.9624724061810155
reference,monthly_test,augmented_price,233,terms,STEP no-KI,1386,42,40.872106230412804,54.48168352001311,0.9872404259553074,9.047791422624176,14.57024075189524,-1.640491775743858,0.140625,0.5334821428571429,0.7209821428571429,993,0.9657603222557906
reference,monthly_test,augmented_price,47,schedule,LIZARD no-KI,473,43,298.1095440527707,369.00642354741484,-56.74045287887492,301.9871364536894,372.6651439670629,-61.921860136475004,0.0,0.0,0.12896405919661733,395,0.30886075949367087
reference,monthly_test,augmented_price,47,schedule,STEP KI,473,43,309.896807844599,403.49268991876323,0.3162349511749287,302.75002744506816,398.3801783932351,-60.1282998332406,0.0,0.004228329809725159,0.02748414376321353,448,0.7366071428571429
reference,monthly_test,augmented_price,47,schedule,STEP no-KI,462,42,281.54011064492795,371.8184010362766,0.3902405251011455,280.2568591834443,370.43396639370485,-21.69949392294351,0.004329004329004329,0.017316017316017316,0.05194805194805195,420,0.6642857142857143
reference,monthly_test,augmented_price,47,terms,LIZARD no-KI,1419,43,73.71620460377828,86.07011555582656,-1.9793575192626474,26.421203837554014,41.72540344773004,0.018602834887217735,0.0,0.1693313953488372,0.3633720930232558,1029,0.6656948493683188
reference,monthly_test,augmented_price,47,terms,STEP KI,1743,43,51.25016081093615,65.63416110349112,0.9820953542405126,12.963758563417484,23.560490787560447,-1.8404844325633862,0.12411764705882353,0.4582352941176471,0.6523529411764706,1359,0.9506990434142752
reference,monthly_test,augmented_price,47,terms,STEP no-KI,1386,42,35.211779017726684,45.5544484996061,0.9910793453870537,8.20073947787329,12.968848818686078,-1.2128191362546838,0.14360119047619047,0.5520833333333334,0.7395833333333334,993,0.9617321248741189
reference,monthly_test,augmented_price,ensemble,schedule,LIZARD no-KI,473,43,273.5716811464266,331.8779748660425,-45.70562585513276,279.14261210710856,337.64486360329295,-88.91755353883573,0.0,0.0,0.0,395,0.21772151898734177
reference,monthly_test,augmented_price,ensemble,schedule,STEP KI,473,43,279.37245190013374,363.09998974174175,0.446282781032728,280.0818136441728,365.25807980620823,-56.485860411063356,0.0021141649048625794,0.019027484143763214,0.03382663847780127,448,0.75
reference,monthly_test,augmented_price,ensemble,schedule,STEP no-KI,462,42,276.9751450659896,366.1217978302404,0.40878155859760834,276.9791905629571,364.9807047755496,-24.588902616628758,0.0,0.025974025974025976,0.04329004329004329,420,0.6619047619047619
reference,monthly_test,augmented_price,ensemble,terms,LIZARD no-KI,1419,43,145.0408211797835,152.51560505039302,-8.355056462524589,23.941881063088324,36.02063962416717,0.38529211121300955,0.0,0.21584302325581395,0.36191860465116277,1029,0.6656948493683188
reference,monthly_test,augmented_price,ensemble,terms,STEP KI,1743,43,38.33154116701287,51.708494827384726,0.9888870426429354,12.419796336288748,21.33068640987348,-2.1236600225549607,0.1264705882352941,0.45,0.6476470588235295,1359,0.9551140544518028
reference,monthly_test,augmented_price,ensemble,terms,STEP no-KI,1386,42,31.838185243590342,42.44499898011682,0.9922555925644917,7.837271971606297,12.622472653751243,-1.3491028208357878,0.15029761904761904,0.5736607142857143,0.7455357142857143,993,0.973816717019134
reference,monthly_test,prior_frozen_affine_coupon_delta,ensemble,schedule,LIZARD no-KI,473,43,209.83417791773988,263.2745467777281,-28.39206375037386,173.34330095937233,225.66408352052287,-80.34034476446548,0.0,0.0,0.12684989429175475,395,0.3265822784810127
reference,monthly_test,prior_frozen_affine_coupon_delta,ensemble,schedule,STEP KI,473,43,277.9945356902293,343.9460340508793,0.5031604407185145,173.807582701225,259.42463304003553,-133.1331520549064,0.010570824524312896,0.0507399577167019,0.09513742071881606,448,0.640625
reference,monthly_test,prior_frozen_affine_coupon_delta,ensemble,schedule,STEP no-KI,462,42,226.64541811468393,299.2576878814698,0.6050087891931095,215.4117843194588,295.6630571413435,-88.28271157544455,0.004329004329004329,0.010822510822510822,0.045454545454545456,420,0.6738095238095239
reference,monthly_test,prior_frozen_affine_coupon_delta,ensemble,terms,LIZARD no-KI,1419,43,79.39232137098566,83.89775275682833,-1.8308607402102703,17.788600324607057,36.26671530974234,1.4556703872486518,0.1438953488372093,0.5181686046511628,0.6162790697674418,1029,0.6656948493683188
reference,monthly_test,prior_frozen_affine_coupon_delta,ensemble,terms,STEP KI,1743,43,321.28286532335153,382.72443148901465,0.39119497447943496,19.19189009009778,30.094442045838644,-1.2818047209785337,0.06352941176470588,0.2994117647058824,0.5047058823529412,1359,0.9124356144223694
reference,monthly_test,prior_frozen_affine_coupon_delta,ensemble,terms,STEP no-KI,1386,42,92.01771824136824,114.69463437755591,0.9434514672497142,13.835698696963412,22.020793505014215,-0.6752325456541922,0.06770833333333333,0.38467261904761907,0.5930059523809523,993,0.9808660624370594
reference,other_diagnostic,affine_coupon_delta,101,terms,LIZARD KI,792,24,113.96385826167997,196.77602346826248,0.963506623251701,11.040700826814904,19.189099382175005,-1.5839444022037696,0.12239583333333333,0.4752604166666667,0.6692708333333334,733,0.922237380627558
reference,other_diagnostic,affine_coupon_delta,101,terms,LIZARD no-KI,600,24,111.0848860346979,135.92562116619308,0.6610637734148958,11.200835112853383,18.557222846436517,-0.8302327070891303,0.1423611111111111,0.4670138888888889,0.6614583333333334,544,0.8584558823529411
reference,other_diagnostic,affine_coupon_delta,101,terms,STEP KI,561,17,45.10624119785632,73.99699089883283,0.9901840335342871,7.2375172253417555,13.067214900041622,-1.0279025286495642,0.2113970588235294,0.6158088235294118,0.7941176470588235,524,0.9465648854961832
reference,other_diagnostic,affine_coupon_delta,101,terms,STEP no-KI,525,21,55.722979620295966,86.70061904795338,0.9385671183315981,5.701207371567815,10.023976211676112,-1.6310108257248186,0.2400793650793651,0.6904761904761905,0.8373015873015873,488,0.9651639344262295
reference,other_diagnostic,affine_coupon_delta,233,terms,LIZARD KI,792,24,168.10047581839132,291.95497432469637,0.9196656194651318,9.232082179202608,16.545122192477315,-1.8692806843080234,0.16796875,0.5533854166666666,0.7317708333333334,733,0.9290586630286494
reference,other_diagnostic,affine_coupon_delta,233,terms,LIZARD no-KI,600,24,108.35434579648673,150.43363908199876,0.5848497915289042,11.309971953741936,18.086721828238076,-1.387989379392012,0.1111111111111111,0.4479166666666667,0.65625,544,0.8584558823529411
reference,other_diagnostic,affine_coupon_delta,233,terms,STEP KI,561,17,54.756433582262275,75.9988382901319,0.9896457450403259,8.669769189643928,14.718030768405935,-1.2897816712424992,0.18933823529411764,0.5716911764705882,0.7371323529411765,524,0.9618320610687023
reference,other_diagnostic,affine_coupon_delta,233,terms,STEP no-KI,525,21,48.559056955068,74.89938553360027,0.954152780684106,6.8242006881652815,12.380797022894585,-2.2035808488073707,0.24206349206349206,0.6428571428571429,0.7797619047619048,488,0.9815573770491803
reference,other_diagnostic,affine_coupon_delta,47,terms,LIZARD KI,792,24,189.59196849376877,342.22157022036356,0.8896215095942677,8.914491611345182,16.173819102343508,-1.6086508379040272,0.15364583333333334,0.5546875,0.73828125,733,0.9427012278308322
reference,other_diagnostic,affine_coupon_delta,47,terms,LIZARD no-KI,600,24,100.26517706444504,123.09487226803202,0.7220317061584092,10.348717819554118,16.62945532200031,-0.8155074623815987,0.15104166666666666,0.4739583333333333,0.6770833333333334,544,0.8731617647058824
reference,other_diagnostic,affine_coupon_delta,47,terms,STEP KI,561,17,36.247383918055576,55.38537710073759,0.9945008548727883,6.972863017265683,13.262389079233571,-0.871868744498487,0.2647058823529412,0.6599264705882353,0.8088235294117647,524,0.9637404580152672
reference,other_diagnostic,affine_coupon_delta,47,terms,STEP no-KI,525,21,45.14038741863138,64.37780959313385,0.9661289326149157,7.75905602641044,15.17165400863365,-1.635710604660085,0.26587301587301587,0.625,0.7857142857142857,488,0.9815573770491803
reference,other_diagnostic,affine_coupon_delta,ensemble,terms,LIZARD KI,792,24,150.7112232678567,270.5018504732179,0.9310379486326802,9.377877142345872,16.686905585310264,-1.687291974805164,0.140625,0.5377604166666666,0.7239583333333334,733,0.9331514324693042
reference,other_diagnostic,affine_coupon_delta,ensemble,terms,LIZARD no-KI,600,24,99.79666370802433,125.24355569576286,0.7122428555812308,10.539866296009361,17.103539365621156,-1.011243182954167,0.1527777777777778,0.4739583333333333,0.6753472222222222,544,0.8529411764705882
reference,other_diagnostic,affine_coupon_delta,ensemble,terms,STEP KI,561,17,37.975273296103616,59.351874548928144,0.9936849931291005,7.30332155737441,13.056903464606377,-1.0631843147965723,0.22058823529411764,0.6213235294117647,0.7849264705882353,524,0.9618320610687023
reference,other_diagnostic,affine_coupon_delta,ensemble,terms,STEP no-KI,525,21,47.34274378526483,72.36339341564295,0.9572048710063389,6.0765823665156455,11.627388004072632,-1.8234340930642585,0.2896825396825397,0.6805555555555556,0.8392857142857143,488,0.9815573770491803
reference,other_diagnostic,augmented_delta,101,terms,LIZARD KI,792,24,169.41524671492863,306.1777032802264,0.9116479129636179,9.39437544515004,17.318294272827437,-1.6282280145245902,0.17317708333333334,0.546875,0.7161458333333334,733,0.9481582537517054
reference,other_diagnostic,augmented_delta,101,terms,LIZARD no-KI,600,24,97.48729971927467,124.5950760355126,0.7152150094490419,8.793568191274028,14.182138431550957,-0.34256426734322704,0.1371527777777778,0.515625,0.7170138888888888,544,0.8970588235294118
reference,other_diagnostic,augmented_delta,101,terms,STEP KI,561,17,44.525184025908544,67.14410344305708,0.9919179653964334,6.867990523731243,13.090741196163581,-0.5163215600451958,0.25919117647058826,0.6452205882352942,0.8088235294117647,524,0.9599236641221374
reference,other_diagnostic,augmented_delta,101,terms,STEP no-KI,525,21,48.458198266617686,68.9718377390185,0.9611223427734455,5.692106957119895,9.359314404540283,-0.7848826836555621,0.20634920634920634,0.6626984126984127,0.8333333333333334,488,0.985655737704918
reference,other_diagnostic,augmented_delta,233,terms,LIZARD KI,792,24,193.34744170546963,325.93691509465407,0.8998763225769917,9.292923104068072,17.683291850862947,-1.5067494023003292,0.20703125,0.5729166666666666,0.7317708333333334,733,0.9686221009549796
reference,other_diagnostic,augmented_delta,233,terms,LIZARD no-KI,600,24,131.31694555316716,203.33287019424017,0.24154377603959087,9.215688000377364,15.186314632073067,-1.0514083661231175,0.1284722222222222,0.5208333333333334,0.7204861111111112,544,0.8988970588235294
reference,other_diagnostic,augmented_delta,233,terms,STEP KI,561,17,51.40226905813453,74.00006140409991,0.9901832188902941,8.217936262019244,15.708941114144546,-1.3607133898724484,0.22794117647058823,0.6011029411764706,0.7702205882352942,524,0.9618320610687023
reference,other_diagnostic,augmented_delta,233,terms,STEP no-KI,525,21,43.51779715951886,65.3183667975803,0.9651319929445894,7.426964276050164,14.590385387832715,-2.2758432021746464,0.28174603174603174,0.6507936507936508,0.7976190476190477,488,0.9815573770491803
reference,other_diagnostic,augmented_delta,47,terms,LIZARD KI,792,24,170.19968125422824,266.57705835810333,0.933024612747226,11.099706686299543,18.843301351814294,-1.5045406155941994,0.11848958333333333,0.4713541666666667,0.6705729166666666,733,0.903137789904502
reference,other_diagnostic,augmented_delta,47,terms,LIZARD no-KI,600,24,111.2305163192834,152.47074132059686,0.5735301228028309,10.337584476883219,16.287266971848673,-0.9428699636717082,0.1284722222222222,0.4756944444444444,0.6770833333333334,544,0.8970588235294118
reference,other_diagnostic,augmented_delta,47,terms,STEP KI,561,17,38.59230381678824,56.032759253226025,0.9943715480146755,7.378135869089616,12.93472039645929,-0.6343990187494151,0.22794117647058823,0.6029411764705882,0.7794117647058824,524,0.9751908396946565
reference,other_diagnostic,augmented_delta,47,terms,STEP no-KI,525,21,29.340668897805603,35.94155619360911,0.9894427636316606,5.365022632129559,9.416668693848651,-0.4515614472268023,0.2777777777777778,0.6964285714285714,0.8432539682539683,488,0.9385245901639344
reference,other_diagnostic,augmented_delta,ensemble,terms,LIZARD KI,792,24,170.91081251878884,294.37957011208186,0.9183257745916221,9.318306726346181,16.967745685698464,-1.5465060108064377,0.14192708333333334,0.5325520833333334,0.7252604166666666,733,0.9454297407912687
reference,other_diagnostic,augmented_delta,ensemble,terms,LIZARD no-KI,600,24,104.51414647013549,136.99555798527172,0.6557069083221885,8.50241436845113,13.960250950044397,-0.7789475323793,0.14756944444444445,0.5347222222222222,0.71875,544,0.9136029411764706
reference,other_diagnostic,augmented_delta,ensemble,terms,STEP KI,561,17,41.206497838745285,60.08728154908357,0.9935275297986222,7.081844082595462,13.266597238635832,-0.837144656222488,0.2426470588235294,0.6360294117647058,0.8033088235294118,524,0.9675572519083969
reference,other_diagnostic,augmented_delta,ensemble,terms,STEP no-KI,525,21,31.05009324932087,45.141486430244406,0.9833463972153522,5.28057249683135,9.740444692353805,-1.1707624443523343,0.2777777777777778,0.6904761904761905,0.8611111111111112,488,0.9836065573770492
reference,other_diagnostic,augmented_price,101,terms,LIZARD KI,792,24,136.68055274501202,235.8198755037486,0.94758802775652,10.60684346014505,18.229772781023946,-1.913503760661494,0.125,0.5013020833333334,0.6875,733,0.9740791268758526
reference,other_diagnostic,augmented_price,101,terms,LIZARD no-KI,600,24,81.77128685987428,111.07842215170683,0.7736530006557433,11.742070195579597,19.4754242338528,-1.4533837461729289,0.10590277777777778,0.4461805555555556,0.6597222222222222,544,0.9154411764705882
reference,other_diagnostic,augmented_price,101,terms,STEP KI,561,17,32.26709611073261,51.59484775709392,0.9952278111928033,9.158287842314415,16.453127015656193,-1.5993313815723407,0.1948529411764706,0.5661764705882353,0.7389705882352942,524,0.9484732824427481
reference,other_diagnostic,augmented_price,101,terms,STEP no-KI,525,21,52.42326350678463,76.20580734589512,0.952539465195855,9.001352732817557,16.38251519955601,-2.209985982857044,0.17261904761904762,0.5575396825396826,0.7380952380952381,488,0.9241803278688525
reference,other_diagnostic,augmented_price,233,terms,LIZARD KI,792,24,182.8798488777353,298.0729293705211,0.9162635081200212,11.460124575380151,21.520676358109064,-1.8535490938184769,0.13802083333333334,0.5091145833333334,0.6875,733,0.9809004092769441
reference,other_diagnostic,augmented_price,233,terms,LIZARD no-KI,600,24,149.878642611373,196.50418885902604,0.2916319533699705,9.855469622797196,16.048342466400616,-1.649453018201004,0.1267361111111111,0.5069444444444444,0.6753472222222222,544,0.9283088235294118
reference,other_diagnostic,augmented_price,233,terms,STEP KI,561,17,60.071797875244734,77.1020622202524,0.9893429516672912,9.510461533666088,16.762372955073285,-1.5699235016868351,0.1948529411764706,0.5496323529411765,0.7224264705882353,524,0.9580152671755725
reference,other_diagnostic,augmented_price,233,terms,STEP no-KI,525,21,46.26664556412055,60.096494985918554,0.9704841851475258,7.039565720677957,13.457922572453374,-2.616760482916747,0.25595238095238093,0.6527777777777778,0.7956349206349206,488,0.9795081967213115
reference,other_diagnostic,augmented_price,47,terms,LIZARD KI,792,24,159.48160495847736,251.2225179768711,0.9405178278972544,12.678015520967543,22.06313177749547,-1.946816393053344,0.10026041666666667,0.4401041666666667,0.6328125,733,0.9413369713506139
reference,other_diagnostic,augmented_price,47,terms,LIZARD no-KI,600,24,131.72865665194246,174.87070400702947,0.43901731818237,11.859100951623178,19.49239202689016,-1.522691737372952,0.125,0.4427083333333333,0.6458333333333334,544,0.8841911764705882
reference,other_diagnostic,augmented_price,47,terms,STEP KI,561,17,70.31335748531683,89.67116816243816,0.9855851342493663,9.766637667612539,16.62252634263456,-1.4585340347419722,0.15992647058823528,0.5275735294117647,0.71875,524,0.9599236641221374
reference,other_diagnostic,augmented_price,47,terms,STEP no-KI,525,21,48.832598362984264,63.953485547528665,0.9665739599740267,9.188341458016398,17.335605829101315,-1.9967349919591537,0.2222222222222222,0.5694444444444444,0.75,488,0.9651639344262295
reference,other_diagnostic,augmented_price,ensemble,terms,LIZARD KI,792,24,150.0272569755641,255.43720609310236,0.9385052554823091,10.974277551086196,19.604252449840974,-1.904623082511088,0.1484375,0.5052083333333334,0.6979166666666666,733,0.965893587994543
reference,other_diagnostic,augmented_price,ensemble,terms,LIZARD no-KI,600,24,118.08663580608221,150.01566779431036,0.5871535290354744,10.743911822899625,17.522227421959993,-1.5418428339154087,0.09375,0.4704861111111111,0.6788194444444444,544,0.9136029411764706
reference,other_diagnostic,augmented_price,ensemble,terms,STEP KI,561,17,46.28913956496883,63.59913320235063,0.9927488424648944,8.954676326263673,16.037440901946606,-1.5425963060003605,0.22058823529411764,0.5808823529411765,0.75,524,0.9580152671755725
reference,other_diagnostic,augmented_price,ensemble,terms,STEP no-KI,525,21,40.99044169977252,56.7687010125231,0.9736625087530281,7.9007817169037775,15.118373107241618,-2.274493819244323,0.2400793650793651,0.628968253968254,0.7876984126984127,488,0.9795081967213115
reference,other_diagnostic,prior_frozen_affine_coupon_delta,ensemble,terms,LIZARD KI,792,24,310.8847048844277,505.33812162565204,0.7593234295760551,11.05610075766406,18.79558808215027,-1.1084069563937384,0.09895833333333333,0.49609375,0.67578125,733,0.9740791268758526
reference,other_diagnostic,prior_frozen_affine_coupon_delta,ensemble,terms,LIZARD no-KI,600,24,138.25947028983163,160.0295200393507,0.5301972627805009,10.201137595952611,15.926852766183014,-0.8903475096749364,0.0954861111111111,0.4739583333333333,0.6770833333333334,544,0.8878676470588235
reference,other_diagnostic,prior_frozen_affine_coupon_delta,ensemble,terms,STEP KI,561,17,95.29465738653306,209.93429292109138,0.9209918813247334,10.58287908139659,20.19563130265095,0.4851621094227962,0.14154411764705882,0.5128676470588235,0.7022058823529411,524,0.9694656488549618
reference,other_diagnostic,prior_frozen_affine_coupon_delta,ensemble,terms,STEP no-KI,525,21,67.11649322078401,92.76180880729544,0.929677401848977,6.002551873915515,9.605691618230534,-0.7781700653272557,0.22023809523809523,0.6349206349206349,0.8134920634920635,488,0.9815573770491803
reference,published_monthly_6,affine_coupon_delta,101,schedule,LIZARD no-KI,11,1,277.0828027820047,325.9740258627346,-231.09609118623905,277.65049272335386,326.85244880250576,-138.78987498999092,0.0,0.0,0.0,9,0.2222222222222222
reference,published_monthly_6,affine_coupon_delta,101,schedule,STEP KI,11,1,210.23662990777567,285.4796435423488,-29.392223417531742,215.08295846566787,294.8493718064446,-161.88337506009552,0.0,0.0,0.0,10,0.8
reference,published_monthly_6,affine_coupon_delta,101,schedule,STEP no-KI,44,4,290.730494231536,355.0104761560412,-0.14054566891795317,300.79338829558003,369.47538745994314,-158.26305030272204,0.0,0.0,0.0,32,0.78125
reference,published_monthly_6,affine_coupon_delta,101,terms,LIZARD no-KI,33,1,5.786476859352468,8.898751704565099,0.9385531633796572,5.569388615433127,8.828328906885638,-0.17899248919760202,0.1875,0.75,0.84375,21,0.7619047619047619
reference,published_monthly_6,affine_coupon_delta,101,terms,STEP KI,41,1,16.656571577053423,17.44749164319239,0.6569005228689553,3.573985460773111,5.550278498595191,-1.1942345781872663,0.25,0.75,0.925,32,1.0
reference,published_monthly_6,affine_coupon_delta,101,terms,STEP no-KI,132,4,37.18959874556765,38.98169663919778,0.98672839867978,2.7759221796004567,4.582207641677745,-0.16847551721730264,0.453125,0.84375,0.9375,96,1.0
reference,published_monthly_6,affine_coupon_delta,233,schedule,LIZARD no-KI,11,1,364.71317222849905,427.0748205370378,-397.3912288186628,353.63909969648176,413.92882815250425,-115.83650558927293,0.0,0.0,0.0,9,0.2222222222222222
reference,published_monthly_6,affine_coupon_delta,233,schedule,STEP KI,11,1,311.28915256707745,386.8356718160618,-54.803984884940405,302.583173042389,375.16179725417373,-123.37059244304669,0.0,0.0,0.0,10,0.8
reference,published_monthly_6,affine_coupon_delta,233,schedule,STEP no-KI,44,4,389.50537028404966,479.08214882864564,-1.077066107903216,384.02582902732223,473.4191447862099,-129.46885920234138,0.0,0.0,0.0,32,0.78125
reference,published_monthly_6,affine_coupon_delta,233,terms,LIZARD no-KI,33,1,40.384713071953506,40.83332720524641,-0.2938111482889789,4.372059284243732,6.133855572842261,0.22710140623773145,0.21875,0.71875,0.90625,21,0.7619047619047619
reference,published_monthly_6,affine_coupon_delta,233,terms,STEP KI,41,1,33.40924581643031,34.195286539052056,-0.31791242591513025,4.484539204773803,7.5323196875372505,-1.5245039148877058,0.325,0.75,0.825,32,1.0
reference,published_monthly_6,affine_coupon_delta,233,terms,STEP no-KI,132,4,20.270015929294086,23.37268452953284,0.9952288942061438,4.608071345884431,7.179295607642501,-0.45512263584532764,0.21875,0.6640625,0.859375,96,1.0
reference,published_monthly_6,affine_coupon_delta,47,schedule,LIZARD no-KI,11,1,297.88009742376494,380.1952479245168,-314.72952969684076,296.40928386117923,377.00988873739624,-66.45091460250093,0.0,0.0,0.0,9,0.3333333333333333
reference,published_monthly_6,affine_coupon_delta,47,schedule,STEP KI,11,1,211.25164282225987,283.0156684969392,-28.869856849001636,215.45115261225766,286.43933445585014,-71.00596131040066,0.0,0.0,0.0,10,0.8
reference,published_monthly_6,affine_coupon_delta,47,schedule,STEP no-KI,44,4,361.343729441153,465.955881014678,-0.9648071805771934,364.79654707223403,468.6643540955453,-81.39404208673109,0.0,0.0,0.0,32,0.75
reference,published_monthly_6,affine_coupon_delta,47,terms,LIZARD no-KI,33,1,16.303226112830256,16.647555230595646,0.7849485970395056,2.5810185200534757,4.974700406759454,0.2745616046401363,0.46875,0.875,0.96875,21,0.9523809523809523
reference,published_monthly_6,affine_coupon_delta,47,terms,STEP KI,41,1,14.428773345259266,14.71157330253233,0.7560660219137384,1.9797839660197496,3.0676047399643593,-0.9936649485180767,0.5,0.85,1.0,32,1.0
reference,published_monthly_6,affine_coupon_delta,47,terms,STEP no-KI,132,4,20.114061428878358,23.996822782651233,0.994970679174291,2.6229370636380436,4.278512239878362,-0.07031877446570434,0.4296875,0.8359375,0.9453125,96,1.0
reference,published_monthly_6,affine_coupon_delta,ensemble,schedule,LIZARD no-KI,11,1,313.115905742302,371.73519247971836,-300.8347165752354,308.1429646494938,365.993892811962,-107.0257650605884,0.0,0.0,0.0,9,0.2222222222222222
reference,published_monthly_6,affine_coupon_delta,ensemble,schedule,STEP KI,11,1,244.25914176570421,312.78009122144897,-35.48298674735549,244.37242804010478,312.93748438772894,-118.75330960451423,0.0,0.0,0.0,10,0.8
reference,published_monthly_6,affine_coupon_delta,ensemble,schedule,STEP no-KI,44,4,344.96946658271696,427.9075110039858,-0.6570291975910552,348.42269681552165,431.31072894645934,-123.04198386393196,0.0,0.0,0.0,32,0.78125
reference,published_monthly_6,affine_coupon_delta,ensemble,terms,LIZARD no-KI,33,1,18.154233304651523,18.9983722774384,0.7199251330008738,3.2970428608045608,5.7677330406660365,0.1075568405603664,0.40625,0.84375,0.9375,21,0.7619047619047619
reference,published_monthly_6,affine_coupon_delta,ensemble,terms,STEP KI,41,1,3.005717161225154,4.742915651598183,0.974646094888336,3.099236915074298,4.889664577794258,-1.237467813864359,0.4,0.825,0.925,32,1.0
reference,published_monthly_6,affine_coupon_delta,ensemble,terms,STEP no-KI,132,4,13.079242460396706,16.657701301706908,0.9975765615580898,2.8895624354966642,4.385929997728729,-0.2313056425099367,0.3515625,0.8203125,0.9609375,96,1.0
reference,published_monthly_6,augmented_delta,101,schedule,LIZARD no-KI,11,1,385.8497378704224,458.3143624516978,-457.80566166391986,374.54873419993305,452.85478669215314,-39.30750123219507,0.0,0.0,0.0,9,0.2222222222222222
reference,published_monthly_6,augmented_delta,101,schedule,STEP KI,11,1,271.18595546929913,335.2507571059677,-40.913286507679764,277.71687384666586,340.4968046544376,-85.9919778439922,0.0,0.0,0.0,10,0.8
reference,published_monthly_6,augmented_delta,101,schedule,STEP no-KI,44,4,475.24799935842856,579.5535652072558,-2.039607484528415,462.2850561686086,573.377673376551,-41.11251872899295,0.0,0.0,0.022727272727272728,32,0.71875
reference,published_monthly_6,augmented_delta,101,terms,LIZARD no-KI,33,1,41.02483083281406,41.15222283659402,-0.31409858770037635,2.173660069548835,3.312257555290778,0.4250633326979976,0.53125,0.9375,0.96875,21,0.8571428571428571
reference,published_monthly_6,augmented_delta,101,terms,STEP KI,41,1,22.751035527727588,23.09150975843521,0.3990218041385093,2.0621247219542655,4.178967109163946,-1.2255568190167336,0.6,0.875,0.95,32,1.0
reference,published_monthly_6,augmented_delta,101,terms,STEP no-KI,132,4,52.64346486410466,54.52686560354922,0.9740329317518358,4.581610929735083,7.6061888771078525,-0.2638243224064354,0.2890625,0.7421875,0.875,96,0.9895833333333334
reference,published_monthly_6,augmented_delta,233,schedule,LIZARD no-KI,11,1,339.19344356791555,406.34159552811633,-359.648721698042,338.3806899362667,405.5647868266536,-104.32798658999981,0.0,0.0,0.0,9,0.2222222222222222
reference,published_monthly_6,augmented_delta,233,schedule,STEP KI,11,1,238.0821318074949,307.7186196428626,-34.31178997310739,243.80871259663817,315.4738824990286,-125.58457988020822,0.0,0.0,0.09090909090909091,10,0.8
reference,published_monthly_6,augmented_delta,233,schedule,STEP no-KI,44,4,409.47777645277216,503.7392633496219,-1.296370436362615,408.05086284808135,502.5620472849514,-88.966852844975,0.0,0.0,0.0,32,0.78125
reference,published_monthly_6,augmented_delta,233,terms,LIZARD no-KI,33,1,4.431816730046249,5.484012268592719,0.9766633675171057,2.563487836004546,4.582070599538866,-0.14434728942190622,0.5,0.84375,0.9375,21,0.9523809523809523
reference,published_monthly_6,augmented_delta,233,terms,STEP KI,41,1,19.342115053558857,19.85423236581852,0.5557164238056679,2.596805749150614,4.835663054446934,-1.6967315359661967,0.45,0.875,0.925,32,1.0
reference,published_monthly_6,augmented_delta,233,terms,STEP no-KI,132,4,14.775975704790364,16.874793238931495,0.9975129828924678,3.245560957012155,5.819980313780904,-0.4437465305963995,0.375,0.8203125,0.9296875,96,1.0
reference,published_monthly_6,augmented_delta,47,schedule,LIZARD no-KI,11,1,313.193036936901,376.74815920119534,-309.03027971565444,300.06509032134306,371.49500205507303,-35.26007492174254,0.0,0.0,0.0,9,0.2222222222222222
reference,published_monthly_6,augmented_delta,47,schedule,STEP KI,11,1,249.40397506348347,318.78282329459955,-36.89675349007093,257.9370182919118,322.1161214239504,-47.75635682514896,0.0,0.0,0.0,10,0.8
reference,published_monthly_6,augmented_delta,47,schedule,STEP no-KI,44,4,398.89667528002724,501.51770494996583,-1.276160489659969,397.35488729545796,501.26945454715593,-33.36369816402933,0.022727272727272728,0.022727272727272728,0.09090909090909091,32,0.78125
reference,published_monthly_6,augmented_delta,47,terms,LIZARD no-KI,33,1,36.74861299649186,37.15030031188984,-0.07094214307772329,3.3774561247167485,5.533379543964661,-0.08124087176596108,0.34375,0.75,0.875,21,0.7619047619047619
reference,published_monthly_6,augmented_delta,47,terms,STEP KI,41,1,34.50803717195515,34.75980679202151,-0.3617856889975726,2.6072313026835516,4.408447177486159,-1.2640614195416364,0.475,0.85,0.925,32,1.0
reference,published_monthly_6,augmented_delta,47,terms,STEP no-KI,132,4,7.410839327521499,10.331647398828467,0.9990677315130575,2.5037956479645804,3.986597293599308,0.5319535646995066,0.4375,0.84375,0.953125,96,1.0
reference,published_monthly_6,augmented_delta,ensemble,schedule,LIZARD no-KI,11,1,345.0363785231655,412.7002072369155,-371.0242141767924,337.66483815251433,407.8815007650333,-59.631854247979916,0.0,0.0,0.0,9,0.2222222222222222
reference,published_monthly_6,augmented_delta,ensemble,schedule,STEP KI,11,1,252.4858290236445,315.7886553973043,-36.188206137534394,259.8208682450719,321.94563227085996,-86.44430484978278,0.0,0.0,0.0,10,0.8
reference,published_monthly_6,augmented_delta,ensemble,schedule,STEP no-KI,44,4,426.56106768902686,525.8071413858022,-1.5019769376808707,421.04407862195694,523.1596264352913,-54.48102324599882,0.0,0.0,0.0,32,0.78125
reference,published_monthly_6,augmented_delta,ensemble,terms,LIZARD no-KI,33,1,26.96450453594,27.12941728558466,0.42888668875897606,1.8482435443439746,3.033782928144151,0.06649172383613183,0.46875,0.9375,0.96875,21,0.7619047619047619
reference,published_monthly_6,augmented_delta,ensemble,terms,STEP KI,41,1,25.53372925108053,25.66862960429553,0.2573923400517949,1.5763123288128922,2.996611844897705,-1.3954499248411425,0.675,0.9,0.975,32,1.0
reference,published_monthly_6,augmented_delta,ensemble,terms,STEP no-KI,132,4,20.47461582416878,23.448025169820852,0.9951980858056503,3.1197114942576167,5.117621253789169,-0.05853909610081698,0.34375,0.796875,0.9453125,96,1.0
reference,published_monthly_6,augmented_price,101,schedule,LIZARD no-KI,11,1,355.85522399300896,421.59088905044496,-387.22568751666523,340.728029219603,416.4091608168997,-24.8960192881976,0.0,0.0,0.0,9,0.2222222222222222
reference,published_monthly_6,augmented_price,101,schedule,STEP KI,11,1,253.51512899086117,317.91434013723074,-36.69054502144185,259.4907488230842,321.46083236640453,-62.70054173531632,0.0,0.0,0.0,10,0.8
reference,published_monthly_6,augmented_price,101,schedule,STEP no-KI,44,4,385.63259179552915,477.34454878670425,-1.062026661494356,383.9879253798475,476.8831803850703,-17.338732032472215,0.0,0.022727272727272728,0.022727272727272728,32,0.71875
reference,published_monthly_6,augmented_price,101,terms,LIZARD no-KI,33,1,45.042545130946756,45.70376073331083,-0.6208589606572881,5.410930989775807,7.8828620737145005,0.5193504301520684,0.125,0.65625,0.78125,21,0.7619047619047619
reference,published_monthly_6,augmented_price,101,terms,STEP KI,41,1,21.611032423752654,22.772554142036807,0.415509381488555,6.529576292261481,11.44948318340956,-2.090613929803171,0.275,0.65,0.825,32,1.0
reference,published_monthly_6,augmented_price,101,terms,STEP no-KI,132,4,10.171302355915211,13.921717961877189,0.998307270688613,6.866344985833471,10.83173876554161,-0.8758196692506317,0.1953125,0.59375,0.765625,96,0.9166666666666666
reference,published_monthly_6,augmented_price,233,schedule,LIZARD no-KI,11,1,282.30162931707787,326.7604939565471,-232.21738525130738,258.49415593899107,306.52350549492894,-85.33659211354275,0.0,0.0,0.0,9,0.2222222222222222
reference,published_monthly_6,augmented_price,233,schedule,STEP KI,11,1,204.87790141226452,254.2198859774761,-23.100786788646793,201.76457152081036,250.10859045699982,-85.10890793862443,0.0,0.0,0.0,10,0.8
reference,published_monthly_6,augmented_price,233,schedule,STEP no-KI,44,4,282.53920508877405,346.5199164031234,-0.08664264181281744,279.2256403950354,346.53090018328254,-65.6557742965436,0.022727272727272728,0.022727272727272728,0.045454545454545456,32,0.75
reference,published_monthly_6,augmented_price,233,terms,LIZARD no-KI,33,1,56.40152871988793,57.593238711101364,-1.5738566432207595,6.940654873071859,11.836168323984413,0.030555090090880643,0.3125,0.625,0.8125,21,0.7619047619047619
reference,published_monthly_6,augmented_price,233,terms,STEP KI,41,1,14.915971175199513,17.70984183254992,0.6465048795869928,6.031213331657151,11.750351928169287,-2.182822315270701,0.325,0.7,0.875,32,1.0
reference,published_monthly_6,augmented_price,233,terms,STEP no-KI,132,4,26.538820888343846,35.000031846009506,0.9893011097837787,9.051578853696508,13.867765279194474,-1.3860773380438332,0.1015625,0.5,0.71875,96,0.9166666666666666
reference,published_monthly_6,augmented_price,47,schedule,LIZARD no-KI,11,1,302.9950073320759,356.0996259916469,-275.9777411775507,288.14546183124185,349.96884917076096,-33.01157097665198,0.0,0.0,0.0,9,0.2222222222222222
reference,published_monthly_6,augmented_price,47,schedule,STEP KI,11,1,266.7031985078234,332.67629823649594,-40.27203680788951,274.67178091717255,335.8427242700539,-50.833419518658154,0.0,0.0,0.0,10,0.8
reference,published_monthly_6,augmented_price,47,schedule,STEP no-KI,44,4,355.62229358993307,441.5601186989432,-0.7644527154856571,350.15902897331745,441.0360191032541,-35.796664938189544,0.0,0.022727272727272728,0.022727272727272728,32,0.78125
reference,published_monthly_6,augmented_price,47,terms,LIZARD no-KI,33,1,40.43362500469646,41.9527678055199,-0.36572288923719976,6.876617132841298,11.36204366753455,0.17051424660409475,0.25,0.59375,0.78125,21,0.7619047619047619
reference,published_monthly_6,augmented_price,47,terms,STEP KI,41,1,27.420216754442396,28.340694800189965,0.0947364279484767,4.778706370604534,8.205237803558282,-2.0379979296276955,0.35,0.7,0.875,32,1.0
reference,published_monthly_6,augmented_price,47,terms,STEP no-KI,132,4,32.98757623369813,38.52999224924363,0.9870341887391294,7.174942954647122,10.831168522424205,-0.7397580977121834,0.140625,0.5625,0.75,96,1.0
reference,published_monthly_6,augmented_price,ensemble,schedule,LIZARD no-KI,11,1,313.7172868807209,364.30059943406076,-288.88223813723346,295.7892156632784,354.8489342726515,-47.74806079279642,0.0,0.0,0.0,9,0.2222222222222222
reference,published_monthly_6,augmented_price,ensemble,schedule,STEP KI,11,1,241.69874297031657,296.8622673721797,-31.86413317800887,245.30903375368925,299.50796713498727,-66.2142897308666,0.0,0.0,0.0,10,0.8
reference,published_monthly_6,augmented_price,ensemble,schedule,STEP no-KI,44,4,337.77530982188705,418.4812971065786,-0.5848291399866514,334.4961063325632,417.9088018655502,-39.59705708906898,0.0,0.06818181818181818,0.09090909090909091,32,0.75
reference,published_monthly_6,augmented_price,ensemble,terms,LIZARD no-KI,33,1,47.29256628517716,48.34691732560992,-0.8137562726076735,6.287448679718017,10.200229575908704,0.24013992228304248,0.25,0.65625,0.875,21,0.7619047619047619
reference,published_monthly_6,augmented_price,ensemble,terms,STEP KI,41,1,13.522781177325403,14.93501098978263,0.74860007067135,5.589746563074701,10.232878023177237,-2.1038113915676253,0.225,0.7,0.875,32,1.0
reference,published_monthly_6,augmented_price,ensemble,terms,STEP no-KI,132,4,21.630235518380356,25.530951384758794,0.9943070699260801,7.566078160336515,11.326952706150907,-1.0005517016693517,0.125,0.5546875,0.7421875,96,0.9166666666666666
reference,published_monthly_6,prior_frozen_affine_coupon_delta,ensemble,schedule,LIZARD no-KI,11,1,200.3062631266588,237.95753798063058,-122.68036772468733,225.09696397806195,269.1234483242639,-128.17533535228105,0.0,0.0,0.0,9,0.2222222222222222
reference,published_monthly_6,prior_frozen_affine_coupon_delta,ensemble,schedule,STEP KI,11,1,167.19670857325448,212.83222911434044,-15.892229331378218,205.80624892421517,277.5262060370742,-178.11978866899344,0.0,0.0,0.09090909090909091,10,0.6
reference,published_monthly_6,prior_frozen_affine_coupon_delta,ensemble,schedule,STEP no-KI,44,4,233.10308564644802,295.33098012656706,0.21068863692205675,222.05128744323585,297.1520276750534,-96.52493854665728,0.0,0.0,0.022727272727272728,32,0.78125
reference,published_monthly_6,prior_frozen_affine_coupon_delta,ensemble,terms,LIZARD no-KI,33,1,103.71926915988033,104.42721499584181,-7.46191664582623,8.90814503530645,12.339880848645812,0.5666243640396198,0.125,0.46875,0.71875,21,1.0
reference,published_monthly_6,prior_frozen_affine_coupon_delta,ensemble,terms,STEP KI,41,1,179.01181766875405,180.24897373533076,-35.61842489677406,16.40537138047327,21.36617662828666,-0.9817340854555185,0.0,0.3,0.525,32,1.0
reference,published_monthly_6,prior_frozen_affine_coupon_delta,ensemble,terms,STEP no-KI,132,4,85.0972959690332,137.27155925973582,0.8354253327019043,14.087115385094249,20.466631112206304,-0.7029211854775101,0.046875,0.328125,0.5625,96,1.0
reference,regular_test,affine_coupon_delta,101,schedule,LIZARD KI,322,32,89.51565001876232,136.23574966060502,0.71271515761809,72.20199514650326,126.69192863288568,-16.36672213613625,0.034161490683229816,0.17391304347826086,0.2795031055900621,296,0.40540540540540543
reference,regular_test,affine_coupon_delta,101,schedule,LIZARD no-KI,310,32,134.18312393398006,212.7716160820492,0.8705963575074976,106.76777838404763,191.68855247158535,-33.373911088666006,0.0064516129032258064,0.09032258064516129,0.2,300,0.64
reference,regular_test,affine_coupon_delta,101,schedule,STEP KI,313,32,139.06484550817882,230.98760764749167,0.8018164588885378,120.84808928522872,213.86917706078012,-37.861357544336435,0.009584664536741214,0.08626198083067092,0.1757188498402556,293,0.5290102389078498
reference,regular_test,affine_coupon_delta,101,schedule,STEP no-KI,322,32,190.8406659633419,317.40458058098284,0.5606040365763931,177.13419672152787,310.3734642993255,-24.353452169510398,0.015527950310559006,0.08385093167701864,0.17391304347826086,275,0.6036363636363636
reference,regular_test,affine_coupon_delta,101,terms,LIZARD KI,1056,32,46.61419931497905,62.200097082300324,0.9358080689383528,6.254041682968818,11.513178449316602,0.05382886704925721,0.2568359375,0.6455078125,0.8212890625,889,0.8920134983127109
reference,regular_test,affine_coupon_delta,101,terms,LIZARD no-KI,800,32,71.32093477913405,89.78367496305465,0.9756365733167174,8.175523491061135,15.006622919449272,-0.5627873344930979,0.20182291666666666,0.58203125,0.76953125,708,0.9703389830508474
reference,regular_test,affine_coupon_delta,101,terms,STEP KI,1056,32,45.906291013793854,70.00953982476169,0.9807705739814792,7.027523468644328,13.122981072349209,-0.8879030183547912,0.244140625,0.634765625,0.7919921875,967,0.9503619441571872
reference,regular_test,affine_coupon_delta,101,terms,STEP no-KI,800,32,43.99177845818962,54.36162182632627,0.986959397825162,8.409437165420563,16.12035914751995,-0.838307012264219,0.24088541666666666,0.6119791666666666,0.7747395833333334,741,0.9662618083670715
reference,regular_test,affine_coupon_delta,233,schedule,LIZARD KI,322,32,97.16486422833458,146.36875007630834,0.6683902668711514,70.0058437331867,125.89715713182129,-1.0008779486070536,0.009316770186335404,0.12111801242236025,0.2391304347826087,296,0.5067567567567568
reference,regular_test,affine_coupon_delta,233,schedule,LIZARD no-KI,310,32,142.74395957359576,218.90745836597634,0.8630253391105084,99.51657144253927,188.52132406182454,-17.711836999615713,0.01935483870967742,0.13225806451612904,0.25806451612903225,300,0.7966666666666666
reference,regular_test,affine_coupon_delta,233,schedule,STEP KI,313,32,135.7167610669643,232.05287796564875,0.7999842751950961,115.03125690759983,215.475132022059,-31.405127149199124,0.022364217252396165,0.14376996805111822,0.2364217252396166,293,0.6825938566552902
reference,regular_test,affine_coupon_delta,233,schedule,STEP no-KI,322,32,197.11593014691223,296.93751732134496,0.6154437897437678,176.0500719243623,282.0709829475549,-5.447958385855763,0.009316770186335404,0.07142857142857142,0.12422360248447205,275,0.6254545454545455
reference,regular_test,affine_coupon_delta,233,terms,LIZARD KI,1056,32,50.13727757577185,67.5694033307211,0.9242472360457219,6.4776028221155375,12.306245876584217,-0.16999414107825334,0.2607421875,0.6640625,0.8173828125,889,0.8920134983127109
reference,regular_test,affine_coupon_delta,233,terms,LIZARD no-KI,800,32,80.82671752458819,102.51519896726967,0.9682371009925915,9.618529240542356,17.463887757003587,-1.0800136244508598,0.16276041666666666,0.5377604166666666,0.7161458333333334,708,0.9519774011299436
reference,regular_test,affine_coupon_delta,233,terms,STEP KI,1056,32,53.42927564767901,74.9336247808436,0.9779704636011185,8.200532397161169,15.352091896170881,-1.40155943246873,0.23046875,0.6064453125,0.765625,967,0.9617373319544984
reference,regular_test,affine_coupon_delta,233,terms,STEP no-KI,800,32,53.21971356621823,69.54256053326594,0.9786590282626312,10.235625338403933,19.260777465163574,-1.738285149528868,0.17578125,0.5442708333333334,0.7122395833333334,741,0.9568151147098516
reference,regular_test,affine_coupon_delta,47,schedule,LIZARD KI,322,32,81.98937715636475,130.13916096986773,0.7378520018503667,66.58091766529718,123.51865367541481,-6.329103741912444,0.046583850931677016,0.17080745341614906,0.2888198757763975,296,0.4831081081081081
reference,regular_test,affine_coupon_delta,47,schedule,LIZARD no-KI,310,32,125.9450270555651,206.19379959914062,0.8784736875936612,101.07943618803671,189.03628420953075,-26.595976598954362,0.02903225806451613,0.11612903225806452,0.1935483870967742,300,0.6333333333333333
reference,regular_test,affine_coupon_delta,47,schedule,STEP KI,313,32,136.19434955889122,223.66352685265994,0.8141850897403679,122.9682185876118,214.867216675032,-27.797716937666483,0.01597444089456869,0.06389776357827476,0.15654952076677317,293,0.45733788395904434
reference,regular_test,affine_coupon_delta,47,schedule,STEP no-KI,322,32,189.7277131189556,306.9692957711769,0.5890210684096331,179.0850858623292,301.13938205664164,-19.432181716098796,0.009316770186335404,0.055900621118012424,0.12111801242236025,275,0.6
reference,regular_test,affine_coupon_delta,47,terms,LIZARD KI,1056,32,37.46505414983352,49.49281804197889,0.9593572879211281,5.751230746765941,10.615298713082627,0.15061481938634333,0.2802734375,0.6884765625,0.8388671875,889,0.922384701912261
reference,regular_test,affine_coupon_delta,47,terms,LIZARD no-KI,800,32,66.79856165098248,92.57778118609824,0.974096577362767,8.513257407883229,14.78942965130532,-0.8279915269427471,0.1640625,0.5677083333333334,0.7526041666666666,708,0.9449152542372882
reference,regular_test,affine_coupon_delta,47,terms,STEP KI,1056,32,51.13766862869582,71.85480866942612,0.9797435400499729,7.082142591149477,13.230246350112646,-0.6696074097076234,0.26171875,0.6357421875,0.7919921875,967,0.9565667011375388
reference,regular_test,affine_coupon_delta,47,terms,STEP no-KI,800,32,44.73461918400173,55.63942452948899,0.986339138281851,8.243514572271428,15.33748322131194,-0.9655675854725511,0.20963541666666666,0.5950520833333334,0.7565104166666666,741,0.9662618083670715
reference,regular_test,affine_coupon_delta,ensemble,schedule,LIZARD KI,322,32,83.17342884865394,130.7385926139303,0.7354314897807034,66.73132103628154,121.14037158157637,-7.898901275551933,0.034161490683229816,0.13664596273291926,0.2546583850931677,296,0.4391891891891892
reference,regular_test,affine_coupon_delta,ensemble,schedule,LIZARD no-KI,310,32,128.7296132184861,206.44635462520426,0.8781758039759507,99.29709765224031,185.37379329410888,-25.893908229078843,0.025806451612903226,0.13225806451612904,0.2161290322580645,300,0.7
reference,regular_test,affine_coupon_delta,ensemble,schedule,STEP KI,313,32,130.47421213639203,224.35100403970384,0.8130410513092803,116.14422400805447,211.48868961544233,-32.35473387706756,0.03194888178913738,0.10862619808306709,0.19488817891373802,293,0.5051194539249146
reference,regular_test,affine_coupon_delta,ensemble,schedule,STEP no-KI,322,32,187.94366998274285,303.22187998659007,0.5989941067266624,173.36660759981027,294.7889980756112,-16.41119742382173,0.012422360248447204,0.07763975155279502,0.14906832298136646,275,0.5781818181818181
reference,regular_test,affine_coupon_delta,ensemble,terms,LIZARD KI,1056,32,38.82087945282182,52.77437271743133,0.9537890948398193,5.8389859639416155,10.908239359919136,0.011483181785732238,0.2646484375,0.6806640625,0.8310546875,889,0.9190101237345332
reference,regular_test,affine_coupon_delta,ensemble,terms,LIZARD no-KI,800,32,68.40346447700391,89.59935139440806,0.9757365056051154,8.371469857212178,15.062361567486086,-0.8235974952957074,0.17838541666666666,0.578125,0.75390625,708,0.9562146892655368
reference,regular_test,affine_coupon_delta,ensemble,terms,STEP KI,1056,32,46.999608895711816,66.74523550083558,0.9825219726520417,7.152231716941813,13.443508588836178,-0.9863566201772509,0.26953125,0.642578125,0.791015625,967,0.953464322647363
reference,regular_test,affine_coupon_delta,ensemble,terms,STEP no-KI,800,32,42.6942003165779,54.8905660916723,0.986704390361181,8.675016910956186,16.46991638916857,-1.1807199157552863,0.22395833333333334,0.5872395833333334,0.7552083333333334,741,0.9635627530364372
reference,regular_test,augmented_delta,101,schedule,LIZARD KI,322,32,90.83130297283245,133.3490380985758,0.7247607819446121,61.03967463850828,113.64055488061864,-14.158897603846563,0.034161490683229816,0.21739130434782608,0.34782608695652173,296,0.5101351351351351
reference,regular_test,augmented_delta,101,schedule,LIZARD no-KI,310,32,139.71285785828331,213.209757517129,0.87006287024744,100.97036980977407,192.5497457625116,-27.824930160429563,0.07741935483870968,0.18064516129032257,0.25483870967741934,300,0.7966666666666666
reference,regular_test,augmented_delta,101,schedule,STEP KI,313,32,126.56022262588678,204.07888357512746,0.8453014076761393,104.11194911584592,190.2990313274595,-35.72232775201392,0.025559105431309903,0.14376996805111822,0.23003194888178913,293,0.5733788395904437
reference,regular_test,augmented_delta,101,schedule,STEP no-KI,322,32,178.20560906853527,290.31786852174105,0.6323985495026181,169.0339813686085,288.3822920020094,-20.58883391195227,0.009316770186335404,0.06832298136645963,0.12732919254658384,275,0.6618181818181819
reference,regular_test,augmented_delta,101,terms,LIZARD KI,1056,32,55.45859427916384,79.94898808966448,0.8939466825870974,6.112339940827951,10.837115421301924,-0.26846462312217534,0.2333984375,0.65625,0.8095703125,889,0.906636670416198
reference,regular_test,augmented_delta,101,terms,LIZARD no-KI,800,32,80.02184582235361,108.95354551943225,0.9641221548813638,7.36828652313165,12.646490245648689,-0.7864134067011846,0.18880208333333334,0.6028645833333334,0.77734375,708,0.9533898305084746
reference,regular_test,augmented_delta,101,terms,STEP KI,1056,32,56.81703756822285,76.03357926132165,0.9773189714318351,7.100541348837851,13.683023977640133,-0.7921060141766247,0.27734375,0.650390625,0.78515625,967,0.953464322647363
reference,regular_test,augmented_delta,101,terms,STEP no-KI,800,32,41.33901599563695,53.85567799931678,0.9872010061149213,9.167095968585071,17.90284515602861,-1.352948105975278,0.203125,0.5963541666666666,0.76171875,741,0.9541160593792173
reference,regular_test,augmented_delta,233,schedule,LIZARD KI,322,32,95.81861408003729,143.0637910592055,0.683196479326234,69.85758988417909,121.30194912007684,-2.9726421725232437,0.006211180124223602,0.13043478260869565,0.2422360248447205,296,0.4527027027027027
reference,regular_test,augmented_delta,233,schedule,LIZARD no-KI,310,32,138.61088392256627,217.51397116640305,0.8647636528704497,107.2835128787547,201.6412211811163,-19.880334731224437,0.01935483870967742,0.14838709677419354,0.21935483870967742,300,0.7566666666666667
reference,regular_test,augmented_delta,233,schedule,STEP KI,313,32,129.17382746112284,207.80542312792508,0.8396001430087042,104.718969503143,187.5148884497894,-30.254706088886834,0.025559105431309903,0.16613418530351437,0.23961661341853036,293,0.5426621160409556
reference,regular_test,augmented_delta,233,schedule,STEP no-KI,322,32,180.9491657616573,283.8338459875615,0.6486353653310211,167.7881383909444,279.00889515170036,-10.794022997847502,0.006211180124223602,0.062111801242236024,0.12111801242236025,275,0.6872727272727273
reference,regular_test,augmented_delta,233,terms,LIZARD KI,1056,32,52.35969097144208,72.40711051644537,0.9130117189037656,5.719359197461017,10.457476123759633,-0.23109472273912013,0.2431640625,0.673828125,0.830078125,889,0.906636670416198
reference,regular_test,augmented_delta,233,terms,LIZARD no-KI,800,32,67.56244714839767,96.35253070142475,0.9719411499824294,8.675149667354669,15.572442345726612,-1.2210841592364485,0.1875,0.5794270833333334,0.7513020833333334,708,0.9110169491525424
reference,regular_test,augmented_delta,233,terms,STEP KI,1056,32,57.86647916686204,85.13180230980038,0.9715661589844056,7.326979818188343,14.152182421389371,-1.1013580779203949,0.244140625,0.6337890625,0.796875,967,0.9524301964839711
reference,regular_test,augmented_delta,233,terms,STEP no-KI,800,32,53.57931131393531,67.89927351263361,0.9796556840732004,9.976871185777176,18.735861957004726,-1.9492731743994227,0.18229166666666666,0.5494791666666666,0.7213541666666666,741,0.9689608636977058
reference,regular_test,augmented_delta,47,schedule,LIZARD KI,322,32,87.34658371692419,130.29585535626455,0.7372203418809322,60.87634140526679,120.11389720297157,-12.017858039844189,0.027950310559006212,0.15838509316770186,0.2919254658385093,296,0.5337837837837838
reference,regular_test,augmented_delta,47,schedule,LIZARD no-KI,310,32,133.23122991520123,221.97161828917652,0.8591638925117423,105.3967088196289,204.07500862907008,-31.774808837674673,0.041935483870967745,0.15161290322580645,0.23225806451612904,300,0.6533333333333333
reference,regular_test,augmented_delta,47,schedule,STEP KI,313,32,128.72190261828993,213.20119597502733,0.8311622735041053,112.42743786903759,201.41145169855736,-34.24189119842446,0.04153354632587859,0.134185303514377,0.23003194888178913,293,0.5563139931740614
reference,regular_test,augmented_delta,47,schedule,STEP no-KI,322,32,186.7703646404565,298.431332130986,0.6115648543004462,173.89056631062311,291.97904110235123,-22.185140703909397,0.009316770186335404,0.046583850931677016,0.09627329192546584,275,0.6509090909090909
reference,regular_test,augmented_delta,47,terms,LIZARD KI,1056,32,57.33981310780575,71.21815759910423,0.9158450271446339,6.329022169087693,10.806544552507981,-0.058045675149817955,0.224609375,0.6455078125,0.802734375,889,0.8605174353205849
reference,regular_test,augmented_delta,47,terms,LIZARD no-KI,800,32,69.78826428193514,105.96820338710658,0.9660613347414807,7.601861233448896,13.499613374420571,-0.4588944207840138,0.20052083333333334,0.6041666666666666,0.7786458333333334,708,0.9477401129943502
reference,regular_test,augmented_delta,47,terms,STEP KI,1056,32,47.38472886068137,65.44549420686734,0.983196050091533,7.1458961038459465,13.140846195917488,-0.6132524986410317,0.259765625,0.6240234375,0.7880859375,967,0.9389865563598759
reference,regular_test,augmented_delta,47,terms,STEP no-KI,800,32,42.36520428226988,59.86939494386646,0.9841830560960677,8.80546728001395,15.560550494870247,-0.9916888553840787,0.171875,0.5625,0.7486979166666666,741,0.9622132253711201
reference,regular_test,augmented_delta,ensemble,schedule,LIZARD KI,322,32,83.69223617743621,127.34025305767287,0.749006798631858,59.89641315585451,113.62132597116744,-9.716465938737784,0.055900621118012424,0.2267080745341615,0.33229813664596275,296,0.47635135135135137
reference,regular_test,augmented_delta,ensemble,schedule,LIZARD no-KI,310,32,131.8317336405094,212.42069722958527,0.8710228498341905,101.2540896595729,195.992575596194,-26.49335790977606,0.012903225806451613,0.13870967741935483,0.23548387096774193,300,0.7566666666666667
reference,regular_test,augmented_delta,ensemble,schedule,STEP KI,313,32,124.67905067817865,204.89590446586664,0.844060270113397,105.77643360767361,191.17291196111734,-33.406308346441776,0.038338658146964855,0.14376996805111822,0.22364217252396165,293,0.5085324232081911
reference,regular_test,augmented_delta,ensemble,schedule,STEP no-KI,322,32,177.89166124951996,286.6255075604494,0.641689647166184,167.64114286517966,283.22447181579406,-17.855999204569628,0.021739130434782608,0.08695652173913043,0.14596273291925466,275,0.6509090909090909
reference,regular_test,augmented_delta,ensemble,terms,LIZARD KI,1056,32,47.84605974819271,65.17714977480652,0.9295162430674696,5.628763164280818,10.02699114808627,-0.18586834033684985,0.26171875,0.6787109375,0.8310546875,889,0.9043869516310461
reference,regular_test,augmented_delta,ensemble,terms,LIZARD no-KI,800,32,66.33591675301614,98.05484472648435,0.9709409288401399,7.206280859730314,12.975359629645403,-0.822130662240402,0.234375,0.6263020833333334,0.8033854166666666,708,0.9562146892655368
reference,regular_test,augmented_delta,ensemble,terms,STEP KI,1056,32,49.69629513725476,71.1360875261643,0.9801467401992714,6.711851372817213,13.073155466759498,-0.8355721969126808,0.3017578125,0.6669921875,0.8076171875,967,0.9565667011375388
reference,regular_test,augmented_delta,ensemble,terms,STEP no-KI,800,32,40.79740508708832,54.952062420375476,0.9866745823539733,8.864794981324325,16.827588400035133,-1.4313033785862093,0.20703125,0.58984375,0.76171875,741,0.9662618083670715
reference,regular_test,augmented_price,101,schedule,LIZARD KI,322,32,92.00149805626525,133.84585216679434,0.7227060622931073,64.8097598347408,115.97553167173747,-11.315828240021494,0.024844720496894408,0.16459627329192547,0.2888198757763975,296,0.527027027027027
reference,regular_test,augmented_price,101,schedule,LIZARD no-KI,310,32,134.19260761622007,206.98806290631615,0.8775356400177999,89.83084262751709,173.51310501827942,-28.77449944726822,0.05806451612903226,0.15806451612903225,0.25806451612903225,300,0.8333333333333334
reference,regular_test,augmented_price,101,schedule,STEP KI,313,32,122.71541067781642,202.5673228479161,0.8475845476989821,99.73398210583277,185.93047315034067,-31.77362667654229,0.02875399361022364,0.15654952076677317,0.24600638977635783,293,0.5665529010238908
reference,regular_test,augmented_price,101,schedule,STEP no-KI,322,32,172.27426230502178,263.9811455638362,0.6960686484069429,147.64567785464396,253.12270019657436,-21.310403669236113,0.015527950310559006,0.07763975155279502,0.13664596273291926,275,0.6545454545454545
reference,regular_test,augmented_price,101,terms,LIZARD KI,1056,32,50.406072759506955,69.31425366194912,0.9202843818378581,7.259081405244311,13.510465977448769,-0.3842798239650922,0.2138671875,0.62890625,0.78515625,889,0.8987626546681665
reference,regular_test,augmented_price,101,terms,LIZARD no-KI,800,32,86.30130719269233,129.27817335929493,0.9494880621674173,10.548914614352826,20.69184795160219,-1.2365037566634987,0.14713541666666666,0.5325520833333334,0.7109375,708,0.9251412429378532
reference,regular_test,augmented_price,101,terms,STEP KI,1056,32,57.72301057071763,76.99707830232963,0.9767405004125551,7.942904591783039,15.44587395468119,-1.3934982535088238,0.2470703125,0.6171875,0.7783203125,967,0.9700103412616339
reference,regular_test,augmented_price,101,terms,STEP no-KI,800,32,63.57720450776355,80.70784003014654,0.97125619319088,11.28633085843588,21.77013279922535,-2.5016048927051693,0.15364583333333334,0.5390625,0.7109375,741,0.9487179487179487
reference,regular_test,augmented_price,233,schedule,LIZARD KI,322,32,103.485179430971,145.08020563176498,0.674203161455222,73.43211683871776,121.5772830945631,-3.1119874659829296,0.021739130434782608,0.12732919254658384,0.21739130434782608,296,0.46959459459459457
reference,regular_test,augmented_price,233,schedule,LIZARD no-KI,310,32,126.12816477022535,179.97204133591617,0.9074174364250565,87.16717208937557,157.07968986590663,-18.504932557536108,0.04516129032258064,0.16774193548387098,0.2645161290322581,300,0.7766666666666666
reference,regular_test,augmented_price,233,schedule,STEP KI,313,32,116.69428862215757,191.56902121830106,0.863685899246119,95.46497220491568,174.75041682739268,-29.032146269680574,0.04472843450479233,0.1597444089456869,0.26517571884984026,293,0.6382252559726962
reference,regular_test,augmented_price,233,schedule,STEP no-KI,322,32,162.78189273814925,231.15005705106503,0.7669668568520741,124.43547825773602,207.08933015579694,-12.728036379355332,0.009316770186335404,0.09316770186335403,0.18012422360248448,275,0.68
reference,regular_test,augmented_price,233,terms,LIZARD KI,1056,32,60.0135426676122,76.32773705718121,0.9033363724801756,6.941768031420604,13.223902776754057,-0.34212991046782315,0.23828125,0.6396484375,0.791015625,889,0.9077615298087739
reference,regular_test,augmented_price,233,terms,LIZARD no-KI,800,32,77.56990629551117,98.19912008452313,0.9708553524001116,9.532394936276534,17.870347410588778,-1.147026164205171,0.1640625,0.5481770833333334,0.7330729166666666,708,0.9194915254237288
reference,regular_test,augmented_price,233,terms,STEP KI,1056,32,52.887782111686796,77.83490003200446,0.9762315632572469,9.319768654727795,18.37563493430402,-1.4989478340962705,0.2197265625,0.5830078125,0.748046875,967,0.9731127197518097
reference,regular_test,augmented_price,233,terms,STEP no-KI,800,32,75.7507453479854,112.01226331437711,0.9446338937865844,13.482037651939109,25.491212914732365,-2.4240257222397004,0.15885416666666666,0.4713541666666667,0.6484375,741,0.9311740890688259
reference,regular_test,augmented_price,47,schedule,LIZARD KI,322,32,91.46660274204145,136.01331775958113,0.7136524908510585,63.49935704636471,118.19247539528521,-6.376515349571827,0.06521739130434782,0.18944099378881987,0.3136645962732919,296,0.5304054054054054
reference,regular_test,augmented_price,47,schedule,LIZARD no-KI,310,32,132.20052529821572,204.58007476336527,0.88036843540435,97.6458616584622,179.69929445762742,-24.86691314958696,0.02258064516129032,0.1032258064516129,0.2129032258064516,300,0.6566666666666666
reference,regular_test,augmented_price,47,schedule,STEP KI,313,32,135.79803496188936,217.42150843082922,0.8244118386243765,109.88150776562782,197.44995213873645,-31.639003968626906,0.02875399361022364,0.1182108626198083,0.1853035143769968,293,0.5255972696245734
reference,regular_test,augmented_price,47,schedule,STEP no-KI,322,32,170.35765333086542,263.69519359236875,0.6967267461465532,146.95836160328446,250.82817774699168,-18.661438126875254,0.024844720496894408,0.07453416149068323,0.13043478260869565,275,0.6509090909090909
reference,regular_test,augmented_price,47,terms,LIZARD KI,1056,32,54.40611536357784,68.96414457044942,0.9210876416590089,6.949078166582089,13.263498577841856,-0.39691205053653295,0.236328125,0.6357421875,0.7998046875,889,0.8605174353205849
reference,regular_test,augmented_price,47,terms,LIZARD no-KI,800,32,73.77576273583878,98.73960877009823,0.9705336447760288,10.631317078402086,20.419656043014804,-1.095242300750114,0.171875,0.53125,0.69921875,708,0.9096045197740112
reference,regular_test,augmented_price,47,terms,STEP KI,1056,32,62.305924833764976,83.90465227734946,0.9723799818978837,8.120638621791993,15.438552067904558,-1.2472317148590268,0.20703125,0.5927734375,0.77734375,967,0.9596690796277145
reference,regular_test,augmented_price,47,terms,STEP no-KI,800,32,59.80523861961014,75.9390617332969,0.974552607405056,11.875662214552401,22.722031774490507,-2.0841092806501065,0.140625,0.5065104166666666,0.6861979166666666,741,0.9163292847503374
reference,regular_test,augmented_price,ensemble,schedule,LIZARD KI,322,32,88.55474293475497,130.8535007408913,0.7349662188712481,63.65133370618934,114.75352651953028,-6.934777018525488,0.034161490683229816,0.18322981366459629,0.27639751552795033,296,0.5337837837837838
reference,regular_test,augmented_price,ensemble,schedule,LIZARD no-KI,310,32,125.37759928875725,190.67412104390715,0.8960791661355904,88.93356892720529,167.4189488030587,-24.048781718130464,0.03225806451612903,0.14838709677419354,0.24193548387096775,300,0.7766666666666666
reference,regular_test,augmented_price,ensemble,schedule,STEP KI,313,32,120.29079956736201,200.19411115856636,0.8511349255829248,99.63638545880032,184.2605948839997,-30.814925638283192,0.054313099041533544,0.1597444089456869,0.2364217252396166,293,0.5870307167235495
reference,regular_test,augmented_price,ensemble,schedule,STEP no-KI,322,32,164.7209515840198,248.71382823272398,0.7302077018436324,137.07657157922964,234.548777495853,-17.56662605848879,0.027950310559006212,0.10559006211180125,0.19254658385093168,275,0.6581818181818182
reference,regular_test,augmented_price,ensemble,terms,LIZARD KI,1056,32,46.84114603722481,62.21235537540987,0.9357827647641797,6.715778110882363,12.956329867407536,-0.3744405949899184,0.2431640625,0.6591796875,0.8037109375,889,0.8852643419572553
reference,regular_test,augmented_price,ensemble,terms,LIZARD no-KI,800,32,74.68288659700885,100.39351915951177,0.9695382414059882,9.709704642039968,18.99034761650979,-1.159590740539676,0.16536458333333334,0.5559895833333334,0.7330729166666666,708,0.9265536723163842
reference,regular_test,augmented_price,ensemble,terms,STEP KI,1056,32,51.800618698098624,73.33748974058588,0.9788989553719912,7.975641893724529,15.840549091182364,-1.37989260082133,0.2646484375,0.6240234375,0.78125,967,0.9762150982419855
reference,regular_test,augmented_price,ensemble,terms,STEP no-KI,800,32,61.768689252354214,84.92189229624996,0.9681761907973448,11.818844148588026,22.808594795446453,-2.33657996519829,0.15494791666666666,0.51171875,0.7005208333333334,741,0.9311740890688259
reference,regular_test,prior_frozen_affine_coupon_delta,ensemble,schedule,LIZARD KI,322,32,188.25923627703108,249.54072200579847,0.036141247531071286,90.447938850807,143.6519529673416,-16.521986065522874,0.009316770186335404,0.09937888198757763,0.18633540372670807,296,0.4358108108108108
reference,regular_test,prior_frozen_affine_coupon_delta,ensemble,schedule,LIZARD no-KI,310,32,181.29359491454932,251.29399145531963,0.8194974565880159,122.98844951666688,201.25281933155708,-21.953951482003173,0.02258064516129032,0.07741935483870968,0.17096774193548386,300,0.71
reference,regular_test,prior_frozen_affine_coupon_delta,ensemble,schedule,STEP KI,313,32,146.29785328533976,205.93526901483426,0.8424742031762262,105.55893742987311,177.12297234398758,-40.77747067364848,0.025559105431309903,0.134185303514377,0.21725239616613418,293,0.658703071672355
reference,regular_test,prior_frozen_affine_coupon_delta,ensemble,schedule,STEP no-KI,322,32,232.6279344011795,318.09182888979177,0.5586992055165291,169.32450295142746,252.77297390057456,-19.355492257563675,0.012422360248447204,0.052795031055900624,0.12111801242236025,275,0.5890909090909091
reference,regular_test,prior_frozen_affine_coupon_delta,ensemble,terms,LIZARD KI,1056,32,167.6659612617046,225.53610399221265,0.15602328754348027,13.406969001297202,25.322751037074887,0.36337255117433487,0.1640625,0.48828125,0.6552734375,889,0.8785151856017998
reference,regular_test,prior_frozen_affine_coupon_delta,ensemble,terms,LIZARD no-KI,800,32,115.72127446618077,151.83441675169718,0.9303238626023901,7.536447233196884,12.956040621066949,-0.560234734536574,0.21223958333333334,0.58984375,0.76953125,708,0.9152542372881356
reference,regular_test,prior_frozen_affine_coupon_delta,ensemble,terms,STEP KI,1056,32,93.42278849052586,137.50751743147757,0.9258169375938142,11.249133273292637,21.01207178038186,-0.23941457252634527,0.16015625,0.5185546875,0.6904296875,967,0.9648397104446742
reference,regular_test,prior_frozen_affine_coupon_delta,ensemble,terms,STEP no-KI,800,32,122.23525432985238,169.69056967973543,0.8729343239195572,12.250339436772085,24.3229075979439,-1.173806397842972,0.20703125,0.5455729166666666,0.6940104166666666,741,0.9757085020242915
