family,split,origin,monthly,structure,item,assignment,n_iv
train-regular-00000,train,synthetic_regular,False,STEP KI,KR6553364987,fixed_actual_market_donor,3
train-monthly-00000,train,synthetic_monthly,True,LIZARD no-KI,KR6SH0008ZP3,original_template,3
train-regular-00001,train,synthetic_regular,False,STEP no-KI,KR6543331591,fixed_actual_market_donor,0
train-monthly-00001,train,synthetic_monthly,True,STEP KI,KR6KB0001F26,original_template,3
train-regular-00002,train,synthetic_regular,False,LIZARD KI,KR6SH0007TF9,fixed_actual_market_donor,3
train-monthly-00002,train,synthetic_monthly,True,STEP no-KI,KR6503395677,original_template,0
train-regular-00003,train,synthetic_regular,False,LIZARD no-KI,KR6SS0002DG9,fixed_actual_market_donor,3
train-monthly-00003,train,synthetic_monthly,True,LIZARD no-KI,KR65033A6695,original_template,0
train-regular-00004,train,synthetic_regular,False,STEP KI,KR6SH00044R5,fixed_actual_market_donor,3
train-monthly-00004,train,synthetic_monthly,True,STEP KI,KR6KS0000EE3,original_template,3
train-regular-00005,train,synthetic_regular,False,STEP no-KI,KR6KW0000GM3,fixed_actual_market_donor,3
train-monthly-00005,train,synthetic_monthly,True,STEP no-KI,KR6KB0000L78,original_template,3
train-regular-00006,train,synthetic_regular,False,LIZARD KI,KR6583356938,fixed_actual_market_donor,3
train-monthly-00006,train,synthetic_monthly,True,LIZARD no-KI,KR6SH0006W42,original_template,3
train-regular-00007,train,synthetic_regular,False,LIZARD no-KI,KR6ZW0002GG9,fixed_actual_market_donor,3
train-monthly-00007,train,synthetic_monthly,True,STEP KI,KR6MD0003JH7,original_template,3
train-regular-00008,train,synthetic_regular,False,STEP KI,KR6SS0006KQ4,fixed_actual_market_donor,3
train-monthly-00008,train,synthetic_monthly,True,STEP no-KI,KR6503321632,original_template,0
train-regular-00009,train,synthetic_regular,False,STEP no-KI,KR65533CW864,fixed_actual_market_donor,3
train-monthly-00009,train,synthetic_monthly,True,LIZARD no-KI,KR6SH0008YH3,original_template,3
train-regular-00010,train,synthetic_regular,False,LIZARD KI,KR6523351841,fixed_actual_market_donor,3
train-monthly-00010,train,synthetic_monthly,True,STEP KI,KR65733B4841,original_template,3
train-regular-00011,train,synthetic_regular,False,LIZARD no-KI,KR6513308A20,fixed_actual_market_donor,3
train-monthly-00011,train,synthetic_monthly,True,STEP no-KI,KR6503321A57,original_template,3
train-regular-00012,train,synthetic_regular,False,STEP KI,KR6KW0001BC3,fixed_actual_market_donor,3
train-monthly-00012,train,synthetic_monthly,True,LIZARD no-KI,KR6503339824,original_template,3
train-regular-00013,train,synthetic_regular,False,STEP no-KI,KR6543309712,fixed_actual_market_donor,2
train-monthly-00013,train,synthetic_monthly,True,STEP KI,KR6KW0001HV0,original_template,3
train-regular-00014,train,synthetic_regular,False,LIZARD KI,KR6503357578,fixed_actual_market_donor,0
train-monthly-00014,train,synthetic_monthly,True,STEP no-KI,KR6KS00040Y4,original_template,3
train-regular-00015,train,synthetic_regular,False,LIZARD no-KI,KR6SS0001Y83,fixed_actual_market_donor,3
train-monthly-00015,train,synthetic_monthly,True,LIZARD no-KI,KR6SH0008MG0,original_template,3
train-regular-00016,train,synthetic_regular,False,STEP KI,KR6KS0001C12,fixed_actual_market_donor,3
train-monthly-00016,train,synthetic_monthly,True,STEP KI,KR6593393681,original_template,0
train-regular-00017,train,synthetic_regular,False,STEP no-KI,KR65033B8997,fixed_actual_market_donor,3
train-monthly-00017,train,synthetic_monthly,True,STEP no-KI,KR6703356677,original_template,0
train-regular-00018,train,synthetic_regular,False,LIZARD KI,KR65333619B6,fixed_actual_market_donor,3
train-monthly-00018,train,synthetic_monthly,True,LIZARD no-KI,KR6SH0006YQ8,original_template,3
train-regular-00019,train,synthetic_regular,False,LIZARD no-KI,KR6ZW0000G32,fixed_actual_market_donor,3
train-monthly-00019,train,synthetic_monthly,True,STEP KI,KR6MD0003K31,original_template,3
train-regular-00020,train,synthetic_regular,False,STEP KI,KR6YT0001743,fixed_actual_market_donor,3
train-monthly-00020,train,synthetic_monthly,True,STEP no-KI,KR65233AL553,original_template,0
train-regular-00021,train,synthetic_regular,False,STEP no-KI,KR6MZ0000TC6,fixed_actual_market_donor,3
train-monthly-00021,train,synthetic_monthly,True,LIZARD no-KI,KR6503383723,original_template,2
train-regular-00022,train,synthetic_regular,False,LIZARD KI,KR6583326956,fixed_actual_market_donor,3
train-monthly-00022,train,synthetic_monthly,True,STEP KI,KR65733A6680,original_template,0
train-regular-00023,train,synthetic_regular,False,LIZARD no-KI,KR6BK0000KT4,fixed_actual_market_donor,3
train-monthly-00023,train,synthetic_monthly,True,STEP no-KI,KR6ZY0000KF3,original_template,3
train-regular-00024,train,synthetic_regular,False,STEP KI,KR65533C5815,fixed_actual_market_donor,3
train-monthly-00024,train,synthetic_monthly,True,LIZARD no-KI,20260423000247_27516,original_template,3
train-regular-00025,train,synthetic_regular,False,STEP no-KI,KR6553308992,fixed_actual_market_donor,3
train-monthly-00025,train,synthetic_monthly,True,STEP KI,KR65733B2993,original_template,3
train-regular-00026,train,synthetic_regular,False,LIZARD KI,KR6MZ0000ZS9,fixed_actual_market_donor,3
train-monthly-00026,train,synthetic_monthly,True,STEP no-KI,KR6523308817,original_template,3
train-regular-00027,train,synthetic_regular,False,LIZARD no-KI,KR6MZ00011S6,fixed_actual_market_donor,3
train-monthly-00027,train,synthetic_monthly,True,LIZARD no-KI,KR6SH0008LA5,original_template,3
train-regular-00028,train,synthetic_regular,False,STEP KI,KR6NH0004WX4,fixed_actual_market_donor,3
train-monthly-00028,train,synthetic_monthly,True,STEP KI,KR6MZ0001MS5,original_template,3
train-regular-00029,train,synthetic_regular,False,STEP no-KI,20170824000055_16881,fixed_actual_market_donor,2
train-monthly-00029,train,synthetic_monthly,True,STEP no-KI,KR65033D1735,original_template,2
train-regular-00030,train,synthetic_regular,False,LIZARD KI,KR6663313817,fixed_actual_market_donor,3
train-monthly-00030,train,synthetic_monthly,True,LIZARD no-KI,KR6503339824,original_template,3
train-regular-00031,train,synthetic_regular,False,LIZARD no-KI,KR6SS00039M3,fixed_actual_market_donor,3
train-monthly-00031,train,synthetic_monthly,True,STEP KI,KR65733AC866,original_template,3
train-regular-00032,train,synthetic_regular,False,STEP KI,KR6MD0006R15,fixed_actual_market_donor,3
train-monthly-00032,train,synthetic_monthly,True,STEP no-KI,KR6659315933,original_template,2
train-regular-00033,train,synthetic_regular,False,STEP no-KI,KR65333BN951,fixed_actual_market_donor,3
train-monthly-00033,train,synthetic_monthly,True,LIZARD no-KI,KR6SH0008V25,original_template,3
train-regular-00034,train,synthetic_regular,False,LIZARD KI,KR6503318513,fixed_actual_market_donor,0
train-monthly-00034,train,synthetic_monthly,True,STEP KI,KR65733AL9B9,original_template,3
train-regular-00035,train,synthetic_regular,False,LIZARD no-KI,KR6HH0001677,fixed_actual_market_donor,3
train-monthly-00035,train,synthetic_monthly,True,STEP no-KI,KR6ZW00036C5,original_template,3
train-regular-00036,train,synthetic_regular,False,STEP KI,KR6523320531,fixed_actual_market_donor,0
train-monthly-00036,train,synthetic_monthly,True,LIZARD no-KI,KR6503383723,original_template,2
train-regular-00037,train,synthetic_regular,False,STEP no-KI,KR6HN0001RW2,fixed_actual_market_donor,3
train-monthly-00037,train,synthetic_monthly,True,STEP KI,KR6KW0001E48,original_template,3
train-regular-00038,train,synthetic_regular,False,LIZARD KI,KR6583380953,fixed_actual_market_donor,3
train-monthly-00038,train,synthetic_monthly,True,STEP no-KI,KR6503313563,original_template,0
train-regular-00039,train,synthetic_regular,False,LIZARD no-KI,KR6SS00063J9,fixed_actual_market_donor,3
train-monthly-00039,train,synthetic_monthly,True,LIZARD no-KI,KR6SH0008FE9,original_template,3
train-regular-00040,train,synthetic_regular,False,STEP KI,KR65333HE9C3,fixed_actual_market_donor,3
train-monthly-00040,train,synthetic_monthly,True,STEP KI,KR66633027A9,original_template,3
train-regular-00041,train,synthetic_regular,False,STEP no-KI,KR6KB00037B7,fixed_actual_market_donor,3
train-monthly-00041,train,synthetic_monthly,True,STEP no-KI,KR6SH0004PN8,original_template,3
train-regular-00042,train,synthetic_regular,False,LIZARD KI,KR6533386654,fixed_actual_market_donor,0
train-monthly-00042,train,synthetic_monthly,True,LIZARD no-KI,KR6SH0008AK7,original_template,3
train-regular-00043,train,synthetic_regular,False,LIZARD no-KI,KR65833A1532,fixed_actual_market_donor,0
train-monthly-00043,train,synthetic_monthly,True,STEP KI,KR6MZ00017F0,original_template,3
train-regular-00044,train,synthetic_regular,False,STEP KI,KR6KS0000F69,fixed_actual_market_donor,3
train-monthly-00044,train,synthetic_monthly,True,STEP no-KI,20161121000196_1352,original_template,0
train-regular-00045,train,synthetic_regular,False,STEP no-KI,KR65833E0A75,fixed_actual_market_donor,3
train-monthly-00045,train,synthetic_monthly,True,LIZARD no-KI,KR65033406B1,original_template,0
train-regular-00046,train,synthetic_regular,False,LIZARD KI,KR6KS00046Q7,fixed_actual_market_donor,3
train-monthly-00046,train,synthetic_monthly,True,STEP KI,KR6MD00025N3,original_template,2
train-regular-00047,train,synthetic_regular,False,LIZARD no-KI,KR6KS0001W83,fixed_actual_market_donor,3
train-monthly-00047,train,synthetic_monthly,True,STEP no-KI,KR6KB00018A9,original_template,3
train-regular-00048,train,synthetic_regular,False,STEP KI,KR65233BC8A8,fixed_actual_market_donor,3
train-monthly-00048,train,synthetic_monthly,True,LIZARD no-KI,KR6503341721,original_template,2
train-regular-00049,train,synthetic_regular,False,STEP no-KI,KR65533129B4,fixed_actual_market_donor,3
train-monthly-00049,train,synthetic_monthly,True,STEP KI,KR6583361722,original_template,2
train-regular-00050,train,synthetic_regular,False,LIZARD KI,KR67033C9545,fixed_actual_market_donor,0
train-monthly-00050,train,synthetic_monthly,True,STEP no-KI,KR6MZ00008Z7,original_template,3
train-regular-00051,train,synthetic_regular,False,LIZARD no-KI,KR6MD00025Y0,fixed_actual_market_donor,3
train-monthly-00051,train,synthetic_monthly,True,LIZARD no-KI,KR65033526B6,original_template,0
train-regular-00052,train,synthetic_regular,False,STEP KI,KR6HN00045B1,fixed_actual_market_donor,3
train-monthly-00052,train,synthetic_monthly,True,STEP KI,KR6KW00040T8,original_template,3
train-regular-00053,train,synthetic_regular,False,STEP no-KI,KR6SH0006RR0,fixed_actual_market_donor,3
train-monthly-00053,train,synthetic_monthly,True,STEP no-KI,KR6KS0000TC5,original_template,3
train-regular-00054,train,synthetic_regular,False,LIZARD KI,20251204000472_27073,fixed_actual_market_donor,3
train-monthly-00054,train,synthetic_monthly,True,LIZARD no-KI,KR6SH0008MG0,original_template,3
train-regular-00055,train,synthetic_regular,False,LIZARD no-KI,KR6529353A53,fixed_actual_market_donor,2
train-monthly-00055,train,synthetic_monthly,True,STEP KI,KR6KW00058F9,original_template,3
train-regular-00056,train,synthetic_regular,False,STEP KI,KR65333D77C8,fixed_actual_market_donor,3
train-monthly-00056,train,synthetic_monthly,True,STEP no-KI,20210525000402_30937,original_template,3
train-regular-00057,train,synthetic_regular,False,STEP no-KI,KR65293A6955,fixed_actual_market_donor,2
train-monthly-00057,train,synthetic_monthly,True,LIZARD no-KI,KR65033D1818,original_template,3
train-regular-00058,train,synthetic_regular,False,LIZARD KI,KR6HN0004FQ3,fixed_actual_market_donor,3
train-monthly-00058,train,synthetic_monthly,True,STEP KI,KR6HN0000KV1,original_template,2
train-regular-00059,train,synthetic_regular,False,LIZARD no-KI,KR6543328761,fixed_actual_market_donor,2
train-monthly-00059,train,synthetic_monthly,True,STEP no-KI,KR6503352793,original_template,3
train-regular-00060,train,synthetic_regular,False,STEP KI,KR6573309673,fixed_actual_market_donor,0
train-monthly-00060,train,synthetic_monthly,True,LIZARD no-KI,20260423000247_27516,original_template,3
train-regular-00061,train,synthetic_regular,False,STEP no-KI,KR6593305529,fixed_actual_market_donor,0
train-monthly-00061,train,synthetic_monthly,True,STEP KI,KR6MZ0000W67,original_template,3
train-regular-00062,train,synthetic_regular,False,LIZARD KI,KR6KS0005CA4,fixed_actual_market_donor,3
train-monthly-00062,train,synthetic_monthly,True,STEP no-KI,KR6513342859,original_template,3
train-regular-00063,train,synthetic_regular,False,LIZARD no-KI,KR6HH0000VE6,fixed_actual_market_donor,3
train-monthly-00063,train,synthetic_monthly,True,LIZARD no-KI,KR6SH0008NJ2,original_template,3
train-regular-00064,train,synthetic_regular,False,STEP KI,KR6593365663,fixed_actual_market_donor,0
train-monthly-00064,train,synthetic_monthly,True,STEP KI,KR6MD00017Q3,original_template,2
train-regular-00065,train,synthetic_regular,False,STEP no-KI,KR6SH0003TC5,fixed_actual_market_donor,3
train-monthly-00065,train,synthetic_monthly,True,STEP no-KI,KR65033DD558,original_template,0
train-regular-00066,train,synthetic_regular,False,LIZARD KI,KR6553331580,fixed_actual_market_donor,0
train-monthly-00066,train,synthetic_monthly,True,LIZARD no-KI,KR6SH0006KT1,original_template,3
train-regular-00067,train,synthetic_regular,False,LIZARD no-KI,KR6BK0000809,fixed_actual_market_donor,3
train-monthly-00067,train,synthetic_monthly,True,STEP KI,KR6523305953,original_template,3
train-regular-00068,train,synthetic_regular,False,STEP KI,KR6KS00033X1,fixed_actual_market_donor,3
train-monthly-00068,train,synthetic_monthly,True,STEP no-KI,KR6MD0003VW1,original_template,3
train-regular-00069,train,synthetic_regular,False,STEP no-KI,KR6763324938,fixed_actual_market_donor,3
train-monthly-00069,train,synthetic_monthly,True,LIZARD no-KI,KR6SH0008YH3,original_template,3
train-regular-00070,train,synthetic_regular,False,LIZARD KI,KR6MD0006Z72,fixed_actual_market_donor,2
train-monthly-00070,train,synthetic_monthly,True,STEP KI,KR6KS0003HM3,original_template,3
train-regular-00071,train,synthetic_regular,False,LIZARD no-KI,KR6SS0005TL8,fixed_actual_market_donor,3
train-monthly-00071,train,synthetic_monthly,True,STEP no-KI,KR65733BH7B8,original_template,3
train-regular-00072,train,synthetic_regular,False,STEP KI,KR6YT00010G7,fixed_actual_market_donor,3
train-monthly-00072,train,synthetic_monthly,True,LIZARD no-KI,KR6503397822,original_template,3
train-regular-00073,train,synthetic_regular,False,STEP no-KI,KR6SH0002ZX0,fixed_actual_market_donor,3
train-monthly-00073,train,synthetic_monthly,True,STEP KI,KR65733CT510,original_template,0
train-regular-00074,train,synthetic_regular,False,LIZARD KI,KR6663322883,fixed_actual_market_donor,3
train-monthly-00074,train,synthetic_monthly,True,STEP no-KI,KR6583318771,original_template,2
train-regular-00075,train,synthetic_regular,False,LIZARD no-KI,KR65233AC9C3,fixed_actual_market_donor,3
train-monthly-00075,train,synthetic_monthly,True,LIZARD no-KI,KR6SH0008VE6,original_template,3
train-regular-00076,train,synthetic_regular,False,STEP KI,KR6SS0002ZM0,fixed_actual_market_donor,3
train-monthly-00076,train,synthetic_monthly,True,STEP KI,KR65933355C9,original_template,0
train-regular-00077,train,synthetic_regular,False,STEP no-KI,20210614000073_26306,fixed_actual_market_donor,3
train-monthly-00077,train,synthetic_monthly,True,STEP no-KI,KR6NH0001GN4,original_template,3
train-regular-00078,train,synthetic_regular,False,LIZARD KI,KR6KB0003589,fixed_actual_market_donor,3
train-monthly-00078,train,synthetic_monthly,True,LIZARD no-KI,KR6SH0008DP0,original_template,3
train-regular-00079,train,synthetic_regular,False,LIZARD no-KI,KR6SH00078C5,fixed_actual_market_donor,3
train-monthly-00079,train,synthetic_monthly,True,STEP KI,KR6663311A85,original_template,3
train-regular-00080,train,synthetic_regular,False,STEP KI,KR6573342898,fixed_actual_market_donor,3
train-monthly-00080,train,synthetic_monthly,True,STEP no-KI,KR67033C4561,original_template,0
train-regular-00081,train,synthetic_regular,False,STEP no-KI,KR6SY0002EM3,fixed_actual_market_donor,3
train-monthly-00081,train,synthetic_monthly,True,LIZARD no-KI,KR65033406B1,original_template,0
train-regular-00082,train,synthetic_regular,False,LIZARD KI,KR65733309C8,fixed_actual_market_donor,3
train-monthly-00082,train,synthetic_monthly,True,STEP KI,KR67033AQ8A1,original_template,3
train-regular-00083,train,synthetic_regular,False,LIZARD no-KI,KR6HH0000DK1,fixed_actual_market_donor,3
train-monthly-00083,train,synthetic_monthly,True,STEP no-KI,KR6593385554,original_template,0
train-regular-00084,train,synthetic_regular,False,STEP KI,KR6513346611,fixed_actual_market_donor,0
train-monthly-00084,train,synthetic_monthly,True,LIZARD no-KI,KR6503398713,original_template,2
train-regular-00085,train,synthetic_regular,False,STEP no-KI,KR6533397875,fixed_actual_market_donor,3
train-monthly-00085,train,synthetic_monthly,True,STEP KI,KR65233565B2,original_template,0
train-regular-00086,train,synthetic_regular,False,LIZARD KI,KR6KS0000T55,fixed_actual_market_donor,1
train-monthly-00086,train,synthetic_monthly,True,STEP no-KI,KR65033625A8,original_template,0
train-regular-00087,train,synthetic_regular,False,LIZARD no-KI,20160112000303_1103,fixed_actual_market_donor,0
train-monthly-00087,train,synthetic_monthly,True,LIZARD no-KI,KR65033526B6,original_template,0
train-regular-00088,train,synthetic_regular,False,STEP KI,KR65333EN864,fixed_actual_market_donor,3
train-monthly-00088,train,synthetic_monthly,True,STEP KI,KR6KS0004WB3,original_template,3
train-regular-00089,train,synthetic_regular,False,STEP no-KI,KR6533389625,fixed_actual_market_donor,0
train-monthly-00089,train,synthetic_monthly,True,STEP no-KI,KR6553371867,original_template,3
train-regular-00090,train,synthetic_regular,False,LIZARD KI,KR6613330861,fixed_actual_market_donor,3
train-monthly-00090,train,synthetic_monthly,True,LIZARD no-KI,20260402003613_27437,original_template,3
train-regular-00091,train,synthetic_regular,False,LIZARD no-KI,KR6MZ00028A8,fixed_actual_market_donor,3
train-monthly-00091,train,synthetic_monthly,True,STEP KI,KR6KW0002AV3,original_template,3
train-regular-00092,train,synthetic_regular,False,STEP KI,KR65233759A3,fixed_actual_market_donor,3
train-monthly-00092,train,synthetic_monthly,True,STEP no-KI,KR65233CX943,original_template,3
train-regular-00093,train,synthetic_regular,False,STEP no-KI,KR65333CE834,fixed_actual_market_donor,3
train-monthly-00093,train,synthetic_monthly,True,LIZARD no-KI,KR6503375836,original_template,3
train-regular-00094,train,synthetic_regular,False,LIZARD KI,KR65333AKA38,fixed_actual_market_donor,3
train-monthly-00094,train,synthetic_monthly,True,STEP KI,KR65733D19C1,original_template,3
train-regular-00095,train,synthetic_regular,False,LIZARD no-KI,KR6BK00006E6,fixed_actual_market_donor,3
train-monthly-00095,train,synthetic_monthly,True,STEP no-KI,KR65033196B8,original_template,0
train-regular-00096,train,synthetic_regular,False,STEP KI,KR65733836A4,fixed_actual_market_donor,0
train-monthly-00096,train,synthetic_monthly,True,LIZARD no-KI,KR6SH0008DP0,original_template,3
train-regular-00097,train,synthetic_regular,False,STEP no-KI,KR6MD0000A44,fixed_actual_market_donor,3
train-monthly-00097,train,synthetic_monthly,True,STEP KI,20220330000862_14916,original_template,3
train-regular-00098,train,synthetic_regular,False,LIZARD KI,KR65033699C9,fixed_actual_market_donor,3
train-monthly-00098,train,synthetic_monthly,True,STEP no-KI,KR6573357714,original_template,3
train-regular-00099,train,synthetic_regular,False,LIZARD no-KI,KR65293A8712,fixed_actual_market_donor,2
train-monthly-00099,train,synthetic_monthly,True,LIZARD no-KI,KR6SH0008CM9,original_template,3
train-regular-00100,train,synthetic_regular,False,STEP KI,KR65033636A5,fixed_actual_market_donor,0
train-monthly-00100,train,synthetic_monthly,True,STEP KI,KR6583310513,original_template,0
train-regular-00101,train,synthetic_regular,False,STEP no-KI,KR65733CV9C3,fixed_actual_market_donor,3
train-monthly-00101,train,synthetic_monthly,True,STEP no-KI,KR65733BY843,original_template,3
train-regular-00102,train,synthetic_regular,False,LIZARD KI,KR6ZY0001SX7,fixed_actual_market_donor,3
train-monthly-00102,train,synthetic_monthly,True,LIZARD no-KI,KR6SH0008DP0,original_template,3
train-regular-00103,train,synthetic_regular,False,LIZARD no-KI,KR6KW0004LC6,fixed_actual_market_donor,3
train-monthly-00103,train,synthetic_monthly,True,STEP KI,KR6583324571,original_template,0
train-regular-00104,train,synthetic_regular,False,STEP KI,KR6683314951,fixed_actual_market_donor,3
train-monthly-00104,train,synthetic_monthly,True,STEP no-KI,KR6703381667,original_template,0
train-regular-00105,train,synthetic_regular,False,STEP no-KI,KR6HN0003MP3,fixed_actual_market_donor,3
train-monthly-00105,train,synthetic_monthly,True,LIZARD no-KI,KR6SH0008JC5,original_template,3
train-regular-00106,train,synthetic_regular,False,LIZARD KI,KR6MD0007QM3,fixed_actual_market_donor,3
train-monthly-00106,train,synthetic_monthly,True,STEP KI,KR65733BN580,original_template,0
train-regular-00107,train,synthetic_regular,False,LIZARD no-KI,KR6SY0000QY6,fixed_actual_market_donor,3
train-monthly-00107,train,synthetic_monthly,True,STEP no-KI,KR6573321975,original_template,3
train-regular-00108,train,synthetic_regular,False,STEP KI,KR6HN0004TT8,fixed_actual_market_donor,3
train-monthly-00108,train,synthetic_monthly,True,LIZARD no-KI,KR6SH0008YH3,original_template,3
train-regular-00109,train,synthetic_regular,False,STEP no-KI,KR65233BH542,fixed_actual_market_donor,0
train-monthly-00109,train,synthetic_monthly,True,STEP KI,KR67033B4893,original_template,3
train-regular-00110,train,synthetic_regular,False,LIZARD KI,KR6503380A71,fixed_actual_market_donor,3
train-monthly-00110,train,synthetic_monthly,True,STEP no-KI,KR6ZY0000L58,original_template,3
train-regular-00111,train,synthetic_regular,False,LIZARD no-KI,KR65033DB578,fixed_actual_market_donor,0
train-monthly-00111,train,synthetic_monthly,True,LIZARD no-KI,KR6SH0008RH7,original_template,3
train-regular-00112,train,synthetic_regular,False,STEP KI,KR65333AZ8C7,fixed_actual_market_donor,3
train-monthly-00112,train,synthetic_monthly,True,STEP KI,KR67033867C8,original_template,3
train-regular-00113,train,synthetic_regular,False,STEP no-KI,KR65333F7729,fixed_actual_market_donor,2
train-monthly-00113,train,synthetic_monthly,True,STEP no-KI,KR6KS00048W1,original_template,3
train-regular-00114,train,synthetic_regular,False,LIZARD KI,KR65233AP638,fixed_actual_market_donor,0
train-monthly-00114,train,synthetic_monthly,True,LIZARD no-KI,KR6SH0008AK7,original_template,3
train-regular-00115,train,synthetic_regular,False,LIZARD no-KI,KR65033516B7,fixed_actual_market_donor,0
train-monthly-00115,train,synthetic_monthly,True,STEP KI,KR6MD0001T59,original_template,3
train-regular-00116,train,synthetic_regular,False,STEP KI,KR65533DW7B9,fixed_actual_market_donor,3
train-monthly-00116,train,synthetic_monthly,True,STEP no-KI,KR65833BQ581,original_template,0
train-regular-00117,train,synthetic_regular,False,STEP no-KI,KR65033BR784,fixed_actual_market_donor,3
train-monthly-00117,train,synthetic_monthly,True,LIZARD no-KI,KR65033EA818,original_template,3
train-regular-00118,train,synthetic_regular,False,LIZARD KI,KR65233AT812,fixed_actual_market_donor,3
train-monthly-00118,train,synthetic_monthly,True,STEP KI,KR6KW0001PM2,original_template,3
train-regular-00119,train,synthetic_regular,False,LIZARD no-KI,KR65033CL876,fixed_actual_market_donor,3
train-monthly-00119,train,synthetic_monthly,True,STEP no-KI,KR6SH0005NE9,original_template,3
train-regular-00120,train,synthetic_regular,False,STEP KI,KR6KB0002LA8,fixed_actual_market_donor,3
train-monthly-00120,train,synthetic_monthly,True,LIZARD no-KI,20251204000472_27077,original_template,3
train-regular-00121,train,synthetic_regular,False,STEP no-KI,KR6DS0000568,fixed_actual_market_donor,3
train-monthly-00121,train,synthetic_monthly,True,STEP KI,KR6MZ0000WR8,original_template,3
train-regular-00122,train,synthetic_regular,False,LIZARD KI,KR6513391591,fixed_actual_market_donor,0
train-monthly-00122,train,synthetic_monthly,True,STEP no-KI,KR6503329734,original_template,3
train-regular-00123,train,synthetic_regular,False,LIZARD no-KI,KR6MZ0000CY6,fixed_actual_market_donor,3
train-monthly-00123,train,synthetic_monthly,True,LIZARD no-KI,KR6SH0007697,original_template,3
train-regular-00124,train,synthetic_regular,False,STEP KI,KR6MD0000QB1,fixed_actual_market_donor,3
train-monthly-00124,train,synthetic_monthly,True,STEP KI,KR6KB0001EQ1,original_template,3
train-regular-00125,train,synthetic_regular,False,STEP no-KI,KR65233B4747,fixed_actual_market_donor,2
train-monthly-00125,train,synthetic_monthly,True,STEP no-KI,KR6SH0006LF8,original_template,3
train-regular-00126,train,synthetic_regular,False,LIZARD KI,KR6533320752,fixed_actual_market_donor,2
train-monthly-00126,train,synthetic_monthly,True,LIZARD no-KI,KR6503383723,original_template,2
train-regular-00127,train,synthetic_regular,False,LIZARD no-KI,KR6523369587,fixed_actual_market_donor,0
train-monthly-00127,train,synthetic_monthly,True,STEP KI,KR6MZ0000C61,original_template,3
train-regular-00128,train,synthetic_regular,False,STEP KI,KR6503313928,fixed_actual_market_donor,3
train-monthly-00128,train,synthetic_monthly,True,STEP no-KI,20200323000193_8604,original_template,3
train-regular-00129,train,synthetic_regular,False,STEP no-KI,KR65333BG740,fixed_actual_market_donor,2
train-monthly-00129,train,synthetic_monthly,True,LIZARD no-KI,KR6SH0008711,original_template,3
train-regular-00130,train,synthetic_regular,False,LIZARD KI,KR6ZW0003ZC6,fixed_actual_market_donor,3
train-monthly-00130,train,synthetic_monthly,True,STEP KI,KR6573349927,original_template,3
train-regular-00131,train,synthetic_regular,False,LIZARD no-KI,KR6KS0001N01,fixed_actual_market_donor,3
train-monthly-00131,train,synthetic_monthly,True,STEP no-KI,KR6ZW0002SP5,original_template,3
train-regular-00132,train,synthetic_regular,False,STEP KI,KR6HN0003M00,fixed_actual_market_donor,3
train-monthly-00132,train,synthetic_monthly,True,LIZARD no-KI,KR6503375836,original_template,3
train-regular-00133,train,synthetic_regular,False,STEP no-KI,KR6703368839,fixed_actual_market_donor,3
train-monthly-00133,train,synthetic_monthly,True,STEP KI,KR6KB00055S3,original_template,3
train-regular-00134,train,synthetic_regular,False,LIZARD KI,20210331000612_25904,fixed_actual_market_donor,3
train-monthly-00134,train,synthetic_monthly,True,STEP no-KI,KR6MZ00019G4,original_template,3
train-regular-00135,train,synthetic_regular,False,LIZARD no-KI,KR67093599B6,fixed_actual_market_donor,2
train-monthly-00135,train,synthetic_monthly,True,LIZARD no-KI,KR65033EA818,original_template,3
train-regular-00136,train,synthetic_regular,False,STEP KI,KR65733359C3,fixed_actual_market_donor,3
train-monthly-00136,train,synthetic_monthly,True,STEP KI,KR6553345549,original_template,0
train-regular-00137,train,synthetic_regular,False,STEP no-KI,KR6643302A47,fixed_actual_market_donor,3
train-monthly-00137,train,synthetic_monthly,True,STEP no-KI,KR6HN0007ZY8,original_template,3
train-regular-00138,train,synthetic_regular,False,LIZARD KI,KR65333AN789,fixed_actual_market_donor,2
train-monthly-00138,train,synthetic_monthly,True,LIZARD no-KI,KR65033EA818,original_template,3
train-regular-00139,train,synthetic_regular,False,LIZARD no-KI,KR6NH0003BW2,fixed_actual_market_donor,3
train-monthly-00139,train,synthetic_monthly,True,STEP KI,KR6MD0006ZS3,original_template,2
train-regular-00140,train,synthetic_regular,False,STEP KI,KR6503366561,fixed_actual_market_donor,0
train-monthly-00140,train,synthetic_monthly,True,STEP no-KI,KR65033AJA42,original_template,3
train-regular-00141,train,synthetic_regular,False,STEP no-KI,KR6MD0006C12,fixed_actual_market_donor,3
train-monthly-00141,train,synthetic_monthly,True,LIZARD no-KI,KR65033AA816,original_template,3
train-regular-00142,train,synthetic_regular,False,LIZARD KI,KR65333ADA11,fixed_actual_market_donor,3
train-monthly-00142,train,synthetic_monthly,True,STEP KI,KR65733E8864,original_template,3
train-regular-00143,train,synthetic_regular,False,LIZARD no-KI,KR6HN00064K3,fixed_actual_market_donor,3
train-monthly-00143,train,synthetic_monthly,True,STEP no-KI,KR6573320A51,original_template,3
train-regular-00144,train,synthetic_regular,False,STEP KI,KR6573393917,fixed_actual_market_donor,3
train-monthly-00144,train,synthetic_monthly,True,LIZARD no-KI,KR65033EA818,original_template,3
train-regular-00145,train,synthetic_regular,False,STEP no-KI,KR65933B6539,fixed_actual_market_donor,0
train-monthly-00145,train,synthetic_monthly,True,STEP KI,KR6KB0004KA6,original_template,3
train-regular-00146,train,synthetic_regular,False,LIZARD KI,KR6NH0004LF4,fixed_actual_market_donor,3
train-monthly-00146,train,synthetic_monthly,True,STEP no-KI,KR6513309A37,original_template,3
train-regular-00147,train,synthetic_regular,False,LIZARD no-KI,KR6573329754,fixed_actual_market_donor,2
train-monthly-00147,train,synthetic_monthly,True,LIZARD no-KI,KR6SH0008AK7,original_template,3
train-regular-00148,train,synthetic_regular,False,STEP KI,KR6SH0002M55,fixed_actual_market_donor,3
train-monthly-00148,train,synthetic_monthly,True,STEP KI,KR65733BP593,original_template,0
train-regular-00149,train,synthetic_regular,False,STEP no-KI,KR65033206A7,fixed_actual_market_donor,0
train-monthly-00149,train,synthetic_monthly,True,STEP no-KI,KR6583386893,original_template,3
train-regular-00150,train,synthetic_regular,False,LIZARD KI,KR6703303620,fixed_actual_market_donor,0
train-monthly-00150,train,synthetic_monthly,True,LIZARD no-KI,KR6SH00075V1,original_template,3
train-regular-00151,train,synthetic_regular,False,LIZARD no-KI,KR6533318772,fixed_actual_market_donor,2
train-monthly-00151,train,synthetic_monthly,True,STEP KI,KR65733CK733,original_template,3
train-regular-00152,train,synthetic_regular,False,STEP KI,KR65333F59C1,fixed_actual_market_donor,3
train-monthly-00152,train,synthetic_monthly,True,STEP no-KI,KR6ZY0001GC6,original_template,3
train-regular-00153,train,synthetic_regular,False,STEP no-KI,KR65833CV530,fixed_actual_market_donor,0
train-monthly-00153,train,synthetic_monthly,True,LIZARD no-KI,KR6SH0009164,original_template,3
train-regular-00154,train,synthetic_regular,False,LIZARD KI,KR65133065A6,fixed_actual_market_donor,0
train-monthly-00154,train,synthetic_monthly,True,STEP KI,KR6MD00017Q3,original_template,2
train-regular-00155,train,synthetic_regular,False,LIZARD no-KI,KR6HN00038K7,fixed_actual_market_donor,3
train-monthly-00155,train,synthetic_monthly,True,STEP no-KI,KR6543325A34,original_template,3
train-regular-00156,train,synthetic_regular,False,STEP KI,KR65833429C3,fixed_actual_market_donor,3
train-monthly-00156,train,synthetic_monthly,True,LIZARD no-KI,KR6SH0008MG0,original_template,3
train-regular-00157,train,synthetic_regular,False,STEP no-KI,KR65333DE9A1,fixed_actual_market_donor,3
train-monthly-00157,train,synthetic_monthly,True,STEP KI,KR6KW0001MN7,original_template,3
train-regular-00158,train,synthetic_regular,False,LIZARD KI,20210127000039_2395,fixed_actual_market_donor,3
train-monthly-00158,train,synthetic_monthly,True,STEP no-KI,KR65433C69B7,original_template,3
train-regular-00159,train,synthetic_regular,False,LIZARD no-KI,KR6MZ0001P65,fixed_actual_market_donor,3
train-monthly-00159,train,synthetic_monthly,True,LIZARD no-KI,KR6SH0006KT1,original_template,3
train-regular-00160,train,synthetic_regular,False,STEP KI,KR6593329610,fixed_actual_market_donor,0
train-monthly-00160,train,synthetic_monthly,True,STEP KI,KR6MD00040C5,original_template,3
train-regular-00161,train,synthetic_regular,False,STEP no-KI,KR6543312948,fixed_actual_market_donor,3
train-monthly-00161,train,synthetic_monthly,True,STEP no-KI,KR6703314569,original_template,0
train-regular-00162,train,synthetic_regular,False,LIZARD KI,KR6MD0002R35,fixed_actual_market_donor,3
train-monthly-00162,train,synthetic_monthly,True,LIZARD no-KI,KR6SH0006HB5,original_template,3
train-regular-00163,train,synthetic_regular,False,LIZARD no-KI,KR65793CY8A3,fixed_actual_market_donor,2
train-monthly-00163,train,synthetic_monthly,True,STEP KI,KR6KB0001ER9,original_template,3
train-regular-00164,train,synthetic_regular,False,STEP KI,KR6513355760,fixed_actual_market_donor,2
train-monthly-00164,train,synthetic_monthly,True,STEP no-KI,KR65733E1844,original_template,3
train-regular-00165,train,synthetic_regular,False,STEP no-KI,KR6513305575,fixed_actual_market_donor,0
train-monthly-00165,train,synthetic_monthly,True,LIZARD no-KI,KR6SH0006YQ8,original_template,3
train-regular-00166,train,synthetic_regular,False,LIZARD KI,KR6503321533,fixed_actual_market_donor,0
train-monthly-00166,train,synthetic_monthly,True,STEP KI,KR6KW00015X2,original_template,3
train-regular-00167,train,synthetic_regular,False,LIZARD no-KI,KR6HN0007DL2,fixed_actual_market_donor,3
train-monthly-00167,train,synthetic_monthly,True,STEP no-KI,KR6573327A21,original_template,3
train-regular-00168,train,synthetic_regular,False,STEP KI,KR6573344654,fixed_actual_market_donor,0
train-monthly-00168,train,synthetic_monthly,True,LIZARD no-KI,20260402003613_27437,original_template,3
train-regular-00169,train,synthetic_regular,False,STEP no-KI,KR6ZY0004Q59,fixed_actual_market_donor,3
train-monthly-00169,train,synthetic_monthly,True,STEP KI,KR6543367728,original_template,2
train-regular-00170,train,synthetic_regular,False,LIZARD KI,20161219000255_3667,fixed_actual_market_donor,0
train-monthly-00170,train,synthetic_monthly,True,STEP no-KI,KR65033AM860,original_template,3
train-regular-00171,train,synthetic_regular,False,LIZARD no-KI,KR6ZW0004052,fixed_actual_market_donor,3
train-monthly-00171,train,synthetic_monthly,True,LIZARD no-KI,KR6SH0008FE9,original_template,3
train-regular-00172,train,synthetic_regular,False,STEP KI,KR6533361947,fixed_actual_market_donor,3
train-monthly-00172,train,synthetic_monthly,True,STEP KI,KR6HN00012G0,original_template,2
train-regular-00173,train,synthetic_regular,False,STEP no-KI,KR6NH0004SJ1,fixed_actual_market_donor,3
train-monthly-00173,train,synthetic_monthly,True,STEP no-KI,KR6503386940,original_template,3
train-regular-00174,train,synthetic_regular,False,LIZARD KI,KR6533366920,fixed_actual_market_donor,3
train-monthly-00174,train,synthetic_monthly,True,LIZARD no-KI,KR6SH0008A04,original_template,3
train-regular-00175,train,synthetic_regular,False,LIZARD no-KI,KR65333DK9B1,fixed_actual_market_donor,3
train-monthly-00175,train,synthetic_monthly,True,STEP KI,KR6KS0001F76,original_template,3
train-regular-00176,train,synthetic_regular,False,STEP KI,KR65333CS917,fixed_actual_market_donor,3
train-monthly-00176,train,synthetic_monthly,True,STEP no-KI,KR6573351667,original_template,0
train-regular-00177,train,synthetic_regular,False,STEP no-KI,KR6593345632,fixed_actual_market_donor,0
train-monthly-00177,train,synthetic_monthly,True,LIZARD no-KI,KR6SH0008CM9,original_template,3
train-regular-00178,train,synthetic_regular,False,LIZARD KI,KR6573334739,fixed_actual_market_donor,3
train-monthly-00178,train,synthetic_monthly,True,STEP KI,KR65733825C3,original_template,0
train-regular-00179,train,synthetic_regular,False,LIZARD no-KI,KR65033E8812,fixed_actual_market_donor,3
train-monthly-00179,train,synthetic_monthly,True,STEP no-KI,KR65833C98C5,original_template,3
train-regular-00180,train,synthetic_regular,False,STEP KI,KR6KS00003T2,fixed_actual_market_donor,2
train-monthly-00180,train,synthetic_monthly,True,LIZARD no-KI,KR6503341721,original_template,2
train-regular-00181,train,synthetic_regular,False,STEP no-KI,KR6SH0006LD3,fixed_actual_market_donor,3
train-monthly-00181,train,synthetic_monthly,True,STEP KI,KR6523330993,original_template,3
train-regular-00182,train,synthetic_regular,False,LIZARD KI,KR6MD0000J94,fixed_actual_market_donor,3
train-monthly-00182,train,synthetic_monthly,True,STEP no-KI,KR65733C4915,original_template,3
train-regular-00183,train,synthetic_regular,False,LIZARD no-KI,KR6BS00006V2,fixed_actual_market_donor,3
train-monthly-00183,train,synthetic_monthly,True,LIZARD no-KI,KR6SH00088N1,original_template,3
train-regular-00184,train,synthetic_regular,False,STEP KI,KR66133088C2,fixed_actual_market_donor,3
train-monthly-00184,train,synthetic_monthly,True,STEP KI,KR6583324738,original_template,2
train-regular-00185,train,synthetic_regular,False,STEP no-KI,KR65333E1871,fixed_actual_market_donor,3
train-monthly-00185,train,synthetic_monthly,True,STEP no-KI,KR6HN0000QC8,original_template,3
train-regular-00186,train,synthetic_regular,False,LIZARD KI,KR6ZW00010Z1,fixed_actual_market_donor,3
train-monthly-00186,train,synthetic_monthly,True,LIZARD no-KI,KR6SH00088N1,original_template,3
train-regular-00187,train,synthetic_regular,False,LIZARD no-KI,KR6623312644,fixed_actual_market_donor,0
train-monthly-00187,train,synthetic_monthly,True,STEP KI,KR6513369746,original_template,2
train-regular-00188,train,synthetic_regular,False,STEP KI,KR6769317951,fixed_actual_market_donor,2
train-monthly-00188,train,synthetic_monthly,True,STEP no-KI,KR6EG0000918,original_template,3
train-regular-00189,train,synthetic_regular,False,STEP no-KI,KR6KS0003575,fixed_actual_market_donor,3
train-monthly-00189,train,synthetic_monthly,True,LIZARD no-KI,KR6SH0008VE6,original_template,3
train-regular-00190,train,synthetic_regular,False,LIZARD KI,KR6703328924,fixed_actual_market_donor,3
train-monthly-00190,train,synthetic_monthly,True,STEP KI,KR6773326675,original_template,0
train-regular-00191,train,synthetic_regular,False,LIZARD no-KI,KR6KS00010F6,fixed_actual_market_donor,3
train-monthly-00191,train,synthetic_monthly,True,STEP no-KI,KR65033DT810,original_template,3
train-regular-00192,train,synthetic_regular,False,STEP KI,KR6MD0006X58,fixed_actual_market_donor,3
train-monthly-00192,train,synthetic_monthly,True,LIZARD no-KI,KR65033D1818,original_template,3
train-regular-00193,train,synthetic_regular,False,STEP no-KI,KR65333BW8A3,fixed_actual_market_donor,3
train-monthly-00193,train,synthetic_monthly,True,STEP KI,KR6MD0004L39,original_template,3
train-regular-00194,train,synthetic_regular,False,LIZARD KI,KR6543365946,fixed_actual_market_donor,3
train-monthly-00194,train,synthetic_monthly,True,STEP no-KI,KR65833C0A20,original_template,3
train-regular-00195,train,synthetic_regular,False,LIZARD no-KI,KR6SH00077C7,fixed_actual_market_donor,3
train-monthly-00195,train,synthetic_monthly,True,LIZARD no-KI,KR6SH0008MG0,original_template,3
train-regular-00196,train,synthetic_regular,False,STEP KI,KR6703301A73,fixed_actual_market_donor,3
train-monthly-00196,train,synthetic_monthly,True,STEP KI,KR6573373968,original_template,3
train-regular-00197,train,synthetic_regular,False,STEP no-KI,KR6SH00048B0,fixed_actual_market_donor,3
train-monthly-00197,train,synthetic_monthly,True,STEP no-KI,KR65533DX951,original_template,3
train-regular-00198,train,synthetic_regular,False,LIZARD KI,KR6703347A61,fixed_actual_market_donor,3
train-monthly-00198,train,synthetic_monthly,True,LIZARD no-KI,KR6SH0008PJ7,original_template,3
train-regular-00199,train,synthetic_regular,False,LIZARD no-KI,KR6KS0000JG7,fixed_actual_market_donor,3
train-monthly-00199,train,synthetic_monthly,True,STEP KI,KR6573344837,original_template,3
train-regular-00200,train,synthetic_regular,False,STEP KI,KR6HN00039Q2,fixed_actual_market_donor,3
train-monthly-00200,train,synthetic_monthly,True,STEP no-KI,KR65733368A8,original_template,3
train-regular-00201,train,synthetic_regular,False,STEP no-KI,KR65733BK628,fixed_actual_market_donor,0
train-monthly-00201,train,synthetic_monthly,True,LIZARD no-KI,KR6SH0008RH7,original_template,3
train-regular-00202,train,synthetic_regular,False,LIZARD KI,KR6KS0002CJ2,fixed_actual_market_donor,2
train-monthly-00202,train,synthetic_monthly,True,STEP KI,KR6573348978,original_template,3
train-regular-00203,train,synthetic_regular,False,LIZARD no-KI,KR65733AS6A0,fixed_actual_market_donor,0
train-monthly-00203,train,synthetic_monthly,True,STEP no-KI,KR6KS0001LJ5,original_template,3
train-regular-00204,train,synthetic_regular,False,STEP KI,KR6KS0001LX6,fixed_actual_market_donor,1
train-monthly-00204,train,synthetic_monthly,True,LIZARD no-KI,KR6503341721,original_template,2
train-regular-00205,train,synthetic_regular,False,STEP no-KI,KR6MZ0000GE9,fixed_actual_market_donor,3
train-monthly-00205,train,synthetic_monthly,True,STEP KI,KR65733B3728,original_template,2
train-regular-00206,train,synthetic_regular,False,LIZARD KI,KR6ZY0001PT1,fixed_actual_market_donor,3
train-monthly-00206,train,synthetic_monthly,True,STEP no-KI,KR6KS00053M2,original_template,3
train-regular-00207,train,synthetic_regular,False,LIZARD no-KI,KR65033AP9A4,fixed_actual_market_donor,3
train-monthly-00207,train,synthetic_monthly,True,LIZARD no-KI,KR6SH00089H1,original_template,3
train-regular-00208,train,synthetic_regular,False,STEP KI,KR6HN0006120,fixed_actual_market_donor,3
train-monthly-00208,train,synthetic_monthly,True,STEP KI,KR65733CH697,original_template,0
train-regular-00209,train,synthetic_regular,False,STEP no-KI,KR6DS00006K3,fixed_actual_market_donor,3
train-monthly-00209,train,synthetic_monthly,True,STEP no-KI,KR6MZ0000TW4,original_template,3
train-regular-00210,train,synthetic_regular,False,LIZARD KI,KR65333GBA17,fixed_actual_market_donor,3
train-monthly-00210,train,synthetic_monthly,True,LIZARD no-KI,KR65033526B6,original_template,0
train-regular-00211,train,synthetic_regular,False,LIZARD no-KI,KR6KS0001B21,fixed_actual_market_donor,3
train-monthly-00211,train,synthetic_monthly,True,STEP KI,KR6703323859,original_template,3
train-regular-00212,train,synthetic_regular,False,STEP KI,KR6ZW00034D8,fixed_actual_market_donor,3
train-monthly-00212,train,synthetic_monthly,True,STEP no-KI,KR6583307659,original_template,0
train-regular-00213,train,synthetic_regular,False,STEP no-KI,KR6YT00018D7,fixed_actual_market_donor,3
train-monthly-00213,train,synthetic_monthly,True,LIZARD no-KI,KR6SH0008LA5,original_template,3
train-regular-00214,train,synthetic_regular,False,LIZARD KI,KR65733CK832,fixed_actual_market_donor,3
train-monthly-00214,train,synthetic_monthly,True,STEP KI,KR6SY0002J59,original_template,3
train-regular-00215,train,synthetic_regular,False,LIZARD no-KI,KR65333C0537,fixed_actual_market_donor,0
train-monthly-00215,train,synthetic_monthly,True,STEP no-KI,KR6ZY0003FY8,original_template,3
train-regular-00216,train,synthetic_regular,False,STEP KI,KR6503380653,fixed_actual_market_donor,0
train-monthly-00216,train,synthetic_monthly,True,LIZARD no-KI,KR66733156B3,original_template,0
train-regular-00217,train,synthetic_regular,False,STEP no-KI,KR6KB00038E9,fixed_actual_market_donor,3
train-monthly-00217,train,synthetic_monthly,True,STEP KI,KR6573330778,original_template,2
train-regular-00218,train,synthetic_regular,False,LIZARD KI,KR6ZY0002N13,fixed_actual_market_donor,3
train-monthly-00218,train,synthetic_monthly,True,STEP no-KI,KR6MZ0000MQ1,original_template,3
train-regular-00219,train,synthetic_regular,False,LIZARD no-KI,KR65733D96A3,fixed_actual_market_donor,0
train-monthly-00219,train,synthetic_monthly,True,LIZARD no-KI,KR65033D1818,original_template,3
train-regular-00220,train,synthetic_regular,False,STEP KI,KR6KB0002E75,fixed_actual_market_donor,3
train-monthly-00220,train,synthetic_monthly,True,STEP KI,KR6KB00020R9,original_template,3
train-regular-00221,train,synthetic_regular,False,STEP no-KI,KR65733BD656,fixed_actual_market_donor,0
train-monthly-00221,train,synthetic_monthly,True,STEP no-KI,KR65233BQ774,original_template,3
train-regular-00222,train,synthetic_regular,False,LIZARD KI,KR6HN00053V3,fixed_actual_market_donor,3
train-monthly-00222,train,synthetic_monthly,True,LIZARD no-KI,KR6SH0008RH7,original_template,3
train-regular-00223,train,synthetic_regular,False,LIZARD no-KI,KR6SH0008QA4,fixed_actual_market_donor,3
train-monthly-00223,train,synthetic_monthly,True,STEP KI,KR6KB00039J6,original_template,3
train-regular-00224,train,synthetic_regular,False,STEP KI,KR6503337968,fixed_actual_market_donor,3
train-monthly-00224,train,synthetic_monthly,True,STEP no-KI,KR65533DS845,original_template,3
train-regular-00225,train,synthetic_regular,False,STEP no-KI,KR6533338788,fixed_actual_market_donor,2
train-monthly-00225,train,synthetic_monthly,True,LIZARD no-KI,KR6503341721,original_template,2
train-regular-00226,train,synthetic_regular,False,LIZARD KI,KR65793B4970,fixed_actual_market_donor,2
train-monthly-00226,train,synthetic_monthly,True,STEP KI,KR65233A56B2,original_template,0
train-regular-00227,train,synthetic_regular,False,LIZARD no-KI,20220315001203_3613,fixed_actual_market_donor,3
train-monthly-00227,train,synthetic_monthly,True,STEP no-KI,KR65233C09C5,original_template,3
train-regular-00228,train,synthetic_regular,False,STEP KI,KR6HN0001FB1,fixed_actual_market_donor,3
train-monthly-00228,train,synthetic_monthly,True,LIZARD no-KI,KR6SH0007697,original_template,3
train-regular-00229,train,synthetic_regular,False,STEP no-KI,KR6503357941,fixed_actual_market_donor,3
train-monthly-00229,train,synthetic_monthly,True,STEP KI,KR6573388776,original_template,2
train-regular-00230,train,synthetic_regular,False,LIZARD KI,KR6NH00012C9,fixed_actual_market_donor,3
train-monthly-00230,train,synthetic_monthly,True,STEP no-KI,KR6503374730,original_template,2
train-regular-00231,train,synthetic_regular,False,LIZARD no-KI,KR65333AZA15,fixed_actual_market_donor,3
train-monthly-00231,train,synthetic_monthly,True,LIZARD no-KI,KR65033A6695,original_template,0
train-regular-00232,train,synthetic_regular,False,STEP KI,KR6703333940,fixed_actual_market_donor,3
train-monthly-00232,train,synthetic_monthly,True,STEP KI,KR6KS0004WB3,original_template,3
train-regular-00233,train,synthetic_regular,False,STEP no-KI,KR6SS0002Y17,fixed_actual_market_donor,3
train-monthly-00233,train,synthetic_monthly,True,STEP no-KI,KR6503367775,original_template,2
train-regular-00234,train,synthetic_regular,False,LIZARD KI,20160912000066_15928,fixed_actual_market_donor,0
train-monthly-00234,train,synthetic_monthly,True,LIZARD no-KI,KR6SH0008X80,original_template,3
train-regular-00235,train,synthetic_regular,False,LIZARD no-KI,KR67233309C9,fixed_actual_market_donor,3
train-monthly-00235,train,synthetic_monthly,True,STEP KI,KR6KS0006917,original_template,3
train-regular-00236,train,synthetic_regular,False,STEP KI,KR65133505C7,fixed_actual_market_donor,0
train-monthly-00236,train,synthetic_monthly,True,STEP no-KI,KR6HH0000MB1,original_template,3
train-regular-00237,train,synthetic_regular,False,STEP no-KI,KR65733D7693,fixed_actual_market_donor,0
train-monthly-00237,train,synthetic_monthly,True,LIZARD no-KI,KR6SH0009164,original_template,3
train-regular-00238,train,synthetic_regular,False,LIZARD KI,KR6503358568,fixed_actual_market_donor,0
train-monthly-00238,train,synthetic_monthly,True,STEP KI,KR6573393529,original_template,0
train-regular-00239,train,synthetic_regular,False,LIZARD no-KI,KR6533395630,fixed_actual_market_donor,0
train-monthly-00239,train,synthetic_monthly,True,STEP no-KI,KR6KS0000MC0,original_template,3
train-regular-00240,train,synthetic_regular,False,STEP KI,KR65333298A1,fixed_actual_market_donor,3
train-monthly-00240,train,synthetic_monthly,True,LIZARD no-KI,KR6SH0008CM9,original_template,3
train-regular-00241,train,synthetic_regular,False,STEP no-KI,KR65733C3966,fixed_actual_market_donor,3
train-monthly-00241,train,synthetic_monthly,True,STEP KI,KR6MZ0000GT7,original_template,3
train-regular-00242,train,synthetic_regular,False,LIZARD KI,KR6663343780,fixed_actual_market_donor,2
train-monthly-00242,train,synthetic_monthly,True,STEP no-KI,KR65033AG7C5,original_template,3
train-regular-00243,train,synthetic_regular,False,LIZARD no-KI,KR6703353948,fixed_actual_market_donor,3
train-monthly-00243,train,synthetic_monthly,True,LIZARD no-KI,KR6SH0006YQ8,original_template,3
train-regular-00244,train,synthetic_regular,False,STEP KI,KR6SY0003CW4,fixed_actual_market_donor,3
train-monthly-00244,train,synthetic_monthly,True,STEP KI,KR6SH0003S17,original_template,3
train-regular-00245,train,synthetic_regular,False,STEP no-KI,KR6523318857,fixed_actual_market_donor,3
train-monthly-00245,train,synthetic_monthly,True,STEP no-KI,KR6583307659,original_template,0
train-regular-00246,train,synthetic_regular,False,LIZARD KI,KR65833AF974,fixed_actual_market_donor,3
train-monthly-00246,train,synthetic_monthly,True,LIZARD no-KI,KR6SH0008MG0,original_template,3
train-regular-00247,train,synthetic_regular,False,LIZARD no-KI,KR6613347964,fixed_actual_market_donor,3
train-monthly-00247,train,synthetic_monthly,True,STEP KI,KR6KW0001AS1,original_template,3
train-regular-00248,train,synthetic_regular,False,STEP KI,KR6SY00042H9,fixed_actual_market_donor,3
train-monthly-00248,train,synthetic_monthly,True,STEP no-KI,KR65033B8799,original_template,2
train-regular-00249,train,synthetic_regular,False,STEP no-KI,KR6MZ0000E28,fixed_actual_market_donor,3
train-monthly-00249,train,synthetic_monthly,True,LIZARD no-KI,KR6SH0006KT1,original_template,3
train-regular-00250,train,synthetic_regular,False,LIZARD KI,KR65033A3A28,fixed_actual_market_donor,3
train-monthly-00250,train,synthetic_monthly,True,STEP KI,KR6MZ0000R98,original_template,3
train-regular-00251,train,synthetic_regular,False,LIZARD no-KI,KR65333J49C4,fixed_actual_market_donor,3
train-monthly-00251,train,synthetic_monthly,True,STEP no-KI,KR6703322638,original_template,0
train-regular-00252,train,synthetic_regular,False,STEP KI,KR65033A4864,fixed_actual_market_donor,3
train-monthly-00252,train,synthetic_monthly,True,LIZARD no-KI,KR6SH0008YH3,original_template,3
train-regular-00253,train,synthetic_regular,False,STEP no-KI,KR6573366624,fixed_actual_market_donor,0
train-monthly-00253,train,synthetic_monthly,True,STEP KI,KR6SY0001N47,original_template,2
train-regular-00254,train,synthetic_regular,False,LIZARD KI,KR6YT0001GQ9,fixed_actual_market_donor,3
train-monthly-00254,train,synthetic_monthly,True,STEP no-KI,KR6SH00057K2,original_template,3
train-regular-00255,train,synthetic_regular,False,LIZARD no-KI,KR6KS0004QC3,fixed_actual_market_donor,3
train-monthly-00255,train,synthetic_monthly,True,LIZARD no-KI,KR66733156B3,original_template,0
train-regular-00256,train,synthetic_regular,False,STEP KI,KR6SH0001KT2,fixed_actual_market_donor,3
train-monthly-00256,train,synthetic_monthly,True,STEP KI,KR6YT00019L8,original_template,3
train-regular-00257,train,synthetic_regular,False,STEP no-KI,KR6SY0003K89,fixed_actual_market_donor,3
train-monthly-00257,train,synthetic_monthly,True,STEP no-KI,20260402003613_27436,original_template,3
train-regular-00258,train,synthetic_regular,False,LIZARD KI,KR6HH0000EX2,fixed_actual_market_donor,3
train-monthly-00258,train,synthetic_monthly,True,LIZARD no-KI,KR6503397822,original_template,3
train-regular-00259,train,synthetic_regular,False,LIZARD no-KI,KR65033029A3,fixed_actual_market_donor,3
train-monthly-00259,train,synthetic_monthly,True,STEP KI,KR65733AF620,original_template,0
train-regular-00260,train,synthetic_regular,False,STEP KI,KR6MD0003F87,fixed_actual_market_donor,3
train-monthly-00260,train,synthetic_monthly,True,STEP no-KI,KR65033B0820,original_template,3
train-regular-00261,train,synthetic_regular,False,STEP no-KI,KR6503338883,fixed_actual_market_donor,3
train-monthly-00261,train,synthetic_monthly,True,LIZARD no-KI,KR6SH0007697,original_template,3
train-regular-00262,train,synthetic_regular,False,LIZARD KI,KR65733CW589,fixed_actual_market_donor,0
train-monthly-00262,train,synthetic_monthly,True,STEP KI,KR6MZ0001M19,original_template,3
train-regular-00263,train,synthetic_regular,False,LIZARD no-KI,KR6543332938,fixed_actual_market_donor,3
train-monthly-00263,train,synthetic_monthly,True,STEP no-KI,KR6513302853,original_template,3
train-regular-00264,train,synthetic_regular,False,STEP KI,KR65233AY8C9,fixed_actual_market_donor,3
train-monthly-00264,train,synthetic_monthly,True,LIZARD no-KI,KR6SH0008DP0,original_template,3
train-regular-00265,train,synthetic_regular,False,STEP no-KI,KR65333G29B4,fixed_actual_market_donor,3
train-monthly-00265,train,synthetic_monthly,True,STEP KI,KR6573349844,original_template,3
train-regular-00266,train,synthetic_regular,False,LIZARD KI,KR65233CJ819,fixed_actual_market_donor,3
train-monthly-00266,train,synthetic_monthly,True,STEP no-KI,KR6553364680,original_template,0
train-regular-00267,train,synthetic_regular,False,LIZARD no-KI,KR65933AD563,fixed_actual_market_donor,0
train-monthly-00267,train,synthetic_monthly,True,LIZARD no-KI,KR65033526B6,original_template,0
train-regular-00268,train,synthetic_regular,False,STEP KI,KR6SS00027J4,fixed_actual_market_donor,3
train-monthly-00268,train,synthetic_monthly,True,STEP KI,KR6SH0005Q66,original_template,3
train-regular-00269,train,synthetic_regular,False,STEP no-KI,KR65333CB9C1,fixed_actual_market_donor,3
train-monthly-00269,train,synthetic_monthly,True,STEP no-KI,KR6523301820,original_template,3
train-regular-00270,train,synthetic_regular,False,LIZARD KI,KR6523335935,fixed_actual_market_donor,3
train-monthly-00270,train,synthetic_monthly,True,LIZARD no-KI,KR65033D1818,original_template,3
train-regular-00271,train,synthetic_regular,False,LIZARD no-KI,KR65733245A8,fixed_actual_market_donor,0
train-monthly-00271,train,synthetic_monthly,True,STEP KI,KR6KW0001HV0,original_template,3
train-regular-00272,train,synthetic_regular,False,STEP KI,KR65733BS696,fixed_actual_market_donor,0
train-monthly-00272,train,synthetic_monthly,True,STEP no-KI,KR6ZW0002YD9,original_template,3
train-regular-00273,train,synthetic_regular,False,STEP no-KI,KR6KS0002189,fixed_actual_market_donor,3
train-monthly-00273,train,synthetic_monthly,True,LIZARD no-KI,KR6503339824,original_template,3
train-regular-00274,train,synthetic_regular,False,LIZARD KI,KR6HN00076B6,fixed_actual_market_donor,3
train-monthly-00274,train,synthetic_monthly,True,STEP KI,KR6KS0007PV8,original_template,3
train-regular-00275,train,synthetic_regular,False,LIZARD no-KI,KR6523384776,fixed_actual_market_donor,2
train-monthly-00275,train,synthetic_monthly,True,STEP no-KI,KR65033075A6,original_template,0
train-regular-00276,train,synthetic_regular,False,STEP KI,KR6SS0000X36,fixed_actual_market_donor,3
train-monthly-00276,train,synthetic_monthly,True,LIZARD no-KI,KR6SH0006YQ8,original_template,3
train-regular-00277,train,synthetic_regular,False,STEP no-KI,KR6SH0008VL1,fixed_actual_market_donor,3
train-monthly-00277,train,synthetic_monthly,True,STEP KI,KR65733145A0,original_template,0
train-regular-00278,train,synthetic_regular,False,LIZARD KI,KR6KS0000E86,fixed_actual_market_donor,3
train-monthly-00278,train,synthetic_monthly,True,STEP no-KI,KR6523387936,original_template,3
train-regular-00279,train,synthetic_regular,False,LIZARD no-KI,KR65033596A1,fixed_actual_market_donor,0
train-monthly-00279,train,synthetic_monthly,True,LIZARD no-KI,KR66733156B3,original_template,0
train-regular-00280,train,synthetic_regular,False,STEP KI,KR6SS0004TC0,fixed_actual_market_donor,3
train-monthly-00280,train,synthetic_monthly,True,STEP KI,20240531002032_509,original_template,3
train-regular-00281,train,synthetic_regular,False,STEP no-KI,KR65733D95C1,fixed_actual_market_donor,0
train-monthly-00281,train,synthetic_monthly,True,STEP no-KI,KR6703315681,original_template,0
train-regular-00282,train,synthetic_regular,False,LIZARD KI,KR6703334781,fixed_actual_market_donor,2
train-monthly-00282,train,synthetic_monthly,True,LIZARD no-KI,KR6SH0008RH7,original_template,3
train-regular-00283,train,synthetic_regular,False,LIZARD no-KI,KR65733AN897,fixed_actual_market_donor,3
train-monthly-00283,train,synthetic_monthly,True,STEP KI,KR6KS00017R6,original_template,3
train-regular-00284,train,synthetic_regular,False,STEP KI,KR67033168B3,fixed_actual_market_donor,3
train-monthly-00284,train,synthetic_monthly,True,STEP no-KI,KR6503365779,original_template,2
train-regular-00285,train,synthetic_regular,False,STEP no-KI,KR65333DY8A9,fixed_actual_market_donor,3
train-monthly-00285,train,synthetic_monthly,True,LIZARD no-KI,KR6SH0008MG0,original_template,3
train-regular-00286,train,synthetic_regular,False,LIZARD KI,KR6503385785,fixed_actual_market_donor,2
train-monthly-00286,train,synthetic_monthly,True,STEP KI,KR65233CQ533,original_template,0
train-regular-00287,train,synthetic_regular,False,LIZARD no-KI,KR6503373898,fixed_actual_market_donor,3
train-monthly-00287,train,synthetic_monthly,True,STEP no-KI,KR65833097C8,original_template,3
train-regular-00288,train,synthetic_regular,False,STEP KI,KR6SY0002B57,fixed_actual_market_donor,3
train-monthly-00288,train,synthetic_monthly,True,LIZARD no-KI,KR6SH0009164,original_template,3
train-regular-00289,train,synthetic_regular,False,STEP no-KI,KR6HN00079K1,fixed_actual_market_donor,3
train-monthly-00289,train,synthetic_monthly,True,STEP KI,KR6HH00005W9,original_template,3
train-regular-00290,train,synthetic_regular,False,LIZARD KI,KR6KS00028V5,fixed_actual_market_donor,3
train-monthly-00290,train,synthetic_monthly,True,STEP no-KI,KR6MZ0000PK7,original_template,3
train-regular-00291,train,synthetic_regular,False,LIZARD no-KI,KR6KW00041Z3,fixed_actual_market_donor,3
train-monthly-00291,train,synthetic_monthly,True,LIZARD no-KI,20260402003613_27437,original_template,3
train-regular-00292,train,synthetic_regular,False,STEP KI,KR6703316861,fixed_actual_market_donor,3
train-monthly-00292,train,synthetic_monthly,True,STEP KI,KR65733E8864,original_template,3
train-regular-00293,train,synthetic_regular,False,STEP no-KI,KR6SS00044J9,fixed_actual_market_donor,3
train-monthly-00293,train,synthetic_monthly,True,STEP no-KI,KR65133099A5,original_template,3
train-regular-00294,train,synthetic_regular,False,LIZARD KI,KR6MZ00016J4,fixed_actual_market_donor,3
train-monthly-00294,train,synthetic_monthly,True,LIZARD no-KI,KR66733156B3,original_template,0
train-regular-00295,train,synthetic_regular,False,LIZARD no-KI,KR6KB0001CV5,fixed_actual_market_donor,3
train-monthly-00295,train,synthetic_monthly,True,STEP KI,KR67733325A4,original_template,0
train-regular-00296,train,synthetic_regular,False,STEP KI,20210721000249_26566,fixed_actual_market_donor,3
train-monthly-00296,train,synthetic_monthly,True,STEP no-KI,KR6DS0000J23,original_template,3
train-regular-00297,train,synthetic_regular,False,STEP no-KI,KR6613346867,fixed_actual_market_donor,3
train-monthly-00297,train,synthetic_monthly,True,LIZARD no-KI,KR6SH0006YQ8,original_template,3
train-regular-00298,train,synthetic_regular,False,LIZARD KI,KR6MZ00021S5,fixed_actual_market_donor,3
train-monthly-00298,train,synthetic_monthly,True,STEP KI,KR6HN0000N69,original_template,2
train-regular-00299,train,synthetic_regular,False,LIZARD no-KI,KR6KS0000RZ0,fixed_actual_market_donor,2
train-monthly-00299,train,synthetic_monthly,True,STEP no-KI,KR65733B6598,original_template,0
train-regular-00300,train,synthetic_regular,False,STEP KI,KR6HN0000JQ3,fixed_actual_market_donor,3
train-monthly-00300,train,synthetic_monthly,True,LIZARD no-KI,KR6SH0008H49,original_template,3
train-regular-00301,train,synthetic_regular,False,STEP no-KI,KR65933A7561,fixed_actual_market_donor,0
train-monthly-00301,train,synthetic_monthly,True,STEP KI,KR6KW00059Y8,original_template,3
train-regular-00302,train,synthetic_regular,False,LIZARD KI,KR6MD00074Y8,fixed_actual_market_donor,3
train-monthly-00302,train,synthetic_monthly,True,STEP no-KI,KR6503352793,original_template,3
train-regular-00303,train,synthetic_regular,False,LIZARD no-KI,KR6SH0002Z76,fixed_actual_market_donor,3
train-monthly-00303,train,synthetic_monthly,True,LIZARD no-KI,KR6SH0008DB0,original_template,3
train-regular-00304,train,synthetic_regular,False,STEP KI,KR6HN0001ZZ8,fixed_actual_market_donor,3
train-monthly-00304,train,synthetic_monthly,True,STEP KI,KR6703311730,original_template,2
train-regular-00305,train,synthetic_regular,False,STEP no-KI,20190826000126_2612,fixed_actual_market_donor,3
train-monthly-00305,train,synthetic_monthly,True,STEP no-KI,KR6503359855,original_template,3
train-regular-00306,train,synthetic_regular,False,LIZARD KI,KR6HN0000H42,fixed_actual_market_donor,2
train-monthly-00306,train,synthetic_monthly,True,LIZARD no-KI,KR6SH0008BL3,original_template,3
train-regular-00307,train,synthetic_regular,False,LIZARD no-KI,KR6513342594,fixed_actual_market_donor,0
train-monthly-00307,train,synthetic_monthly,True,STEP KI,KR6MD00031G5,original_template,3
train-regular-00308,train,synthetic_regular,False,STEP KI,KR6KW00014J4,fixed_actual_market_donor,3
train-monthly-00308,train,synthetic_monthly,True,STEP no-KI,KR65433448B9,original_template,3
train-regular-00309,train,synthetic_regular,False,STEP no-KI,KR6MD0007VL5,fixed_actual_market_donor,3
train-monthly-00309,train,synthetic_monthly,True,LIZARD no-KI,KR65033526B6,original_template,0
train-regular-00310,train,synthetic_regular,False,LIZARD KI,KR65233AM866,fixed_actual_market_donor,3
train-monthly-00310,train,synthetic_monthly,True,STEP KI,KR6KS0003TG0,original_template,3
train-regular-00311,train,synthetic_regular,False,LIZARD no-KI,KR6573324748,fixed_actual_market_donor,2
train-monthly-00311,train,synthetic_monthly,True,STEP no-KI,KR6583392842,original_template,3
train-regular-00312,train,synthetic_regular,False,STEP KI,KR6523301853,fixed_actual_market_donor,3
train-monthly-00312,train,synthetic_monthly,True,LIZARD no-KI,KR66733156B3,original_template,0
train-regular-00313,train,synthetic_regular,False,STEP no-KI,KR6523361A23,fixed_actual_market_donor,3
train-monthly-00313,train,synthetic_monthly,True,STEP KI,KR6SH0002P11,original_template,3
train-regular-00314,train,synthetic_regular,False,LIZARD KI,KR6SS0007S36,fixed_actual_market_donor,3
train-monthly-00314,train,synthetic_monthly,True,STEP no-KI,KR6503320550,original_template,0
train-regular-00315,train,synthetic_regular,False,LIZARD no-KI,KR65333C39A4,fixed_actual_market_donor,3
train-monthly-00315,train,synthetic_monthly,True,LIZARD no-KI,KR6SH0008MG0,original_template,3
train-regular-00316,train,synthetic_regular,False,STEP KI,KR6ZY00015D5,fixed_actual_market_donor,3
train-monthly-00316,train,synthetic_monthly,True,STEP KI,KR65733BH8C4,original_template,3
train-regular-00317,train,synthetic_regular,False,STEP no-KI,KR65793CZ9A0,fixed_actual_market_donor,2
train-monthly-00317,train,synthetic_monthly,True,STEP no-KI,KR65033BW743,original_template,2
train-regular-00318,train,synthetic_regular,False,LIZARD KI,KR65733936A2,fixed_actual_market_donor,0
train-monthly-00318,train,synthetic_monthly,True,LIZARD no-KI,KR65033AA816,original_template,3
train-regular-00319,train,synthetic_regular,False,LIZARD no-KI,KR6593320692,fixed_actual_market_donor,0
train-monthly-00319,train,synthetic_monthly,True,STEP KI,KR6MD0004KK7,original_template,3
train-regular-00320,train,synthetic_regular,False,STEP KI,KR6513387680,fixed_actual_market_donor,0
train-monthly-00320,train,synthetic_monthly,True,STEP no-KI,KR6SY0001JP7,original_template,3
train-regular-00321,train,synthetic_regular,False,STEP no-KI,KR6SH00054W4,fixed_actual_market_donor,3
train-monthly-00321,train,synthetic_monthly,True,LIZARD no-KI,KR65033AA816,original_template,3
train-regular-00322,train,synthetic_regular,False,LIZARD KI,KR6HN00066V5,fixed_actual_market_donor,3
train-monthly-00322,train,synthetic_monthly,True,STEP KI,KR65733A09C8,original_template,3
train-regular-00323,train,synthetic_regular,False,LIZARD no-KI,KR6703318867,fixed_actual_market_donor,3
train-monthly-00323,train,synthetic_monthly,True,STEP no-KI,KR67033B8571,original_template,0
train-regular-00324,train,synthetic_regular,False,STEP KI,KR6MD00059L6,fixed_actual_market_donor,3
train-monthly-00324,train,synthetic_monthly,True,LIZARD no-KI,KR6503383723,original_template,2
train-regular-00325,train,synthetic_regular,False,STEP no-KI,KR6SH0006RE8,fixed_actual_market_donor,3
train-monthly-00325,train,synthetic_monthly,True,STEP KI,KR6703347A12,original_template,3
train-regular-00326,train,synthetic_regular,False,LIZARD KI,KR65833B89C6,fixed_actual_market_donor,3
train-monthly-00326,train,synthetic_monthly,True,STEP no-KI,KR65733CZ871,original_template,3
train-regular-00327,train,synthetic_regular,False,LIZARD no-KI,KR6ZY0001K33,fixed_actual_market_donor,3
train-monthly-00327,train,synthetic_monthly,True,LIZARD no-KI,KR6SH0006KT1,original_template,3
train-regular-00328,train,synthetic_regular,False,STEP KI,KR6613301854,fixed_actual_market_donor,3
train-monthly-00328,train,synthetic_monthly,True,STEP KI,KR6MD0003WB3,original_template,3
train-regular-00329,train,synthetic_regular,False,STEP no-KI,KR6503309A20,fixed_actual_market_donor,3
train-monthly-00329,train,synthetic_monthly,True,STEP no-KI,KR65233BH799,original_template,3
train-regular-00330,train,synthetic_regular,False,LIZARD KI,KR6573320811,fixed_actual_market_donor,3
train-monthly-00330,train,synthetic_monthly,True,LIZARD no-KI,KR6SH0008DB0,original_template,3
train-regular-00331,train,synthetic_regular,False,LIZARD no-KI,KR6543323929,fixed_actual_market_donor,3
train-monthly-00331,train,synthetic_monthly,True,STEP KI,KR67033AH579,original_template,0
train-regular-00332,train,synthetic_regular,False,STEP KI,KR6ZW0002YK4,fixed_actual_market_donor,3
train-monthly-00332,train,synthetic_monthly,True,STEP no-KI,KR6SH0003G03,original_template,3
train-regular-00333,train,synthetic_regular,False,STEP no-KI,KR65733CK899,fixed_actual_market_donor,3
train-monthly-00333,train,synthetic_monthly,True,LIZARD no-KI,KR6SH0008BL3,original_template,3
train-regular-00334,train,synthetic_regular,False,LIZARD KI,KR6533361574,fixed_actual_market_donor,0
train-monthly-00334,train,synthetic_monthly,True,STEP KI,KR6573383710,original_template,2
train-regular-00335,train,synthetic_regular,False,LIZARD no-KI,20160801001965_3592,fixed_actual_market_donor,0
train-monthly-00335,train,synthetic_monthly,True,STEP no-KI,KR6573343870,original_template,3
train-regular-00336,train,synthetic_regular,False,STEP KI,KR65833A3A70,fixed_actual_market_donor,3
train-monthly-00336,train,synthetic_monthly,True,LIZARD no-KI,KR6SH0008PV2,original_template,3
train-regular-00337,train,synthetic_regular,False,STEP no-KI,KR6KW0000ZQ4,fixed_actual_market_donor,3
train-monthly-00337,train,synthetic_monthly,True,STEP KI,KR65233BQ550,original_template,0
train-regular-00338,train,synthetic_regular,False,LIZARD KI,KR6763319839,fixed_actual_market_donor,3
train-monthly-00338,train,synthetic_monthly,True,STEP no-KI,KR6MD0005MQ7,original_template,3
train-regular-00339,train,synthetic_regular,False,LIZARD no-KI,KR6SY0001T58,fixed_actual_market_donor,3
train-monthly-00339,train,synthetic_monthly,True,LIZARD no-KI,KR6SH0006HB5,original_template,3
train-regular-00340,train,synthetic_regular,False,STEP KI,KR6SH0003QW9,fixed_actual_market_donor,2
train-monthly-00340,train,synthetic_monthly,True,STEP KI,KR6SH0002FL7,original_template,3
train-regular-00341,train,synthetic_regular,False,STEP no-KI,KR6MD00079N0,fixed_actual_market_donor,3
train-monthly-00341,train,synthetic_monthly,True,STEP no-KI,KR6DS0000J23,original_template,3
train-regular-00342,train,synthetic_regular,False,LIZARD KI,KR6MZ0001SK9,fixed_actual_market_donor,3
train-monthly-00342,train,synthetic_monthly,True,LIZARD no-KI,KR6503383723,original_template,2
train-regular-00343,train,synthetic_regular,False,LIZARD no-KI,KR6SH0005AV0,fixed_actual_market_donor,3
train-monthly-00343,train,synthetic_monthly,True,STEP KI,KR6KW0002D48,original_template,3
train-regular-00344,train,synthetic_regular,False,STEP KI,KR6MD0006KM8,fixed_actual_market_donor,3
train-monthly-00344,train,synthetic_monthly,True,STEP no-KI,KR6SH0002WL2,original_template,3
train-regular-00345,train,synthetic_regular,False,STEP no-KI,KR6HN0004HL0,fixed_actual_market_donor,3
train-monthly-00345,train,synthetic_monthly,True,LIZARD no-KI,KR6SH0009164,original_template,3
train-regular-00346,train,synthetic_regular,False,LIZARD KI,KR65033A6695,fixed_actual_market_donor,0
train-monthly-00346,train,synthetic_monthly,True,STEP KI,KR6MZ0000EG9,original_template,3
train-regular-00347,train,synthetic_regular,False,LIZARD no-KI,KR65033329C3,fixed_actual_market_donor,3
train-monthly-00347,train,synthetic_monthly,True,STEP no-KI,KR6ZY0001NY6,original_template,3
train-regular-00348,train,synthetic_regular,False,STEP KI,KR6573320860,fixed_actual_market_donor,3
train-monthly-00348,train,synthetic_monthly,True,LIZARD no-KI,KR6SH0008ZP3,original_template,3
train-regular-00349,train,synthetic_regular,False,STEP no-KI,KR6HN0006401,fixed_actual_market_donor,3
train-monthly-00349,train,synthetic_monthly,True,STEP KI,KR65733B4577,original_template,0
train-regular-00350,train,synthetic_regular,False,LIZARD KI,KR6MD0000CM8,fixed_actual_market_donor,3
train-monthly-00350,train,synthetic_monthly,True,STEP no-KI,KR6573398734,original_template,2
train-regular-00351,train,synthetic_regular,False,LIZARD no-KI,KR6553377930,fixed_actual_market_donor,3
train-monthly-00351,train,synthetic_monthly,True,LIZARD no-KI,KR6SH0008K77,original_template,3
train-regular-00352,train,synthetic_regular,False,STEP KI,20200528000127_24613,fixed_actual_market_donor,3
train-monthly-00352,train,synthetic_monthly,True,STEP KI,KR6SY0000556,original_template,2
train-regular-00353,train,synthetic_regular,False,STEP no-KI,KR6503326961,fixed_actual_market_donor,3
train-monthly-00353,train,synthetic_monthly,True,STEP no-KI,KR6ZY0001NY6,original_template,3
train-regular-00354,train,synthetic_regular,False,LIZARD KI,KR6MZ00002S5,fixed_actual_market_donor,3
train-monthly-00354,train,synthetic_monthly,True,LIZARD no-KI,KR6SH0008PJ7,original_template,3
train-regular-00355,train,synthetic_regular,False,LIZARD no-KI,KR65733C4832,fixed_actual_market_donor,3
train-monthly-00355,train,synthetic_monthly,True,STEP KI,KR65733DW868,original_template,3
train-regular-00356,train,synthetic_regular,False,STEP KI,KR6793315A60,fixed_actual_market_donor,3
train-monthly-00356,train,synthetic_monthly,True,STEP no-KI,KR6HN0005908,original_template,3
train-regular-00357,train,synthetic_regular,False,STEP no-KI,KR65333GB9A1,fixed_actual_market_donor,3
train-monthly-00357,train,synthetic_monthly,True,LIZARD no-KI,KR65033BD6A3,original_template,0
train-regular-00358,train,synthetic_regular,False,LIZARD KI,KR6503360A67,fixed_actual_market_donor,3
train-monthly-00358,train,synthetic_monthly,True,STEP KI,KR6523312A31,original_template,3
train-regular-00359,train,synthetic_regular,False,LIZARD no-KI,KR6KW0003S99,fixed_actual_market_donor,1
train-monthly-00359,train,synthetic_monthly,True,STEP no-KI,KR6613308A44,original_template,3
train-regular-00360,train,synthetic_regular,False,STEP KI,KR67033AE881,fixed_actual_market_donor,3
train-monthly-00360,train,synthetic_monthly,True,LIZARD no-KI,KR65033A6695,original_template,0
train-regular-00361,train,synthetic_regular,False,STEP no-KI,KR6503385728,fixed_actual_market_donor,2
train-monthly-00361,train,synthetic_monthly,True,STEP KI,KR65233DZ748,original_template,2
train-regular-00362,train,synthetic_regular,False,LIZARD KI,KR6KW0002EJ0,fixed_actual_market_donor,3
train-monthly-00362,train,synthetic_monthly,True,STEP no-KI,KR65733AZ826,original_template,3
train-regular-00363,train,synthetic_regular,False,LIZARD no-KI,KR65033019B2,fixed_actual_market_donor,3
train-monthly-00363,train,synthetic_monthly,True,LIZARD no-KI,KR6SH0008A04,original_template,3
train-regular-00364,train,synthetic_regular,False,STEP KI,KR6543311981,fixed_actual_market_donor,3
train-monthly-00364,train,synthetic_monthly,True,STEP KI,KR6653327A21,original_template,3
train-regular-00365,train,synthetic_regular,False,STEP no-KI,KR6HN00023E2,fixed_actual_market_donor,3
train-monthly-00365,train,synthetic_monthly,True,STEP no-KI,KR6MD0003HT6,original_template,3
train-regular-00366,train,synthetic_regular,False,LIZARD KI,KR6DS00011Y4,fixed_actual_market_donor,3
train-monthly-00366,train,synthetic_monthly,True,LIZARD no-KI,KR6503375836,original_template,3
train-regular-00367,train,synthetic_regular,False,LIZARD no-KI,KR6KB0004W55,fixed_actual_market_donor,3
train-monthly-00367,train,synthetic_monthly,True,STEP KI,KR6MD0001KA4,original_template,3
train-regular-00368,train,synthetic_regular,False,STEP KI,KR65033588C4,fixed_actual_market_donor,3
train-monthly-00368,train,synthetic_monthly,True,STEP no-KI,KR66133398A9,original_template,3
train-regular-00369,train,synthetic_regular,False,STEP no-KI,KR6MD0006QB8,fixed_actual_market_donor,2
train-monthly-00369,train,synthetic_monthly,True,LIZARD no-KI,20260423000247_27516,original_template,3
train-regular-00370,train,synthetic_regular,False,LIZARD KI,KR6613306A12,fixed_actual_market_donor,3
train-monthly-00370,train,synthetic_monthly,True,STEP KI,KR6583325529,original_template,0
train-regular-00371,train,synthetic_regular,False,LIZARD no-KI,KR66133529A9,fixed_actual_market_donor,3
train-monthly-00371,train,synthetic_monthly,True,STEP no-KI,KR65833B9971,original_template,3
train-regular-00372,train,synthetic_regular,False,STEP KI,KR6579343A85,fixed_actual_market_donor,1
train-monthly-00372,train,synthetic_monthly,True,LIZARD no-KI,KR6503341721,original_template,2
train-regular-00373,train,synthetic_regular,False,STEP no-KI,KR6653302960,fixed_actual_market_donor,3
train-monthly-00373,train,synthetic_monthly,True,STEP KI,KR6703335861,original_template,3
train-regular-00374,train,synthetic_regular,False,LIZARD KI,KR65533B2979,fixed_actual_market_donor,3
train-monthly-00374,train,synthetic_monthly,True,STEP no-KI,KR65433059C2,original_template,3
train-regular-00375,train,synthetic_regular,False,LIZARD no-KI,KR6HN0007T90,fixed_actual_market_donor,3
train-monthly-00375,train,synthetic_monthly,True,LIZARD no-KI,KR6SH0007697,original_template,3
train-regular-00376,train,synthetic_regular,False,STEP KI,KR6KB0001MX0,fixed_actual_market_donor,3
train-monthly-00376,train,synthetic_monthly,True,STEP KI,KR6MD0002AB1,original_template,3
train-regular-00377,train,synthetic_regular,False,STEP no-KI,KR6KS0004MT6,fixed_actual_market_donor,3
train-monthly-00377,train,synthetic_monthly,True,STEP no-KI,KR65033D97C2,original_template,3
train-regular-00378,train,synthetic_regular,False,LIZARD KI,KR65233C7756,fixed_actual_market_donor,2
train-monthly-00378,train,synthetic_monthly,True,LIZARD no-KI,KR6SH0008X80,original_template,3
train-regular-00379,train,synthetic_regular,False,LIZARD no-KI,KR6SH00059H4,fixed_actual_market_donor,3
train-monthly-00379,train,synthetic_monthly,True,STEP KI,KR65733AP827,original_template,3
train-regular-00380,train,synthetic_regular,False,STEP KI,KR6HN00035W8,fixed_actual_market_donor,3
train-monthly-00380,train,synthetic_monthly,True,STEP no-KI,KR65733865A3,original_template,0
train-regular-00381,train,synthetic_regular,False,STEP no-KI,KR65733AJA45,fixed_actual_market_donor,3
train-monthly-00381,train,synthetic_monthly,True,LIZARD no-KI,KR65033406B1,original_template,0
train-regular-00382,train,synthetic_regular,False,LIZARD KI,KR65733A7A29,fixed_actual_market_donor,3
train-monthly-00382,train,synthetic_monthly,True,STEP KI,KR6KW0004ZQ6,original_template,3
train-regular-00383,train,synthetic_regular,False,LIZARD no-KI,KR6KS00026Q9,fixed_actual_market_donor,3
train-monthly-00383,train,synthetic_monthly,True,STEP no-KI,KR6573338672,original_template,0
train-regular-00384,train,synthetic_regular,False,STEP KI,KR65333C6955,fixed_actual_market_donor,3
train-monthly-00384,train,synthetic_monthly,True,LIZARD no-KI,KR6SH0006W42,original_template,3
train-regular-00385,train,synthetic_regular,False,STEP no-KI,KR6KS0004C68,fixed_actual_market_donor,3
train-monthly-00385,train,synthetic_monthly,True,STEP KI,KR65733B8511,original_template,0
train-regular-00386,train,synthetic_regular,False,LIZARD KI,KR6573311679,fixed_actual_market_donor,0
train-monthly-00386,train,synthetic_monthly,True,STEP no-KI,KR65033018A6,original_template,3
train-regular-00387,train,synthetic_regular,False,LIZARD no-KI,KR6SS00017N7,fixed_actual_market_donor,3
train-monthly-00387,train,synthetic_monthly,True,LIZARD no-KI,KR6SH0008XJ1,original_template,3
train-regular-00388,train,synthetic_regular,False,STEP KI,KR6523364521,fixed_actual_market_donor,0
train-monthly-00388,train,synthetic_monthly,True,STEP KI,KR6MZ0000QK5,original_template,3
train-regular-00389,train,synthetic_regular,False,STEP no-KI,KR6SH0007JQ7,fixed_actual_market_donor,3
train-monthly-00389,train,synthetic_monthly,True,STEP no-KI,KR6HN00005R1,original_template,3
train-regular-00390,train,synthetic_regular,False,LIZARD KI,KR6YT0000VN7,fixed_actual_market_donor,3
train-monthly-00390,train,synthetic_monthly,True,LIZARD no-KI,KR6SH0008K77,original_template,3
train-regular-00391,train,synthetic_regular,False,LIZARD no-KI,KR6523344945,fixed_actual_market_donor,3
train-monthly-00391,train,synthetic_monthly,True,STEP KI,KR6573385780,original_template,2
train-regular-00392,train,synthetic_regular,False,STEP KI,KR6HN0003QK5,fixed_actual_market_donor,3
train-monthly-00392,train,synthetic_monthly,True,STEP no-KI,KR6HN00002L1,original_template,3
train-regular-00393,train,synthetic_regular,False,STEP no-KI,KR6503325526,fixed_actual_market_donor,0
train-monthly-00393,train,synthetic_monthly,True,LIZARD no-KI,KR6SH00075V1,original_template,3
train-regular-00394,train,synthetic_regular,False,LIZARD KI,KR67033238B4,fixed_actual_market_donor,3
train-monthly-00394,train,synthetic_monthly,True,STEP KI,KR6523372516,original_template,0
train-regular-00395,train,synthetic_regular,False,LIZARD no-KI,KR6KW0002DL8,fixed_actual_market_donor,3
train-monthly-00395,train,synthetic_monthly,True,STEP no-KI,KR6503374730,original_template,2
train-regular-00396,train,synthetic_regular,False,STEP KI,KR6533370A39,fixed_actual_market_donor,3
train-monthly-00396,train,synthetic_monthly,True,LIZARD no-KI,KR6SH0008X80,original_template,3
train-regular-00397,train,synthetic_regular,False,STEP no-KI,KR6503347918,fixed_actual_market_donor,3
train-monthly-00397,train,synthetic_monthly,True,STEP KI,KR6663330951,original_template,3
train-regular-00398,train,synthetic_regular,False,LIZARD KI,KR65333DV828,fixed_actual_market_donor,3
train-monthly-00398,train,synthetic_monthly,True,STEP no-KI,KR65033DA562,original_template,0
train-regular-00399,train,synthetic_regular,False,LIZARD no-KI,KR65793CY9C7,fixed_actual_market_donor,2
train-monthly-00399,train,synthetic_monthly,True,LIZARD no-KI,KR6SH0008LA5,original_template,3
train-regular-00400,train,synthetic_regular,False,STEP KI,KR6KS00057J9,fixed_actual_market_donor,3
train-monthly-00400,train,synthetic_monthly,True,STEP KI,KR6SH0002DX7,original_template,3
train-regular-00401,train,synthetic_regular,False,STEP no-KI,KR6703322828,fixed_actual_market_donor,3
train-monthly-00401,train,synthetic_monthly,True,STEP no-KI,KR6MD0003GD2,original_template,3
train-regular-00402,train,synthetic_regular,False,LIZARD KI,KR6SS0002S56,fixed_actual_market_donor,3
train-monthly-00402,train,synthetic_monthly,True,LIZARD no-KI,KR6SH0006KT1,original_template,3
train-regular-00403,train,synthetic_regular,False,LIZARD no-KI,KR6ZW00045R4,fixed_actual_market_donor,3
train-monthly-00403,train,synthetic_monthly,True,STEP KI,20260422000603_3961,original_template,3
train-regular-00404,train,synthetic_regular,False,STEP KI,KR6MD0000RH6,fixed_actual_market_donor,3
train-monthly-00404,train,synthetic_monthly,True,STEP no-KI,KR65733DC9C5,original_template,3
train-regular-00405,train,synthetic_regular,False,STEP no-KI,KR6533339752,fixed_actual_market_donor,3
train-monthly-00405,train,synthetic_monthly,True,LIZARD no-KI,KR6SH0008PJ7,original_template,3
train-regular-00406,train,synthetic_regular,False,LIZARD KI,KR6YT0001255,fixed_actual_market_donor,3
train-monthly-00406,train,synthetic_monthly,True,STEP KI,KR6KW0001KL5,original_template,3
train-regular-00407,train,synthetic_regular,False,LIZARD no-KI,KR6SY0001NJ2,fixed_actual_market_donor,3
train-monthly-00407,train,synthetic_monthly,True,STEP no-KI,KR65833068A3,original_template,3
train-regular-00408,train,synthetic_regular,False,STEP KI,KR6533308815,fixed_actual_market_donor,3
train-monthly-00408,train,synthetic_monthly,True,LIZARD no-KI,20260402003613_27437,original_template,3
train-regular-00409,train,synthetic_regular,False,STEP no-KI,KR6KB0002110,fixed_actual_market_donor,3
train-monthly-00409,train,synthetic_monthly,True,STEP KI,KR6KW0001597,original_template,3
train-regular-00410,train,synthetic_regular,False,LIZARD KI,KR6HN0003X64,fixed_actual_market_donor,3
train-monthly-00410,train,synthetic_monthly,True,STEP no-KI,KR6543305A20,original_template,3
train-regular-00411,train,synthetic_regular,False,LIZARD no-KI,KR6KS0003H98,fixed_actual_market_donor,3
train-monthly-00411,train,synthetic_monthly,True,LIZARD no-KI,KR6503339824,original_template,3
train-regular-00412,train,synthetic_regular,False,STEP KI,KR6KW0002HH7,fixed_actual_market_donor,3
train-monthly-00412,train,synthetic_monthly,True,STEP KI,KR6KW00020F9,original_template,3
train-regular-00413,train,synthetic_regular,False,STEP no-KI,KR65333BC8A7,fixed_actual_market_donor,3
train-monthly-00413,train,synthetic_monthly,True,STEP no-KI,KR6503393987,original_template,3
train-regular-00414,train,synthetic_regular,False,LIZARD KI,KR65433709B4,fixed_actual_market_donor,3
train-monthly-00414,train,synthetic_monthly,True,LIZARD no-KI,KR6SH00071M9,original_template,3
train-regular-00415,train,synthetic_regular,False,LIZARD no-KI,KR6643302A39,fixed_actual_market_donor,3
train-monthly-00415,train,synthetic_monthly,True,STEP KI,KR6523301937,original_template,3
train-regular-00416,train,synthetic_regular,False,STEP KI,KR65033299A2,fixed_actual_market_donor,3
train-monthly-00416,train,synthetic_monthly,True,STEP no-KI,KR65033AY873,original_template,3
train-regular-00417,train,synthetic_regular,False,STEP no-KI,KR6MD00040D3,fixed_actual_market_donor,3
train-monthly-00417,train,synthetic_monthly,True,LIZARD no-KI,20251204000472_27077,original_template,3
train-regular-00418,train,synthetic_regular,False,LIZARD KI,KR65233AB539,fixed_actual_market_donor,0
train-monthly-00418,train,synthetic_monthly,True,STEP KI,KR6673325553,original_template,0
train-regular-00419,train,synthetic_regular,False,LIZARD no-KI,KR65733B0526,fixed_actual_market_donor,0
train-monthly-00419,train,synthetic_monthly,True,STEP no-KI,KR6MZ0000VQ2,original_template,3
train-regular-00420,train,synthetic_regular,False,STEP KI,KR6SH00017N0,fixed_actual_market_donor,3
train-monthly-00420,train,synthetic_monthly,True,LIZARD no-KI,KR65033AA816,original_template,3
train-regular-00421,train,synthetic_regular,False,STEP no-KI,KR6NH0004SK9,fixed_actual_market_donor,3
train-monthly-00421,train,synthetic_monthly,True,STEP KI,KR6KS0007KG0,original_template,3
train-regular-00422,train,synthetic_regular,False,LIZARD KI,KR6YT0001CE4,fixed_actual_market_donor,3
train-monthly-00422,train,synthetic_monthly,True,STEP no-KI,KR6543307815,original_template,3
train-regular-00423,train,synthetic_regular,False,LIZARD no-KI,KR6HN0004TR2,fixed_actual_market_donor,3
train-monthly-00423,train,synthetic_monthly,True,LIZARD no-KI,KR65033AA816,original_template,3
train-regular-00424,train,synthetic_regular,False,STEP KI,KR6SH0000RV5,fixed_actual_market_donor,2
train-monthly-00424,train,synthetic_monthly,True,STEP KI,KR65733AK562,original_template,0
train-regular-00425,train,synthetic_regular,False,STEP no-KI,KR6MD0002RE9,fixed_actual_market_donor,3
train-monthly-00425,train,synthetic_monthly,True,STEP no-KI,KR6503328934,original_template,3
train-regular-00426,train,synthetic_regular,False,LIZARD KI,KR6MD0007Z48,fixed_actual_market_donor,3
train-monthly-00426,train,synthetic_monthly,True,LIZARD no-KI,KR6SH00088N1,original_template,3
train-regular-00427,train,synthetic_regular,False,LIZARD no-KI,KR6SS0007G22,fixed_actual_market_donor,3
train-monthly-00427,train,synthetic_monthly,True,STEP KI,KR65733A2531,original_template,0
train-regular-00428,train,synthetic_regular,False,STEP KI,KR6503329833,fixed_actual_market_donor,3
train-monthly-00428,train,synthetic_monthly,True,STEP no-KI,KR6ZY0002EG0,original_template,3
train-regular-00429,train,synthetic_regular,False,STEP no-KI,KR6533378727,fixed_actual_market_donor,3
train-monthly-00429,train,synthetic_monthly,True,LIZARD no-KI,KR6SH0007697,original_template,3
train-regular-00430,train,synthetic_regular,False,LIZARD KI,KR6MZ00011T4,fixed_actual_market_donor,3
train-monthly-00430,train,synthetic_monthly,True,STEP KI,KR6MD0008C02,original_template,2
train-regular-00431,train,synthetic_regular,False,LIZARD no-KI,KR6ZW0004789,fixed_actual_market_donor,3
train-monthly-00431,train,synthetic_monthly,True,STEP no-KI,KR65033CL7C6,original_template,3
train-regular-00432,train,synthetic_regular,False,STEP KI,KR6763322965,fixed_actual_market_donor,3
train-monthly-00432,train,synthetic_monthly,True,LIZARD no-KI,KR6SH0008QF3,original_template,3
train-regular-00433,train,synthetic_regular,False,STEP no-KI,KR6HM00001R1,fixed_actual_market_donor,3
train-monthly-00433,train,synthetic_monthly,True,STEP KI,KR6MZ0001TF7,original_template,3
train-regular-00434,train,synthetic_regular,False,LIZARD KI,KR65333BQA49,fixed_actual_market_donor,3
train-monthly-00434,train,synthetic_monthly,True,STEP no-KI,KR6MZ0000DB2,original_template,3
train-regular-00435,train,synthetic_regular,False,LIZARD no-KI,KR6659338943,fixed_actual_market_donor,2
train-monthly-00435,train,synthetic_monthly,True,LIZARD no-KI,KR65033EA818,original_template,3
train-regular-00436,train,synthetic_regular,False,STEP KI,KR6SH0004Q75,fixed_actual_market_donor,3
train-monthly-00436,train,synthetic_monthly,True,STEP KI,KR6KW0005CF5,original_template,3
train-regular-00437,train,synthetic_regular,False,STEP no-KI,KR65393FC975,fixed_actual_market_donor,2
train-monthly-00437,train,synthetic_monthly,True,STEP no-KI,KR6SH0002TK0,original_template,3
train-regular-00438,train,synthetic_regular,False,LIZARD KI,KR65233AS749,fixed_actual_market_donor,2
train-monthly-00438,train,synthetic_monthly,True,LIZARD no-KI,KR6SH0008FE9,original_template,3
train-regular-00439,train,synthetic_regular,False,LIZARD no-KI,KR6MZ00004N2,fixed_actual_market_donor,3
train-monthly-00439,train,synthetic_monthly,True,STEP KI,KR6KW0004A23,original_template,3
train-regular-00440,train,synthetic_regular,False,STEP KI,KR6523373647,fixed_actual_market_donor,0
train-monthly-00440,train,synthetic_monthly,True,STEP no-KI,KR6553340A18,original_template,3
train-regular-00441,train,synthetic_regular,False,STEP no-KI,KR6553362668,fixed_actual_market_donor,0
train-monthly-00441,train,synthetic_monthly,True,LIZARD no-KI,KR6SH0008BL3,original_template,3
train-regular-00442,train,synthetic_regular,False,LIZARD KI,KR65433CR958,fixed_actual_market_donor,3
train-monthly-00442,train,synthetic_monthly,True,STEP KI,KR65233045B5,original_template,0
train-regular-00443,train,synthetic_regular,False,LIZARD no-KI,KR6SS0000QP6,fixed_actual_market_donor,3
train-monthly-00443,train,synthetic_monthly,True,STEP no-KI,KR65533DX951,original_template,3
train-regular-00444,train,synthetic_regular,False,STEP KI,KR6KS00029X9,fixed_actual_market_donor,3
train-monthly-00444,train,synthetic_monthly,True,LIZARD no-KI,KR6SH0008RH7,original_template,3
train-regular-00445,train,synthetic_regular,False,STEP no-KI,KR6663349910,fixed_actual_market_donor,3
train-monthly-00445,train,synthetic_monthly,True,STEP KI,KR6MZ0000D60,original_template,3
train-regular-00446,train,synthetic_regular,False,LIZARD KI,KR65033269B3,fixed_actual_market_donor,3
train-monthly-00446,train,synthetic_monthly,True,STEP no-KI,KR6ZW0003666,original_template,3
train-regular-00447,train,synthetic_regular,False,LIZARD no-KI,20221207000335_9397,fixed_actual_market_donor,3
train-monthly-00447,train,synthetic_monthly,True,LIZARD no-KI,20260423000247_27516,original_template,3
train-regular-00448,train,synthetic_regular,False,STEP KI,KR6SH0000AP3,fixed_actual_market_donor,3
train-monthly-00448,train,synthetic_monthly,True,STEP KI,KR6503309611,original_template,0
train-regular-00449,train,synthetic_regular,False,STEP no-KI,KR65733A2614,fixed_actual_market_donor,0
train-monthly-00449,train,synthetic_monthly,True,STEP no-KI,KR6DS0000HE1,original_template,3
train-regular-00450,train,synthetic_regular,False,LIZARD KI,KR65333B3623,fixed_actual_market_donor,0
train-monthly-00450,train,synthetic_monthly,True,LIZARD no-KI,KR6SH0008A04,original_template,3
train-regular-00451,train,synthetic_regular,False,LIZARD no-KI,KR6533351930,fixed_actual_market_donor,3
train-monthly-00451,train,synthetic_monthly,True,STEP KI,KR6KS0002PD7,original_template,3
train-regular-00452,train,synthetic_regular,False,STEP KI,KR65333BTA20,fixed_actual_market_donor,3
train-monthly-00452,train,synthetic_monthly,True,STEP no-KI,KR6503372734,original_template,2
train-regular-00453,train,synthetic_regular,False,STEP no-KI,KR6KS0002J89,fixed_actual_market_donor,3
train-monthly-00453,train,synthetic_monthly,True,LIZARD no-KI,KR6SH0008QF3,original_template,3
train-regular-00454,train,synthetic_regular,False,LIZARD KI,KR65033749C2,fixed_actual_market_donor,3
train-monthly-00454,train,synthetic_monthly,True,STEP KI,KR65933245A6,original_template,0
train-regular-00455,train,synthetic_regular,False,LIZARD no-KI,KR6MD00048Z9,fixed_actual_market_donor,3
train-monthly-00455,train,synthetic_monthly,True,STEP no-KI,KR6SY0003SH1,original_template,3
train-regular-00456,train,synthetic_regular,False,STEP KI,KR6MD00083M4,fixed_actual_market_donor,3
train-monthly-00456,train,synthetic_monthly,True,LIZARD no-KI,KR65033A6695,original_template,0
train-regular-00457,train,synthetic_regular,False,STEP no-KI,20190711000046_22137,fixed_actual_market_donor,3
train-monthly-00457,train,synthetic_monthly,True,STEP KI,KR6MD0007327,original_template,3
train-regular-00458,train,synthetic_regular,False,LIZARD KI,KR6573304849,fixed_actual_market_donor,3
train-monthly-00458,train,synthetic_monthly,True,STEP no-KI,KR6KB0000DQ5,original_template,3
train-regular-00459,train,synthetic_regular,False,LIZARD no-KI,KR65533E2844,fixed_actual_market_donor,3
train-monthly-00459,train,synthetic_monthly,True,LIZARD no-KI,KR6503397822,original_template,3
train-regular-00460,train,synthetic_regular,False,STEP KI,KR6SH0007G17,fixed_actual_market_donor,3
train-monthly-00460,train,synthetic_monthly,True,STEP KI,20171030000377_3850,original_template,3
train-regular-00461,train,synthetic_regular,False,STEP no-KI,KR6KS00057S0,fixed_actual_market_donor,3
train-monthly-00461,train,synthetic_monthly,True,STEP no-KI,KR6583308574,original_template,0
train-regular-00462,train,synthetic_regular,False,LIZARD KI,KR6DS0000CV6,fixed_actual_market_donor,3
train-monthly-00462,train,synthetic_monthly,True,LIZARD no-KI,KR6503341721,original_template,2
train-regular-00463,train,synthetic_regular,False,LIZARD no-KI,KR65733717A6,fixed_actual_market_donor,3
train-monthly-00463,train,synthetic_monthly,True,STEP KI,KR6KB0001GA0,original_template,3
train-regular-00464,train,synthetic_regular,False,STEP KI,KR6SS0001PY8,fixed_actual_market_donor,3
train-monthly-00464,train,synthetic_monthly,True,STEP no-KI,KR6SH0000VX3,original_template,3
train-regular-00465,train,synthetic_regular,False,STEP no-KI,20191029000079_8309,fixed_actual_market_donor,3
train-monthly-00465,train,synthetic_monthly,True,LIZARD no-KI,KR6SH0008A04,original_template,3
train-regular-00466,train,synthetic_regular,False,LIZARD KI,KR65733D4666,fixed_actual_market_donor,0
train-monthly-00466,train,synthetic_monthly,True,STEP KI,KR6MD0006KM8,original_template,3
train-regular-00467,train,synthetic_regular,False,LIZARD no-KI,KR65333CNA33,fixed_actual_market_donor,3
train-monthly-00467,train,synthetic_monthly,True,STEP no-KI,KR6503343784,original_template,2
train-regular-00468,train,synthetic_regular,False,STEP KI,KR6KS0005LS7,fixed_actual_market_donor,1
train-monthly-00468,train,synthetic_monthly,True,LIZARD no-KI,KR6SH0008MG0,original_template,3
train-regular-00469,train,synthetic_regular,False,STEP no-KI,KR65933105B0,fixed_actual_market_donor,0
train-monthly-00469,train,synthetic_monthly,True,STEP KI,KR6SH0002FL7,original_template,3
train-regular-00470,train,synthetic_regular,False,LIZARD KI,KR6ZW0000G99,fixed_actual_market_donor,3
train-monthly-00470,train,synthetic_monthly,True,STEP no-KI,KR65033075A6,original_template,0
train-regular-00471,train,synthetic_regular,False,LIZARD no-KI,KR6769317969,fixed_actual_market_donor,2
train-monthly-00471,train,synthetic_monthly,True,LIZARD no-KI,KR6SH0008PV2,original_template,3
train-regular-00472,train,synthetic_regular,False,STEP KI,KR6MD0005ER2,fixed_actual_market_donor,3
train-monthly-00472,train,synthetic_monthly,True,STEP KI,KR6KW0002496,original_template,3
train-regular-00473,train,synthetic_regular,False,STEP no-KI,KR67033349A1,fixed_actual_market_donor,3
train-monthly-00473,train,synthetic_monthly,True,STEP no-KI,KR65833C19C1,original_template,3
train-regular-00474,train,synthetic_regular,False,LIZARD KI,KR6553339922,fixed_actual_market_donor,3
train-monthly-00474,train,synthetic_monthly,True,LIZARD no-KI,KR6SH0008LA5,original_template,3
train-regular-00475,train,synthetic_regular,False,LIZARD no-KI,KR6SS0003RM5,fixed_actual_market_donor,3
train-monthly-00475,train,synthetic_monthly,True,STEP KI,KR6KW00018N7,original_template,3
train-regular-00476,train,synthetic_regular,False,STEP KI,KR6503381917,fixed_actual_market_donor,3
train-monthly-00476,train,synthetic_monthly,True,STEP no-KI,KR6543358A83,original_template,3
train-regular-00477,train,synthetic_regular,False,STEP no-KI,KR6BK0000JN9,fixed_actual_market_donor,3
train-monthly-00477,train,synthetic_monthly,True,LIZARD no-KI,KR65033A6695,original_template,0
train-regular-00478,train,synthetic_regular,False,LIZARD KI,KR6KS00046W5,fixed_actual_market_donor,3
train-monthly-00478,train,synthetic_monthly,True,STEP KI,KR6703323859,original_template,3
train-regular-00479,train,synthetic_regular,False,LIZARD no-KI,KR65333E99C0,fixed_actual_market_donor,3
train-monthly-00479,train,synthetic_monthly,True,STEP no-KI,KR6553311657,original_template,0
train-regular-00480,train,synthetic_regular,False,STEP KI,KR6MD0005JS9,fixed_actual_market_donor,3
train-monthly-00480,train,synthetic_monthly,True,LIZARD no-KI,KR6SH0008X80,original_template,3
train-regular-00481,train,synthetic_regular,False,STEP no-KI,20240612000123_29597,fixed_actual_market_donor,2
train-monthly-00481,train,synthetic_monthly,True,STEP KI,KR6543305819,original_template,3
train-regular-00482,train,synthetic_regular,False,LIZARD KI,KR6SH00037Z2,fixed_actual_market_donor,3
train-monthly-00482,train,synthetic_monthly,True,STEP no-KI,KR65033AY873,original_template,3
train-regular-00483,train,synthetic_regular,False,LIZARD no-KI,KR65333098B3,fixed_actual_market_donor,3
train-monthly-00483,train,synthetic_monthly,True,LIZARD no-KI,KR6SH0008X80,original_template,3
train-regular-00484,train,synthetic_regular,False,STEP KI,KR6KB0007DA4,fixed_actual_market_donor,3
train-monthly-00484,train,synthetic_monthly,True,STEP KI,KR6SY0001VW8,original_template,2
train-regular-00485,train,synthetic_regular,False,STEP no-KI,KR6MZ0001HB1,fixed_actual_market_donor,3
train-monthly-00485,train,synthetic_monthly,True,STEP no-KI,KR6SY0000ZF6,original_template,3
train-regular-00486,train,synthetic_regular,False,LIZARD KI,KR65233DS867,fixed_actual_market_donor,3
train-monthly-00486,train,synthetic_monthly,True,LIZARD no-KI,KR65033EA818,original_template,3
train-regular-00487,train,synthetic_regular,False,LIZARD no-KI,KR6533376A66,fixed_actual_market_donor,3
train-monthly-00487,train,synthetic_monthly,True,STEP KI,KR6MD0003H77,original_template,3
train-regular-00488,train,synthetic_regular,False,STEP KI,KR6503365795,fixed_actual_market_donor,2
train-monthly-00488,train,synthetic_monthly,True,STEP no-KI,KR6583322625,original_template,0
train-regular-00489,train,synthetic_regular,False,STEP no-KI,KR65333CC630,fixed_actual_market_donor,0
train-monthly-00489,train,synthetic_monthly,True,LIZARD no-KI,KR65033BD6A3,original_template,0
train-regular-00490,train,synthetic_regular,False,LIZARD KI,KR65033B1547,fixed_actual_market_donor,0
train-monthly-00490,train,synthetic_monthly,True,STEP KI,KR6773309689,original_template,0
train-regular-00491,train,synthetic_regular,False,LIZARD no-KI,KR6HH0001610,fixed_actual_market_donor,3
train-monthly-00491,train,synthetic_monthly,True,STEP no-KI,KR65733BJ943,original_template,3
train-regular-00492,train,synthetic_regular,False,STEP KI,KR6BK0000E69,fixed_actual_market_donor,3
train-monthly-00492,train,synthetic_monthly,True,LIZARD no-KI,KR65033A6695,original_template,0
train-regular-00493,train,synthetic_regular,False,STEP no-KI,KR6HH00008J0,fixed_actual_market_donor,3
train-monthly-00493,train,synthetic_monthly,True,STEP KI,KR65533A7615,original_template,0
train-regular-00494,train,synthetic_regular,False,LIZARD KI,KR6SH0006WV2,fixed_actual_market_donor,3
train-monthly-00494,train,synthetic_monthly,True,STEP no-KI,KR6SH0000VX3,original_template,3
train-regular-00495,train,synthetic_regular,False,LIZARD no-KI,KR6529362974,fixed_actual_market_donor,2
train-monthly-00495,train,synthetic_monthly,True,LIZARD no-KI,KR6SH00071M9,original_template,3
train-regular-00496,train,synthetic_regular,False,STEP KI,KR65333FQ948,fixed_actual_market_donor,3
train-monthly-00496,train,synthetic_monthly,True,STEP KI,KR6MD00052W8,original_template,3
train-regular-00497,train,synthetic_regular,False,STEP no-KI,KR6SH0006W42,fixed_actual_market_donor,3
train-monthly-00497,train,synthetic_monthly,True,STEP no-KI,KR6ZW0002SP5,original_template,3
train-regular-00498,train,synthetic_regular,False,LIZARD KI,KR6MD0006Y57,fixed_actual_market_donor,3
train-monthly-00498,train,synthetic_monthly,True,LIZARD no-KI,20260423000247_27516,original_template,3
train-regular-00499,train,synthetic_regular,False,LIZARD no-KI,KR6703396A20,fixed_actual_market_donor,3
train-monthly-00499,train,synthetic_monthly,True,STEP KI,KR6523382754,original_template,2
train-regular-00500,train,synthetic_regular,False,STEP KI,KR6573330547,fixed_actual_market_donor,0
train-monthly-00500,train,synthetic_monthly,True,STEP no-KI,KR6DS0000GZ8,original_template,3
train-regular-00501,train,synthetic_regular,False,STEP no-KI,KR6SH00036P5,fixed_actual_market_donor,3
train-monthly-00501,train,synthetic_monthly,True,LIZARD no-KI,KR6SH0006KT1,original_template,3
train-regular-00502,train,synthetic_regular,False,LIZARD KI,KR6ZW0000PT7,fixed_actual_market_donor,3
train-monthly-00502,train,synthetic_monthly,True,STEP KI,KR6KB0002201,original_template,3
train-regular-00503,train,synthetic_regular,False,LIZARD no-KI,KR6SH0008WL9,fixed_actual_market_donor,3
train-monthly-00503,train,synthetic_monthly,True,STEP no-KI,KR6MD0001DV5,original_template,3
train-regular-00504,train,synthetic_regular,False,STEP KI,KR6EG00000S2,fixed_actual_market_donor,3
train-monthly-00504,train,synthetic_monthly,True,LIZARD no-KI,20260423000247_27516,original_template,3
train-regular-00505,train,synthetic_regular,False,STEP no-KI,KR6573390939,fixed_actual_market_donor,3
train-monthly-00505,train,synthetic_monthly,True,STEP KI,KR65733BZ8B4,original_template,3
train-regular-00506,train,synthetic_regular,False,LIZARD KI,KR6533342855,fixed_actual_market_donor,3
train-monthly-00506,train,synthetic_monthly,True,STEP no-KI,KR6MD00035W3,original_template,3
train-regular-00507,train,synthetic_regular,False,LIZARD no-KI,KR6573313A68,fixed_actual_market_donor,3
train-monthly-00507,train,synthetic_monthly,True,LIZARD no-KI,KR6SH0008YH3,original_template,3
train-regular-00508,train,synthetic_regular,False,STEP KI,KR65733E4715,fixed_actual_market_donor,2
train-monthly-00508,train,synthetic_monthly,True,STEP KI,KR65233BV766,original_template,2
train-regular-00509,train,synthetic_regular,False,STEP no-KI,KR6MD0005NW3,fixed_actual_market_donor,3
train-monthly-00509,train,synthetic_monthly,True,STEP no-KI,KR6523347955,original_template,3
train-regular-00510,train,synthetic_regular,False,LIZARD KI,KR6573351832,fixed_actual_market_donor,3
train-monthly-00510,train,synthetic_monthly,True,LIZARD no-KI,KR6SH0008JC5,original_template,3
train-regular-00511,train,synthetic_regular,False,LIZARD no-KI,KR6SH0004HD6,fixed_actual_market_donor,3
train-monthly-00511,train,synthetic_monthly,True,STEP KI,KR65733AJ523,original_template,0
train-regular-00512,train,synthetic_regular,False,STEP KI,KR65333F3736,fixed_actual_market_donor,3
train-monthly-00512,train,synthetic_monthly,True,STEP no-KI,KR6MD0003XL0,original_template,3
train-regular-00513,train,synthetic_regular,False,STEP no-KI,KR6KS00022S4,fixed_actual_market_donor,1
train-monthly-00513,train,synthetic_monthly,True,LIZARD no-KI,KR6503375836,original_template,3
train-regular-00514,train,synthetic_regular,False,LIZARD KI,KR6SH0004AN0,fixed_actual_market_donor,3
train-monthly-00514,train,synthetic_monthly,True,STEP KI,KR6MZ0000W67,original_template,3
train-regular-00515,train,synthetic_regular,False,LIZARD no-KI,KR6NH0003GZ4,fixed_actual_market_donor,3
train-monthly-00515,train,synthetic_monthly,True,STEP no-KI,KR6523387860,original_template,3
train-regular-00516,train,synthetic_regular,False,STEP KI,KR67933018B1,fixed_actual_market_donor,3
train-monthly-00516,train,synthetic_monthly,True,LIZARD no-KI,KR65033406B1,original_template,0
train-regular-00517,train,synthetic_regular,False,STEP no-KI,KR65733C9518,fixed_actual_market_donor,0
train-monthly-00517,train,synthetic_monthly,True,STEP KI,KR65733A39C5,original_template,3
train-regular-00518,train,synthetic_regular,False,LIZARD KI,KR6MD0004NA2,fixed_actual_market_donor,3
train-monthly-00518,train,synthetic_monthly,True,STEP no-KI,20201216000261_7079,original_template,3
train-regular-00519,train,synthetic_regular,False,LIZARD no-KI,KR6SH0002XP1,fixed_actual_market_donor,1
train-monthly-00519,train,synthetic_monthly,True,LIZARD no-KI,KR6SH0006YQ8,original_template,3
train-regular-00520,train,synthetic_regular,False,STEP KI,KR65333BX992,fixed_actual_market_donor,3
train-monthly-00520,train,synthetic_monthly,True,STEP KI,KR65233CG526,original_template,0
train-regular-00521,train,synthetic_regular,False,STEP no-KI,KR6613327A74,fixed_actual_market_donor,3
train-monthly-00521,train,synthetic_monthly,True,STEP no-KI,KR65033AN751,original_template,2
train-regular-00522,train,synthetic_regular,False,LIZARD KI,KR67033967B8,fixed_actual_market_donor,3
train-monthly-00522,train,synthetic_monthly,True,LIZARD no-KI,KR6SH0008PJ7,original_template,3
train-regular-00523,train,synthetic_regular,False,LIZARD no-KI,KR6BK0000KL1,fixed_actual_market_donor,3
train-monthly-00523,train,synthetic_monthly,True,STEP KI,KR6MZ0000WL1,original_template,3
train-regular-00524,train,synthetic_regular,False,STEP KI,KR6NH0001JX7,fixed_actual_market_donor,3
train-monthly-00524,train,synthetic_monthly,True,STEP no-KI,KR6HN00051H6,original_template,3
train-regular-00525,train,synthetic_regular,False,STEP no-KI,KR6SS0005078,fixed_actual_market_donor,3
train-monthly-00525,train,synthetic_monthly,True,LIZARD no-KI,20251204000472_27077,original_template,3
train-regular-00526,train,synthetic_regular,False,LIZARD KI,KR6513314783,fixed_actual_market_donor,2
train-monthly-00526,train,synthetic_monthly,True,STEP KI,KR6703323859,original_template,3
train-regular-00527,train,synthetic_regular,False,LIZARD no-KI,KR6703340A27,fixed_actual_market_donor,3
train-monthly-00527,train,synthetic_monthly,True,STEP no-KI,KR65033CN955,original_template,3
train-regular-00528,train,synthetic_regular,False,STEP KI,KR67033B4869,fixed_actual_market_donor,3
train-monthly-00528,train,synthetic_monthly,True,LIZARD no-KI,20260423000247_27516,original_template,3
train-regular-00529,train,synthetic_regular,False,STEP no-KI,KR6KW00038L9,fixed_actual_market_donor,3
train-monthly-00529,train,synthetic_monthly,True,STEP KI,KR6583311552,original_template,0
train-regular-00530,train,synthetic_regular,False,LIZARD KI,KR6MD00040X1,fixed_actual_market_donor,3
train-monthly-00530,train,synthetic_monthly,True,STEP no-KI,KR6503392740,original_template,2
train-regular-00531,train,synthetic_regular,False,LIZARD no-KI,KR65733CF964,fixed_actual_market_donor,3
train-monthly-00531,train,synthetic_monthly,True,LIZARD no-KI,KR6SH0008X80,original_template,3
train-regular-00532,train,synthetic_regular,False,STEP KI,KR6MD0001HM5,fixed_actual_market_donor,3
train-monthly-00532,train,synthetic_monthly,True,STEP KI,KR6543337788,original_template,2
train-regular-00533,train,synthetic_regular,False,STEP no-KI,KR6523339614,fixed_actual_market_donor,0
train-monthly-00533,train,synthetic_monthly,True,STEP no-KI,KR6553312622,original_template,0
train-regular-00534,train,synthetic_regular,False,LIZARD KI,KR65033BQ844,fixed_actual_market_donor,3
train-monthly-00534,train,synthetic_monthly,True,LIZARD no-KI,KR6SH0008FE9,original_template,3
train-regular-00535,train,synthetic_regular,False,LIZARD no-KI,KR6NH0003QC2,fixed_actual_market_donor,3
train-monthly-00535,train,synthetic_monthly,True,STEP KI,KR67033867C8,original_template,3
train-regular-00536,train,synthetic_regular,False,STEP KI,KR6MD0002C32,fixed_actual_market_donor,2
train-monthly-00536,train,synthetic_monthly,True,STEP no-KI,KR6503387682,original_template,0
train-regular-00537,train,synthetic_regular,False,STEP no-KI,KR65033B5A24,fixed_actual_market_donor,3
train-monthly-00537,train,synthetic_monthly,True,LIZARD no-KI,KR6SH0008X80,original_template,3
train-regular-00538,train,synthetic_regular,False,LIZARD KI,KR6533385A24,fixed_actual_market_donor,3
train-monthly-00538,train,synthetic_monthly,True,STEP KI,KR6KW0004Y66,original_template,3
train-regular-00539,train,synthetic_regular,False,LIZARD no-KI,KR65033AM845,fixed_actual_market_donor,3
train-monthly-00539,train,synthetic_monthly,True,STEP no-KI,KR6503333A79,original_template,3
train-regular-00540,train,synthetic_regular,False,STEP KI,KR6SS0002HL0,fixed_actual_market_donor,3
train-monthly-00540,train,synthetic_monthly,True,LIZARD no-KI,KR6SH00075V1,original_template,3
train-regular-00541,train,synthetic_regular,False,STEP no-KI,KR6533320950,fixed_actual_market_donor,3
train-monthly-00541,train,synthetic_monthly,True,STEP KI,KR6SH0005DR2,original_template,3
train-regular-00542,train,synthetic_regular,False,LIZARD KI,KR65833AN713,fixed_actual_market_donor,2
train-monthly-00542,train,synthetic_monthly,True,STEP no-KI,KR6KS0001RN4,original_template,3
train-regular-00543,train,synthetic_regular,False,LIZARD no-KI,KR6MD0000728,fixed_actual_market_donor,2
train-monthly-00543,train,synthetic_monthly,True,LIZARD no-KI,KR6SH0008711,original_template,3
train-regular-00544,train,synthetic_regular,False,STEP KI,KR6579344971,fixed_actual_market_donor,2
train-monthly-00544,train,synthetic_monthly,True,STEP KI,KR6MZ00016T3,original_template,3
train-regular-00545,train,synthetic_regular,False,STEP no-KI,KR6SH0002128,fixed_actual_market_donor,3
train-monthly-00545,train,synthetic_monthly,True,STEP no-KI,KR6503313563,original_template,0
train-regular-00546,train,synthetic_regular,False,LIZARD KI,KR67933049B6,fixed_actual_market_donor,3
train-monthly-00546,train,synthetic_monthly,True,LIZARD no-KI,KR65033EA818,original_template,3
train-regular-00547,train,synthetic_regular,False,LIZARD no-KI,KR6KS00023P8,fixed_actual_market_donor,3
train-monthly-00547,train,synthetic_monthly,True,STEP KI,KR6503376578,original_template,0
train-regular-00548,train,synthetic_regular,False,STEP KI,KR65333EY630,fixed_actual_market_donor,0
train-monthly-00548,train,synthetic_monthly,True,STEP no-KI,20151002000349_11675,original_template,0
train-regular-00549,train,synthetic_regular,False,STEP no-KI,KR6613333857,fixed_actual_market_donor,3
train-monthly-00549,train,synthetic_monthly,True,LIZARD no-KI,KR6SH0009164,original_template,3
train-regular-00550,train,synthetic_regular,False,LIZARD KI,KR6MD0005YP4,fixed_actual_market_donor,2
train-monthly-00550,train,synthetic_monthly,True,STEP KI,KR6MD0006A97,original_template,3
train-regular-00551,train,synthetic_regular,False,LIZARD no-KI,KR6703398A77,fixed_actual_market_donor,3
train-monthly-00551,train,synthetic_monthly,True,STEP no-KI,KR6SH00012S0,original_template,3
train-regular-00552,train,synthetic_regular,False,STEP KI,KR65533527B9,fixed_actual_market_donor,3
train-monthly-00552,train,synthetic_monthly,True,LIZARD no-KI,KR6SH0008BL3,original_template,3
train-regular-00553,train,synthetic_regular,False,STEP no-KI,KR65433AY958,fixed_actual_market_donor,3
train-monthly-00553,train,synthetic_monthly,True,STEP KI,KR6573388982,original_template,3
train-regular-00554,train,synthetic_regular,False,LIZARD KI,KR6503315568,fixed_actual_market_donor,0
train-monthly-00554,train,synthetic_monthly,True,STEP no-KI,KR6ZW0004714,original_template,3
train-regular-00555,train,synthetic_regular,False,LIZARD no-KI,KR65333AM831,fixed_actual_market_donor,3
train-monthly-00555,train,synthetic_monthly,True,LIZARD no-KI,KR6SH00075V1,original_template,3
train-regular-00556,train,synthetic_regular,False,STEP KI,KR65333ENA15,fixed_actual_market_donor,3
train-monthly-00556,train,synthetic_monthly,True,STEP KI,KR6MD0004829,original_template,3
train-regular-00557,train,synthetic_regular,False,STEP no-KI,KR6NH0000D04,fixed_actual_market_donor,3
train-monthly-00557,train,synthetic_monthly,True,STEP no-KI,KR6SH0005JQ1,original_template,3
train-regular-00558,train,synthetic_regular,False,LIZARD KI,KR65033AP996,fixed_actual_market_donor,3
train-monthly-00558,train,synthetic_monthly,True,LIZARD no-KI,KR6SH00088N1,original_template,3
train-regular-00559,train,synthetic_regular,False,LIZARD no-KI,KR6523338970,fixed_actual_market_donor,3
train-monthly-00559,train,synthetic_monthly,True,STEP KI,KR6MD0003J00,original_template,3
train-regular-00560,train,synthetic_regular,False,STEP KI,KR6503309A12,fixed_actual_market_donor,3
train-monthly-00560,train,synthetic_monthly,True,STEP no-KI,KR65033AB624,original_template,0
train-regular-00561,train,synthetic_regular,False,STEP no-KI,20171127000157_732,fixed_actual_market_donor,3
train-monthly-00561,train,synthetic_monthly,True,LIZARD no-KI,20260423000247_27516,original_template,3
train-regular-00562,train,synthetic_regular,False,LIZARD KI,KR65233BE7B6,fixed_actual_market_donor,3
train-monthly-00562,train,synthetic_monthly,True,STEP KI,KR6SH0002QD1,original_template,3
train-regular-00563,train,synthetic_regular,False,LIZARD no-KI,KR6503366843,fixed_actual_market_donor,3
train-monthly-00563,train,synthetic_monthly,True,STEP no-KI,KR6503320A58,original_template,3
train-regular-00564,train,synthetic_regular,False,STEP KI,KR65333C3721,fixed_actual_market_donor,3
train-monthly-00564,train,synthetic_monthly,True,LIZARD no-KI,KR6SH0008JC5,original_template,3
train-regular-00565,train,synthetic_regular,False,STEP no-KI,KR6HN0003BS0,fixed_actual_market_donor,3
train-monthly-00565,train,synthetic_monthly,True,STEP KI,KR6MD0002FG9,original_template,2
train-regular-00566,train,synthetic_regular,False,LIZARD KI,20210701000052_26414,fixed_actual_market_donor,3
train-monthly-00566,train,synthetic_monthly,True,STEP no-KI,KR6573322510,original_template,0
train-regular-00567,train,synthetic_regular,False,LIZARD no-KI,KR6SH00048C8,fixed_actual_market_donor,3
train-monthly-00567,train,synthetic_monthly,True,LIZARD no-KI,KR6SH00071M9,original_template,3
train-regular-00568,train,synthetic_regular,False,STEP KI,KR6HH0000S39,fixed_actual_market_donor,3
train-monthly-00568,train,synthetic_monthly,True,STEP KI,KR6KW0005AW4,original_template,3
train-regular-00569,train,synthetic_regular,False,STEP no-KI,KR6NH0001HY9,fixed_actual_market_donor,3
train-monthly-00569,train,synthetic_monthly,True,STEP no-KI,KR6MZ0001KX9,original_template,3
train-regular-00570,train,synthetic_regular,False,LIZARD KI,KR6ZY0001H20,fixed_actual_market_donor,3
train-monthly-00570,train,synthetic_monthly,True,LIZARD no-KI,KR6503341721,original_template,2
train-regular-00571,train,synthetic_regular,False,LIZARD no-KI,KR6MZ0000FS1,fixed_actual_market_donor,3
train-monthly-00571,train,synthetic_monthly,True,STEP KI,KR6SY0002Y01,original_template,3
train-regular-00572,train,synthetic_regular,False,STEP KI,KR6583350949,fixed_actual_market_donor,3
train-monthly-00572,train,synthetic_monthly,True,STEP no-KI,KR6503355572,original_template,0
train-regular-00573,train,synthetic_regular,False,STEP no-KI,KR65733BL865,fixed_actual_market_donor,3
train-monthly-00573,train,synthetic_monthly,True,LIZARD no-KI,KR65033406B1,original_template,0
train-regular-00574,train,synthetic_regular,False,LIZARD KI,KR6613339870,fixed_actual_market_donor,3
train-monthly-00574,train,synthetic_monthly,True,STEP KI,KR6MD0006JK4,original_template,3
train-regular-00575,train,synthetic_regular,False,LIZARD no-KI,KR6SH0007P24,fixed_actual_market_donor,3
train-monthly-00575,train,synthetic_monthly,True,STEP no-KI,KR6ZW0000GJ7,original_template,3
train-regular-00576,train,synthetic_regular,False,STEP KI,20250829001634_3956,fixed_actual_market_donor,3
train-monthly-00576,train,synthetic_monthly,True,LIZARD no-KI,KR65033EA818,original_template,3
train-regular-00577,train,synthetic_regular,False,STEP no-KI,KR6543331724,fixed_actual_market_donor,2
train-monthly-00577,train,synthetic_monthly,True,STEP KI,KR6KS0007KG0,original_template,3
train-regular-00578,train,synthetic_regular,False,LIZARD KI,KR6BK0000Q65,fixed_actual_market_donor,3
train-monthly-00578,train,synthetic_monthly,True,STEP no-KI,KR6593386669,original_template,0
train-regular-00579,train,synthetic_regular,False,LIZARD no-KI,KR6ZY0001583,fixed_actual_market_donor,3
train-monthly-00579,train,synthetic_monthly,True,LIZARD no-KI,KR6SH0008XJ1,original_template,3
train-regular-00580,train,synthetic_regular,False,STEP KI,KR65233219C4,fixed_actual_market_donor,3
train-monthly-00580,train,synthetic_monthly,True,STEP KI,KR6573373968,original_template,3
train-regular-00581,train,synthetic_regular,False,STEP no-KI,KR6533319952,fixed_actual_market_donor,3
train-monthly-00581,train,synthetic_monthly,True,STEP no-KI,KR6HN00049T5,original_template,3
train-regular-00582,train,synthetic_regular,False,LIZARD KI,KR65233B0836,fixed_actual_market_donor,3
train-monthly-00582,train,synthetic_monthly,True,LIZARD no-KI,KR6SH00088N1,original_template,3
train-regular-00583,train,synthetic_regular,False,LIZARD no-KI,KR65733C4725,fixed_actual_market_donor,2
train-monthly-00583,train,synthetic_monthly,True,STEP KI,KR65733719B0,original_template,3
train-regular-00584,train,synthetic_regular,False,STEP KI,KR65233A2742,fixed_actual_market_donor,3
train-monthly-00584,train,synthetic_monthly,True,STEP no-KI,KR65033878C9,original_template,3
train-regular-00585,train,synthetic_regular,False,STEP no-KI,KR6ZW00005B2,fixed_actual_market_donor,2
train-monthly-00585,train,synthetic_monthly,True,LIZARD no-KI,KR6SH0008WC8,original_template,3
train-regular-00586,train,synthetic_regular,False,LIZARD KI,KR65033BLA39,fixed_actual_market_donor,3
train-monthly-00586,train,synthetic_monthly,True,STEP KI,KR6KS0003XX7,original_template,3
train-regular-00587,train,synthetic_regular,False,LIZARD no-KI,KR6KW0002BZ2,fixed_actual_market_donor,3
train-monthly-00587,train,synthetic_monthly,True,STEP no-KI,KR6503384846,original_template,3
train-regular-00588,train,synthetic_regular,False,STEP KI,KR6ZW0000704,fixed_actual_market_donor,3
train-monthly-00588,train,synthetic_monthly,True,LIZARD no-KI,KR6503397822,original_template,3
train-regular-00589,train,synthetic_regular,False,STEP no-KI,KR6SH0004YM2,fixed_actual_market_donor,3
train-monthly-00589,train,synthetic_monthly,True,STEP KI,KR6523328583,original_template,0
train-regular-00590,train,synthetic_regular,False,LIZARD KI,KR6503364533,fixed_actual_market_donor,0
train-monthly-00590,train,synthetic_monthly,True,STEP no-KI,KR6MZ0000LW1,original_template,3
train-regular-00591,train,synthetic_regular,False,LIZARD no-KI,KR6543302865,fixed_actual_market_donor,3
train-monthly-00591,train,synthetic_monthly,True,LIZARD no-KI,KR6503383723,original_template,2
train-regular-00592,train,synthetic_regular,False,STEP KI,KR65233AX6B6,fixed_actual_market_donor,0
train-monthly-00592,train,synthetic_monthly,True,STEP KI,KR65733BRA28,original_template,3
train-regular-00593,train,synthetic_regular,False,STEP no-KI,KR6533348936,fixed_actual_market_donor,3
train-monthly-00593,train,synthetic_monthly,True,STEP no-KI,KR6763307982,original_template,3
train-regular-00594,train,synthetic_regular,False,LIZARD KI,KR6MD0001ER1,fixed_actual_market_donor,3
train-monthly-00594,train,synthetic_monthly,True,LIZARD no-KI,KR6503370696,original_template,0
train-regular-00595,train,synthetic_regular,False,LIZARD no-KI,KR6SS0002S15,fixed_actual_market_donor,3
train-monthly-00595,train,synthetic_monthly,True,STEP KI,KR65733DE775,original_template,2
train-regular-00596,train,synthetic_regular,False,STEP KI,KR6HH0000ZW9,fixed_actual_market_donor,3
train-monthly-00596,train,synthetic_monthly,True,STEP no-KI,KR6ZW0003XE7,original_template,3
train-regular-00597,train,synthetic_regular,False,STEP no-KI,KR6KB0005N97,fixed_actual_market_donor,3
train-monthly-00597,train,synthetic_monthly,True,LIZARD no-KI,KR65033526B6,original_template,0
train-regular-00598,train,synthetic_regular,False,LIZARD KI,KR6MD00065A6,fixed_actual_market_donor,3
train-monthly-00598,train,synthetic_monthly,True,STEP KI,KR6523363598,original_template,0
train-regular-00599,train,synthetic_regular,False,LIZARD no-KI,KR65733CM9A8,fixed_actual_market_donor,3
train-monthly-00599,train,synthetic_monthly,True,STEP no-KI,KR6583332A80,original_template,3
train-regular-00600,train,synthetic_regular,False,STEP KI,KR6DS0000EM1,fixed_actual_market_donor,3
train-monthly-00600,train,synthetic_monthly,True,LIZARD no-KI,KR65033D1818,original_template,3
train-regular-00601,train,synthetic_regular,False,STEP no-KI,20220204000273_27658,fixed_actual_market_donor,3
train-monthly-00601,train,synthetic_monthly,True,STEP KI,KR6SH0004HV8,original_template,3
train-regular-00602,train,synthetic_regular,False,LIZARD KI,KR6KS00032V7,fixed_actual_market_donor,3
train-monthly-00602,train,synthetic_monthly,True,STEP no-KI,KR65033337B8,original_template,3
train-regular-00603,train,synthetic_regular,False,LIZARD no-KI,KR6HN00085W3,fixed_actual_market_donor,3
train-monthly-00603,train,synthetic_monthly,True,LIZARD no-KI,KR6503398713,original_template,2
train-regular-00604,train,synthetic_regular,False,STEP KI,KR6523315A79,fixed_actual_market_donor,3
train-monthly-00604,train,synthetic_monthly,True,STEP KI,KR6573349844,original_template,3
train-regular-00605,train,synthetic_regular,False,STEP no-KI,20210701000028_26408,fixed_actual_market_donor,3
train-monthly-00605,train,synthetic_monthly,True,STEP no-KI,KR6573399849,original_template,3
train-regular-00606,train,synthetic_regular,False,LIZARD KI,KR65133A1562,fixed_actual_market_donor,0
train-monthly-00606,train,synthetic_monthly,True,LIZARD no-KI,KR6SH00071M9,original_template,3
train-regular-00607,train,synthetic_regular,False,LIZARD no-KI,20200331000314_19384,fixed_actual_market_donor,3
train-monthly-00607,train,synthetic_monthly,True,STEP KI,KR6KB0001GG7,original_template,3
train-regular-00608,train,synthetic_regular,False,STEP KI,KR6533308724,fixed_actual_market_donor,2
train-monthly-00608,train,synthetic_monthly,True,STEP no-KI,KR6SH0002SD7,original_template,3
train-regular-00609,train,synthetic_regular,False,STEP no-KI,KR6HN0006ZQ6,fixed_actual_market_donor,3
train-monthly-00609,train,synthetic_monthly,True,LIZARD no-KI,KR6SH0006KT1,original_template,3
train-regular-00610,train,synthetic_regular,False,LIZARD KI,KR65733AZ719,fixed_actual_market_donor,2
train-monthly-00610,train,synthetic_monthly,True,STEP KI,KR6573325A31,original_template,3
train-regular-00611,train,synthetic_regular,False,LIZARD no-KI,KR6503386676,fixed_actual_market_donor,0
train-monthly-00611,train,synthetic_monthly,True,STEP no-KI,KR65433AR952,original_template,3
train-regular-00612,train,synthetic_regular,False,STEP KI,KR6543365797,fixed_actual_market_donor,2
train-monthly-00612,train,synthetic_monthly,True,LIZARD no-KI,KR6SH0008NJ2,original_template,3
train-regular-00613,train,synthetic_regular,False,STEP no-KI,KR65333735C8,fixed_actual_market_donor,0
train-monthly-00613,train,synthetic_monthly,True,STEP KI,KR6523356519,original_template,0
train-regular-00614,train,synthetic_regular,False,LIZARD KI,KR6513343576,fixed_actual_market_donor,0
train-monthly-00614,train,synthetic_monthly,True,STEP no-KI,KR6MD0001DN2,original_template,3
train-regular-00615,train,synthetic_regular,False,LIZARD no-KI,KR66533489A2,fixed_actual_market_donor,3
train-monthly-00615,train,synthetic_monthly,True,LIZARD no-KI,KR6SH0008VE6,original_template,3
train-regular-00616,train,synthetic_regular,False,STEP KI,KR6HN0006724,fixed_actual_market_donor,3
train-monthly-00616,train,synthetic_monthly,True,STEP KI,KR6SY0000200,original_template,3
train-regular-00617,train,synthetic_regular,False,STEP no-KI,KR6HH0001305,fixed_actual_market_donor,3
train-monthly-00617,train,synthetic_monthly,True,STEP no-KI,KR6573333921,original_template,3
train-regular-00618,train,synthetic_regular,False,LIZARD KI,KR6653339863,fixed_actual_market_donor,3
train-monthly-00618,train,synthetic_monthly,True,LIZARD no-KI,KR6SH0006YQ8,original_template,3
train-regular-00619,train,synthetic_regular,False,LIZARD no-KI,KR6583325578,fixed_actual_market_donor,0
train-monthly-00619,train,synthetic_monthly,True,STEP KI,KR6MZ0000SN5,original_template,3
train-regular-00620,train,synthetic_regular,False,STEP KI,KR6KS0005CJ5,fixed_actual_market_donor,3
train-monthly-00620,train,synthetic_monthly,True,STEP no-KI,KR6MD00044V7,original_template,3
train-regular-00621,train,synthetic_regular,False,STEP no-KI,KR6KB0001641,fixed_actual_market_donor,3
train-monthly-00621,train,synthetic_monthly,True,LIZARD no-KI,KR6SH0008PJ7,original_template,3
train-regular-00622,train,synthetic_regular,False,LIZARD KI,KR6SY0000LY7,fixed_actual_market_donor,2
train-monthly-00622,train,synthetic_monthly,True,STEP KI,KR6MD0007AG9,original_template,3
train-regular-00623,train,synthetic_regular,False,LIZARD no-KI,KR6YT0000KR1,fixed_actual_market_donor,3
train-monthly-00623,train,synthetic_monthly,True,STEP no-KI,KR6503334A11,original_template,3
train-regular-00624,train,synthetic_regular,False,STEP KI,KR6KW00015F9,fixed_actual_market_donor,3
train-monthly-00624,train,synthetic_monthly,True,LIZARD no-KI,KR6SH0008K77,original_template,3
train-regular-00625,train,synthetic_regular,False,STEP no-KI,KR6MD0008598,fixed_actual_market_donor,3
train-monthly-00625,train,synthetic_monthly,True,STEP KI,KR6SH0002QB5,original_template,3
train-regular-00626,train,synthetic_regular,False,LIZARD KI,KR6513366528,fixed_actual_market_donor,0
train-monthly-00626,train,synthetic_monthly,True,STEP no-KI,KR6SH00034V8,original_template,3
train-regular-00627,train,synthetic_regular,False,LIZARD no-KI,KR6583335965,fixed_actual_market_donor,3
train-monthly-00627,train,synthetic_monthly,True,LIZARD no-KI,KR6SH0008DP0,original_template,3
train-regular-00628,train,synthetic_regular,False,STEP KI,KR6523343822,fixed_actual_market_donor,3
train-monthly-00628,train,synthetic_monthly,True,STEP KI,KR6573379874,original_template,3
train-regular-00629,train,synthetic_regular,False,STEP no-KI,KR65033477A4,fixed_actual_market_donor,3
train-monthly-00629,train,synthetic_monthly,True,STEP no-KI,KR6513320863,original_template,3
train-regular-00630,train,synthetic_regular,False,LIZARD KI,KR6SH0003BM2,fixed_actual_market_donor,3
train-monthly-00630,train,synthetic_monthly,True,LIZARD no-KI,KR6SH0008DB0,original_template,3
train-regular-00631,train,synthetic_regular,False,LIZARD no-KI,KR6SH0003XG8,fixed_actual_market_donor,3
train-monthly-00631,train,synthetic_monthly,True,STEP KI,KR6KB0001ER9,original_template,3
train-regular-00632,train,synthetic_regular,False,STEP KI,KR6MD0000GT4,fixed_actual_market_donor,2
train-monthly-00632,train,synthetic_monthly,True,STEP no-KI,KR6583378841,original_template,3
train-regular-00633,train,synthetic_regular,False,STEP no-KI,KR6SS0001DK3,fixed_actual_market_donor,3
train-monthly-00633,train,synthetic_monthly,True,LIZARD no-KI,KR6SH0008XJ1,original_template,3
train-regular-00634,train,synthetic_regular,False,LIZARD KI,KR6SH0006BW4,fixed_actual_market_donor,3
train-monthly-00634,train,synthetic_monthly,True,STEP KI,KR65733CE744,original_template,2
train-regular-00635,train,synthetic_regular,False,LIZARD no-KI,KR65333CR687,fixed_actual_market_donor,0
train-monthly-00635,train,synthetic_monthly,True,STEP no-KI,KR6503392815,original_template,3
train-regular-00636,train,synthetic_regular,False,STEP KI,KR6KS0004JR6,fixed_actual_market_donor,3
train-monthly-00636,train,synthetic_monthly,True,LIZARD no-KI,KR6503383723,original_template,2
train-regular-00637,train,synthetic_regular,False,STEP no-KI,KR6MD0008BW2,fixed_actual_market_donor,3
train-monthly-00637,train,synthetic_monthly,True,STEP KI,KR6SH0002GC4,original_template,3
train-regular-00638,train,synthetic_regular,False,LIZARD KI,20181220000097_20508,fixed_actual_market_donor,3
train-monthly-00638,train,synthetic_monthly,True,STEP no-KI,KR65033BW743,original_template,2
train-regular-00639,train,synthetic_regular,False,LIZARD no-KI,KR6SH0004P27,fixed_actual_market_donor,3
train-monthly-00639,train,synthetic_monthly,True,LIZARD no-KI,KR6SH0008AK7,original_template,3
train-regular-00640,train,synthetic_regular,False,STEP KI,KR6KS0004920,fixed_actual_market_donor,3
train-monthly-00640,train,synthetic_monthly,True,STEP KI,KR65733C9575,original_template,0
train-regular-00641,train,synthetic_regular,False,STEP no-KI,KR6SH0006HE9,fixed_actual_market_donor,3
train-monthly-00641,train,synthetic_monthly,True,STEP no-KI,KR6643303540,original_template,0
train-regular-00642,train,synthetic_regular,False,LIZARD KI,KR6SH0006FX3,fixed_actual_market_donor,3
train-monthly-00642,train,synthetic_monthly,True,LIZARD no-KI,KR6SH0008QF3,original_template,3
train-regular-00643,train,synthetic_regular,False,LIZARD no-KI,KR6573357A24,fixed_actual_market_donor,3
train-monthly-00643,train,synthetic_monthly,True,STEP KI,KR6MD0004L39,original_template,3
train-regular-00644,train,synthetic_regular,False,STEP KI,KR6ZY0000M81,fixed_actual_market_donor,3
train-monthly-00644,train,synthetic_monthly,True,STEP no-KI,KR65533BV751,original_template,2
train-regular-00645,train,synthetic_regular,False,STEP no-KI,KR6703306979,fixed_actual_market_donor,3
train-monthly-00645,train,synthetic_monthly,True,LIZARD no-KI,KR6503398713,original_template,2
train-regular-00646,train,synthetic_regular,False,LIZARD KI,KR6MZ00013G7,fixed_actual_market_donor,3
train-monthly-00646,train,synthetic_monthly,True,STEP KI,KR6MZ00016T3,original_template,3
train-regular-00647,train,synthetic_regular,False,LIZARD no-KI,KR65733B2845,fixed_actual_market_donor,3
train-monthly-00647,train,synthetic_monthly,True,STEP no-KI,KR6703355661,original_template,0
train-regular-00648,train,synthetic_regular,False,STEP KI,KR6KS0002E84,fixed_actual_market_donor,3
train-monthly-00648,train,synthetic_monthly,True,LIZARD no-KI,KR6SH0006KT1,original_template,3
train-regular-00649,train,synthetic_regular,False,STEP no-KI,KR6583368792,fixed_actual_market_donor,3
train-monthly-00649,train,synthetic_monthly,True,STEP KI,KR65233BW574,original_template,0
train-regular-00650,train,synthetic_regular,False,LIZARD KI,KR65333CK872,fixed_actual_market_donor,3
train-monthly-00650,train,synthetic_monthly,True,STEP no-KI,KR65033C27C1,original_template,3
train-regular-00651,train,synthetic_regular,False,LIZARD no-KI,KR65033A3890,fixed_actual_market_donor,3
train-monthly-00651,train,synthetic_monthly,True,LIZARD no-KI,20260423000247_27516,original_template,3
train-regular-00652,train,synthetic_regular,False,STEP KI,KR6KW00025B7,fixed_actual_market_donor,3
train-monthly-00652,train,synthetic_monthly,True,STEP KI,KR6MZ0002AF5,original_template,3
train-regular-00653,train,synthetic_regular,False,STEP no-KI,KR6613333832,fixed_actual_market_donor,3
train-monthly-00653,train,synthetic_monthly,True,STEP no-KI,KR6MZ00004X1,original_template,3
train-regular-00654,train,synthetic_regular,False,LIZARD KI,20190826000253_4369,fixed_actual_market_donor,3
train-monthly-00654,train,synthetic_monthly,True,LIZARD no-KI,KR6SH0008ER4,original_template,3
train-regular-00655,train,synthetic_regular,False,LIZARD no-KI,KR6733308516,fixed_actual_market_donor,0
train-monthly-00655,train,synthetic_monthly,True,STEP KI,KR6BK0000379,original_template,3
train-regular-00656,train,synthetic_regular,False,STEP KI,KR65733AF6C1,fixed_actual_market_donor,0
train-monthly-00656,train,synthetic_monthly,True,STEP no-KI,KR65033CT531,original_template,0
train-regular-00657,train,synthetic_regular,False,STEP no-KI,20220215000507_22541,fixed_actual_market_donor,3
train-monthly-00657,train,synthetic_monthly,True,LIZARD no-KI,KR65033AA816,original_template,3
train-regular-00658,train,synthetic_regular,False,LIZARD KI,KR67033708A8,fixed_actual_market_donor,3
train-monthly-00658,train,synthetic_monthly,True,STEP KI,KR6573368679,original_template,0
train-regular-00659,train,synthetic_regular,False,LIZARD no-KI,KR6573359835,fixed_actual_market_donor,3
train-monthly-00659,train,synthetic_monthly,True,STEP no-KI,KR6MZ0000C95,original_template,3
train-regular-00660,train,synthetic_regular,False,STEP KI,KR65733CH994,fixed_actual_market_donor,3
train-monthly-00660,train,synthetic_monthly,True,LIZARD no-KI,KR65033AR711,original_template,2
train-regular-00661,train,synthetic_regular,False,STEP no-KI,KR6MD0007Y64,fixed_actual_market_donor,3
train-monthly-00661,train,synthetic_monthly,True,STEP KI,KR6573375534,original_template,0
train-regular-00662,train,synthetic_regular,False,LIZARD KI,KR6SH0005766,fixed_actual_market_donor,3
train-monthly-00662,train,synthetic_monthly,True,STEP no-KI,KR6DS0000HE1,original_template,3
train-regular-00663,train,synthetic_regular,False,LIZARD no-KI,KR6KW0002DJ2,fixed_actual_market_donor,3
train-monthly-00663,train,synthetic_monthly,True,LIZARD no-KI,KR6SH0006HB5,original_template,3
train-regular-00664,train,synthetic_regular,False,STEP KI,KR6573313840,fixed_actual_market_donor,3
train-monthly-00664,train,synthetic_monthly,True,STEP KI,KR6KS0004BM4,original_template,3
train-regular-00665,train,synthetic_regular,False,STEP no-KI,KR6HN00054V1,fixed_actual_market_donor,3
train-monthly-00665,train,synthetic_monthly,True,STEP no-KI,KR65033E9810,original_template,3
train-regular-00666,train,synthetic_regular,False,LIZARD KI,KR6ZY0003QT5,fixed_actual_market_donor,3
train-monthly-00666,train,synthetic_monthly,True,LIZARD no-KI,KR6SH0008LA5,original_template,3
train-regular-00667,train,synthetic_regular,False,LIZARD no-KI,KR6MD0003XP1,fixed_actual_market_donor,3
train-monthly-00667,train,synthetic_monthly,True,STEP KI,KR6MZ0001NZ8,original_template,3
train-regular-00668,train,synthetic_regular,False,STEP KI,KR6503378A34,fixed_actual_market_donor,3
train-monthly-00668,train,synthetic_monthly,True,STEP no-KI,KR6MD0005FZ2,original_template,3
train-regular-00669,train,synthetic_regular,False,STEP no-KI,KR6ZY0001MH3,fixed_actual_market_donor,3
train-monthly-00669,train,synthetic_monthly,True,LIZARD no-KI,KR65033AA816,original_template,3
train-regular-00670,train,synthetic_regular,False,LIZARD KI,KR65333C2723,fixed_actual_market_donor,3
train-monthly-00670,train,synthetic_monthly,True,STEP KI,KR67033199C6,original_template,3
train-regular-00671,train,synthetic_regular,False,LIZARD no-KI,KR65333729A5,fixed_actual_market_donor,3
train-monthly-00671,train,synthetic_monthly,True,STEP no-KI,KR65733BA9B1,original_template,3
train-regular-00672,train,synthetic_regular,False,STEP KI,KR65333BH847,fixed_actual_market_donor,3
train-monthly-00672,train,synthetic_monthly,True,LIZARD no-KI,KR6SH0008JC5,original_template,3
train-regular-00673,train,synthetic_regular,False,STEP no-KI,KR65333BY974,fixed_actual_market_donor,3
train-monthly-00673,train,synthetic_monthly,True,STEP KI,KR6MD0001RM4,original_template,3
train-regular-00674,train,synthetic_regular,False,LIZARD KI,KR6MD0006JK4,fixed_actual_market_donor,3
train-monthly-00674,train,synthetic_monthly,True,STEP no-KI,KR6503344964,original_template,3
train-regular-00675,train,synthetic_regular,False,LIZARD no-KI,KR6533319713,fixed_actual_market_donor,2
train-monthly-00675,train,synthetic_monthly,True,LIZARD no-KI,KR65033406B1,original_template,0
train-regular-00676,train,synthetic_regular,False,STEP KI,KR6523301697,fixed_actual_market_donor,0
train-monthly-00676,train,synthetic_monthly,True,STEP KI,KR6MD0006C61,original_template,3
train-regular-00677,train,synthetic_regular,False,STEP no-KI,KR65333BN8C0,fixed_actual_market_donor,3
train-monthly-00677,train,synthetic_monthly,True,STEP no-KI,KR65033BH868,original_template,3
train-regular-00678,train,synthetic_regular,False,LIZARD KI,KR65333A4697,fixed_actual_market_donor,0
train-monthly-00678,train,synthetic_monthly,True,LIZARD no-KI,KR65033D1818,original_template,3
train-regular-00679,train,synthetic_regular,False,LIZARD no-KI,KR6SY00034K0,fixed_actual_market_donor,3
train-monthly-00679,train,synthetic_monthly,True,STEP KI,KR6703333940,original_template,3
train-regular-00680,train,synthetic_regular,False,STEP KI,KR6513304586,fixed_actual_market_donor,0
train-monthly-00680,train,synthetic_monthly,True,STEP no-KI,KR6543326A33,original_template,3
train-regular-00681,train,synthetic_regular,False,STEP no-KI,KR65793BG9C0,fixed_actual_market_donor,1
train-monthly-00681,train,synthetic_monthly,True,LIZARD no-KI,KR6503370696,original_template,0
train-regular-00682,train,synthetic_regular,False,LIZARD KI,KR6NH0002BY0,fixed_actual_market_donor,3
train-monthly-00682,train,synthetic_monthly,True,STEP KI,KR6KB0001GG7,original_template,3
train-regular-00683,train,synthetic_regular,False,LIZARD no-KI,KR6543362752,fixed_actual_market_donor,2
train-monthly-00683,train,synthetic_monthly,True,STEP no-KI,KR6543322715,original_template,2
train-regular-00684,train,synthetic_regular,False,STEP KI,KR65793419A6,fixed_actual_market_donor,2
train-monthly-00684,train,synthetic_monthly,True,LIZARD no-KI,KR6SH0006KT1,original_template,3
train-regular-00685,train,synthetic_regular,False,STEP no-KI,KR6593388574,fixed_actual_market_donor,0
train-monthly-00685,train,synthetic_monthly,True,STEP KI,KR65233C9513,original_template,0
train-regular-00686,train,synthetic_regular,False,LIZARD KI,KR6SH00085M9,fixed_actual_market_donor,3
train-monthly-00686,train,synthetic_monthly,True,STEP no-KI,KR65033BN7C5,original_template,3
train-regular-00687,train,synthetic_regular,False,LIZARD no-KI,KR6553325749,fixed_actual_market_donor,2
train-monthly-00687,train,synthetic_monthly,True,LIZARD no-KI,KR6SH0008RH7,original_template,3
train-regular-00688,train,synthetic_regular,False,STEP KI,KR65733AD625,fixed_actual_market_donor,0
train-monthly-00688,train,synthetic_monthly,True,STEP KI,KR6523311514,original_template,0
train-regular-00689,train,synthetic_regular,False,STEP no-KI,KR6763337963,fixed_actual_market_donor,3
train-monthly-00689,train,synthetic_monthly,True,STEP no-KI,KR6543369856,original_template,3
train-regular-00690,train,synthetic_regular,False,LIZARD KI,KR65833CQ829,fixed_actual_market_donor,3
train-monthly-00690,train,synthetic_monthly,True,LIZARD no-KI,KR6SH0006W42,original_template,3
train-regular-00691,train,synthetic_regular,False,LIZARD no-KI,KR6MD0005E78,fixed_actual_market_donor,3
train-monthly-00691,train,synthetic_monthly,True,STEP KI,KR6MZ00000M2,original_template,3
train-regular-00692,train,synthetic_regular,False,STEP KI,KR6ZW0001DJ2,fixed_actual_market_donor,3
train-monthly-00692,train,synthetic_monthly,True,STEP no-KI,KR6503334825,original_template,3
train-regular-00693,train,synthetic_regular,False,STEP no-KI,KR6HN00047J0,fixed_actual_market_donor,3
train-monthly-00693,train,synthetic_monthly,True,LIZARD no-KI,KR6503375836,original_template,3
train-regular-00694,train,synthetic_regular,False,LIZARD KI,KR6653356834,fixed_actual_market_donor,3
train-monthly-00694,train,synthetic_monthly,True,STEP KI,KR65233CQ525,original_template,0
train-regular-00695,train,synthetic_regular,False,LIZARD no-KI,KR6ZW0003M56,fixed_actual_market_donor,3
train-monthly-00695,train,synthetic_monthly,True,STEP no-KI,KR6MZ00016N6,original_template,3
train-regular-00696,train,synthetic_regular,False,STEP KI,KR6529306823,fixed_actual_market_donor,2
train-monthly-00696,train,synthetic_monthly,True,LIZARD no-KI,KR6SH0008H49,original_template,3
train-regular-00697,train,synthetic_regular,False,STEP no-KI,KR6SH0003GF5,fixed_actual_market_donor,3
train-monthly-00697,train,synthetic_monthly,True,STEP KI,KR65733C8585,original_template,0
train-regular-00698,train,synthetic_regular,False,LIZARD KI,KR66133AN949,fixed_actual_market_donor,3
train-monthly-00698,train,synthetic_monthly,True,STEP no-KI,KR6SH0005JQ1,original_template,3
train-regular-00699,train,synthetic_regular,False,LIZARD no-KI,KR6SY0002EV4,fixed_actual_market_donor,3
train-monthly-00699,train,synthetic_monthly,True,LIZARD no-KI,KR6SH0008RH7,original_template,3
train-regular-00700,train,synthetic_regular,False,STEP KI,KR6HN00024X0,fixed_actual_market_donor,3
train-monthly-00700,train,synthetic_monthly,True,STEP KI,KR65733A2713,original_template,2
train-regular-00701,train,synthetic_regular,False,STEP no-KI,KR6KS0000076,fixed_actual_market_donor,2
train-monthly-00701,train,synthetic_monthly,True,STEP no-KI,KR65033BG795,original_template,2
train-regular-00702,train,synthetic_regular,False,LIZARD KI,KR65333A7A28,fixed_actual_market_donor,3
train-monthly-00702,train,synthetic_monthly,True,LIZARD no-KI,KR6SH0008V25,original_template,3
train-regular-00703,train,synthetic_regular,False,LIZARD no-KI,KR65333DG985,fixed_actual_market_donor,3
train-monthly-00703,train,synthetic_monthly,True,STEP KI,KR65733D9913,original_template,3
train-regular-00704,train,synthetic_regular,False,STEP KI,KR6KS00024Z5,fixed_actual_market_donor,3
train-monthly-00704,train,synthetic_monthly,True,STEP no-KI,KR65733578C8,original_template,3
train-regular-00705,train,synthetic_regular,False,STEP no-KI,KR65233A2A33,fixed_actual_market_donor,3
train-monthly-00705,train,synthetic_monthly,True,LIZARD no-KI,KR6503370696,original_template,0
train-regular-00706,train,synthetic_regular,False,LIZARD KI,KR6SH0002N21,fixed_actual_market_donor,3
train-monthly-00706,train,synthetic_monthly,True,STEP KI,KR6MZ0000GT7,original_template,3
train-regular-00707,train,synthetic_regular,False,LIZARD no-KI,KR6573329945,fixed_actual_market_donor,3
train-monthly-00707,train,synthetic_monthly,True,STEP no-KI,KR6KS00008N4,original_template,3
train-regular-00708,train,synthetic_regular,False,STEP KI,KR6HN00070N4,fixed_actual_market_donor,3
train-monthly-00708,train,synthetic_monthly,True,LIZARD no-KI,KR6SH0008RH7,original_template,3
train-regular-00709,train,synthetic_regular,False,STEP no-KI,KR65233BZ932,fixed_actual_market_donor,3
train-monthly-00709,train,synthetic_monthly,True,STEP KI,KR65233DP764,original_template,2
train-regular-00710,train,synthetic_regular,False,LIZARD KI,KR65733CE769,fixed_actual_market_donor,2
train-monthly-00710,train,synthetic_monthly,True,STEP no-KI,KR6523315937,original_template,3
train-regular-00711,train,synthetic_regular,False,LIZARD no-KI,KR65333AS7B0,fixed_actual_market_donor,3
train-monthly-00711,train,synthetic_monthly,True,LIZARD no-KI,20251204000472_27077,original_template,3
train-regular-00712,train,synthetic_regular,False,STEP KI,KR6KB00034Z3,fixed_actual_market_donor,3
train-monthly-00712,train,synthetic_monthly,True,STEP KI,KR6SH00051A6,original_template,3
train-regular-00713,train,synthetic_regular,False,STEP no-KI,KR6529311A62,fixed_actual_market_donor,2
train-monthly-00713,train,synthetic_monthly,True,STEP no-KI,KR6593384557,original_template,0
train-regular-00714,train,synthetic_regular,False,LIZARD KI,KR6533306892,fixed_actual_market_donor,3
train-monthly-00714,train,synthetic_monthly,True,LIZARD no-KI,KR6503341721,original_template,2
train-regular-00715,train,synthetic_regular,False,LIZARD no-KI,KR65833CJ931,fixed_actual_market_donor,3
train-monthly-00715,train,synthetic_monthly,True,STEP KI,KR6KB0002201,original_template,3
train-regular-00716,train,synthetic_regular,False,STEP KI,KR67033555C9,fixed_actual_market_donor,0
train-monthly-00716,train,synthetic_monthly,True,STEP no-KI,KR6HN00027Z8,original_template,3
train-regular-00717,train,synthetic_regular,False,STEP no-KI,KR65733AW6B2,fixed_actual_market_donor,0
train-monthly-00717,train,synthetic_monthly,True,LIZARD no-KI,KR6503398713,original_template,2
train-regular-00718,train,synthetic_regular,False,LIZARD KI,KR6KW0003B64,fixed_actual_market_donor,3
train-monthly-00718,train,synthetic_monthly,True,STEP KI,KR6KS0003948,original_template,3
train-regular-00719,train,synthetic_regular,False,LIZARD no-KI,KR6HN00006E7,fixed_actual_market_donor,3
train-monthly-00719,train,synthetic_monthly,True,STEP no-KI,KR65033B0549,original_template,0
train-regular-00720,train,synthetic_regular,False,STEP KI,KR6SS0007Y46,fixed_actual_market_donor,3
train-monthly-00720,train,synthetic_monthly,True,LIZARD no-KI,KR6SH0008RH7,original_template,3
train-regular-00721,train,synthetic_regular,False,STEP no-KI,KR6SH0005F85,fixed_actual_market_donor,3
train-monthly-00721,train,synthetic_monthly,True,STEP KI,KR6KW0002306,original_template,3
train-regular-00722,train,synthetic_regular,False,LIZARD KI,KR6KS0001J64,fixed_actual_market_donor,3
train-monthly-00722,train,synthetic_monthly,True,STEP no-KI,KR6MZ0000VQ2,original_template,3
train-regular-00723,train,synthetic_regular,False,LIZARD no-KI,KR65433309B3,fixed_actual_market_donor,3
train-monthly-00723,train,synthetic_monthly,True,LIZARD no-KI,KR6SH0008PJ7,original_template,3
train-regular-00724,train,synthetic_regular,False,STEP KI,KR65233AQ8A3,fixed_actual_market_donor,3
train-monthly-00724,train,synthetic_monthly,True,STEP KI,KR6MD0004WY3,original_template,3
train-regular-00725,train,synthetic_regular,False,STEP no-KI,KR6ZY0001C58,fixed_actual_market_donor,3
train-monthly-00725,train,synthetic_monthly,True,STEP no-KI,KR65233BG833,original_template,3
train-regular-00726,train,synthetic_regular,False,LIZARD KI,KR6SY0003EG3,fixed_actual_market_donor,3
train-monthly-00726,train,synthetic_monthly,True,LIZARD no-KI,KR6SH0006KT1,original_template,3
train-regular-00727,train,synthetic_regular,False,LIZARD no-KI,KR6SH00071E6,fixed_actual_market_donor,3
train-monthly-00727,train,synthetic_monthly,True,STEP KI,KR6MD00065B4,original_template,3
train-regular-00728,train,synthetic_regular,False,STEP KI,KR65333777C0,fixed_actual_market_donor,3
train-monthly-00728,train,synthetic_monthly,True,STEP no-KI,KR6503376784,original_template,2
train-regular-00729,train,synthetic_regular,False,STEP no-KI,KR6SH0002NQ0,fixed_actual_market_donor,3
train-monthly-00729,train,synthetic_monthly,True,LIZARD no-KI,KR65033AR711,original_template,2
train-regular-00730,train,synthetic_regular,False,LIZARD KI,KR65733BQ997,fixed_actual_market_donor,3
train-monthly-00730,train,synthetic_monthly,True,STEP KI,KR6MD0005QB0,original_template,3
train-regular-00731,train,synthetic_regular,False,LIZARD no-KI,KR6573348937,fixed_actual_market_donor,3
train-monthly-00731,train,synthetic_monthly,True,STEP no-KI,KR65833A5871,original_template,3
train-regular-00732,train,synthetic_regular,False,STEP KI,KR6KS0007KY3,fixed_actual_market_donor,3
train-monthly-00732,train,synthetic_monthly,True,LIZARD no-KI,KR6SH0008RH7,original_template,3
train-regular-00733,train,synthetic_regular,False,STEP no-KI,KR6KS0000AH4,fixed_actual_market_donor,3
train-monthly-00733,train,synthetic_monthly,True,STEP KI,KR6MD0001C33,original_template,2
train-regular-00734,train,synthetic_regular,False,LIZARD KI,KR6HH0000VS6,fixed_actual_market_donor,3
train-monthly-00734,train,synthetic_monthly,True,STEP no-KI,KR65733C3A29,original_template,3
train-regular-00735,train,synthetic_regular,False,LIZARD no-KI,KR6573390731,fixed_actual_market_donor,2
train-monthly-00735,train,synthetic_monthly,True,LIZARD no-KI,KR6SH00089H1,original_template,3
train-regular-00736,train,synthetic_regular,False,STEP KI,KR6703374860,fixed_actual_market_donor,3
train-monthly-00736,train,synthetic_monthly,True,STEP KI,KR6573314988,original_template,3
train-regular-00737,train,synthetic_regular,False,STEP no-KI,KR65333BE653,fixed_actual_market_donor,0
train-monthly-00737,train,synthetic_monthly,True,STEP no-KI,KR6543316972,original_template,3
train-regular-00738,train,synthetic_regular,False,LIZARD KI,KR6573370824,fixed_actual_market_donor,3
train-monthly-00738,train,synthetic_monthly,True,LIZARD no-KI,KR6SH0008X80,original_template,3
train-regular-00739,train,synthetic_regular,False,LIZARD no-KI,KR6SH0008T60,fixed_actual_market_donor,3
train-monthly-00739,train,synthetic_monthly,True,STEP KI,KR65733DB672,original_template,0
train-regular-00740,train,synthetic_regular,False,STEP KI,KR6KW0000HP4,fixed_actual_market_donor,3
train-monthly-00740,train,synthetic_monthly,True,STEP no-KI,KR6583352630,original_template,0
train-regular-00741,train,synthetic_regular,False,STEP no-KI,KR65833BR7C3,fixed_actual_market_donor,3
train-monthly-00741,train,synthetic_monthly,True,LIZARD no-KI,KR6SH0008CM9,original_template,3
train-regular-00742,train,synthetic_regular,False,LIZARD KI,KR6543370532,fixed_actual_market_donor,0
train-monthly-00742,train,synthetic_monthly,True,STEP KI,KR6MD0007WP4,original_template,3
train-regular-00743,train,synthetic_regular,False,LIZARD no-KI,KR6SS0002TH3,fixed_actual_market_donor,3
train-monthly-00743,train,synthetic_monthly,True,STEP no-KI,KR6MD00043H8,original_template,3
train-regular-00744,train,synthetic_regular,False,STEP KI,KR6KW0000XP1,fixed_actual_market_donor,3
train-monthly-00744,train,synthetic_monthly,True,LIZARD no-KI,KR6SH0008FE9,original_template,3
train-regular-00745,train,synthetic_regular,False,STEP no-KI,20150423000331_5666,fixed_actual_market_donor,0
train-monthly-00745,train,synthetic_monthly,True,STEP KI,KR65733DE775,original_template,2
train-regular-00746,train,synthetic_regular,False,LIZARD KI,KR6523305A22,fixed_actual_market_donor,3
train-monthly-00746,train,synthetic_monthly,True,STEP no-KI,KR6ZY0000MB8,original_template,3
train-regular-00747,train,synthetic_regular,False,LIZARD no-KI,KR6MD0007350,fixed_actual_market_donor,3
train-monthly-00747,train,synthetic_monthly,True,LIZARD no-KI,KR6SH0008A04,original_template,3
train-regular-00748,train,synthetic_regular,False,STEP KI,KR65333CN7C1,fixed_actual_market_donor,3
train-monthly-00748,train,synthetic_monthly,True,STEP KI,KR6MD00062Q9,original_template,3
train-regular-00749,train,synthetic_regular,False,STEP no-KI,KR65233BC972,fixed_actual_market_donor,3
train-monthly-00749,train,synthetic_monthly,True,STEP no-KI,KR6503369920,original_template,3
train-regular-00750,train,synthetic_regular,False,LIZARD KI,KR6523310565,fixed_actual_market_donor,0
train-monthly-00750,train,synthetic_monthly,True,LIZARD no-KI,KR65033AA816,original_template,3
train-regular-00751,train,synthetic_regular,False,LIZARD no-KI,KR65333HPA10,fixed_actual_market_donor,3
train-monthly-00751,train,synthetic_monthly,True,STEP KI,KR65933355C9,original_template,0
train-regular-00752,train,synthetic_regular,False,STEP KI,KR65533AEA34,fixed_actual_market_donor,3
train-monthly-00752,train,synthetic_monthly,True,STEP no-KI,KR6KB00018A9,original_template,3
train-regular-00753,train,synthetic_regular,False,STEP no-KI,KR6HH0000646,fixed_actual_market_donor,3
train-monthly-00753,train,synthetic_monthly,True,LIZARD no-KI,KR6SH0008711,original_template,3
train-regular-00754,train,synthetic_regular,False,LIZARD KI,KR6KW00026S9,fixed_actual_market_donor,3
train-monthly-00754,train,synthetic_monthly,True,STEP KI,KR65033B8633,original_template,0
train-regular-00755,train,synthetic_regular,False,LIZARD no-KI,KR6573339A19,fixed_actual_market_donor,3
train-monthly-00755,train,synthetic_monthly,True,STEP no-KI,KR6573324748,original_template,2
train-regular-00756,train,synthetic_regular,False,STEP KI,KR65793B8948,fixed_actual_market_donor,2
train-monthly-00756,train,synthetic_monthly,True,LIZARD no-KI,KR65033BD6A3,original_template,0
train-regular-00757,train,synthetic_regular,False,STEP no-KI,KR6543303558,fixed_actual_market_donor,0
train-monthly-00757,train,synthetic_monthly,True,STEP KI,KR6523304A80,original_template,3
train-regular-00758,train,synthetic_regular,False,LIZARD KI,KR65033AN546,fixed_actual_market_donor,0
train-monthly-00758,train,synthetic_monthly,True,STEP no-KI,KR65833097C8,original_template,3
train-regular-00759,train,synthetic_regular,False,LIZARD no-KI,KR6KW0001D98,fixed_actual_market_donor,3
train-monthly-00759,train,synthetic_monthly,True,LIZARD no-KI,KR6SH0008LA5,original_template,3
train-regular-00760,train,synthetic_regular,False,STEP KI,KR65033949C8,fixed_actual_market_donor,3
train-monthly-00760,train,synthetic_monthly,True,STEP KI,KR6MD0002FG9,original_template,2
train-regular-00761,train,synthetic_regular,False,STEP no-KI,KR6733308888,fixed_actual_market_donor,3
train-monthly-00761,train,synthetic_monthly,True,STEP no-KI,KR6SH0002Q36,original_template,3
train-regular-00762,train,synthetic_regular,False,LIZARD KI,KR6KS00079Y2,fixed_actual_market_donor,3
train-monthly-00762,train,synthetic_monthly,True,LIZARD no-KI,KR6SH0007697,original_template,3
train-regular-00763,train,synthetic_regular,False,LIZARD no-KI,KR6503397939,fixed_actual_market_donor,3
train-monthly-00763,train,synthetic_monthly,True,STEP KI,KR6573303858,original_template,3
train-regular-00764,train,synthetic_regular,False,STEP KI,KR6MZ0000440,fixed_actual_market_donor,3
train-monthly-00764,train,synthetic_monthly,True,STEP no-KI,KR6503366645,original_template,0
train-regular-00765,train,synthetic_regular,False,STEP no-KI,KR6SH0005LN4,fixed_actual_market_donor,3
train-monthly-00765,train,synthetic_monthly,True,LIZARD no-KI,KR65033526B6,original_template,0
train-regular-00766,train,synthetic_regular,False,LIZARD KI,KR65833BP823,fixed_actual_market_donor,3
train-monthly-00766,train,synthetic_monthly,True,STEP KI,KR6SY00007C3,original_template,2
train-regular-00767,train,synthetic_regular,False,LIZARD no-KI,KR65833C0961,fixed_actual_market_donor,3
train-monthly-00767,train,synthetic_monthly,True,STEP no-KI,KR65733C3A29,original_template,3
train-regular-00768,train,synthetic_regular,False,STEP KI,KR6KW0004V93,fixed_actual_market_donor,3
train-monthly-00768,train,synthetic_monthly,True,LIZARD no-KI,KR6SH0008CM9,original_template,3
train-regular-00769,train,synthetic_regular,False,STEP no-KI,KR6SH00088H3,fixed_actual_market_donor,3
train-monthly-00769,train,synthetic_monthly,True,STEP KI,KR6KW00017B4,original_template,3
train-regular-00770,train,synthetic_regular,False,LIZARD KI,KR6793306947,fixed_actual_market_donor,3
train-monthly-00770,train,synthetic_monthly,True,STEP no-KI,KR6573355924,original_template,3
train-regular-00771,train,synthetic_regular,False,LIZARD no-KI,KR6MZ0000S22,fixed_actual_market_donor,3
train-monthly-00771,train,synthetic_monthly,True,LIZARD no-KI,KR6SH0008K77,original_template,3
train-regular-00772,train,synthetic_regular,False,STEP KI,KR65333CQ564,fixed_actual_market_donor,0
train-monthly-00772,train,synthetic_monthly,True,STEP KI,KR6SH0002P03,original_template,3
train-regular-00773,train,synthetic_regular,False,STEP no-KI,KR6HN0003572,fixed_actual_market_donor,3
train-monthly-00773,train,synthetic_monthly,True,STEP no-KI,KR6583305877,original_template,3
train-regular-00774,train,synthetic_regular,False,LIZARD KI,KR65433A2856,fixed_actual_market_donor,3
train-monthly-00774,train,synthetic_monthly,True,LIZARD no-KI,KR6SH0008NJ2,original_template,3
train-regular-00775,train,synthetic_regular,False,LIZARD no-KI,KR6SY0002WL7,fixed_actual_market_donor,3
train-monthly-00775,train,synthetic_monthly,True,STEP KI,KR65733708C1,original_template,3
train-regular-00776,train,synthetic_regular,False,STEP KI,KR6MD0002V62,fixed_actual_market_donor,3
train-monthly-00776,train,synthetic_monthly,True,STEP no-KI,KR6ZY0000NB6,original_template,3
train-regular-00777,train,synthetic_regular,False,STEP no-KI,KR6573399732,fixed_actual_market_donor,3
train-monthly-00777,train,synthetic_monthly,True,LIZARD no-KI,KR6SH00075V1,original_template,3
train-regular-00778,train,synthetic_regular,False,LIZARD KI,KR66533089B8,fixed_actual_market_donor,3
train-monthly-00778,train,synthetic_monthly,True,STEP KI,KR6MD0007QX0,original_template,3
train-regular-00779,train,synthetic_regular,False,LIZARD no-KI,KR6YT0000GF4,fixed_actual_market_donor,3
train-monthly-00779,train,synthetic_monthly,True,STEP no-KI,KR6503317515,original_template,0
train-regular-00780,train,synthetic_regular,False,STEP KI,KR6583317A14,fixed_actual_market_donor,3
train-monthly-00780,train,synthetic_monthly,True,LIZARD no-KI,KR6SH0006HB5,original_template,3
train-regular-00781,train,synthetic_regular,False,STEP no-KI,KR6703311A48,fixed_actual_market_donor,3
train-monthly-00781,train,synthetic_monthly,True,STEP KI,KR6543397741,original_template,2
train-regular-00782,train,synthetic_regular,False,LIZARD KI,KR6KS0004T77,fixed_actual_market_donor,3
train-monthly-00782,train,synthetic_monthly,True,STEP no-KI,KR6HN0000RL7,original_template,3
train-regular-00783,train,synthetic_regular,False,LIZARD no-KI,KR6HN0003ZQ3,fixed_actual_market_donor,3
train-monthly-00783,train,synthetic_monthly,True,LIZARD no-KI,KR6503398713,original_template,2
train-regular-00784,train,synthetic_regular,False,STEP KI,KR6SH0005NT7,fixed_actual_market_donor,3
train-monthly-00784,train,synthetic_monthly,True,STEP KI,KR6KB0002128,original_template,3
train-regular-00785,train,synthetic_regular,False,STEP no-KI,KR65233B5934,fixed_actual_market_donor,3
train-monthly-00785,train,synthetic_monthly,True,STEP no-KI,KR65033AC788,original_template,3
train-regular-00786,train,synthetic_regular,False,LIZARD KI,KR65333D7879,fixed_actual_market_donor,3
train-monthly-00786,train,synthetic_monthly,True,LIZARD no-KI,KR6503339824,original_template,3
train-regular-00787,train,synthetic_regular,False,LIZARD no-KI,KR65733AK851,fixed_actual_market_donor,3
train-monthly-00787,train,synthetic_monthly,True,STEP KI,KR67033969C2,original_template,3
train-regular-00788,train,synthetic_regular,False,STEP KI,KR6NH0001W75,fixed_actual_market_donor,3
train-monthly-00788,train,synthetic_monthly,True,STEP no-KI,KR6MD00033R8,original_template,3
train-regular-00789,train,synthetic_regular,False,STEP no-KI,KR65733E9664,fixed_actual_market_donor,0
train-monthly-00789,train,synthetic_monthly,True,LIZARD no-KI,KR65033AR711,original_template,2
train-regular-00790,train,synthetic_regular,False,LIZARD KI,KR6533343762,fixed_actual_market_donor,2
train-monthly-00790,train,synthetic_monthly,True,STEP KI,KR65733625C7,original_template,0
train-regular-00791,train,synthetic_regular,False,LIZARD no-KI,KR65433549B4,fixed_actual_market_donor,3
train-monthly-00791,train,synthetic_monthly,True,STEP no-KI,KR65233479A8,original_template,3
train-regular-00792,train,synthetic_regular,False,STEP KI,KR6503378657,fixed_actual_market_donor,0
train-monthly-00792,train,synthetic_monthly,True,LIZARD no-KI,KR6SH0008V25,original_template,3
train-regular-00793,train,synthetic_regular,False,STEP no-KI,KR6KW0002QE5,fixed_actual_market_donor,3
train-monthly-00793,train,synthetic_monthly,True,STEP KI,KR65933BK541,original_template,0
train-regular-00794,train,synthetic_regular,False,LIZARD KI,KR6SY0002TJ7,fixed_actual_market_donor,3
train-monthly-00794,train,synthetic_monthly,True,STEP no-KI,KR6KS0001FK5,original_template,3
train-regular-00795,train,synthetic_regular,False,LIZARD no-KI,KR6583346822,fixed_actual_market_donor,3
train-monthly-00795,train,synthetic_monthly,True,LIZARD no-KI,KR6503370696,original_template,0
train-regular-00796,train,synthetic_regular,False,STEP KI,KR65733898A4,fixed_actual_market_donor,3
train-monthly-00796,train,synthetic_monthly,True,STEP KI,KR65733DP8A6,original_template,3
train-regular-00797,train,synthetic_regular,False,STEP no-KI,KR6SS00044T8,fixed_actual_market_donor,3
train-monthly-00797,train,synthetic_monthly,True,STEP no-KI,KR6KS0001CW7,original_template,3
train-regular-00798,train,synthetic_regular,False,LIZARD KI,KR6MZ0000CX8,fixed_actual_market_donor,3
train-monthly-00798,train,synthetic_monthly,True,LIZARD no-KI,KR6SH0008YH3,original_template,3
train-regular-00799,train,synthetic_regular,False,LIZARD no-KI,KR6KS0003Z54,fixed_actual_market_donor,3
train-monthly-00799,train,synthetic_monthly,True,STEP KI,KR6523364679,original_template,0
train-regular-00800,train,synthetic_regular,False,STEP KI,KR65233DK823,fixed_actual_market_donor,3
train-monthly-00800,train,synthetic_monthly,True,STEP no-KI,KR6EG0000Q68,original_template,3
train-regular-00801,train,synthetic_regular,False,STEP no-KI,KR6KS0006248,fixed_actual_market_donor,3
train-monthly-00801,train,synthetic_monthly,True,LIZARD no-KI,KR6SH0008V25,original_template,3
train-regular-00802,train,synthetic_regular,False,LIZARD KI,KR65233119A0,fixed_actual_market_donor,3
train-monthly-00802,train,synthetic_monthly,True,STEP KI,KR6KW0002306,original_template,3
train-regular-00803,train,synthetic_regular,False,LIZARD no-KI,KR6MD0004PY7,fixed_actual_market_donor,3
train-monthly-00803,train,synthetic_monthly,True,STEP no-KI,KR65733546C5,original_template,0
train-regular-00804,train,synthetic_regular,False,STEP KI,KR6533352979,fixed_actual_market_donor,3
train-monthly-00804,train,synthetic_monthly,True,LIZARD no-KI,KR6503370696,original_template,0
train-regular-00805,train,synthetic_regular,False,STEP no-KI,KR65333AG833,fixed_actual_market_donor,3
train-monthly-00805,train,synthetic_monthly,True,STEP KI,KR6573310895,original_template,3
train-regular-00806,train,synthetic_regular,False,LIZARD KI,KR65033AP723,fixed_actual_market_donor,2
train-monthly-00806,train,synthetic_monthly,True,STEP no-KI,KR6MZ0000AJ1,original_template,3
train-regular-00807,train,synthetic_regular,False,LIZARD no-KI,KR6KS0001R98,fixed_actual_market_donor,3
train-monthly-00807,train,synthetic_monthly,True,LIZARD no-KI,KR6SH0008QF3,original_template,3
train-regular-00808,train,synthetic_regular,False,STEP KI,KR67233148B3,fixed_actual_market_donor,3
train-monthly-00808,train,synthetic_monthly,True,STEP KI,KR6KB00028B6,original_template,3
train-regular-00809,train,synthetic_regular,False,STEP no-KI,KR65333AL6C7,fixed_actual_market_donor,0
train-monthly-00809,train,synthetic_monthly,True,STEP no-KI,KR6ZW0002W71,original_template,3
train-regular-00810,train,synthetic_regular,False,LIZARD KI,KR65333FB973,fixed_actual_market_donor,3
train-monthly-00810,train,synthetic_monthly,True,LIZARD no-KI,KR6SH0007697,original_template,3
train-regular-00811,train,synthetic_regular,False,LIZARD no-KI,KR6MD0007BQ6,fixed_actual_market_donor,3
train-monthly-00811,train,synthetic_monthly,True,STEP KI,KR6573302884,original_template,3
train-regular-00812,train,synthetic_regular,False,STEP KI,KR6MD00052Z1,fixed_actual_market_donor,3
train-monthly-00812,train,synthetic_monthly,True,STEP no-KI,KR6763307982,original_template,3
train-regular-00813,train,synthetic_regular,False,STEP no-KI,KR65333ARA15,fixed_actual_market_donor,3
train-monthly-00813,train,synthetic_monthly,True,LIZARD no-KI,KR65033526B6,original_template,0
train-regular-00814,train,synthetic_regular,False,LIZARD KI,KR6MZ0000BB6,fixed_actual_market_donor,3
train-monthly-00814,train,synthetic_monthly,True,STEP KI,KR6573357656,original_template,0
train-regular-00815,train,synthetic_regular,False,LIZARD no-KI,KR6533347763,fixed_actual_market_donor,2
train-monthly-00815,train,synthetic_monthly,True,STEP no-KI,KR6KS0000449,original_template,3
train-regular-00816,train,synthetic_regular,False,STEP KI,KR6SH0003WZ0,fixed_actual_market_donor,3
train-monthly-00816,train,synthetic_monthly,True,LIZARD no-KI,KR6503339824,original_template,3
train-regular-00817,train,synthetic_regular,False,STEP no-KI,20220125000580_21533,fixed_actual_market_donor,3
train-monthly-00817,train,synthetic_monthly,True,STEP KI,KR6583311552,original_template,0
train-regular-00818,train,synthetic_regular,False,LIZARD KI,KR6533332765,fixed_actual_market_donor,3
train-monthly-00818,train,synthetic_monthly,True,STEP no-KI,KR6ZW0002SP5,original_template,3
train-regular-00819,train,synthetic_regular,False,LIZARD no-KI,KR65733AM873,fixed_actual_market_donor,3
train-monthly-00819,train,synthetic_monthly,True,LIZARD no-KI,KR65033AR711,original_template,2
train-regular-00820,train,synthetic_regular,False,STEP KI,KR6543305975,fixed_actual_market_donor,3
train-monthly-00820,train,synthetic_monthly,True,STEP KI,KR6KS0007H29,original_template,3
train-regular-00821,train,synthetic_regular,False,STEP no-KI,KR65133379A1,fixed_actual_market_donor,3
train-monthly-00821,train,synthetic_monthly,True,STEP no-KI,KR6KB00076J8,original_template,3
train-regular-00822,train,synthetic_regular,False,LIZARD KI,KR65733339C5,fixed_actual_market_donor,3
train-monthly-00822,train,synthetic_monthly,True,LIZARD no-KI,KR6SH0008V25,original_template,3
train-regular-00823,train,synthetic_regular,False,LIZARD no-KI,KR65333DD917,fixed_actual_market_donor,3
train-monthly-00823,train,synthetic_monthly,True,STEP KI,KR6593373691,original_template,0
train-regular-00824,train,synthetic_regular,False,STEP KI,KR6513303729,fixed_actual_market_donor,2
train-monthly-00824,train,synthetic_monthly,True,STEP no-KI,KR65733BG7B9,original_template,3
train-regular-00825,train,synthetic_regular,False,STEP no-KI,KR6ZY0001CW3,fixed_actual_market_donor,3
train-monthly-00825,train,synthetic_monthly,True,LIZARD no-KI,KR6SH0009164,original_template,3
train-regular-00826,train,synthetic_regular,False,LIZARD KI,KR6MZ0001EP8,fixed_actual_market_donor,3
train-monthly-00826,train,synthetic_monthly,True,STEP KI,KR6MD0006XB4,original_template,2
train-regular-00827,train,synthetic_regular,False,LIZARD no-KI,KR6HN00011Q1,fixed_actual_market_donor,3
train-monthly-00827,train,synthetic_monthly,True,STEP no-KI,KR6573349513,original_template,0
train-regular-00828,train,synthetic_regular,False,STEP KI,KR6KW0003LN5,fixed_actual_market_donor,3
train-monthly-00828,train,synthetic_monthly,True,LIZARD no-KI,KR6SH00089H1,original_template,3
train-regular-00829,train,synthetic_regular,False,STEP no-KI,KR6503317515,fixed_actual_market_donor,0
train-monthly-00829,train,synthetic_monthly,True,STEP KI,KR6MD00020X3,original_template,3
train-regular-00830,train,synthetic_regular,False,LIZARD KI,KR6HN0006N63,fixed_actual_market_donor,3
train-monthly-00830,train,synthetic_monthly,True,STEP no-KI,KR6MD00034W6,original_template,3
train-regular-00831,train,synthetic_regular,False,LIZARD no-KI,KR6KS0003HW2,fixed_actual_market_donor,3
train-monthly-00831,train,synthetic_monthly,True,LIZARD no-KI,KR6SH00071M9,original_template,3
train-regular-00832,train,synthetic_regular,False,STEP KI,KR6579376A36,fixed_actual_market_donor,2
train-monthly-00832,train,synthetic_monthly,True,STEP KI,KR65733D47C2,original_template,3
train-regular-00833,train,synthetic_regular,False,STEP no-KI,KR65533078C1,fixed_actual_market_donor,3
train-monthly-00833,train,synthetic_monthly,True,STEP no-KI,KR6543393716,original_template,2
train-regular-00834,train,synthetic_regular,False,LIZARD KI,KR6KW0003JN9,fixed_actual_market_donor,3
train-monthly-00834,train,synthetic_monthly,True,LIZARD no-KI,KR6SH00075V1,original_template,3
train-regular-00835,train,synthetic_regular,False,LIZARD no-KI,KR6533379923,fixed_actual_market_donor,3
train-monthly-00835,train,synthetic_monthly,True,STEP KI,KR65733A09C8,original_template,3
train-regular-00836,train,synthetic_regular,False,STEP KI,KR6KS0005257,fixed_actual_market_donor,3
train-monthly-00836,train,synthetic_monthly,True,STEP no-KI,KR6613301847,original_template,3
train-regular-00837,train,synthetic_regular,False,STEP no-KI,KR6SY0001MQ9,fixed_actual_market_donor,3
train-monthly-00837,train,synthetic_monthly,True,LIZARD no-KI,KR6SH0008LA5,original_template,3
train-regular-00838,train,synthetic_regular,False,LIZARD KI,KR6KB00032R4,fixed_actual_market_donor,3
train-monthly-00838,train,synthetic_monthly,True,STEP KI,KR6MD0001AW9,original_template,2
train-regular-00839,train,synthetic_regular,False,LIZARD no-KI,KR6HM0000VQ0,fixed_actual_market_donor,3
train-monthly-00839,train,synthetic_monthly,True,STEP no-KI,KR65033CS723,original_template,2
train-regular-00840,train,synthetic_regular,False,STEP KI,KR6503399992,fixed_actual_market_donor,3
train-monthly-00840,train,synthetic_monthly,True,LIZARD no-KI,KR6SH0008JC5,original_template,3
train-regular-00841,train,synthetic_regular,False,STEP no-KI,KR6703371A37,fixed_actual_market_donor,3
train-monthly-00841,train,synthetic_monthly,True,STEP KI,KR6MD0001957,original_template,2
train-regular-00842,train,synthetic_regular,False,LIZARD KI,KR6KS0001QQ9,fixed_actual_market_donor,3
train-monthly-00842,train,synthetic_monthly,True,STEP no-KI,KR65733BQ849,original_template,3
train-regular-00843,train,synthetic_regular,False,LIZARD no-KI,KR6HN00047T9,fixed_actual_market_donor,3
train-monthly-00843,train,synthetic_monthly,True,LIZARD no-KI,20251204000472_27077,original_template,3
train-regular-00844,train,synthetic_regular,False,STEP KI,KR65733B87C2,fixed_actual_market_donor,3
train-monthly-00844,train,synthetic_monthly,True,STEP KI,KR65233BQ5A8,original_template,0
train-regular-00845,train,synthetic_regular,False,STEP no-KI,KR6523357954,fixed_actual_market_donor,3
train-monthly-00845,train,synthetic_monthly,True,STEP no-KI,KR6503352744,original_template,2
train-regular-00846,train,synthetic_regular,False,LIZARD KI,KR65433038C6,fixed_actual_market_donor,3
train-monthly-00846,train,synthetic_monthly,True,LIZARD no-KI,20251204000472_27077,original_template,3
train-regular-00847,train,synthetic_regular,False,LIZARD no-KI,KR6KS0006X95,fixed_actual_market_donor,3
train-monthly-00847,train,synthetic_monthly,True,STEP KI,KR6573357672,original_template,0
train-regular-00848,train,synthetic_regular,False,STEP KI,KR6SS0000Y68,fixed_actual_market_donor,3
train-monthly-00848,train,synthetic_monthly,True,STEP no-KI,20240828000582_7870,original_template,3
train-regular-00849,train,synthetic_regular,False,STEP no-KI,KR65233AK993,fixed_actual_market_donor,3
train-monthly-00849,train,synthetic_monthly,True,LIZARD no-KI,20251204000472_27077,original_template,3
train-regular-00850,train,synthetic_regular,False,LIZARD KI,KR6KS0002J63,fixed_actual_market_donor,3
train-monthly-00850,train,synthetic_monthly,True,STEP KI,KR6KS00042B8,original_template,3
train-regular-00851,train,synthetic_regular,False,LIZARD no-KI,KR6SS0000DE8,fixed_actual_market_donor,3
train-monthly-00851,train,synthetic_monthly,True,STEP no-KI,KR6MD0008BR2,original_template,3
train-regular-00852,train,synthetic_regular,False,STEP KI,KR6KW0002C23,fixed_actual_market_donor,3
train-monthly-00852,train,synthetic_monthly,True,LIZARD no-KI,KR6503397822,original_template,3
train-regular-00853,train,synthetic_regular,False,STEP no-KI,KR6ZY0000B50,fixed_actual_market_donor,3
train-monthly-00853,train,synthetic_monthly,True,STEP KI,KR6KS0000G35,original_template,3
train-regular-00854,train,synthetic_regular,False,LIZARD KI,KR6MD0002CN2,fixed_actual_market_donor,3
train-monthly-00854,train,synthetic_monthly,True,STEP no-KI,KR66133428B2,original_template,3
train-regular-00855,train,synthetic_regular,False,LIZARD no-KI,KR65333126A4,fixed_actual_market_donor,0
train-monthly-00855,train,synthetic_monthly,True,LIZARD no-KI,KR6SH00071M9,original_template,3
train-regular-00856,train,synthetic_regular,False,STEP KI,KR6503334A11,fixed_actual_market_donor,3
train-monthly-00856,train,synthetic_monthly,True,STEP KI,KR6723302537,original_template,0
train-regular-00857,train,synthetic_regular,False,STEP no-KI,KR65233AA9C5,fixed_actual_market_donor,3
train-monthly-00857,train,synthetic_monthly,True,STEP no-KI,KR65733018C5,original_template,3
train-regular-00858,train,synthetic_regular,False,LIZARD KI,KR6KS0000CN8,fixed_actual_market_donor,3
train-monthly-00858,train,synthetic_monthly,True,LIZARD no-KI,KR6SH0008PJ7,original_template,3
train-regular-00859,train,synthetic_regular,False,LIZARD no-KI,KR6HH0000RZ9,fixed_actual_market_donor,3
train-monthly-00859,train,synthetic_monthly,True,STEP KI,KR65733D47C2,original_template,3
train-regular-00860,train,synthetic_regular,False,STEP KI,KR65333C7839,fixed_actual_market_donor,3
train-monthly-00860,train,synthetic_monthly,True,STEP no-KI,KR6SH00057K2,original_template,3
train-regular-00861,train,synthetic_regular,False,STEP no-KI,KR65733BK867,fixed_actual_market_donor,3
train-monthly-00861,train,synthetic_monthly,True,LIZARD no-KI,KR6SH0008MG0,original_template,3
train-regular-00862,train,synthetic_regular,False,LIZARD KI,KR6513338659,fixed_actual_market_donor,0
train-monthly-00862,train,synthetic_monthly,True,STEP KI,KR6KS0003948,original_template,3
train-regular-00863,train,synthetic_regular,False,LIZARD no-KI,KR6HN0007B58,fixed_actual_market_donor,3
train-monthly-00863,train,synthetic_monthly,True,STEP no-KI,KR6503324826,original_template,3
train-regular-00864,train,synthetic_regular,False,STEP KI,KR6ZW0000KQ4,fixed_actual_market_donor,3
train-monthly-00864,train,synthetic_monthly,True,LIZARD no-KI,KR6503370696,original_template,0
train-regular-00865,train,synthetic_regular,False,STEP no-KI,KR65433088C1,fixed_actual_market_donor,3
train-monthly-00865,train,synthetic_monthly,True,STEP KI,KR6SY0001KZ4,original_template,2
train-regular-00866,train,synthetic_regular,False,LIZARD KI,KR6SH0003K72,fixed_actual_market_donor,3
train-monthly-00866,train,synthetic_monthly,True,STEP no-KI,KR65733AS6A0,original_template,0
train-regular-00867,train,synthetic_regular,False,LIZARD no-KI,KR6HH0001DR4,fixed_actual_market_donor,3
train-monthly-00867,train,synthetic_monthly,True,LIZARD no-KI,KR6SH0008K77,original_template,3
train-regular-00868,train,synthetic_regular,False,STEP KI,KR65233AHA18,fixed_actual_market_donor,3
train-monthly-00868,train,synthetic_monthly,True,STEP KI,KR65733BN580,original_template,0
train-regular-00869,train,synthetic_regular,False,STEP no-KI,KR6ZW0002VM6,fixed_actual_market_donor,3
train-monthly-00869,train,synthetic_monthly,True,STEP no-KI,KR6ZW0002197,original_template,3
train-regular-00870,train,synthetic_regular,False,LIZARD KI,KR6503363790,fixed_actual_market_donor,2
train-monthly-00870,train,synthetic_monthly,True,LIZARD no-KI,KR6SH0008DB0,original_template,3
train-regular-00871,train,synthetic_regular,False,LIZARD no-KI,KR6KB0000BD7,fixed_actual_market_donor,3
train-monthly-00871,train,synthetic_monthly,True,STEP KI,KR6503339618,original_template,0
train-regular-00872,train,synthetic_regular,False,STEP KI,KR65233CZ765,fixed_actual_market_donor,3
train-monthly-00872,train,synthetic_monthly,True,STEP no-KI,KR6513327991,original_template,3
train-regular-00873,train,synthetic_regular,False,STEP no-KI,KR65333CE867,fixed_actual_market_donor,3
train-monthly-00873,train,synthetic_monthly,True,LIZARD no-KI,KR6SH0006HB5,original_template,3
train-regular-00874,train,synthetic_regular,False,LIZARD KI,KR6543312997,fixed_actual_market_donor,3
train-monthly-00874,train,synthetic_monthly,True,STEP KI,KR6793325A27,original_template,3
train-regular-00875,train,synthetic_regular,False,LIZARD no-KI,KR6SS0004SC2,fixed_actual_market_donor,3
train-monthly-00875,train,synthetic_monthly,True,STEP no-KI,KR6573319623,original_template,0
train-regular-00876,train,synthetic_regular,False,STEP KI,KR6KS0001L86,fixed_actual_market_donor,3
train-monthly-00876,train,synthetic_monthly,True,LIZARD no-KI,KR6SH0008PJ7,original_template,3
train-regular-00877,train,synthetic_regular,False,STEP no-KI,KR6MD00006E2,fixed_actual_market_donor,3
train-monthly-00877,train,synthetic_monthly,True,STEP KI,KR6SY0001N47,original_template,2
train-regular-00878,train,synthetic_regular,False,LIZARD KI,KR6KW00032D9,fixed_actual_market_donor,3
train-monthly-00878,train,synthetic_monthly,True,STEP no-KI,KR65233BH799,original_template,3
train-regular-00879,train,synthetic_regular,False,LIZARD no-KI,20250116000254_16519,fixed_actual_market_donor,3
train-monthly-00879,train,synthetic_monthly,True,LIZARD no-KI,KR6SH0008MG0,original_template,3
train-regular-00880,train,synthetic_regular,False,STEP KI,KR6KS00032T1,fixed_actual_market_donor,3
train-monthly-00880,train,synthetic_monthly,True,STEP KI,KR6529394A47,original_template,2
train-regular-00881,train,synthetic_regular,False,STEP no-KI,KR6HN0000RC6,fixed_actual_market_donor,3
train-monthly-00881,train,synthetic_monthly,True,STEP no-KI,KR6KS0007220,original_template,3
train-regular-00882,train,synthetic_regular,False,LIZARD KI,KR6533388866,fixed_actual_market_donor,3
train-monthly-00882,train,synthetic_monthly,True,LIZARD no-KI,KR65033BD6A3,original_template,0
train-regular-00883,train,synthetic_regular,False,LIZARD no-KI,KR65233EG530,fixed_actual_market_donor,0
train-monthly-00883,train,synthetic_monthly,True,STEP KI,KR6KS0000HV0,original_template,2
train-regular-00884,train,synthetic_regular,False,STEP KI,KR65233B5769,fixed_actual_market_donor,2
train-monthly-00884,train,synthetic_monthly,True,STEP no-KI,KR6SH0005NE9,original_template,3
train-regular-00885,train,synthetic_regular,False,STEP no-KI,KR65333GP9A5,fixed_actual_market_donor,3
train-monthly-00885,train,synthetic_monthly,True,LIZARD no-KI,KR6SH0008FE9,original_template,3
train-regular-00886,train,synthetic_regular,False,LIZARD KI,KR6573395615,fixed_actual_market_donor,0
train-monthly-00886,train,synthetic_monthly,True,STEP KI,KR6573367739,original_template,3
train-regular-00887,train,synthetic_regular,False,LIZARD no-KI,KR6573367747,fixed_actual_market_donor,3
train-monthly-00887,train,synthetic_monthly,True,STEP no-KI,KR65733A2812,original_template,3
train-regular-00888,train,synthetic_regular,False,STEP KI,KR6ZW0000HS6,fixed_actual_market_donor,3
train-monthly-00888,train,synthetic_monthly,True,LIZARD no-KI,KR65033A6695,original_template,0
train-regular-00889,train,synthetic_regular,False,STEP no-KI,KR6KS0000019,fixed_actual_market_donor,2
train-monthly-00889,train,synthetic_monthly,True,STEP KI,KR65733CK6B4,original_template,0
train-regular-00890,train,synthetic_regular,False,LIZARD KI,KR6763307917,fixed_actual_market_donor,3
train-monthly-00890,train,synthetic_monthly,True,STEP no-KI,KR6573380A25,original_template,3
train-regular-00891,train,synthetic_regular,False,LIZARD no-KI,KR65733CD977,fixed_actual_market_donor,3
train-monthly-00891,train,synthetic_monthly,True,LIZARD no-KI,KR6SH0007697,original_template,3
train-regular-00892,train,synthetic_regular,False,STEP KI,KR6HH0001CA2,fixed_actual_market_donor,3
train-monthly-00892,train,synthetic_monthly,True,STEP KI,KR67033236C6,original_template,0
train-regular-00893,train,synthetic_regular,False,STEP no-KI,KR6MD0004EQ7,fixed_actual_market_donor,3
train-monthly-00893,train,synthetic_monthly,True,STEP no-KI,KR6ZY0001LN3,original_template,3
train-regular-00894,train,synthetic_regular,False,LIZARD KI,KR6543380564,fixed_actual_market_donor,0
train-monthly-00894,train,synthetic_monthly,True,LIZARD no-KI,KR6SH0008WC8,original_template,3
train-regular-00895,train,synthetic_regular,False,LIZARD no-KI,KR65233BD822,fixed_actual_market_donor,3
train-monthly-00895,train,synthetic_monthly,True,STEP KI,KR65733BF768,original_template,2
train-regular-00896,train,synthetic_regular,False,STEP KI,KR6DS0000HG6,fixed_actual_market_donor,3
train-monthly-00896,train,synthetic_monthly,True,STEP no-KI,KR6573356948,original_template,3
train-regular-00897,train,synthetic_regular,False,STEP no-KI,KR6573316991,fixed_actual_market_donor,3
train-monthly-00897,train,synthetic_monthly,True,LIZARD no-KI,KR6503375836,original_template,3
train-regular-00898,train,synthetic_regular,False,LIZARD KI,KR6KS00013M6,fixed_actual_market_donor,3
train-monthly-00898,train,synthetic_monthly,True,STEP KI,KR6MD0003VK6,original_template,3
train-regular-00899,train,synthetic_regular,False,LIZARD no-KI,KR67633328A9,fixed_actual_market_donor,3
train-monthly-00899,train,synthetic_monthly,True,STEP no-KI,KR65033AC762,original_template,2
train-regular-00900,train,synthetic_regular,False,STEP KI,KR6SH0005RN1,fixed_actual_market_donor,3
train-monthly-00900,train,synthetic_monthly,True,LIZARD no-KI,KR6503341721,original_template,2
train-regular-00901,train,synthetic_regular,False,STEP no-KI,KR65333DN791,fixed_actual_market_donor,2
train-monthly-00901,train,synthetic_monthly,True,STEP KI,KR65233AM536,original_template,0
train-regular-00902,train,synthetic_regular,False,LIZARD KI,KR67933078C3,fixed_actual_market_donor,3
train-monthly-00902,train,synthetic_monthly,True,STEP no-KI,KR6503308555,original_template,0
train-regular-00903,train,synthetic_regular,False,LIZARD no-KI,KR6583301777,fixed_actual_market_donor,2
train-monthly-00903,train,synthetic_monthly,True,LIZARD no-KI,KR6503397822,original_template,3
train-regular-00904,train,synthetic_regular,False,STEP KI,KR6SH0000RP7,fixed_actual_market_donor,3
train-monthly-00904,train,synthetic_monthly,True,STEP KI,KR65233AE723,original_template,2
train-regular-00905,train,synthetic_regular,False,STEP no-KI,20180620000300_4037,fixed_actual_market_donor,3
train-monthly-00905,train,synthetic_monthly,True,STEP no-KI,KR6MD0003SF2,original_template,3
train-regular-00906,train,synthetic_regular,False,LIZARD KI,KR6BK0000NY8,fixed_actual_market_donor,3
train-monthly-00906,train,synthetic_monthly,True,LIZARD no-KI,KR6SH0008K77,original_template,3
train-regular-00907,train,synthetic_regular,False,LIZARD no-KI,KR65233847A6,fixed_actual_market_donor,3
train-monthly-00907,train,synthetic_monthly,True,STEP KI,KR6SY00007J8,original_template,2
train-regular-00908,train,synthetic_regular,False,STEP KI,KR6763308998,fixed_actual_market_donor,3
train-monthly-00908,train,synthetic_monthly,True,STEP no-KI,KR6ZY0000EK6,original_template,3
train-regular-00909,train,synthetic_regular,False,STEP no-KI,KR6MD0006E28,fixed_actual_market_donor,3
train-monthly-00909,train,synthetic_monthly,True,LIZARD no-KI,KR6SH0008ER4,original_template,3
train-regular-00910,train,synthetic_regular,False,LIZARD KI,KR6KW0000YW5,fixed_actual_market_donor,3
train-monthly-00910,train,synthetic_monthly,True,STEP KI,KR65733A19C7,original_template,3
train-regular-00911,train,synthetic_regular,False,LIZARD no-KI,KR6SS0001N78,fixed_actual_market_donor,3
train-monthly-00911,train,synthetic_monthly,True,STEP no-KI,KR6KB0005MX1,original_template,3
train-regular-00912,train,synthetic_regular,False,STEP KI,KR6703314858,fixed_actual_market_donor,3
train-monthly-00912,train,synthetic_monthly,True,LIZARD no-KI,KR6SH0008XJ1,original_template,3
train-regular-00913,train,synthetic_regular,False,STEP no-KI,KR67933075A3,fixed_actual_market_donor,0
train-monthly-00913,train,synthetic_monthly,True,STEP KI,KR65733BL683,original_template,0
train-regular-00914,train,synthetic_regular,False,LIZARD KI,KR6573306A26,fixed_actual_market_donor,3
train-monthly-00914,train,synthetic_monthly,True,STEP no-KI,KR6573375823,original_template,3
train-regular-00915,train,synthetic_regular,False,LIZARD no-KI,KR6583322724,fixed_actual_market_donor,2
train-monthly-00915,train,synthetic_monthly,True,LIZARD no-KI,KR65033AR711,original_template,2
train-regular-00916,train,synthetic_regular,False,STEP KI,KR6573315654,fixed_actual_market_donor,0
train-monthly-00916,train,synthetic_monthly,True,STEP KI,KR67033187A5,original_template,3
train-regular-00917,train,synthetic_regular,False,STEP no-KI,KR6573325679,fixed_actual_market_donor,0
train-monthly-00917,train,synthetic_monthly,True,STEP no-KI,KR6KB00020B3,original_template,3
train-regular-00918,train,synthetic_regular,False,LIZARD KI,KR6MD00080F4,fixed_actual_market_donor,3
train-monthly-00918,train,synthetic_monthly,True,LIZARD no-KI,KR6503397822,original_template,3
train-regular-00919,train,synthetic_regular,False,LIZARD no-KI,KR6553368A80,fixed_actual_market_donor,3
train-monthly-00919,train,synthetic_monthly,True,STEP KI,KR6MD0007VE0,original_template,3
train-regular-00920,train,synthetic_regular,False,STEP KI,KR6HN0006146,fixed_actual_market_donor,3
train-monthly-00920,train,synthetic_monthly,True,STEP no-KI,KR6503358865,original_template,3
train-regular-00921,train,synthetic_regular,False,STEP no-KI,KR6523380857,fixed_actual_market_donor,3
train-monthly-00921,train,synthetic_monthly,True,LIZARD no-KI,KR6SH0008MG0,original_template,3
train-regular-00922,train,synthetic_regular,False,LIZARD KI,KR6MD0003MP4,fixed_actual_market_donor,3
train-monthly-00922,train,synthetic_monthly,True,STEP KI,KR6KB0001MY8,original_template,3
train-regular-00923,train,synthetic_regular,False,LIZARD no-KI,KR6ZW00003Y9,fixed_actual_market_donor,2
train-monthly-00923,train,synthetic_monthly,True,STEP no-KI,KR6583318A21,original_template,3
train-regular-00924,train,synthetic_regular,False,STEP KI,KR65333AM7A8,fixed_actual_market_donor,3
train-monthly-00924,train,synthetic_monthly,True,LIZARD no-KI,KR6SH0008QF3,original_template,3
train-regular-00925,train,synthetic_regular,False,STEP no-KI,KR65433567C4,fixed_actual_market_donor,3
train-monthly-00925,train,synthetic_monthly,True,STEP KI,KR65233EH561,original_template,0
train-regular-00926,train,synthetic_regular,False,LIZARD KI,KR6SH0004AA7,fixed_actual_market_donor,3
train-monthly-00926,train,synthetic_monthly,True,STEP no-KI,KR6503392880,original_template,3
train-regular-00927,train,synthetic_regular,False,LIZARD no-KI,KR6733309A31,fixed_actual_market_donor,3
train-monthly-00927,train,synthetic_monthly,True,LIZARD no-KI,KR6SH0008MG0,original_template,3
train-regular-00928,train,synthetic_regular,False,STEP KI,KR6SH0007K11,fixed_actual_market_donor,3
train-monthly-00928,train,synthetic_monthly,True,STEP KI,KR6KS00043S0,original_template,3
train-regular-00929,train,synthetic_regular,False,STEP no-KI,KR6KS0004D75,fixed_actual_market_donor,3
train-monthly-00929,train,synthetic_monthly,True,STEP no-KI,KR6MD0007QM3,original_template,3
train-regular-00930,train,synthetic_regular,False,LIZARD KI,KR6703340A35,fixed_actual_market_donor,3
train-monthly-00930,train,synthetic_monthly,True,LIZARD no-KI,KR6SH0008A04,original_template,3
train-regular-00931,train,synthetic_regular,False,LIZARD no-KI,KR65333E1947,fixed_actual_market_donor,3
train-monthly-00931,train,synthetic_monthly,True,STEP KI,20150202000410_3294,original_template,0
train-regular-00932,train,synthetic_regular,False,STEP KI,KR6MD00025H5,fixed_actual_market_donor,3
train-monthly-00932,train,synthetic_monthly,True,STEP no-KI,KR65733026A2,original_template,0
train-regular-00933,train,synthetic_regular,False,STEP no-KI,KR6543357844,fixed_actual_market_donor,3
train-monthly-00933,train,synthetic_monthly,True,LIZARD no-KI,KR6SH00075V1,original_template,3
train-regular-00934,train,synthetic_regular,False,LIZARD KI,KR6623311968,fixed_actual_market_donor,3
train-monthly-00934,train,synthetic_monthly,True,STEP KI,KR6573312867,original_template,3
train-regular-00935,train,synthetic_regular,False,LIZARD no-KI,KR6SS00039R2,fixed_actual_market_donor,3
train-monthly-00935,train,synthetic_monthly,True,STEP no-KI,KR6543363A86,original_template,3
train-regular-00936,train,synthetic_regular,False,STEP KI,KR65233A6867,fixed_actual_market_donor,3
train-monthly-00936,train,synthetic_monthly,True,LIZARD no-KI,KR6SH00089H1,original_template,3
train-regular-00937,train,synthetic_regular,False,STEP no-KI,KR6SS0002VG1,fixed_actual_market_donor,3
train-monthly-00937,train,synthetic_monthly,True,STEP KI,KR6MD0002PP9,original_template,3
train-regular-00938,train,synthetic_regular,False,LIZARD KI,KR67633399A0,fixed_actual_market_donor,3
train-monthly-00938,train,synthetic_monthly,True,STEP no-KI,KR6573382936,original_template,3
train-regular-00939,train,synthetic_regular,False,LIZARD no-KI,KR65533CP579,fixed_actual_market_donor,0
train-monthly-00939,train,synthetic_monthly,True,LIZARD no-KI,KR6SH0008FE9,original_template,3
train-regular-00940,train,synthetic_regular,False,STEP KI,KR6MD00003S9,fixed_actual_market_donor,2
train-monthly-00940,train,synthetic_monthly,True,STEP KI,KR65733D5937,original_template,3
train-regular-00941,train,synthetic_regular,False,STEP no-KI,KR65033B4A66,fixed_actual_market_donor,3
train-monthly-00941,train,synthetic_monthly,True,STEP no-KI,KR6583330A33,original_template,3
train-regular-00942,train,synthetic_regular,False,LIZARD KI,KR65733C5722,fixed_actual_market_donor,2
train-monthly-00942,train,synthetic_monthly,True,LIZARD no-KI,KR6503398713,original_template,2
train-regular-00943,train,synthetic_regular,False,LIZARD no-KI,KR65733AW815,fixed_actual_market_donor,3
train-monthly-00943,train,synthetic_monthly,True,STEP KI,KR6BK0000379,original_template,3
train-regular-00944,train,synthetic_regular,False,STEP KI,KR65333G9963,fixed_actual_market_donor,3
train-monthly-00944,train,synthetic_monthly,True,STEP no-KI,KR6MD0004ZH1,original_template,3
train-regular-00945,train,synthetic_regular,False,STEP no-KI,KR6523312934,fixed_actual_market_donor,3
train-monthly-00945,train,synthetic_monthly,True,LIZARD no-KI,KR6SH0008WC8,original_template,3
train-regular-00946,train,synthetic_regular,False,LIZARD KI,KR6793323561,fixed_actual_market_donor,0
train-monthly-00946,train,synthetic_monthly,True,STEP KI,KR6KB00031M7,original_template,3
train-regular-00947,train,synthetic_regular,False,LIZARD no-KI,KR6NH0002P99,fixed_actual_market_donor,3
train-monthly-00947,train,synthetic_monthly,True,STEP no-KI,KR65133229B6,original_template,3
train-regular-00948,train,synthetic_regular,False,STEP KI,KR6KW00028D7,fixed_actual_market_donor,3
train-monthly-00948,train,synthetic_monthly,True,LIZARD no-KI,KR6503383723,original_template,2
train-regular-00949,train,synthetic_regular,False,STEP no-KI,KR67033309C1,fixed_actual_market_donor,3
train-monthly-00949,train,synthetic_monthly,True,STEP KI,KR6KW00042Q0,original_template,3
train-regular-00950,train,synthetic_regular,False,LIZARD KI,KR6HN0006FD6,fixed_actual_market_donor,3
train-monthly-00950,train,synthetic_monthly,True,STEP no-KI,KR65233C5776,original_template,2
train-regular-00951,train,synthetic_regular,False,LIZARD no-KI,KR6HH00017E2,fixed_actual_market_donor,3
train-monthly-00951,train,synthetic_monthly,True,LIZARD no-KI,KR6SH0008711,original_template,3
train-regular-00952,train,synthetic_regular,False,STEP KI,KR65033A6638,fixed_actual_market_donor,0
train-monthly-00952,train,synthetic_monthly,True,STEP KI,KR6MD0007889,original_template,2
train-regular-00953,train,synthetic_regular,False,STEP no-KI,KR6SS00065A3,fixed_actual_market_donor,3
train-monthly-00953,train,synthetic_monthly,True,STEP no-KI,KR6523306837,original_template,3
train-regular-00954,train,synthetic_regular,False,LIZARD KI,KR6ZY0000EC3,fixed_actual_market_donor,3
train-monthly-00954,train,synthetic_monthly,True,LIZARD no-KI,KR6503375836,original_template,3
train-regular-00955,train,synthetic_regular,False,LIZARD no-KI,KR6MZ0000AX2,fixed_actual_market_donor,3
train-monthly-00955,train,synthetic_monthly,True,STEP KI,KR65733AY8A8,original_template,3
train-regular-00956,train,synthetic_regular,False,STEP KI,KR6533359818,fixed_actual_market_donor,3
train-monthly-00956,train,synthetic_monthly,True,STEP no-KI,20200313000504_18907,original_template,3
train-regular-00957,train,synthetic_regular,False,STEP no-KI,KR6SY0000ER6,fixed_actual_market_donor,2
train-monthly-00957,train,synthetic_monthly,True,LIZARD no-KI,KR6SH0008WC8,original_template,3
train-regular-00958,train,synthetic_regular,False,LIZARD KI,KR6SS0003E85,fixed_actual_market_donor,3
train-monthly-00958,train,synthetic_monthly,True,STEP KI,KR67033B4893,original_template,3
train-regular-00959,train,synthetic_regular,False,LIZARD no-KI,KR6KS0005Z11,fixed_actual_market_donor,3
train-monthly-00959,train,synthetic_monthly,True,STEP no-KI,KR6773306560,original_template,0
train-regular-00960,train,synthetic_regular,False,STEP KI,KR65333B5933,fixed_actual_market_donor,3
train-monthly-00960,train,synthetic_monthly,True,LIZARD no-KI,KR6SH00071M9,original_template,3
train-regular-00961,train,synthetic_regular,False,STEP no-KI,KR6523305813,fixed_actual_market_donor,3
train-monthly-00961,train,synthetic_monthly,True,STEP KI,KR6SY00022F5,original_template,3
train-regular-00962,train,synthetic_regular,False,LIZARD KI,KR6653322927,fixed_actual_market_donor,3
train-monthly-00962,train,synthetic_monthly,True,STEP no-KI,KR6MD0001QQ7,original_template,3
train-regular-00963,train,synthetic_regular,False,LIZARD no-KI,KR6579311A67,fixed_actual_market_donor,2
train-monthly-00963,train,synthetic_monthly,True,LIZARD no-KI,KR65033D1818,original_template,3
train-regular-00964,train,synthetic_regular,False,STEP KI,KR65033A9954,fixed_actual_market_donor,3
train-monthly-00964,train,synthetic_monthly,True,STEP KI,KR6573357615,original_template,0
train-regular-00965,train,synthetic_regular,False,STEP no-KI,KR6SH0003ZE8,fixed_actual_market_donor,3
train-monthly-00965,train,synthetic_monthly,True,STEP no-KI,KR6KS0002999,original_template,3
train-regular-00966,train,synthetic_regular,False,LIZARD KI,KR6KB0002LB6,fixed_actual_market_donor,3
train-monthly-00966,train,synthetic_monthly,True,LIZARD no-KI,KR6503375836,original_template,3
train-regular-00967,train,synthetic_regular,False,LIZARD no-KI,KR6543362844,fixed_actual_market_donor,3
train-monthly-00967,train,synthetic_monthly,True,STEP KI,KR65733497C1,original_template,3
train-regular-00968,train,synthetic_regular,False,STEP KI,KR6SH00082T1,fixed_actual_market_donor,3
train-monthly-00968,train,synthetic_monthly,True,STEP no-KI,KR6MD0003AT1,original_template,3
train-regular-00969,train,synthetic_regular,False,STEP no-KI,KR6583303617,fixed_actual_market_donor,0
train-monthly-00969,train,synthetic_monthly,True,LIZARD no-KI,KR65033526B6,original_template,0
train-regular-00970,train,synthetic_regular,False,LIZARD KI,KR6653349A17,fixed_actual_market_donor,3
train-monthly-00970,train,synthetic_monthly,True,STEP KI,KR65733BH8C4,original_template,3
train-regular-00971,train,synthetic_regular,False,LIZARD no-KI,KR65033DV972,fixed_actual_market_donor,3
train-monthly-00971,train,synthetic_monthly,True,STEP no-KI,KR6613324880,original_template,3
train-regular-00972,train,synthetic_regular,False,STEP KI,KR6503365910,fixed_actual_market_donor,3
train-monthly-00972,train,synthetic_monthly,True,LIZARD no-KI,KR6SH00075V1,original_template,3
train-regular-00973,train,synthetic_regular,False,STEP no-KI,KR6613314A46,fixed_actual_market_donor,3
train-monthly-00973,train,synthetic_monthly,True,STEP KI,KR6KW0002E70,original_template,3
train-regular-00974,train,synthetic_regular,False,LIZARD KI,KR6YT0000448,fixed_actual_market_donor,3
train-monthly-00974,train,synthetic_monthly,True,STEP no-KI,KR65733716A8,original_template,0
train-regular-00975,train,synthetic_regular,False,LIZARD no-KI,KR6SH0003KY8,fixed_actual_market_donor,3
train-monthly-00975,train,synthetic_monthly,True,LIZARD no-KI,KR6SH0008ZP3,original_template,3
train-regular-00976,train,synthetic_regular,False,STEP KI,KR6583302643,fixed_actual_market_donor,0
train-monthly-00976,train,synthetic_monthly,True,STEP KI,KR65233DA543,original_template,0
train-regular-00977,train,synthetic_regular,False,STEP no-KI,KR6543307930,fixed_actual_market_donor,3
train-monthly-00977,train,synthetic_monthly,True,STEP no-KI,KR6KS0008657,original_template,3
train-regular-00978,train,synthetic_regular,False,LIZARD KI,KR6KB0006C16,fixed_actual_market_donor,3
train-monthly-00978,train,synthetic_monthly,True,LIZARD no-KI,KR6SH00075V1,original_template,3
train-regular-00979,train,synthetic_regular,False,LIZARD no-KI,KR65233B7542,fixed_actual_market_donor,0
train-monthly-00979,train,synthetic_monthly,True,STEP KI,KR65733A1699,original_template,0
train-regular-00980,train,synthetic_regular,False,STEP KI,KR6EG0000L48,fixed_actual_market_donor,3
train-monthly-00980,train,synthetic_monthly,True,STEP no-KI,KR6523331611,original_template,0
train-regular-00981,train,synthetic_regular,False,STEP no-KI,KR6SH0006SE6,fixed_actual_market_donor,3
train-monthly-00981,train,synthetic_monthly,True,LIZARD no-KI,KR6SH0008VE6,original_template,3
train-regular-00982,train,synthetic_regular,False,LIZARD KI,KR65233CJ934,fixed_actual_market_donor,3
train-monthly-00982,train,synthetic_monthly,True,STEP KI,KR6MD00008X8,original_template,2
train-regular-00983,train,synthetic_regular,False,LIZARD no-KI,KR65333E7969,fixed_actual_market_donor,3
train-monthly-00983,train,synthetic_monthly,True,STEP no-KI,KR6KS0000RC9,original_template,3
train-regular-00984,train,synthetic_regular,False,STEP KI,KR6543343786,fixed_actual_market_donor,2
train-monthly-00984,train,synthetic_monthly,True,LIZARD no-KI,KR6SH0009164,original_template,3
train-regular-00985,train,synthetic_regular,False,STEP no-KI,KR6SH0004348,fixed_actual_market_donor,3
train-monthly-00985,train,synthetic_monthly,True,STEP KI,KR6HN0000R57,original_template,3
train-regular-00986,train,synthetic_regular,False,LIZARD KI,KR65733B1870,fixed_actual_market_donor,3
train-monthly-00986,train,synthetic_monthly,True,STEP no-KI,KR6ZY0000858,original_template,3
train-regular-00987,train,synthetic_regular,False,LIZARD no-KI,KR65433509A0,fixed_actual_market_donor,3
train-monthly-00987,train,synthetic_monthly,True,LIZARD no-KI,KR6503383723,original_template,2
train-regular-00988,train,synthetic_regular,False,STEP KI,KR6MD0003TV7,fixed_actual_market_donor,3
train-monthly-00988,train,synthetic_monthly,True,STEP KI,KR6YT0000SC6,original_template,3
train-regular-00989,train,synthetic_regular,False,STEP no-KI,KR6703340762,fixed_actual_market_donor,3
train-monthly-00989,train,synthetic_monthly,True,STEP no-KI,KR6503358790,original_template,2
train-regular-00990,train,synthetic_regular,False,LIZARD KI,KR6543304A39,fixed_actual_market_donor,3
train-monthly-00990,train,synthetic_monthly,True,LIZARD no-KI,KR6503375836,original_template,3
train-regular-00991,train,synthetic_regular,False,LIZARD no-KI,KR6ZW0001CB1,fixed_actual_market_donor,3
train-monthly-00991,train,synthetic_monthly,True,STEP KI,KR6MD0006C61,original_template,3
train-regular-00992,train,synthetic_regular,False,STEP KI,KR6543369757,fixed_actual_market_donor,2
train-monthly-00992,train,synthetic_monthly,True,STEP no-KI,KR65733535A2,original_template,0
train-regular-00993,train,synthetic_regular,False,STEP no-KI,KR6SY0001562,fixed_actual_market_donor,3
train-monthly-00993,train,synthetic_monthly,True,LIZARD no-KI,KR6SH0008MG0,original_template,3
train-regular-00994,train,synthetic_regular,False,LIZARD KI,KR6MD0006S06,fixed_actual_market_donor,3
train-monthly-00994,train,synthetic_monthly,True,STEP KI,KR6MZ0000LH2,original_template,3
train-regular-00995,train,synthetic_regular,False,LIZARD no-KI,KR65533178B1,fixed_actual_market_donor,3
train-monthly-00995,train,synthetic_monthly,True,STEP no-KI,20210602000084_2843,original_template,3
train-regular-00996,train,synthetic_regular,False,STEP KI,KR65233F0741,fixed_actual_market_donor,2
train-monthly-00996,train,synthetic_monthly,True,LIZARD no-KI,KR6SH0008YH3,original_template,3
train-regular-00997,train,synthetic_regular,False,STEP no-KI,KR6533321677,fixed_actual_market_donor,0
train-monthly-00997,train,synthetic_monthly,True,STEP KI,KR65733BY959,original_template,3
train-regular-00998,train,synthetic_regular,False,LIZARD KI,KR6HN0003M75,fixed_actual_market_donor,3
train-monthly-00998,train,synthetic_monthly,True,STEP no-KI,KR65833619C9,original_template,3
train-regular-00999,train,synthetic_regular,False,LIZARD no-KI,KR6SH0000RS1,fixed_actual_market_donor,3
train-monthly-00999,train,synthetic_monthly,True,LIZARD no-KI,KR6SH0008711,original_template,3
train-regular-01000,train,synthetic_regular,False,STEP KI,KR6SH00032Y6,fixed_actual_market_donor,3
train-monthly-01000,train,synthetic_monthly,True,STEP KI,KR6529381A67,original_template,2
train-regular-01001,train,synthetic_regular,False,STEP no-KI,KR6503303994,fixed_actual_market_donor,3
train-monthly-01001,train,synthetic_monthly,True,STEP no-KI,KR6513335A27,original_template,3
train-regular-01002,train,synthetic_regular,False,LIZARD KI,KR65293529A7,fixed_actual_market_donor,2
train-monthly-01002,train,synthetic_monthly,True,LIZARD no-KI,KR6SH00075V1,original_template,3
train-regular-01003,train,synthetic_regular,False,LIZARD no-KI,KR65433329C9,fixed_actual_market_donor,3
train-monthly-01003,train,synthetic_monthly,True,STEP KI,KR6SY0000556,original_template,2
train-regular-01004,train,synthetic_regular,False,STEP KI,KR6553390578,fixed_actual_market_donor,0
train-monthly-01004,train,synthetic_monthly,True,STEP no-KI,KR6703381642,original_template,0
train-regular-01005,train,synthetic_regular,False,STEP no-KI,KR65533A2897,fixed_actual_market_donor,3
train-monthly-01005,train,synthetic_monthly,True,LIZARD no-KI,KR6SH0008ZP3,original_template,3
train-regular-01006,train,synthetic_regular,False,LIZARD KI,KR6MD0003GL5,fixed_actual_market_donor,3
train-monthly-01006,train,synthetic_monthly,True,STEP KI,KR65933BK541,original_template,0
train-regular-01007,train,synthetic_regular,False,LIZARD no-KI,KR65733BA991,fixed_actual_market_donor,3
train-monthly-01007,train,synthetic_monthly,True,STEP no-KI,KR65033286C5,original_template,0
train-regular-01008,train,synthetic_regular,False,STEP KI,KR6MZ0000KD3,fixed_actual_market_donor,3
train-monthly-01008,train,synthetic_monthly,True,LIZARD no-KI,KR6SH0008JC5,original_template,3
train-regular-01009,train,synthetic_regular,False,STEP no-KI,20160525000169_15594,fixed_actual_market_donor,0
train-monthly-01009,train,synthetic_monthly,True,STEP KI,KR65733DH539,original_template,0
train-regular-01010,train,synthetic_regular,False,LIZARD KI,KR65833A1672,fixed_actual_market_donor,0
train-monthly-01010,train,synthetic_monthly,True,STEP no-KI,KR6ZY00019E5,original_template,3
train-regular-01011,train,synthetic_regular,False,LIZARD no-KI,KR65333AB784,fixed_actual_market_donor,2
train-monthly-01011,train,synthetic_monthly,True,LIZARD no-KI,KR6SH0006W42,original_template,3
train-regular-01012,train,synthetic_regular,False,STEP KI,KR66133BA985,fixed_actual_market_donor,3
train-monthly-01012,train,synthetic_monthly,True,STEP KI,KR6KS0003P80,original_template,2
train-regular-01013,train,synthetic_regular,False,STEP no-KI,KR6ZY0002LP6,fixed_actual_market_donor,3
train-monthly-01013,train,synthetic_monthly,True,STEP no-KI,KR6703398A69,original_template,3
train-regular-01014,train,synthetic_regular,False,LIZARD KI,KR65333D96B0,fixed_actual_market_donor,0
train-monthly-01014,train,synthetic_monthly,True,LIZARD no-KI,KR6SH00088N1,original_template,3
train-regular-01015,train,synthetic_regular,False,LIZARD no-KI,KR6573364991,fixed_actual_market_donor,3
train-monthly-01015,train,synthetic_monthly,True,STEP KI,KR6573349844,original_template,3
train-regular-01016,train,synthetic_regular,False,STEP KI,KR6KS0000159,fixed_actual_market_donor,3
train-monthly-01016,train,synthetic_monthly,True,STEP no-KI,KR6MD0005QR6,original_template,3
train-regular-01017,train,synthetic_regular,False,STEP no-KI,KR6543329942,fixed_actual_market_donor,3
train-monthly-01017,train,synthetic_monthly,True,LIZARD no-KI,KR6503398713,original_template,2
train-regular-01018,train,synthetic_regular,False,LIZARD KI,KR65293BJ963,fixed_actual_market_donor,2
train-monthly-01018,train,synthetic_monthly,True,STEP KI,KR65733BJ521,original_template,0
train-regular-01019,train,synthetic_regular,False,LIZARD no-KI,KR6503316897,fixed_actual_market_donor,3
train-monthly-01019,train,synthetic_monthly,True,STEP no-KI,KR6543349957,original_template,3
train-regular-01020,train,synthetic_regular,False,STEP KI,KR6553313596,fixed_actual_market_donor,0
train-monthly-01020,train,synthetic_monthly,True,LIZARD no-KI,KR65033526B6,original_template,0
train-regular-01021,train,synthetic_regular,False,STEP no-KI,KR65433237C4,fixed_actual_market_donor,3
train-monthly-01021,train,synthetic_monthly,True,STEP KI,KR6MD0004CQ1,original_template,3
train-regular-01022,train,synthetic_regular,False,LIZARD KI,KR6SH00056L2,fixed_actual_market_donor,3
train-monthly-01022,train,synthetic_monthly,True,STEP no-KI,KR6SH0005SF5,original_template,3
train-regular-01023,train,synthetic_regular,False,LIZARD no-KI,KR6533330926,fixed_actual_market_donor,3
train-monthly-01023,train,synthetic_monthly,True,LIZARD no-KI,KR6SH0008RH7,original_template,3
validation-regular-00000,validation,synthetic_regular,False,STEP KI,KR6793303A56,fixed_actual_market_donor,3
validation-monthly-00000,validation,synthetic_monthly,True,LIZARD no-KI,KR6SH0008JJ0,original_template,3
validation-regular-00001,validation,synthetic_regular,False,STEP no-KI,KR6MD0002TE5,fixed_actual_market_donor,3
validation-monthly-00001,validation,synthetic_monthly,True,STEP KI,KR6KS0004HK5,original_template,3
validation-regular-00002,validation,synthetic_regular,False,LIZARD KI,KR6KB0000XZ4,fixed_actual_market_donor,3
validation-monthly-00002,validation,synthetic_monthly,True,STEP no-KI,KR6553305998,original_template,3
validation-regular-00003,validation,synthetic_regular,False,LIZARD no-KI,KR6SS0006AD3,fixed_actual_market_donor,3
validation-monthly-00003,validation,synthetic_monthly,True,LIZARD no-KI,KR6SH00088W2,original_template,3
validation-regular-00004,validation,synthetic_regular,False,STEP KI,KR65333CVA41,fixed_actual_market_donor,3
validation-monthly-00004,validation,synthetic_monthly,True,STEP KI,KR6SY0001V39,original_template,3
validation-regular-00005,validation,synthetic_regular,False,STEP no-KI,KR6KW0001PQ3,fixed_actual_market_donor,3
validation-monthly-00005,validation,synthetic_monthly,True,STEP no-KI,KR65533BK549,original_template,0
validation-regular-00006,validation,synthetic_regular,False,LIZARD KI,KR6573309A64,fixed_actual_market_donor,3
validation-monthly-00006,validation,synthetic_monthly,True,LIZARD no-KI,KR6SH0008JJ0,original_template,3
validation-regular-00007,validation,synthetic_regular,False,LIZARD no-KI,KR6SH0006TG9,fixed_actual_market_donor,3
validation-monthly-00007,validation,synthetic_monthly,True,STEP KI,KR65493339C5,original_template,2
validation-regular-00008,validation,synthetic_regular,False,STEP KI,KR6KS00073D9,fixed_actual_market_donor,3
validation-monthly-00008,validation,synthetic_monthly,True,STEP no-KI,KR6503304554,original_template,0
validation-regular-00009,validation,synthetic_regular,False,STEP no-KI,KR6KW0005259,fixed_actual_market_donor,3
validation-monthly-00009,validation,synthetic_monthly,True,LIZARD no-KI,KR6SH0007689,original_template,3
validation-regular-00010,validation,synthetic_regular,False,LIZARD KI,KR6ZW0000FS0,fixed_actual_market_donor,3
validation-monthly-00010,validation,synthetic_monthly,True,STEP KI,KR65733A5823,original_template,3
validation-regular-00011,validation,synthetic_regular,False,LIZARD no-KI,KR6MD0004ZV2,fixed_actual_market_donor,3
validation-monthly-00011,validation,synthetic_monthly,True,STEP no-KI,KR6583305620,original_template,0
validation-regular-00012,validation,synthetic_regular,False,STEP KI,KR6KW0005C53,fixed_actual_market_donor,3
validation-monthly-00012,validation,synthetic_monthly,True,LIZARD no-KI,KR6SH00075W9,original_template,3
validation-regular-00013,validation,synthetic_regular,False,STEP no-KI,KR6SH0006681,fixed_actual_market_donor,3
validation-monthly-00013,validation,synthetic_monthly,True,STEP KI,KR6523379917,original_template,3
validation-regular-00014,validation,synthetic_regular,False,LIZARD KI,KR6SS0003XE0,fixed_actual_market_donor,3
validation-monthly-00014,validation,synthetic_monthly,True,STEP no-KI,KR6SY0000BL5,original_template,3
validation-regular-00015,validation,synthetic_regular,False,LIZARD no-KI,KR6573316934,fixed_actual_market_donor,3
validation-monthly-00015,validation,synthetic_monthly,True,LIZARD no-KI,KR6SH0008JJ0,original_template,3
validation-regular-00016,validation,synthetic_regular,False,STEP KI,KR65833AE8B9,fixed_actual_market_donor,3
validation-monthly-00016,validation,synthetic_monthly,True,STEP KI,KR65733A5823,original_template,3
validation-regular-00017,validation,synthetic_regular,False,STEP no-KI,KR6583341765,fixed_actual_market_donor,2
validation-monthly-00017,validation,synthetic_monthly,True,STEP no-KI,KR6ZW0001H89,original_template,3
validation-regular-00018,validation,synthetic_regular,False,LIZARD KI,20220321001003_3611,fixed_actual_market_donor,3
validation-monthly-00018,validation,synthetic_monthly,True,LIZARD no-KI,KR6SH00088W2,original_template,3
validation-regular-00019,validation,synthetic_regular,False,LIZARD no-KI,KR6KS00010C3,fixed_actual_market_donor,3
validation-monthly-00019,validation,synthetic_monthly,True,STEP KI,KR6703362A38,original_template,3
validation-regular-00020,validation,synthetic_regular,False,STEP KI,KR6KW00016Q4,fixed_actual_market_donor,3
validation-monthly-00020,validation,synthetic_monthly,True,STEP no-KI,KR6ZW0003CS1,original_template,3
validation-regular-00021,validation,synthetic_regular,False,STEP no-KI,KR65133B5554,fixed_actual_market_donor,0
validation-monthly-00021,validation,synthetic_monthly,True,LIZARD no-KI,KR6SH00075W9,original_template,3
validation-regular-00022,validation,synthetic_regular,False,LIZARD KI,KR65333AG635,fixed_actual_market_donor,0
validation-monthly-00022,validation,synthetic_monthly,True,STEP KI,KR65733BF958,original_template,3
validation-regular-00023,validation,synthetic_regular,False,LIZARD no-KI,KR6MZ0000YT0,fixed_actual_market_donor,3
validation-monthly-00023,validation,synthetic_monthly,True,STEP no-KI,KR6659312922,original_template,2
validation-regular-00024,validation,synthetic_regular,False,STEP KI,KR65733B3983,fixed_actual_market_donor,3
validation-monthly-00024,validation,synthetic_monthly,True,LIZARD no-KI,KR6SH0007689,original_template,3
validation-regular-00025,validation,synthetic_regular,False,STEP no-KI,KR65033BD9C3,fixed_actual_market_donor,3
validation-monthly-00025,validation,synthetic_monthly,True,STEP KI,KR6503305650,original_template,0
validation-regular-00026,validation,synthetic_regular,False,LIZARD KI,KR65733BF933,fixed_actual_market_donor,3
validation-monthly-00026,validation,synthetic_monthly,True,STEP no-KI,KR65533076C5,original_template,0
validation-regular-00027,validation,synthetic_regular,False,LIZARD no-KI,KR6523394593,fixed_actual_market_donor,0
validation-monthly-00027,validation,synthetic_monthly,True,LIZARD no-KI,KR6SH00075W9,original_template,3
validation-regular-00028,validation,synthetic_regular,False,STEP KI,KR6543346755,fixed_actual_market_donor,3
validation-monthly-00028,validation,synthetic_monthly,True,STEP KI,KR65493339C5,original_template,2
validation-regular-00029,validation,synthetic_regular,False,STEP no-KI,KR6503328975,fixed_actual_market_donor,3
validation-monthly-00029,validation,synthetic_monthly,True,STEP no-KI,KR6643301510,original_template,0
validation-regular-00030,validation,synthetic_regular,False,LIZARD KI,KR65833ACA33,fixed_actual_market_donor,3
validation-monthly-00030,validation,synthetic_monthly,True,LIZARD no-KI,KR6SH00088W2,original_template,3
validation-regular-00031,validation,synthetic_regular,False,LIZARD no-KI,KR65333C1881,fixed_actual_market_donor,3
validation-monthly-00031,validation,synthetic_monthly,True,STEP KI,KR6703367A66,original_template,3
validation-regular-00032,validation,synthetic_regular,False,STEP KI,KR6SY0003HJ0,fixed_actual_market_donor,3
validation-monthly-00032,validation,synthetic_monthly,True,STEP no-KI,KR65733AL776,original_template,2
validation-regular-00033,validation,synthetic_regular,False,STEP no-KI,KR6703325A34,fixed_actual_market_donor,3
validation-monthly-00033,validation,synthetic_monthly,True,LIZARD no-KI,KR6SH00075W9,original_template,3
validation-regular-00034,validation,synthetic_regular,False,LIZARD KI,KR6573360817,fixed_actual_market_donor,3
validation-monthly-00034,validation,synthetic_monthly,True,STEP KI,KR65733396B7,original_template,0
validation-regular-00035,validation,synthetic_regular,False,LIZARD no-KI,KR6573303551,fixed_actual_market_donor,0
validation-monthly-00035,validation,synthetic_monthly,True,STEP no-KI,KR6KS0003DA7,original_template,3
validation-regular-00036,validation,synthetic_regular,False,STEP KI,KR6543386710,fixed_actual_market_donor,2
validation-monthly-00036,validation,synthetic_monthly,True,LIZARD no-KI,KR6SH0007689,original_template,3
validation-regular-00037,validation,synthetic_regular,False,STEP no-KI,KR6MD00007Z5,fixed_actual_market_donor,3
validation-monthly-00037,validation,synthetic_monthly,True,STEP KI,KR65533A0958,original_template,3
validation-regular-00038,validation,synthetic_regular,False,LIZARD KI,KR65733DA864,fixed_actual_market_donor,3
validation-monthly-00038,validation,synthetic_monthly,True,STEP no-KI,KR6KS00036W6,original_template,3
validation-regular-00039,validation,synthetic_regular,False,LIZARD no-KI,KR65333A0737,fixed_actual_market_donor,2
validation-monthly-00039,validation,synthetic_monthly,True,LIZARD no-KI,KR6SH00088W2,original_template,3
validation-regular-00040,validation,synthetic_regular,False,STEP KI,KR6553309941,fixed_actual_market_donor,3
validation-monthly-00040,validation,synthetic_monthly,True,STEP KI,KR6MD00087J1,original_template,3
validation-regular-00041,validation,synthetic_regular,False,STEP no-KI,KR67933239A5,fixed_actual_market_donor,3
validation-monthly-00041,validation,synthetic_monthly,True,STEP no-KI,KR6KB0005006,original_template,3
validation-regular-00042,validation,synthetic_regular,False,LIZARD KI,KR6KB0006WT6,fixed_actual_market_donor,3
validation-monthly-00042,validation,synthetic_monthly,True,LIZARD no-KI,KR6SH0007689,original_template,3
validation-regular-00043,validation,synthetic_regular,False,LIZARD no-KI,KR6ZY0000TM0,fixed_actual_market_donor,3
validation-monthly-00043,validation,synthetic_monthly,True,STEP KI,20180420000606_1659,original_template,3
validation-regular-00044,validation,synthetic_regular,False,STEP KI,KR6KB0001CZ6,fixed_actual_market_donor,3
validation-monthly-00044,validation,synthetic_monthly,True,STEP no-KI,20230418000296_8278,original_template,3
validation-regular-00045,validation,synthetic_regular,False,STEP no-KI,KR65233A4524,fixed_actual_market_donor,0
validation-monthly-00045,validation,synthetic_monthly,True,LIZARD no-KI,KR6SH00075W9,original_template,3
validation-regular-00046,validation,synthetic_regular,False,LIZARD KI,KR6703369761,fixed_actual_market_donor,2
validation-monthly-00046,validation,synthetic_monthly,True,STEP KI,KR65733749A9,original_template,3
validation-regular-00047,validation,synthetic_regular,False,LIZARD no-KI,20211029000395_10114,fixed_actual_market_donor,2
validation-monthly-00047,validation,synthetic_monthly,True,STEP no-KI,KR6543318A41,original_template,3
validation-regular-00048,validation,synthetic_regular,False,STEP KI,KR6ZW0000EL8,fixed_actual_market_donor,3
validation-monthly-00048,validation,synthetic_monthly,True,LIZARD no-KI,KR6SH00088W2,original_template,3
validation-regular-00049,validation,synthetic_regular,False,STEP no-KI,KR6HN0004YQ4,fixed_actual_market_donor,3
validation-monthly-00049,validation,synthetic_monthly,True,STEP KI,KR6613311879,original_template,3
validation-regular-00050,validation,synthetic_regular,False,LIZARD KI,KR6SH0008GZ2,fixed_actual_market_donor,3
validation-monthly-00050,validation,synthetic_monthly,True,STEP no-KI,KR6KS0003DA7,original_template,3
validation-regular-00051,validation,synthetic_regular,False,LIZARD no-KI,KR6MZ0001YY8,fixed_actual_market_donor,3
validation-monthly-00051,validation,synthetic_monthly,True,LIZARD no-KI,KR6SH0007689,original_template,3
validation-regular-00052,validation,synthetic_regular,False,STEP KI,KR65333CB954,fixed_actual_market_donor,3
validation-monthly-00052,validation,synthetic_monthly,True,STEP KI,KR6703326761,original_template,2
validation-regular-00053,validation,synthetic_regular,False,STEP no-KI,KR65933AQ573,fixed_actual_market_donor,0
validation-monthly-00053,validation,synthetic_monthly,True,STEP no-KI,KR6MZ00006D8,original_template,3
validation-regular-00054,validation,synthetic_regular,False,LIZARD KI,KR6NH0001RP6,fixed_actual_market_donor,3
validation-monthly-00054,validation,synthetic_monthly,True,LIZARD no-KI,KR6SH0008JJ0,original_template,3
validation-regular-00055,validation,synthetic_regular,False,LIZARD no-KI,KR6KS00064F3,fixed_actual_market_donor,3
validation-monthly-00055,validation,synthetic_monthly,True,STEP KI,KR6KS0004HK5,original_template,3
validation-regular-00056,validation,synthetic_regular,False,STEP KI,KR67033529A8,fixed_actual_market_donor,3
validation-monthly-00056,validation,synthetic_monthly,True,STEP no-KI,KR6MD0002JT4,original_template,3
validation-regular-00057,validation,synthetic_regular,False,STEP no-KI,KR65293DG791,fixed_actual_market_donor,1
validation-monthly-00057,validation,synthetic_monthly,True,LIZARD no-KI,KR6SH00088W2,original_template,3
validation-regular-00058,validation,synthetic_regular,False,LIZARD KI,KR6DS0000RJ9,fixed_actual_market_donor,3
validation-monthly-00058,validation,synthetic_monthly,True,STEP KI,KR6573366921,original_template,3
validation-regular-00059,validation,synthetic_regular,False,LIZARD no-KI,KR6HN0003CQ2,fixed_actual_market_donor,3
validation-monthly-00059,validation,synthetic_monthly,True,STEP no-KI,KR6DS00005K5,original_template,3
validation-regular-00060,validation,synthetic_regular,False,STEP KI,KR66133558B6,fixed_actual_market_donor,3
validation-monthly-00060,validation,synthetic_monthly,True,LIZARD no-KI,KR6SH00075W9,original_template,3
validation-regular-00061,validation,synthetic_regular,False,STEP no-KI,KR67693519A0,fixed_actual_market_donor,1
validation-monthly-00061,validation,synthetic_monthly,True,STEP KI,KR6573316868,original_template,3
validation-regular-00062,validation,synthetic_regular,False,LIZARD KI,KR6MD0000WC7,fixed_actual_market_donor,3
validation-monthly-00062,validation,synthetic_monthly,True,STEP no-KI,KR65833748B8,original_template,3
validation-regular-00063,validation,synthetic_regular,False,LIZARD no-KI,KR6SH00031Z5,fixed_actual_market_donor,3
validation-monthly-00063,validation,synthetic_monthly,True,LIZARD no-KI,KR6SH00075W9,original_template,3
validation-regular-00064,validation,synthetic_regular,False,STEP KI,KR6SS0003XB6,fixed_actual_market_donor,3
validation-monthly-00064,validation,synthetic_monthly,True,STEP KI,KR65833287A9,original_template,3
validation-regular-00065,validation,synthetic_regular,False,STEP no-KI,KR65733599A8,fixed_actual_market_donor,3
validation-monthly-00065,validation,synthetic_monthly,True,STEP no-KI,KR6NH0000N44,original_template,3
validation-regular-00066,validation,synthetic_regular,False,LIZARD KI,KR65233AF779,fixed_actual_market_donor,2
validation-monthly-00066,validation,synthetic_monthly,True,LIZARD no-KI,KR6SH0008JJ0,original_template,3
validation-regular-00067,validation,synthetic_regular,False,LIZARD no-KI,KR6KS00028W3,fixed_actual_market_donor,3
validation-monthly-00067,validation,synthetic_monthly,True,STEP KI,KR6543362745,original_template,2
validation-regular-00068,validation,synthetic_regular,False,STEP KI,KR65733349C4,fixed_actual_market_donor,3
validation-monthly-00068,validation,synthetic_monthly,True,STEP no-KI,20221129001355_32439,original_template,3
validation-regular-00069,validation,synthetic_regular,False,STEP no-KI,KR6SH00033C0,fixed_actual_market_donor,3
validation-monthly-00069,validation,synthetic_monthly,True,LIZARD no-KI,KR6SH0007689,original_template,3
validation-regular-00070,validation,synthetic_regular,False,LIZARD KI,KR65733916B2,fixed_actual_market_donor,0
validation-monthly-00070,validation,synthetic_monthly,True,STEP KI,KR67033B9959,original_template,3
validation-regular-00071,validation,synthetic_regular,False,LIZARD no-KI,KR6763317A12,fixed_actual_market_donor,3
validation-monthly-00071,validation,synthetic_monthly,True,STEP no-KI,KR6MD0003TH6,original_template,3
validation-regular-00072,validation,synthetic_regular,False,STEP KI,KR6573339985,fixed_actual_market_donor,3
validation-monthly-00072,validation,synthetic_monthly,True,LIZARD no-KI,KR6SH0007689,original_template,3
validation-regular-00073,validation,synthetic_regular,False,STEP no-KI,KR6623304A21,fixed_actual_market_donor,3
validation-monthly-00073,validation,synthetic_monthly,True,STEP KI,KR65733518A8,original_template,3
validation-regular-00074,validation,synthetic_regular,False,LIZARD KI,KR6SH0004JF7,fixed_actual_market_donor,3
validation-monthly-00074,validation,synthetic_monthly,True,STEP no-KI,KR6553360530,original_template,0
validation-regular-00075,validation,synthetic_regular,False,LIZARD no-KI,KR6523361568,fixed_actual_market_donor,0
validation-monthly-00075,validation,synthetic_monthly,True,LIZARD no-KI,KR6SH00075W9,original_template,3
validation-regular-00076,validation,synthetic_regular,False,STEP KI,KR6MD0004PA7,fixed_actual_market_donor,3
validation-monthly-00076,validation,synthetic_monthly,True,STEP KI,KR65733A88C2,original_template,3
validation-regular-00077,validation,synthetic_regular,False,STEP no-KI,KR6MD0002NF5,fixed_actual_market_donor,3
validation-monthly-00077,validation,synthetic_monthly,True,STEP no-KI,KR6573362771,original_template,2
validation-regular-00078,validation,synthetic_regular,False,LIZARD KI,KR6SH0005JK4,fixed_actual_market_donor,3
validation-monthly-00078,validation,synthetic_monthly,True,LIZARD no-KI,KR6SH00075W9,original_template,3
validation-regular-00079,validation,synthetic_regular,False,LIZARD no-KI,KR6ZY0000E24,fixed_actual_market_donor,3
validation-monthly-00079,validation,synthetic_monthly,True,STEP KI,KR6793303589,original_template,0
validation-regular-00080,validation,synthetic_regular,False,STEP KI,KR65333HQ9A3,fixed_actual_market_donor,3
validation-monthly-00080,validation,synthetic_monthly,True,STEP no-KI,KR6SH00026Q4,original_template,3
validation-regular-00081,validation,synthetic_regular,False,STEP no-KI,KR6KW0001M30,fixed_actual_market_donor,2
validation-monthly-00081,validation,synthetic_monthly,True,LIZARD no-KI,KR6SH00075W9,original_template,3
validation-regular-00082,validation,synthetic_regular,False,LIZARD KI,KR6ZW00001Z0,fixed_actual_market_donor,2
validation-monthly-00082,validation,synthetic_monthly,True,STEP KI,KR6KS0000PC3,original_template,2
validation-regular-00083,validation,synthetic_regular,False,LIZARD no-KI,KR65333649C1,fixed_actual_market_donor,3
validation-monthly-00083,validation,synthetic_monthly,True,STEP no-KI,KR6573348556,original_template,0
validation-regular-00084,validation,synthetic_regular,False,STEP KI,KR65033977C9,fixed_actual_market_donor,3
validation-monthly-00084,validation,synthetic_monthly,True,LIZARD no-KI,KR6SH0007689,original_template,3
validation-regular-00085,validation,synthetic_regular,False,STEP no-KI,KR67033AQ8A1,fixed_actual_market_donor,3
validation-monthly-00085,validation,synthetic_monthly,True,STEP KI,KR6KS0004TB9,original_template,3
validation-regular-00086,validation,synthetic_regular,False,LIZARD KI,KR65333EJ995,fixed_actual_market_donor,3
validation-monthly-00086,validation,synthetic_monthly,True,STEP no-KI,KR65533215B1,original_template,0
validation-regular-00087,validation,synthetic_regular,False,LIZARD no-KI,KR6543334538,fixed_actual_market_donor,0
validation-monthly-00087,validation,synthetic_monthly,True,LIZARD no-KI,KR6SH00088W2,original_template,3
validation-regular-00088,validation,synthetic_regular,False,STEP KI,KR6KS0004HG3,fixed_actual_market_donor,3
validation-monthly-00088,validation,synthetic_monthly,True,STEP KI,KR65433AW853,original_template,3
validation-regular-00089,validation,synthetic_regular,False,STEP no-KI,KR65733D1936,fixed_actual_market_donor,3
validation-monthly-00089,validation,synthetic_monthly,True,STEP no-KI,KR6ZW0003CE1,original_template,3
validation-regular-00090,validation,synthetic_regular,False,LIZARD KI,KR6523351957,fixed_actual_market_donor,3
validation-monthly-00090,validation,synthetic_monthly,True,LIZARD no-KI,KR6SH0008JJ0,original_template,3
validation-regular-00091,validation,synthetic_regular,False,LIZARD no-KI,KR6NH0000KH0,fixed_actual_market_donor,3
validation-monthly-00091,validation,synthetic_monthly,True,STEP KI,KR65733A8991,original_template,3
validation-regular-00092,validation,synthetic_regular,False,STEP KI,KR6MD0005149,fixed_actual_market_donor,3
validation-monthly-00092,validation,synthetic_monthly,True,STEP no-KI,KR6SH00048Q8,original_template,3
validation-regular-00093,validation,synthetic_regular,False,STEP no-KI,KR65033A6836,fixed_actual_market_donor,3
validation-monthly-00093,validation,synthetic_monthly,True,LIZARD no-KI,KR6SH0008JJ0,original_template,3
validation-regular-00094,validation,synthetic_regular,False,LIZARD KI,KR6SS00073B5,fixed_actual_market_donor,3
validation-monthly-00094,validation,synthetic_monthly,True,STEP KI,KR6MD0007FT1,original_template,3
validation-regular-00095,validation,synthetic_regular,False,LIZARD no-KI,KR6HH0001529,fixed_actual_market_donor,3
validation-monthly-00095,validation,synthetic_monthly,True,STEP no-KI,KR6SY0002AC2,original_template,3
validation-regular-00096,validation,synthetic_regular,False,STEP KI,KR6SS0002DW6,fixed_actual_market_donor,3
validation-monthly-00096,validation,synthetic_monthly,True,LIZARD no-KI,KR6SH00075W9,original_template,3
validation-regular-00097,validation,synthetic_regular,False,STEP no-KI,KR6583307733,fixed_actual_market_donor,3
validation-monthly-00097,validation,synthetic_monthly,True,STEP KI,KR6573341965,original_template,3
validation-regular-00098,validation,synthetic_regular,False,LIZARD KI,20200305000021_24080,fixed_actual_market_donor,3
validation-monthly-00098,validation,synthetic_monthly,True,STEP no-KI,KR6ZW0002LR6,original_template,3
validation-regular-00099,validation,synthetic_regular,False,LIZARD no-KI,KR6HN0003HX7,fixed_actual_market_donor,3
validation-monthly-00099,validation,synthetic_monthly,True,LIZARD no-KI,KR6SH00088W2,original_template,3
validation-regular-00100,validation,synthetic_regular,False,STEP KI,KR65333AK9A6,fixed_actual_market_donor,3
validation-monthly-00100,validation,synthetic_monthly,True,STEP KI,KR6573359850,original_template,3
validation-regular-00101,validation,synthetic_regular,False,STEP no-KI,KR6SY0002D06,fixed_actual_market_donor,3
validation-monthly-00101,validation,synthetic_monthly,True,STEP no-KI,KR6583306610,original_template,0
validation-regular-00102,validation,synthetic_regular,False,LIZARD KI,KR65233B1537,fixed_actual_market_donor,0
validation-monthly-00102,validation,synthetic_monthly,True,LIZARD no-KI,KR6SH0007689,original_template,3
validation-regular-00103,validation,synthetic_regular,False,LIZARD no-KI,20210930000118_27006,fixed_actual_market_donor,3
validation-monthly-00103,validation,synthetic_monthly,True,STEP KI,KR6703367A66,original_template,3
validation-regular-00104,validation,synthetic_regular,False,STEP KI,KR65733AL826,fixed_actual_market_donor,3
validation-monthly-00104,validation,synthetic_monthly,True,STEP no-KI,KR6NH0000N44,original_template,3
validation-regular-00105,validation,synthetic_regular,False,STEP no-KI,KR65733BS555,fixed_actual_market_donor,0
validation-monthly-00105,validation,synthetic_monthly,True,LIZARD no-KI,KR6SH00088W2,original_template,3
validation-regular-00106,validation,synthetic_regular,False,LIZARD KI,KR6503361A33,fixed_actual_market_donor,3
validation-monthly-00106,validation,synthetic_monthly,True,STEP KI,KR65733CR8A5,original_template,3
validation-regular-00107,validation,synthetic_regular,False,LIZARD no-KI,KR6SS0001VM1,fixed_actual_market_donor,3
validation-monthly-00107,validation,synthetic_monthly,True,STEP no-KI,KR6MZ0000KQ5,original_template,3
validation-regular-00108,validation,synthetic_regular,False,STEP KI,KR6SS0002WC8,fixed_actual_market_donor,3
validation-monthly-00108,validation,synthetic_monthly,True,LIZARD no-KI,KR6SH00075W9,original_template,3
validation-regular-00109,validation,synthetic_regular,False,STEP no-KI,KR6583328598,fixed_actual_market_donor,0
validation-monthly-00109,validation,synthetic_monthly,True,STEP KI,KR6SY0001V39,original_template,3
validation-regular-00110,validation,synthetic_regular,False,LIZARD KI,KR6KS0001X41,fixed_actual_market_donor,1
validation-monthly-00110,validation,synthetic_monthly,True,STEP no-KI,KR6MD0002JT4,original_template,3
validation-regular-00111,validation,synthetic_regular,False,LIZARD no-KI,KR6KS0003VR3,fixed_actual_market_donor,3
validation-monthly-00111,validation,synthetic_monthly,True,LIZARD no-KI,KR6SH0007689,original_template,3
validation-regular-00112,validation,synthetic_regular,False,STEP KI,KR65233028A3,fixed_actual_market_donor,3
validation-monthly-00112,validation,synthetic_monthly,True,STEP KI,KR6583385713,original_template,2
validation-regular-00113,validation,synthetic_regular,False,STEP no-KI,KR6533304A89,fixed_actual_market_donor,3
validation-monthly-00113,validation,synthetic_monthly,True,STEP no-KI,KR6MZ00006D8,original_template,3
validation-regular-00114,validation,synthetic_regular,False,LIZARD KI,KR6SY00000Q8,fixed_actual_market_donor,3
validation-monthly-00114,validation,synthetic_monthly,True,LIZARD no-KI,KR6SH00088W2,original_template,3
validation-regular-00115,validation,synthetic_regular,False,LIZARD no-KI,KR6513302937,fixed_actual_market_donor,3
validation-monthly-00115,validation,synthetic_monthly,True,STEP KI,KR6503321657,original_template,0
validation-regular-00116,validation,synthetic_regular,False,STEP KI,KR6573352798,fixed_actual_market_donor,2
validation-monthly-00116,validation,synthetic_monthly,True,STEP no-KI,KR6MD0003VX9,original_template,3
validation-regular-00117,validation,synthetic_regular,False,STEP no-KI,KR6573305762,fixed_actual_market_donor,2
validation-monthly-00117,validation,synthetic_monthly,True,LIZARD no-KI,KR6SH00088W2,original_template,3
validation-regular-00118,validation,synthetic_regular,False,LIZARD KI,KR6SH0007JJ2,fixed_actual_market_donor,3
validation-monthly-00118,validation,synthetic_monthly,True,STEP KI,KR6543386835,original_template,3
validation-regular-00119,validation,synthetic_regular,False,LIZARD no-KI,KR6HH0001B45,fixed_actual_market_donor,3
validation-monthly-00119,validation,synthetic_monthly,True,STEP no-KI,KR65733CB8C9,original_template,3
validation-regular-00120,validation,synthetic_regular,False,STEP KI,KR6763350974,fixed_actual_market_donor,3
validation-monthly-00120,validation,synthetic_monthly,True,LIZARD no-KI,KR6SH0008JJ0,original_template,3
validation-regular-00121,validation,synthetic_regular,False,STEP no-KI,KR6SH00032Q2,fixed_actual_market_donor,3
validation-monthly-00121,validation,synthetic_monthly,True,STEP KI,KR6703318560,original_template,0
validation-regular-00122,validation,synthetic_regular,False,LIZARD KI,KR6MZ0000VY6,fixed_actual_market_donor,3
validation-monthly-00122,validation,synthetic_monthly,True,STEP no-KI,KR6HN00008M6,original_template,3
validation-regular-00123,validation,synthetic_regular,False,LIZARD no-KI,KR6HH0000TK7,fixed_actual_market_donor,3
validation-monthly-00123,validation,synthetic_monthly,True,LIZARD no-KI,KR6SH00088W2,original_template,3
validation-regular-00124,validation,synthetic_regular,False,STEP KI,KR6KS0000RW7,fixed_actual_market_donor,3
validation-monthly-00124,validation,synthetic_monthly,True,STEP KI,KR6KS0000PC3,original_template,2
validation-regular-00125,validation,synthetic_regular,False,STEP no-KI,KR65333AK884,fixed_actual_market_donor,3
validation-monthly-00125,validation,synthetic_monthly,True,STEP no-KI,KR6KB0002KE2,original_template,3
validation-regular-00126,validation,synthetic_regular,False,LIZARD KI,KR6MD0004NC8,fixed_actual_market_donor,3
validation-monthly-00126,validation,synthetic_monthly,True,LIZARD no-KI,KR6SH0007689,original_template,3
validation-regular-00127,validation,synthetic_regular,False,LIZARD no-KI,KR6663313999,fixed_actual_market_donor,3
validation-monthly-00127,validation,synthetic_monthly,True,STEP KI,KR6573380831,original_template,3
test-regular-00000,test,synthetic_regular,False,STEP KI,KR6MD0006T62,fixed_actual_market_donor,3
test-monthly-00000,test,synthetic_monthly,True,LIZARD no-KI,KR6SH0008D35,original_template,3
test-regular-00001,test,synthetic_regular,False,STEP no-KI,KR6KW0000TF0,fixed_actual_market_donor,3
test-monthly-00001,test,synthetic_monthly,True,STEP KI,KR6SY00034F0,original_template,3
test-regular-00002,test,synthetic_regular,False,LIZARD KI,KR66533679A8,fixed_actual_market_donor,3
test-monthly-00002,test,synthetic_monthly,True,STEP no-KI,KR6523315648,original_template,0
test-regular-00003,test,synthetic_regular,False,LIZARD no-KI,KR65233D0768,fixed_actual_market_donor,3
test-monthly-00003,test,synthetic_monthly,True,LIZARD no-KI,KR6SH0008D35,original_template,3
test-regular-00004,test,synthetic_regular,False,STEP KI,KR6KB0000ZR6,fixed_actual_market_donor,3
test-monthly-00004,test,synthetic_monthly,True,STEP KI,KR6573328814,original_template,3
test-regular-00005,test,synthetic_regular,False,STEP no-KI,KR66633126A9,fixed_actual_market_donor,0
test-monthly-00005,test,synthetic_monthly,True,STEP no-KI,KR6DS0000758,original_template,3
test-regular-00006,test,synthetic_regular,False,LIZARD KI,KR6KS0003MM3,fixed_actual_market_donor,3
test-monthly-00006,test,synthetic_monthly,True,LIZARD no-KI,KR6SH0008D35,original_template,3
test-regular-00007,test,synthetic_regular,False,LIZARD no-KI,KR65233AB562,fixed_actual_market_donor,0
test-monthly-00007,test,synthetic_monthly,True,STEP KI,KR65733A0923,original_template,3
test-regular-00008,test,synthetic_regular,False,STEP KI,KR6KS0005PR0,fixed_actual_market_donor,3
test-monthly-00008,test,synthetic_monthly,True,STEP no-KI,KR6ZY0001GH5,original_template,3
test-regular-00009,test,synthetic_regular,False,STEP no-KI,KR65533A7870,fixed_actual_market_donor,3
test-monthly-00009,test,synthetic_monthly,True,LIZARD no-KI,KR6SH0008D35,original_template,3
test-regular-00010,test,synthetic_regular,False,LIZARD KI,KR65333096C5,fixed_actual_market_donor,0
test-monthly-00010,test,synthetic_monthly,True,STEP KI,KR6573315555,original_template,0
test-regular-00011,test,synthetic_regular,False,LIZARD no-KI,KR6SH0008GX7,fixed_actual_market_donor,3
test-monthly-00011,test,synthetic_monthly,True,STEP no-KI,KR6ZW0002BF2,original_template,3
test-regular-00012,test,synthetic_regular,False,STEP KI,KR65233C07C9,fixed_actual_market_donor,3
test-monthly-00012,test,synthetic_monthly,True,LIZARD no-KI,KR6SH0008D35,original_template,3
test-regular-00013,test,synthetic_regular,False,STEP no-KI,KR6SH0003ZA6,fixed_actual_market_donor,3
test-monthly-00013,test,synthetic_monthly,True,STEP KI,KR6MD00079Z4,original_template,3
test-regular-00014,test,synthetic_regular,False,LIZARD KI,KR6513385734,fixed_actual_market_donor,2
test-monthly-00014,test,synthetic_monthly,True,STEP no-KI,KR6SH0006TJ3,original_template,3
test-regular-00015,test,synthetic_regular,False,LIZARD no-KI,KR66633409A9,fixed_actual_market_donor,3
test-monthly-00015,test,synthetic_monthly,True,LIZARD no-KI,KR6SH0008D35,original_template,3
test-regular-00016,test,synthetic_regular,False,STEP KI,KR6553316A26,fixed_actual_market_donor,3
test-monthly-00016,test,synthetic_monthly,True,STEP KI,KR65733CC557,original_template,0
test-regular-00017,test,synthetic_regular,False,STEP no-KI,KR6KW0000SG0,fixed_actual_market_donor,3
test-monthly-00017,test,synthetic_monthly,True,STEP no-KI,KR6SH00031W2,original_template,3
test-regular-00018,test,synthetic_regular,False,LIZARD KI,KR65333AA786,fixed_actual_market_donor,2
test-monthly-00018,test,synthetic_monthly,True,LIZARD no-KI,KR6SH0008D35,original_template,3
test-regular-00019,test,synthetic_regular,False,LIZARD no-KI,KR6583322526,fixed_actual_market_donor,0
test-monthly-00019,test,synthetic_monthly,True,STEP KI,20160118000324_3500,original_template,0
test-regular-00020,test,synthetic_regular,False,STEP KI,KR65733B5632,fixed_actual_market_donor,0
test-monthly-00020,test,synthetic_monthly,True,STEP no-KI,KR65733225B8,original_template,0
test-regular-00021,test,synthetic_regular,False,STEP no-KI,KR6MD0004K06,fixed_actual_market_donor,3
test-monthly-00021,test,synthetic_monthly,True,LIZARD no-KI,KR6SH0008D35,original_template,3
test-regular-00022,test,synthetic_regular,False,LIZARD KI,KR6533350759,fixed_actual_market_donor,2
test-monthly-00022,test,synthetic_monthly,True,STEP KI,KR65533G7858,original_template,3
test-regular-00023,test,synthetic_regular,False,LIZARD no-KI,KR6HH00018L5,fixed_actual_market_donor,3
test-monthly-00023,test,synthetic_monthly,True,STEP no-KI,KR6SH0003X36,original_template,3
test-regular-00024,test,synthetic_regular,False,STEP KI,KR6HN00046L8,fixed_actual_market_donor,3
test-monthly-00024,test,synthetic_monthly,True,LIZARD no-KI,KR6SH0008D35,original_template,3
test-regular-00025,test,synthetic_regular,False,STEP no-KI,KR65733DR769,fixed_actual_market_donor,2
test-monthly-00025,test,synthetic_monthly,True,STEP KI,KR6KS0003CY9,original_template,1
test-regular-00026,test,synthetic_regular,False,LIZARD KI,KR6613325960,fixed_actual_market_donor,3
test-monthly-00026,test,synthetic_monthly,True,STEP no-KI,KR6503385785,original_template,2
test-regular-00027,test,synthetic_regular,False,LIZARD no-KI,KR65733DJ964,fixed_actual_market_donor,3
test-monthly-00027,test,synthetic_monthly,True,LIZARD no-KI,KR6SH0008D35,original_template,3
test-regular-00028,test,synthetic_regular,False,STEP KI,KR65333057B9,fixed_actual_market_donor,3
test-monthly-00028,test,synthetic_monthly,True,STEP KI,KR6SY0001WQ8,original_template,2
test-regular-00029,test,synthetic_regular,False,STEP no-KI,KR6NH0001Z23,fixed_actual_market_donor,3
test-monthly-00029,test,synthetic_monthly,True,STEP no-KI,KR6ZW0003948,original_template,3
test-regular-00030,test,synthetic_regular,False,LIZARD KI,KR6SS00077Z5,fixed_actual_market_donor,3
test-monthly-00030,test,synthetic_monthly,True,LIZARD no-KI,KR6SH0008D35,original_template,3
test-regular-00031,test,synthetic_regular,False,LIZARD no-KI,KR66533229B0,fixed_actual_market_donor,3
test-monthly-00031,test,synthetic_monthly,True,STEP KI,KR6583363728,original_template,2
test-regular-00032,test,synthetic_regular,False,STEP KI,KR6523306761,fixed_actual_market_donor,2
test-monthly-00032,test,synthetic_monthly,True,STEP no-KI,KR6HN0004TR2,original_template,3
test-regular-00033,test,synthetic_regular,False,STEP no-KI,KR6HN0002ZV5,fixed_actual_market_donor,3
test-monthly-00033,test,synthetic_monthly,True,LIZARD no-KI,KR6SH0008D35,original_template,3
test-regular-00034,test,synthetic_regular,False,LIZARD KI,KR65733CL970,fixed_actual_market_donor,3
test-monthly-00034,test,synthetic_monthly,True,STEP KI,KR6523311647,original_template,0
test-regular-00035,test,synthetic_regular,False,LIZARD no-KI,KR65733AK562,fixed_actual_market_donor,0
test-monthly-00035,test,synthetic_monthly,True,STEP no-KI,KR6ZW0002CC7,original_template,3
test-regular-00036,test,synthetic_regular,False,STEP KI,KR6ZY00011F9,fixed_actual_market_donor,3
test-monthly-00036,test,synthetic_monthly,True,LIZARD no-KI,KR6SH0008D35,original_template,3
test-regular-00037,test,synthetic_regular,False,STEP no-KI,KR6KS00009W3,fixed_actual_market_donor,3
test-monthly-00037,test,synthetic_monthly,True,STEP KI,KR6513345860,original_template,3
test-regular-00038,test,synthetic_regular,False,LIZARD KI,KR65333AY943,fixed_actual_market_donor,3
test-monthly-00038,test,synthetic_monthly,True,STEP no-KI,KR6KS0005364,original_template,3
test-regular-00039,test,synthetic_regular,False,LIZARD no-KI,KR6663363945,fixed_actual_market_donor,3
test-monthly-00039,test,synthetic_monthly,True,LIZARD no-KI,KR6SH0008D35,original_template,3
test-regular-00040,test,synthetic_regular,False,STEP KI,KR6523338889,fixed_actual_market_donor,3
test-monthly-00040,test,synthetic_monthly,True,STEP KI,KR65733449A6,original_template,3
test-regular-00041,test,synthetic_regular,False,STEP no-KI,KR65533C5740,fixed_actual_market_donor,2
test-monthly-00041,test,synthetic_monthly,True,STEP no-KI,KR6HN0006EN8,original_template,3
test-regular-00042,test,synthetic_regular,False,LIZARD KI,KR65433499A4,fixed_actual_market_donor,3
test-monthly-00042,test,synthetic_monthly,True,LIZARD no-KI,KR6SH0008D35,original_template,3
test-regular-00043,test,synthetic_regular,False,LIZARD no-KI,KR6503343990,fixed_actual_market_donor,3
test-monthly-00043,test,synthetic_monthly,True,STEP KI,KR6MD0005W35,original_template,3
test-regular-00044,test,synthetic_regular,False,STEP KI,KR67733146B2,fixed_actual_market_donor,0
test-monthly-00044,test,synthetic_monthly,True,STEP no-KI,KR6ZY0000WJ0,original_template,3
test-regular-00045,test,synthetic_regular,False,STEP no-KI,KR6SY0002MY1,fixed_actual_market_donor,3
test-monthly-00045,test,synthetic_monthly,True,LIZARD no-KI,KR6SH0008D35,original_template,3
test-regular-00046,test,synthetic_regular,False,LIZARD KI,KR6503345A83,fixed_actual_market_donor,3
test-monthly-00046,test,synthetic_monthly,True,STEP KI,KR65533CQ924,original_template,3
test-regular-00047,test,synthetic_regular,False,LIZARD no-KI,KR6KW0002K64,fixed_actual_market_donor,3
test-monthly-00047,test,synthetic_monthly,True,STEP no-KI,20210714000301_2983,original_template,3
test-regular-00048,test,synthetic_regular,False,STEP KI,KR6523319A75,fixed_actual_market_donor,3
test-monthly-00048,test,synthetic_monthly,True,LIZARD no-KI,KR6SH0008D35,original_template,3
test-regular-00049,test,synthetic_regular,False,STEP no-KI,KR65733BHA12,fixed_actual_market_donor,3
test-monthly-00049,test,synthetic_monthly,True,STEP KI,20160510000446_15491,original_template,0
test-regular-00050,test,synthetic_regular,False,LIZARD KI,KR6KS00036C8,fixed_actual_market_donor,3
test-monthly-00050,test,synthetic_monthly,True,STEP no-KI,KR6HN0007CD1,original_template,3
test-regular-00051,test,synthetic_regular,False,LIZARD no-KI,KR6KW0003XM2,fixed_actual_market_donor,1
test-monthly-00051,test,synthetic_monthly,True,LIZARD no-KI,KR6SH0008D35,original_template,3
test-regular-00052,test,synthetic_regular,False,STEP KI,KR65733CL947,fixed_actual_market_donor,3
test-monthly-00052,test,synthetic_monthly,True,STEP KI,KR6SY00034F0,original_template,3
test-regular-00053,test,synthetic_regular,False,STEP no-KI,KR65333FE9C5,fixed_actual_market_donor,3
test-monthly-00053,test,synthetic_monthly,True,STEP no-KI,KR6KB0004RJ2,original_template,3
test-regular-00054,test,synthetic_regular,False,LIZARD KI,KR6HN00046E3,fixed_actual_market_donor,3
test-monthly-00054,test,synthetic_monthly,True,LIZARD no-KI,KR6SH0008D35,original_template,3
test-regular-00055,test,synthetic_regular,False,LIZARD no-KI,KR6KS0001DL8,fixed_actual_market_donor,3
test-monthly-00055,test,synthetic_monthly,True,STEP KI,KR6523368613,original_template,0
test-regular-00056,test,synthetic_regular,False,STEP KI,KR6793335540,fixed_actual_market_donor,0
test-monthly-00056,test,synthetic_monthly,True,STEP no-KI,KR6ZY00009Y4,original_template,3
test-regular-00057,test,synthetic_regular,False,STEP no-KI,KR6573331628,fixed_actual_market_donor,0
test-monthly-00057,test,synthetic_monthly,True,LIZARD no-KI,KR6SH0008D35,original_template,3
test-regular-00058,test,synthetic_regular,False,LIZARD KI,KR6KS00022N5,fixed_actual_market_donor,3
test-monthly-00058,test,synthetic_monthly,True,STEP KI,KR6513334948,original_template,3
test-regular-00059,test,synthetic_regular,False,LIZARD no-KI,KR6523376996,fixed_actual_market_donor,3
test-monthly-00059,test,synthetic_monthly,True,STEP no-KI,KR6SH0003GN9,original_template,3
test-regular-00060,test,synthetic_regular,False,STEP KI,KR6663337840,fixed_actual_market_donor,3
test-monthly-00060,test,synthetic_monthly,True,LIZARD no-KI,KR6SH0008D35,original_template,3
test-regular-00061,test,synthetic_regular,False,STEP no-KI,KR65233BW970,fixed_actual_market_donor,3
test-monthly-00061,test,synthetic_monthly,True,STEP KI,20160421000209_15462,original_template,0
test-regular-00062,test,synthetic_regular,False,LIZARD KI,20150406000296_12744,fixed_actual_market_donor,0
test-monthly-00062,test,synthetic_monthly,True,STEP no-KI,20210407002086_7346,original_template,3
test-regular-00063,test,synthetic_regular,False,LIZARD no-KI,KR65333BT966,fixed_actual_market_donor,3
test-monthly-00063,test,synthetic_monthly,True,LIZARD no-KI,KR6SH0008D35,original_template,3
test-regular-00064,test,synthetic_regular,False,STEP KI,KR6543315867,fixed_actual_market_donor,3
test-monthly-00064,test,synthetic_monthly,True,STEP KI,KR6523368613,original_template,0
test-regular-00065,test,synthetic_regular,False,STEP no-KI,KR6MD0007CR2,fixed_actual_market_donor,3
test-monthly-00065,test,synthetic_monthly,True,STEP no-KI,KR6SH0006X74,original_template,3
test-regular-00066,test,synthetic_regular,False,LIZARD KI,KR65233366C3,fixed_actual_market_donor,0
test-monthly-00066,test,synthetic_monthly,True,LIZARD no-KI,KR6SH0008D35,original_template,3
test-regular-00067,test,synthetic_regular,False,LIZARD no-KI,KR65333A7823,fixed_actual_market_donor,3
test-monthly-00067,test,synthetic_monthly,True,STEP KI,KR6573347822,original_template,3
test-regular-00068,test,synthetic_regular,False,STEP KI,KR65233AD626,fixed_actual_market_donor,0
test-monthly-00068,test,synthetic_monthly,True,STEP no-KI,KR6MD0002HC4,original_template,3
test-regular-00069,test,synthetic_regular,False,STEP no-KI,KR6553351851,fixed_actual_market_donor,3
test-monthly-00069,test,synthetic_monthly,True,LIZARD no-KI,KR6SH0008D35,original_template,3
test-regular-00070,test,synthetic_regular,False,LIZARD KI,KR6543386843,fixed_actual_market_donor,3
test-monthly-00070,test,synthetic_monthly,True,STEP KI,KR6MD0003RN8,original_template,3
test-regular-00071,test,synthetic_regular,False,LIZARD no-KI,KR6MD0007LG6,fixed_actual_market_donor,3
test-monthly-00071,test,synthetic_monthly,True,STEP no-KI,KR6NH0000P34,original_template,3
test-regular-00072,test,synthetic_regular,False,STEP KI,KR6593362637,fixed_actual_market_donor,0
test-monthly-00072,test,synthetic_monthly,True,LIZARD no-KI,KR6SH0008D35,original_template,3
test-regular-00073,test,synthetic_regular,False,STEP no-KI,KR6MD00025F9,fixed_actual_market_donor,3
test-monthly-00073,test,synthetic_monthly,True,STEP KI,KR6583347564,original_template,0
test-regular-00074,test,synthetic_regular,False,LIZARD KI,KR65033B9946,fixed_actual_market_donor,3
test-monthly-00074,test,synthetic_monthly,True,STEP no-KI,KR6SY0002CY2,original_template,3
test-regular-00075,test,synthetic_regular,False,LIZARD no-KI,KR66633027A9,fixed_actual_market_donor,3
test-monthly-00075,test,synthetic_monthly,True,LIZARD no-KI,KR6SH0008D35,original_template,3
test-regular-00076,test,synthetic_regular,False,STEP KI,KR65233AV842,fixed_actual_market_donor,3
test-monthly-00076,test,synthetic_monthly,True,STEP KI,KR6583377561,original_template,0
test-regular-00077,test,synthetic_regular,False,STEP no-KI,KR6KW0001X29,fixed_actual_market_donor,3
test-monthly-00077,test,synthetic_monthly,True,STEP no-KI,KR6HN0005Q04,original_template,3
test-regular-00078,test,synthetic_regular,False,LIZARD KI,KR65833EA795,fixed_actual_market_donor,3
test-monthly-00078,test,synthetic_monthly,True,LIZARD no-KI,KR6SH0008D35,original_template,3
test-regular-00079,test,synthetic_regular,False,LIZARD no-KI,KR65333A3897,fixed_actual_market_donor,3
test-monthly-00079,test,synthetic_monthly,True,STEP KI,KR6583377561,original_template,0
test-regular-00080,test,synthetic_regular,False,STEP KI,KR6SH0006FW5,fixed_actual_market_donor,3
test-monthly-00080,test,synthetic_monthly,True,STEP no-KI,KR6ZY0004181,original_template,3
test-regular-00081,test,synthetic_regular,False,STEP no-KI,KR6513310864,fixed_actual_market_donor,3
test-monthly-00081,test,synthetic_monthly,True,LIZARD no-KI,KR6SH0008D35,original_template,3
test-regular-00082,test,synthetic_regular,False,LIZARD KI,KR65533488A6,fixed_actual_market_donor,3
test-monthly-00082,test,synthetic_monthly,True,STEP KI,KR6KS00032F0,original_template,3
test-regular-00083,test,synthetic_regular,False,LIZARD no-KI,KR6523396820,fixed_actual_market_donor,3
test-monthly-00083,test,synthetic_monthly,True,STEP no-KI,KR6ZY0001906,original_template,3
test-regular-00084,test,synthetic_regular,False,STEP KI,KR6503365A70,fixed_actual_market_donor,3
test-monthly-00084,test,synthetic_monthly,True,LIZARD no-KI,KR6SH0008D35,original_template,3
test-regular-00085,test,synthetic_regular,False,STEP no-KI,KR65433428B1,fixed_actual_market_donor,3
test-monthly-00085,test,synthetic_monthly,True,STEP KI,KR65833BC581,original_template,0
test-regular-00086,test,synthetic_regular,False,LIZARD KI,KR65733B7885,fixed_actual_market_donor,3
test-monthly-00086,test,synthetic_monthly,True,STEP no-KI,KR6ZY0001PT1,original_template,3
test-regular-00087,test,synthetic_regular,False,LIZARD no-KI,KR6SS0007VT3,fixed_actual_market_donor,3
test-monthly-00087,test,synthetic_monthly,True,LIZARD no-KI,KR6SH0008D35,original_template,3
test-regular-00088,test,synthetic_regular,False,STEP KI,KR6MD00070B4,fixed_actual_market_donor,3
test-monthly-00088,test,synthetic_monthly,True,STEP KI,KR6573328657,original_template,0
test-regular-00089,test,synthetic_regular,False,STEP no-KI,KR65793AK863,fixed_actual_market_donor,2
test-monthly-00089,test,synthetic_monthly,True,STEP no-KI,KR6SH0004QF2,original_template,3
test-regular-00090,test,synthetic_regular,False,LIZARD KI,KR6623337922,fixed_actual_market_donor,3
test-monthly-00090,test,synthetic_monthly,True,LIZARD no-KI,KR6SH0008D35,original_template,3
test-regular-00091,test,synthetic_regular,False,LIZARD no-KI,KR6KS0004C92,fixed_actual_market_donor,3
test-monthly-00091,test,synthetic_monthly,True,STEP KI,KR65833BC581,original_template,0
test-regular-00092,test,synthetic_regular,False,STEP KI,KR6543340832,fixed_actual_market_donor,3
test-monthly-00092,test,synthetic_monthly,True,STEP no-KI,KR6ZW0002WG6,original_template,3
test-regular-00093,test,synthetic_regular,False,STEP no-KI,KR6663350868,fixed_actual_market_donor,3
test-monthly-00093,test,synthetic_monthly,True,LIZARD no-KI,KR6SH0008D35,original_template,3
test-regular-00094,test,synthetic_regular,False,LIZARD KI,KR6523313924,fixed_actual_market_donor,3
test-monthly-00094,test,synthetic_monthly,True,STEP KI,KR6SY0001WQ8,original_template,2
test-regular-00095,test,synthetic_regular,False,LIZARD no-KI,KR6573349810,fixed_actual_market_donor,3
test-monthly-00095,test,synthetic_monthly,True,STEP no-KI,KR6ZY0000MM5,original_template,3
test-regular-00096,test,synthetic_regular,False,STEP KI,KR6MD0003912,fixed_actual_market_donor,3
test-monthly-00096,test,synthetic_monthly,True,LIZARD no-KI,KR6SH0008D35,original_template,3
test-regular-00097,test,synthetic_regular,False,STEP no-KI,KR6KS0000YX1,fixed_actual_market_donor,3
test-monthly-00097,test,synthetic_monthly,True,STEP KI,KR6KS0001N76,original_template,3
test-regular-00098,test,synthetic_regular,False,LIZARD KI,KR6KW0001VB3,fixed_actual_market_donor,3
test-monthly-00098,test,synthetic_monthly,True,STEP no-KI,KR6ZW0001KT6,original_template,3
test-regular-00099,test,synthetic_regular,False,LIZARD no-KI,KR6503380810,fixed_actual_market_donor,3
test-monthly-00099,test,synthetic_monthly,True,LIZARD no-KI,KR6SH0008D35,original_template,3
test-regular-00100,test,synthetic_regular,False,STEP KI,KR6MD0005BL1,fixed_actual_market_donor,3
test-monthly-00100,test,synthetic_monthly,True,STEP KI,KR6SY0003501,original_template,3
test-regular-00101,test,synthetic_regular,False,STEP no-KI,KR65233C5776,fixed_actual_market_donor,2
test-monthly-00101,test,synthetic_monthly,True,STEP no-KI,KR6ZW0001T77,original_template,3
test-regular-00102,test,synthetic_regular,False,LIZARD KI,KR6MZ0000SK1,fixed_actual_market_donor,3
test-monthly-00102,test,synthetic_monthly,True,LIZARD no-KI,KR6SH0008D35,original_template,3
test-regular-00103,test,synthetic_regular,False,LIZARD no-KI,KR65333DA723,fixed_actual_market_donor,3
test-monthly-00103,test,synthetic_monthly,True,STEP KI,KR65733137B5,original_template,3
test-regular-00104,test,synthetic_regular,False,STEP KI,KR65033CQ537,fixed_actual_market_donor,0
test-monthly-00104,test,synthetic_monthly,True,STEP no-KI,KR6HN0001BX4,original_template,3
test-regular-00105,test,synthetic_regular,False,STEP no-KI,KR6KB00047L5,fixed_actual_market_donor,3
test-monthly-00105,test,synthetic_monthly,True,LIZARD no-KI,KR6SH0008D35,original_template,3
test-regular-00106,test,synthetic_regular,False,LIZARD KI,KR6KB0007XS4,fixed_actual_market_donor,3
test-monthly-00106,test,synthetic_monthly,True,STEP KI,KR65733AK729,original_template,2
test-regular-00107,test,synthetic_regular,False,LIZARD no-KI,KR67733075B3,fixed_actual_market_donor,0
test-monthly-00107,test,synthetic_monthly,True,STEP no-KI,KR6ZY0002334,original_template,3
test-regular-00108,test,synthetic_regular,False,STEP KI,KR6523378919,fixed_actual_market_donor,3
test-monthly-00108,test,synthetic_monthly,True,LIZARD no-KI,KR6SH0008D35,original_template,3
test-regular-00109,test,synthetic_regular,False,STEP no-KI,KR6583328663,fixed_actual_market_donor,0
test-monthly-00109,test,synthetic_monthly,True,STEP KI,KR65733449A6,original_template,3
test-regular-00110,test,synthetic_regular,False,LIZARD KI,KR6SH0002JM7,fixed_actual_market_donor,2
test-monthly-00110,test,synthetic_monthly,True,STEP no-KI,KR6ZW00019B3,original_template,3
test-regular-00111,test,synthetic_regular,False,LIZARD no-KI,KR65733AGA22,fixed_actual_market_donor,3
test-monthly-00111,test,synthetic_monthly,True,LIZARD no-KI,KR6SH0008D35,original_template,3
test-regular-00112,test,synthetic_regular,False,STEP KI,KR6HN0003F09,fixed_actual_market_donor,3
test-monthly-00112,test,synthetic_monthly,True,STEP KI,KR6573315555,original_template,0
test-regular-00113,test,synthetic_regular,False,STEP no-KI,KR6793303993,fixed_actual_market_donor,3
test-monthly-00113,test,synthetic_monthly,True,STEP no-KI,KR6MD0002HJ9,original_template,3
test-regular-00114,test,synthetic_regular,False,LIZARD KI,KR6763313873,fixed_actual_market_donor,3
test-monthly-00114,test,synthetic_monthly,True,LIZARD no-KI,KR6SH0008D35,original_template,3
test-regular-00115,test,synthetic_regular,False,LIZARD no-KI,KR6KS0000340,fixed_actual_market_donor,3
test-monthly-00115,test,synthetic_monthly,True,STEP KI,KR6513345860,original_template,3
test-regular-00116,test,synthetic_regular,False,STEP KI,KR6KW00042P2,fixed_actual_market_donor,3
test-monthly-00116,test,synthetic_monthly,True,STEP no-KI,KR6HN0007TP9,original_template,3
test-regular-00117,test,synthetic_regular,False,STEP no-KI,KR6533338A30,fixed_actual_market_donor,3
test-monthly-00117,test,synthetic_monthly,True,LIZARD no-KI,KR6SH0008D35,original_template,3
test-regular-00118,test,synthetic_regular,False,LIZARD KI,KR65333AB776,fixed_actual_market_donor,3
test-monthly-00118,test,synthetic_monthly,True,STEP KI,KR6KS0001N76,original_template,3
test-regular-00119,test,synthetic_regular,False,LIZARD no-KI,KR6SH0000VB9,fixed_actual_market_donor,3
test-monthly-00119,test,synthetic_monthly,True,STEP no-KI,KR6HN0007EV9,original_template,3
test-regular-00120,test,synthetic_regular,False,STEP KI,KR6SH0007BA8,fixed_actual_market_donor,3
test-monthly-00120,test,synthetic_monthly,True,LIZARD no-KI,KR6SH0008D35,original_template,3
test-regular-00121,test,synthetic_regular,False,STEP no-KI,KR65333JC9A7,fixed_actual_market_donor,3
test-monthly-00121,test,synthetic_monthly,True,STEP KI,KR65833BC581,original_template,0
test-regular-00122,test,synthetic_regular,False,LIZARD KI,KR65333A29B7,fixed_actual_market_donor,3
test-monthly-00122,test,synthetic_monthly,True,STEP no-KI,KR65833A8545,original_template,0
test-regular-00123,test,synthetic_regular,False,LIZARD no-KI,KR65293B8919,fixed_actual_market_donor,2
test-monthly-00123,test,synthetic_monthly,True,LIZARD no-KI,KR6SH0008D35,original_template,3
test-regular-00124,test,synthetic_regular,False,STEP KI,20240110000816_34360,fixed_actual_market_donor,3
test-monthly-00124,test,synthetic_monthly,True,STEP KI,KR6573328657,original_template,0
test-regular-00125,test,synthetic_regular,False,STEP no-KI,KR6HH00013Y9,fixed_actual_market_donor,3
test-monthly-00125,test,synthetic_monthly,True,STEP no-KI,KR6ZW0003GL7,original_template,3
test-regular-00126,test,synthetic_regular,False,LIZARD KI,KR6YT0000ZP3,fixed_actual_market_donor,3
test-monthly-00126,test,synthetic_monthly,True,LIZARD no-KI,KR6SH0008D35,original_template,3
test-regular-00127,test,synthetic_regular,False,LIZARD no-KI,KR65233BW574,fixed_actual_market_donor,0
test-monthly-00127,test,synthetic_monthly,True,STEP KI,KR6MD0003T73,original_template,3
published_KR6SH0006Y24,stress,published_monthly,True,LIZARD no-KI,KR6SH0006Y24,original_template,3
published_KR6KS0003LQ6,stress,published_monthly,True,STEP KI,KR6KS0003LQ6,original_template,3
published_KR6SH0004FV2,stress,published_monthly,True,STEP no-KI,KR6SH0004FV2,original_template,3
published_KR6523325910,stress,published_monthly,True,STEP no-KI,KR6523325910,original_template,3
published_KR6MD0003TN4,stress,published_monthly,True,STEP no-KI,KR6MD0003TN4,original_template,3
published_KR6KS0002XR1,stress,published_monthly,True,STEP no-KI,KR6KS0002XR1,original_template,3
canonical_STEP_KI,stress,previous_canonical,False,STEP KI,KR67733115B7,fixed_actual_market_donor,0
canonical_STEP_no-KI,stress,previous_canonical,False,STEP no-KI,KR6533345825,fixed_actual_market_donor,3
canonical_LIZARD_KI,stress,previous_canonical,False,LIZARD KI,KR6573390A23,fixed_actual_market_donor,3
canonical_LIZARD_no-KI,stress,previous_canonical,False,LIZARD no-KI,KR6723324937,fixed_actual_market_donor,3
derived_KR6503361A33,stress,previous_real_terms_synthetic,False,LIZARD KI,KR6503361A33,original_template,3
derived_KR6SH00000Z0,stress,previous_real_terms_synthetic,False,LIZARD KI,KR6SH00000Z0,original_template,3
derived_KR65433058A8,stress,previous_real_terms_synthetic,False,LIZARD KI,KR65433058A8,original_template,3
derived_KR6KS0005ZC1,stress,previous_real_terms_synthetic,False,LIZARD KI,KR6KS0005ZC1,original_template,2
derived_KR6MZ0000AP8,stress,previous_real_terms_synthetic,False,LIZARD KI,KR6MZ0000AP8,original_template,3
derived_KR6KS00022S4,stress,previous_real_terms_synthetic,False,LIZARD KI,KR6KS00022S4,original_template,1
derived_KR65733CT940,stress,previous_real_terms_synthetic,False,LIZARD KI,KR65733CT940,original_template,3
derived_KR6523389A21,stress,previous_real_terms_synthetic,False,LIZARD KI,KR6523389A21,original_template,3
derived_KR65733AH824,stress,previous_real_terms_synthetic,False,LIZARD KI,KR65733AH824,original_template,3
derived_KR65793B7A13,stress,previous_real_terms_synthetic,False,LIZARD KI,KR65793B7A13,original_template,1
derived_KR6KS0007RL5,stress,previous_real_terms_synthetic,False,LIZARD KI,KR6KS0007RL5,original_template,3
derived_KR6ZW0001C01,stress,previous_real_terms_synthetic,False,LIZARD KI,KR6ZW0001C01,original_template,3
derived_KR6573319912,stress,previous_real_terms_synthetic,False,LIZARD KI,KR6573319912,original_template,3
derived_KR6KS0001RE3,stress,previous_real_terms_synthetic,False,LIZARD KI,KR6KS0001RE3,original_template,1
derived_KR6573363977,stress,previous_real_terms_synthetic,False,LIZARD KI,KR6573363977,original_template,3
derived_KR65733AF7A3,stress,previous_real_terms_synthetic,False,LIZARD KI,KR65733AF7A3,original_template,3
derived_KR6KS0007105,stress,previous_real_terms_synthetic,False,LIZARD KI,KR6KS0007105,original_template,3
derived_KR65733E4863,stress,previous_real_terms_synthetic,False,LIZARD KI,KR65733E4863,original_template,3
derived_KR6MD00057V9,stress,previous_real_terms_synthetic,False,LIZARD KI,KR6MD00057V9,original_template,3
derived_KR6573369941,stress,previous_real_terms_synthetic,False,LIZARD KI,KR6573369941,original_template,3
derived_KR65733DL937,stress,previous_real_terms_synthetic,False,LIZARD KI,KR65733DL937,original_template,3
derived_KR6KS0001T05,stress,previous_real_terms_synthetic,False,LIZARD KI,KR6KS0001T05,original_template,1
derived_KR65733C9997,stress,previous_real_terms_synthetic,False,LIZARD KI,KR65733C9997,original_template,3
derived_KR6703386A14,stress,previous_real_terms_synthetic,False,LIZARD no-KI,KR6703386A14,original_template,3
derived_KR6HN0000YL3,stress,previous_real_terms_synthetic,False,LIZARD no-KI,KR6HN0000YL3,original_template,3
derived_KR6KB00084R5,stress,previous_real_terms_synthetic,False,LIZARD no-KI,KR6KB00084R5,original_template,3
derived_KR65293B39B0,stress,previous_real_terms_synthetic,False,LIZARD no-KI,KR65293B39B0,original_template,2
derived_KR6503320717,stress,previous_real_terms_synthetic,False,LIZARD no-KI,KR6503320717,original_template,2
derived_KR6613361882,stress,previous_real_terms_synthetic,False,LIZARD no-KI,KR6613361882,original_template,3
derived_KR65833CM935,stress,previous_real_terms_synthetic,False,LIZARD no-KI,KR65833CM935,original_template,3
derived_KR6SH0001M49,stress,previous_real_terms_synthetic,False,LIZARD no-KI,KR6SH0001M49,original_template,3
derived_KR6SH0000916,stress,previous_real_terms_synthetic,False,LIZARD no-KI,KR6SH0000916,original_template,3
derived_KR6523323998,stress,previous_real_terms_synthetic,False,LIZARD no-KI,KR6523323998,original_template,3
derived_KR65733CM796,stress,previous_real_terms_synthetic,False,LIZARD no-KI,KR65733CM796,original_template,2
derived_KR6SH0005CV6,stress,previous_real_terms_synthetic,False,LIZARD no-KI,KR6SH0005CV6,original_template,3
derived_KR6703319865,stress,previous_real_terms_synthetic,False,LIZARD no-KI,KR6703319865,original_template,3
derived_KR6503359897,stress,previous_real_terms_synthetic,False,LIZARD no-KI,KR6503359897,original_template,3
derived_KR6HN00027X3,stress,previous_real_terms_synthetic,False,LIZARD no-KI,KR6HN00027X3,original_template,3
derived_KR65733259A9,stress,previous_real_terms_synthetic,False,LIZARD no-KI,KR65733259A9,original_template,3
derived_KR6MZ0000WY4,stress,previous_real_terms_synthetic,False,LIZARD no-KI,KR6MZ0000WY4,original_template,3
derived_KR67033AM8A5,stress,previous_real_terms_synthetic,False,LIZARD no-KI,KR67033AM8A5,original_template,3
derived_KR6MZ0000LD1,stress,previous_real_terms_synthetic,False,LIZARD no-KI,KR6MZ0000LD1,original_template,3
derived_KR6653364A17,stress,previous_real_terms_synthetic,False,LIZARD no-KI,KR6653364A17,original_template,3
derived_KR6MZ0001FB5,stress,previous_real_terms_synthetic,False,LIZARD no-KI,KR6MZ0001FB5,original_template,3
derived_KR6HN0003LM2,stress,previous_real_terms_synthetic,False,LIZARD no-KI,KR6HN0003LM2,original_template,3
derived_KR65833A0799,stress,previous_real_terms_synthetic,False,LIZARD no-KI,KR65833A0799,original_template,2
derived_KR65233517B3,stress,previous_real_terms_synthetic,False,STEP KI,KR65233517B3,original_template,3
derived_KR6613373945,stress,previous_real_terms_synthetic,False,STEP KI,KR6613373945,original_template,3
derived_KR6573362599,stress,previous_real_terms_synthetic,False,STEP KI,KR6573362599,original_template,0
derived_KR6KS0002M27,stress,previous_real_terms_synthetic,False,STEP KI,KR6KS0002M27,original_template,3
derived_KR65233BT760,stress,previous_real_terms_synthetic,False,STEP KI,KR65233BT760,original_template,2
derived_KR6KS0005GC1,stress,previous_real_terms_synthetic,False,STEP KI,KR6KS0005GC1,original_template,3
derived_KR6MZ00002C9,stress,previous_real_terms_synthetic,False,STEP KI,KR6MZ00002C9,original_template,3
derived_KR65733CR571,stress,previous_real_terms_synthetic,False,STEP KI,KR65733CR571,original_template,0
derived_KR6KS0002ZM7,stress,previous_real_terms_synthetic,False,STEP KI,KR6KS0002ZM7,original_template,3
derived_KR65733CT569,stress,previous_real_terms_synthetic,False,STEP KI,KR65733CT569,original_template,0
derived_KR6KB0004EN2,stress,previous_real_terms_synthetic,False,STEP KI,KR6KB0004EN2,original_template,3
derived_20210820000433_10001,stress,previous_real_terms_synthetic,False,STEP KI,20210820000433_10001,original_template,3
derived_KR6523308585,stress,previous_real_terms_synthetic,False,STEP KI,KR6523308585,original_template,0
derived_KR6523319871,stress,previous_real_terms_synthetic,False,STEP KI,KR6523319871,original_template,3
derived_KR65533D2563,stress,previous_real_terms_synthetic,False,STEP KI,KR65533D2563,original_template,0
derived_KR6DS00008A0,stress,previous_real_terms_synthetic,False,STEP KI,KR6DS00008A0,original_template,3
derived_KR6593367651,stress,previous_real_terms_synthetic,False,STEP no-KI,KR6593367651,original_template,0
derived_KR6HN0003MR9,stress,previous_real_terms_synthetic,False,STEP no-KI,KR6HN0003MR9,original_template,3
derived_KR6653332A65,stress,previous_real_terms_synthetic,False,STEP no-KI,KR6653332A65,original_template,3
derived_KR65933AG582,stress,previous_real_terms_synthetic,False,STEP no-KI,KR65933AG582,original_template,0
derived_KR6523316A37,stress,previous_real_terms_synthetic,False,STEP no-KI,KR6523316A37,original_template,3
derived_KR6SH0002276,stress,previous_real_terms_synthetic,False,STEP no-KI,KR6SH0002276,original_template,3
derived_KR6573313667,stress,previous_real_terms_synthetic,False,STEP no-KI,KR6573313667,original_template,0
derived_KR65533079A3,stress,previous_real_terms_synthetic,False,STEP no-KI,KR65533079A3,original_template,3
derived_KR6HN0002GE1,stress,previous_real_terms_synthetic,False,STEP no-KI,KR6HN0002GE1,original_template,3
derived_KR6NH0001QL7,stress,previous_real_terms_synthetic,False,STEP no-KI,KR6NH0001QL7,original_template,3
derived_KR6HH0001B78,stress,previous_real_terms_synthetic,False,STEP no-KI,KR6HH0001B78,original_template,3
derived_KR6553323785,stress,previous_real_terms_synthetic,False,STEP no-KI,KR6553323785,original_template,3
derived_KR6MD0003GE0,stress,previous_real_terms_synthetic,False,STEP no-KI,KR6MD0003GE0,original_template,3
derived_KR6DS0000K04,stress,previous_real_terms_synthetic,False,STEP no-KI,KR6DS0000K04,original_template,3
derived_KR6BK0000S48,stress,previous_real_terms_synthetic,False,STEP no-KI,KR6BK0000S48,original_template,3
derived_KR67933019A1,stress,previous_real_terms_synthetic,False,STEP no-KI,KR67933019A1,original_template,3
derived_KR6HN0000G76,stress,previous_real_terms_synthetic,False,STEP no-KI,KR6HN0000G76,original_template,3
derived_KR65733AC627,stress,previous_real_terms_synthetic,False,STEP no-KI,KR65733AC627,original_template,0
derived_KR6KW0001C08,stress,previous_real_terms_synthetic,False,STEP no-KI,KR6KW0001C08,original_template,3
derived_KR6583315678,stress,previous_real_terms_synthetic,False,STEP no-KI,KR6583315678,original_template,0
