i,item,reason
1,KR6513308512,extra_formula_or_level_PMT_EXTRA
3,KR6703322513,payment_lag_not_identifiable_from_maturity
7,KR6523311514,missing_explicit_survival_coupon
16,KR6533308518,extra_formula_or_level_PMT_1_FRML
18,KR6573321512,missing_explicit_survival_coupon
19,KR6573320514,missing_explicit_survival_coupon
23,KR6513332512,extra_formula_or_level_PMT_EXTRA
26,KR6583307519,payment_lag_not_identifiable_from_maturity
27,KR6543309514,nonpositive_annual_coupon
28,KR6583308517,payment_lag_not_identifiable_from_maturity
29,KR6543317517,nonpositive_annual_coupon
30,KR6583310513,missing_explicit_survival_coupon
31,KR6653305518,missing_explicit_survival_coupon
34,KR6523331512,missing_explicit_survival_coupon
35,KR6543308516,nonpositive_annual_coupon
36,KR6733305512,payment_lag_not_identifiable_from_maturity
37,KR6593310511,missing_explicit_survival_coupon
41,KR6593312517,missing_explicit_survival_coupon
42,KR6513315517,unsupported_ki_window
43,KR6593311519,missing_explicit_survival_coupon
45,KR6673305514,unsupported_ki_window
47,KR6593306519,missing_explicit_survival_coupon
50,KR6703323511,payment_lag_not_identifiable_from_maturity
52,KR6513313512,unsupported_ki_window
55,KR6513314510,unsupported_ki_window
56,KR6593309513,missing_explicit_survival_coupon
57,KR6513316515,unsupported_ki_window
69,KR6503325518,unsupported_ki_window
72,KR6543326518,nonpositive_annual_coupon
75,KR6593349519,missing_explicit_survival_coupon
76,KR6523356519,missing_explicit_survival_coupon
78,KR6553361512,missing_explicit_survival_coupon
80,KR6593377510,missing_explicit_survival_coupon
81,KR6573372515,missing_explicit_survival_coupon
84,KR6703329518,payment_lag_not_identifiable_from_maturity
87,KR6523372516,missing_explicit_survival_coupon
89,KR6583320512,payment_lag_not_identifiable_from_maturity
90,KR6503352512,unsupported_ki_window
91,KR6733308516,payment_lag_not_identifiable_from_maturity
96,KR6533327518,extra_formula_or_level_PMT_1_FRML
97,KR65933AX512,missing_explicit_survival_coupon
100,KR6503353510,unsupported_ki_window
101,KR6543321519,nonpositive_annual_coupon
102,KR6583323516,payment_lag_not_identifiable_from_maturity
103,KR6543320511,nonpositive_annual_coupon
104,KR6583319514,payment_lag_not_identifiable_from_maturity
105,KR6513381519,extra_formula_or_level_PMT_EXTRA
108,KR6593370515,missing_explicit_survival_coupon
109,KR6513343519,unsupported_ki_window
113,KR65733B8511,missing_explicit_survival_coupon
115,KR6593366513,missing_explicit_survival_coupon
116,KR6593364518,missing_explicit_survival_coupon
119,KR6533381515,payment_lag_not_identifiable_from_maturity
120,KR6513344517,unsupported_ki_window
122,KR6513342511,unsupported_ki_window
126,KR6593368519,missing_explicit_survival_coupon
127,KR6593367511,missing_explicit_survival_coupon
132,KR6503387518,unsupported_ki_window
133,KR6593365515,missing_explicit_survival_coupon
142,KR6583343514,payment_lag_not_identifiable_from_maturity
144,KR6503360515,unsupported_ki_window
145,KR65233AG512,missing_explicit_survival_coupon
146,KR65933AW514,missing_explicit_survival_coupon
150,KR6543348512,nonpositive_annual_coupon
161,KR65333A8516,missing_explicit_survival_coupon
166,KR6543337515,nonpositive_annual_coupon
167,KR6703387516,payment_lag_not_identifiable_from_maturity
174,KR6583349511,missing_explicit_survival_coupon
175,KR65733CB518,missing_explicit_survival_coupon
176,KR6583345519,payment_lag_not_identifiable_from_maturity
177,KR6533359511,extra_formula_or_level_PMT_1_FRML
178,KR6533356517,missing_explicit_survival_coupon
179,KR6543352514,nonpositive_annual_coupon
180,KR65033AV515,unsupported_ki_window
181,KR65033AW513,unsupported_ki_window
184,KR6543353512,nonpositive_annual_coupon
185,KR65133B0514,missing_explicit_survival_coupon
186,KR6503363519,unsupported_ki_window
193,KR65733CT510,missing_explicit_survival_coupon
196,KR6703394512,payment_lag_not_identifiable_from_maturity
201,KR6703368516,payment_lag_not_identifiable_from_maturity
202,KR65933C4517,missing_explicit_survival_coupon
203,KR6673319515,unsupported_ki_window
207,KR65933AS512,missing_explicit_survival_coupon
210,KR65033BX519,unsupported_ki_window
217,KR65933AP518,missing_explicit_survival_coupon
219,KR6543359519,nonpositive_annual_coupon
221,KR6513387516,unsupported_ki_window
222,KR6513386518,unsupported_ki_window
223,KR6703371510,missing_explicit_survival_coupon
224,KR65133CB511,extra_formula_or_level_PMT_EXTRA
227,KR6543366514,nonpositive_annual_coupon
228,KR65233C9513,missing_explicit_survival_coupon
233,KR65333B5511,missing_explicit_survival_coupon
238,KR6703397515,payment_lag_not_identifiable_from_maturity
245,KR6543375515,nonpositive_annual_coupon
246,KR6543362513,nonpositive_annual_coupon
247,KR67033A8515,payment_lag_not_identifiable_from_maturity
255,KR65933D9515,missing_explicit_survival_coupon
256,KR6533310522,extra_formula_or_level_PMT_1_FRML
257,KR6543361515,nonpositive_annual_coupon
258,KR65933DD518,missing_explicit_survival_coupon
261,KR6583390515,payment_lag_not_identifiable_from_maturity
266,KR67033A6519,payment_lag_not_identifiable_from_maturity
269,KR6583388519,payment_lag_not_identifiable_from_maturity
270,KR6583379518,payment_lag_not_identifiable_from_maturity
272,KR65033DY513,unsupported_ki_window
273,KR6583391513,payment_lag_not_identifiable_from_maturity
275,KR65333BF510,missing_explicit_survival_coupon
276,KR65033DX515,unsupported_ki_window
277,KR6573317528,missing_explicit_survival_coupon
279,KR6703315525,payment_lag_not_identifiable_from_maturity
283,KR6513309528,unsupported_ki_window
286,KR6513306524,unsupported_ki_window
287,KR6593307525,missing_explicit_survival_coupon
288,KR6593308523,missing_explicit_survival_coupon
291,KR6593309521,missing_explicit_survival_coupon
293,KR6703301525,payment_lag_not_identifiable_from_maturity
294,KR6513305526,unsupported_ki_window
295,KR6593305529,missing_explicit_survival_coupon
296,KR6593306527,missing_explicit_survival_coupon
304,KR6543307526,nonpositive_annual_coupon
316,KR6513350522,extra_formula_or_level_PMT_EXTRA
318,KR6583327525,payment_lag_not_identifiable_from_maturity
323,KR6543301529,nonpositive_annual_coupon
324,KR6583319522,payment_lag_not_identifiable_from_maturity
328,KR6593350525,missing_explicit_survival_coupon
329,KR6503318521,unsupported_ki_window
332,KR6573347525,missing_explicit_survival_coupon
334,KR6703336521,payment_lag_not_identifiable_from_maturity
335,KR6533320521,extra_formula_or_level_PMT_1_FRML
336,KR6583306529,payment_lag_not_identifiable_from_maturity
338,KR6583308525,payment_lag_not_identifiable_from_maturity
339,KR6583309523,missing_explicit_survival_coupon
342,KR6503321525,unsupported_ki_window
343,KR6703339525,missing_explicit_survival_coupon
344,KR6593313523,extra_formula_or_level_PMT_EXTRA
345,KR6593316526,monthly_evaluation_outside_life
347,KR6513318529,unsupported_ki_window
349,KR6513317521,unsupported_ki_window
350,KR6503337521,unsupported_ki_window
352,KR6503336523,unsupported_ki_window
354,KR6593321526,missing_explicit_survival_coupon
360,KR6593318522,missing_explicit_survival_coupon
363,KR6593320528,missing_explicit_survival_coupon
365,KR6673310522,monthly_evaluation_outside_life
374,KR6703317521,payment_lag_not_identifiable_from_maturity
375,KR6503326524,monthly_evaluation_outside_life
376,KR6543321527,nonpositive_annual_coupon
378,20150202000410_3294,unsupported_ki_window
381,KR6593367529,missing_explicit_survival_coupon
382,KR6543327524,nonpositive_annual_coupon
387,KR6593366521,missing_explicit_survival_coupon
393,KR6573374529,missing_explicit_survival_coupon
394,KR6543339529,nonpositive_annual_coupon
401,KR6523367524,missing_explicit_survival_coupon
405,KR6583324522,payment_lag_not_identifiable_from_maturity
406,KR6583325529,missing_explicit_survival_coupon
407,KR6703359523,payment_lag_not_identifiable_from_maturity
408,KR6583328523,payment_lag_not_identifiable_from_maturity
409,KR6583322526,payment_lag_not_identifiable_from_maturity
410,KR6543335527,nonpositive_annual_coupon
413,KR6573393529,missing_explicit_survival_coupon
414,KR6533357523,extra_formula_or_level_PMT_1_FRML
418,KR6503365522,unsupported_ki_window
419,KR6543346524,nonpositive_annual_coupon
420,KR6543345526,nonpositive_annual_coupon
422,KR6543336525,nonpositive_annual_coupon
424,KR6513367526,unsupported_ki_window
426,KR6513366528,unsupported_ki_window
427,KR6593349527,monthly_evaluation_outside_life
428,KR6703340523,payment_lag_not_identifiable_from_maturity
431,KR6593358528,missing_explicit_survival_coupon
440,KR6593360524,missing_explicit_survival_coupon
442,KR65033A0524,monthly_evaluation_outside_life
445,KR6593363528,extra_formula_or_level_PMT_EXTRA
446,KR6593362520,missing_explicit_survival_coupon
447,KR65033A5523,unsupported_ki_window
451,KR6593359526,missing_explicit_survival_coupon
452,KR65333A1529,extra_formula_or_level_PMT_1_FRML
454,KR65133AH520,extra_formula_or_level_PMT_EXTRA
465,KR6583360526,payment_lag_not_identifiable_from_maturity
470,KR6573380526,missing_explicit_survival_coupon
473,KR65733AJ523,missing_explicit_survival_coupon
474,KR65933AB526,missing_explicit_survival_coupon
480,KR65333B6527,missing_explicit_survival_coupon
481,KR6703365520,payment_lag_not_identifiable_from_maturity
482,KR65933B8527,missing_explicit_survival_coupon
486,KR65313BE523,missing_explicit_survival_coupon
493,KR65333BN522,missing_explicit_survival_coupon
494,KR6703379521,payment_lag_not_identifiable_from_maturity
495,KR6703380529,payment_lag_not_identifiable_from_maturity
496,KR65933BL523,missing_explicit_survival_coupon
499,KR65233CG526,missing_explicit_survival_coupon
506,KR65133BJ524,extra_formula_or_level_PMT_EXTRA
507,KR65033C2528,unsupported_ki_window
508,KR6533310530,extra_formula_or_level_PMT_1_FRML
509,KR6673333524,unsupported_ki_window
510,KR65933BN529,missing_explicit_survival_coupon
514,KR6543359527,nonpositive_annual_coupon
515,KR65833A5525,payment_lag_not_identifiable_from_maturity
516,KR65033CS525,unsupported_ki_window
518,KR65933C0523,missing_explicit_survival_coupon
519,KR65733BJ521,missing_explicit_survival_coupon
520,KR65233CQ525,missing_explicit_survival_coupon
528,KR65133AB523,unsupported_ki_window
529,KR65133AC521,unsupported_ki_window
530,KR65133AA525,unsupported_ki_window
532,KR65833A0526,payment_lag_not_identifiable_from_maturity
536,KR65833A1524,payment_lag_not_identifiable_from_maturity
537,KR6593307533,missing_explicit_survival_coupon
538,KR6513315533,extra_formula_or_level_PMT_EXTRA
541,KR6583306537,payment_lag_not_identifiable_from_maturity
542,KR6703304537,missing_explicit_survival_coupon
543,KR6583305539,payment_lag_not_identifiable_from_maturity
544,KR6593310537,extra_formula_or_level_PMT_EXTRA
545,KR6593308531,missing_explicit_survival_coupon
547,KR6593306535,missing_explicit_survival_coupon
549,KR6533327534,payment_lag_not_identifiable_from_maturity
550,KR6533330538,extra_formula_or_level_PMT_1_FRML
551,KR6593309539,missing_explicit_survival_coupon
552,KR6703301533,payment_lag_not_identifiable_from_maturity
555,KR6583303534,payment_lag_not_identifiable_from_maturity
557,KR6533344539,missing_explicit_survival_coupon
565,KR6533361533,missing_explicit_survival_coupon
566,KR6533362531,missing_explicit_survival_coupon
568,KR6703313538,payment_lag_not_identifiable_from_maturity
572,KR6533367530,missing_explicit_survival_coupon
573,KR6523322537,missing_explicit_survival_coupon
576,KR6523362533,missing_explicit_survival_coupon
582,KR6733306536,payment_lag_not_identifiable_from_maturity
584,KR6703335531,payment_lag_not_identifiable_from_maturity
585,KR6583312535,payment_lag_not_identifiable_from_maturity
586,KR6533375533,missing_explicit_survival_coupon
587,KR6533376531,missing_explicit_survival_coupon
588,KR6583308533,payment_lag_not_identifiable_from_maturity
589,KR6573345537,missing_explicit_survival_coupon
590,KR6533322535,extra_formula_or_level_PMT_1_FRML
593,KR6583311537,payment_lag_not_identifiable_from_maturity
594,KR6703339533,payment_lag_not_identifiable_from_maturity
595,KR6593351531,monthly_evaluation_outside_life
601,KR6593321534,missing_explicit_survival_coupon
602,KR6593320536,missing_explicit_survival_coupon
605,KR6503321533,unsupported_ki_window
606,KR6583342532,payment_lag_not_identifiable_from_maturity
608,KR6533378537,payment_lag_not_identifiable_from_maturity
609,KR6533377539,payment_lag_not_identifiable_from_maturity
614,KR6513311532,unsupported_ki_window
616,KR6593323530,missing_explicit_survival_coupon
617,KR6723302537,missing_explicit_survival_coupon
619,KR6513310534,unsupported_ki_window
626,KR6703314536,payment_lag_not_identifiable_from_maturity
627,KR6593327531,extra_formula_or_level_PMT_EXTRA
630,KR6703360539,payment_lag_not_identifiable_from_maturity
631,KR6593325535,missing_explicit_survival_coupon
632,20150303000211_1523,unsupported_ki_window
635,KR6593322532,missing_explicit_survival_coupon
636,KR65333A0539,missing_explicit_survival_coupon
638,KR6533399533,missing_explicit_survival_coupon
641,KR6703365538,payment_lag_not_identifiable_from_maturity
643,KR65933A2539,missing_explicit_survival_coupon
645,KR65333AL536,missing_explicit_survival_coupon
646,KR65333AK538,missing_explicit_survival_coupon
647,KR6593397534,missing_explicit_survival_coupon
656,KR65133A0531,extra_formula_or_level_PMT_EXTRA
658,KR6543333530,nonpositive_annual_coupon
660,KR6573375534,missing_explicit_survival_coupon
662,KR65933A6530,missing_explicit_survival_coupon
664,KR6523386532,missing_explicit_survival_coupon
665,KR6703375537,payment_lag_not_identifiable_from_maturity
667,KR65333AP537,missing_explicit_survival_coupon
669,KR65133AD537,extra_formula_or_level_PMT_EXTRA
670,KR6543334538,nonpositive_annual_coupon
671,KR65933B6539,missing_explicit_survival_coupon
678,KR65233AD535,missing_explicit_survival_coupon
679,KR6503347538,unsupported_ki_window
680,KR6543336533,nonpositive_annual_coupon
681,KR6583351533,payment_lag_not_identifiable_from_maturity
682,KR6583357530,payment_lag_not_identifiable_from_maturity
683,KR6543332532,nonpositive_annual_coupon
685,KR6503352538,unsupported_ki_window
687,KR6573387539,missing_explicit_survival_coupon
688,KR65333B3532,missing_explicit_survival_coupon
689,KR6533359537,extra_formula_or_level_PMT_1_FRML
690,KR6543335535,nonpositive_annual_coupon
693,KR65133AB531,extra_formula_or_level_PMT_EXTRA
697,KR65333B2534,payment_lag_not_identifiable_from_maturity
699,KR65333B1536,payment_lag_not_identifiable_from_maturity
703,KR6663330530,unsupported_ki_window
704,KR6663331538,unsupported_ki_window
707,KR6723332534,missing_explicit_survival_coupon
712,KR6593359534,missing_explicit_survival_coupon
714,KR6593364534,missing_explicit_survival_coupon
716,KR6593362538,missing_explicit_survival_coupon
717,KR6593363536,missing_explicit_survival_coupon
719,KR65133A4533,extra_formula_or_level_PMT_EXTRA
720,KR6503375539,unsupported_ki_window
721,KR6593360532,monthly_evaluation_outside_life
722,KR6513352536,unsupported_ki_window
723,KR6513354532,unsupported_ki_window
725,KR6513353534,unsupported_ki_window
730,KR6703352536,missing_explicit_survival_coupon
731,KR6703349532,payment_lag_not_identifiable_from_maturity
732,KR65733A2531,missing_explicit_survival_coupon
733,KR6593358536,missing_explicit_survival_coupon
735,KR6593361530,missing_explicit_survival_coupon
738,KR65233AM536,missing_explicit_survival_coupon
742,KR6503380539,unsupported_ki_window
746,KR65233AT531,second_maturity_payment_without_ki
756,KR6653347536,missing_explicit_survival_coupon
758,KR65233CQ533,missing_explicit_survival_coupon
762,KR65233B4531,missing_explicit_survival_coupon
767,KR65333AG536,extra_formula_or_level_PMT_1_FRML
769,KR65733B2530,unsupported_PRCP_GRTE_RT
774,KR67033AC539,payment_lag_not_identifiable_from_maturity
775,20150316000582_1531,unsupported_ki_window
776,KR65133AM538,unsupported_redemption_structure
777,KR65833AJ539,payment_lag_not_identifiable_from_maturity
778,KR6543344537,nonpositive_annual_coupon
779,KR6543345534,nonpositive_annual_coupon
783,KR6543355533,nonpositive_annual_coupon
786,KR65133AL530,unsupported_redemption_structure
788,KR6793307531,missing_explicit_survival_coupon
791,KR6583399532,payment_lag_not_identifiable_from_maturity
792,KR6583398534,payment_lag_not_identifiable_from_maturity
794,KR65933AK535,missing_explicit_survival_coupon
796,KR65933AL533,missing_explicit_survival_coupon
798,KR65933AP534,missing_explicit_survival_coupon
802,KR65833A0534,payment_lag_not_identifiable_from_maturity
803,KR65833A1532,payment_lag_not_identifiable_from_maturity
805,KR65933AR530,missing_explicit_survival_coupon
806,KR6583397536,payment_lag_not_identifiable_from_maturity
808,KR65933AJ537,missing_explicit_survival_coupon
813,KR65933AT536,missing_explicit_survival_coupon
814,KR65933AS538,missing_explicit_survival_coupon
815,KR65933AN539,missing_explicit_survival_coupon
817,KR6663346536,unsupported_ki_window
819,KR6723358539,missing_explicit_survival_coupon
820,KR65033BH538,unsupported_ki_window
825,KR65033C0530,unsupported_ki_window
826,KR6543371530,nonpositive_annual_coupon
828,KR65233CH532,missing_explicit_survival_coupon
829,KR67033AL530,payment_lag_not_identifiable_from_maturity
830,KR67033AK532,payment_lag_not_identifiable_from_maturity
831,KR65033BB531,unsupported_ki_window
835,KR6543370532,nonpositive_annual_coupon
836,KR65733C2539,missing_explicit_survival_coupon
838,KR65933D0530,missing_explicit_survival_coupon
841,KR65933D1538,missing_explicit_survival_coupon
844,KR6543382537,nonpositive_annual_coupon
845,KR65933CZ539,missing_explicit_survival_coupon
847,KR65733C0533,unsupported_PRCP_GRTE_RT
850,KR67033B5536,payment_lag_not_identifiable_from_maturity
851,KR65733AL537,missing_explicit_survival_coupon
859,KR65933C9532,missing_explicit_survival_coupon
863,KR65933CC538,missing_explicit_survival_coupon
864,KR65933CA532,missing_explicit_survival_coupon
865,KR6543387536,nonpositive_annual_coupon
866,KR65933CD536,missing_explicit_survival_coupon
868,KR65933CE534,missing_explicit_survival_coupon
869,KR65933C8534,missing_explicit_survival_coupon
870,KR65933CB530,missing_explicit_survival_coupon
871,KR65933DA530,missing_explicit_survival_coupon
873,KR65833CD538,payment_lag_not_identifiable_from_maturity
874,KR65833CB532,payment_lag_not_identifiable_from_maturity
875,KR65833C9533,payment_lag_not_identifiable_from_maturity
877,KR65833CA534,payment_lag_not_identifiable_from_maturity
878,KR65833CF533,missing_explicit_survival_coupon
880,KR65333C0537,extra_formula_or_level_PMT_1_FRML
883,KR65333BZ534,extra_formula_or_level_PMT_1_FRML
889,KR6543375531,nonpositive_annual_coupon
890,KR6543374534,nonpositive_annual_coupon
892,KR65033CQ537,unsupported_ki_window
895,KR65033D0539,unsupported_ki_window
896,KR65033CR535,unsupported_ki_window
897,KR65033CC537,unsupported_ki_window
900,KR65333D4538,missing_explicit_survival_coupon
901,KR65333D5535,payment_lag_not_identifiable_from_maturity
905,KR6723378537,missing_explicit_survival_coupon
910,KR65833CV530,payment_lag_not_identifiable_from_maturity
927,KR65733DH539,missing_explicit_survival_coupon
931,KR65033E2534,unsupported_ki_window
932,KR6663357533,unsupported_ki_window
933,KR65333DT533,missing_explicit_survival_coupon
934,KR65133D2534,unsupported_ki_window
935,KR6543390530,nonpositive_annual_coupon
937,KR65133D3532,unsupported_ki_window
940,KR65833CZ531,payment_lag_not_identifiable_from_maturity
941,KR65133D5537,unsupported_ki_window
942,KR65133D4530,unsupported_ki_window
943,KR65733DP532,unsupported_PRCP_GRTE_RT
944,KR65133F0536,extra_formula_or_level_PMT_EXTRA
946,KR6543310546,nonpositive_annual_coupon
947,KR6543309548,nonpositive_annual_coupon
948,KR6543302543,nonpositive_annual_coupon
949,KR6543314548,nonpositive_annual_coupon
950,KR6543319547,nonpositive_annual_coupon
951,KR6543315545,nonpositive_annual_coupon
952,KR6543303541,nonpositive_annual_coupon
953,KR6543320545,nonpositive_annual_coupon
954,KR6703304545,payment_lag_not_identifiable_from_maturity
955,KR6703305542,payment_lag_not_identifiable_from_maturity
959,KR6703306540,payment_lag_not_identifiable_from_maturity
962,KR6553345549,missing_explicit_survival_coupon
966,KR6593338546,missing_explicit_survival_coupon
968,KR6543331542,nonpositive_annual_coupon
972,KR6593339544,missing_explicit_survival_coupon
973,KR6593337548,missing_explicit_survival_coupon
975,KR6523311548,second_maturity_payment_without_ki
976,KR6583310547,payment_lag_not_identifiable_from_maturity
978,KR6593348545,missing_explicit_survival_coupon
980,KR6583309549,payment_lag_not_identifiable_from_maturity
981,KR6583306545,payment_lag_not_identifiable_from_maturity
982,KR6703309544,payment_lag_not_identifiable_from_maturity
984,KR6513352544,extra_formula_or_level_PMT_EXTRA
985,KR6583305547,payment_lag_not_identifiable_from_maturity
986,KR6583304540,payment_lag_not_identifiable_from_maturity
988,KR6583308541,payment_lag_not_identifiable_from_maturity
989,KR6583307543,payment_lag_not_identifiable_from_maturity
991,KR6583303542,payment_lag_not_identifiable_from_maturity
992,KR6533340545,payment_lag_not_identifiable_from_maturity
996,KR6523330548,second_maturity_payment_without_ki
999,KR6533311546,extra_formula_or_level_PMT_1_FRML
1002,KR6583301546,payment_lag_not_identifiable_from_maturity
1003,KR6583345543,payment_lag_not_identifiable_from_maturity
1004,KR6703356545,payment_lag_not_identifiable_from_maturity
1006,KR6583321544,payment_lag_not_identifiable_from_maturity
1007,KR6583322542,payment_lag_not_identifiable_from_maturity
1008,KR6583326543,missing_explicit_survival_coupon
1010,KR6543330544,nonpositive_annual_coupon
1011,KR6543329546,nonpositive_annual_coupon
1012,KR6533361541,missing_explicit_survival_coupon
1015,KR6573332543,missing_explicit_survival_coupon
1020,KR6523332544,missing_explicit_survival_coupon
1023,KR6593360540,monthly_evaluation_outside_life
1024,KR6503322549,unsupported_ki_window
1025,KR6503321541,unsupported_ki_window
1028,KR6513309544,unsupported_ki_window
1034,KR6593324546,missing_explicit_survival_coupon
1036,KR6593325543,missing_explicit_survival_coupon
1039,KR6513382541,extra_formula_or_level_PMT_EXTRA
1040,KR6593328547,missing_explicit_survival_coupon
1044,KR6543341541,nonpositive_annual_coupon
1047,KR6513307548,unsupported_ki_window
1049,KR6593326541,missing_explicit_survival_coupon
1053,KR6593330543,missing_explicit_survival_coupon
1055,KR6593368543,missing_explicit_survival_coupon
1056,KR6703338543,payment_lag_not_identifiable_from_maturity
1057,KR6503355549,unsupported_ki_window
1058,KR6723317543,missing_explicit_survival_coupon
1064,KR6513308546,unsupported_ki_window
1065,KR6593331541,missing_explicit_survival_coupon
1066,KR6593329545,missing_explicit_survival_coupon
1069,20150406002010_3342,unsupported_ki_window
1072,KR6703375545,missing_explicit_survival_coupon
1076,KR6593374541,missing_explicit_survival_coupon
1077,KR6703376543,payment_lag_not_identifiable_from_maturity
1078,KR6533371540,missing_explicit_survival_coupon
1079,KR6543344545,nonpositive_annual_coupon
1082,KR6573313543,missing_explicit_survival_coupon
1091,KR6503323547,unsupported_ki_window
1093,KR6523385542,missing_explicit_survival_coupon
1096,KR65833A8545,payment_lag_not_identifiable_from_maturity
1100,KR6543362547,nonpositive_annual_coupon
1101,KR6583396546,missing_explicit_survival_coupon
1102,KR6733305546,payment_lag_not_identifiable_from_maturity
1104,KR6573390541,missing_explicit_survival_coupon
1107,KR6533338549,extra_formula_or_level_PMT_1_FRML
1108,KR6583390549,payment_lag_not_identifiable_from_maturity
1109,KR6533339547,extra_formula_or_level_PMT_1_FRML
1110,KR6583392545,payment_lag_not_identifiable_from_maturity
1112,KR6583391547,payment_lag_not_identifiable_from_maturity
1113,KR6543355541,nonpositive_annual_coupon
1115,KR65833AA546,payment_lag_not_identifiable_from_maturity
1117,KR6543354544,nonpositive_annual_coupon
1121,KR67033A7541,payment_lag_not_identifiable_from_maturity
1122,KR6583393543,invalid_evaluation_dates
1123,KR6543353546,nonpositive_annual_coupon
1126,KR6503394548,unsupported_ki_window
1128,KR6513374548,unsupported_ki_window
1129,KR6593372545,missing_explicit_survival_coupon
1134,KR65833AG543,payment_lag_not_identifiable_from_maturity
1140,KR6543360541,nonpositive_annual_coupon
1149,KR6673313542,unsupported_ki_window
1150,KR6513375545,unsupported_ki_window
1151,KR65033AW547,unsupported_ki_window
1153,KR6593382544,missing_explicit_survival_coupon
1156,KR6723331544,missing_explicit_survival_coupon
1157,20150413002144_3347,unsupported_ki_window
1159,KR65833AS548,payment_lag_not_identifiable_from_maturity
1160,KR6593385547,missing_explicit_survival_coupon
1167,KR6593370549,missing_explicit_survival_coupon
1168,KR6593371547,missing_explicit_survival_coupon
1169,KR6593380548,missing_explicit_survival_coupon
1170,KR6593381546,missing_explicit_survival_coupon
1172,KR6703386542,payment_lag_not_identifiable_from_maturity
1173,KR65033BZ548,unsupported_redemption_structure
1179,KR65233CJ546,missing_explicit_survival_coupon
1183,KR6543363545,nonpositive_annual_coupon
1184,KR65233AZ546,missing_explicit_survival_coupon
1187,KR65033B7544,unsupported_ki_window
1189,KR65933BK541,missing_explicit_survival_coupon
1191,KR6543376547,nonpositive_annual_coupon
1194,KR67033B5544,payment_lag_not_identifiable_from_maturity
1198,KR67033B6542,payment_lag_not_identifiable_from_maturity
1199,KR67033B7540,payment_lag_not_identifiable_from_maturity
1203,KR6533381549,extra_formula_or_level_PMT_1_FRML
1205,KR65833AK545,payment_lag_not_identifiable_from_maturity
1206,KR65033C8541,unsupported_ki_window
1207,KR6543373544,nonpositive_annual_coupon
1208,KR65833AJ547,payment_lag_not_identifiable_from_maturity
1211,KR6733308540,payment_lag_not_identifiable_from_maturity
1212,KR65833BG541,payment_lag_not_identifiable_from_maturity
1213,KR65733BQ542,missing_explicit_survival_coupon
1216,KR67033BK548,payment_lag_not_identifiable_from_maturity
1217,KR65833AL543,invalid_evaluation_dates
1218,KR65833AM541,payment_lag_not_identifiable_from_maturity
1222,KR6543372546,nonpositive_annual_coupon
1224,KR6543384541,nonpositive_annual_coupon
1225,KR6543371548,nonpositive_annual_coupon
1226,KR6533382547,extra_formula_or_level_PMT_1_FRML
1228,KR67033BJ540,payment_lag_not_identifiable_from_maturity
1231,KR65033EQ541,unsupported_ki_window
1236,KR6673323541,unsupported_ki_window
1239,KR65933AJ545,missing_explicit_survival_coupon
1240,KR65933AP542,missing_explicit_survival_coupon
1244,KR65933AM549,missing_explicit_survival_coupon
1245,KR65933AL541,missing_explicit_survival_coupon
1246,KR65033D4549,unsupported_ki_window
1247,KR65933AN547,missing_explicit_survival_coupon
1251,KR65133AX543,unsupported_ki_window
1266,KR65133AV547,unsupported_ki_window
1274,KR65933AQ540,missing_explicit_survival_coupon
1277,KR65133AW545,unsupported_ki_window
1278,KR65033C9549,unsupported_ki_window
1286,KR65233DA543,missing_explicit_survival_coupon
1289,KR67033C7549,payment_lag_not_identifiable_from_maturity
1290,KR65733CY544,missing_explicit_survival_coupon
1299,KR67033C9545,payment_lag_not_identifiable_from_maturity
1300,KR65333B6543,missing_explicit_survival_coupon
1301,KR67033C8547,payment_lag_not_identifiable_from_maturity
1308,KR67013CY549,payment_lag_not_identifiable_from_maturity
1309,KR65033F9546,unsupported_ki_window
1310,KR65833BS546,payment_lag_not_identifiable_from_maturity
1311,KR65033EE547,unsupported_ki_window
1312,KR6533305555,missing_explicit_survival_coupon
1315,KR65233DW547,missing_explicit_survival_coupon
1318,KR6543392544,nonpositive_annual_coupon
1319,KR6543398541,nonpositive_annual_coupon
1320,KR6543394540,nonpositive_annual_coupon
1321,KR6543393542,nonpositive_annual_coupon
1323,KR65833BW548,missing_explicit_survival_coupon
1326,KR65833BR548,payment_lag_not_identifiable_from_maturity
1331,KR65833AQ542,payment_lag_not_identifiable_from_maturity
1332,KR67033CX549,payment_lag_not_identifiable_from_maturity
1333,KR65333BC541,missing_explicit_survival_coupon
1334,KR67033CZ544,payment_lag_not_identifiable_from_maturity
1335,KR6533311553,extra_formula_or_level_PMT_1_FRML
1339,KR6593306550,missing_explicit_survival_coupon
1340,KR6593305552,missing_explicit_survival_coupon
1341,KR6513303554,unsupported_ki_window
1345,KR6593303557,missing_explicit_survival_coupon
1346,KR6593302559,missing_explicit_survival_coupon
1352,KR6533333557,payment_lag_not_identifiable_from_maturity
1357,KR6573315555,missing_explicit_survival_coupon
1358,KR6593308556,monthly_evaluation_outside_life
1360,KR6533347557,missing_explicit_survival_coupon
1368,KR6513302556,unsupported_ki_window
1371,KR6513311557,unsupported_ki_window
1372,KR6593309554,extra_formula_or_level_PMT_EXTRA
1373,KR6513338550,payment_lag_not_identifiable_from_maturity
1374,KR6513304552,unsupported_ki_window
1377,KR6593320551,missing_explicit_survival_coupon
1378,KR6533346559,missing_explicit_survival_coupon
1379,KR6533344554,payment_lag_not_identifiable_from_maturity
1380,KR6543310553,nonpositive_annual_coupon
1381,KR6533348555,missing_explicit_survival_coupon
1382,KR6543309555,nonpositive_annual_coupon
1383,KR6533354553,missing_explicit_survival_coupon
1384,KR6513373557,missing_explicit_survival_coupon
1385,KR6543308557,nonpositive_annual_coupon
1386,KR6703330557,payment_lag_not_identifiable_from_maturity
1390,KR6573320555,missing_explicit_survival_coupon
1395,KR6543303558,nonpositive_annual_coupon
1397,KR6583307550,payment_lag_not_identifiable_from_maturity
1398,KR6583308558,payment_lag_not_identifiable_from_maturity
1400,KR6583303559,payment_lag_not_identifiable_from_maturity
1401,KR6733303558,payment_lag_not_identifiable_from_maturity
1402,KR6583306552,payment_lag_not_identifiable_from_maturity
1403,KR65133A2552,unsupported_ki_window
1404,KR6583302551,payment_lag_not_identifiable_from_maturity
1407,KR6703348559,payment_lag_not_identifiable_from_maturity
1410,KR6583311552,missing_explicit_survival_coupon
1413,KR6523345553,missing_explicit_survival_coupon
1415,KR6533323558,extra_formula_or_level_PMT_1_FRML
1417,KR6593325550,missing_explicit_survival_coupon
1421,KR6703313553,payment_lag_not_identifiable_from_maturity
1422,KR6503329551,unsupported_ki_window
1428,KR6513355554,unsupported_ki_window
1431,KR6593327556,missing_explicit_survival_coupon
1433,KR6593324553,missing_explicit_survival_coupon
1436,KR6593331558,monthly_evaluation_outside_life
1443,KR6533378552,payment_lag_not_identifiable_from_maturity
1447,KR6513356552,unsupported_ki_window
1459,KR6583344553,payment_lag_not_identifiable_from_maturity
1462,KR6533397552,payment_lag_not_identifiable_from_maturity
1466,KR6593363551,missing_explicit_survival_coupon
1467,KR6703373557,payment_lag_not_identifiable_from_maturity
1470,KR6573379551,missing_explicit_survival_coupon
1477,KR65233AE558,missing_explicit_survival_coupon
1478,KR6703377558,payment_lag_not_identifiable_from_maturity
1488,KR6593362553,monthly_evaluation_outside_life
1489,KR65233AJ557,missing_explicit_survival_coupon
1490,KR65233AG553,missing_explicit_survival_coupon
1491,KR6503312557,unsupported_ki_window
1492,KR6703379554,payment_lag_not_identifiable_from_maturity
1497,KR6593372552,missing_explicit_survival_coupon
1499,KR6503387559,unsupported_ki_window
1501,KR6593356555,missing_explicit_survival_coupon
1504,KR6543329553,nonpositive_annual_coupon
1510,KR6523383554,missing_explicit_survival_coupon
1511,KR6593376553,missing_explicit_survival_coupon
1513,KR6503313555,unsupported_ki_window
1515,KR6593358551,missing_explicit_survival_coupon
1516,KR6593357553,missing_explicit_survival_coupon
1517,KR6503399554,unsupported_ki_window
1518,KR6533377554,extra_formula_or_level_PMT_1_FRML
1519,KR6593360557,missing_explicit_survival_coupon
1520,KR65333AZ551,missing_explicit_survival_coupon
1521,KR6583329554,payment_lag_not_identifiable_from_maturity
1522,KR6583340551,missing_explicit_survival_coupon
1523,KR6583335551,payment_lag_not_identifiable_from_maturity
1524,KR6583336559,payment_lag_not_identifiable_from_maturity
1527,KR6543321550,nonpositive_annual_coupon
1532,KR6583334554,payment_lag_not_identifiable_from_maturity
1533,KR6543334553,nonpositive_annual_coupon
1535,KR6543320552,nonpositive_annual_coupon
1538,KR65333AW558,missing_explicit_survival_coupon
1539,KR6583328556,payment_lag_not_identifiable_from_maturity
1543,KR65733A1558,missing_explicit_survival_coupon
1546,KR6583337557,payment_lag_not_identifiable_from_maturity
1552,KR6513384554,unsupported_ki_window
1553,KR6549342550,nonpositive_annual_coupon
1554,KR6543351557,nonpositive_annual_coupon
1555,KR6543352555,nonpositive_annual_coupon
1556,KR6543353553,nonpositive_annual_coupon
1557,KR6583333556,payment_lag_not_identifiable_from_maturity
1562,KR65933AP559,missing_explicit_survival_coupon
1565,KR65033A5556,unsupported_ki_window
1569,KR6583375557,payment_lag_not_identifiable_from_maturity
1570,KR67033AG555,payment_lag_not_identifiable_from_maturity
1573,KR67033AQ554,missing_explicit_survival_coupon
1574,KR67033AH553,payment_lag_not_identifiable_from_maturity
1575,KR67033AJ559,payment_lag_not_identifiable_from_maturity
1581,KR67033AR552,payment_lag_not_identifiable_from_maturity
1584,KR6583383551,payment_lag_not_identifiable_from_maturity
1586,KR6543356556,nonpositive_annual_coupon
1587,KR6543339552,nonpositive_annual_coupon
1588,KR6543338554,nonpositive_annual_coupon
1589,KR6543340550,nonpositive_annual_coupon
1590,KR6583384559,payment_lag_not_identifiable_from_maturity
1599,KR6583332558,payment_lag_not_identifiable_from_maturity
1600,KR65233B9555,missing_explicit_survival_coupon
1603,KR65033CH551,unsupported_ki_window
1607,KR67033AC554,payment_lag_not_identifiable_from_maturity
1608,KR65333C6559,missing_explicit_survival_coupon
1609,KR65133CH559,unsupported_ki_window
1613,KR6673325553,unsupported_ki_window
1622,KR65833AD557,payment_lag_not_identifiable_from_maturity
1623,KR65133CG551,unsupported_ki_window
1628,KR65333C4554,payment_lag_not_identifiable_from_maturity
1630,KR67033BD550,payment_lag_not_identifiable_from_maturity
1631,KR65933AE553,missing_explicit_survival_coupon
1638,KR65233BQ550,missing_explicit_survival_coupon
1647,KR65833BH556,payment_lag_not_identifiable_from_maturity
1651,KR6543360558,nonpositive_annual_coupon
1653,KR65333CQ556,missing_explicit_survival_coupon
1654,KR67033C4553,payment_lag_not_identifiable_from_maturity
1657,KR65733CC557,missing_explicit_survival_coupon
1658,KR6733309555,payment_lag_not_identifiable_from_maturity
1661,KR65733CE553,missing_explicit_survival_coupon
1662,KR65833AG550,payment_lag_not_identifiable_from_maturity
1667,KR65333CN553,extra_formula_or_level_PMT_1_FRML
1668,KR65133DP550,unsupported_ki_window
1670,KR65133DQ558,unsupported_ki_window
1671,KR6543368551,nonpositive_annual_coupon
1676,KR6533310563,extra_formula_or_level_PMT_1_FRML
1682,KR6703317562,payment_lag_not_identifiable_from_maturity
1684,KR6583303567,payment_lag_not_identifiable_from_maturity
1685,KR6593305560,missing_explicit_survival_coupon
1686,KR6593304563,missing_explicit_survival_coupon
1687,KR6593303565,missing_explicit_survival_coupon
1689,KR6703316564,payment_lag_not_identifiable_from_maturity
1690,KR6703318560,missing_explicit_survival_coupon
1691,KR6573306562,missing_explicit_survival_coupon
1693,KR6593307566,missing_explicit_survival_coupon
1695,KR6583304565,payment_lag_not_identifiable_from_maturity
1696,KR6583302569,payment_lag_not_identifiable_from_maturity
1697,KR6583305562,payment_lag_not_identifiable_from_maturity
1700,KR6583306560,payment_lag_not_identifiable_from_maturity
1702,KR6703315566,payment_lag_not_identifiable_from_maturity
1704,KR6523310565,missing_explicit_survival_coupon
1707,KR6703340564,payment_lag_not_identifiable_from_maturity
1708,KR6533341568,payment_lag_not_identifiable_from_maturity
1723,KR6573325562,missing_explicit_survival_coupon
1732,KR6533354561,missing_explicit_survival_coupon
1736,KR6703351561,missing_explicit_survival_coupon
1738,KR6533324564,missing_explicit_survival_coupon
1740,KR6591338563,missing_explicit_survival_coupon
1741,KR6533326569,extra_formula_or_level_PMT_1_FRML
1745,KR6703355562,payment_lag_not_identifiable_from_maturity
1746,KR6543312567,nonpositive_annual_coupon
1747,KR6533374569,payment_lag_not_identifiable_from_maturity
1748,KR6543304564,nonpositive_annual_coupon
1749,KR6593336565,monthly_evaluation_outside_life
1750,KR6533370567,extra_formula_or_level_PMT_1_FRML
1754,KR6543311569,nonpositive_annual_coupon
1756,KR6583308566,payment_lag_not_identifiable_from_maturity
1759,KR6533379568,missing_explicit_survival_coupon
1760,KR6583312568,missing_explicit_survival_coupon
1764,KR6703375560,payment_lag_not_identifiable_from_maturity
1765,KR6593318563,missing_explicit_survival_coupon
1768,KR6583315561,payment_lag_not_identifiable_from_maturity
1769,KR6513317562,unsupported_ki_window
1770,KR6583336567,payment_lag_not_identifiable_from_maturity
1774,KR6653301566,monthly_evaluation_outside_life
1775,KR6543315560,nonpositive_annual_coupon
1776,KR6533376564,payment_lag_not_identifiable_from_maturity
1778,KR6533377562,payment_lag_not_identifiable_from_maturity
1782,KR6593309562,missing_explicit_survival_coupon
1784,KR6593317565,missing_explicit_survival_coupon
1785,KR6593311568,missing_explicit_survival_coupon
1786,KR6593313564,missing_explicit_survival_coupon
1787,KR6593316567,missing_explicit_survival_coupon
1789,KR6593310560,missing_explicit_survival_coupon
1791,KR6513319568,unsupported_ki_window
1792,KR6533378560,payment_lag_not_identifiable_from_maturity
1793,KR6513318560,unsupported_ki_window
1794,KR6533392561,payment_lag_not_identifiable_from_maturity
1795,KR6703384562,payment_lag_not_identifiable_from_maturity
1796,KR6773308566,missing_explicit_survival_coupon
1798,KR6523361568,missing_explicit_survival_coupon
1801,KR6573363563,missing_explicit_survival_coupon
1803,KR6543327565,nonpositive_annual_coupon
1805,KR6703387565,payment_lag_not_identifiable_from_maturity
1808,KR6703386567,payment_lag_not_identifiable_from_maturity
1811,KR6503358568,unsupported_ki_window
1813,KR6533394567,missing_explicit_survival_coupon
1815,KR6703396566,payment_lag_not_identifiable_from_maturity
1822,KR6703395568,payment_lag_not_identifiable_from_maturity
1825,KR6583337565,payment_lag_not_identifiable_from_maturity
1826,KR6533368561,extra_formula_or_level_PMT_1_FRML
1830,KR6593364567,missing_explicit_survival_coupon
1831,KR67033A5560,payment_lag_not_identifiable_from_maturity
1834,KR67033A8564,payment_lag_not_identifiable_from_maturity
1836,KR6583343563,payment_lag_not_identifiable_from_maturity
1837,KR6583347564,missing_explicit_survival_coupon
1838,KR6583344561,payment_lag_not_identifiable_from_maturity
1841,KR6533360568,missing_explicit_survival_coupon
1843,KR6533367563,missing_explicit_survival_coupon
1844,KR6543328563,nonpositive_annual_coupon
1845,KR67033A4563,payment_lag_not_identifiable_from_maturity
1847,KR6543324562,nonpositive_annual_coupon
1850,KR6543326567,nonpositive_annual_coupon
1851,KR65333AR566,missing_explicit_survival_coupon
1852,KR65333AN565,payment_lag_not_identifiable_from_maturity
1853,20160609000327_5736,nonpositive_annual_coupon
1861,KR6583341567,payment_lag_not_identifiable_from_maturity
1862,KR6593351564,missing_explicit_survival_coupon
1863,KR6593346564,missing_explicit_survival_coupon
1866,KR6593343561,missing_explicit_survival_coupon
1867,KR6593344569,missing_explicit_survival_coupon
1868,KR6593345566,missing_explicit_survival_coupon
1874,KR6583342565,payment_lag_not_identifiable_from_maturity
1879,KR6513366569,extra_formula_or_level_PMT_1_FRML
1885,KR6503362560,unsupported_ki_window
1887,KR6593365564,missing_explicit_survival_coupon
1890,KR6513365561,extra_formula_or_level_PMT_1_FRML
1894,KR67033BA564,payment_lag_not_identifiable_from_maturity
1897,KR6543337564,nonpositive_annual_coupon
1898,KR6503364566,unsupported_ki_window
1901,KR65233AK563,missing_explicit_survival_coupon
1902,KR6591393568,missing_explicit_survival_coupon
1904,KR6503363568,unsupported_ki_window
1905,KR65333AY562,payment_lag_not_identifiable_from_maturity
1908,KR6593394564,missing_explicit_survival_coupon
1911,KR65333BD564,missing_explicit_survival_coupon
1912,KR65733AK562,missing_explicit_survival_coupon
1916,KR6543350567,nonpositive_annual_coupon
1917,KR67033BF563,payment_lag_not_identifiable_from_maturity
1922,KR65333BE562,missing_explicit_survival_coupon
1924,KR67033BG561,payment_lag_not_identifiable_from_maturity
1927,KR6543355566,nonpositive_annual_coupon
1930,KR65933A7561,missing_explicit_survival_coupon
1932,KR65333BL567,extra_formula_or_level_PMT_1_FRML
1933,KR65333BR564,missing_explicit_survival_coupon
1936,KR6543359568,nonpositive_annual_coupon
1937,KR6543357562,nonpositive_annual_coupon
1938,KR6583377561,missing_explicit_survival_coupon
1940,KR6583378569,payment_lag_not_identifiable_from_maturity
1941,KR65933A1564,missing_explicit_survival_coupon
1942,KR6583372562,payment_lag_not_identifiable_from_maturity
1945,KR65333A5561,extra_formula_or_level_PMT_1_FRML
1946,KR65333A4564,missing_explicit_survival_coupon
1947,KR65333BK569,payment_lag_not_identifiable_from_maturity
1948,KR6543349569,nonpositive_annual_coupon
1951,KR67033BM569,payment_lag_not_identifiable_from_maturity
1956,KR67033BQ560,payment_lag_not_identifiable_from_maturity
1957,KR67033BP562,payment_lag_not_identifiable_from_maturity
1960,KR6583373560,payment_lag_not_identifiable_from_maturity
1961,KR65333BQ566,payment_lag_not_identifiable_from_maturity
1966,KR65133A8567,payment_lag_not_identifiable_from_maturity
1967,KR65133AA566,payment_lag_not_identifiable_from_maturity
1968,KR6593375563,missing_explicit_survival_coupon
1971,KR6593376561,missing_explicit_survival_coupon
1972,KR6593377569,missing_explicit_survival_coupon
1973,KR6593379565,missing_explicit_survival_coupon
1985,KR65133AB564,payment_lag_not_identifiable_from_maturity
1987,KR6593384565,missing_explicit_survival_coupon
1994,KR6543361564,nonpositive_annual_coupon
1996,KR6593385562,missing_explicit_survival_coupon
2000,KR65933A6563,missing_explicit_survival_coupon
2002,KR65033EQ566,unsupported_ki_window
2009,KR6543368569,nonpositive_annual_coupon
2011,KR65933B0565,missing_explicit_survival_coupon
2014,KR65033ER564,unsupported_ki_window
2017,KR65333C7565,missing_explicit_survival_coupon
2019,KR65133CY562,missing_explicit_survival_coupon
2027,KR6543376562,nonpositive_annual_coupon
2031,KR65233D4562,missing_explicit_survival_coupon
2035,KR65333CA568,missing_explicit_survival_coupon
2038,KR65933BG564,missing_explicit_survival_coupon
2039,KR6543375564,nonpositive_annual_coupon
2044,KR67033CG569,payment_lag_not_identifiable_from_maturity
2045,KR67033CJ563,payment_lag_not_identifiable_from_maturity
2046,KR6543379566,nonpositive_annual_coupon
2047,KR65333CB566,missing_explicit_survival_coupon
2048,KR65333BC566,extra_formula_or_level_PMT_1_FRML
2052,KR65233EH561,missing_explicit_survival_coupon
2053,KR65333CC564,extra_formula_or_level_PMT_1_FRML
2055,KR65333BB568,missing_explicit_survival_coupon
2056,KR65833A2563,extra_formula_or_level_STRK_2
2057,KR65733CW563,missing_explicit_survival_coupon
2058,KR65333CM563,payment_lag_not_identifiable_from_maturity
2059,KR65333B7566,missing_explicit_survival_coupon
2061,KR65833A1565,payment_lag_not_identifiable_from_maturity
2062,KR65933BH562,missing_explicit_survival_coupon
2063,KR6543377560,nonpositive_annual_coupon
2064,KR65333CS560,missing_explicit_survival_coupon
2065,KR65933BJ568,missing_explicit_survival_coupon
2068,KR65933AF568,missing_explicit_survival_coupon
2073,KR65333CP566,payment_lag_not_identifiable_from_maturity
2074,KR65333CN561,payment_lag_not_identifiable_from_maturity
2075,20150623000232_1601,monthly_evaluation_outside_life
2077,KR65133C1560,extra_formula_or_level_PMT_1_FRML
2081,KR65733DK566,missing_explicit_survival_coupon
2082,KR6663321562,unsupported_ki_window
2089,KR65933AG566,missing_explicit_survival_coupon
2090,KR65933AE561,missing_explicit_survival_coupon
2092,KR65933AH564,missing_explicit_survival_coupon
2093,KR6543380564,nonpositive_annual_coupon
2096,KR65333CQ564,payment_lag_not_identifiable_from_maturity
2098,KR6543382560,nonpositive_annual_coupon
2102,KR65933AC565,missing_explicit_survival_coupon
2112,KR65233E1567,missing_explicit_survival_coupon
2115,KR65333DE568,missing_explicit_survival_coupon
2117,KR65733E9565,missing_explicit_survival_coupon
2121,KR65133DF569,missing_explicit_survival_coupon
2123,KR6583310570,payment_lag_not_identifiable_from_maturity
2127,KR6533331577,missing_explicit_survival_coupon
2128,KR6583301579,payment_lag_not_identifiable_from_maturity
2130,KR6593321575,monthly_evaluation_outside_life
2132,KR6503341572,unsupported_ki_window
2133,KR6703318578,payment_lag_not_identifiable_from_maturity
2134,KR6703317570,payment_lag_not_identifiable_from_maturity
2137,KR6533312577,missing_explicit_survival_coupon
2140,KR6533318574,extra_formula_or_level_PMT_1_FRML
2143,KR6593302575,missing_explicit_survival_coupon
2144,KR6593301577,missing_explicit_survival_coupon
2148,KR6593304571,missing_explicit_survival_coupon
2149,KR6593305578,missing_explicit_survival_coupon
2151,KR6533309573,extra_formula_or_level_PMT_1_FRML
2152,KR6593306576,missing_explicit_survival_coupon
2153,KR6593307574,missing_explicit_survival_coupon
2155,KR6593309570,missing_explicit_survival_coupon
2156,KR6593303573,missing_explicit_survival_coupon
2158,KR6533332575,payment_lag_not_identifiable_from_maturity
2162,KR6583303575,payment_lag_not_identifiable_from_maturity
2166,KR6583308574,payment_lag_not_identifiable_from_maturity
2169,KR6583311578,payment_lag_not_identifiable_from_maturity
2170,KR6733305579,payment_lag_not_identifiable_from_maturity
2172,KR6513305575,payment_lag_not_identifiable_from_maturity
2174,KR6503376578,unsupported_ki_window
2175,KR6533346575,missing_explicit_survival_coupon
2177,KR6793303571,missing_explicit_survival_coupon
2178,KR6533344570,payment_lag_not_identifiable_from_maturity
2179,KR6543303574,nonpositive_annual_coupon
2180,KR6583312576,payment_lag_not_identifiable_from_maturity
2181,KR6533343572,payment_lag_not_identifiable_from_maturity
2182,KR6593312574,missing_explicit_survival_coupon
2183,KR6513327579,missing_schedule_values
2185,20150629000506_3398,unsupported_ki_window
2186,KR6533345577,payment_lag_not_identifiable_from_maturity
2188,KR6533342574,payment_lag_not_identifiable_from_maturity
2189,KR6593311576,missing_explicit_survival_coupon
2190,KR6573325570,missing_explicit_survival_coupon
2194,KR6513306573,payment_lag_not_identifiable_from_maturity
2203,KR6523334573,missing_explicit_survival_coupon
2207,KR6543311577,nonpositive_annual_coupon
2213,KR6543315578,nonpositive_annual_coupon
2216,KR6533361574,missing_explicit_survival_coupon
2219,KR6573340579,missing_explicit_survival_coupon
2223,KR6593355573,missing_explicit_survival_coupon
2226,KR6543317574,nonpositive_annual_coupon
2229,KR6583324571,missing_explicit_survival_coupon
2230,KR6583325578,payment_lag_not_identifiable_from_maturity
2231,KR6503384572,unsupported_ki_window
2234,KR6543319570,nonpositive_annual_coupon
2236,KR6593368576,missing_explicit_survival_coupon
2245,KR6703357576,payment_lag_not_identifiable_from_maturity
2246,KR6583320579,payment_lag_not_identifiable_from_maturity
2247,KR6593365572,monthly_evaluation_outside_life
2248,KR6533330579,missing_explicit_survival_coupon
2250,KR6533321578,extra_formula_or_level_PMT_1_FRML
2252,KR6583322575,payment_lag_not_identifiable_from_maturity
2254,KR6583321577,payment_lag_not_identifiable_from_maturity
2258,KR6533370575,payment_lag_not_identifiable_from_maturity
2270,KR6593350574,missing_explicit_survival_coupon
2273,KR6593345574,missing_explicit_survival_coupon
2287,KR6583327574,payment_lag_not_identifiable_from_maturity
2289,KR6583328572,payment_lag_not_identifiable_from_maturity
2290,KR6513342578,extra_formula_or_level_PMT_1_FRML
2291,KR6513343576,extra_formula_or_level_PMT_1_FRML
2294,KR6593343579,missing_explicit_survival_coupon
2297,KR6593349576,missing_explicit_survival_coupon
2298,KR6593346572,missing_explicit_survival_coupon
2300,KR6593342571,missing_explicit_survival_coupon
2306,KR6503392575,unsupported_ki_window
2307,KR6543334579,nonpositive_annual_coupon
2308,KR6593398573,missing_explicit_survival_coupon
2309,KR6503391577,unsupported_ki_window
2310,KR6503393573,unsupported_ki_window
2311,KR6533381572,payment_lag_not_identifiable_from_maturity
2313,KR6703388571,payment_lag_not_identifiable_from_maturity
2317,KR6533387579,missing_explicit_survival_coupon
2327,KR6543333571,nonpositive_annual_coupon
2335,KR65933A9575,missing_explicit_survival_coupon
2341,KR67033A0579,payment_lag_not_identifiable_from_maturity
2342,KR6703399578,payment_lag_not_identifiable_from_maturity
2343,KR65233AK571,missing_explicit_survival_coupon
2344,KR6533360576,extra_formula_or_level_PMT_1_FRML
2348,KR65933AF576,missing_explicit_survival_coupon
2349,KR6533359578,extra_formula_or_level_PMT_1_FRML
2350,KR6533358570,missing_explicit_survival_coupon
2353,KR6583352572,payment_lag_not_identifiable_from_maturity
2354,KR6583349578,payment_lag_not_identifiable_from_maturity
2355,KR6543339578,nonpositive_annual_coupon
2356,KR6583351574,payment_lag_not_identifiable_from_maturity
2357,KR6543326575,nonpositive_annual_coupon
2358,KR6583355575,missing_explicit_survival_coupon
2359,KR65933AA577,missing_explicit_survival_coupon
2360,KR65933AJ578,monthly_evaluation_outside_life
2363,KR65333AC576,payment_lag_not_identifiable_from_maturity
2364,KR65333AF579,payment_lag_not_identifiable_from_maturity
2366,KR6593390570,missing_explicit_survival_coupon
2369,KR6593391578,missing_explicit_survival_coupon
2370,KR6513387573,unsupported_ki_window
2371,KR6513386575,unsupported_ki_window
2372,KR6513385577,unsupported_ki_window
2373,KR6513388571,missing_schedule_values
2374,KR65333AD574,payment_lag_not_identifiable_from_maturity
2375,KR65733B4577,missing_explicit_survival_coupon
2380,KR6593393574,missing_explicit_survival_coupon
2384,KR6593396577,missing_explicit_survival_coupon
2385,KR6593387576,missing_explicit_survival_coupon
2389,KR6593392576,missing_explicit_survival_coupon
2390,KR6543343570,nonpositive_annual_coupon
2401,KR65333AE572,payment_lag_not_identifiable_from_maturity
2405,KR65333B8572,missing_explicit_survival_coupon
2407,KR65333B7574,extra_formula_or_level_PMT_1_FRML
2408,20150713000048_12294,unsupported_PRCP_GRTE_RT
2409,KR65933B3577,missing_explicit_survival_coupon
2412,KR65233B9571,missing_explicit_survival_coupon
2416,KR65733BG576,missing_explicit_survival_coupon
2419,KR67033AH579,missing_explicit_survival_coupon
2421,KR65933BK574,missing_explicit_survival_coupon
2424,KR6543353579,nonpositive_annual_coupon
2427,KR65333BB576,missing_explicit_survival_coupon
2436,KR6543354577,nonpositive_annual_coupon
2437,KR65933BP573,missing_explicit_survival_coupon
2438,KR65233BW574,missing_explicit_survival_coupon
2444,KR65333A5579,missing_explicit_survival_coupon
2445,KR65333BJ579,payment_lag_not_identifiable_from_maturity
2446,KR6583372570,payment_lag_not_identifiable_from_maturity
2447,KR6543358578,nonpositive_annual_coupon
2450,KR6583373578,payment_lag_not_identifiable_from_maturity
2452,KR6583374576,payment_lag_not_identifiable_from_maturity
2454,KR65333A3574,extra_formula_or_level_PMT_1_FRML
2455,KR65733C9575,missing_explicit_survival_coupon
2456,KR65333BL575,payment_lag_not_identifiable_from_maturity
2457,KR65333A2576,extra_formula_or_level_PMT_1_FRML
2458,KR67033AL571,payment_lag_not_identifiable_from_maturity
2459,KR6583379575,payment_lag_not_identifiable_from_maturity
2462,KR65333BQ574,missing_explicit_survival_coupon
2463,KR65933AN570,missing_explicit_survival_coupon
2464,KR6583383577,payment_lag_not_identifiable_from_maturity
2468,KR6583384575,payment_lag_not_identifiable_from_maturity
2473,KR65933AP575,missing_explicit_survival_coupon
2474,KR65133AX576,unsupported_ki_window
2477,KR65933AT577,missing_explicit_survival_coupon
2478,KR6583380573,payment_lag_not_identifiable_from_maturity
2483,KR65933AX579,missing_explicit_survival_coupon
2485,KR65933AR571,missing_explicit_survival_coupon
2488,KR65933AS579,missing_explicit_survival_coupon
2492,KR65333BN571,payment_lag_not_identifiable_from_maturity
2493,KR65333C7573,extra_formula_or_level_PMT_1_FRML
2494,KR65333BP576,payment_lag_not_identifiable_from_maturity
2495,KR65333BM573,payment_lag_not_identifiable_from_maturity
2498,KR65133AZ571,missing_schedule_values
2499,KR65133AY574,unsupported_ki_window
2500,KR65133B0571,unsupported_ki_window
2509,KR65333CG573,missing_explicit_survival_coupon
2512,KR65233D2574,missing_explicit_survival_coupon
2514,KR65333CL573,missing_explicit_survival_coupon
2515,KR65333CM571,missing_explicit_survival_coupon
2516,20160715000104_5799,nonpositive_annual_coupon
2522,KR65333CN579,missing_explicit_survival_coupon
2524,KR6543368577,nonpositive_annual_coupon
2525,KR65733D8576,missing_explicit_survival_coupon
2526,KR65333CF575,payment_lag_not_identifiable_from_maturity
2531,KR65333CP574,missing_explicit_survival_coupon
2534,KR65233DC572,missing_explicit_survival_coupon
2537,20150729000029_12383,missing_explicit_survival_coupon
2539,KR65133CP578,missing_schedule_values
2540,KR65133CN573,unsupported_ki_window
2541,KR65133CM575,unsupported_ki_window
2542,KR65133CL577,unsupported_ki_window
2543,KR65133CQ576,missing_schedule_values
2545,KR65833AR573,payment_lag_not_identifiable_from_maturity
2549,KR65833AT579,payment_lag_not_identifiable_from_maturity
2556,KR65333CZ573,payment_lag_not_identifiable_from_maturity
2560,KR65333CW570,extra_formula_or_level_PMT_1_FRML
2561,KR65333CX578,missing_explicit_survival_coupon
2562,KR65333D0577,missing_explicit_survival_coupon
2568,KR6543377578,nonpositive_annual_coupon
2569,KR65833AQ575,payment_lag_not_identifiable_from_maturity
2570,KR6533310589,missing_explicit_survival_coupon
2571,KR6533308583,extra_formula_or_level_PMT_1_FRML
2572,KR6533307585,extra_formula_or_level_PMT_1_FRML
2574,KR67033BF571,payment_lag_not_identifiable_from_maturity
2575,KR6593303581,missing_explicit_survival_coupon
2578,KR6533328581,payment_lag_not_identifiable_from_maturity
2579,KR6703316580,missing_explicit_survival_coupon
2580,KR6703315582,payment_lag_not_identifiable_from_maturity
2582,KR6533327583,payment_lag_not_identifiable_from_maturity
2584,KR6703314585,payment_lag_not_identifiable_from_maturity
2585,KR6593309588,missing_explicit_survival_coupon
2587,KR6593305586,missing_explicit_survival_coupon
2592,KR6583303583,payment_lag_not_identifiable_from_maturity
2596,KR6593310586,missing_explicit_survival_coupon
2598,KR6583302585,payment_lag_not_identifiable_from_maturity
2602,KR6583301587,payment_lag_not_identifiable_from_maturity
2603,KR6703317588,missing_explicit_survival_coupon
2605,KR6593316583,missing_explicit_survival_coupon
2606,KR6593315585,missing_explicit_survival_coupon
2609,KR6533351583,missing_explicit_survival_coupon
2610,KR6593332580,missing_explicit_survival_coupon
2614,KR6523318584,missing_explicit_survival_coupon
2627,KR6543311585,nonpositive_annual_coupon
2629,KR6703326589,payment_lag_not_identifiable_from_maturity
2637,KR6523328583,missing_explicit_survival_coupon
2643,KR6573334580,missing_explicit_survival_coupon
2649,KR6583307584,payment_lag_not_identifiable_from_maturity
2650,KR6593335583,missing_explicit_survival_coupon
2651,KR6593336581,missing_explicit_survival_coupon
2653,KR6533322584,extra_formula_or_level_PMT_1_FRML
2654,KR6533324580,missing_explicit_survival_coupon
2655,KR6583310588,payment_lag_not_identifiable_from_maturity
2656,KR6583309580,payment_lag_not_identifiable_from_maturity
2657,KR6533321586,extra_formula_or_level_PMT_1_FRML
2658,KR6703338584,payment_lag_not_identifiable_from_maturity
2659,KR6703339582,missing_explicit_survival_coupon
2660,KR6583311586,payment_lag_not_identifiable_from_maturity
2661,KR6583312584,payment_lag_not_identifiable_from_maturity
2666,KR6543320586,nonpositive_annual_coupon
2667,KR6543316584,nonpositive_annual_coupon
2670,KR6543314589,nonpositive_annual_coupon
2672,KR6583308582,payment_lag_not_identifiable_from_maturity
2673,KR6543313581,nonpositive_annual_coupon
2674,KR6583304581,payment_lag_not_identifiable_from_maturity
2678,KR6643301585,missing_explicit_survival_coupon
2679,KR6513309585,unsupported_ki_window
2681,KR6513304586,unsupported_ki_window
2682,KR6513305583,unsupported_ki_window
2684,KR6513308587,unsupported_ki_window
2687,KR6703345589,payment_lag_not_identifiable_from_maturity
2689,KR6533386589,missing_explicit_survival_coupon
2690,KR6513307589,unsupported_ki_window
2693,KR6513306581,unsupported_ki_window
2698,KR6793303589,missing_explicit_survival_coupon
2713,KR6593328588,missing_explicit_survival_coupon
2714,KR6593326582,missing_explicit_survival_coupon
2715,KR6523359588,missing_explicit_survival_coupon
2717,KR6593324587,missing_explicit_survival_coupon
2726,KR6703350589,payment_lag_not_identifiable_from_maturity
2728,KR6593366588,missing_explicit_survival_coupon
2733,KR6573373588,missing_explicit_survival_coupon
2739,KR6593375589,missing_explicit_survival_coupon
2742,KR6593358585,missing_explicit_survival_coupon
2743,KR6513373581,missing_explicit_survival_coupon
2745,KR6593355581,missing_explicit_survival_coupon
2747,KR6593360581,missing_explicit_survival_coupon
2752,KR6593376587,missing_explicit_survival_coupon
2754,KR6703358582,payment_lag_not_identifiable_from_maturity
2756,KR6593359583,missing_explicit_survival_coupon
2757,KR6593354584,missing_explicit_survival_coupon
2761,KR6583347580,payment_lag_not_identifiable_from_maturity
2762,KR6583343589,payment_lag_not_identifiable_from_maturity
2768,KR6583359585,payment_lag_not_identifiable_from_maturity
2769,KR6513348583,unsupported_ki_window
2771,KR6513346587,unsupported_ki_window
2774,KR6583350584,payment_lag_not_identifiable_from_maturity
2775,KR6583349586,payment_lag_not_identifiable_from_maturity
2779,KR6513349581,unsupported_ki_window
2780,KR6583360583,payment_lag_not_identifiable_from_maturity
2782,KR6583351582,payment_lag_not_identifiable_from_maturity
2783,KR6543322582,nonpositive_annual_coupon
2784,KR6533365583,missing_explicit_survival_coupon
2786,KR65333A0588,payment_lag_not_identifiable_from_maturity
2787,KR6653324584,monthly_evaluation_outside_life
2789,KR6583361581,payment_lag_not_identifiable_from_maturity
2791,KR6533363588,extra_formula_or_level_PMT_1_FRML
2792,KR6533362580,extra_formula_or_level_PMT_1_FRML
2793,KR6583344587,payment_lag_not_identifiable_from_maturity
2794,KR6513347585,unsupported_ki_window
2797,KR6513352585,unsupported_ki_window
2798,KR6513350589,missing_schedule_values
2799,KR6513351587,missing_schedule_values
2800,KR6583340585,payment_lag_not_identifiable_from_maturity
2802,KR65333A1586,extra_formula_or_level_PMT_1_FRML
2803,KR6583339587,payment_lag_not_identifiable_from_maturity
2804,KR6533399582,payment_lag_not_identifiable_from_maturity
2805,KR6543324588,nonpositive_annual_coupon
2809,KR6583346582,payment_lag_not_identifiable_from_maturity
2810,20150810000320_1624,unsupported_ki_window
2811,KR6533398584,extra_formula_or_level_PMT_1_FRML
2813,KR6583345584,payment_lag_not_identifiable_from_maturity
2814,KR6543323580,nonpositive_annual_coupon
2816,KR6543340584,nonpositive_annual_coupon
2828,KR65833A4585,payment_lag_not_identifiable_from_maturity
2829,KR65833A5582,payment_lag_not_identifiable_from_maturity
2832,KR6593386586,monthly_evaluation_outside_life
2835,KR6703395584,payment_lag_not_identifiable_from_maturity
2842,KR6543341582,nonpositive_annual_coupon
2843,KR65933A9583,missing_explicit_survival_coupon
2846,KR6703398588,payment_lag_not_identifiable_from_maturity
2847,KR6543339586,nonpositive_annual_coupon
2848,KR65933A8585,missing_explicit_survival_coupon
2850,KR6703396582,payment_lag_not_identifiable_from_maturity
2851,KR65933AD589,missing_explicit_survival_coupon
2852,KR67033AA582,payment_lag_not_identifiable_from_maturity
2858,KR65333BJ587,missing_explicit_survival_coupon
2860,KR65833A2589,payment_lag_not_identifiable_from_maturity
2862,KR65833A3587,payment_lag_not_identifiable_from_maturity
2873,KR67033A9588,payment_lag_not_identifiable_from_maturity
2880,KR65333BN589,extra_formula_or_level_PMT_1_FRML
2884,KR65133A3584,unsupported_ki_window
2885,KR65133A1588,unsupported_ki_window
2886,KR6513399586,unsupported_ki_window
2887,KR65133A0580,unsupported_ki_window
2888,KR65133A2586,missing_schedule_values
2889,KR6513398588,unsupported_ki_window
2890,KR65933B3585,missing_explicit_survival_coupon
2891,KR65933B2587,missing_explicit_survival_coupon
2893,KR65933AM580,missing_explicit_survival_coupon
2896,KR65933AF584,missing_explicit_survival_coupon
2900,KR65933AH580,missing_explicit_survival_coupon
2902,KR67033AG589,payment_lag_not_identifiable_from_maturity
2903,KR65933AL582,missing_explicit_survival_coupon
2905,KR65733BN580,missing_explicit_survival_coupon
2914,KR65333BP584,missing_explicit_survival_coupon
2916,KR67033AH587,missing_explicit_survival_coupon
2921,KR65233C2583,missing_explicit_survival_coupon
2923,KR6503383582,unsupported_ki_window
2924,KR67033AQ588,payment_lag_not_identifiable_from_maturity
2926,KR65833BB583,payment_lag_not_identifiable_from_maturity
2927,KR65833B9583,payment_lag_not_identifiable_from_maturity
2928,KR65833B7587,payment_lag_not_identifiable_from_maturity
2929,KR65833BC581,missing_explicit_survival_coupon
2930,20150825000177_5321,nonpositive_annual_coupon
2934,KR65733C8585,missing_explicit_survival_coupon
2942,KR67033AP580,payment_lag_not_identifiable_from_maturity
2944,20150825000229_5322,nonpositive_annual_coupon
2945,KR65333BT586,payment_lag_not_identifiable_from_maturity
2949,KR6503385587,unsupported_ki_window
2950,KR65333AN581,extra_formula_or_level_PMT_1_FRML
2952,KR65333AQ584,missing_explicit_survival_coupon
2954,KR65933BT583,monthly_evaluation_outside_life
2955,KR6503384580,unsupported_ki_window
2956,KR65933BD587,monthly_evaluation_outside_life
2960,KR65933C0580,missing_explicit_survival_coupon
2964,KR65933B9582,missing_explicit_survival_coupon
2971,KR65833BN588,payment_lag_not_identifiable_from_maturity
2972,KR65133AG589,unsupported_ki_window
2976,KR65833BQ581,payment_lag_not_identifiable_from_maturity
2977,KR65833BM580,payment_lag_not_identifiable_from_maturity
2979,KR65133AJ583,missing_schedule_values
2982,KR65133AK581,unsupported_ki_window
2983,KR65133AF581,unsupported_ki_window
2985,KR65133AH587,unsupported_ki_window
2986,KR65933BC589,missing_explicit_survival_coupon
3001,KR6703314593,payment_lag_not_identifiable_from_maturity
3002,KR6523312595,missing_explicit_survival_coupon
3003,KR6593316591,missing_explicit_survival_coupon
3005,KR6703306599,payment_lag_not_identifiable_from_maturity
3006,KR6513302598,unsupported_ki_window
3028,KR6703315590,payment_lag_not_identifiable_from_maturity
3029,KR6583306594,payment_lag_not_identifiable_from_maturity
3030,KR6733302592,payment_lag_not_identifiable_from_maturity
3034,KR6533313591,missing_explicit_survival_coupon
3035,KR6583310596,payment_lag_not_identifiable_from_maturity
3036,KR6543304598,nonpositive_annual_coupon
3037,KR6543305595,nonpositive_annual_coupon
3039,KR6573339597,missing_explicit_survival_coupon
3042,KR6583308590,payment_lag_not_identifiable_from_maturity
3043,KR6583307592,payment_lag_not_identifiable_from_maturity
3044,KR6533307593,missing_explicit_survival_coupon
3045,KR6533311595,extra_formula_or_level_PMT_1_FRML
3047,KR6533310597,extra_formula_or_level_PMT_1_FRML
3050,KR6553314594,missing_explicit_survival_coupon
3052,KR6703337594,payment_lag_not_identifiable_from_maturity
3058,KR6543309597,nonpositive_annual_coupon
3061,KR6513317596,unsupported_ki_window
3065,KR6583305596,payment_lag_not_identifiable_from_maturity
3068,KR6513329591,missing_schedule_values
3071,KR6513308595,unsupported_ki_window
3073,KR6513316598,unsupported_ki_window
3085,KR6513307597,unsupported_ki_window
3086,KR6653302598,monthly_evaluation_outside_life
3088,KR6513306599,unsupported_ki_window
3089,KR6593303599,missing_explicit_survival_coupon
3090,KR6513305591,unsupported_ki_window
3092,KR6593305594,missing_explicit_survival_coupon
3093,KR6593304597,missing_explicit_survival_coupon
3094,KR6593301593,missing_explicit_survival_coupon
3097,KR6523351593,missing_explicit_survival_coupon
3099,KR6533348597,payment_lag_not_identifiable_from_maturity
3104,KR6513331597,unsupported_ki_window
3105,KR6703345597,payment_lag_not_identifiable_from_maturity
3108,KR6573384593,missing_explicit_survival_coupon
3114,KR6593375597,missing_explicit_survival_coupon
3117,KR6543318598,nonpositive_annual_coupon
3123,KR6523363598,missing_explicit_survival_coupon
3126,KR6533324598,extra_formula_or_level_PMT_1_FRML
3129,KR6533327591,extra_formula_or_level_PMT_1_FRML
3131,KR65733AD591,missing_explicit_survival_coupon
3134,KR6543319596,nonpositive_annual_coupon
3137,KR6543325593,nonpositive_annual_coupon
3138,KR6533329597,missing_explicit_survival_coupon
3140,KR6583327590,payment_lag_not_identifiable_from_maturity
3141,20150908000286_5351,nonpositive_annual_coupon
3142,KR6583328598,payment_lag_not_identifiable_from_maturity
3144,KR6583322591,payment_lag_not_identifiable_from_maturity
3146,KR6593339593,missing_explicit_survival_coupon
3154,KR6653312597,monthly_evaluation_outside_life
3155,KR6513350597,missing_schedule_values
3157,KR6513354599,unsupported_ki_window
3158,KR6513343592,unsupported_ki_window
3162,KR65733B7596,missing_explicit_survival_coupon
3163,KR6583323599,payment_lag_not_identifiable_from_maturity
3166,KR6593340591,missing_explicit_survival_coupon
3169,KR6593349592,missing_explicit_survival_coupon
3170,KR6583324597,payment_lag_not_identifiable_from_maturity
3171,KR6513353591,unsupported_ki_window
3172,KR6513342594,unsupported_ki_window
3176,KR6513344590,unsupported_ki_window
3177,KR6513341596,unsupported_ki_window
3178,KR6523395590,missing_explicit_survival_coupon
3179,KR6533380590,payment_lag_not_identifiable_from_maturity
3181,KR6513365595,unsupported_ki_window
3189,KR65733BP593,missing_explicit_survival_coupon
3200,KR6543331591,nonpositive_annual_coupon
3201,KR6533356590,missing_explicit_survival_coupon
3202,KR6533359594,extra_formula_or_level_PMT_1_FRML
3203,KR6543332599,nonpositive_annual_coupon
3206,KR6589348590,payment_lag_not_identifiable_from_maturity
3207,KR6583347598,payment_lag_not_identifiable_from_maturity
3208,KR65733C8593,missing_explicit_survival_coupon
3209,KR6543330593,nonpositive_annual_coupon
3213,KR6533361590,missing_explicit_survival_coupon
3218,KR6513370595,missing_schedule_values
3219,KR6513374597,unsupported_ki_window
3224,KR6513390593,unsupported_ki_window
3227,KR6593384599,missing_explicit_survival_coupon
3228,KR6593383591,missing_explicit_survival_coupon
3230,KR6513376592,unsupported_ki_window
3231,KR6513377590,unsupported_ki_window
3232,KR6513375594,unsupported_ki_window
3237,KR6593382593,missing_explicit_survival_coupon
3239,KR6593388590,missing_explicit_survival_coupon
3243,KR6513391591,unsupported_ki_window
3253,KR65233B4598,missing_explicit_survival_coupon
3255,KR6553394596,missing_explicit_survival_coupon
3256,KR65133A4590,unsupported_ki_window
3257,KR6593390596,missing_explicit_survival_coupon
3266,KR6593397591,missing_explicit_survival_coupon
3267,KR6593398599,missing_explicit_survival_coupon
3270,KR65133A8591,missing_schedule_values
3271,KR65133AA590,unsupported_ki_window
3272,KR65133AG597,unsupported_ki_window
3273,KR65133AB598,unsupported_ki_window
3275,KR65133AC596,unsupported_ki_window
3276,KR6533398592,missing_explicit_survival_coupon
3277,KR65333AN599,payment_lag_not_identifiable_from_maturity
3278,KR6543342598,nonpositive_annual_coupon
3279,KR6533394591,missing_explicit_survival_coupon
3288,KR6583368594,payment_lag_not_identifiable_from_maturity
3291,KR6583367596,payment_lag_not_identifiable_from_maturity
3293,KR6543340592,nonpositive_annual_coupon
3297,KR65333AT596,payment_lag_not_identifiable_from_maturity
3299,KR6583398591,payment_lag_not_identifiable_from_maturity
3302,KR65933B2595,missing_explicit_survival_coupon
3303,KR65933AX595,missing_explicit_survival_coupon
3304,KR65933B1597,missing_explicit_survival_coupon
3313,KR65333AW590,payment_lag_not_identifiable_from_maturity
3317,KR65333185A0,payment_lag_not_identifiable_from_maturity
3318,KR65133025A0,unsupported_ki_window
3319,KR65533025A6,missing_explicit_survival_coupon
3322,KR65333335A1,missing_explicit_survival_coupon
3327,KR65333325A2,missing_explicit_survival_coupon
3331,KR65933075A7,missing_explicit_survival_coupon
3333,KR65933045A0,missing_explicit_survival_coupon
3334,KR65333445A8,payment_lag_not_identifiable_from_maturity
3339,KR65333375A7,payment_lag_not_identifiable_from_maturity
3341,KR65333395A5,payment_lag_not_identifiable_from_maturity
3344,KR65733145A0,missing_explicit_survival_coupon
3348,KR65933065A8,missing_explicit_survival_coupon
3353,KR65333495A3,payment_lag_not_identifiable_from_maturity
3357,KR65733345A6,missing_explicit_survival_coupon
3360,KR65133325A4,unsupported_ki_window
3365,KR65333635A4,missing_explicit_survival_coupon
3367,KR65733235A9,missing_explicit_survival_coupon
3368,KR65833105A3,payment_lag_not_identifiable_from_maturity
3370,KR65133075A5,unsupported_ki_window
3373,KR65433085A1,nonpositive_annual_coupon
3376,KR65433105A7,nonpositive_annual_coupon
3378,KR65133045A8,unsupported_ki_window
3380,KR65133065A6,unsupported_ki_window
3383,KR65813095A0,payment_lag_not_identifiable_from_maturity
3387,KR65933245A6,missing_explicit_survival_coupon
3389,KR65933185A4,missing_explicit_survival_coupon
3390,KR65333615A6,payment_lag_not_identifiable_from_maturity
3392,KR65433125A5,nonpositive_annual_coupon
3395,KR65333655A2,payment_lag_not_identifiable_from_maturity
3396,KR65333645A3,payment_lag_not_identifiable_from_maturity
3399,KR65333585A1,payment_lag_not_identifiable_from_maturity
3402,KR65933195A3,missing_explicit_survival_coupon
3407,KR65333A35A6,payment_lag_not_identifiable_from_maturity
3409,KR65333A85A1,payment_lag_not_identifiable_from_maturity
3415,KR65333A95A0,missing_explicit_survival_coupon
3416,KR65733705A1,missing_explicit_survival_coupon
3422,KR65833345A5,missing_explicit_survival_coupon
3423,KR67333055A1,missing_explicit_survival_coupon
3424,KR65833335A6,payment_lag_not_identifiable_from_maturity
3425,KR65333AS5A6,payment_lag_not_identifiable_from_maturity
3432,KR65333735A2,extra_formula_or_level_PMT_1_FRML
3433,KR65933335A5,missing_explicit_survival_coupon
3437,KR65433155A2,nonpositive_annual_coupon
3440,20151012000436_3456,unsupported_ki_window
3441,KR65833285A3,payment_lag_not_identifiable_from_maturity
3446,KR65133475A7,unsupported_ki_window
3448,KR65233A95A2,missing_explicit_survival_coupon
3449,KR65133485A6,unsupported_ki_window
3450,KR65933545A9,missing_explicit_survival_coupon
3452,KR65933355A3,missing_explicit_survival_coupon
3454,KR65933345A4,missing_explicit_survival_coupon
3455,KR65133445A0,unsupported_redemption_payoff
3462,KR65933375A1,monthly_evaluation_outside_life
3464,KR66433045A3,missing_explicit_survival_coupon
3467,KR65333BM5A1,missing_explicit_survival_coupon
3471,KR65333BD5A2,payment_lag_not_identifiable_from_maturity
3473,KR65933465A0,missing_explicit_survival_coupon
3483,KR65233AG5A1,missing_explicit_survival_coupon
3489,KR65933585A5,monthly_evaluation_outside_life
3491,KR67733325A4,missing_explicit_survival_coupon
3492,KR65333AJ5A7,extra_formula_or_level_PMT_1_FRML
3497,KR65833585A6,payment_lag_not_identifiable_from_maturity
3498,KR65833595A5,payment_lag_not_identifiable_from_maturity
3502,KR65433225A3,nonpositive_annual_coupon
3504,20151019000237_3459,unsupported_ki_window
3505,KR65133825A3,extra_formula_or_level_PMT_1_FRML
3510,KR65333BX5A8,payment_lag_not_identifiable_from_maturity
3513,KR65933735A6,missing_explicit_survival_coupon
3515,KR65333CH5A7,missing_explicit_survival_coupon
3517,KR65933715A8,missing_explicit_survival_coupon
3519,KR65133835A2,extra_formula_or_level_PMT_1_FRML
3527,KR65933655A6,missing_explicit_survival_coupon
3529,KR65493245A8,nonpositive_annual_coupon
3531,KR65333CM5A0,missing_explicit_survival_coupon
3532,KR65333CG5A8,payment_lag_not_identifiable_from_maturity
3542,KR65733C45A2,missing_explicit_survival_coupon
3543,KR65333CN5A9,missing_explicit_survival_coupon
3546,KR65133BH5A0,unsupported_ki_window
3548,KR65233BQ5A8,missing_explicit_survival_coupon
3550,KR65333075B1,extra_formula_or_level_PMT_1_FRML
3552,KR65233BF5A1,missing_explicit_survival_coupon
3553,KR65433285A7,nonpositive_annual_coupon
3557,KR65433345A9,nonpositive_annual_coupon
3558,KR65433295A6,nonpositive_annual_coupon
3559,KR65433325A1,nonpositive_annual_coupon
3564,KR65933AA5A0,missing_explicit_survival_coupon
3569,KR66533325A8,missing_explicit_survival_coupon
3570,KR65833765A4,payment_lag_not_identifiable_from_maturity
3571,KR65833775A3,payment_lag_not_identifiable_from_maturity
3573,KR65133AN5A3,extra_formula_or_level_PMT_1_FRML
3574,KR65133AP5A1,extra_formula_or_level_PMT_1_FRML
3576,KR65933085B4,missing_explicit_survival_coupon
3577,KR65333315B1,payment_lag_not_identifiable_from_maturity
3580,KR65433015B6,nonpositive_annual_coupon
3582,KR66633015B2,unsupported_ki_window
3585,KR65933115B9,missing_explicit_survival_coupon
3587,KR65933095B3,missing_explicit_survival_coupon
3588,KR65933105B0,missing_explicit_survival_coupon
3589,KR65433075B0,nonpositive_annual_coupon
3591,KR65933075B5,missing_explicit_survival_coupon
3592,KR65333345B8,payment_lag_not_identifiable_from_maturity
3593,KR65333325B0,payment_lag_not_identifiable_from_maturity
3594,KR65333335B9,payment_lag_not_identifiable_from_maturity
3595,KR65733105B2,missing_explicit_survival_coupon
3597,KR65433045B3,nonpositive_annual_coupon
3598,20151026000257_3462,unsupported_ki_window
3599,KR65433085B9,nonpositive_annual_coupon
3600,KR65333465B4,payment_lag_not_identifiable_from_maturity
3604,KR65833085B5,payment_lag_not_identifiable_from_maturity
3606,KR65433115B4,nonpositive_annual_coupon
3608,KR65733185B4,missing_explicit_survival_coupon
3615,KR65233205B5,missing_explicit_survival_coupon
3622,KR65533135B1,missing_explicit_survival_coupon
3625,KR65433105B5,nonpositive_annual_coupon
3626,KR65333205B4,extra_formula_or_level_PMT_1_FRML
3627,KR65433165B9,nonpositive_annual_coupon
3628,KR65833095B4,payment_lag_not_identifiable_from_maturity
3629,KR65733545B9,missing_explicit_survival_coupon
3632,KR67333035B1,payment_lag_not_identifiable_from_maturity
3633,KR65333225B2,missing_explicit_survival_coupon
3634,KR65833105B1,payment_lag_not_identifiable_from_maturity
3636,KR65433095B8,nonpositive_annual_coupon
3637,KR65433155B0,nonpositive_annual_coupon
3638,KR65333515B6,payment_lag_not_identifiable_from_maturity
3639,KR67333045B0,payment_lag_not_identifiable_from_maturity
3640,KR65933225B6,missing_explicit_survival_coupon
3643,KR65133105B8,payment_lag_not_identifiable_from_maturity
3644,20151102000337_3464,unsupported_ki_window
3645,20151102000337_3465,unsupported_ki_window
3647,KR66633045B9,unsupported_ki_window
3652,KR65133095B1,payment_lag_not_identifiable_from_maturity
3653,KR65833065B7,payment_lag_not_identifiable_from_maturity
3660,KR65933205B8,missing_explicit_survival_coupon
3665,KR65433175B8,nonpositive_annual_coupon
3666,KR65433195B6,nonpositive_annual_coupon
3669,KR65933235B5,missing_explicit_survival_coupon
3671,KR65233045B5,missing_explicit_survival_coupon
3677,KR65333805B1,payment_lag_not_identifiable_from_maturity
3681,KR65433255B8,nonpositive_annual_coupon
3682,KR65433265B7,nonpositive_annual_coupon
3685,KR65433285B5,nonpositive_annual_coupon
3687,KR65733735B6,missing_explicit_survival_coupon
3693,KR65933505B1,missing_explicit_survival_coupon
3695,KR65933485B6,missing_explicit_survival_coupon
3698,KR65933455B9,missing_explicit_survival_coupon
3702,KR65233565B2,missing_explicit_survival_coupon
3704,KR65833365B1,payment_lag_not_identifiable_from_maturity
3705,KR65833355B2,payment_lag_not_identifiable_from_maturity
3706,KR65833285B1,payment_lag_not_identifiable_from_maturity
3707,KR65333985B1,payment_lag_not_identifiable_from_maturity
3708,KR65833305B7,missing_explicit_survival_coupon
3709,KR65833295B0,payment_lag_not_identifiable_from_maturity
3710,KR65433245B9,nonpositive_annual_coupon
3711,KR67333095B5,payment_lag_not_identifiable_from_maturity
3719,KR65433235B0,nonpositive_annual_coupon
3724,KR65333905B9,payment_lag_not_identifiable_from_maturity
3728,KR66633115B0,unsupported_ki_window
3730,KR65333945B5,payment_lag_not_identifiable_from_maturity
3735,KR65433335B8,nonpositive_annual_coupon
3736,KR65833265B3,payment_lag_not_identifiable_from_maturity
3737,KR65333955B4,missing_explicit_survival_coupon
3738,KR65333965B3,payment_lag_not_identifiable_from_maturity
3739,KR65333615B4,extra_formula_or_level_PMT_1_FRML
3741,KR65733835B4,missing_explicit_survival_coupon
3743,KR67333105B2,payment_lag_not_identifiable_from_maturity
3746,KR65433395B2,nonpositive_annual_coupon
3747,KR65433375B4,nonpositive_annual_coupon
3749,KR65433345B7,nonpositive_annual_coupon
3750,KR65433355B6,nonpositive_annual_coupon
3751,KR65833275B2,payment_lag_not_identifiable_from_maturity
3752,KR65133465B6,extra_formula_or_level_PMT_1_FRML
3756,KR65133475B5,extra_formula_or_level_PMT_1_FRML
3757,KR65133815B2,extra_formula_or_level_PMT_1_FRML
3758,KR65133485B4,extra_formula_or_level_PMT_1_FRML
3760,KR65433515B5,nonpositive_annual_coupon
3762,KR65833615B9,payment_lag_not_identifiable_from_maturity
3764,KR65133AX5B9,extra_formula_or_level_PMT_1_FRML
3766,KR65733BN5B4,missing_explicit_survival_coupon
3768,KR65133985B3,extra_formula_or_level_PMT_1_FRML
3770,KR65933935B0,missing_explicit_survival_coupon
3771,KR65133995B2,extra_formula_or_level_PMT_1_FRML
3772,KR66633205B9,unsupported_ki_window
3778,KR65233AT5B4,missing_explicit_survival_coupon
3782,KR65533B55B5,missing_explicit_survival_coupon
3783,KR65833695B1,payment_lag_not_identifiable_from_maturity
3786,KR65533AD5B9,missing_explicit_survival_coupon
3790,KR65433585B8,nonpositive_annual_coupon
3791,KR65433545B2,nonpositive_annual_coupon
3794,KR65813715B1,payment_lag_not_identifiable_from_maturity
3795,KR65813705B2,payment_lag_not_identifiable_from_maturity
3799,KR65933AL5B5,monthly_evaluation_outside_life
3801,KR65333AQ5B6,extra_formula_or_level_PMT_1_FRML
3802,KR65333AT5B3,missing_explicit_survival_coupon
3806,20151123000218_3473,unsupported_ki_window
3810,KR65333BW5B7,payment_lag_not_identifiable_from_maturity
3812,KR65133BF5B0,payment_lag_not_identifiable_from_maturity
3814,KR65433605B4,nonpositive_annual_coupon
3815,KR65333BV5B8,payment_lag_not_identifiable_from_maturity
3816,KR65933A55B9,missing_explicit_survival_coupon
3817,KR65933A65B8,missing_explicit_survival_coupon
3818,KR67033455B4,missing_explicit_survival_coupon
3822,KR65933A75B7,missing_explicit_survival_coupon
3823,KR65933A85B6,missing_explicit_survival_coupon
3832,KR65433595B7,nonpositive_annual_coupon
3840,KR67033065C9,missing_explicit_survival_coupon
3847,KR65933055C5,missing_explicit_survival_coupon
3850,KR65733105C0,missing_explicit_survival_coupon
3851,KR65933045C6,missing_explicit_survival_coupon
3853,KR65533025C2,missing_explicit_survival_coupon
3857,KR65933065C4,missing_explicit_survival_coupon
3860,KR65833065C5,payment_lag_not_identifiable_from_maturity
3864,KR65333035C3,extra_formula_or_level_PMT_1_FRML
3865,KR65333245C8,payment_lag_not_identifiable_from_maturity
3869,KR67333085C4,payment_lag_not_identifiable_from_maturity
3870,KR65833085C3,payment_lag_not_identifiable_from_maturity
3873,KR65833095C2,payment_lag_not_identifiable_from_maturity
3876,KR65333065C0,missing_explicit_survival_coupon
3877,KR65933095C1,monthly_evaluation_outside_life
3881,KR65833075C4,payment_lag_not_identifiable_from_maturity
3882,KR65433055C0,nonpositive_annual_coupon
3883,KR65833115C8,payment_lag_not_identifiable_from_maturity
3889,20151130001526_3475,unsupported_ki_window
3892,KR65433115C2,nonpositive_annual_coupon
3893,KR65333465C2,payment_lag_not_identifiable_from_maturity
3896,KR65933215C5,missing_explicit_survival_coupon
3897,20151130001526_3476,unsupported_ki_window
3899,KR65933155C3,missing_explicit_survival_coupon
3900,KR66733045C6,monthly_evaluation_outside_life
3901,KR65533185C4,missing_explicit_survival_coupon
3902,KR65933135C5,missing_explicit_survival_coupon
3903,KR65933125C6,missing_explicit_survival_coupon
3904,KR65933185C0,missing_explicit_survival_coupon
3905,KR65433105C3,nonpositive_annual_coupon
3906,KR65133075C1,extra_formula_or_level_PMT_1_FRML
3908,KR65933115C7,missing_explicit_survival_coupon
3910,KR65833125C7,payment_lag_not_identifiable_from_maturity
3912,KR65833135C6,payment_lag_not_identifiable_from_maturity
3914,KR65933145C4,missing_explicit_survival_coupon
3915,KR65333565C9,payment_lag_not_identifiable_from_maturity
3916,KR65233345C7,missing_explicit_survival_coupon
3918,KR65133235C1,extra_formula_or_level_PMT_1_FRML
3922,KR65733625C7,missing_explicit_survival_coupon
3923,KR65433195C4,nonpositive_annual_coupon
3925,KR65933345C0,missing_explicit_survival_coupon
3926,KR65233045C3,missing_explicit_survival_coupon
3929,KR65333795C2,missing_explicit_survival_coupon
3931,KR65333735C8,payment_lag_not_identifiable_from_maturity
3932,KR65933355C9,missing_explicit_survival_coupon
3934,KR65433185C5,nonpositive_annual_coupon
3936,KR65833325C3,payment_lag_not_identifiable_from_maturity
3938,KR65833315C4,payment_lag_not_identifiable_from_maturity
3940,KR65433235C8,nonpositive_annual_coupon
3941,KR65733825C3,missing_explicit_survival_coupon
3942,KR65833335C2,payment_lag_not_identifiable_from_maturity
3945,KR65333285C4,missing_explicit_survival_coupon
3946,KR65433175C6,nonpositive_annual_coupon
3947,KR65333265C6,extra_formula_or_level_PMT_1_FRML
3949,KR65933A45C8,missing_explicit_survival_coupon
3950,KR65333745C7,payment_lag_not_identifiable_from_maturity
3951,KR66633095C2,unsupported_ki_window
3952,KR65933515C8,missing_explicit_survival_coupon
3956,20151207000294_3480,unsupported_ki_window
3957,KR65133335C9,extra_formula_or_level_PMT_1_FRML
3958,KR65933605C7,missing_explicit_survival_coupon
3967,KR65333785C3,payment_lag_not_identifiable_from_maturity
3968,KR65933495C3,missing_explicit_survival_coupon
3969,KR65933505C9,missing_explicit_survival_coupon
3977,KR65333885C1,payment_lag_not_identifiable_from_maturity
3983,KR65433315C8,nonpositive_annual_coupon
3995,KR65733735C4,missing_explicit_survival_coupon
3997,KR65833465C7,payment_lag_not_identifiable_from_maturity
4000,KR65333A05C5,payment_lag_not_identifiable_from_maturity
4001,KR65433265C5,nonpositive_annual_coupon
4003,KR65733B55C9,missing_explicit_survival_coupon
4008,KR67333225C6,payment_lag_not_identifiable_from_maturity
4009,KR65433275C4,nonpositive_annual_coupon
4010,KR65933805C3,missing_explicit_survival_coupon
4011,KR65333645C9,extra_formula_or_level_PMT_1_FRML
4013,KR65333705C1,missing_explicit_survival_coupon
4016,KR65833475C6,payment_lag_not_identifiable_from_maturity
4017,KR65333655C8,missing_explicit_survival_coupon
4018,KR65933565C3,missing_explicit_survival_coupon
4022,KR66633195C0,unsupported_ki_window
4023,KR65333AE5C8,payment_lag_not_identifiable_from_maturity
4027,KR65933965C5,missing_explicit_survival_coupon
4032,KR65433365C3,nonpositive_annual_coupon
4033,KR65933875C6,missing_explicit_survival_coupon
4034,KR65933865C7,missing_explicit_survival_coupon
4038,KR65933885C5,missing_explicit_survival_coupon
4044,KR66733155C3,unsupported_ki_window
4045,KR65133725C1,extra_formula_or_level_PMT_1_FRML
4048,20151214000370_3483,unsupported_ki_window
4050,KR65133715C2,extra_formula_or_level_PMT_1_FRML
4054,KR65233975C1,missing_explicit_survival_coupon
4055,KR65933795C6,missing_explicit_survival_coupon
4056,KR65933A05C2,missing_explicit_survival_coupon
4060,KR65933995C2,missing_explicit_survival_coupon
4062,KR65333A65C9,missing_explicit_survival_coupon
4064,KR65333A55C0,missing_explicit_survival_coupon
4065,KR65733CH5C9,missing_explicit_survival_coupon
4066,KR65533755C4,missing_explicit_survival_coupon
4067,KR65033855C7,missing_explicit_survival_coupon
4068,20151222000235_1488,payment_lag_not_identifiable_from_maturity
4069,20151215000225_5452,nonpositive_annual_coupon
4070,KR65833595C1,payment_lag_not_identifiable_from_maturity
4071,KR65833605C8,payment_lag_not_identifiable_from_maturity
4078,KR67033535C1,missing_explicit_survival_coupon
4082,KR65933AQ5C8,missing_explicit_survival_coupon
4087,KR65833615C7,payment_lag_not_identifiable_from_maturity
4090,KR65333A85C7,extra_formula_or_level_PMT_1_FRML
4091,KR65733DC5C3,missing_explicit_survival_coupon
4092,KR65133925C7,extra_formula_or_level_PMT_1_FRML
4093,KR65433425C5,nonpositive_annual_coupon
4098,KR65133935C6,extra_formula_or_level_PMT_1_FRML
4099,KR65833635C5,payment_lag_not_identifiable_from_maturity
4100,KR65333BG5C5,payment_lag_not_identifiable_from_maturity
4101,KR65833645C4,payment_lag_not_identifiable_from_maturity
4102,20151221000260_3485,unsupported_ki_window
4105,KR65493455C9,nonpositive_annual_coupon
4106,KR65133A35C6,payment_lag_not_identifiable_from_maturity
4108,KR65333BL5C8,missing_explicit_survival_coupon
4111,KR65433485C9,nonpositive_annual_coupon
4113,KR65333B25C1,missing_explicit_survival_coupon
4117,KR65333B05C3,missing_explicit_survival_coupon
4119,KR65333B15C2,missing_explicit_survival_coupon
4120,KR65433475C0,nonpositive_annual_coupon
4121,KR65233A75C0,missing_explicit_survival_coupon
4124,KR65333AW5C6,extra_formula_or_level_PMT_1_FRML
4125,KR65833815C3,payment_lag_not_identifiable_from_maturity
4127,KR65933BD5C2,missing_explicit_survival_coupon
4129,KR65933BF5C0,missing_explicit_survival_coupon
4138,KR6543302618,nonpositive_annual_coupon
4141,KR6543303616,nonpositive_annual_coupon
4143,KR6573312610,missing_explicit_survival_coupon
4149,KR6503309611,missing_explicit_survival_coupon
4151,KR6543306619,nonpositive_annual_coupon
4152,KR6583304615,payment_lag_not_identifiable_from_maturity
4155,KR6523321612,missing_explicit_survival_coupon
4157,KR6733301610,payment_lag_not_identifiable_from_maturity
4158,KR6583302619,payment_lag_not_identifiable_from_maturity
4160,KR6543304614,nonpositive_annual_coupon
4161,KR6533308617,missing_explicit_survival_coupon
4163,KR6593319611,missing_explicit_survival_coupon
4164,KR6543305611,nonpositive_annual_coupon
4168,KR6533359610,missing_explicit_survival_coupon
4169,KR6533360618,missing_explicit_survival_coupon
4170,KR6583303617,payment_lag_not_identifiable_from_maturity
4172,KR6533302610,extra_formula_or_level_PMT_1_FRML
4174,KR6533358612,payment_lag_not_identifiable_from_maturity
4176,KR6663301614,unsupported_ki_window
4179,KR6673302610,unsupported_ki_window
4180,KR6593303615,missing_explicit_survival_coupon
4187,KR6513305617,extra_formula_or_level_PMT_1_FRML
4189,KR6533357614,payment_lag_not_identifiable_from_maturity
4191,KR6513304610,extra_formula_or_level_PMT_1_FRML
4195,KR6583307618,payment_lag_not_identifiable_from_maturity
4196,KR6593306618,missing_explicit_survival_coupon
4201,KR6583306610,payment_lag_not_identifiable_from_maturity
4202,KR6593305610,missing_explicit_survival_coupon
4204,KR6533361616,payment_lag_not_identifiable_from_maturity
4207,KR6523339614,missing_explicit_survival_coupon
4210,KR6593316617,missing_explicit_survival_coupon
4217,KR6523368613,missing_explicit_survival_coupon
4220,KR6583333614,payment_lag_not_identifiable_from_maturity
4222,KR6503339618,missing_explicit_survival_coupon
4223,KR65333A0612,payment_lag_not_identifiable_from_maturity
4225,KR6533343614,missing_explicit_survival_coupon
4226,KR6533344612,missing_explicit_survival_coupon
4227,KR6593355615,missing_explicit_survival_coupon
4228,KR6533339612,extra_formula_or_level_PMT_1_FRML
4236,KR65333A9613,missing_explicit_survival_coupon
4240,KR6583318615,payment_lag_not_identifiable_from_maturity
4241,KR6583317617,payment_lag_not_identifiable_from_maturity
4243,KR6573357615,missing_explicit_survival_coupon
4245,KR6583320611,payment_lag_not_identifiable_from_maturity
4247,KR6543320610,nonpositive_annual_coupon
4248,KR6593330618,missing_explicit_survival_coupon
4251,KR6673309615,monthly_evaluation_outside_life
4252,KR6593329610,missing_explicit_survival_coupon
4254,KR6593327614,missing_explicit_survival_coupon
4255,KR6593328612,missing_explicit_survival_coupon
4261,KR6593326616,missing_explicit_survival_coupon
4268,KR6513327611,extra_formula_or_level_PMT_1_FRML
4276,20160111000535_3494,unsupported_ki_window
4277,KR65333AA612,unsupported_PRCP_GRTE_RT
4288,KR6513348617,unsupported_ki_window
4290,KR6573395615,missing_explicit_survival_coupon
4303,KR6543331617,nonpositive_annual_coupon
4304,KR6533382612,extra_formula_or_level_PMT_1_FRML
4307,KR6533388619,missing_explicit_survival_coupon
4309,KR6583341617,payment_lag_not_identifiable_from_maturity
4310,KR6583357613,payment_lag_not_identifiable_from_maturity
4312,KR6553367618,missing_explicit_survival_coupon
4314,20160119000098_5501,nonpositive_annual_coupon
4317,KR6583340619,payment_lag_not_identifiable_from_maturity
4321,KR6583352614,payment_lag_not_identifiable_from_maturity
4329,KR6543334611,nonpositive_annual_coupon
4331,KR6593390612,missing_explicit_survival_coupon
4335,KR6593370614,missing_explicit_survival_coupon
4336,KR6593389614,missing_explicit_survival_coupon
4339,KR6593368618,missing_explicit_survival_coupon
4346,KR65333B6618,extra_formula_or_level_PMT_1_FRML
4356,20160118000324_3500,unsupported_ki_window
4358,KR6513376618,unsupported_ki_window
4370,KR65733BL618,missing_explicit_survival_coupon
4375,KR6549340612,nonpositive_annual_coupon
4382,KR6533304624,extra_formula_or_level_PMT_1_FRML
4383,KR65533A7615,missing_explicit_survival_coupon
4385,KR6533336626,extra_formula_or_level_PMT_1_FRML
4387,KR6533339620,missing_explicit_survival_coupon
4396,KR6549341610,nonpositive_annual_coupon
4397,KR65933A4618,monthly_evaluation_outside_life
4398,KR6583359619,payment_lag_not_identifiable_from_maturity
4399,KR6583358611,payment_lag_not_identifiable_from_maturity
4401,KR65733CS611,missing_explicit_survival_coupon
4403,20160126000214_5502,nonpositive_annual_coupon
4405,20160121000145_5479,nonpositive_annual_coupon
4406,20160125000289_3505,unsupported_ki_window
4412,KR6533348621,payment_lag_not_identifiable_from_maturity
4420,KR6543302626,nonpositive_annual_coupon
4428,KR6593305628,missing_explicit_survival_coupon
4429,KR6593303623,missing_explicit_survival_coupon
4444,KR6523318626,missing_explicit_survival_coupon
4447,KR6593315627,missing_explicit_survival_coupon
4451,KR6543303624,unsupported_redemption_structure
4452,KR6533389625,extra_formula_or_level_PMT_1_FRML
4453,KR6533387629,missing_explicit_survival_coupon
4457,KR6533323624,missing_explicit_survival_coupon
4459,KR6533320620,missing_explicit_survival_coupon
4460,KR6533321628,missing_explicit_survival_coupon
4462,KR6533388627,missing_explicit_survival_coupon
4465,KR6543304622,nonpositive_annual_coupon
4467,KR6533316628,extra_formula_or_level_PMT_1_FRML
4469,KR6583305620,payment_lag_not_identifiable_from_maturity
4471,KR6583304623,payment_lag_not_identifiable_from_maturity
4475,KR6583303625,payment_lag_not_identifiable_from_maturity
4480,KR6593321625,missing_explicit_survival_coupon
4484,KR6593320627,missing_explicit_survival_coupon
4493,KR6533386621,payment_lag_not_identifiable_from_maturity
4497,KR6663304626,unsupported_ki_window
4498,KR6583321627,payment_lag_not_identifiable_from_maturity
4499,KR6533375624,missing_explicit_survival_coupon
4500,KR6583322625,payment_lag_not_identifiable_from_maturity
4502,KR6533372621,extra_formula_or_level_PMT_1_FRML
4503,KR6543312625,nonpositive_annual_coupon
4506,KR6543309621,nonpositive_annual_coupon
4510,20160205000256_1698,monthly_evaluation_outside_life
4512,KR6543308623,unsupported_redemption_structure
4514,KR6573389626,missing_explicit_survival_coupon
4516,KR65333B1627,missing_explicit_survival_coupon
4517,KR65333B3623,missing_explicit_survival_coupon
4518,KR6593355623,missing_explicit_survival_coupon
4519,20160205000316_13208,missing_explicit_survival_coupon
4521,KR65333B8622,extra_formula_or_level_PMT_1_FRML
4526,KR65333B7624,missing_explicit_survival_coupon
4528,KR6593347620,missing_explicit_survival_coupon
4529,KR6593348628,missing_explicit_survival_coupon
4530,KR65733AF620,missing_explicit_survival_coupon
4533,KR6523362624,missing_explicit_survival_coupon
4534,KR6593346622,missing_explicit_survival_coupon
4536,KR65333BT628,missing_explicit_survival_coupon
4537,KR65733AS623,missing_explicit_survival_coupon
4541,KR6583330628,payment_lag_not_identifiable_from_maturity
4542,KR6593356621,missing_explicit_survival_coupon
4543,KR65333AP628,missing_explicit_survival_coupon
4546,KR6583331626,payment_lag_not_identifiable_from_maturity
4549,KR65333AK629,missing_explicit_survival_coupon
4550,KR6733305629,payment_lag_not_identifiable_from_maturity
4554,KR65333AR624,missing_explicit_survival_coupon
4556,KR65333AG627,extra_formula_or_level_PMT_1_FRML
4560,KR65333C7623,payment_lag_not_identifiable_from_maturity
4563,KR6593381629,missing_explicit_survival_coupon
4567,KR65333C3622,payment_lag_not_identifiable_from_maturity
4568,KR65333C1626,payment_lag_not_identifiable_from_maturity
4569,KR65333C8621,extra_formula_or_level_PMT_1_FRML
4570,KR65333C4620,payment_lag_not_identifiable_from_maturity
4573,KR6513340622,unsupported_ki_window
4574,KR65333C2624,payment_lag_not_identifiable_from_maturity
4580,KR6523398628,missing_explicit_survival_coupon
4591,KR6503389621,missing_explicit_survival_coupon
4594,KR65233AA622,missing_explicit_survival_coupon
4598,KR6583340627,payment_lag_not_identifiable_from_maturity
4600,KR6593391628,missing_explicit_survival_coupon
4601,KR6593392626,missing_explicit_survival_coupon
4602,KR65333BJ629,extra_formula_or_level_PMT_1_FRML
4603,KR65333BR622,missing_explicit_survival_coupon
4606,KR6733307625,payment_lag_not_identifiable_from_maturity
4607,KR6583339629,payment_lag_not_identifiable_from_maturity
4608,KR65333BS620,payment_lag_not_identifiable_from_maturity
4611,KR65733C1622,missing_explicit_survival_coupon
4612,KR6543324620,nonpositive_annual_coupon
4615,KR6543322624,nonpositive_annual_coupon
4616,KR6543321626,nonpositive_annual_coupon
4619,KR6513382624,unsupported_ki_window
4623,KR6513383622,unsupported_ki_window
4627,KR6593393624,missing_explicit_survival_coupon
4634,KR6593394622,missing_explicit_survival_coupon
4646,KR6663317628,unsupported_ki_window
4649,KR65233AG629,missing_explicit_survival_coupon
4652,20160219000092_1702,monthly_evaluation_outside_life
4656,KR6593306634,missing_explicit_survival_coupon
4663,KR6583309630,payment_lag_not_identifiable_from_maturity
4664,KR6543304630,nonpositive_annual_coupon
4665,KR6733302634,payment_lag_not_identifiable_from_maturity
4666,KR6583312634,payment_lag_not_identifiable_from_maturity
4667,KR6543306635,nonpositive_annual_coupon
4671,KR6533313633,payment_lag_not_identifiable_from_maturity
4673,KR6583308632,payment_lag_not_identifiable_from_maturity
4674,KR6583307634,payment_lag_not_identifiable_from_maturity
4675,KR6543305637,nonpositive_annual_coupon
4677,KR6533306637,extra_formula_or_level_PMT_1_FRML
4678,KR6573342633,missing_explicit_survival_coupon
4681,KR6533359636,missing_explicit_survival_coupon
4683,KR6593307632,missing_explicit_survival_coupon
4684,KR6533360634,missing_explicit_survival_coupon
4692,KR6593309638,missing_explicit_survival_coupon
4693,KR6533346633,payment_lag_not_identifiable_from_maturity
4696,KR6533343630,payment_lag_not_identifiable_from_maturity
4697,KR6533342632,payment_lag_not_identifiable_from_maturity
4701,KR6513308637,unsupported_ki_window
4704,KR6513310633,unsupported_ki_window
4707,KR6593308630,missing_explicit_survival_coupon
4709,KR6533345635,payment_lag_not_identifiable_from_maturity
4710,KR6533344638,payment_lag_not_identifiable_from_maturity
4714,KR6533358638,payment_lag_not_identifiable_from_maturity
4717,KR6533373637,extra_formula_or_level_PMT_1_FRML
4718,KR6533374635,unsupported_PRCP_GRTE_RT
4719,KR6593305636,missing_explicit_survival_coupon
4726,KR6543319638,nonpositive_annual_coupon
4727,KR6503315634,missing_explicit_survival_coupon
4734,KR6573350636,missing_explicit_survival_coupon
4739,KR6523352633,missing_explicit_survival_coupon
4740,KR6533391639,missing_explicit_survival_coupon
4746,KR6733305637,payment_lag_not_identifiable_from_maturity
4748,KR6533333631,extra_formula_or_level_PMT_1_FRML
4750,KR6573364637,missing_explicit_survival_coupon
4751,KR6543315636,nonpositive_annual_coupon
4753,KR6543320636,nonpositive_annual_coupon
4754,KR6543316634,nonpositive_annual_coupon
4755,KR6583323631,payment_lag_not_identifiable_from_maturity
4758,KR6583322633,payment_lag_not_identifiable_from_maturity
4760,KR65333AF637,missing_explicit_survival_coupon
4772,KR6533397636,payment_lag_not_identifiable_from_maturity
4781,KR6533394633,payment_lag_not_identifiable_from_maturity
4782,KR6533395630,payment_lag_not_identifiable_from_maturity
4786,KR6593350632,missing_explicit_survival_coupon
4788,KR6513331639,unsupported_ki_window
4790,KR6593351630,missing_explicit_survival_coupon
4791,KR6533396638,payment_lag_not_identifiable_from_maturity
4793,KR6593327630,missing_explicit_survival_coupon
4797,KR65333AG635,payment_lag_not_identifiable_from_maturity
4814,KR6513372633,unsupported_ki_window
4816,KR6533377638,extra_formula_or_level_PMT_1_FRML
4817,KR65733B6630,missing_explicit_survival_coupon
4820,KR6583330636,payment_lag_not_identifiable_from_maturity
4823,KR6583331634,payment_lag_not_identifiable_from_maturity
4826,KR6543332631,nonpositive_annual_coupon
4831,KR6543337630,nonpositive_annual_coupon
4834,KR6543330635,nonpositive_annual_coupon
4836,KR65333CD638,extra_formula_or_level_PMT_1_FRML
4838,KR6593344635,missing_explicit_survival_coupon
4839,KR65333CB632,missing_explicit_survival_coupon
4840,KR65333BP634,extra_formula_or_level_PMT_1_FRML
4841,KR65333BM631,payment_lag_not_identifiable_from_maturity
4843,KR65333BK635,payment_lag_not_identifiable_from_maturity
4844,KR65333BH631,payment_lag_not_identifiable_from_maturity
4848,KR65333BN639,payment_lag_not_identifiable_from_maturity
4849,KR65333BL633,payment_lag_not_identifiable_from_maturity
4850,KR6593345632,missing_explicit_survival_coupon
4851,KR65333BJ637,payment_lag_not_identifiable_from_maturity
4857,KR65333CC630,payment_lag_not_identifiable_from_maturity
4859,KR65333D7630,missing_explicit_survival_coupon
4860,KR65333CF633,payment_lag_not_identifiable_from_maturity
4873,KR65033B8633,missing_explicit_survival_coupon
4874,KR65733BQ633,missing_explicit_survival_coupon
4880,KR65333DP630,payment_lag_not_identifiable_from_maturity
4883,KR65333B7632,payment_lag_not_identifiable_from_maturity
4894,KR6773329638,missing_explicit_survival_coupon
4899,KR65333DN635,payment_lag_not_identifiable_from_maturity
4903,KR6543349635,nonpositive_annual_coupon
4905,KR65333AY638,extra_formula_or_level_PMT_1_FRML
4906,KR65333DG639,payment_lag_not_identifiable_from_maturity
4907,KR65333B6634,missing_explicit_survival_coupon
4910,KR6593362637,missing_explicit_survival_coupon
4911,KR65333DL639,payment_lag_not_identifiable_from_maturity
4912,KR65333DF631,payment_lag_not_identifiable_from_maturity
4914,KR65333DM637,payment_lag_not_identifiable_from_maturity
4917,KR65333DJ633,payment_lag_not_identifiable_from_maturity
4918,KR65333DH637,payment_lag_not_identifiable_from_maturity
4919,KR6593359633,missing_explicit_survival_coupon
4920,KR65333DE634,payment_lag_not_identifiable_from_maturity
4921,KR65333DD636,payment_lag_not_identifiable_from_maturity
4922,KR6593360631,missing_explicit_survival_coupon
4923,KR65333E6631,missing_explicit_survival_coupon
4924,KR6543352639,nonpositive_annual_coupon
4925,KR6593376637,missing_explicit_survival_coupon
4926,KR6543351631,nonpositive_annual_coupon
4927,KR6593378633,missing_explicit_survival_coupon
4928,KR6543359634,nonpositive_annual_coupon
4929,KR6543357638,nonpositive_annual_coupon
4932,KR65333EW634,payment_lag_not_identifiable_from_maturity
4934,KR6583362639,payment_lag_not_identifiable_from_maturity
4935,KR65333CS636,extra_formula_or_level_PMT_1_FRML
4936,KR65333ET630,payment_lag_not_identifiable_from_maturity
4937,KR65333EQ636,payment_lag_not_identifiable_from_maturity
4938,KR65333D4637,missing_explicit_survival_coupon
4939,KR65333EY630,payment_lag_not_identifiable_from_maturity
4940,KR65313ER636,payment_lag_not_identifiable_from_maturity
4941,KR65333EV636,payment_lag_not_identifiable_from_maturity
4942,KR65333EX632,payment_lag_not_identifiable_from_maturity
4944,KR6543360632,nonpositive_annual_coupon
4945,KR65133B1637,unsupported_ki_window
4946,KR6583352630,payment_lag_not_identifiable_from_maturity
4948,KR65333ES632,payment_lag_not_identifiable_from_maturity
4950,KR6543373635,nonpositive_annual_coupon
4951,KR6543377636,nonpositive_annual_coupon
4952,KR6543372637,nonpositive_annual_coupon
4953,KR6543371639,nonpositive_annual_coupon
4954,KR6543375630,nonpositive_annual_coupon
4955,KR6543369633,nonpositive_annual_coupon
4956,KR6543367637,nonpositive_annual_coupon
4959,KR6523311647,missing_explicit_survival_coupon
4960,KR6553314644,missing_explicit_survival_coupon
4972,KR6583304649,payment_lag_not_identifiable_from_maturity
4973,KR6733303640,payment_lag_not_identifiable_from_maturity
4975,KR6583305646,payment_lag_not_identifiable_from_maturity
4976,KR6543314647,nonpositive_annual_coupon
4978,KR6543312641,nonpositive_annual_coupon
4979,KR6583306644,payment_lag_not_identifiable_from_maturity
4983,KR6543313649,nonpositive_annual_coupon
4986,KR6583303641,payment_lag_not_identifiable_from_maturity
4991,20160406001723_1716,unsupported_ki_window
4992,KR6543316642,nonpositive_annual_coupon
4995,KR6663306647,unsupported_ki_window
5000,KR6573337641,missing_explicit_survival_coupon
5004,KR6513309643,unsupported_ki_window
5014,KR6593319645,missing_explicit_survival_coupon
5020,KR6593320643,missing_explicit_survival_coupon
5023,KR6593321641,missing_explicit_survival_coupon
5027,KR6533360642,payment_lag_not_identifiable_from_maturity
5028,KR6583325644,payment_lag_not_identifiable_from_maturity
5035,KR6523365643,missing_explicit_survival_coupon
5038,KR6533337640,payment_lag_not_identifiable_from_maturity
5039,KR6533327641,missing_explicit_survival_coupon
5042,KR6533333649,extra_formula_or_level_PMT_1_FRML
5044,KR6583326642,payment_lag_not_identifiable_from_maturity
5046,KR6503351647,missing_explicit_survival_coupon
5056,KR6583327640,payment_lag_not_identifiable_from_maturity
5057,KR6543326641,nonpositive_annual_coupon
5061,KR6573385640,missing_explicit_survival_coupon
5065,KR6583328648,payment_lag_not_identifiable_from_maturity
5066,KR6543327649,nonpositive_annual_coupon
5068,KR6543335642,nonpositive_annual_coupon
5072,KR6593347646,missing_explicit_survival_coupon
5074,KR65333A3640,payment_lag_not_identifiable_from_maturity
5078,KR6533399640,extra_formula_or_level_PMT_1_FRML
5081,KR6513335648,unsupported_ki_window
5088,20160408000837_13549,extra_formula_or_level_PMT_1_FRML
5091,KR6593350640,missing_explicit_survival_coupon
5092,KR6593352646,missing_explicit_survival_coupon
5094,KR6513336646,unsupported_ki_window
5095,KR6593349642,missing_explicit_survival_coupon
5096,KR6543336640,nonpositive_annual_coupon
5097,KR6533398642,payment_lag_not_identifiable_from_maturity
5098,KR65333A0646,payment_lag_not_identifiable_from_maturity
5099,KR65333A1644,payment_lag_not_identifiable_from_maturity
5101,KR6593345640,missing_explicit_survival_coupon
5103,KR65333AD640,payment_lag_not_identifiable_from_maturity
5104,KR65333AE648,payment_lag_not_identifiable_from_maturity
5111,KR65333AF645,payment_lag_not_identifiable_from_maturity
5118,KR6543339644,nonpositive_annual_coupon
5119,KR6543340642,nonpositive_annual_coupon
5129,KR6543342648,nonpositive_annual_coupon
5131,KR6533384642,missing_explicit_survival_coupon
5134,KR6583348646,payment_lag_not_identifiable_from_maturity
5135,KR6583350642,payment_lag_not_identifiable_from_maturity
5136,KR6583349644,payment_lag_not_identifiable_from_maturity
5139,KR6503392641,missing_explicit_survival_coupon
5142,KR6533372647,extra_formula_or_level_PMT_1_FRML
5143,KR6533371649,extra_formula_or_level_PMT_1_FRML
5144,KR65333AS648,extra_formula_or_level_PMT_1_FRML
5146,KR6533385649,payment_lag_not_identifiable_from_maturity
5152,KR6543345641,nonpositive_annual_coupon
5157,KR6513366643,unsupported_ki_window
5159,KR6593366646,missing_explicit_survival_coupon
5161,KR6593371646,missing_explicit_survival_coupon
5162,KR65933A6647,missing_explicit_survival_coupon
5170,KR65333BD648,payment_lag_not_identifiable_from_maturity
5171,KR6513363640,unsupported_ki_window
5173,KR6593369640,missing_explicit_survival_coupon
5174,KR65333BE646,payment_lag_not_identifiable_from_maturity
5175,KR65333AT646,payment_lag_not_identifiable_from_maturity
5176,KR6593368642,missing_explicit_survival_coupon
5177,KR65333AV642,payment_lag_not_identifiable_from_maturity
5180,KR65333BC640,missing_explicit_survival_coupon
5182,KR6543351649,nonpositive_annual_coupon
5198,KR65333BB642,payment_lag_not_identifiable_from_maturity
5200,KR65333B6642,payment_lag_not_identifiable_from_maturity
5201,20160421000209_15462,missing_explicit_survival_coupon
5217,KR65133A0648,unsupported_ki_window
5218,KR6513399644,unsupported_ki_window
5219,KR6583358645,payment_lag_not_identifiable_from_maturity
5221,KR6773322641,missing_explicit_survival_coupon
5222,KR6533307650,payment_lag_not_identifiable_from_maturity
5227,KR65333C4646,missing_explicit_survival_coupon
5229,KR65333C3648,missing_explicit_survival_coupon
5234,KR6533310654,missing_explicit_survival_coupon
5237,KR6533301653,extra_formula_or_level_PMT_1_FRML
5238,KR65033B5647,missing_explicit_survival_coupon
5240,KR6583359643,payment_lag_not_identifiable_from_maturity
5243,KR6583360641,payment_lag_not_identifiable_from_maturity
5245,KR6733308649,payment_lag_not_identifiable_from_maturity
5247,KR6593304654,missing_explicit_survival_coupon
5252,KR6593302658,missing_explicit_survival_coupon
5254,KR6533335651,extra_formula_or_level_PMT_1_FRML
5255,KR6543303657,nonpositive_annual_coupon
5256,KR6533334654,payment_lag_not_identifiable_from_maturity
5259,KR6593303656,missing_explicit_survival_coupon
5262,KR6573328657,missing_explicit_survival_coupon
5263,KR6543301651,nonpositive_annual_coupon
5266,KR6533333656,payment_lag_not_identifiable_from_maturity
5270,KR6533348654,payment_lag_not_identifiable_from_maturity
5273,KR6593306659,missing_explicit_survival_coupon
5278,KR6533344653,payment_lag_not_identifiable_from_maturity
5279,KR6533351658,payment_lag_not_identifiable_from_maturity
5281,KR6533361657,unsupported_PRCP_GRTE_RT
5282,KR6513310658,unsupported_ki_window
5285,KR6583305653,payment_lag_not_identifiable_from_maturity
5286,KR6583307659,payment_lag_not_identifiable_from_maturity
5287,KR6583306651,payment_lag_not_identifiable_from_maturity
5288,KR6533326650,missing_explicit_survival_coupon
5289,KR6533386654,missing_explicit_survival_coupon
5290,KR6533385656,missing_explicit_survival_coupon
5295,KR6583313657,payment_lag_not_identifiable_from_maturity
5296,KR6533387652,missing_explicit_survival_coupon
5297,KR6533319655,extra_formula_or_level_PMT_1_FRML
5298,KR6533384659,missing_explicit_survival_coupon
5299,KR6573344654,missing_explicit_survival_coupon
5309,KR6503304653,missing_explicit_survival_coupon
5311,KR65333AC659,payment_lag_not_identifiable_from_maturity
5312,KR6593314653,missing_explicit_survival_coupon
5314,KR6663304659,unsupported_ki_window
5317,KR6573357656,missing_explicit_survival_coupon
5323,KR6593315650,missing_explicit_survival_coupon
5332,KR6543315651,nonpositive_annual_coupon
5333,KR6503308654,missing_explicit_survival_coupon
5336,KR6543314654,nonpositive_annual_coupon
5338,KR6593313655,missing_explicit_survival_coupon
5339,KR6543312658,nonpositive_annual_coupon
5344,KR65333A6650,payment_lag_not_identifiable_from_maturity
5346,KR6583351657,payment_lag_not_identifiable_from_maturity
5349,KR6543316659,nonpositive_annual_coupon
5351,KR6503305650,missing_explicit_survival_coupon
5352,KR65333A3657,payment_lag_not_identifiable_from_maturity
5353,KR6543317657,nonpositive_annual_coupon
5363,KR6593328653,missing_explicit_survival_coupon
5364,KR6593332655,missing_explicit_survival_coupon
5367,KR6593330659,missing_explicit_survival_coupon
5370,KR65333BD655,payment_lag_not_identifiable_from_maturity
5374,KR6543328654,nonpositive_annual_coupon
5377,KR6533372654,missing_explicit_survival_coupon
5379,KR65333BC657,payment_lag_not_identifiable_from_maturity
5382,KR65333BA651,payment_lag_not_identifiable_from_maturity
5383,KR6533371656,payment_lag_not_identifiable_from_maturity
5385,KR6573390657,missing_explicit_survival_coupon
5390,KR6503321657,missing_explicit_survival_coupon
5395,KR65333BB659,payment_lag_not_identifiable_from_maturity
5397,KR6663309658,unsupported_ki_window
5398,KR6543327656,nonpositive_annual_coupon
5403,20160504001334_1728,unsupported_ki_window
5404,KR65333AR657,extra_formula_or_level_PMT_1_FRML
5405,KR6583348653,payment_lag_not_identifiable_from_maturity
5406,KR6583352655,payment_lag_not_identifiable_from_maturity
5410,20160504001947_13694,extra_formula_or_level_PMT_1_FRML
5417,20160510000446_15491,missing_explicit_survival_coupon
5419,KR6533374650,missing_explicit_survival_coupon
5423,KR6733302659,payment_lag_not_identifiable_from_maturity
5429,KR6583349651,payment_lag_not_identifiable_from_maturity
5430,KR6583350659,payment_lag_not_identifiable_from_maturity
5433,KR65333BP659,extra_formula_or_level_PMT_1_FRML
5434,KR65333BE653,payment_lag_not_identifiable_from_maturity
5435,KR6513338659,unsupported_ki_window
5436,KR65333B5651,payment_lag_not_identifiable_from_maturity
5438,KR6543329652,nonpositive_annual_coupon
5440,KR65333BN654,missing_explicit_survival_coupon
5441,KR65333BQ657,payment_lag_not_identifiable_from_maturity
5444,KR6583379658,payment_lag_not_identifiable_from_maturity
5445,KR6583380656,payment_lag_not_identifiable_from_maturity
5446,KR6543349650,nonpositive_annual_coupon
5447,KR6543350658,nonpositive_annual_coupon
5448,KR6543344651,nonpositive_annual_coupon
5449,KR6543345658,nonpositive_annual_coupon
5450,KR6543369658,nonpositive_annual_coupon
5451,KR6543363651,nonpositive_annual_coupon
5452,KR6543356655,nonpositive_annual_coupon
5453,KR6543367652,nonpositive_annual_coupon
5454,KR6543338653,nonpositive_annual_coupon
5455,KR6543359659,nonpositive_annual_coupon
5456,KR6543358651,nonpositive_annual_coupon
5457,KR6543355657,nonpositive_annual_coupon
5458,KR6543337655,nonpositive_annual_coupon
5459,KR6543361655,nonpositive_annual_coupon
5460,KR6543360657,nonpositive_annual_coupon
5461,KR6543357653,nonpositive_annual_coupon
5462,KR6543354650,nonpositive_annual_coupon
5463,KR6543362653,nonpositive_annual_coupon
5464,KR6543376653,nonpositive_annual_coupon
5465,KR6543381653,nonpositive_annual_coupon
5466,KR6543377651,nonpositive_annual_coupon
5467,KR6543378659,nonpositive_annual_coupon
5468,KR6543379657,nonpositive_annual_coupon
5469,KR6543380655,nonpositive_annual_coupon
5470,20160513004320_5669,nonpositive_annual_coupon
5476,KR65733BR656,missing_explicit_survival_coupon
5482,KR65333CK658,missing_explicit_survival_coupon
5484,KR6543394656,nonpositive_annual_coupon
5487,KR6543375655,nonpositive_annual_coupon
5489,KR65733C2653,missing_explicit_survival_coupon
5490,KR65333CV655,missing_explicit_survival_coupon
5492,KR65333CM654,extra_formula_or_level_PMT_1_FRML
5495,KR6593370655,missing_explicit_survival_coupon
5497,KR65333CQ655,payment_lag_not_identifiable_from_maturity
5499,KR65333EE657,extra_formula_or_level_PMT_1_FRML
5501,KR6543389656,nonpositive_annual_coupon
5505,KR6733307658,payment_lag_not_identifiable_from_maturity
5507,KR6773330651,missing_explicit_survival_coupon
5513,KR6543387650,nonpositive_annual_coupon
5514,KR6543391652,nonpositive_annual_coupon
5515,KR6593356654,missing_explicit_survival_coupon
5516,KR6543390654,nonpositive_annual_coupon
5520,KR65333CL656,payment_lag_not_identifiable_from_maturity
5521,KR6593357652,missing_explicit_survival_coupon
5523,KR6513395659,unsupported_ki_window
5527,KR6543392650,nonpositive_annual_coupon
5537,KR6593359658,missing_explicit_survival_coupon
5539,KR6663334656,unsupported_ki_window
5547,KR6593355656,missing_explicit_survival_coupon
5552,KR6503375653,missing_explicit_survival_coupon
5557,20160520000104_13740,extra_formula_or_level_PMT_1_FRML
5559,KR65333D1658,payment_lag_not_identifiable_from_maturity
5562,KR65333CZ656,missing_explicit_survival_coupon
5564,KR65333D0650,payment_lag_not_identifiable_from_maturity
5565,KR6533304665,payment_lag_not_identifiable_from_maturity
5570,20160530000565_15624,missing_explicit_survival_coupon
5577,KR6543309662,nonpositive_annual_coupon
5579,KR6543306668,nonpositive_annual_coupon
5581,KR6543308664,nonpositive_annual_coupon
5584,KR6733302667,payment_lag_not_identifiable_from_maturity
5592,KR6533316669,payment_lag_not_identifiable_from_maturity
5594,KR6513310666,unsupported_ki_window
5595,KR6503318661,missing_explicit_survival_coupon
5597,KR6533344661,payment_lag_not_identifiable_from_maturity
5604,KR6503317663,missing_explicit_survival_coupon
5605,KR6533311660,extra_formula_or_level_PMT_1_FRML
5608,KR6553329667,missing_explicit_survival_coupon
5610,20160526000219_13800,extra_formula_or_level_PMT_1_FRML
5617,KR6663303669,unsupported_ki_window
5618,KR6583330669,payment_lag_not_identifiable_from_maturity
5621,KR6533355667,payment_lag_not_identifiable_from_maturity
5625,KR6533346666,payment_lag_not_identifiable_from_maturity
5626,KR6573358662,missing_explicit_survival_coupon
5631,KR6533361665,payment_lag_not_identifiable_from_maturity
5634,KR6533364669,payment_lag_not_identifiable_from_maturity
5635,KR6543316667,nonpositive_annual_coupon
5636,20160527000198_13811,payment_lag_not_identifiable_from_maturity
5637,KR6573370667,missing_explicit_survival_coupon
5640,20160601000025_13833,missing_explicit_survival_coupon
5641,KR6543315669,nonpositive_annual_coupon
5646,KR6543320669,nonpositive_annual_coupon
5648,KR6573378660,missing_explicit_survival_coupon
5650,KR6733303665,payment_lag_not_identifiable_from_maturity
5651,KR6543317665,nonpositive_annual_coupon
5653,KR6533326668,extra_formula_or_level_PMT_1_FRML
5660,20160602000059_13840,missing_explicit_survival_coupon
5665,KR6663307660,unsupported_ki_window
5666,KR6543323663,nonpositive_annual_coupon
5676,KR6533393668,payment_lag_not_identifiable_from_maturity
5677,KR6513339665,unsupported_ki_window
5680,KR6533394666,payment_lag_not_identifiable_from_maturity
5683,KR6593310669,missing_explicit_survival_coupon
5684,KR6503327662,missing_explicit_survival_coupon
5685,KR65333A6668,payment_lag_not_identifiable_from_maturity
5687,KR6503328660,missing_explicit_survival_coupon
5688,KR6593311667,missing_explicit_survival_coupon
5696,KR6543325668,nonpositive_annual_coupon
5699,KR6593312665,missing_explicit_survival_coupon
5702,KR6543324661,nonpositive_annual_coupon
5704,KR6543319661,nonpositive_annual_coupon
5705,KR65333A9662,payment_lag_not_identifiable_from_maturity
5713,KR65733AB660,missing_explicit_survival_coupon
5723,KR6543339669,nonpositive_annual_coupon
5728,KR6543348660,nonpositive_annual_coupon
5730,20160609000116_13870,payment_lag_not_identifiable_from_maturity
5731,KR6733304663,payment_lag_not_identifiable_from_maturity
5733,KR6533372662,extra_formula_or_level_PMT_1_FRML
5736,20160609000142_13878,missing_explicit_survival_coupon
5738,KR6543334660,nonpositive_annual_coupon
5744,KR6533381663,missing_explicit_survival_coupon
5747,20160613000312_1737,unsupported_ki_window
5748,KR65333BE661,payment_lag_not_identifiable_from_maturity
5750,KR6733305660,payment_lag_not_identifiable_from_maturity
5751,KR65333BM664,payment_lag_not_identifiable_from_maturity
5757,KR6513372666,unsupported_ki_window
5758,KR65333BC665,payment_lag_not_identifiable_from_maturity
5759,KR6593336664,missing_explicit_survival_coupon
5762,KR6593337662,missing_explicit_survival_coupon
5764,KR6593335666,missing_explicit_survival_coupon
5765,20160613000337_3567,unsupported_ki_window
5776,KR6503358667,missing_explicit_survival_coupon
5781,KR6503359665,missing_explicit_survival_coupon
5785,KR6583373669,payment_lag_not_identifiable_from_maturity
5790,KR65333BQ665,payment_lag_not_identifiable_from_maturity
5802,20160620000093_15653,missing_explicit_survival_coupon
5807,KR65333AW665,missing_explicit_survival_coupon
5810,KR6733306668,payment_lag_not_identifiable_from_maturity
5812,KR6543351664,nonpositive_annual_coupon
5816,20160616000038_13908,extra_formula_or_level_PMT_1_FRML
5817,KR6543350666,nonpositive_annual_coupon
5819,KR65333AQ667,extra_formula_or_level_PMT_1_FRML
5822,KR65333CA667,payment_lag_not_identifiable_from_maturity
5829,KR65733CR662,missing_explicit_survival_coupon
5830,KR6543366662,nonpositive_annual_coupon
5831,KR65733CQ664,missing_explicit_survival_coupon
5832,KR6593354667,missing_explicit_survival_coupon
5838,KR65333CP665,payment_lag_not_identifiable_from_maturity
5844,KR6593362660,missing_explicit_survival_coupon
5845,KR6593364666,missing_explicit_survival_coupon
5849,KR6543338661,nonpositive_annual_coupon
5855,KR65333C8662,payment_lag_not_identifiable_from_maturity
5856,KR65333C9660,payment_lag_not_identifiable_from_maturity
5860,KR6593355664,missing_explicit_survival_coupon
5861,20160620000305_3570,unsupported_ki_window
5865,KR6593361662,missing_explicit_survival_coupon
5868,KR6593360664,missing_explicit_survival_coupon
5870,KR65133AJ666,unsupported_ki_window
5872,KR65133AH660,unsupported_ki_window
5876,KR6593363668,missing_explicit_survival_coupon
5882,KR65733E0663,missing_explicit_survival_coupon
5887,KR6733308664,payment_lag_not_identifiable_from_maturity
5888,KR6533303675,extra_formula_or_level_PMT_1_FRML
5892,KR6533307676,missing_explicit_survival_coupon
5893,KR6773355666,missing_explicit_survival_coupon
5895,KR65533CZ669,missing_explicit_survival_coupon
5897,KR6593385661,missing_explicit_survival_coupon
5899,KR6593389663,missing_explicit_survival_coupon
5901,KR6593382668,missing_explicit_survival_coupon
5902,KR65133BA663,unsupported_ki_window
5903,KR6533308674,missing_explicit_survival_coupon
5910,KR6593384664,missing_explicit_survival_coupon
5912,KR65133B9663,unsupported_ki_window
5917,20160627000490_15663,missing_explicit_survival_coupon
5919,KR6593383666,missing_explicit_survival_coupon
5921,20160627000918_3572,unsupported_ki_window
5924,KR6533330678,payment_lag_not_identifiable_from_maturity
5927,KR6583312675,payment_lag_not_identifiable_from_maturity
5931,KR6573307677,missing_explicit_survival_coupon
5932,KR6533342673,payment_lag_not_identifiable_from_maturity
5933,KR6533343671,payment_lag_not_identifiable_from_maturity
5937,KR6533345676,payment_lag_not_identifiable_from_maturity
5940,KR6533344679,payment_lag_not_identifiable_from_maturity
5944,KR6593308671,missing_explicit_survival_coupon
5950,KR6573311679,missing_explicit_survival_coupon
5955,KR6533353670,payment_lag_not_identifiable_from_maturity
5957,KR6533354678,missing_explicit_survival_coupon
5966,KR6533358679,payment_lag_not_identifiable_from_maturity
5968,KR6573333673,missing_explicit_survival_coupon
5975,KR6533317675,extra_formula_or_level_PMT_1_FRML
5976,KR6533321677,missing_explicit_survival_coupon
5979,KR6543306676,nonpositive_annual_coupon
5981,KR6573357672,missing_explicit_survival_coupon
5983,KR6533391670,payment_lag_not_identifiable_from_maturity
5984,KR6533392678,payment_lag_not_identifiable_from_maturity
5985,KR6533390672,payment_lag_not_identifiable_from_maturity
5989,KR6533393676,payment_lag_not_identifiable_from_maturity
5991,KR6593316674,missing_explicit_survival_coupon
5995,KR65333A9670,payment_lag_not_identifiable_from_maturity
5997,KR6663308676,unsupported_ki_window
6001,KR6533389674,payment_lag_not_identifiable_from_maturity
6004,KR6593315676,missing_explicit_survival_coupon
6008,KR6593319678,missing_explicit_survival_coupon
6009,KR6593323670,missing_explicit_survival_coupon
6010,KR6513323677,unsupported_ki_window
6011,KR6593322672,missing_explicit_survival_coupon
6014,KR6573368679,missing_explicit_survival_coupon
6016,KR6503323679,missing_explicit_survival_coupon
6023,KR65333A4671,payment_lag_not_identifiable_from_maturity
6024,KR65333A5678,payment_lag_not_identifiable_from_maturity
6037,KR6543318671,nonpositive_annual_coupon
6038,KR6733314670,payment_lag_not_identifiable_from_maturity
6041,KR6533366672,extra_formula_or_level_PMT_1_FRML
6048,KR65733AZ677,missing_explicit_survival_coupon
6051,KR6553359672,missing_explicit_survival_coupon
6052,KR6543313672,nonpositive_annual_coupon
6053,KR65333B4670,payment_lag_not_identifiable_from_maturity
6054,KR6703341679,extra_formula_or_level_STRK_2
6055,KR65333B5677,payment_lag_not_identifiable_from_maturity
6056,KR6513344673,unsupported_ki_window
6057,KR6513345670,unsupported_ki_window
6059,KR6663316679,unsupported_ki_window
6062,KR65333B7673,payment_lag_not_identifiable_from_maturity
6067,KR6593333679,missing_explicit_survival_coupon
6068,KR6593332671,missing_explicit_survival_coupon
6069,KR65833A1672,payment_lag_not_identifiable_from_maturity
6076,KR65333B6675,payment_lag_not_identifiable_from_maturity
6077,KR65333B8671,payment_lag_not_identifiable_from_maturity
6088,KR6593330675,missing_explicit_survival_coupon
6095,KR6543332672,nonpositive_annual_coupon
6096,KR6593345673,missing_explicit_survival_coupon
6099,KR6503379671,missing_explicit_survival_coupon
6108,KR6523364679,missing_explicit_survival_coupon
6111,KR6503346670,missing_explicit_survival_coupon
6112,KR6593346671,missing_explicit_survival_coupon
6117,KR6543322673,nonpositive_annual_coupon
6118,20160714000065_14079,missing_explicit_survival_coupon
6120,KR6773312675,invalid_evaluation_dates
6123,KR65333AH674,extra_formula_or_level_PMT_1_FRML
6125,KR65733CD670,missing_explicit_survival_coupon
6127,20160715000323_1213,invalid_evaluation_dates
6129,KR6733323671,payment_lag_not_identifiable_from_maturity
6131,KR6553395676,missing_explicit_survival_coupon
6132,KR65333AL676,missing_explicit_survival_coupon
6133,KR6503347678,extra_formula_or_level_STRK_2
6134,KR65333CB673,payment_lag_not_identifiable_from_maturity
6135,KR65333CC671,payment_lag_not_identifiable_from_maturity
6136,KR6543337671,nonpositive_annual_coupon
6143,KR6513366676,unsupported_ki_window
6145,KR6703359671,missing_explicit_survival_coupon
6147,KR65833AM673,payment_lag_not_identifiable_from_maturity
6148,KR6543339677,nonpositive_annual_coupon
6150,KR65333CX677,extra_formula_or_level_PMT_1_FRML
6153,KR65533A8670,missing_explicit_survival_coupon
6160,KR6543338679,nonpositive_annual_coupon
6162,KR6663323675,unsupported_ki_window
6163,KR6593361670,missing_explicit_survival_coupon
6164,KR6593362678,missing_explicit_survival_coupon
6165,KR6593365671,missing_explicit_survival_coupon
6166,KR65333CD679,payment_lag_not_identifiable_from_maturity
6168,KR6593363676,missing_explicit_survival_coupon
6172,KR65333CW679,payment_lag_not_identifiable_from_maturity
6184,KR6543344677,nonpositive_annual_coupon
6194,20160726000442_3590,unsupported_ki_window
6195,KR6503397673,extra_formula_or_level_STRK_2
6203,KR6773326675,missing_explicit_survival_coupon
6205,KR65733DB672,missing_explicit_survival_coupon
6207,KR6533309680,missing_explicit_survival_coupon
6208,KR6543340675,nonpositive_annual_coupon
6212,KR6533307684,missing_explicit_survival_coupon
6219,KR6533333680,payment_lag_not_identifiable_from_maturity
6222,KR6703311680,missing_explicit_survival_coupon
6224,KR6593303680,missing_explicit_survival_coupon
6226,KR6553305683,missing_explicit_survival_coupon
6230,KR6533357689,extra_formula_or_level_PMT_1_FRML
6232,KR6513304685,unsupported_ki_window
6234,KR6513303687,unsupported_ki_window
6235,KR6533332682,payment_lag_not_identifiable_from_maturity
6236,KR6593307681,missing_explicit_survival_coupon
6244,KR6703304685,missing_explicit_survival_coupon
6245,KR6523314682,missing_explicit_survival_coupon
6249,KR6533359685,payment_lag_not_identifiable_from_maturity
6250,KR6543308680,nonpositive_annual_coupon
6255,KR6543309688,nonpositive_annual_coupon
6266,KR6543313680,nonpositive_annual_coupon
6275,KR6533324689,missing_explicit_survival_coupon
6276,KR6533322683,missing_explicit_survival_coupon
6277,KR6533323681,missing_explicit_survival_coupon
6278,KR6553316680,missing_explicit_survival_coupon
6279,KR6543310686,nonpositive_annual_coupon
6280,KR6733310686,payment_lag_not_identifiable_from_maturity
6288,KR6503305684,extra_formula_or_level_STRK_2
6290,KR6553332687,missing_explicit_survival_coupon
6292,KR6533390680,payment_lag_not_identifiable_from_maturity
6294,KR6533391688,payment_lag_not_identifiable_from_maturity
6296,KR6513319683,unsupported_ki_window
6297,KR6543314688,nonpositive_annual_coupon
6301,KR6593310685,missing_explicit_survival_coupon
6304,KR6663305680,unsupported_ki_window
6305,20160801001965_3592,unsupported_ki_window
6311,KR6593314687,missing_explicit_survival_coupon
6322,KR6533393684,payment_lag_not_identifiable_from_maturity
6326,KR6593311683,missing_explicit_survival_coupon
6327,KR6533392686,payment_lag_not_identifiable_from_maturity
6328,KR6593313689,missing_explicit_survival_coupon
6333,KR6523335687,missing_explicit_survival_coupon
6334,KR65333AF686,payment_lag_not_identifiable_from_maturity
6343,KR6573387687,missing_explicit_survival_coupon
6347,KR6773307683,missing_explicit_survival_coupon
6351,KR6533370682,missing_explicit_survival_coupon
6352,KR6513348682,unsupported_ki_window
6357,KR65333B7681,payment_lag_not_identifiable_from_maturity
6358,KR6703333684,missing_explicit_survival_coupon
6360,KR65333B2682,payment_lag_not_identifiable_from_maturity
6362,KR65333B0686,missing_explicit_survival_coupon
6363,KR6543329686,nonpositive_annual_coupon
6364,KR6543327680,nonpositive_annual_coupon
6365,KR6543326682,nonpositive_annual_coupon
6366,KR6543334686,nonpositive_annual_coupon
6369,KR6593337688,missing_explicit_survival_coupon
6371,KR6513347684,unsupported_ki_window
6376,KR6773313681,missing_explicit_survival_coupon
6383,KR65333BA685,missing_explicit_survival_coupon
6384,KR6663313684,unsupported_ki_window
6386,KR65733A6680,missing_explicit_survival_coupon
6387,KR65333BB683,missing_explicit_survival_coupon
6389,KR6733322681,payment_lag_not_identifiable_from_maturity
6390,KR6543335683,nonpositive_annual_coupon
6392,KR6533369684,missing_explicit_survival_coupon
6395,KR6593335682,missing_explicit_survival_coupon
6399,KR6593336680,missing_explicit_survival_coupon
6400,KR6533366680,extra_formula_or_level_PMT_1_FRML
6404,KR6593339684,missing_explicit_survival_coupon
6405,KR6773309689,missing_explicit_survival_coupon
6406,KR65333B3680,payment_lag_not_identifiable_from_maturity
6408,KR65333B1684,missing_explicit_survival_coupon
6410,KR65333AZ684,missing_explicit_survival_coupon
6411,KR65333AY687,payment_lag_not_identifiable_from_maturity
6430,KR6543353686,nonpositive_annual_coupon
6435,KR65333CR687,missing_explicit_survival_coupon
6436,KR65333CT683,missing_explicit_survival_coupon
6437,KR65333CV689,payment_lag_not_identifiable_from_maturity
6441,KR6543328688,nonpositive_annual_coupon
6444,KR6523380683,missing_explicit_survival_coupon
6445,KR65733BL683,missing_explicit_survival_coupon
6446,KR6543348686,nonpositive_annual_coupon
6452,KR6733336681,payment_lag_not_identifiable_from_maturity
6458,KR65333DR685,payment_lag_not_identifiable_from_maturity
6460,KR6593391685,missing_explicit_survival_coupon
6461,KR6593392683,missing_explicit_survival_coupon
6462,KR6593390687,missing_explicit_survival_coupon
6465,20160822000105_14272,payment_lag_not_identifiable_from_maturity
6467,KR6593393681,missing_explicit_survival_coupon
6468,KR65533BL687,missing_explicit_survival_coupon
6470,KR65733BZ683,missing_explicit_survival_coupon
6475,20160822000269_3599,unsupported_ki_window
6476,KR6543355681,nonpositive_annual_coupon
6478,KR65133AA681,unsupported_ki_window
6479,KR6703399685,missing_explicit_survival_coupon
6480,KR6503398689,extra_formula_or_level_STRK_2
6484,KR6543352688,nonpositive_annual_coupon
6487,KR65333DQ687,payment_lag_not_identifiable_from_maturity
6488,KR6663319681,monthly_evaluation_outside_life
6493,20160822000088_14271,missing_explicit_survival_coupon
6499,KR65333DP689,payment_lag_not_identifiable_from_maturity
6504,KR65333DV687,payment_lag_not_identifiable_from_maturity
6506,KR65533BV686,extra_formula_or_level_STRK_2
6515,KR65033B2685,unsupported_redemption_structure
6516,KR6533308690,missing_explicit_survival_coupon
6519,KR65733CC680,missing_explicit_survival_coupon
6520,KR6533309698,payment_lag_not_identifiable_from_maturity
6526,KR6523307694,missing_explicit_survival_coupon
6531,KR6533336691,payment_lag_not_identifiable_from_maturity
6537,KR6663302695,monthly_evaluation_outside_life
6542,KR6703304693,missing_explicit_survival_coupon
6544,KR6543303699,nonpositive_annual_coupon
6545,KR6543301693,nonpositive_annual_coupon
6547,KR6543302691,nonpositive_annual_coupon
6550,KR6733301693,payment_lag_not_identifiable_from_maturity
6558,KR6503303697,extra_formula_or_level_STRK_2
6563,KR6533337699,payment_lag_not_identifiable_from_maturity
6565,KR6593308697,missing_explicit_survival_coupon
6566,KR6533338697,payment_lag_not_identifiable_from_maturity
6567,KR6543309696,nonpositive_annual_coupon
6568,KR6543308698,nonpositive_annual_coupon
6569,KR6553311699,missing_explicit_survival_coupon
6570,KR6593305693,missing_explicit_survival_coupon
6571,KR6533339695,payment_lag_not_identifiable_from_maturity
6574,20160825000148_5845,nonpositive_annual_coupon
6577,KR6543307690,nonpositive_annual_coupon
6583,KR6573328699,missing_explicit_survival_coupon
6585,KR6593307699,missing_explicit_survival_coupon
6586,KR6513306698,unsupported_ki_window
6592,KR6593310693,missing_explicit_survival_coupon
6593,KR6553303696,extra_formula_or_level_STRK_2
6594,KR6703310690,payment_lag_not_identifiable_from_maturity
6595,KR6513307696,unsupported_ki_window
6600,KR6543317699,nonpositive_annual_coupon
6614,20160829000050_14330,payment_lag_not_identifiable_from_maturity
6615,KR6533318699,extra_formula_or_level_PMT_1_FRML
6616,KR6533323699,payment_lag_not_identifiable_from_maturity
6621,KR6573345693,missing_explicit_survival_coupon
6622,KR6533322691,missing_explicit_survival_coupon
6624,20160905000133_15870,missing_explicit_survival_coupon
6630,KR6703337693,missing_explicit_survival_coupon
6634,KR6533376697,missing_explicit_survival_coupon
6638,KR6503326698,extra_formula_or_level_STRK_2
6639,KR6543320693,nonpositive_annual_coupon
6643,KR6733317699,payment_lag_not_identifiable_from_maturity
6644,KR6503365696,unsupported_redemption_structure
6653,KR6533359693,extra_formula_or_level_PMT_1_FRML
6656,KR6533362697,missing_explicit_survival_coupon
6659,KR6533363695,payment_lag_not_identifiable_from_maturity
6660,KR6513327694,unsupported_ki_window
6662,KR6593320692,missing_explicit_survival_coupon
6663,KR6573382696,missing_explicit_survival_coupon
6670,KR6533361699,missing_explicit_survival_coupon
6671,KR6593319694,missing_explicit_survival_coupon
6672,KR6593318696,missing_explicit_survival_coupon
6673,KR6593322698,missing_explicit_survival_coupon
6674,KR6593321690,missing_explicit_survival_coupon
6676,KR6553337694,extra_formula_or_level_STRK_2
6678,KR6583393691,payment_lag_not_identifiable_from_maturity
6679,KR6553335698,missing_explicit_survival_coupon
6687,KR65333AG692,payment_lag_not_identifiable_from_maturity
6688,KR65333AD699,payment_lag_not_identifiable_from_maturity
6692,KR6533394690,payment_lag_not_identifiable_from_maturity
6694,KR65333AF694,payment_lag_not_identifiable_from_maturity
6695,KR6533392694,payment_lag_not_identifiable_from_maturity
6696,KR6533391696,payment_lag_not_identifiable_from_maturity
6698,KR6553334691,missing_explicit_survival_coupon
6700,KR6543328696,nonpositive_annual_coupon
6705,KR6543322699,nonpositive_annual_coupon
6706,KR6543323697,nonpositive_annual_coupon
6717,KR6543330692,nonpositive_annual_coupon
6718,KR65733A1699,missing_explicit_survival_coupon
6719,KR6593349691,missing_explicit_survival_coupon
6723,KR6593348693,missing_explicit_survival_coupon
6724,KR6503366694,extra_formula_or_level_STRK_2
6732,KR65333AN698,missing_explicit_survival_coupon
6733,KR6553385693,missing_explicit_survival_coupon
6741,KR6553386691,missing_explicit_survival_coupon
6744,KR65333AP693,extra_formula_or_level_PMT_1_FRML
6745,KR6543341699,nonpositive_annual_coupon
6747,KR6543343695,nonpositive_annual_coupon
6748,KR6543342697,nonpositive_annual_coupon
6750,KR6543358693,nonpositive_annual_coupon
6751,KR6543332698,nonpositive_annual_coupon
6753,KR65733BC690,missing_explicit_survival_coupon
6756,KR6543331690,nonpositive_annual_coupon
6757,KR6543333696,nonpositive_annual_coupon
6758,KR65333A9696,payment_lag_not_identifiable_from_maturity
6759,KR6543337697,nonpositive_annual_coupon
6760,KR65333A4697,extra_formula_or_level_PMT_1_FRML
6762,KR65733B1698,missing_explicit_survival_coupon
6763,KR6553396690,missing_explicit_survival_coupon
6766,KR6543336699,nonpositive_annual_coupon
6767,KR65333A5694,missing_explicit_survival_coupon
6770,KR65333A6692,missing_explicit_survival_coupon
6771,KR6503387690,extra_formula_or_level_STRK_2
6774,KR6543349692,nonpositive_annual_coupon
6776,KR6543335691,nonpositive_annual_coupon
6777,KR6543348694,nonpositive_annual_coupon
6779,KR65333BH698,missing_explicit_survival_coupon
6782,20160913000146_14427,payment_lag_not_identifiable_from_maturity
6784,KR6733327698,payment_lag_not_identifiable_from_maturity
6791,KR6543351698,nonpositive_annual_coupon
6792,KR6593374699,missing_explicit_survival_coupon
6794,KR6703370694,missing_explicit_survival_coupon
6801,KR6543347696,nonpositive_annual_coupon
6805,KR6543340691,nonpositive_annual_coupon
6807,KR6593373691,missing_explicit_survival_coupon
6808,KR6513396699,unsupported_ki_window
6809,KR6593375696,missing_explicit_survival_coupon
6810,KR6593372693,missing_explicit_survival_coupon
6811,KR6513395691,unsupported_ki_window
6817,KR6593371695,missing_explicit_survival_coupon
6820,KR6543353694,nonpositive_annual_coupon
6821,KR65533AM695,extra_formula_or_level_STRK_2
6823,KR6543352696,nonpositive_annual_coupon
6827,KR65533AL697,missing_explicit_survival_coupon
6828,KR65533AK699,missing_explicit_survival_coupon
6831,KR65333CA691,payment_lag_not_identifiable_from_maturity
6832,KR65333C7698,payment_lag_not_identifiable_from_maturity
6836,KR65333CB699,payment_lag_not_identifiable_from_maturity
6837,KR65533AH695,missing_explicit_survival_coupon
6839,KR65333B2690,payment_lag_not_identifiable_from_maturity
6840,KR65733CH697,missing_explicit_survival_coupon
6847,KR65333AY695,extra_formula_or_level_PMT_1_FRML
6848,KR65333B0694,missing_explicit_survival_coupon
6851,KR65033BC695,unsupported_redemption_structure
6857,KR6543365698,nonpositive_annual_coupon
6858,KR6543362695,nonpositive_annual_coupon
6860,KR6543361697,nonpositive_annual_coupon
6862,KR65933A6696,missing_explicit_survival_coupon
6863,KR6733331690,payment_lag_not_identifiable_from_maturity
6866,KR65333D6699,missing_explicit_survival_coupon
6867,KR65733DF699,missing_explicit_survival_coupon
6869,KR65733CR696,missing_explicit_survival_coupon
6871,KR6541366698,nonpositive_annual_coupon
6873,KR65333076A1,extra_formula_or_level_PMT_1_FRML
6886,KR65133AJ690,unsupported_ki_window
6892,KR65733DK699,missing_explicit_survival_coupon
6894,KR6543364691,nonpositive_annual_coupon
6896,KR65733DA690,missing_explicit_survival_coupon
6897,KR65333096A9,missing_explicit_survival_coupon
6898,KR65033AM696,extra_formula_or_level_STRK_2
6899,KR6773344694,missing_explicit_survival_coupon
6900,KR65333106A6,unsupported_PRCP_GRTE_RT
6901,KR65333126A4,payment_lag_not_identifiable_from_maturity
6903,KR6543367694,nonpositive_annual_coupon
6906,KR65333556A2,payment_lag_not_identifiable_from_maturity
6907,KR65933136A7,missing_explicit_survival_coupon
6911,KR65733106A2,missing_explicit_survival_coupon
6913,KR65333516A6,payment_lag_not_identifiable_from_maturity
6921,KR65933056A7,missing_explicit_survival_coupon
6922,KR65933046A8,missing_explicit_survival_coupon
6925,KR65933076A5,missing_explicit_survival_coupon
6930,KR67033036A4,missing_explicit_survival_coupon
6941,KR65333486A2,payment_lag_not_identifiable_from_maturity
6948,KR65733286A2,missing_explicit_survival_coupon
6950,KR65333476A3,payment_lag_not_identifiable_from_maturity
6953,KR65933166A4,missing_explicit_survival_coupon
6954,KR65933156A5,missing_explicit_survival_coupon
6959,KR65333196A7,extra_formula_or_level_PMT_1_FRML
6961,KR67333176A5,payment_lag_not_identifiable_from_maturity
6962,KR65333806A1,missing_explicit_survival_coupon
6963,KR65333796A4,payment_lag_not_identifiable_from_maturity
6967,KR65333226A2,extra_formula_or_level_PMT_1_FRML
6968,20160929000390_14526,missing_explicit_survival_coupon
6977,KR65433106A5,nonpositive_annual_coupon
6979,KR65433096A8,nonpositive_annual_coupon
6983,KR65333266A8,payment_lag_not_identifiable_from_maturity
6985,KR65333206A4,missing_explicit_survival_coupon
6986,KR65333256A9,missing_explicit_survival_coupon
6987,KR65733466A0,missing_explicit_survival_coupon
6988,KR65133106A8,unsupported_ki_window
6991,KR67033096A8,missing_explicit_survival_coupon
6993,KR65133096A1,unsupported_ki_window
6994,KR65333776A6,payment_lag_not_identifiable_from_maturity
6996,KR65333786A5,payment_lag_not_identifiable_from_maturity
6998,KR66633126A9,unsupported_ki_window
7001,KR65133086A2,unsupported_ki_window
7003,KR65433156A0,nonpositive_annual_coupon
7010,KR65333AB6A3,payment_lag_not_identifiable_from_maturity
7011,KR65333AC6A2,missing_explicit_survival_coupon
7012,KR65433186A7,nonpositive_annual_coupon
7013,KR65033246A3,extra_formula_or_level_STRK_2
7014,KR65333AG6A8,payment_lag_not_identifiable_from_maturity
7016,KR65333A46A3,payment_lag_not_identifiable_from_maturity
7017,KR65333AE6A0,missing_explicit_survival_coupon
7018,KR65333AF6A9,extra_formula_or_level_PMT_1_FRML
7019,KR65333AH6A7,payment_lag_not_identifiable_from_maturity
7026,KR65833656A5,payment_lag_not_identifiable_from_maturity
7029,KR65333AD6A1,missing_explicit_survival_coupon
7033,KR65333A56A2,payment_lag_not_identifiable_from_maturity
7034,KR65733876A0,missing_explicit_survival_coupon
7045,KR65333A86A9,payment_lag_not_identifiable_from_maturity
7049,20161010000454_16029,missing_explicit_survival_coupon
7053,KR65733AH6A3,missing_explicit_survival_coupon
7059,KR65333706A3,missing_explicit_survival_coupon
7060,KR65333716A2,missing_explicit_survival_coupon
7063,KR65433146A1,nonpositive_annual_coupon
7065,KR65333736A0,payment_lag_not_identifiable_from_maturity
7067,KR65333676A8,extra_formula_or_level_PMT_1_FRML
7068,KR65333686A7,extra_formula_or_level_PMT_1_FRML
7071,KR65433136A2,nonpositive_annual_coupon
7078,KR65833786A0,payment_lag_not_identifiable_from_maturity
7080,KR65433216A2,nonpositive_annual_coupon
7082,KR65333BY6A5,payment_lag_not_identifiable_from_maturity
7083,KR65833806A6,payment_lag_not_identifiable_from_maturity
7084,KR65833776A1,payment_lag_not_identifiable_from_maturity
7085,KR65333BZ6A4,payment_lag_not_identifiable_from_maturity
7087,KR65333C16A2,missing_explicit_survival_coupon
7091,KR65733A76A1,missing_explicit_survival_coupon
7094,KR65133306A4,unsupported_ki_window
7095,KR67033396A2,missing_explicit_survival_coupon
7101,KR65733A66A2,missing_explicit_survival_coupon
7104,KR65333B86A7,payment_lag_not_identifiable_from_maturity
7107,KR65333C26A1,payment_lag_not_identifiable_from_maturity
7108,KR65333C76A6,missing_explicit_survival_coupon
7110,KR65333C66A7,payment_lag_not_identifiable_from_maturity
7114,KR65333BW6A7,payment_lag_not_identifiable_from_maturity
7116,KR65933366A0,missing_explicit_survival_coupon
7118,20161013000115_16043,missing_explicit_survival_coupon
7124,KR65933376A9,missing_explicit_survival_coupon
7129,KR65733BJ6A0,missing_explicit_survival_coupon
7140,KR67333296A1,payment_lag_not_identifiable_from_maturity
7141,KR65333B06A5,missing_explicit_survival_coupon
7145,KR65733CC6A6,missing_explicit_survival_coupon
7147,KR65433306A1,nonpositive_annual_coupon
7151,KR65433366A5,nonpositive_annual_coupon
7153,KR65433296A4,nonpositive_annual_coupon
7156,KR65333AX6A7,extra_formula_or_level_PMT_1_FRML
7157,KR65333B26A3,missing_explicit_survival_coupon
7158,KR65333B16A4,missing_explicit_survival_coupon
7159,KR65333AW6A8,extra_formula_or_level_PMT_1_FRML
7160,KR65333B36A2,payment_lag_not_identifiable_from_maturity
7163,KR65133666A1,unsupported_ki_window
7164,KR65133656A2,unsupported_ki_window
7165,KR65833AP6A2,payment_lag_not_identifiable_from_maturity
7168,KR65933506A1,missing_explicit_survival_coupon
7170,KR65833AR6A0,payment_lag_not_identifiable_from_maturity
7172,KR65433446A5,nonpositive_annual_coupon
7175,KR65433436A6,nonpositive_annual_coupon
7176,KR66733196A1,monthly_evaluation_outside_life
7178,KR65333DZ6A2,payment_lag_not_identifiable_from_maturity
7181,KR65333E46A5,payment_lag_not_identifiable_from_maturity
7182,KR65333D66A5,payment_lag_not_identifiable_from_maturity
7183,KR65333D76A4,payment_lag_not_identifiable_from_maturity
7184,KR65933536A8,missing_explicit_survival_coupon
7187,KR67033686A6,missing_explicit_survival_coupon
7188,KR67033696A5,missing_explicit_survival_coupon
7192,KR65133676A0,unsupported_ki_window
7193,KR65133826A1,unsupported_ki_window
7194,20161017000338_3632,unsupported_ki_window
7195,KR65333DY6A3,payment_lag_not_identifiable_from_maturity
7197,KR65933516A0,missing_explicit_survival_coupon
7201,KR65333DX6A4,payment_lag_not_identifiable_from_maturity
7202,KR65333ED6A7,missing_explicit_survival_coupon
7204,KR65333E16A8,payment_lag_not_identifiable_from_maturity
7207,KR65933456A9,missing_explicit_survival_coupon
7208,KR65433416A8,nonpositive_annual_coupon
7209,KR65433506A6,nonpositive_annual_coupon
7210,KR65333EA6A0,payment_lag_not_identifiable_from_maturity
7211,KR65333E26A7,missing_explicit_survival_coupon
7212,KR65333EC6A8,payment_lag_not_identifiable_from_maturity
7213,KR65333EB6A9,missing_explicit_survival_coupon
7215,KR65333E36A6,payment_lag_not_identifiable_from_maturity
7217,KR65033886A6,extra_formula_or_level_STRK_2
7221,KR65333CQ6A4,missing_explicit_survival_coupon
7222,KR65333CK6A0,extra_formula_or_level_PMT_1_FRML
7225,KR65333CJ6A3,extra_formula_or_level_PMT_1_FRML
7227,KR65333CN6A7,missing_explicit_survival_coupon
7231,KR65333CP6A5,missing_explicit_survival_coupon
7234,KR65233AN6A0,missing_explicit_survival_coupon
7235,KR65733CF6A3,missing_explicit_survival_coupon
7244,KR65433526A4,nonpositive_annual_coupon
7245,KR65433516A5,nonpositive_annual_coupon
7251,KR65933726A5,missing_explicit_survival_coupon
7252,KR65733E26A8,missing_explicit_survival_coupon
7254,KR67333366A2,payment_lag_not_identifiable_from_maturity
7263,KR65933786A9,missing_explicit_survival_coupon
7264,KR65933766A1,missing_explicit_survival_coupon
7265,KR65933776A0,missing_explicit_survival_coupon
7266,KR65133A26A9,unsupported_ki_window
7268,KR65833BL6A5,payment_lag_not_identifiable_from_maturity
7269,KR65933716A6,missing_explicit_survival_coupon
7272,KR65333F46A2,extra_formula_or_level_PMT_1_FRML
7274,KR67033AA6A3,missing_explicit_survival_coupon
7275,KR65333126B2,missing_explicit_survival_coupon
7278,KR65333086B8,extra_formula_or_level_PMT_1_FRML
7279,KR65333136B1,missing_explicit_survival_coupon
7283,KR65333F36A3,payment_lag_not_identifiable_from_maturity
7286,KR65333116B3,missing_explicit_survival_coupon
7287,KR65333156B9,unsupported_PRCP_GRTE_RT
7289,KR65333076B9,extra_formula_or_level_PMT_1_FRML
7293,KR65133976A4,unsupported_ki_window
7295,KR65333FL6A6,payment_lag_not_identifiable_from_maturity
7296,KR65333FG6A3,payment_lag_not_identifiable_from_maturity
7297,KR65333FH6A2,payment_lag_not_identifiable_from_maturity
7298,KR65333FE6A5,extra_formula_or_level_PMT_1_FRML
7300,KR65333FK6A7,missing_explicit_survival_coupon
7301,KR65933796A8,missing_explicit_survival_coupon
7302,KR65333FF6A4,extra_formula_or_level_PMT_1_FRML
7303,KR65933016B9,missing_explicit_survival_coupon
7306,KR65333466B2,payment_lag_not_identifiable_from_maturity
7308,KR65333476B1,missing_explicit_survival_coupon
7309,KR65433036B2,nonpositive_annual_coupon
7310,KR65433066B9,nonpositive_annual_coupon
7314,KR65333446B4,missing_explicit_survival_coupon
7316,KR65333456B3,missing_explicit_survival_coupon
7318,KR65033016B8,extra_formula_or_level_STRK_2
7321,KR65333286B4,payment_lag_not_identifiable_from_maturity
7322,KR65333436B5,payment_lag_not_identifiable_from_maturity
7333,KR65333706B1,extra_formula_or_level_PMT_1_FRML
7337,KR65933196B9,missing_explicit_survival_coupon
7338,KR65733396B7,missing_explicit_survival_coupon
7340,KR65333276B5,missing_explicit_survival_coupon
7341,KR65333266B6,missing_explicit_survival_coupon
7343,KR65333226B0,extra_formula_or_level_PMT_1_FRML
7344,KR65333216B1,extra_formula_or_level_PMT_1_FRML
7349,KR65433076B8,nonpositive_annual_coupon
7351,KR67333036B9,payment_lag_not_identifiable_from_maturity
7352,KR66593036B6,averaging_not_supported
7353,KR65333256B7,missing_explicit_survival_coupon
7354,KR65333486B0,unsupported_PRCP_GRTE_RT
7358,KR65133206B4,unsupported_ki_window
7365,KR65933116B7,missing_explicit_survival_coupon
7367,KR67033106B3,missing_explicit_survival_coupon
7369,KR65333896B0,payment_lag_not_identifiable_from_maturity
7370,KR65833156B4,payment_lag_not_identifiable_from_maturity
7372,KR65333726B9,payment_lag_not_identifiable_from_maturity
7374,KR65333716B0,payment_lag_not_identifiable_from_maturity
7378,KR65933096B1,missing_explicit_survival_coupon
7379,KR65133106B6,unsupported_ki_window
7380,KR65933176B1,missing_explicit_survival_coupon
7384,KR65133116B5,unsupported_ki_window
7389,20161031000363_3639,unsupported_ki_window
7393,KR65333936B4,payment_lag_not_identifiable_from_maturity
7394,KR65533116B1,missing_explicit_survival_coupon
7395,KR65333946B3,extra_formula_or_level_PMT_1_FRML
7398,KR65333926B5,payment_lag_not_identifiable_from_maturity
7399,KR65433186B5,nonpositive_annual_coupon
7402,KR65333A16B4,missing_explicit_survival_coupon
7406,KR65333A06B5,missing_explicit_survival_coupon
7407,KR65333996B8,payment_lag_not_identifiable_from_maturity
7408,KR65333876B2,payment_lag_not_identifiable_from_maturity
7409,KR65333886B1,payment_lag_not_identifiable_from_maturity
7410,KR65033196B8,extra_formula_or_level_STRK_2
7416,KR65333986B9,payment_lag_not_identifiable_from_maturity
7417,KR65333916B6,payment_lag_not_identifiable_from_maturity
7418,KR65733626B7,missing_explicit_survival_coupon
7433,KR65733436B1,missing_explicit_survival_coupon
7436,KR65333AL6B9,payment_lag_not_identifiable_from_maturity
7437,KR65933486B4,missing_explicit_survival_coupon
7438,KR65933476B5,missing_explicit_survival_coupon
7442,KR65133566B1,unsupported_ki_window
7443,KR65133476B3,unsupported_ki_window
7445,KR65333AD6B9,payment_lag_not_identifiable_from_maturity
7446,KR65333AK6B0,payment_lag_not_identifiable_from_maturity
7447,KR65333AM6B8,payment_lag_not_identifiable_from_maturity
7448,KR65833846B0,payment_lag_not_identifiable_from_maturity
7449,KR65133456B5,unsupported_ki_window
7453,KR65733796B8,missing_explicit_survival_coupon
7454,KR66633216B6,unsupported_ki_window
7457,KR65933396B5,missing_explicit_survival_coupon
7460,KR65333656B8,extra_formula_or_level_PMT_1_FRML
7461,KR65433326B7,nonpositive_annual_coupon
7463,KR65133466B4,unsupported_ki_window
7465,KR65833826B2,payment_lag_not_identifiable_from_maturity
7466,KR65433296B2,nonpositive_annual_coupon
7467,KR67333096B3,payment_lag_not_identifiable_from_maturity
7469,KR65333AG6B6,payment_lag_not_identifiable_from_maturity
7473,KR65333616B2,missing_explicit_survival_coupon
7480,KR65333666B7,extra_formula_or_level_PMT_1_FRML
7481,KR65933496B3,missing_explicit_survival_coupon
7483,KR65333676B6,missing_explicit_survival_coupon
7484,KR65333AJ6B3,missing_explicit_survival_coupon
7489,KR65933426B0,missing_explicit_survival_coupon
7495,KR65433276B4,nonpositive_annual_coupon
7496,KR65433256B6,nonpositive_annual_coupon
7498,KR65933416B1,missing_explicit_survival_coupon
7499,KR65933406B2,missing_explicit_survival_coupon
7500,KR65433306B9,nonpositive_annual_coupon
7504,KR65433376B2,nonpositive_annual_coupon
7505,KR65433386B1,nonpositive_annual_coupon
7506,KR65433346B5,nonpositive_annual_coupon
7510,KR65033476B4,extra_formula_or_level_STRK_2
7513,KR65433466B1,nonpositive_annual_coupon
7514,KR65433456B2,nonpositive_annual_coupon
7519,KR65333CT6B9,extra_formula_or_level_PMT_1_FRML
7521,KR65933AC6B4,missing_explicit_survival_coupon
7523,KR65333BC6B9,missing_explicit_survival_coupon
7524,KR65333B56B8,payment_lag_not_identifiable_from_maturity
7525,KR65333BA6B1,missing_explicit_survival_coupon
7528,KR65433566B8,nonpositive_annual_coupon
7530,KR65233A56B2,missing_explicit_survival_coupon
7531,KR65433596B5,nonpositive_annual_coupon
7532,KR65333BB6B0,missing_explicit_survival_coupon
7534,KR65333B76B6,extra_formula_or_level_PMT_1_FRML
7535,KR65333B86B5,extra_formula_or_level_PMT_1_FRML
7537,KR66593216B4,averaging_not_supported
7541,KR65433576B7,nonpositive_annual_coupon
7543,KR67333266B2,payment_lag_not_identifiable_from_maturity
7546,KR65333DW6B3,payment_lag_not_identifiable_from_maturity
7547,KR65133AK6B2,unsupported_ki_window
7549,KR65333D96B0,payment_lag_not_identifiable_from_maturity
7552,KR65933916B0,missing_explicit_survival_coupon
7556,KR65933886B5,missing_explicit_survival_coupon
7557,KR65933906B1,missing_explicit_survival_coupon
7558,KR65133A96B0,unsupported_ki_window
7559,KR65333DA6B9,payment_lag_not_identifiable_from_maturity
7561,KR65133AB6B3,unsupported_ki_window
7562,KR65333DX6B2,payment_lag_not_identifiable_from_maturity
7564,KR65433696B3,nonpositive_annual_coupon
7565,KR65833B86B4,payment_lag_not_identifiable_from_maturity
7566,KR65333DV6B4,payment_lag_not_identifiable_from_maturity
7568,20161121000212_3653,unsupported_ki_window
7570,KR65933896B4,missing_explicit_survival_coupon
7571,KR65433606B2,nonpositive_annual_coupon
7573,KR65333DY6B1,missing_explicit_survival_coupon
7577,KR65333DB6B8,payment_lag_not_identifiable_from_maturity
7578,KR65433726B8,nonpositive_annual_coupon
7580,KR65333E26B5,payment_lag_not_identifiable_from_maturity
7581,KR65433706B0,nonpositive_annual_coupon
7585,KR65333E16B6,missing_explicit_survival_coupon
7587,KR65333DR6B0,payment_lag_not_identifiable_from_maturity
7588,KR65333E46B3,missing_explicit_survival_coupon
7591,KR65333DT6B8,payment_lag_not_identifiable_from_maturity
7594,KR65033AF6B0,extra_formula_or_level_STRK_2
7598,KR65733AW6B2,missing_explicit_survival_coupon
7600,KR65333E36B4,payment_lag_not_identifiable_from_maturity
7603,KR65333066C8,payment_lag_not_identifiable_from_maturity
7604,KR65333146C8,missing_explicit_survival_coupon
7608,KR65333096C5,extra_formula_or_level_PMT_1_FRML
7610,KR65333136C9,missing_explicit_survival_coupon
7611,KR65333156C7,missing_explicit_survival_coupon
7615,KR65733CK6B4,missing_explicit_survival_coupon
7625,KR65433016C2,nonpositive_annual_coupon
7626,KR65433026C1,nonpositive_annual_coupon
7636,KR65333546C9,payment_lag_not_identifiable_from_maturity
7637,KR65133176C7,unsupported_ki_window
7638,KR65933056C3,missing_explicit_survival_coupon
7643,KR65933046C4,missing_explicit_survival_coupon
7644,KR65133076C9,unsupported_ki_window
7645,KR65133096C7,unsupported_ki_window
7646,KR65933036C5,missing_explicit_survival_coupon
7651,KR65933096C9,missing_explicit_survival_coupon
7653,KR65933026C6,missing_explicit_survival_coupon
7655,KR65933066C2,missing_explicit_survival_coupon
7660,KR65333406C6,payment_lag_not_identifiable_from_maturity
7661,KR65333416C5,payment_lag_not_identifiable_from_maturity
7663,KR65333586C5,payment_lag_not_identifiable_from_maturity
7664,KR65333566C7,payment_lag_not_identifiable_from_maturity
7667,KR65333596C4,payment_lag_not_identifiable_from_maturity
7673,KR65333286C2,missing_explicit_survival_coupon
7674,KR65333526C1,payment_lag_not_identifiable_from_maturity
7676,KR65433216C8,nonpositive_annual_coupon
7677,KR65333876C0,missing_explicit_survival_coupon
7679,KR65333276C3,missing_explicit_survival_coupon
7680,KR65333296C1,missing_explicit_survival_coupon
7682,KR65733116C7,missing_explicit_survival_coupon
7683,KR65333826C5,missing_explicit_survival_coupon
7684,KR65333836C4,payment_lag_not_identifiable_from_maturity
7685,KR65433156C6,nonpositive_annual_coupon
7686,KR65333516C2,payment_lag_not_identifiable_from_maturity
7687,KR65333486C8,payment_lag_not_identifiable_from_maturity
7689,KR65333496C7,payment_lag_not_identifiable_from_maturity
7693,KR65333846C3,missing_explicit_survival_coupon
7694,20161129000051_14936,payment_lag_not_identifiable_from_maturity
7696,KR65033086C9,extra_formula_or_level_STRK_2
7698,KR65333896C8,payment_lag_not_identifiable_from_maturity
7699,KR65333886C9,missing_explicit_survival_coupon
7701,KR65333816C6,missing_explicit_survival_coupon
7702,KR65333506C3,payment_lag_not_identifiable_from_maturity
7705,KR65333256C5,extra_formula_or_level_PMT_1_FRML
7708,KR65333806C7,missing_explicit_survival_coupon
7714,KR65733436C9,missing_explicit_survival_coupon
7723,KR65333736C6,extra_formula_or_level_PMT_1_FRML
7724,KR65333766C3,missing_explicit_survival_coupon
7734,KR65433296C0,nonpositive_annual_coupon
7736,20161205000083_15000,missing_explicit_survival_coupon
7738,20161205000083_14999,payment_lag_not_identifiable_from_maturity
7739,KR65333776C2,missing_explicit_survival_coupon
7740,KR65433266C3,nonpositive_annual_coupon
7741,KR65433326C5,nonpositive_annual_coupon
7748,KR65933166C0,missing_explicit_survival_coupon
7752,KR65133476C1,unsupported_ki_window
7758,KR65333B36C8,payment_lag_not_identifiable_from_maturity
7759,KR65333B56C6,payment_lag_not_identifiable_from_maturity
7761,KR67033236C6,missing_explicit_survival_coupon
7763,KR65933146C2,missing_explicit_survival_coupon
7764,KR65933156C1,missing_explicit_survival_coupon
7766,KR65333AL6C7,payment_lag_not_identifiable_from_maturity
7768,KR65333B66C5,extra_formula_or_level_PMT_1_FRML
7774,KR65833326C1,payment_lag_not_identifiable_from_maturity
7775,KR65133376C3,unsupported_ki_window
7776,KR65333AM6C6,payment_lag_not_identifiable_from_maturity
7777,KR65733686C9,missing_explicit_survival_coupon
7778,KR65333BG6C3,missing_explicit_survival_coupon
7780,KR65333BC6C7,payment_lag_not_identifiable_from_maturity
7782,KR65333B96C2,payment_lag_not_identifiable_from_maturity
7785,KR65333BE6C5,payment_lag_not_identifiable_from_maturity
7787,KR65333BB6C8,payment_lag_not_identifiable_from_maturity
7788,KR65333BF6C4,payment_lag_not_identifiable_from_maturity
7790,KR65333BA6C9,payment_lag_not_identifiable_from_maturity
7793,KR65333BK6C7,missing_explicit_survival_coupon
7795,KR65333BJ6C0,missing_explicit_survival_coupon
7807,KR65433446C1,nonpositive_annual_coupon
7811,KR65733BK6C3,missing_explicit_survival_coupon
7814,20161208000020_15015,missing_explicit_survival_coupon
7815,KR65333A56C8,payment_lag_not_identifiable_from_maturity
7817,KR65333AC6C8,missing_explicit_survival_coupon
7821,KR65333AD6C7,missing_explicit_survival_coupon
7822,KR65333A86C5,extra_formula_or_level_PMT_1_FRML
7824,KR67333266C0,payment_lag_not_identifiable_from_maturity
7834,KR65133766C5,unsupported_ki_window
7835,KR65933496C1,missing_explicit_survival_coupon
7836,KR65333CV6C3,extra_formula_or_level_PMT_1_FRML
7837,KR65333CY6C0,payment_lag_not_identifiable_from_maturity
7838,KR65333CS6C8,payment_lag_not_identifiable_from_maturity
7840,KR65133696C4,unsupported_ki_window
7841,20161208000023_15021,payment_lag_not_identifiable_from_maturity
7845,KR65933476C3,missing_explicit_survival_coupon
7848,KR65333C96C0,payment_lag_not_identifiable_from_maturity
7854,KR66633266C9,unsupported_ki_window
7857,KR65133706C1,unsupported_ki_window
7858,KR65333CA6C8,payment_lag_not_identifiable_from_maturity
7860,KR65333D36C4,payment_lag_not_identifiable_from_maturity
7862,KR65333CP6C1,payment_lag_not_identifiable_from_maturity
7871,KR65333CQ6C0,missing_explicit_survival_coupon
7872,KR65333D56C2,payment_lag_not_identifiable_from_maturity
7873,KR65333D66C1,missing_explicit_survival_coupon
7878,KR65733BT6C4,missing_explicit_survival_coupon
7880,KR65333CR6C9,payment_lag_not_identifiable_from_maturity
7889,KR65333C06C9,missing_explicit_survival_coupon
7892,KR65333C26C7,missing_explicit_survival_coupon
7895,KR65333C16C8,missing_explicit_survival_coupon
7896,KR65933636C2,missing_explicit_survival_coupon
7900,KR65333D26C5,missing_explicit_survival_coupon
7902,KR65333BW6C3,extra_formula_or_level_PMT_1_FRML
7905,KR65933646C1,missing_explicit_survival_coupon
7912,KR65333BZ6C0,missing_explicit_survival_coupon
7914,KR65333DY6C9,payment_lag_not_identifiable_from_maturity
7916,KR65733E36C3,missing_explicit_survival_coupon
7921,KR65133A76C0,unsupported_ki_window
7922,KR65133A66C1,unsupported_ki_window
7923,KR65133AF6C7,unsupported_ki_window
7925,KR67033626C8,missing_explicit_survival_coupon
7934,KR65333EP6C9,missing_explicit_survival_coupon
7937,KR65333EN6C1,payment_lag_not_identifiable_from_maturity
7939,KR65233AG6C5,missing_explicit_survival_coupon
7942,KR65733DK6C1,missing_explicit_survival_coupon
7945,KR65333DP6C0,missing_explicit_survival_coupon
7946,KR65333DS6C7,unsupported_PRCP_GRTE_RT
7953,KR65333DL6C4,extra_formula_or_level_PMT_1_FRML
7955,KR65333DQ6C9,missing_explicit_survival_coupon
7956,KR66733256C9,monthly_evaluation_outside_life
7957,KR65333DR6C8,payment_lag_not_identifiable_from_maturity
7959,KR65333DM6C3,missing_explicit_survival_coupon
7979,KR65733FM6C7,missing_explicit_survival_coupon
7984,KR6543305710,nonpositive_annual_coupon
7985,KR6533320711,payment_lag_not_identifiable_from_maturity
7986,KR6533319713,missing_explicit_survival_coupon
7990,KR6573301712,missing_explicit_survival_coupon
7995,KR6573330711,missing_explicit_survival_coupon
8005,KR6533318715,payment_lag_not_identifiable_from_maturity
8009,KR6533309714,missing_explicit_survival_coupon
8011,KR6533340719,payment_lag_not_identifiable_from_maturity
8014,KR6533310712,missing_explicit_survival_coupon
8020,KR6533311710,missing_explicit_survival_coupon
8024,KR6533307718,extra_formula_or_level_PMT_1_FRML
8025,KR6533341717,missing_explicit_survival_coupon
8029,KR6533305712,payment_lag_not_identifiable_from_maturity
8032,KR6513304719,unsupported_ki_window
8033,KR6513305716,unsupported_ki_window
8042,KR6573383710,missing_explicit_survival_coupon
8043,KR6533359719,extra_formula_or_level_PMT_1_FRML
8044,KR6533358711,payment_lag_not_identifiable_from_maturity
8053,KR6513313710,unsupported_ki_window
8075,KR6533370716,missing_explicit_survival_coupon
8076,KR6573377712,missing_explicit_survival_coupon
8081,KR6533364719,payment_lag_not_identifiable_from_maturity
8087,KR65733A2713,missing_explicit_survival_coupon
8093,KR6533331718,missing_explicit_survival_coupon
8094,KR6583334711,payment_lag_not_identifiable_from_maturity
8096,KR6583330719,payment_lag_not_identifiable_from_maturity
8103,KR6533333714,missing_explicit_survival_coupon
8105,KR6583332715,payment_lag_not_identifiable_from_maturity
8106,KR6533329712,extra_formula_or_level_PMT_1_FRML
8109,KR6533332716,payment_lag_not_identifiable_from_maturity
8126,KR6513332710,unsupported_ki_window
8129,KR6513325714,unsupported_ki_window
8134,KR6663308718,unsupported_ki_window
8151,KR65333AM716,payment_lag_not_identifiable_from_maturity
8157,KR6503368716,extra_formula_or_level_STRK_2
8161,KR65733BM715,missing_explicit_survival_coupon
8169,KR65333AK710,payment_lag_not_identifiable_from_maturity
8178,KR65333AL718,payment_lag_not_identifiable_from_maturity
8182,KR6523349712,missing_explicit_survival_coupon
8187,KR65333BH714,missing_explicit_survival_coupon
8190,KR6533382711,missing_explicit_survival_coupon
8193,KR6583385713,missing_explicit_survival_coupon
8196,20170117000208_1619,payment_lag_not_identifiable_from_maturity
8198,KR6583383718,payment_lag_not_identifiable_from_maturity
8199,KR6533383719,missing_explicit_survival_coupon
8201,KR6583381712,payment_lag_not_identifiable_from_maturity
8202,KR6533379717,extra_formula_or_level_PMT_1_FRML
8204,KR6583379716,payment_lag_not_identifiable_from_maturity
8206,KR65733CE710,missing_explicit_survival_coupon
8233,KR6513364713,unsupported_ki_window
8237,KR6513358715,payment_lag_not_identifiable_from_maturity
8239,KR65333C5718,payment_lag_not_identifiable_from_maturity
8240,KR6513355711,payment_lag_not_identifiable_from_maturity
8242,KR65333BD713,payment_lag_not_identifiable_from_maturity
8243,KR65333BE711,payment_lag_not_identifiable_from_maturity
8246,KR6513356719,payment_lag_not_identifiable_from_maturity
8253,KR65033AC713,extra_formula_or_level_STRK_2
8254,KR65333C2715,payment_lag_not_identifiable_from_maturity
8256,KR65333CL714,missing_explicit_survival_coupon
8257,KR65333CH712,missing_explicit_survival_coupon
8259,KR65333C3713,extra_formula_or_level_PMT_1_FRML
8263,KR65033AB715,extra_formula_or_level_STRK_2
8264,KR65333C8712,payment_lag_not_identifiable_from_maturity
8265,KR65333CK716,payment_lag_not_identifiable_from_maturity
8271,KR65333C9710,payment_lag_not_identifiable_from_maturity
8272,KR65333C4711,payment_lag_not_identifiable_from_maturity
8273,KR65333CJ718,missing_explicit_survival_coupon
8289,KR65333DG712,payment_lag_not_identifiable_from_maturity
8292,KR6513382715,unsupported_ki_window
8294,KR65833AJ711,payment_lag_not_identifiable_from_maturity
8295,KR65833AN713,missing_explicit_survival_coupon
8296,KR65333B2716,missing_explicit_survival_coupon
8297,KR65333AZ718,extra_formula_or_level_PMT_1_FRML
8298,KR65833AL717,payment_lag_not_identifiable_from_maturity
8300,KR65333B1718,payment_lag_not_identifiable_from_maturity
8304,KR65833AD714,monthly_evaluation_outside_life
8314,KR6513388712,unsupported_ki_window
8315,KR6513383713,unsupported_ki_window
8318,20170124000244_1623,payment_lag_not_identifiable_from_maturity
8319,KR65333DH710,payment_lag_not_identifiable_from_maturity
8322,KR65733E5712,missing_explicit_survival_coupon
8326,20170123000312_3683,unsupported_ki_window
8332,KR6533330728,extra_formula_or_level_PMT_1_FRML
8336,KR6533328722,payment_lag_not_identifiable_from_maturity
8341,KR6503339725,extra_formula_or_level_STRK_2
8342,KR6533316727,payment_lag_not_identifiable_from_maturity
8344,20170119000038_15277,payment_lag_not_identifiable_from_maturity
8348,KR6533326726,payment_lag_not_identifiable_from_maturity
8353,KR6533339729,payment_lag_not_identifiable_from_maturity
8354,KR6533324721,payment_lag_not_identifiable_from_maturity
8356,KR6533340727,missing_explicit_survival_coupon
8359,KR6533333722,extra_formula_or_level_PMT_1_FRML
8363,KR6533332724,payment_lag_not_identifiable_from_maturity
8366,KR6533331726,extra_formula_or_level_PMT_1_FRML
8367,KR6533329720,payment_lag_not_identifiable_from_maturity
8369,KR6533322725,payment_lag_not_identifiable_from_maturity
8370,KR6533338721,missing_explicit_survival_coupon
8375,KR6733308722,payment_lag_not_identifiable_from_maturity
8376,KR6583322724,payment_lag_not_identifiable_from_maturity
8378,KR6533314722,missing_explicit_survival_coupon
8380,KR6533309722,missing_explicit_survival_coupon
8381,KR6533308724,missing_explicit_survival_coupon
8382,KR6583318722,payment_lag_not_identifiable_from_maturity
8384,KR6573325729,missing_explicit_survival_coupon
8387,KR6533305720,extra_formula_or_level_PMT_1_FRML
8390,KR6503317721,extra_formula_or_level_STRK_2
8393,KR6583320728,payment_lag_not_identifiable_from_maturity
8396,KR6503316723,extra_formula_or_level_STRK_2
8400,KR6533307726,missing_explicit_survival_coupon
8401,KR6533385722,payment_lag_not_identifiable_from_maturity
8403,KR6533362721,payment_lag_not_identifiable_from_maturity
8408,KR6513303729,unsupported_ki_window
8410,KR6673304723,monthly_evaluation_outside_life
8412,KR6513302721,unsupported_ki_window
8416,KR6533379725,payment_lag_not_identifiable_from_maturity
8419,20170131000199_3687,unsupported_ki_window
8429,KR6573346725,missing_explicit_survival_coupon
8434,KR6533378727,payment_lag_not_identifiable_from_maturity
8435,KR6533384725,payment_lag_not_identifiable_from_maturity
8436,KR6533389724,payment_lag_not_identifiable_from_maturity
8437,KR6533382729,payment_lag_not_identifiable_from_maturity
8438,KR6533387728,payment_lag_not_identifiable_from_maturity
8441,KR6533380723,payment_lag_not_identifiable_from_maturity
8443,KR6533381721,payment_lag_not_identifiable_from_maturity
8444,KR6533399723,missing_explicit_survival_coupon
8449,KR6533383727,payment_lag_not_identifiable_from_maturity
8450,20170126000197_15335,missing_explicit_survival_coupon
8454,KR6533386720,extra_formula_or_level_PMT_1_FRML
8455,KR65333A3723,payment_lag_not_identifiable_from_maturity
8456,KR6503337729,extra_formula_or_level_STRK_2
8459,KR65333A6726,payment_lag_not_identifiable_from_maturity
8462,KR65333A4721,extra_formula_or_level_PMT_1_FRML
8463,KR65333A5728,missing_explicit_survival_coupon
8471,KR6503336721,extra_formula_or_level_STRK_2
8482,KR6659313722,averaging_not_supported
8484,KR6523349720,missing_explicit_survival_coupon
8486,KR6583354727,payment_lag_not_identifiable_from_maturity
8487,KR6583358728,payment_lag_not_identifiable_from_maturity
8489,KR6533353720,extra_formula_or_level_PMT_1_FRML
8490,KR6533356723,missing_explicit_survival_coupon
8492,KR65333B4720,payment_lag_not_identifiable_from_maturity
8496,KR6533358729,missing_explicit_survival_coupon
8497,KR6533355725,missing_explicit_survival_coupon
8498,KR6583356722,payment_lag_not_identifiable_from_maturity
8499,KR6533359727,unsupported_PRCP_GRTE_RT
8505,KR6733313722,payment_lag_not_identifiable_from_maturity
8509,KR65333BZ724,payment_lag_not_identifiable_from_maturity
8521,KR65733AK729,missing_explicit_survival_coupon
8530,KR6513332728,unsupported_ki_window
8531,KR65333B3722,payment_lag_not_identifiable_from_maturity
8537,20170206000391_1808,monthly_evaluation_outside_life
8538,KR6513324725,unsupported_ki_window
8539,KR6513326720,unsupported_ki_window
8541,KR6513325722,unsupported_ki_window
8544,KR65333BY727,payment_lag_not_identifiable_from_maturity
8547,KR65333C4729,payment_lag_not_identifiable_from_maturity
8548,KR65333C7722,payment_lag_not_identifiable_from_maturity
8555,KR65333C6724,extra_formula_or_level_PMT_1_FRML
8556,KR65333C5726,payment_lag_not_identifiable_from_maturity
8557,KR65333C2723,payment_lag_not_identifiable_from_maturity
8558,KR65333C3721,payment_lag_not_identifiable_from_maturity
8559,KR65333C1725,payment_lag_not_identifiable_from_maturity
8573,KR6583363728,missing_explicit_survival_coupon
8575,KR6583360724,missing_explicit_survival_coupon
8577,KR65733B3728,missing_explicit_survival_coupon
8587,KR65233AE723,missing_explicit_survival_coupon
8589,KR65333CR729,missing_explicit_survival_coupon
8590,KR6503373724,extra_formula_or_level_STRK_2
8592,KR6583361722,missing_explicit_survival_coupon
8594,KR65333CQ721,missing_explicit_survival_coupon
8597,KR65333AL726,missing_explicit_survival_coupon
8598,KR65333CE727,missing_explicit_survival_coupon
8599,KR65333CF724,missing_explicit_survival_coupon
8602,KR65333AK728,extra_formula_or_level_PMT_1_FRML
8603,KR65333AR723,missing_explicit_survival_coupon
8604,KR65333AM724,missing_explicit_survival_coupon
8606,KR65833A9725,payment_lag_not_identifiable_from_maturity
8607,KR65833A7729,payment_lag_not_identifiable_from_maturity
8608,KR65833AB726,payment_lag_not_identifiable_from_maturity
8609,KR65833AD722,missing_explicit_survival_coupon
8617,KR65733C9724,missing_explicit_survival_coupon
8618,KR6733321725,payment_lag_not_identifiable_from_maturity
8619,KR65333AS721,missing_explicit_survival_coupon
8620,KR65333AQ725,missing_explicit_survival_coupon
8631,KR6513358723,unsupported_ki_window
8640,KR6513357725,unsupported_ki_window
8641,KR65333DH728,payment_lag_not_identifiable_from_maturity
8642,KR6513364721,unsupported_ki_window
8644,KR65333EC727,payment_lag_not_identifiable_from_maturity
8649,KR65333EK720,missing_explicit_survival_coupon
8650,KR65333EH726,payment_lag_not_identifiable_from_maturity
8654,KR65333EN724,extra_formula_or_level_PMT_1_FRML
8655,KR65333EF720,extra_formula_or_level_PMT_1_FRML
8665,KR65333E8728,missing_explicit_survival_coupon
8673,KR65333EJ722,payment_lag_not_identifiable_from_maturity
8674,KR65333EB729,payment_lag_not_identifiable_from_maturity
8675,KR65333EA721,payment_lag_not_identifiable_from_maturity
8677,KR65333ED725,extra_formula_or_level_PMT_1_FRML
8684,KR65333F2720,extra_formula_or_level_PMT_1_FRML
8686,KR65333F0724,missing_explicit_survival_coupon
8696,KR65333D7721,extra_formula_or_level_PMT_1_FRML
8697,KR65333DB721,missing_explicit_survival_coupon
8698,KR65333D8729,missing_explicit_survival_coupon
8699,KR65333FB726,payment_lag_not_identifiable_from_maturity
8700,KR65333FC724,missing_explicit_survival_coupon
8701,KR65333DA723,missing_explicit_survival_coupon
8702,KR65333DD727,missing_explicit_survival_coupon
8706,KR65033AP723,extra_formula_or_level_STRK_2
8709,KR65333F9725,missing_explicit_survival_coupon
8710,KR65333F8727,missing_explicit_survival_coupon
8711,KR65333F7729,missing_explicit_survival_coupon
8714,KR65333FA728,missing_explicit_survival_coupon
8716,KR65333F1722,missing_explicit_survival_coupon
8717,KR65033A2728,extra_formula_or_level_STRK_2
8719,20170221000236_1636,payment_lag_not_identifiable_from_maturity
8722,KR65833BZ723,payment_lag_not_identifiable_from_maturity
8723,KR65833C1720,missing_explicit_survival_coupon
8726,KR6543367728,missing_explicit_survival_coupon
8727,KR65833BX728,payment_lag_not_identifiable_from_maturity
8730,KR65733DL721,missing_explicit_survival_coupon
8735,KR65833BV722,payment_lag_not_identifiable_from_maturity
8757,KR65333GQ722,extra_formula_or_level_PMT_1_FRML
8759,KR65333GP724,payment_lag_not_identifiable_from_maturity
8767,KR6513388720,unsupported_ki_window
8769,KR6513382723,unsupported_ki_window
8770,KR6513385726,unsupported_ki_window
8771,KR65333G2729,payment_lag_not_identifiable_from_maturity
8777,KR65333GN729,extra_formula_or_level_PMT_1_FRML
8779,KR6533307734,missing_explicit_survival_coupon
8780,KR65333GR720,payment_lag_not_identifiable_from_maturity
8782,KR6533310738,missing_explicit_survival_coupon
8783,KR65333GL723,extra_formula_or_level_PMT_1_FRML
8784,KR6533311736,missing_explicit_survival_coupon
8786,KR6533305738,extra_formula_or_level_PMT_1_FRML
8788,KR65333GJ727,payment_lag_not_identifiable_from_maturity
8791,KR65333GT726,payment_lag_not_identifiable_from_maturity
8793,KR65333GM721,payment_lag_not_identifiable_from_maturity
8794,KR65333GK725,payment_lag_not_identifiable_from_maturity
8805,KR6533309730,missing_explicit_survival_coupon
8817,KR6533337731,missing_explicit_survival_coupon
8819,KR6573313733,missing_explicit_survival_coupon
8828,20170224000509_58,payment_lag_not_identifiable_from_maturity
8830,KR6583322732,payment_lag_not_identifiable_from_maturity
8833,20170228001227_6252,missing_explicit_survival_coupon
8834,KR6583324738,missing_explicit_survival_coupon
8835,KR6533344737,missing_explicit_survival_coupon
8836,KR6503305734,extra_formula_or_level_STRK_2
8837,KR6533343739,payment_lag_not_identifiable_from_maturity
8839,KR6733301735,payment_lag_not_identifiable_from_maturity
8844,KR6583318730,payment_lag_not_identifiable_from_maturity
8846,KR6533342731,extra_formula_or_level_PMT_1_FRML
8851,KR6733302733,payment_lag_not_identifiable_from_maturity
8863,KR6513310732,unsupported_ki_window
8865,KR6533345734,payment_lag_not_identifiable_from_maturity
8867,KR6533360733,payment_lag_not_identifiable_from_maturity
8872,KR6703311730,missing_explicit_survival_coupon
8874,KR6513305732,unsupported_ki_window
8886,KR6513306730,unsupported_ki_window
8888,KR6533364735,payment_lag_not_identifiable_from_maturity
8889,KR6533362739,payment_lag_not_identifiable_from_maturity
8890,KR6533363737,missing_explicit_survival_coupon
8892,KR6533361731,payment_lag_not_identifiable_from_maturity
8897,KR6533366730,payment_lag_not_identifiable_from_maturity
8911,KR6533357739,extra_formula_or_level_PMT_1_FRML
8914,KR6533359735,payment_lag_not_identifiable_from_maturity
8922,KR6503325732,extra_formula_or_level_STRK_2
8926,KR6573367739,missing_explicit_survival_coupon
8928,KR6503326730,extra_formula_or_level_STRK_2
8933,KR6533398733,missing_explicit_survival_coupon
8934,KR65333A1735,missing_explicit_survival_coupon
8935,KR65333A0737,missing_explicit_survival_coupon
8937,KR6533399731,payment_lag_not_identifiable_from_maturity
8938,20170223000222_15579,extra_formula_or_level_PMT_1_FRML
8943,KR6533317733,missing_explicit_survival_coupon
8944,KR6533316735,missing_explicit_survival_coupon
8946,KR6652308737,averaging_not_supported
8950,KR6533314730,extra_formula_or_level_PMT_1_FRML
8952,KR6533320737,missing_explicit_survival_coupon
8953,20170307000336_1641,payment_lag_not_identifiable_from_maturity
8954,20170303000588_70,payment_lag_not_identifiable_from_maturity
8958,KR6583353737,payment_lag_not_identifiable_from_maturity
8961,KR6583357738,payment_lag_not_identifiable_from_maturity
8962,KR6583355732,payment_lag_not_identifiable_from_maturity
8964,KR6533318731,missing_explicit_survival_coupon
8967,KR6583361730,missing_explicit_survival_coupon
8968,KR6533321735,missing_explicit_survival_coupon
8969,KR6513322737,payment_lag_not_identifiable_from_maturity
8970,KR6513323735,payment_lag_not_identifiable_from_maturity
8985,KR65333B1734,payment_lag_not_identifiable_from_maturity
8989,KR6513330730,payment_lag_not_identifiable_from_maturity
8995,KR6513329732,unsupported_ki_window
9002,KR6513324733,payment_lag_not_identifiable_from_maturity
9004,KR6662317736,unsupported_ki_window
9008,KR65333B0736,missing_explicit_survival_coupon
9014,KR65333B3730,payment_lag_not_identifiable_from_maturity
9015,KR6503374730,extra_formula_or_level_STRK_2
9019,KR6503373732,extra_formula_or_level_STRK_2
9021,20170302000324_15622,payment_lag_not_identifiable_from_maturity
9023,KR65233C4738,invalid_evaluation_dates
9026,KR65333AY737,extra_formula_or_level_PMT_1_FRML
9033,KR65333AZ734,payment_lag_not_identifiable_from_maturity
9034,KR65333B5735,payment_lag_not_identifiable_from_maturity
9035,KR65333B6733,missing_explicit_survival_coupon
9043,KR65333AX739,payment_lag_not_identifiable_from_maturity
9044,KR6503372734,extra_formula_or_level_STRK_2
9045,KR6523393736,missing_explicit_survival_coupon
9053,KR65733AL735,missing_explicit_survival_coupon
9063,KR6703349730,missing_explicit_survival_coupon
9082,KR65333BH730,missing_explicit_survival_coupon
9083,20170310000329_82,payment_lag_not_identifiable_from_maturity
9084,20170310000671_4049,averaging_not_supported
9085,KR65833B0731,missing_explicit_survival_coupon
9086,KR65833AW730,payment_lag_not_identifiable_from_maturity
9087,KR65833AT736,payment_lag_not_identifiable_from_maturity
9089,KR6533387736,missing_explicit_survival_coupon
9090,KR6733319737,payment_lag_not_identifiable_from_maturity
9092,KR6533390730,unsupported_PRCP_GRTE_RT
9093,KR6533382737,extra_formula_or_level_PMT_1_FRML
9094,KR6533388734,missing_explicit_survival_coupon
9098,KR65833AR730,payment_lag_not_identifiable_from_maturity
9099,KR6533384733,missing_explicit_survival_coupon
9104,KR65033AD737,extra_formula_or_level_STRK_2
9105,KR6533389732,missing_explicit_survival_coupon
9107,KR6533385730,missing_explicit_survival_coupon
9111,KR6513342735,unsupported_ki_window
9112,KR6513343733,unsupported_ki_window
9116,KR6513351736,unsupported_ki_window
9117,KR6513341737,unsupported_ki_window
9125,KR65333CP731,payment_lag_not_identifiable_from_maturity
9130,KR65233EF730,invalid_evaluation_dates
9141,KR65333D2730,extra_formula_or_level_PMT_1_FRML
9142,KR65333CZ730,missing_explicit_survival_coupon
9153,KR65333D1732,missing_explicit_survival_coupon
9155,KR65333D0734,payment_lag_not_identifiable_from_maturity
9161,KR65733CZ731,missing_explicit_survival_coupon
9170,KR65733CK733,missing_explicit_survival_coupon
9171,KR65333CX735,extra_formula_or_level_PMT_1_FRML
9172,KR65333CY733,payment_lag_not_identifiable_from_maturity
9173,KR65333CW737,payment_lag_not_identifiable_from_maturity
9175,KR65833CC738,payment_lag_not_identifiable_from_maturity
9176,KR6513371734,unsupported_ki_window
9177,KR6513372732,unsupported_ki_window
9188,KR65333DG738,missing_explicit_survival_coupon
9190,KR65333DF730,payment_lag_not_identifiable_from_maturity
9191,KR6513376733,unsupported_ki_window
9199,KR6652329733,averaging_not_supported
9205,KR65733D7735,missing_explicit_survival_coupon
9210,KR65333BT735,missing_explicit_survival_coupon
9213,KR65333BV731,missing_explicit_survival_coupon
9214,KR65333BS737,extra_formula_or_level_PMT_1_FRML
9221,KR65333BQ731,missing_explicit_survival_coupon
9222,KR65333BR739,missing_explicit_survival_coupon
9224,KR65333BX737,missing_explicit_survival_coupon
9225,KR65333BY735,missing_explicit_survival_coupon
9229,KR65333F3736,extra_formula_or_level_PMT_1_FRML
9230,KR65333F1730,payment_lag_not_identifiable_from_maturity
9237,KR65333F4734,payment_lag_not_identifiable_from_maturity
9244,KR65333F5731,payment_lag_not_identifiable_from_maturity
9246,KR65333F7737,payment_lag_not_identifiable_from_maturity
9248,KR65333F6739,extra_formula_or_level_PMT_1_FRML
9255,KR65333F8735,payment_lag_not_identifiable_from_maturity
9259,KR65333F0732,payment_lag_not_identifiable_from_maturity
9262,KR65333FW730,missing_explicit_survival_coupon
9269,KR65333FV732,missing_explicit_survival_coupon
9273,KR65333FR730,payment_lag_not_identifiable_from_maturity
9274,KR67033B5734,missing_explicit_survival_coupon
9275,KR65333FQ732,extra_formula_or_level_PMT_1_FRML
9276,KR65333DQ737,extra_formula_or_level_PMT_1_FRML
9278,KR65333DR735,missing_explicit_survival_coupon
9280,KR65333GC730,extra_formula_or_level_PMT_1_FRML
9281,KR65333GA734,missing_explicit_survival_coupon
9282,KR65333GD738,extra_formula_or_level_PMT_1_FRML
9283,KR65333DS733,missing_explicit_survival_coupon
9284,KR65333G9732,extra_formula_or_level_PMT_1_FRML
9285,KR65333G8734,payment_lag_not_identifiable_from_maturity
9286,KR65333GB732,payment_lag_not_identifiable_from_maturity
9287,KR65333DP739,missing_explicit_survival_coupon
9288,KR65333G7736,missing_explicit_survival_coupon
9289,KR65333G6738,payment_lag_not_identifiable_from_maturity
9290,KR65333DW735,missing_explicit_survival_coupon
9292,KR65333DN734,missing_explicit_survival_coupon
9294,KR65333DV737,missing_explicit_survival_coupon
9296,KR65333G5730,payment_lag_not_identifiable_from_maturity
9299,KR6733338737,payment_lag_not_identifiable_from_maturity
9327,KR6543367744,missing_explicit_survival_coupon
9328,KR6543362745,missing_explicit_survival_coupon
9342,KR6543365748,missing_explicit_survival_coupon
9346,KR6523307744,missing_explicit_survival_coupon
9347,KR6553325749,missing_explicit_survival_coupon
9370,KR6573349745,missing_explicit_survival_coupon
9413,KR6573338748,missing_explicit_survival_coupon
9418,KR65333AE747,missing_explicit_survival_coupon
9426,KR6533352748,missing_explicit_survival_coupon
9430,KR6533351740,extra_formula_or_level_PMT_1_FRML
9436,KR6533349744,missing_explicit_survival_coupon
9440,KR6543383741,missing_explicit_survival_coupon
9443,KR6503349740,extra_formula_or_level_STRK_2
9446,KR6533350742,missing_explicit_survival_coupon
9448,KR6533355741,payment_lag_not_identifiable_from_maturity
9449,KR6513369746,missing_explicit_survival_coupon
9451,KR6533353746,missing_explicit_survival_coupon
9453,KR65333AJ746,payment_lag_not_identifiable_from_maturity
9458,KR6573396746,missing_explicit_survival_coupon
9464,KR6652312747,averaging_not_supported
9466,KR6513321747,unsupported_ki_window
9467,KR6513322745,unsupported_ki_window
9468,KR6513328742,unsupported_ki_window
9472,KR65333BG740,payment_lag_not_identifiable_from_maturity
9480,KR65333BJ744,missing_explicit_survival_coupon
9488,KR65333BH748,payment_lag_not_identifiable_from_maturity
9490,KR65333A2741,missing_explicit_survival_coupon
9491,KR65333AD749,unsupported_PRCP_GRTE_RT
9492,KR6503392740,extra_formula_or_level_STRK_2
9493,KR65333A3749,missing_explicit_survival_coupon
9495,KR65333A5744,missing_explicit_survival_coupon
9498,KR65333A8748,missing_explicit_survival_coupon
9499,KR65333A7740,missing_explicit_survival_coupon
9500,KR65333BA743,extra_formula_or_level_PMT_1_FRML
9503,KR65333B7749,payment_lag_not_identifiable_from_maturity
9504,KR65333A4747,extra_formula_or_level_PMT_1_FRML
9506,KR65333A6742,missing_explicit_survival_coupon
9508,KR65333BC749,payment_lag_not_identifiable_from_maturity
9510,KR65333BE745,missing_explicit_survival_coupon
9511,KR65333C5742,missing_explicit_survival_coupon
9512,KR65333C6740,extra_formula_or_level_PMT_1_FRML
9514,KR65033A3742,extra_formula_or_level_STRK_2
9515,KR65333CB749,payment_lag_not_identifiable_from_maturity
9518,KR65333CC747,extra_formula_or_level_PMT_1_FRML
9519,KR6543397741,missing_explicit_survival_coupon
9527,KR65733BB742,missing_explicit_survival_coupon
9531,KR65333CP749,payment_lag_not_identifiable_from_maturity
9537,KR6703367740,missing_explicit_survival_coupon
9538,KR6513362741,unsupported_ki_window
9539,KR6513363749,unsupported_ki_window
9543,KR65333D9743,payment_lag_not_identifiable_from_maturity
9547,KR65333DC745,payment_lag_not_identifiable_from_maturity
9551,KR65333DB747,extra_formula_or_level_PMT_1_FRML
9552,KR6513373748,unsupported_ki_window
9555,KR6513377749,unsupported_ki_window
9560,KR65333BR747,missing_explicit_survival_coupon
9564,KR65333BL740,missing_explicit_survival_coupon
9567,KR65333BS745,missing_explicit_survival_coupon
9568,KR65333BP741,missing_explicit_survival_coupon
9569,KR65333BN746,extra_formula_or_level_PMT_1_FRML
9571,KR65333BQ749,missing_explicit_survival_coupon
9573,KR65333BM748,missing_explicit_survival_coupon
9577,KR65333DX741,missing_explicit_survival_coupon
9578,KR65333DN742,extra_formula_or_level_PMT_1_FRML
9580,KR65333DK748,extra_formula_or_level_PMT_1_FRML
9581,KR65333DT749,missing_explicit_survival_coupon
9582,KR65333DS741,extra_formula_or_level_PMT_1_FRML
9584,KR65333DW743,missing_explicit_survival_coupon
9585,KR65333DP747,payment_lag_not_identifiable_from_maturity
9595,KR65333DJ740,payment_lag_not_identifiable_from_maturity
9599,KR65333E1749,extra_formula_or_level_PMT_1_FRML
9600,KR65233DZ748,missing_explicit_survival_coupon
9606,KR65333E2747,extra_formula_or_level_PMT_1_FRML
9612,KR6533312759,missing_explicit_survival_coupon
9613,KR6533311751,missing_explicit_survival_coupon
9614,KR6533307759,missing_explicit_survival_coupon
9615,KR65133A2743,unsupported_ki_window
9617,KR65733CE744,missing_explicit_survival_coupon
9618,KR6533308757,extra_formula_or_level_PMT_1_FRML
9619,KR6533309755,missing_explicit_survival_coupon
9620,20170421000552_4086,averaging_not_supported
9624,KR65133A1745,unsupported_ki_window
9630,KR65133A8740,unsupported_ki_window
9632,KR6533310753,missing_explicit_survival_coupon
9633,KR65133A3741,unsupported_ki_window
9634,KR65333E9742,payment_lag_not_identifiable_from_maturity
9637,KR6533306751,missing_explicit_survival_coupon
9641,KR6533352755,missing_explicit_survival_coupon
9642,KR6533355758,missing_explicit_survival_coupon
9644,KR6533344752,payment_lag_not_identifiable_from_maturity
9647,KR6533346757,payment_lag_not_identifiable_from_maturity
9648,KR6533350759,missing_explicit_survival_coupon
9650,KR6533351757,extra_formula_or_level_PMT_1_FRML
9659,KR6533356756,payment_lag_not_identifiable_from_maturity
9660,KR6533345759,payment_lag_not_identifiable_from_maturity
9661,KR6503310759,extra_formula_or_level_STRK_2
9662,KR6533353753,missing_explicit_survival_coupon
9668,KR6533354751,extra_formula_or_level_PMT_1_FRML
9680,KR6503341754,payment_lag_not_identifiable_from_maturity
9682,KR6503329759,extra_formula_or_level_STRK_2
9684,KR6533339752,payment_lag_not_identifiable_from_maturity
9685,KR6533341758,payment_lag_not_identifiable_from_maturity
9686,KR6533342756,missing_explicit_survival_coupon
9690,KR6533340750,extra_formula_or_level_PMT_1_FRML
9691,KR6533318756,missing_explicit_survival_coupon
9693,KR6533322758,missing_explicit_survival_coupon
9694,KR6533320752,extra_formula_or_level_PMT_1_FRML
9695,KR6533319754,missing_explicit_survival_coupon
9697,20170427001031_4089,averaging_not_supported
9700,KR6533321750,missing_explicit_survival_coupon
9701,KR6533375756,missing_explicit_survival_coupon
9706,KR6533378750,payment_lag_not_identifiable_from_maturity
9707,KR6533377752,payment_lag_not_identifiable_from_maturity
9708,KR6503338750,extra_formula_or_level_STRK_2
9711,KR6573322759,missing_explicit_survival_coupon
9713,KR6533379758,extra_formula_or_level_PMT_1_FRML
9715,KR6533369759,missing_explicit_survival_coupon
9716,KR6513305757,unsupported_ki_window
9719,KR6533370757,missing_explicit_survival_coupon
9720,KR6703333759,missing_explicit_survival_coupon
9722,KR6533365757,extra_formula_or_level_PMT_1_FRML
9723,KR6533394757,extra_formula_or_level_PMT_1_FRML
9724,KR6513307753,unsupported_ki_window
9725,KR6533385755,payment_lag_not_identifiable_from_maturity
9726,KR6533386753,extra_formula_or_level_PMT_1_FRML
9730,KR6533363752,missing_explicit_survival_coupon
9731,KR6513316754,unsupported_ki_window
9732,KR6533389757,payment_lag_not_identifiable_from_maturity
9734,KR6513306755,unsupported_ki_window
9735,KR6533388759,missing_explicit_survival_coupon
9737,KR6533364750,missing_explicit_survival_coupon
9738,KR6533391753,payment_lag_not_identifiable_from_maturity
9739,KR6533367753,missing_explicit_survival_coupon
9740,KR6533390755,missing_explicit_survival_coupon
9742,KR6573337757,missing_explicit_survival_coupon
9745,KR6533392751,payment_lag_not_identifiable_from_maturity
9746,KR6533387751,payment_lag_not_identifiable_from_maturity
9747,KR6533393759,payment_lag_not_identifiable_from_maturity
9749,KR6533368751,missing_explicit_survival_coupon
9764,KR6543316758,missing_explicit_survival_coupon
9798,KR6573373752,missing_explicit_survival_coupon
9806,KR65533CC759,missing_explicit_survival_coupon
9809,KR6543372751,missing_explicit_survival_coupon
9810,KR65333B1759,missing_explicit_survival_coupon
9811,KR65333AZ759,missing_explicit_survival_coupon
9813,KR6733321758,payment_lag_not_identifiable_from_maturity
9816,KR6523382754,missing_explicit_survival_coupon
9818,KR65333B0751,missing_explicit_survival_coupon
9819,KR65333AX754,extra_formula_or_level_PMT_1_FRML
9820,KR65333CE750,extra_formula_or_level_PMT_1_FRML
9821,KR65333AW756,missing_explicit_survival_coupon
9823,KR65333AV758,missing_explicit_survival_coupon
9827,KR6652323751,averaging_not_supported
9837,KR6513353757,unsupported_ki_window
9839,KR6513354755,unsupported_ki_window
9840,KR6513363756,unsupported_ki_window
9854,KR65333D6756,extra_formula_or_level_PMT_1_FRML
9858,KR6533305761,missing_explicit_survival_coupon
9859,KR6533306769,missing_explicit_survival_coupon
9862,KR6533307767,extra_formula_or_level_PMT_1_FRML
9863,KR6533311769,missing_explicit_survival_coupon
9865,KR6533309763,missing_explicit_survival_coupon
9866,KR65333DC752,payment_lag_not_identifiable_from_maturity
9867,KR65733AE755,missing_explicit_survival_coupon
9871,KR6533310761,missing_explicit_survival_coupon
9881,KR65333DD750,extra_formula_or_level_PMT_1_FRML
9883,KR65333DB754,missing_explicit_survival_coupon
9884,KR65233BB750,missing_explicit_survival_coupon
9885,KR6659334751,averaging_not_supported
9886,KR6533312767,missing_explicit_survival_coupon
9894,KR6533336766,payment_lag_not_identifiable_from_maturity
9899,KR6573305762,missing_explicit_survival_coupon
9903,KR6503311765,extra_formula_or_level_STRK_2
9905,KR6533327765,payment_lag_not_identifiable_from_maturity
9909,KR6533332765,payment_lag_not_identifiable_from_maturity
9914,KR6533330769,extra_formula_or_level_PMT_1_FRML
9917,KR6573304765,missing_explicit_survival_coupon
9918,KR6533328763,payment_lag_not_identifiable_from_maturity
9922,KR6533331767,payment_lag_not_identifiable_from_maturity
9935,KR6573327766,missing_explicit_survival_coupon
9937,KR6703326761,missing_explicit_survival_coupon
9940,KR6533370765,payment_lag_not_identifiable_from_maturity
9941,KR6513312761,unsupported_ki_window
9942,KR6703323768,missing_explicit_survival_coupon
9944,KR6533324762,missing_explicit_survival_coupon
9947,KR6513305765,unsupported_ki_window
9949,KR6533319762,extra_formula_or_level_PMT_1_FRML
9951,KR6533371763,payment_lag_not_identifiable_from_maturity
9953,KR6533322766,missing_explicit_survival_coupon
9954,KR6533368769,payment_lag_not_identifiable_from_maturity
9955,KR6533321768,missing_explicit_survival_coupon
9956,KR6513306763,unsupported_ki_window
9957,KR6533317766,missing_explicit_survival_coupon
9961,20170529000242_3744,unsupported_ki_window
9963,KR6513307761,unsupported_ki_window
9967,KR6533352763,payment_lag_not_identifiable_from_maturity
9968,KR6533323764,missing_explicit_survival_coupon
9973,KR6533365765,payment_lag_not_identifiable_from_maturity
9974,KR6533367761,payment_lag_not_identifiable_from_maturity
9977,KR6523315762,missing_explicit_survival_coupon
9978,KR6503330765,extra_formula_or_level_STRK_2
9979,KR6533369767,extra_formula_or_level_PMT_1_FRML
9982,KR6533318764,missing_explicit_survival_coupon
9985,KR6533376762,missing_explicit_survival_coupon
9986,KR6503329767,extra_formula_or_level_STRK_2
9991,KR6533396760,missing_explicit_survival_coupon
9997,KR6533375764,payment_lag_not_identifiable_from_maturity
9998,KR6533374767,payment_lag_not_identifiable_from_maturity
10001,KR6533394765,payment_lag_not_identifiable_from_maturity
10015,KR6533397768,extra_formula_or_level_PMT_1_FRML
10016,KR6533347763,missing_explicit_survival_coupon
10017,KR6533349769,missing_explicit_survival_coupon
10018,KR6533345767,extra_formula_or_level_PMT_1_FRML
10020,KR6533343762,missing_explicit_survival_coupon
10022,KR6533344760,missing_explicit_survival_coupon
10031,20170602000057_6502,missing_explicit_survival_coupon
10034,KR6663308767,unsupported_ki_window
10035,KR65333AB768,payment_lag_not_identifiable_from_maturity
10039,KR6513320764,unsupported_ki_window
10042,KR6513321762,unsupported_ki_window
10047,KR6573370766,missing_explicit_survival_coupon
10050,KR65333AA760,payment_lag_not_identifiable_from_maturity
10052,KR6513329765,unsupported_ki_window
10054,KR6513322760,unsupported_ki_window
10071,KR65333A8763,payment_lag_not_identifiable_from_maturity
10073,KR65333A9761,payment_lag_not_identifiable_from_maturity
10081,KR65333B3763,extra_formula_or_level_PMT_1_FRML
10086,KR6513372765,missing_explicit_survival_coupon
10087,KR6573392760,missing_explicit_survival_coupon
10089,KR65233BX762,missing_explicit_survival_coupon
10091,KR65333AG767,payment_lag_not_identifiable_from_maturity
10092,KR6503373765,extra_formula_or_level_STRK_2
10093,KR65333AF769,payment_lag_not_identifiable_from_maturity
10094,KR65333B0769,missing_explicit_survival_coupon
10100,KR65333B2765,missing_explicit_survival_coupon
10101,KR65333B1767,missing_explicit_survival_coupon
10107,KR65333BA768,payment_lag_not_identifiable_from_maturity
10112,KR6543319760,missing_explicit_survival_coupon
10116,KR6533390763,missing_explicit_survival_coupon
10121,KR6533388767,missing_explicit_survival_coupon
10124,KR6533386761,extra_formula_or_level_PMT_1_FRML
10125,KR6533385763,missing_explicit_survival_coupon
10127,KR6533384766,missing_explicit_survival_coupon
10132,KR6513347767,payment_lag_not_identifiable_from_maturity
10136,KR6513354763,unsupported_ki_window
10137,KR6663318766,unsupported_ki_window
10142,KR65333C5767,payment_lag_not_identifiable_from_maturity
10151,KR65333C6765,payment_lag_not_identifiable_from_maturity
10152,KR65333C8761,payment_lag_not_identifiable_from_maturity
10154,KR6513348765,payment_lag_not_identifiable_from_maturity
10164,KR65233BV766,missing_explicit_survival_coupon
10166,KR65333C7763,extra_formula_or_level_PMT_1_FRML
10170,KR65333CP764,payment_lag_not_identifiable_from_maturity
10173,KR65733BF768,missing_explicit_survival_coupon
10175,KR65333CQ762,payment_lag_not_identifiable_from_maturity
10180,KR65033AB764,extra_formula_or_level_STRK_2
10181,KR65333CY766,extra_formula_or_level_PMT_1_FRML
10186,KR65333CX768,missing_explicit_survival_coupon
10189,KR65333CW760,missing_explicit_survival_coupon
10190,KR65033AC762,extra_formula_or_level_STRK_2
10199,KR65333D5766,payment_lag_not_identifiable_from_maturity
10211,KR6543334769,missing_explicit_survival_coupon
10221,KR65333AR764,missing_explicit_survival_coupon
10223,KR65333AV766,missing_explicit_survival_coupon
10224,KR65333AQ766,missing_explicit_survival_coupon
10230,KR65333AW764,missing_explicit_survival_coupon
10231,KR65333AS762,extra_formula_or_level_PMT_1_FRML
10236,KR6513368763,unsupported_ki_window
10240,KR6513367765,unsupported_ki_window
10243,KR67033AD768,missing_explicit_survival_coupon
10245,KR65333E4768,payment_lag_not_identifiable_from_maturity
10247,KR65333E2762,payment_lag_not_identifiable_from_maturity
10249,KR6513383762,unsupported_ki_window
10255,KR65333E3760,extra_formula_or_level_PMT_1_FRML
10257,KR65333E7761,extra_formula_or_level_PMT_1_FRML
10260,KR65333E5765,payment_lag_not_identifiable_from_maturity
10265,KR65233DP764,missing_explicit_survival_coupon
10269,KR65333E6763,payment_lag_not_identifiable_from_maturity
10273,KR65733D7768,missing_explicit_survival_coupon
10276,KR65333EC768,payment_lag_not_identifiable_from_maturity
10277,KR65333EN765,missing_explicit_survival_coupon
10282,KR65333EL769,missing_explicit_survival_coupon
10283,KR65333EE764,extra_formula_or_level_PMT_1_FRML
10284,KR65333ED766,payment_lag_not_identifiable_from_maturity
10286,KR65333F1763,extra_formula_or_level_PMT_1_FRML
10287,KR65333F0765,payment_lag_not_identifiable_from_maturity
10292,KR65333EM767,missing_explicit_survival_coupon
10295,KR65333EB760,payment_lag_not_identifiable_from_maturity
10296,KR65333EP760,extra_formula_or_level_PMT_1_FRML
10297,KR65033B3766,extra_formula_or_level_STRK_2
10298,KR65333ER766,missing_explicit_survival_coupon
10299,KR65033B2768,extra_formula_or_level_STRK_2
10300,KR65333ES764,extra_formula_or_level_PMT_1_FRML
10306,20170614000123_16316,missing_explicit_survival_coupon
10311,KR65333F9766,payment_lag_not_identifiable_from_maturity
10322,KR6513394769,unsupported_ki_window
10323,KR6533310779,missing_explicit_survival_coupon
10324,KR6533309771,payment_lag_not_identifiable_from_maturity
10325,KR6533308773,missing_explicit_survival_coupon
10328,KR6513399768,unsupported_ki_window
10330,KR6533304772,missing_explicit_survival_coupon
10335,KR6533306777,extra_formula_or_level_PMT_1_FRML
10336,KR6533305779,missing_explicit_survival_coupon
10341,20170626000155_3759,unsupported_ki_window
10346,KR6533338770,payment_lag_not_identifiable_from_maturity
10351,KR6533337772,payment_lag_not_identifiable_from_maturity
10361,KR6533339778,extra_formula_or_level_PMT_1_FRML
10364,KR6533340776,payment_lag_not_identifiable_from_maturity
10367,KR6573330778,missing_explicit_survival_coupon
10372,KR6533346773,missing_explicit_survival_coupon
10377,KR6533353779,extra_formula_or_level_PMT_1_FRML
10378,20170621000098_16372,missing_explicit_survival_coupon
10379,KR6583301777,missing_explicit_survival_coupon
10380,KR6503331771,extra_formula_or_level_STRK_2
10381,KR6533351773,payment_lag_not_identifiable_from_maturity
10382,KR6533348779,payment_lag_not_identifiable_from_maturity
10383,KR6533349777,payment_lag_not_identifiable_from_maturity
10386,KR6533350775,payment_lag_not_identifiable_from_maturity
10393,20170705000181_16479,extra_formula_or_level_PMT_1_FRML
10395,KR6533314771,missing_explicit_survival_coupon
10397,KR6533316776,extra_formula_or_level_PMT_1_FRML
10402,KR6533318772,missing_explicit_survival_coupon
10403,KR6533320778,missing_explicit_survival_coupon
10405,KR6533315778,missing_explicit_survival_coupon
10406,KR6533319770,payment_lag_not_identifiable_from_maturity
10408,KR6513303778,payment_lag_not_identifiable_from_maturity
10415,KR6513306771,unsupported_ki_window
10417,KR6513302770,payment_lag_not_identifiable_from_maturity
10425,KR6533391779,payment_lag_not_identifiable_from_maturity
10426,KR6703319774,missing_explicit_survival_coupon
10427,KR6663305771,extra_formula_or_level_STRK_2
10428,KR6533392777,payment_lag_not_identifiable_from_maturity
10429,KR6533376770,payment_lag_not_identifiable_from_maturity
10436,KR6553324775,missing_schedule_values
10437,KR6553323777,missing_schedule_values
10438,KR6533394773,payment_lag_not_identifiable_from_maturity
10441,KR6533393775,payment_lag_not_identifiable_from_maturity
10445,KR65333AC774,missing_explicit_survival_coupon
10447,KR6553328776,invalid_evaluation_dates
10449,KR65333AB776,extra_formula_or_level_PMT_1_FRML
10451,KR65333AA778,missing_explicit_survival_coupon
10463,KR6573388776,missing_explicit_survival_coupon
10467,KR6533396778,payment_lag_not_identifiable_from_maturity
10472,KR6503365779,extra_formula_or_level_STRK_2
10473,KR65333AH773,payment_lag_not_identifiable_from_maturity
10476,KR6583316775,missing_explicit_survival_coupon
10477,KR6533365773,missing_explicit_survival_coupon
10479,KR6533361772,missing_explicit_survival_coupon
10487,KR6573375773,missing_explicit_survival_coupon
10489,KR6533368777,missing_explicit_survival_coupon
10491,KR65733AK778,missing_explicit_survival_coupon
10492,KR6533367779,missing_explicit_survival_coupon
10496,KR6523336776,missing_explicit_survival_coupon
10497,KR6533366771,missing_explicit_survival_coupon
10499,20170710000142_6550,missing_explicit_survival_coupon
10504,KR6533363778,extra_formula_or_level_PMT_1_FRML
10505,KR6533362770,missing_explicit_survival_coupon
10507,KR6513316770,unsupported_ki_window
10513,KR6513311771,unsupported_ki_window
10516,KR6663316778,unsupported_ki_window
10518,KR6513313777,unsupported_ki_window
10527,KR65333BB774,payment_lag_not_identifiable_from_maturity
10531,KR65333BM771,payment_lag_not_identifiable_from_maturity
10541,KR65333BN779,payment_lag_not_identifiable_from_maturity
10543,KR65333B9778,extra_formula_or_level_PMT_1_FRML
10545,KR65333BA776,payment_lag_not_identifiable_from_maturity
10546,KR65333BL773,payment_lag_not_identifiable_from_maturity
10551,KR65333C2772,missing_explicit_survival_coupon
10553,KR65733BG774,missing_explicit_survival_coupon
10556,KR65333BY776,missing_explicit_survival_coupon
10557,KR65333C0776,missing_explicit_survival_coupon
10562,KR65333BJ777,extra_formula_or_level_PMT_1_FRML
10564,KR65333C1774,missing_explicit_survival_coupon
10566,KR65333BH771,payment_lag_not_identifiable_from_maturity
10567,KR65333BK775,payment_lag_not_identifiable_from_maturity
10572,KR6583365772,missing_explicit_survival_coupon
10574,KR6523373779,missing_explicit_survival_coupon
10576,KR65333CL771,payment_lag_not_identifiable_from_maturity
10577,KR65333CK773,extra_formula_or_level_PMT_1_FRML
10584,KR6733308771,payment_lag_not_identifiable_from_maturity
10587,KR65333A3772,extra_formula_or_level_PMT_1_FRML
10588,KR65333A8771,unsupported_PRCP_GRTE_RT
10591,KR65333A2774,missing_explicit_survival_coupon
10592,KR65333A1776,missing_explicit_survival_coupon
10594,KR65333A7773,missing_explicit_survival_coupon
10599,KR65333A6775,missing_explicit_survival_coupon
10601,KR65333A5777,missing_explicit_survival_coupon
10602,KR65833BE777,extra_formula_or_level_PMT_EXTRA
10607,KR65333DJ773,payment_lag_not_identifiable_from_maturity
10617,KR6513333775,unsupported_ki_window
10622,KR6513330771,unsupported_ki_window
10623,KR6513329773,unsupported_ki_window
10633,KR65333DK771,payment_lag_not_identifiable_from_maturity
10635,KR65333DL779,payment_lag_not_identifiable_from_maturity
10643,KR65333DY772,missing_explicit_survival_coupon
10653,KR65333DM777,payment_lag_not_identifiable_from_maturity
10656,KR65733DE775,missing_explicit_survival_coupon
10659,KR65333E1772,missing_explicit_survival_coupon
10660,KR65333E2770,payment_lag_not_identifiable_from_maturity
10662,KR65333E4776,missing_explicit_survival_coupon
10671,KR65333E3778,missing_explicit_survival_coupon
10675,KR65533BJ772,invalid_evaluation_dates
10676,KR65533BH776,invalid_evaluation_dates
10677,KR65533BG778,invalid_evaluation_dates
10685,KR65333EN773,payment_lag_not_identifiable_from_maturity
10686,KR65833BB773,extra_formula_or_level_PMT_EXTRA
10687,KR65333EK779,extra_formula_or_level_PMT_1_FRML
10688,KR65033B0770,extra_formula_or_level_STRK_2
10690,KR65333EL777,missing_explicit_survival_coupon
10691,KR65333EM775,extra_formula_or_level_PMT_1_FRML
10699,KR6733314779,payment_lag_not_identifiable_from_maturity
10704,KR65333CE776,extra_formula_or_level_PMT_1_FRML
10710,KR65333CD778,missing_explicit_survival_coupon
10711,KR65333CC770,missing_explicit_survival_coupon
10718,KR67033AM777,missing_explicit_survival_coupon
10719,KR6663351775,extra_formula_or_level_STRK_2
10720,KR65333FF776,payment_lag_not_identifiable_from_maturity
10721,KR6513345779,payment_lag_not_identifiable_from_maturity
10722,KR6513347775,payment_lag_not_identifiable_from_maturity
10725,KR6513351777,unsupported_ki_window
10728,KR65333FE779,payment_lag_not_identifiable_from_maturity
10729,KR6533302784,missing_explicit_survival_coupon
10730,KR6533303782,missing_explicit_survival_coupon
10735,KR65333ET770,payment_lag_not_identifiable_from_maturity
10741,KR6513348773,payment_lag_not_identifiable_from_maturity
10756,KR6523306787,missing_explicit_survival_coupon
10757,20170721000043_16587,missing_explicit_survival_coupon
10759,KR6533344786,missing_explicit_survival_coupon
10760,KR6533337780,payment_lag_not_identifiable_from_maturity
10773,KR6573317783,missing_explicit_survival_coupon
10774,KR6533343788,extra_formula_or_level_PMT_1_FRML
10775,KR6533338788,payment_lag_not_identifiable_from_maturity
10776,KR6533336782,payment_lag_not_identifiable_from_maturity
10780,KR6583309788,extra_formula_or_level_PMT_EXTRA
10784,KR6533361780,payment_lag_not_identifiable_from_maturity
10787,KR6533316784,missing_explicit_survival_coupon
10788,KR6533312783,missing_explicit_survival_coupon
10792,KR6573348788,missing_explicit_survival_coupon
10793,KR6533314789,extra_formula_or_level_PMT_1_FRML
10794,KR6533313781,missing_explicit_survival_coupon
10802,KR6733302782,payment_lag_not_identifiable_from_maturity
10804,KR6533369783,payment_lag_not_identifiable_from_maturity
10805,KR6513310781,unsupported_ki_window
10806,KR6533392785,payment_lag_not_identifiable_from_maturity
10807,KR6533391787,payment_lag_not_identifiable_from_maturity
10810,KR6533393783,payment_lag_not_identifiable_from_maturity
10812,KR6533390789,payment_lag_not_identifiable_from_maturity
10814,KR6513307787,unsupported_ki_window
10816,KR6533388783,extra_formula_or_level_PMT_1_FRML
10819,KR6533370781,extra_formula_or_level_PMT_1_FRML
10820,KR6533368785,payment_lag_not_identifiable_from_maturity
10821,KR6513305781,unsupported_ki_window
10823,KR6533389781,payment_lag_not_identifiable_from_maturity
10824,20170731000203_3780,unsupported_ki_window
10826,KR6533387785,payment_lag_not_identifiable_from_maturity
10828,KR6513306789,unsupported_ki_window
10831,KR6533397784,extra_formula_or_level_PMT_1_FRML
10834,KR6553324783,payment_lag_not_identifiable_from_maturity
10835,KR6553323785,payment_lag_not_identifiable_from_maturity
10836,KR6533398782,payment_lag_not_identifiable_from_maturity
10839,KR6533395788,payment_lag_not_identifiable_from_maturity
10840,KR6533394781,payment_lag_not_identifiable_from_maturity
10843,KR6533396786,payment_lag_not_identifiable_from_maturity
10844,KR65333AE788,missing_explicit_survival_coupon
10850,KR65333AB784,extra_formula_or_level_PMT_1_FRML
10853,KR65333AH781,missing_explicit_survival_coupon
10854,KR65333AG783,missing_explicit_survival_coupon
10855,KR6513314783,unsupported_ki_window
10856,KR65333A5785,payment_lag_not_identifiable_from_maturity
10860,KR65333AC782,missing_explicit_survival_coupon
10861,KR65333A3780,payment_lag_not_identifiable_from_maturity
10862,KR65333AA786,missing_explicit_survival_coupon
10863,KR65333AF785,missing_explicit_survival_coupon
10864,KR65333AD780,missing_explicit_survival_coupon
10867,KR65333A4788,payment_lag_not_identifiable_from_maturity
10868,KR65333AR780,missing_explicit_survival_coupon
10870,KR6573325786,missing_explicit_survival_coupon
10871,KR6503385785,extra_formula_or_level_STRK_2
10873,KR65333AN789,missing_explicit_survival_coupon
10875,KR65333AM781,missing_explicit_survival_coupon
10876,KR65333AP784,missing_explicit_survival_coupon
10879,KR6533347789,missing_explicit_survival_coupon
10881,KR6533346781,missing_explicit_survival_coupon
10882,KR65333AQ782,missing_explicit_survival_coupon
10887,KR65333AT786,extra_formula_or_level_PMT_1_FRML
10888,KR65333AS788,extra_formula_or_level_PMT_1_FRML
10890,KR65333AV782,payment_lag_not_identifiable_from_maturity
10892,KR65333B6782,payment_lag_not_identifiable_from_maturity
10893,KR65333B5784,payment_lag_not_identifiable_from_maturity
10894,KR6733304788,payment_lag_not_identifiable_from_maturity
10898,KR6533352789,extra_formula_or_level_PMT_1_FRML
10900,KR65333B9786,payment_lag_not_identifiable_from_maturity
10901,KR65333B8788,payment_lag_not_identifiable_from_maturity
10902,KR65333B4787,missing_explicit_survival_coupon
10903,KR65333B7780,payment_lag_not_identifiable_from_maturity
10904,KR6513323784,unsupported_ki_window
10910,KR6513325789,unsupported_ki_window
10913,KR6573385780,missing_explicit_survival_coupon
10914,KR6513322786,unsupported_ki_window
10918,20170809000260_3784,unsupported_ki_window
10959,KR6543337788,missing_explicit_survival_coupon
10965,KR65333D9784,missing_explicit_survival_coupon
10972,KR65333DD784,missing_explicit_survival_coupon
10978,KR65333DA780,missing_explicit_survival_coupon
10979,KR65333DB788,extra_formula_or_level_PMT_1_FRML
10981,KR65733AP785,missing_explicit_survival_coupon
10982,KR6733318788,payment_lag_not_identifiable_from_maturity
10986,KR65333F9782,payment_lag_not_identifiable_from_maturity
10994,KR6663339788,unsupported_ki_window
10996,KR65333FE787,extra_formula_or_level_PMT_1_FRML
10998,KR6513349789,unsupported_ki_window
11004,KR6703390783,missing_explicit_survival_coupon
11005,KR6513347783,unsupported_ki_window
11014,KR65333FA785,payment_lag_not_identifiable_from_maturity
11019,KR6513345787,unsupported_ki_window
11020,KR6663345785,unsupported_ki_window
11021,KR6663343780,unsupported_ki_window
11022,KR6663344788,unsupported_ki_window
11028,KR65033D0786,extra_formula_or_level_STRK_2
11034,KR65233CX786,missing_explicit_survival_coupon
11039,KR65333FB783,payment_lag_not_identifiable_from_maturity
11047,KR6733324786,payment_lag_not_identifiable_from_maturity
11049,KR65333FW789,payment_lag_not_identifiable_from_maturity
11050,KR6513353781,unsupported_ki_window
11053,KR65733BE787,missing_explicit_survival_coupon
11060,KR65333FV781,payment_lag_not_identifiable_from_maturity
11063,KR65333G5789,missing_explicit_survival_coupon
11069,KR6533304798,missing_explicit_survival_coupon
11074,KR6533305795,missing_explicit_survival_coupon
11078,KR6533311793,missing_explicit_survival_coupon
11081,KR65333GP781,payment_lag_not_identifiable_from_maturity
11082,KR6533306793,extra_formula_or_level_PMT_1_FRML
11083,KR65333GN786,missing_explicit_survival_coupon
11097,KR6573339795,missing_explicit_survival_coupon
11103,KR6733301792,payment_lag_not_identifiable_from_maturity
11109,KR6513306797,payment_lag_not_identifiable_from_maturity
11111,KR6513307795,payment_lag_not_identifiable_from_maturity
11117,KR6513304792,payment_lag_not_identifiable_from_maturity
11120,KR6513309791,unsupported_ki_window
11142,KR6663306795,unsupported_ki_window
11143,KR6533358794,payment_lag_not_identifiable_from_maturity
11145,KR6663307793,unsupported_ki_window
11146,KR6533364792,payment_lag_not_identifiable_from_maturity
11149,KR6533359792,payment_lag_not_identifiable_from_maturity
11150,KR6663305797,unsupported_ki_window
11156,KR6533360790,payment_lag_not_identifiable_from_maturity
11157,KR6533374791,missing_explicit_survival_coupon
11161,KR6533375798,extra_formula_or_level_PMT_1_FRML
11164,KR6503326797,extra_formula_or_level_STRK_2
11168,KR6533372795,missing_explicit_survival_coupon
11170,KR6513311797,unsupported_ki_window
11171,KR6573359793,missing_explicit_survival_coupon
11176,KR6533362796,payment_lag_not_identifiable_from_maturity
11188,KR6533361798,payment_lag_not_identifiable_from_maturity
11190,KR6533373793,missing_explicit_survival_coupon
11194,KR6529317796,missing_explicit_survival_coupon
11196,KR6533394799,payment_lag_not_identifiable_from_maturity
11200,KR65333A0794,extra_formula_or_level_PMT_1_FRML
11203,KR6533399798,missing_explicit_survival_coupon
11204,KR6533396794,missing_explicit_survival_coupon
11205,20170824000055_16881,payment_lag_not_identifiable_from_maturity
11206,KR6533397792,payment_lag_not_identifiable_from_maturity
11208,KR6533398790,missing_explicit_survival_coupon
11209,KR6533395796,missing_explicit_survival_coupon
11222,KR6533322790,missing_explicit_survival_coupon
11223,KR6533320794,extra_formula_or_level_PMT_1_FRML
11227,KR6533319796,missing_explicit_survival_coupon
11233,KR6733307799,payment_lag_not_identifiable_from_maturity
11239,KR6533318798,missing_explicit_survival_coupon
11240,KR6513316796,unsupported_ki_window
11248,KR6513315798,unsupported_ki_window
11250,KR6663310797,unsupported_ki_window
11261,KR65333AR798,payment_lag_not_identifiable_from_maturity
11263,KR6513318792,unsupported_ki_window
11266,KR65333A5793,payment_lag_not_identifiable_from_maturity
11270,KR6663316794,unsupported_ki_window
11280,KR6663318790,unsupported_ki_window
11281,KR6663317792,unsupported_ki_window
11290,KR65733BA793,missing_explicit_survival_coupon
11298,KR65333BA792,extra_formula_or_level_PMT_1_FRML
11299,KR6503366793,extra_formula_or_level_STRK_2
11300,KR65333B7798,missing_explicit_survival_coupon
11301,KR6513325797,unsupported_ki_window
11305,20170911000222_17032,missing_explicit_survival_coupon
11306,KR65333BD796,missing_explicit_survival_coupon
11307,KR65333AY794,payment_lag_not_identifiable_from_maturity
11309,KR6573374792,missing_explicit_survival_coupon
11314,KR65333BB790,payment_lag_not_identifiable_from_maturity
11318,KR65333AZ791,payment_lag_not_identifiable_from_maturity
11327,KR65333C1790,missing_explicit_survival_coupon
11329,KR65333BY792,payment_lag_not_identifiable_from_maturity
11334,KR65333C0792,missing_explicit_survival_coupon
11339,KR6533384790,missing_explicit_survival_coupon
11346,KR6533383792,missing_explicit_survival_coupon
11347,KR6733310793,payment_lag_not_identifiable_from_maturity
11348,KR6533387793,missing_explicit_survival_coupon
11352,KR6573380799,missing_explicit_survival_coupon
11353,KR65333CA790,unsupported_PRCP_GRTE_RT
11364,KR6513331795,unsupported_ki_window
11375,KR6513330797,unsupported_ki_window
11379,KR65333D1799,payment_lag_not_identifiable_from_maturity
11380,KR6663329797,unsupported_ki_window
11384,KR6663328799,unsupported_ki_window
11402,KR65333D3795,payment_lag_not_identifiable_from_maturity
11404,KR65333D2797,payment_lag_not_identifiable_from_maturity
11405,KR6663330795,unsupported_ki_window
11406,KR65333D6798,payment_lag_not_identifiable_from_maturity
11415,KR65033B8799,extra_formula_or_level_STRK_2
11417,KR6513347791,unsupported_ki_window
11425,KR65733DK798,missing_explicit_survival_coupon
11428,KR65333DF797,extra_formula_or_level_PMT_1_FRML
11429,KR65333DG795,missing_explicit_survival_coupon
11431,KR65333DE790,missing_explicit_survival_coupon
11432,KR65333D7796,payment_lag_not_identifiable_from_maturity
11437,KR6583391794,extra_formula_or_level_PMT_EXTRA
11443,KR65333D8794,payment_lag_not_identifiable_from_maturity
11446,KR65333DP796,payment_lag_not_identifiable_from_maturity
11452,KR65293B7796,missing_explicit_survival_coupon
11456,KR65333DR792,missing_explicit_survival_coupon
11464,KR65333DN791,payment_lag_not_identifiable_from_maturity
11465,KR65333DQ794,missing_explicit_survival_coupon
11467,KR65333BG799,missing_explicit_survival_coupon
11474,KR65333BH797,extra_formula_or_level_PMT_1_FRML
11476,KR65333E8793,missing_explicit_survival_coupon
11477,KR65333E6797,missing_explicit_survival_coupon
11478,KR65333E5799,missing_explicit_survival_coupon
11479,KR65333BK791,missing_explicit_survival_coupon
11481,KR65333BF791,missing_explicit_survival_coupon
11487,KR6733317798,payment_lag_not_identifiable_from_maturity
11490,KR65333E7795,missing_explicit_survival_coupon
11493,KR65333E4792,missing_explicit_survival_coupon
11497,KR6513359796,unsupported_ki_window
11502,KR65333F0799,payment_lag_not_identifiable_from_maturity
11504,KR65333EZ793,payment_lag_not_identifiable_from_maturity
11505,KR65333EW790,payment_lag_not_identifiable_from_maturity
11506,KR65333F1797,missing_explicit_survival_coupon
11508,KR6513357790,unsupported_ki_window
11510,KR6513356792,unsupported_ki_window
11514,KR6663335794,unsupported_ki_window
11530,KR65333EX798,payment_lag_not_identifiable_from_maturity
11532,KR6663341792,unsupported_ki_window
11533,KR6663340794,unsupported_ki_window
11536,KR65333EY796,payment_lag_not_identifiable_from_maturity
11550,KR65333FF792,missing_explicit_survival_coupon
11554,KR65333F8792,payment_lag_not_identifiable_from_maturity
11563,KR65333F7794,payment_lag_not_identifiable_from_maturity
11564,KR6513370793,unsupported_ki_window
11566,KR65733FD798,missing_explicit_survival_coupon
11567,KR65333FE795,missing_explicit_survival_coupon
11587,KR65333FP791,missing_explicit_survival_coupon
11588,KR65333FN796,payment_lag_not_identifiable_from_maturity
11589,KR65333FQ799,missing_explicit_survival_coupon
11590,KR65033CV792,extra_formula_or_level_STRK_2
11594,KR65333147A0,extra_formula_or_level_PMT_1_FRML
11604,KR65333167A8,missing_explicit_survival_coupon
11605,KR65333157A9,missing_explicit_survival_coupon
11606,KR6663354795,unsupported_ki_window
11607,KR6663355792,unsupported_ki_window
11609,KR65313G2798,payment_lag_not_identifiable_from_maturity
11621,KR6513378796,payment_lag_not_identifiable_from_maturity
11622,KR65333GN794,payment_lag_not_identifiable_from_maturity
11623,KR65333GM796,payment_lag_not_identifiable_from_maturity
11624,KR65333GL798,payment_lag_not_identifiable_from_maturity
11625,KR65333067A0,extra_formula_or_level_PMT_1_FRML
11626,KR65333GK790,payment_lag_not_identifiable_from_maturity
11629,KR65333G5797,payment_lag_not_identifiable_from_maturity
11630,KR65333G4790,payment_lag_not_identifiable_from_maturity
11631,KR65333G9799,payment_lag_not_identifiable_from_maturity
11632,KR65333G3792,payment_lag_not_identifiable_from_maturity
11634,KR65333GP799,payment_lag_not_identifiable_from_maturity
11636,KR65333GJ792,payment_lag_not_identifiable_from_maturity
11638,KR65733GR796,missing_explicit_survival_coupon
11641,KR65333087A8,missing_explicit_survival_coupon
11642,KR65333GB799,extra_formula_or_level_PMT_1_FRML
11643,KR65333FR797,payment_lag_not_identifiable_from_maturity
11644,KR65333GA791,missing_explicit_survival_coupon
11648,KR65333GC797,extra_formula_or_level_PMT_1_FRML
11650,KR65333057A1,missing_explicit_survival_coupon
11653,KR65333047A2,missing_explicit_survival_coupon
11657,KR6513381790,unsupported_ki_window
11660,KR6733322798,payment_lag_not_identifiable_from_maturity
11661,KR65333GF790,payment_lag_not_identifiable_from_maturity
11662,KR65333FS795,payment_lag_not_identifiable_from_maturity
11663,KR65333G7793,payment_lag_not_identifiable_from_maturity
11665,KR65333GE793,missing_explicit_survival_coupon
11666,KR65333GD795,payment_lag_not_identifiable_from_maturity
11667,KR65333GG798,payment_lag_not_identifiable_from_maturity
11668,KR65333G6795,payment_lag_not_identifiable_from_maturity
11673,KR65333GH796,payment_lag_not_identifiable_from_maturity
11677,KR65333297A3,payment_lag_not_identifiable_from_maturity
11679,KR65333307A0,payment_lag_not_identifiable_from_maturity
11680,KR65833037A8,extra_formula_or_level_PMT_EXTRA
11701,KR65333227A0,extra_formula_or_level_PMT_1_FRML
11704,KR65333257A7,missing_explicit_survival_coupon
11705,KR67633027A7,extra_formula_or_level_PMT_EXTRA
11706,KR67333017A1,payment_lag_not_identifiable_from_maturity
11708,KR65333837A6,missing_explicit_survival_coupon
11710,KR65333827A7,missing_explicit_survival_coupon
11711,KR65333267A6,missing_explicit_survival_coupon
11712,KR65333817A8,payment_lag_not_identifiable_from_maturity
11715,KR65333207A2,missing_explicit_survival_coupon
11716,KR65733047A8,missing_explicit_survival_coupon
11725,KR65433097A6,missing_explicit_survival_coupon
11726,KR65333217A1,missing_explicit_survival_coupon
11727,KR65333687A5,payment_lag_not_identifiable_from_maturity
11734,KR65333A17A4,payment_lag_not_identifiable_from_maturity
11740,KR65333A27A3,payment_lag_not_identifiable_from_maturity
11742,KR66633027A9,unsupported_ki_window
11747,KR65333A37A2,payment_lag_not_identifiable_from_maturity
11750,KR65333997A8,missing_explicit_survival_coupon
11752,KR65333A07A5,payment_lag_not_identifiable_from_maturity
11766,KR65333A67A9,payment_lag_not_identifiable_from_maturity
11779,KR65333A47A1,payment_lag_not_identifiable_from_maturity
11782,KR65333A57A0,payment_lag_not_identifiable_from_maturity
11786,KR65333AK7A0,payment_lag_not_identifiable_from_maturity
11790,KR65733667A3,missing_explicit_survival_coupon
11793,KR65333AL7A9,payment_lag_not_identifiable_from_maturity
11795,KR66633087A3,unsupported_ki_window
11798,KR65333AM7A8,payment_lag_not_identifiable_from_maturity
11799,KR65333AX7A5,missing_explicit_survival_coupon
11800,KR65333AZ7A3,missing_explicit_survival_coupon
11801,KR65333AW7A6,missing_explicit_survival_coupon
11802,KR65333AV7A7,extra_formula_or_level_PMT_1_FRML
11803,KR65333B07A3,missing_explicit_survival_coupon
11817,KR66633097A2,unsupported_ki_window
11819,KR65333B97A4,missing_explicit_survival_coupon
11822,KR65733377A9,missing_explicit_survival_coupon
11830,KR65333BA7A1,missing_explicit_survival_coupon
11833,KR65333BC7A9,payment_lag_not_identifiable_from_maturity
11834,KR65333BB7A0,missing_explicit_survival_coupon
11839,KR65833257A2,extra_formula_or_level_PMT_EXTRA
11840,KR65033897A3,extra_formula_or_level_STRK_2
11842,KR65333647A9,missing_explicit_survival_coupon
11843,KR65333607A3,extra_formula_or_level_PMT_1_FRML
11844,KR65333597A6,missing_explicit_survival_coupon
11845,KR65333587A7,missing_explicit_survival_coupon
11848,KR65233647A0,missing_explicit_survival_coupon
11850,KR65333637A0,missing_explicit_survival_coupon
11865,KR67333087A4,payment_lag_not_identifiable_from_maturity
11866,KR65233B07A5,missing_explicit_survival_coupon
11876,KR67033187A5,missing_explicit_survival_coupon
11877,KR65333A97A6,payment_lag_not_identifiable_from_maturity
11878,KR65333CS7A0,payment_lag_not_identifiable_from_maturity
11881,KR65333CT7A9,payment_lag_not_identifiable_from_maturity
11883,KR65333CR7A1,payment_lag_not_identifiable_from_maturity
11895,KR65833287A9,extra_formula_or_level_PMT_EXTRA
11896,20171016000318_3840,unsupported_ki_window
11903,KR65333CQ7A2,payment_lag_not_identifiable_from_maturity
11922,KR65333CW7A4,payment_lag_not_identifiable_from_maturity
11923,KR65333CV7A5,payment_lag_not_identifiable_from_maturity
11924,KR65333D97A0,missing_explicit_survival_coupon
11925,KR65333DB7A8,payment_lag_not_identifiable_from_maturity
11926,KR65333DC7A7,payment_lag_not_identifiable_from_maturity
11935,KR65333D87A1,missing_explicit_survival_coupon
11936,20171013000123_17267,extra_formula_or_level_PMT_1_FRML
11940,KR67633087A1,extra_formula_or_level_PMT_EXTRA
11941,KR65733B67A8,missing_explicit_survival_coupon
11944,KR65333D07A9,payment_lag_not_identifiable_from_maturity
11950,KR65333CZ7A1,payment_lag_not_identifiable_from_maturity
11952,20171018000240_3842,unsupported_ki_window
11959,KR65333BH7A4,missing_explicit_survival_coupon
11960,KR65333BG7A5,missing_explicit_survival_coupon
11963,KR65333DT7A8,missing_explicit_survival_coupon
11964,KR65333BM7A7,missing_explicit_survival_coupon
11973,KR65333DR7A0,missing_explicit_survival_coupon
11984,KR65333DS7A9,payment_lag_not_identifiable_from_maturity
11985,KR65333BN7A6,payment_lag_not_identifiable_from_maturity
11986,KR65333BL7A8,missing_explicit_survival_coupon
11987,KR65333BJ7A2,extra_formula_or_level_PMT_1_FRML
11988,KR65333DP7A2,missing_explicit_survival_coupon
11989,KR65333DQ7A1,missing_explicit_survival_coupon
11993,KR65033AF7A0,extra_formula_or_level_STRK_2
11997,KR65233DA7A0,missing_explicit_survival_coupon
12001,KR65033B67A3,extra_formula_or_level_STRK_2
12007,KR65333DZ7A0,extra_formula_or_level_PMT_1_FRML
12011,KR65433557A9,missing_explicit_survival_coupon
12014,KR65333E07A7,payment_lag_not_identifiable_from_maturity
12015,KR65333F17A3,payment_lag_not_identifiable_from_maturity
12016,KR65333E17A6,extra_formula_or_level_PMT_1_FRML
12017,KR65333F27A2,payment_lag_not_identifiable_from_maturity
12018,KR65333ES7A8,extra_formula_or_level_PMT_1_FRML
12020,KR65333F07A4,payment_lag_not_identifiable_from_maturity
12021,KR65333F37A1,missing_explicit_survival_coupon
12022,KR65333EX7A1,payment_lag_not_identifiable_from_maturity
12029,KR65333ET7A7,extra_formula_or_level_PMT_1_FRML
12031,KR65333EZ7A9,payment_lag_not_identifiable_from_maturity
12032,KR65333EY7A0,missing_explicit_survival_coupon
12051,KR65333EV7A3,payment_lag_not_identifiable_from_maturity
12052,KR65333F47A0,payment_lag_not_identifiable_from_maturity
12053,KR65333EW7A2,extra_formula_or_level_PMT_1_FRML
12054,KR65333F57A9,payment_lag_not_identifiable_from_maturity
12056,KR65333087B6,missing_explicit_survival_coupon
12058,KR65333F87A6,missing_explicit_survival_coupon
12059,KR65333057B9,missing_explicit_survival_coupon
12064,KR65333047B0,missing_explicit_survival_coupon
12069,KR65333067B8,extra_formula_or_level_PMT_1_FRML
12074,KR65233CP7A4,missing_explicit_survival_coupon
12084,KR65333267B4,payment_lag_not_identifiable_from_maturity
12085,KR65333257B5,payment_lag_not_identifiable_from_maturity
12090,KR65333397B9,missing_explicit_survival_coupon
12091,KR65333367B2,payment_lag_not_identifiable_from_maturity
12092,KR65333407B6,missing_explicit_survival_coupon
12093,KR65333377B1,extra_formula_or_level_PMT_1_FRML
12095,KR67033097B4,missing_explicit_survival_coupon
12096,KR65333247B6,payment_lag_not_identifiable_from_maturity
12098,KR65733137B5,missing_explicit_survival_coupon
12100,KR65333237B7,payment_lag_not_identifiable_from_maturity
12101,20171025000396_3846,unsupported_ki_window
12108,KR65133017B5,missing_explicit_survival_coupon
12113,KR65333447B2,missing_explicit_survival_coupon
12114,KR65333437B3,missing_explicit_survival_coupon
12115,KR65333427B4,missing_explicit_survival_coupon
12117,KR65333457B1,payment_lag_not_identifiable_from_maturity
12124,KR67633027B5,extra_formula_or_level_PMT_EXTRA
12126,KR67333017B9,payment_lag_not_identifiable_from_maturity
12129,KR65733587B1,missing_explicit_survival_coupon
12131,KR65033147B1,extra_formula_or_level_STRK_2
12135,KR66593087B9,averaging_not_supported
12138,KR65333677B4,missing_explicit_survival_coupon
12147,KR65333687B3,payment_lag_not_identifiable_from_maturity
12150,KR65333657B6,unsupported_PRCP_GRTE_RT
12152,KR65333697B2,extra_formula_or_level_PMT_1_FRML
12154,KR65333147B8,missing_explicit_survival_coupon
12156,KR65333127B0,missing_explicit_survival_coupon
12161,KR65333837B4,payment_lag_not_identifiable_from_maturity
12162,KR65333827B5,payment_lag_not_identifiable_from_maturity
12163,KR65333807B7,payment_lag_not_identifiable_from_maturity
12164,KR65133077B9,unsupported_ki_window
12167,20171030000377_3850,unsupported_ki_window
12173,KR65333137B9,extra_formula_or_level_PMT_1_FRML
12174,KR65333177B5,payment_lag_not_identifiable_from_maturity
12175,KR65333157B7,missing_explicit_survival_coupon
12179,KR65333797B0,payment_lag_not_identifiable_from_maturity
12180,KR65333817B6,payment_lag_not_identifiable_from_maturity
12193,KR65333787B1,payment_lag_not_identifiable_from_maturity
12206,KR65033357B6,extra_formula_or_level_STRK_2
12207,KR65133227B0,missing_explicit_survival_coupon
12208,KR65333947B1,extra_formula_or_level_PMT_1_FRML
12209,KR65333877B0,payment_lag_not_identifiable_from_maturity
12210,KR65333897B8,payment_lag_not_identifiable_from_maturity
12212,KR65333917B4,payment_lag_not_identifiable_from_maturity
12214,KR66633087B1,unsupported_ki_window
12215,KR65733457B7,missing_explicit_survival_coupon
12217,KR65333927B3,missing_explicit_survival_coupon
12221,KR65333887B9,payment_lag_not_identifiable_from_maturity
12222,KR65333937B2,missing_explicit_survival_coupon
12223,KR65333957B0,missing_explicit_survival_coupon
12227,KR65333967B9,missing_explicit_survival_coupon
12231,KR67633077B0,extra_formula_or_level_PMT_EXTRA
12239,KR65133237B9,missing_explicit_survival_coupon
12243,KR65333997B6,missing_explicit_survival_coupon
12246,KR65333A07B3,extra_formula_or_level_PMT_1_FRML
12249,KR65333987B7,payment_lag_not_identifiable_from_maturity
12253,KR66593187B7,averaging_not_supported
12258,KR65333A67B7,missing_explicit_survival_coupon
12263,KR65333A57B8,payment_lag_not_identifiable_from_maturity
12265,KR65833517B7,extra_formula_or_level_PMT_EXTRA
12277,KR65733997B2,missing_explicit_survival_coupon
12279,KR65333AL7B7,missing_explicit_survival_coupon
12280,KR65333AM7B6,payment_lag_not_identifiable_from_maturity
12281,KR65733917B0,missing_explicit_survival_coupon
12283,KR65333AR7B1,payment_lag_not_identifiable_from_maturity
12285,KR65333AP7B3,payment_lag_not_identifiable_from_maturity
12286,KR65333AN7B5,payment_lag_not_identifiable_from_maturity
12288,KR65133097B7,payment_lag_not_identifiable_from_maturity
12290,KR65333AQ7B2,payment_lag_not_identifiable_from_maturity
12317,KR67033277B2,missing_explicit_survival_coupon
12320,KR65833467B5,extra_formula_or_level_PMT_EXTRA
12329,KR65333597B4,missing_explicit_survival_coupon
12335,KR65333637B8,missing_explicit_survival_coupon
12336,KR65333607B1,extra_formula_or_level_PMT_1_FRML
12348,KR65133107B4,payment_lag_not_identifiable_from_maturity
12351,KR65333AV7B5,payment_lag_not_identifiable_from_maturity
12352,KR65333AS7B0,payment_lag_not_identifiable_from_maturity
12353,KR65333AT7B9,payment_lag_not_identifiable_from_maturity
12355,KR65333617B0,missing_explicit_survival_coupon
12360,KR66633187B9,unsupported_ki_window
12362,KR65333647B7,payment_lag_not_identifiable_from_maturity
12376,KR66593467B3,averaging_not_supported
12379,20171117000415_4447,averaging_not_supported
12380,20171117000415_4448,averaging_not_supported
12383,KR65233CF7B4,missing_explicit_survival_coupon
12386,KR65733BY7B7,missing_explicit_survival_coupon
12392,KR65133377B3,payment_lag_not_identifiable_from_maturity
12393,KR65133367B4,payment_lag_not_identifiable_from_maturity
12397,KR65333B87B3,missing_explicit_survival_coupon
12402,KR65333BA7B9,missing_explicit_survival_coupon
12412,KR65333BB7B8,payment_lag_not_identifiable_from_maturity
12418,KR65333B67B5,missing_explicit_survival_coupon
12421,KR65333B77B4,extra_formula_or_level_PMT_1_FRML
12424,KR65333D87B9,payment_lag_not_identifiable_from_maturity
12425,KR65333D97B8,extra_formula_or_level_PMT_1_FRML
12440,KR65333DG7B1,extra_formula_or_level_PMT_1_FRML
12447,KR65333DA7B7,payment_lag_not_identifiable_from_maturity
12454,KR67333317B3,payment_lag_not_identifiable_from_maturity
12455,KR65833CK7B1,extra_formula_or_level_PMT_EXTRA
12458,KR67333307B4,payment_lag_not_identifiable_from_maturity
12465,KR66633397B4,unsupported_ki_window
12466,KR66633407B1,unsupported_ki_window
12468,KR65333DE7B3,payment_lag_not_identifiable_from_maturity
12469,KR65333DF7B2,payment_lag_not_identifiable_from_maturity
12470,KR65333DD7B4,payment_lag_not_identifiable_from_maturity
12477,KR65733B97B3,missing_explicit_survival_coupon
12479,KR65733CS7B4,missing_explicit_survival_coupon
12489,KR65333057C7,missing_explicit_survival_coupon
12494,KR65333117C9,payment_lag_not_identifiable_from_maturity
12495,KR65333097C3,missing_explicit_survival_coupon
12499,KR65733BC7B3,missing_explicit_survival_coupon
12502,KR65333077C5,missing_explicit_survival_coupon
12503,KR65333067C6,extra_formula_or_level_PMT_1_FRML
12504,KR65333E87B7,missing_explicit_survival_coupon
12505,KR65333E77B8,payment_lag_not_identifiable_from_maturity
12513,KR65333107C0,missing_explicit_survival_coupon
12514,20171124000476_4455,averaging_not_supported
12541,KR65333477C7,payment_lag_not_identifiable_from_maturity
12542,KR65333487C6,payment_lag_not_identifiable_from_maturity
12543,KR65133087C6,payment_lag_not_identifiable_from_maturity
12546,KR65333507C1,payment_lag_not_identifiable_from_maturity
12556,KR65133097C5,payment_lag_not_identifiable_from_maturity
12567,KR65333467C8,payment_lag_not_identifiable_from_maturity
12572,KR65333437C1,payment_lag_not_identifiable_from_maturity
12577,KR65333447C0,payment_lag_not_identifiable_from_maturity
12579,KR65333457C9,payment_lag_not_identifiable_from_maturity
12581,KR65333237C5,missing_explicit_survival_coupon
12582,KR65333657C4,payment_lag_not_identifiable_from_maturity
12584,20171124000079_17598,payment_lag_not_identifiable_from_maturity
12585,KR65333677C2,payment_lag_not_identifiable_from_maturity
12587,KR65733497C1,missing_explicit_survival_coupon
12588,KR66633057C2,unsupported_ki_window
12591,KR65333777C0,missing_explicit_survival_coupon
12593,KR65333267C2,payment_lag_not_identifiable_from_maturity
12594,KR65333227C6,extra_formula_or_level_PMT_1_FRML
12600,KR66633047C3,unsupported_ki_window
12601,KR65333257C3,missing_explicit_survival_coupon
12605,KR65333737C4,missing_explicit_survival_coupon
12606,KR65333217C7,missing_explicit_survival_coupon
12607,KR65333757C2,extra_formula_or_level_PMT_1_FRML
12609,KR65333747C3,missing_explicit_survival_coupon
12613,KR65333687C1,payment_lag_not_identifiable_from_maturity
12617,KR65333667C3,payment_lag_not_identifiable_from_maturity
12619,KR65333897C6,missing_explicit_survival_coupon
12622,KR65333887C7,missing_explicit_survival_coupon
12624,KR65333867C9,missing_explicit_survival_coupon
12626,KR65333917C2,missing_explicit_survival_coupon
12628,KR65333877C8,extra_formula_or_level_PMT_1_FRML
12631,KR65333907C3,missing_explicit_survival_coupon
12636,KR65133027C2,missing_explicit_survival_coupon
12638,KR65333A07C1,payment_lag_not_identifiable_from_maturity
12642,KR65733817C0,missing_explicit_survival_coupon
12645,KR66593057C0,averaging_not_supported
12646,KR65333A17C0,missing_explicit_survival_coupon
12650,KR65333A37C8,missing_explicit_survival_coupon
12652,KR65333A47C7,payment_lag_not_identifiable_from_maturity
12654,KR65333997C4,missing_explicit_survival_coupon
12655,KR65333987C5,extra_formula_or_level_PMT_1_FRML
12656,KR65333A27C9,missing_explicit_survival_coupon
12658,KR65333977C6,missing_explicit_survival_coupon
12664,KR66633127C3,unsupported_ki_window
12667,KR65333AK7C6,payment_lag_not_identifiable_from_maturity
12671,KR65133157C7,unsupported_ki_window
12676,KR65333AJ7C9,payment_lag_not_identifiable_from_maturity
12705,KR65333AM7C4,extra_formula_or_level_PMT_1_FRML
12706,KR65333AP7C1,payment_lag_not_identifiable_from_maturity
12707,KR65333AR7C9,payment_lag_not_identifiable_from_maturity
12709,KR65333567C5,missing_explicit_survival_coupon
12713,KR65333587C3,missing_explicit_survival_coupon
12715,KR65333BL7C4,missing_explicit_survival_coupon
12717,KR65333577C4,extra_formula_or_level_PMT_1_FRML
12723,KR65333BA7C7,payment_lag_not_identifiable_from_maturity
12724,KR65333BF7C2,missing_explicit_survival_coupon
12725,KR65333B77C2,payment_lag_not_identifiable_from_maturity
12727,KR65333BJ7C8,missing_explicit_survival_coupon
12729,KR65333BH7C0,payment_lag_not_identifiable_from_maturity
12730,KR65333BG7C1,payment_lag_not_identifiable_from_maturity
12734,KR65333607C9,missing_explicit_survival_coupon
12735,KR65733AN7C9,missing_explicit_survival_coupon
12736,KR65733617C4,missing_explicit_survival_coupon
12737,KR65333B97C0,payment_lag_not_identifiable_from_maturity
12739,KR65433217C6,missing_explicit_survival_coupon
12740,KR66633217C2,unsupported_ki_window
12743,KR65333BM7C3,extra_formula_or_level_PMT_1_FRML
12744,KR65333BK7C5,missing_explicit_survival_coupon
12745,KR66633207C3,unsupported_ki_window
12759,KR65033597C5,extra_formula_or_level_STRK_2
12766,KR65733647C1,missing_explicit_survival_coupon
12776,KR67333127C4,payment_lag_not_identifiable_from_maturity
12781,KR65733BE7C9,missing_explicit_survival_coupon
12786,KR65333D37C2,extra_formula_or_level_PMT_1_FRML
12790,KR65133287C2,payment_lag_not_identifiable_from_maturity
12791,KR65333D77C8,payment_lag_not_identifiable_from_maturity
12792,KR65333D87C7,payment_lag_not_identifiable_from_maturity
12793,KR65333D97C6,payment_lag_not_identifiable_from_maturity
12795,KR65333D17C4,payment_lag_not_identifiable_from_maturity
12798,KR65333BZ7C8,payment_lag_not_identifiable_from_maturity
12801,KR67033867C8,missing_explicit_survival_coupon
12802,KR65333D47C1,payment_lag_not_identifiable_from_maturity
12803,KR65333D57C0,payment_lag_not_identifiable_from_maturity
12805,KR65333D27C3,extra_formula_or_level_PMT_1_FRML
12807,KR65333BY7C9,payment_lag_not_identifiable_from_maturity
12812,KR65333D07C5,payment_lag_not_identifiable_from_maturity
12813,KR65333CZ7C7,extra_formula_or_level_PMT_1_FRML
12815,KR65333CY7C8,payment_lag_not_identifiable_from_maturity
12817,KR65333CX7C9,payment_lag_not_identifiable_from_maturity
12828,KR66633367C5,unsupported_ki_window
12829,KR66633357C6,unsupported_ki_window
12830,KR65333AZ7C9,extra_formula_or_level_PMT_1_FRML
12831,KR65333DH7C8,missing_explicit_survival_coupon
12834,KR65333B07C9,missing_explicit_survival_coupon
12835,KR65333DJ7C6,missing_explicit_survival_coupon
12836,KR65733C87C0,missing_explicit_survival_coupon
12838,KR65333DC7C3,payment_lag_not_identifiable_from_maturity
12840,KR65333DA7C5,payment_lag_not_identifiable_from_maturity
12841,KR65333B27C7,missing_explicit_survival_coupon
12842,KR65333DB7C4,payment_lag_not_identifiable_from_maturity
12845,KR65333AY7C0,missing_explicit_survival_coupon
12852,KR65333DK7C3,extra_formula_or_level_PMT_1_FRML
12854,KR65333DV7C0,extra_formula_or_level_PMT_1_FRML
12855,KR65033AJ7C2,extra_formula_or_level_STRK_2
12856,KR65333DT7C4,missing_explicit_survival_coupon
12861,KR65333DS7C5,missing_explicit_survival_coupon
12862,KR65333DR7C6,missing_explicit_survival_coupon
12864,KR67333197C7,payment_lag_not_identifiable_from_maturity
12868,KR65733D47C2,missing_explicit_survival_coupon
12869,KR65333E57C8,missing_explicit_survival_coupon
12876,KR65333E27C1,missing_explicit_survival_coupon
12880,KR65333E47C9,payment_lag_not_identifiable_from_maturity
12881,KR65333E37C0,missing_explicit_survival_coupon
12885,KR66593347C5,averaging_not_supported
12906,KR65333ER7C5,missing_explicit_survival_coupon
12907,KR65333EQ7C6,payment_lag_not_identifiable_from_maturity
12909,KR65333ES7C4,missing_explicit_survival_coupon
12910,KR65333EX7C7,extra_formula_or_level_PMT_1_FRML
12911,KR65333EP7C7,payment_lag_not_identifiable_from_maturity
12916,KR65333EW7C8,extra_formula_or_level_PMT_1_FRML
12918,KR65333ET7C3,missing_explicit_survival_coupon
12922,KR65333EM7C0,payment_lag_not_identifiable_from_maturity
12923,KR65033C47C9,extra_formula_or_level_STRK_2
12925,KR65333EN7C9,payment_lag_not_identifiable_from_maturity
12926,KR65333EJ7C5,extra_formula_or_level_PMT_1_FRML
12927,KR65333EK7C2,payment_lag_not_identifiable_from_maturity
12930,KR65333EL7C1,payment_lag_not_identifiable_from_maturity
12931,KR65333EV7C9,missing_explicit_survival_coupon
12936,KR65333F47C6,missing_explicit_survival_coupon
12938,KR65333F37C7,payment_lag_not_identifiable_from_maturity
12939,KR65333CQ7C8,missing_explicit_survival_coupon
12942,KR65333EY7C6,payment_lag_not_identifiable_from_maturity
12944,KR65333F27C8,missing_explicit_survival_coupon
12945,KR65333CS7C6,missing_explicit_survival_coupon
12950,KR66633487C1,unsupported_ki_window
12952,KR65333CP7C9,extra_formula_or_level_PMT_1_FRML
12956,KR65333CN7C1,missing_explicit_survival_coupon
12957,KR66633477C2,unsupported_ki_window
12958,KR65333F57C5,missing_explicit_survival_coupon
12959,KR65333F87C2,missing_explicit_survival_coupon
12960,KR65333F77C3,missing_explicit_survival_coupon
12962,KR65333F67C4,extra_formula_or_level_PMT_1_FRML
12969,KR65333FA7C3,payment_lag_not_identifiable_from_maturity
12970,KR65333FC7C1,payment_lag_not_identifiable_from_maturity
12971,KR67633207C1,extra_formula_or_level_PMT_EXTRA
12972,KR65333FB7C2,payment_lag_not_identifiable_from_maturity
12989,KR65333F07C0,payment_lag_not_identifiable_from_maturity
12990,KR65333F17C9,payment_lag_not_identifiable_from_maturity
13010,KR6503334817,extra_formula_or_level_STRK_2
13015,KR6503333819,extra_formula_or_level_STRK_2
13031,KR6553306814,missing_schedule_values
13033,KR6573328814,missing_explicit_survival_coupon
13048,KR6543305819,missing_explicit_survival_coupon
13065,KR6533359818,payment_lag_not_identifiable_from_maturity
13071,KR6503360812,extra_formula_or_level_STRK_2
13094,KR6533308815,extra_formula_or_level_PMT_1_FRML
13096,KR6533311819,missing_explicit_survival_coupon
13100,KR6503392815,extra_formula_or_level_STRK_2
13104,KR6503391817,extra_formula_or_level_STRK_2
13106,KR6533381812,payment_lag_not_identifiable_from_maturity
13107,KR6533376812,payment_lag_not_identifiable_from_maturity
13112,KR6533312817,missing_explicit_survival_coupon
13114,KR6533382810,missing_explicit_survival_coupon
13116,KR6503394811,extra_formula_or_level_STRK_2
13119,KR6663306811,unsupported_ki_window
13122,KR6663305813,unsupported_ki_window
13125,KR6533380814,extra_formula_or_level_PMT_1_FRML
13126,KR6533314813,missing_explicit_survival_coupon
13127,KR6663307819,unsupported_ki_window
13131,KR6533396810,payment_lag_not_identifiable_from_maturity
13132,KR6533394815,missing_explicit_survival_coupon
13139,KR6533395812,missing_explicit_survival_coupon
13141,KR6533393817,extra_formula_or_level_PMT_1_FRML
13144,KR6733311817,payment_lag_not_identifiable_from_maturity
13148,KR6573386812,missing_explicit_survival_coupon
13150,KR6533398816,payment_lag_not_identifiable_from_maturity
13160,KR6533397818,extra_formula_or_level_PMT_1_FRML
13174,KR6659314811,averaging_not_supported
13198,KR65333AY810,payment_lag_not_identifiable_from_maturity
13204,KR6663313817,unsupported_ki_window
13206,KR6513304818,unsupported_ki_window
13208,KR6703343816,missing_explicit_survival_coupon
13214,KR65333BK817,payment_lag_not_identifiable_from_maturity
13215,KR6663319814,unsupported_ki_window
13223,KR6533368819,missing_explicit_survival_coupon
13224,KR6533373819,missing_explicit_survival_coupon
13226,KR65033BG811,extra_formula_or_level_STRK_2
13230,KR65333BN811,payment_lag_not_identifiable_from_maturity
13231,KR65333BP816,payment_lag_not_identifiable_from_maturity
13234,KR6533372811,missing_explicit_survival_coupon
13236,KR65333BL815,payment_lag_not_identifiable_from_maturity
13238,KR65333BW812,extra_formula_or_level_PMT_1_FRML
13239,KR6533369817,extra_formula_or_level_PMT_1_FRML
13241,KR6663320812,unsupported_ki_window
13243,KR6533370815,missing_explicit_survival_coupon
13248,KR65333BV814,missing_explicit_survival_coupon
13250,KR65333C0818,payment_lag_not_identifiable_from_maturity
13251,KR65333BZ815,payment_lag_not_identifiable_from_maturity
13253,KR65333BX810,payment_lag_not_identifiable_from_maturity
13255,KR65333BY818,payment_lag_not_identifiable_from_maturity
13258,KR65733A1814,missing_explicit_survival_coupon
13277,KR65333CD810,extra_formula_or_level_PMT_1_FRML
13285,KR65733BX811,missing_explicit_survival_coupon
13298,KR65333CC812,payment_lag_not_identifiable_from_maturity
13310,KR65333D1815,payment_lag_not_identifiable_from_maturity
13312,KR65333D2813,payment_lag_not_identifiable_from_maturity
13317,KR6513319816,unsupported_ki_window
13320,KR65733D0813,missing_explicit_survival_coupon
13323,KR65333DB812,payment_lag_not_identifiable_from_maturity
13324,KR65333DA814,payment_lag_not_identifiable_from_maturity
13329,KR65333DF813,missing_explicit_survival_coupon
13333,KR6663335810,unsupported_ki_window
13334,KR6663334813,unsupported_ki_window
13337,KR65733AT811,missing_explicit_survival_coupon
13344,KR65333BA818,missing_explicit_survival_coupon
13347,KR65333BF817,missing_explicit_survival_coupon
13349,KR65333BB816,extra_formula_or_level_PMT_1_FRML
13350,KR65333BC814,missing_explicit_survival_coupon
13351,KR65333BE810,missing_explicit_survival_coupon
13357,KR65333DG811,extra_formula_or_level_PMT_1_FRML
13359,KR65733AV817,missing_explicit_survival_coupon
13361,KR65333DL811,missing_explicit_survival_coupon
13363,KR65333DP812,missing_explicit_survival_coupon
13364,KR65333DK813,payment_lag_not_identifiable_from_maturity
13374,KR65333DH819,extra_formula_or_level_PMT_1_FRML
13376,KR65333DN817,missing_explicit_survival_coupon
13377,KR65333DM819,payment_lag_not_identifiable_from_maturity
13380,KR65333DJ815,payment_lag_not_identifiable_from_maturity
13388,KR6733325817,payment_lag_not_identifiable_from_maturity
13408,KR6659355814,averaging_not_supported
13413,KR6763315811,missing_schedule_values
13414,KR65333E5815,payment_lag_not_identifiable_from_maturity
13416,KR6513339814,unsupported_ki_window
13424,KR65333E6813,payment_lag_not_identifiable_from_maturity
13442,KR67033AJ815,missing_explicit_survival_coupon
13446,KR65333E3810,payment_lag_not_identifiable_from_maturity
13447,KR65333E4818,payment_lag_not_identifiable_from_maturity
13448,KR6663345819,unsupported_ki_window
13451,KR6533309821,missing_explicit_survival_coupon
13455,KR6533307825,missing_explicit_survival_coupon
13456,KR65733ER817,missing_explicit_survival_coupon
13470,KR6533311827,missing_explicit_survival_coupon
13471,KR65333E9817,payment_lag_not_identifiable_from_maturity
13472,KR6533308823,extra_formula_or_level_PMT_1_FRML
13474,KR65333EG819,missing_explicit_survival_coupon
13476,KR65333EK811,missing_explicit_survival_coupon
13477,KR65333EN815,missing_explicit_survival_coupon
13478,KR65333E7811,payment_lag_not_identifiable_from_maturity
13479,KR65333E8819,payment_lag_not_identifiable_from_maturity
13481,KR6663344812,unsupported_ki_window
13482,KR65333EP810,missing_explicit_survival_coupon
13483,KR65333EM817,missing_explicit_survival_coupon
13486,KR65333EL819,extra_formula_or_level_PMT_1_FRML
13488,KR6533313823,payment_lag_not_identifiable_from_maturity
13489,20180119000076_18005,missing_explicit_survival_coupon
13495,KR6533333821,payment_lag_not_identifiable_from_maturity
13496,KR6533346823,payment_lag_not_identifiable_from_maturity
13500,KR6513313827,missing_explicit_survival_coupon
13502,KR6533347821,missing_explicit_survival_coupon
13503,KR6533345825,missing_explicit_survival_coupon
13515,KR6503317820,extra_formula_or_level_STRK_2
13516,KR6533349827,missing_explicit_survival_coupon
13517,KR6503318828,extra_formula_or_level_STRK_2
13518,KR6533348829,missing_explicit_survival_coupon
13519,KR6533344828,missing_explicit_survival_coupon
13525,KR6533356822,payment_lag_not_identifiable_from_maturity
13542,KR6573333822,missing_explicit_survival_coupon
13544,KR6533355824,missing_explicit_survival_coupon
13552,KR6533384824,payment_lag_not_identifiable_from_maturity
13554,KR6763301829,missing_schedule_values
13570,KR6533357820,payment_lag_not_identifiable_from_maturity
13578,KR6533382828,payment_lag_not_identifiable_from_maturity
13579,KR6533383826,payment_lag_not_identifiable_from_maturity
13585,KR6533324820,extra_formula_or_level_PMT_1_FRML
13586,KR6533325827,missing_explicit_survival_coupon
13588,KR6533391829,payment_lag_not_identifiable_from_maturity
13589,KR65333A5827,missing_explicit_survival_coupon
13590,KR6573347822,missing_explicit_survival_coupon
13591,KR6573312826,missing_explicit_survival_coupon
13595,KR6573311828,missing_explicit_survival_coupon
13597,KR6503324826,extra_formula_or_level_STRK_2
13599,KR65333A6825,extra_formula_or_level_PMT_1_FRML
13604,KR6663305821,unsupported_ki_window
13609,KR6663306829,unsupported_ki_window
13613,KR65333A4820,missing_explicit_survival_coupon
13616,KR6533323822,missing_explicit_survival_coupon
13617,KR6533331825,missing_explicit_survival_coupon
13618,KR6533329829,payment_lag_not_identifiable_from_maturity
13629,KR6533392827,payment_lag_not_identifiable_from_maturity
13630,KR6533327823,missing_explicit_survival_coupon
13631,KR6533321826,missing_explicit_survival_coupon
13638,KR65333A7823,payment_lag_not_identifiable_from_maturity
13641,KR65333AG825,payment_lag_not_identifiable_from_maturity
13648,KR65333A8821,payment_lag_not_identifiable_from_maturity
13655,KR65333AH823,missing_explicit_survival_coupon
13660,KR6733315826,payment_lag_not_identifiable_from_maturity
13686,KR6513317828,payment_lag_not_identifiable_from_maturity
13697,KR6513318826,payment_lag_not_identifiable_from_maturity
13707,KR6663312827,unsupported_ki_window
13716,KR65333BX828,payment_lag_not_identifiable_from_maturity
13724,KR65333C0826,payment_lag_not_identifiable_from_maturity
13730,KR65033AQ820,extra_formula_or_level_STRK_2
13731,KR65333C3820,payment_lag_not_identifiable_from_maturity
13732,KR65333C2822,missing_explicit_survival_coupon
13736,KR65333CF823,missing_explicit_survival_coupon
13740,KR65333CE826,payment_lag_not_identifiable_from_maturity
13748,KR65733AP827,missing_explicit_survival_coupon
13753,KR6533374825,missing_explicit_survival_coupon
13757,KR6763311828,extra_formula_or_level_PMT_EXTRA
13758,KR65333CJ825,extra_formula_or_level_PMT_1_FRML
13759,KR65333BW820,payment_lag_not_identifiable_from_maturity
13761,KR65333CH829,missing_explicit_survival_coupon
13763,KR6533368827,missing_explicit_survival_coupon
13769,KR6763310820,extra_formula_or_level_PMT_EXTRA
13774,KR6663322826,unsupported_ki_window
13781,KR6663321828,unsupported_ki_window
13782,KR6513312829,missing_explicit_survival_coupon
13786,KR65333BY826,payment_lag_not_identifiable_from_maturity
13787,KR6533376820,missing_explicit_survival_coupon
13792,KR6503374821,extra_formula_or_level_STRK_2
13795,KR6533372829,missing_explicit_survival_coupon
13797,KR6663320820,unsupported_ki_window
13798,KR65333C1824,payment_lag_not_identifiable_from_maturity
13799,KR65333BZ823,payment_lag_not_identifiable_from_maturity
13802,KR6573384825,missing_explicit_survival_coupon
13804,KR6533370823,missing_explicit_survival_coupon
13809,KR6573383827,missing_explicit_survival_coupon
13810,KR6533369825,extra_formula_or_level_PMT_1_FRML
13817,KR65333DL829,missing_explicit_survival_coupon
13818,KR65333DK821,payment_lag_not_identifiable_from_maturity
13819,KR65333DY822,missing_explicit_survival_coupon
13824,20180207000151_18170,missing_explicit_survival_coupon
13828,KR65333DZ829,payment_lag_not_identifiable_from_maturity
13831,KR65333E0824,payment_lag_not_identifiable_from_maturity
13833,KR6663331827,unsupported_ki_window
13835,KR65333DG829,payment_lag_not_identifiable_from_maturity
13837,KR6663332825,unsupported_ki_window
13840,KR65333DX824,payment_lag_not_identifiable_from_maturity
13844,KR65333DJ823,payment_lag_not_identifiable_from_maturity
13845,KR65333DH827,extra_formula_or_level_PMT_1_FRML
13851,KR65333EB828,missing_explicit_survival_coupon
13852,KR65733BL824,missing_explicit_survival_coupon
13853,KR65333DR826,payment_lag_not_identifiable_from_maturity
13856,KR65333BP824,missing_explicit_survival_coupon
13858,KR65333BR820,missing_explicit_survival_coupon
13859,KR65333BV822,missing_explicit_survival_coupon
13861,KR65733A5823,missing_explicit_survival_coupon
13864,KR65733A4826,missing_explicit_survival_coupon
13865,KR65033B0820,extra_formula_or_level_STRK_2
13866,KR65033AZ821,extra_formula_or_level_STRK_2
13868,KR65333EA820,payment_lag_not_identifiable_from_maturity
13876,KR65333BL823,extra_formula_or_level_PMT_1_FRML
13879,KR65333DQ828,extra_formula_or_level_PMT_1_FRML
13880,KR65333DS824,payment_lag_not_identifiable_from_maturity
13882,KR65333BK825,missing_explicit_survival_coupon
13885,KR65333BM821,missing_explicit_survival_coupon
13886,KR65333DV828,payment_lag_not_identifiable_from_maturity
13888,KR65333DT822,payment_lag_not_identifiable_from_maturity
13893,KR6733326823,payment_lag_not_identifiable_from_maturity
13895,KR65333ER824,extra_formula_or_level_PMT_1_FRML
13913,KR65333EP828,payment_lag_not_identifiable_from_maturity
13915,KR65333EL827,payment_lag_not_identifiable_from_maturity
13917,KR65333EM825,payment_lag_not_identifiable_from_maturity
13922,KR65333EN823,extra_formula_or_level_PMT_1_FRML
13924,KR67033AF821,missing_explicit_survival_coupon
13927,KR65333EQ826,payment_lag_not_identifiable_from_maturity
13937,KR65333FB825,payment_lag_not_identifiable_from_maturity
13940,KR6513342826,payment_lag_not_identifiable_from_maturity
13951,KR65333F9824,payment_lag_not_identifiable_from_maturity
13952,KR65333FA827,payment_lag_not_identifiable_from_maturity
13961,KR6663342824,unsupported_ki_window
13963,KR6533309839,missing_explicit_survival_coupon
13965,KR65333FJ828,payment_lag_not_identifiable_from_maturity
13967,KR65333FF826,payment_lag_not_identifiable_from_maturity
13968,KR6663344820,unsupported_ki_window
13969,KR65333FK826,missing_explicit_survival_coupon
13970,KR6533311835,missing_explicit_survival_coupon
13971,KR65333G5821,payment_lag_not_identifiable_from_maturity
13972,KR65333FY827,missing_explicit_survival_coupon
13973,KR65333FV823,missing_explicit_survival_coupon
13974,KR65333G1820,payment_lag_not_identifiable_from_maturity
13975,KR65333FX829,missing_explicit_survival_coupon
13976,KR65333FT827,missing_explicit_survival_coupon
13977,KR65333G2828,payment_lag_not_identifiable_from_maturity
13979,KR6533314839,missing_explicit_survival_coupon
13982,KR65333FG824,extra_formula_or_level_PMT_1_FRML
13985,KR65333FH822,payment_lag_not_identifiable_from_maturity
13987,KR65333FN820,missing_explicit_survival_coupon
13991,KR65333FZ824,payment_lag_not_identifiable_from_maturity
13992,KR6533315836,extra_formula_or_level_PMT_1_FRML
13993,KR65333G0822,extra_formula_or_level_PMT_1_FRML
14000,KR6663343822,unsupported_ki_window
14006,KR6533307833,missing_explicit_survival_coupon
14011,KR65733CY825,missing_explicit_survival_coupon
14012,KR6533306835,missing_explicit_survival_coupon
14018,KR65333G3826,payment_lag_not_identifiable_from_maturity
14023,KR6533361830,extra_formula_or_level_PMT_1_FRML
14025,KR6533360832,missing_explicit_survival_coupon
14026,KR6703302838,missing_explicit_survival_coupon
14028,KR6533358836,missing_explicit_survival_coupon
14033,KR6533365831,missing_explicit_survival_coupon
14035,KR6503328835,extra_formula_or_level_STRK_2
14040,KR6553359839,missing_explicit_survival_coupon
14041,KR6533363836,missing_explicit_survival_coupon
14042,KR6533364834,payment_lag_not_identifiable_from_maturity
14044,KR6533359834,missing_explicit_survival_coupon
14052,20180223000242_1642,unsupported_ki_window
14053,KR6533366839,payment_lag_not_identifiable_from_maturity
14058,KR6703317836,missing_explicit_survival_coupon
14070,KR6503327837,extra_formula_or_level_STRK_2
14076,KR65333A5835,payment_lag_not_identifiable_from_maturity
14079,KR65333A6833,payment_lag_not_identifiable_from_maturity
14080,KR6573308832,missing_explicit_survival_coupon
14094,KR6573309830,missing_explicit_survival_coupon
14095,KR65333AE838,missing_explicit_survival_coupon
14096,KR65333AD830,extra_formula_or_level_PMT_1_FRML
14106,KR6663305839,unsupported_ki_window
14107,KR6533330835,missing_explicit_survival_coupon
14108,KR6663306837,unsupported_ki_window
14117,KR65333A4838,payment_lag_not_identifiable_from_maturity
14120,KR6533324838,missing_explicit_survival_coupon
14121,KR6533325835,extra_formula_or_level_PMT_1_FRML
14122,20180227000290_18367,missing_explicit_survival_coupon
14123,KR6573344837,missing_explicit_survival_coupon
14124,KR6533334837,missing_explicit_survival_coupon
14125,KR65333A3830,payment_lag_not_identifiable_from_maturity
14126,KR65333A2832,extra_formula_or_level_PMT_1_FRML
14127,KR65333AB834,missing_explicit_survival_coupon
14128,KR6533326833,missing_explicit_survival_coupon
14130,KR65333AC832,payment_lag_not_identifiable_from_maturity
14134,KR65333AG833,payment_lag_not_identifiable_from_maturity
14135,KR65333AH831,payment_lag_not_identifiable_from_maturity
14137,KR65333AL833,payment_lag_not_identifiable_from_maturity
14141,KR65333AM831,unsupported_PRCP_GRTE_RT
14144,KR65333AF835,payment_lag_not_identifiable_from_maturity
14153,KR6573364835,missing_explicit_survival_coupon
14162,KR65033AM837,extra_formula_or_level_STRK_2
14166,KR6659314837,averaging_not_supported
14168,KR6733304838,payment_lag_not_identifiable_from_maturity
14169,KR6503387831,unsupported_redemption_structure
14179,KR65533B6830,payment_lag_not_identifiable_from_maturity
14183,KR6513317836,payment_lag_not_identifiable_from_maturity
14188,KR65333BW838,payment_lag_not_identifiable_from_maturity
14200,KR65333BV830,payment_lag_not_identifiable_from_maturity
14201,KR6663312835,unsupported_ki_window
14205,KR65333CP830,extra_formula_or_level_PMT_1_FRML
14206,KR65333BT834,payment_lag_not_identifiable_from_maturity
14207,KR65333BS836,payment_lag_not_identifiable_from_maturity
14209,KR65333A0836,missing_explicit_survival_coupon
14213,KR65333CT832,payment_lag_not_identifiable_from_maturity
14217,KR65333D0833,missing_explicit_survival_coupon
14218,KR65333CJ833,payment_lag_not_identifiable_from_maturity
14229,KR65333D2839,extra_formula_or_level_PMT_1_FRML
14230,KR65333A1834,extra_formula_or_level_PMT_1_FRML
14232,KR65333CZ839,missing_explicit_survival_coupon
14233,KR6663321836,unsupported_ki_window
14237,KR65333D1831,payment_lag_not_identifiable_from_maturity
14238,KR6663319830,unsupported_ki_window
14239,KR6533391837,missing_explicit_survival_coupon
14240,KR6533392835,extra_formula_or_level_PMT_1_FRML
14241,KR65333CH837,extra_formula_or_level_PMT_1_FRML
14242,KR65333CK831,payment_lag_not_identifiable_from_maturity
14247,20180307000326_3951,unsupported_ki_window
14248,KR6583390838,extra_formula_or_level_PMT_EXTRA
14251,KR6533393833,missing_explicit_survival_coupon
14253,KR6533396836,missing_explicit_survival_coupon
14258,KR65333DF839,missing_explicit_survival_coupon
14259,KR65333DE832,missing_explicit_survival_coupon
14260,KR65333DD834,payment_lag_not_identifiable_from_maturity
14261,KR65333DC836,missing_explicit_survival_coupon
14264,KR65333D6830,payment_lag_not_identifiable_from_maturity
14265,KR6523382838,missing_explicit_survival_coupon
14266,KR65333D5832,payment_lag_not_identifiable_from_maturity
14271,KR65333D4835,payment_lag_not_identifiable_from_maturity
14276,KR65333D3837,extra_formula_or_level_PMT_1_FRML
14284,KR6573379833,missing_explicit_survival_coupon
14285,KR6573380831,missing_explicit_survival_coupon
14286,KR65733B6838,missing_explicit_survival_coupon
14291,KR6543322830,missing_explicit_survival_coupon
14309,KR65333DT830,missing_explicit_survival_coupon
14314,KR6513332835,payment_lag_not_identifiable_from_maturity
14317,KR6663329839,unsupported_ki_window
14322,KR65333EL835,payment_lag_not_identifiable_from_maturity
14323,KR65333EF837,payment_lag_not_identifiable_from_maturity
14326,KR65333DV836,payment_lag_not_identifiable_from_maturity
14331,KR6703371833,missing_explicit_survival_coupon
14334,KR65333EJ839,payment_lag_not_identifiable_from_maturity
14335,KR65333EK837,payment_lag_not_identifiable_from_maturity
14336,KR65333EG835,extra_formula_or_level_PMT_1_FRML
14337,KR65333EH833,payment_lag_not_identifiable_from_maturity
14349,KR65333FF834,payment_lag_not_identifiable_from_maturity
14350,KR65333EZ835,payment_lag_not_identifiable_from_maturity
14352,KR65333F5830,payment_lag_not_identifiable_from_maturity
14353,KR65333F6838,missing_explicit_survival_coupon
14354,KR65333FR839,missing_explicit_survival_coupon
14355,KR65333F8834,extra_formula_or_level_PMT_1_FRML
14356,KR65333FN838,payment_lag_not_identifiable_from_maturity
14357,KR65333EW832,payment_lag_not_identifiable_from_maturity
14358,KR65333F4833,missing_explicit_survival_coupon
14359,KR65333FS837,payment_lag_not_identifiable_from_maturity
14360,KR65333FT835,extra_formula_or_level_PMT_1_FRML
14361,KR65333C7839,missing_explicit_survival_coupon
14362,KR65333FE837,missing_explicit_survival_coupon
14363,KR65333CE834,missing_explicit_survival_coupon
14364,KR65333F3835,missing_explicit_survival_coupon
14365,KR65333FA835,extra_formula_or_level_PMT_1_FRML
14366,KR65333CA832,missing_explicit_survival_coupon
14369,KR65333F0831,missing_explicit_survival_coupon
14370,KR65333CF831,missing_explicit_survival_coupon
14373,KR65333FQ831,missing_explicit_survival_coupon
14374,KR65333C6831,extra_formula_or_level_PMT_1_FRML
14375,KR65333F2837,missing_explicit_survival_coupon
14376,KR65333F1839,missing_explicit_survival_coupon
14377,KR65333F7836,missing_explicit_survival_coupon
14378,KR65333CD836,missing_explicit_survival_coupon
14379,KR65333EY838,payment_lag_not_identifiable_from_maturity
14380,KR65333EX830,extra_formula_or_level_PMT_1_FRML
14381,KR65333F9832,extra_formula_or_level_PMT_1_FRML
14382,KR65333FG832,payment_lag_not_identifiable_from_maturity
14383,KR65333C5833,missing_explicit_survival_coupon
14384,KR65333FK834,payment_lag_not_identifiable_from_maturity
14385,KR65333FJ836,payment_lag_not_identifiable_from_maturity
14386,KR65333FM830,payment_lag_not_identifiable_from_maturity
14387,KR65333FH830,payment_lag_not_identifiable_from_maturity
14388,KR65333EM833,payment_lag_not_identifiable_from_maturity
14389,KR65333FD839,payment_lag_not_identifiable_from_maturity
14392,KR6663338830,unsupported_ki_window
14408,KR65033AK831,extra_formula_or_level_STRK_2
14409,KR65033AL839,extra_formula_or_level_STRK_2
14422,KR65733CL830,missing_explicit_survival_coupon
14434,KR65033C5836,unsupported_redemption_structure
14436,KR6663352831,unsupported_ki_window
14446,KR6513341836,unsupported_ki_window
14457,KR6513342834,unsupported_ki_window
14509,KR6653364838,monthly_evaluation_outside_life
14540,KR65333HE833,missing_explicit_survival_coupon
14541,KR65333HF830,extra_formula_or_level_PMT_1_FRML
14543,KR65333HD835,missing_explicit_survival_coupon
14547,KR6543387833,missing_explicit_survival_coupon
14548,KR6543385837,missing_explicit_survival_coupon
14549,KR6543386835,missing_explicit_survival_coupon
14560,KR6533352847,extra_formula_or_level_PMT_1_FRML
14564,KR6533351849,payment_lag_not_identifiable_from_maturity
14576,KR6533350841,payment_lag_not_identifiable_from_maturity
14588,KR6533324846,missing_explicit_survival_coupon
14590,KR6533317840,missing_explicit_survival_coupon
14591,KR6533318848,missing_explicit_survival_coupon
14594,KR6533320844,extra_formula_or_level_PMT_1_FRML
14595,KR6573313840,missing_explicit_survival_coupon
14602,KR6533322840,missing_explicit_survival_coupon
14608,KR6533325843,missing_explicit_survival_coupon
14609,KR6533363844,payment_lag_not_identifiable_from_maturity
14614,KR6533366847,payment_lag_not_identifiable_from_maturity
14618,KR6533365849,payment_lag_not_identifiable_from_maturity
14620,KR6533364842,payment_lag_not_identifiable_from_maturity
14631,KR6613321845,missing_explicit_survival_coupon
14638,KR6543334843,missing_explicit_survival_coupon
14652,KR6543333845,missing_explicit_survival_coupon
14657,KR6573349844,missing_explicit_survival_coupon
14661,KR6533397842,payment_lag_not_identifiable_from_maturity
14669,KR6703317844,missing_explicit_survival_coupon
14676,KR6513301848,unsupported_ki_window
14679,KR6533380848,payment_lag_not_identifiable_from_maturity
14688,20180402004041_3970,unsupported_ki_window
14689,KR6513302846,unsupported_ki_window
14693,KR6533381846,payment_lag_not_identifiable_from_maturity
14695,KR65333A5843,payment_lag_not_identifiable_from_maturity
14696,KR6533342848,missing_explicit_survival_coupon
14697,KR6573365840,missing_explicit_survival_coupon
14706,KR6533339844,missing_explicit_survival_coupon
14707,KR6533341840,extra_formula_or_level_PMT_1_FRML
14710,KR65333A9845,payment_lag_not_identifiable_from_maturity
14712,KR65333A3848,payment_lag_not_identifiable_from_maturity
14713,KR6533344844,missing_explicit_survival_coupon
14714,KR6663310847,unsupported_ki_window
14715,KR65333B1841,missing_explicit_survival_coupon
14716,KR65333A8847,payment_lag_not_identifiable_from_maturity
14717,KR65333B3847,missing_explicit_survival_coupon
14719,KR65333B4845,extra_formula_or_level_PMT_1_FRML
14722,KR6663309849,unsupported_ki_window
14725,KR6533345841,missing_explicit_survival_coupon
14726,KR65333A2840,payment_lag_not_identifiable_from_maturity
14729,KR65333A4846,extra_formula_or_level_PMT_1_FRML
14731,KR6533347847,missing_explicit_survival_coupon
14732,KR65333A6841,payment_lag_not_identifiable_from_maturity
14734,KR65333A7849,payment_lag_not_identifiable_from_maturity
14735,KR6533338846,missing_explicit_survival_coupon
14738,KR65333B7848,payment_lag_not_identifiable_from_maturity
14739,KR6503367841,extra_formula_or_level_STRK_2
14740,KR65333B9844,payment_lag_not_identifiable_from_maturity
14741,KR6503368849,extra_formula_or_level_STRK_2
14744,KR65333BK841,missing_explicit_survival_coupon
14747,KR65333BJ843,missing_explicit_survival_coupon
14748,KR65333BL849,missing_explicit_survival_coupon
14753,KR65333B8846,payment_lag_not_identifiable_from_maturity
14755,KR65333BH847,missing_explicit_survival_coupon
14757,KR65333B5842,payment_lag_not_identifiable_from_maturity
14766,KR65333B6840,payment_lag_not_identifiable_from_maturity
14770,20180328000347_18649,missing_explicit_survival_coupon
14771,KR65333BT842,missing_explicit_survival_coupon
14772,KR65333BV848,extra_formula_or_level_PMT_1_FRML
14784,KR6659320842,averaging_not_supported
14788,KR65333BR846,missing_explicit_survival_coupon
14796,KR6733306841,payment_lag_not_identifiable_from_maturity
14807,KR65333BS844,missing_explicit_survival_coupon
14817,KR6513314841,payment_lag_not_identifiable_from_maturity
14821,KR6703355844,missing_explicit_survival_coupon
14838,KR65733AN848,missing_explicit_survival_coupon
14839,KR6513312845,payment_lag_not_identifiable_from_maturity
14842,KR65333C7847,payment_lag_not_identifiable_from_maturity
14843,KR65333C5841,payment_lag_not_identifiable_from_maturity
14845,KR65333C6849,payment_lag_not_identifiable_from_maturity
14848,KR65333CY840,payment_lag_not_identifiable_from_maturity
14850,KR65333DL845,missing_explicit_survival_coupon
14851,KR65333DK847,missing_explicit_survival_coupon
14852,KR65333AT844,missing_explicit_survival_coupon
14853,KR65333AS846,missing_explicit_survival_coupon
14854,KR65333DG845,missing_explicit_survival_coupon
14855,KR65333DH843,payment_lag_not_identifiable_from_maturity
14856,KR6663322842,unsupported_ki_window
14857,KR65333CZ847,payment_lag_not_identifiable_from_maturity
14859,KR6733307849,payment_lag_not_identifiable_from_maturity
14860,KR65333AK843,missing_explicit_survival_coupon
14867,KR65333AP842,missing_explicit_survival_coupon
14868,KR65333AN847,extra_formula_or_level_PMT_1_FRML
14869,KR65333AR848,missing_explicit_survival_coupon
14870,20180411001883_3979,unsupported_ki_window
14871,KR65333DJ849,extra_formula_or_level_PMT_1_FRML
14874,KR65333AL841,missing_explicit_survival_coupon
14877,KR65733B4841,missing_explicit_survival_coupon
14881,KR65333CX842,payment_lag_not_identifiable_from_maturity
14883,KR65333DP846,payment_lag_not_identifiable_from_maturity
14884,KR65333DN841,payment_lag_not_identifiable_from_maturity
14885,KR65333DQ844,payment_lag_not_identifiable_from_maturity
14886,KR65333DM843,extra_formula_or_level_PMT_1_FRML
14887,KR65333DR842,payment_lag_not_identifiable_from_maturity
14888,KR65333DS840,payment_lag_not_identifiable_from_maturity
14897,KR65333E9841,missing_explicit_survival_coupon
14899,KR65333E7845,missing_explicit_survival_coupon
14900,KR65333EC842,payment_lag_not_identifiable_from_maturity
14905,KR65333E8843,missing_explicit_survival_coupon
14907,KR65333ED840,missing_explicit_survival_coupon
14908,KR65333EA846,missing_explicit_survival_coupon
14910,KR65033AJ841,extra_formula_or_level_STRK_2
14914,KR65033AG847,extra_formula_or_level_STRK_2
14916,KR6733315842,payment_lag_not_identifiable_from_maturity
14928,KR65333EV842,extra_formula_or_level_PMT_1_FRML
14940,KR6659340840,averaging_not_supported
14941,KR65333FE845,payment_lag_not_identifiable_from_maturity
14949,KR6513346843,unsupported_ki_window
14958,KR6513347841,unsupported_ki_window
14972,KR65333CH845,missing_explicit_survival_coupon
14973,KR65333CQ846,missing_explicit_survival_coupon
14974,KR65333CG847,missing_explicit_survival_coupon
14975,KR65333CM845,extra_formula_or_level_PMT_1_FRML
14976,KR65333CN843,extra_formula_or_level_PMT_1_FRML
14977,KR65333CK849,missing_explicit_survival_coupon
14978,KR65333CJ841,missing_explicit_survival_coupon
14980,KR65333CR844,missing_explicit_survival_coupon
14981,KR65333FN846,payment_lag_not_identifiable_from_maturity
14984,KR65333G0848,missing_explicit_survival_coupon
14986,KR65333FM848,payment_lag_not_identifiable_from_maturity
14987,KR65333FK842,payment_lag_not_identifiable_from_maturity
14988,KR65333FL840,extra_formula_or_level_PMT_1_FRML
14989,KR65333FJ844,payment_lag_not_identifiable_from_maturity
14990,KR65333G1846,missing_explicit_survival_coupon
14993,KR6663337840,unsupported_ki_window
14994,KR6663336842,unsupported_ki_window
15001,KR65733DA849,missing_explicit_survival_coupon
15006,KR6663338848,unsupported_ki_window
15009,KR65733CD845,missing_explicit_survival_coupon
15014,KR65333G4840,payment_lag_not_identifiable_from_maturity
15021,KR65733CH846,missing_explicit_survival_coupon
15029,KR65333G3842,payment_lag_not_identifiable_from_maturity
15032,KR65333G2844,payment_lag_not_identifiable_from_maturity
15033,KR65333GF840,missing_explicit_survival_coupon
15034,KR65333GG848,payment_lag_not_identifiable_from_maturity
15037,KR65333GH846,missing_explicit_survival_coupon
15038,KR65333G5847,payment_lag_not_identifiable_from_maturity
15039,KR65333GJ842,missing_explicit_survival_coupon
15047,KR65333GE843,missing_explicit_survival_coupon
15059,KR6733324844,payment_lag_not_identifiable_from_maturity
15066,KR65333GW845,payment_lag_not_identifiable_from_maturity
15069,KR6543379848,missing_explicit_survival_coupon
15077,KR6533313856,missing_explicit_survival_coupon
15078,KR6533308856,missing_explicit_survival_coupon
15087,20180420000606_1659,unsupported_ki_window
15088,KR65333HH844,payment_lag_not_identifiable_from_maturity
15089,KR6533309854,missing_explicit_survival_coupon
15091,KR6533315851,missing_explicit_survival_coupon
15092,KR6533314854,missing_explicit_survival_coupon
15097,KR6533307858,missing_explicit_survival_coupon
15100,KR65333HJ840,payment_lag_not_identifiable_from_maturity
15101,KR6533333854,unsupported_PRCP_GRTE_RT
15103,KR6533312858,extra_formula_or_level_PMT_1_FRML
15107,KR6533311850,extra_formula_or_level_PMT_1_FRML
15109,KR6533341857,extra_formula_or_level_PMT_1_FRML
15112,KR6533352854,missing_explicit_survival_coupon
15113,KR6533351856,extra_formula_or_level_PMT_1_FRML
15115,KR6533339851,payment_lag_not_identifiable_from_maturity
15116,KR6533347854,missing_explicit_survival_coupon
15118,KR6533337855,payment_lag_not_identifiable_from_maturity
15119,KR6533342855,payment_lag_not_identifiable_from_maturity
15122,KR6533338853,payment_lag_not_identifiable_from_maturity
15125,KR6533346856,missing_explicit_survival_coupon
15126,KR6533345858,payment_lag_not_identifiable_from_maturity
15129,KR6533340859,payment_lag_not_identifiable_from_maturity
15130,KR6533349850,missing_explicit_survival_coupon
15131,KR6533343853,payment_lag_not_identifiable_from_maturity
15133,KR6533350858,payment_lag_not_identifiable_from_maturity
15137,KR6533353852,payment_lag_not_identifiable_from_maturity
15142,KR6553311855,missing_explicit_survival_coupon
15145,KR6573329853,missing_explicit_survival_coupon
15146,KR6663301853,unsupported_ki_window
15153,KR6533376853,missing_explicit_survival_coupon
15154,KR6513307852,payment_lag_not_identifiable_from_maturity
15155,KR6533375855,missing_explicit_survival_coupon
15157,20180425000742_3992,unsupported_ki_window
15158,KR6513306854,payment_lag_not_identifiable_from_maturity
15159,KR6533377851,missing_explicit_survival_coupon
15162,KR6533327856,extra_formula_or_level_PMT_1_FRML
15164,KR6533330850,missing_explicit_survival_coupon
15169,KR6573303858,missing_explicit_survival_coupon
15173,KR6543308854,missing_explicit_survival_coupon
15176,KR6659308854,averaging_not_supported
15188,KR6533328854,extra_formula_or_level_PMT_1_FRML
15189,KR6533329852,missing_explicit_survival_coupon
15191,KR6533331858,missing_explicit_survival_coupon
15192,KR6533389856,payment_lag_not_identifiable_from_maturity
15197,KR6533324853,missing_explicit_survival_coupon
15205,KR6533323855,missing_explicit_survival_coupon
15206,KR6533325850,missing_explicit_survival_coupon
15207,KR6573304856,missing_explicit_survival_coupon
15216,KR65333A7856,missing_explicit_survival_coupon
15218,KR65333A6858,missing_explicit_survival_coupon
15220,KR6703323859,missing_explicit_survival_coupon
15223,KR65333A8854,payment_lag_not_identifiable_from_maturity
15225,KR6573305853,missing_explicit_survival_coupon
15228,KR65333A9852,payment_lag_not_identifiable_from_maturity
15229,KR6573348853,missing_explicit_survival_coupon
15234,KR65333A5850,missing_explicit_survival_coupon
15241,KR65333AQ857,missing_explicit_survival_coupon
15242,KR6663310854,unsupported_ki_window
15243,KR6663311852,unsupported_ki_window
15245,KR65333AL858,payment_lag_not_identifiable_from_maturity
15246,KR65333AM856,missing_explicit_survival_coupon
15249,KR6543317855,payment_lag_not_identifiable_from_maturity
15250,KR65333AR855,extra_formula_or_level_PMT_1_FRML
15251,KR65333AN854,missing_explicit_survival_coupon
15252,KR65333AH856,payment_lag_not_identifiable_from_maturity
15254,KR65333AJ852,extra_formula_or_level_PMT_1_FRML
15265,KR65333AK850,payment_lag_not_identifiable_from_maturity
15269,20180426000178_18954,payment_lag_not_identifiable_from_maturity
15270,KR65333AZ858,payment_lag_not_identifiable_from_maturity
15271,KR65333AX853,payment_lag_not_identifiable_from_maturity
15280,KR6573375856,missing_explicit_survival_coupon
15281,KR65333AY851,payment_lag_not_identifiable_from_maturity
15293,KR65333AS853,payment_lag_not_identifiable_from_maturity
15294,KR65333B6857,missing_explicit_survival_coupon
15295,KR65333B7855,missing_explicit_survival_coupon
15296,KR65333B8853,missing_explicit_survival_coupon
15297,KR65333B9851,missing_explicit_survival_coupon
15300,KR65333AT851,payment_lag_not_identifiable_from_maturity
15302,KR65333AV857,payment_lag_not_identifiable_from_maturity
15306,KR65333AW855,payment_lag_not_identifiable_from_maturity
15308,KR6573358852,missing_explicit_survival_coupon
15311,KR6533363851,missing_explicit_survival_coupon
15313,KR6533373850,missing_explicit_survival_coupon
15315,KR6573357854,missing_explicit_survival_coupon
15316,KR6533369858,extra_formula_or_level_PMT_1_FRML
15323,KR6533371854,missing_explicit_survival_coupon
15324,KR6533365856,missing_explicit_survival_coupon
15326,KR6533370856,extra_formula_or_level_PMT_1_FRML
15327,KR6573359850,missing_explicit_survival_coupon
15331,KR6533367852,missing_explicit_survival_coupon
15333,KR6533366854,missing_explicit_survival_coupon
15334,KR6533372852,missing_explicit_survival_coupon
15335,KR6503359855,extra_formula_or_level_STRK_2
15354,KR65333BR853,missing_explicit_survival_coupon
15362,KR6663320853,unsupported_ki_window
15363,KR65333C1857,payment_lag_not_identifiable_from_maturity
15364,KR65333BZ856,payment_lag_not_identifiable_from_maturity
15370,KR6513319857,unsupported_ki_window
15373,KR65733AQ858,missing_explicit_survival_coupon
15381,KR65733AP850,missing_explicit_survival_coupon
15395,KR65333BS851,payment_lag_not_identifiable_from_maturity
15405,KR65333BV855,missing_explicit_survival_coupon
15406,KR65333BW853,payment_lag_not_identifiable_from_maturity
15409,KR65733A7852,missing_explicit_survival_coupon
15410,KR65333C0859,payment_lag_not_identifiable_from_maturity
15412,KR65333BX851,payment_lag_not_identifiable_from_maturity
15413,KR65333BY859,payment_lag_not_identifiable_from_maturity
15414,KR65333BT859,missing_explicit_survival_coupon
15433,KR6733319851,payment_lag_not_identifiable_from_maturity
15442,KR6543339859,missing_explicit_survival_coupon
15449,KR6543364857,payment_lag_not_identifiable_from_maturity
15485,KR65433AY859,missing_explicit_survival_coupon
15487,KR65433AX851,missing_explicit_survival_coupon
15488,KR65433AW853,missing_explicit_survival_coupon
15494,KR6659337853,averaging_not_supported
15518,KR65333EE855,payment_lag_not_identifiable_from_maturity
15521,KR6513333858,payment_lag_not_identifiable_from_maturity
15522,KR6513332850,payment_lag_not_identifiable_from_maturity
15527,KR65333E0857,extra_formula_or_level_PMT_1_FRML
15530,KR65333E1855,payment_lag_not_identifiable_from_maturity
15535,KR65333CN850,missing_explicit_survival_coupon
15536,KR65333CQ853,missing_explicit_survival_coupon
15538,KR65333CR851,extra_formula_or_level_PMT_1_FRML
15541,KR65333CM852,missing_explicit_survival_coupon
15549,KR65333CK856,missing_explicit_survival_coupon
15550,KR65333CS859,missing_explicit_survival_coupon
15551,KR65333CL854,missing_explicit_survival_coupon
15552,KR65333ER857,payment_lag_not_identifiable_from_maturity
15558,KR65333EV859,payment_lag_not_identifiable_from_maturity
15559,KR65333ES855,payment_lag_not_identifiable_from_maturity
15561,KR65333ET853,extra_formula_or_level_PMT_1_FRML
15563,KR65733CQ854,missing_explicit_survival_coupon
15566,KR6663336859,unsupported_ki_window
15567,KR6663337857,unsupported_ki_window
15568,KR65333EW857,payment_lag_not_identifiable_from_maturity
15569,KR65333EQ859,payment_lag_not_identifiable_from_maturity
15570,KR65333EZ850,payment_lag_not_identifiable_from_maturity
15572,KR6533307866,missing_explicit_survival_coupon
15575,KR65333F0856,payment_lag_not_identifiable_from_maturity
15578,KR65333F3850,payment_lag_not_identifiable_from_maturity
15580,KR65333EX855,payment_lag_not_identifiable_from_maturity
15581,KR65333F2852,payment_lag_not_identifiable_from_maturity
15585,KR6533306868,missing_explicit_survival_coupon
15586,KR65333F1854,payment_lag_not_identifiable_from_maturity
15587,KR65533G7858,missing_explicit_survival_coupon
15588,KR65333EY853,payment_lag_not_identifiable_from_maturity
15593,KR6533305860,missing_explicit_survival_coupon
15594,KR6659352852,averaging_not_supported
15605,KR6533309862,missing_explicit_survival_coupon
15606,KR6533310860,extra_formula_or_level_PMT_1_FRML
15607,KR6533311868,missing_explicit_survival_coupon
15611,KR6533304863,missing_explicit_survival_coupon
15626,KR6533329860,payment_lag_not_identifiable_from_maturity
15633,KR6573312867,missing_explicit_survival_coupon
15643,KR6513310864,unsupported_ki_window
15645,KR6533342863,payment_lag_not_identifiable_from_maturity
15651,KR6513311862,unsupported_ki_window
15658,KR6533335867,payment_lag_not_identifiable_from_maturity
15673,KR6533369866,payment_lag_not_identifiable_from_maturity
15675,KR6533370864,payment_lag_not_identifiable_from_maturity
15677,KR6533368868,extra_formula_or_level_PMT_1_FRML
15678,KR6533340867,payment_lag_not_identifiable_from_maturity
15681,KR6533364867,payment_lag_not_identifiable_from_maturity
15684,KR6533341865,payment_lag_not_identifiable_from_maturity
15685,KR6533367860,payment_lag_not_identifiable_from_maturity
15693,KR6533389864,missing_explicit_survival_coupon
15694,KR6533388866,missing_explicit_survival_coupon
15696,KR6533387868,missing_explicit_survival_coupon
15698,KR6663306860,unsupported_ki_window
15699,KR6533385862,payment_lag_not_identifiable_from_maturity
15700,KR6533386860,missing_explicit_survival_coupon
15702,KR6533384865,extra_formula_or_level_PMT_1_FRML
15708,KR6533383867,payment_lag_not_identifiable_from_maturity
15715,KR6533382869,missing_explicit_survival_coupon
15723,KR6533322865,missing_explicit_survival_coupon
15724,KR6533326866,payment_lag_not_identifiable_from_maturity
15725,KR6573318864,missing_explicit_survival_coupon
15726,KR6533380863,payment_lag_not_identifiable_from_maturity
15727,KR6533379865,payment_lag_not_identifiable_from_maturity
15728,KR6573317866,missing_explicit_survival_coupon
15729,KR6533378867,payment_lag_not_identifiable_from_maturity
15731,KR6533381861,payment_lag_not_identifiable_from_maturity
15736,KR6533377869,payment_lag_not_identifiable_from_maturity
15740,KR6533317865,missing_explicit_survival_coupon
15741,KR6733310868,payment_lag_not_identifiable_from_maturity
15745,KR6533321867,extra_formula_or_level_PMT_1_FRML
15746,KR6533319861,missing_explicit_survival_coupon
15747,KR6533320869,missing_explicit_survival_coupon
15754,KR6533397867,extra_formula_or_level_PMT_1_FRML
15757,KR6533375863,payment_lag_not_identifiable_from_maturity
15758,KR6533376861,payment_lag_not_identifiable_from_maturity
15761,KR6533327864,missing_explicit_survival_coupon
15762,KR6573316868,missing_explicit_survival_coupon
15763,KR6533398865,missing_explicit_survival_coupon
15765,KR6533318863,missing_explicit_survival_coupon
15768,KR6533374866,extra_formula_or_level_PMT_1_FRML
15776,KR6533324861,missing_explicit_survival_coupon
15788,KR6533399863,payment_lag_not_identifiable_from_maturity
15789,KR6513312860,unsupported_ki_window
15790,KR6503331862,extra_formula_or_level_STRK_2
15791,KR6703335861,missing_explicit_survival_coupon
15806,KR65333A0869,payment_lag_not_identifiable_from_maturity
15809,20180604000380_4020,unsupported_ki_window
15812,KR6573366863,missing_explicit_survival_coupon
15819,KR65333AY869,extra_formula_or_level_PMT_1_FRML
15820,KR65333AA869,payment_lag_not_identifiable_from_maturity
15822,KR65333B0868,payment_lag_not_identifiable_from_maturity
15825,KR65333B1866,payment_lag_not_identifiable_from_maturity
15829,KR65333B4860,payment_lag_not_identifiable_from_maturity
15830,KR65333B2864,payment_lag_not_identifiable_from_maturity
15831,KR65333B3862,payment_lag_not_identifiable_from_maturity
15832,KR65333AX861,payment_lag_not_identifiable_from_maturity
15833,KR65333A9860,payment_lag_not_identifiable_from_maturity
15834,KR65333AZ866,payment_lag_not_identifiable_from_maturity
15837,20180601000035_19224,extra_formula_or_level_PMT_1_FRML
15841,KR65333BL864,payment_lag_not_identifiable_from_maturity
15843,KR65333BH862,missing_explicit_survival_coupon
15852,KR6663317867,unsupported_ki_window
15855,KR65333BF866,missing_explicit_survival_coupon
15857,KR6733312864,payment_lag_not_identifiable_from_maturity
15858,KR65733AC866,missing_explicit_survival_coupon
15866,KR65333BG864,payment_lag_not_identifiable_from_maturity
15867,KR65333BJ868,missing_explicit_survival_coupon
15868,KR65333C1865,extra_formula_or_level_PMT_1_FRML
15869,KR65333C0867,extra_formula_or_level_PMT_1_FRML
15870,KR6533359867,missing_explicit_survival_coupon
15877,KR65333BN860,payment_lag_not_identifiable_from_maturity
15891,KR6659323861,averaging_not_supported
15893,KR6573385863,missing_explicit_survival_coupon
15896,KR6733319869,payment_lag_not_identifiable_from_maturity
15902,KR6573384866,missing_explicit_survival_coupon
15904,KR65333BY867,missing_explicit_survival_coupon
15906,KR6533360865,payment_lag_not_identifiable_from_maturity
15907,KR6533361863,extra_formula_or_level_PMT_1_FRML
15908,KR6533356863,extra_formula_or_level_PMT_1_FRML
15909,KR6533352862,missing_explicit_survival_coupon
15910,KR65333BE869,payment_lag_not_identifiable_from_maturity
15911,KR6533354868,missing_explicit_survival_coupon
15912,KR6533355865,missing_explicit_survival_coupon
15913,KR6533351864,missing_explicit_survival_coupon
15914,KR6533358869,missing_explicit_survival_coupon
15916,KR65333BC863,payment_lag_not_identifiable_from_maturity
15917,KR65333BB865,payment_lag_not_identifiable_from_maturity
15919,KR65333BD861,payment_lag_not_identifiable_from_maturity
15921,KR6573383868,missing_explicit_survival_coupon
15924,KR65333BZ864,payment_lag_not_identifiable_from_maturity
15926,KR6513339863,payment_lag_not_identifiable_from_maturity
15946,KR6663338863,unsupported_ki_window
15948,KR65333CL862,payment_lag_not_identifiable_from_maturity
15950,KR65333CN868,payment_lag_not_identifiable_from_maturity
15952,KR65333CR869,payment_lag_not_identifiable_from_maturity
15953,KR65333CM860,payment_lag_not_identifiable_from_maturity
15954,KR65333CQ861,extra_formula_or_level_PMT_1_FRML
15955,KR65333CP863,payment_lag_not_identifiable_from_maturity
15956,KR65333CF864,payment_lag_not_identifiable_from_maturity
15957,KR65333CH860,payment_lag_not_identifiable_from_maturity
15958,KR65333CJ866,payment_lag_not_identifiable_from_maturity
15959,KR65333CG862,payment_lag_not_identifiable_from_maturity
15960,KR65333CK864,payment_lag_not_identifiable_from_maturity
15961,KR65333CS867,payment_lag_not_identifiable_from_maturity
15966,KR65333CE867,extra_formula_or_level_PMT_1_FRML
15967,KR65333CD869,payment_lag_not_identifiable_from_maturity
15972,KR65733B8867,missing_explicit_survival_coupon
15974,KR65333CT865,missing_explicit_survival_coupon
15975,KR6549327866,missing_explicit_survival_coupon
15977,KR65333CX867,missing_explicit_survival_coupon
15984,KR6663334862,unsupported_ki_window
15992,KR65333CY865,payment_lag_not_identifiable_from_maturity
15994,KR65333CV861,extra_formula_or_level_PMT_1_FRML
15999,KR65333D3860,payment_lag_not_identifiable_from_maturity
16001,KR65333CZ862,extra_formula_or_level_PMT_1_FRML
16002,KR65333CW869,extra_formula_or_level_PMT_1_FRML
16006,KR65333DJ864,missing_explicit_survival_coupon
16008,KR65333DH868,missing_explicit_survival_coupon
16009,KR65333DG860,payment_lag_not_identifiable_from_maturity
16010,KR65333DF862,extra_formula_or_level_PMT_1_FRML
16014,KR65333DD867,missing_explicit_survival_coupon
16015,KR65333DC869,missing_explicit_survival_coupon
16017,KR65333DE865,missing_explicit_survival_coupon
16019,KR65333D1864,payment_lag_not_identifiable_from_maturity
16020,KR65333D2862,payment_lag_not_identifiable_from_maturity
16024,KR65333D4868,payment_lag_not_identifiable_from_maturity
16025,KR65333D0866,payment_lag_not_identifiable_from_maturity
16027,KR65333AR863,missing_explicit_survival_coupon
16028,KR65333DT863,payment_lag_not_identifiable_from_maturity
16030,KR65333DQ869,missing_explicit_survival_coupon
16031,KR65333DP861,missing_explicit_survival_coupon
16037,KR65333AM864,missing_explicit_survival_coupon
16038,KR65333AP867,payment_lag_not_identifiable_from_maturity
16049,KR65333AN862,missing_explicit_survival_coupon
16055,KR65333AQ865,missing_explicit_survival_coupon
16057,KR65333DS865,payment_lag_not_identifiable_from_maturity
16060,KR65333AK868,extra_formula_or_level_PMT_1_FRML
16061,KR65333AL866,missing_explicit_survival_coupon
16065,KR65333AH864,missing_explicit_survival_coupon
16066,KR6503399869,extra_formula_or_level_STRK_2
16067,20180620000300_4037,monthly_evaluation_outside_life
16069,KR65733DW868,missing_explicit_survival_coupon
16087,KR65333E6862,payment_lag_not_identifiable_from_maturity
16096,KR6513345860,unsupported_ki_window
16101,KR65333E9866,payment_lag_not_identifiable_from_maturity
16102,KR65333E5864,payment_lag_not_identifiable_from_maturity
16103,KR65333E8868,payment_lag_not_identifiable_from_maturity
16104,KR65333E4867,payment_lag_not_identifiable_from_maturity
16111,KR6663350868,unsupported_ki_window
16120,KR65333EH866,missing_explicit_survival_coupon
16121,KR65333EJ862,payment_lag_not_identifiable_from_maturity
16122,KR65333EF860,missing_explicit_survival_coupon
16123,KR65733E8864,missing_explicit_survival_coupon
16145,KR65333EK860,payment_lag_not_identifiable_from_maturity
16146,KR65333EN864,payment_lag_not_identifiable_from_maturity
16149,KR65333EL868,payment_lag_not_identifiable_from_maturity
16150,KR65733D9863,missing_explicit_survival_coupon
16153,KR65733DB862,missing_explicit_survival_coupon
16155,KR65733DA864,missing_explicit_survival_coupon
16158,20180615000053_19347,payment_lag_not_identifiable_from_maturity
16169,KR6533314870,missing_explicit_survival_coupon
16174,KR6533307874,extra_formula_or_level_PMT_1_FRML
16175,KR6533315877,missing_explicit_survival_coupon
16179,KR6533305878,missing_explicit_survival_coupon
16182,KR6533313872,missing_explicit_survival_coupon
16186,KR6533310878,missing_explicit_survival_coupon
16188,20180621000026_19368,missing_explicit_survival_coupon
16190,KR6533309870,payment_lag_not_identifiable_from_maturity
16193,KR6533333870,missing_explicit_survival_coupon
16195,KR6533332872,extra_formula_or_level_PMT_1_FRML
16204,KR6533308872,extra_formula_or_level_PMT_1_FRML
16217,KR6513302879,payment_lag_not_identifiable_from_maturity
16218,KR6703312878,missing_explicit_survival_coupon
16226,KR6533354876,payment_lag_not_identifiable_from_maturity
16228,KR6533358877,payment_lag_not_identifiable_from_maturity
16229,KR6533355873,payment_lag_not_identifiable_from_maturity
16230,KR6533359875,payment_lag_not_identifiable_from_maturity
16252,KR6573333871,missing_explicit_survival_coupon
16253,KR6663303875,unsupported_ki_window
16258,KR6663301879,unsupported_ki_window
16262,KR6533371870,missing_explicit_survival_coupon
16264,KR6533369874,missing_explicit_survival_coupon
16265,KR6613311879,missing_explicit_survival_coupon
16277,KR6533328870,missing_explicit_survival_coupon
16279,KR6533367878,payment_lag_not_identifiable_from_maturity
16280,KR6533324879,missing_explicit_survival_coupon
16283,KR6533325876,payment_lag_not_identifiable_from_maturity
16286,KR6533375871,payment_lag_not_identifiable_from_maturity
16287,KR6533323871,missing_explicit_survival_coupon
16288,KR6533322873,extra_formula_or_level_PMT_1_FRML
16289,KR6533327872,missing_explicit_survival_coupon
16292,KR6533330876,payment_lag_not_identifiable_from_maturity
16293,KR6533374874,payment_lag_not_identifiable_from_maturity
16294,KR6533372878,extra_formula_or_level_PMT_1_FRML
16295,KR6533368876,payment_lag_not_identifiable_from_maturity
16296,KR6533320877,missing_explicit_survival_coupon
16298,KR6533370872,missing_explicit_survival_coupon
16301,KR6533321875,missing_explicit_survival_coupon
16303,KR6533373876,payment_lag_not_identifiable_from_maturity
16306,KR6733305876,payment_lag_not_identifiable_from_maturity
16319,KR6533386878,extra_formula_or_level_PMT_1_FRML
16320,KR6513328874,missing_explicit_survival_coupon
16324,KR6533383875,missing_explicit_survival_coupon
16325,KR6533382877,extra_formula_or_level_PMT_1_FRML
16335,KR6533384873,payment_lag_not_identifiable_from_maturity
16338,KR6533387876,payment_lag_not_identifiable_from_maturity
16345,KR6533394872,payment_lag_not_identifiable_from_maturity
16351,KR6513304875,unsupported_ki_window
16359,KR6533381879,payment_lag_not_identifiable_from_maturity
16360,KR6763313873,monthly_evaluation_outside_life
16363,KR6533395879,extra_formula_or_level_PMT_1_FRML
16364,KR6533385870,payment_lag_not_identifiable_from_maturity
16365,KR6533396877,payment_lag_not_identifiable_from_maturity
16368,KR6513303877,unsupported_ki_window
16379,KR6533397875,payment_lag_not_identifiable_from_maturity
16380,KR6533393874,payment_lag_not_identifiable_from_maturity
16382,KR65333A2873,extra_formula_or_level_PMT_1_FRML
16385,KR65333A3871,payment_lag_not_identifiable_from_maturity
16387,KR65333A4879,payment_lag_not_identifiable_from_maturity
16391,KR6533392876,payment_lag_not_identifiable_from_maturity
16395,KR6573379874,missing_explicit_survival_coupon
16400,KR6663319871,unsupported_ki_window
16412,KR65333AQ873,payment_lag_not_identifiable_from_maturity
16413,KR65333AN870,extra_formula_or_level_PMT_1_FRML
16422,20180628000089_19438,payment_lag_not_identifiable_from_maturity
16426,KR65333B3870,payment_lag_not_identifiable_from_maturity
16427,KR6533345874,extra_formula_or_level_PMT_1_FRML
16428,KR65333AV873,payment_lag_not_identifiable_from_maturity
16429,KR65333B4878,missing_explicit_survival_coupon
16431,KR65333AT877,payment_lag_not_identifiable_from_maturity
16432,KR6533348878,extra_formula_or_level_PMT_1_FRML
16434,KR6533351872,missing_explicit_survival_coupon
16435,KR65333AS879,payment_lag_not_identifiable_from_maturity
16437,KR6533347870,missing_explicit_survival_coupon
16440,KR65333AR871,extra_formula_or_level_PMT_1_FRML
16441,KR65333B2872,missing_explicit_survival_coupon
16443,KR6533342871,missing_explicit_survival_coupon
16446,KR6533344877,missing_explicit_survival_coupon
16447,KR6533343879,payment_lag_not_identifiable_from_maturity
16449,KR6533350874,missing_explicit_survival_coupon
16453,KR65333B5875,missing_explicit_survival_coupon
16461,KR65333B6873,missing_explicit_survival_coupon
16462,KR6533346872,missing_explicit_survival_coupon
16463,KR65333AW871,payment_lag_not_identifiable_from_maturity
16470,KR65333BC871,missing_explicit_survival_coupon
16471,KR65333BB873,extra_formula_or_level_PMT_1_FRML
16478,20180705000010_19478,missing_explicit_survival_coupon
16483,KR6733311874,missing_explicit_survival_coupon
16485,KR65333BD879,payment_lag_not_identifiable_from_maturity
16496,KR6513340879,unsupported_ki_window
16499,KR65333BA875,payment_lag_not_identifiable_from_maturity
16512,KR6513341877,unsupported_ki_window
16515,KR6763321876,monthly_evaluation_outside_life
16517,KR65333B9877,payment_lag_not_identifiable_from_maturity
16521,KR6763320878,monthly_evaluation_outside_life
16522,KR65333CD877,payment_lag_not_identifiable_from_maturity
16523,KR65333CC879,payment_lag_not_identifiable_from_maturity
16525,KR65333C9876,payment_lag_not_identifiable_from_maturity
16527,KR65333CA873,payment_lag_not_identifiable_from_maturity
16537,KR65333C7870,payment_lag_not_identifiable_from_maturity
16538,KR65333C8878,extra_formula_or_level_PMT_1_FRML
16539,KR65333AH872,missing_explicit_survival_coupon
16540,KR65333AB875,missing_explicit_survival_coupon
16542,KR65333CF872,payment_lag_not_identifiable_from_maturity
16543,KR65333CG870,extra_formula_or_level_PMT_1_FRML
16545,KR6663339879,unsupported_ki_window
16551,KR65333AG874,missing_explicit_survival_coupon
16552,KR65333AF876,missing_explicit_survival_coupon
16554,KR65333AJ878,payment_lag_not_identifiable_from_maturity
16558,KR65333AD871,missing_explicit_survival_coupon
16560,KR65333AK876,missing_explicit_survival_coupon
16561,KR65333AC873,extra_formula_or_level_PMT_1_FRML
16569,KR65733AX870,missing_explicit_survival_coupon
16571,KR65333CK872,payment_lag_not_identifiable_from_maturity
16572,KR65333CL870,payment_lag_not_identifiable_from_maturity
16573,KR65333CN876,payment_lag_not_identifiable_from_maturity
16578,KR65733A8876,missing_explicit_survival_coupon
16581,KR65333CY873,missing_explicit_survival_coupon
16582,KR65333CM878,payment_lag_not_identifiable_from_maturity
16586,KR65333CJ874,payment_lag_not_identifiable_from_maturity
16589,KR65333CX875,missing_explicit_survival_coupon
16600,KR65333CH878,extra_formula_or_level_PMT_1_FRML
16610,KR65733A9874,missing_explicit_survival_coupon
16627,KR65333DA871,missing_explicit_survival_coupon
16628,KR65333DB879,extra_formula_or_level_PMT_1_FRML
16634,KR6733314878,payment_lag_not_identifiable_from_maturity
16638,KR65333DD875,missing_explicit_survival_coupon
16639,KR65333DC877,missing_explicit_survival_coupon
16640,KR65333DF870,payment_lag_not_identifiable_from_maturity
16641,KR65333DE873,missing_explicit_survival_coupon
16648,KR65333D7879,missing_explicit_survival_coupon
16653,KR65333D8877,payment_lag_not_identifiable_from_maturity
16655,KR65333D9875,missing_explicit_survival_coupon
16660,KR65333DG878,payment_lag_not_identifiable_from_maturity
16664,KR67033AD875,missing_explicit_survival_coupon
16666,KR65333DP879,payment_lag_not_identifiable_from_maturity
16671,KR6513347874,payment_lag_not_identifiable_from_maturity
16679,KR65333DQ877,payment_lag_not_identifiable_from_maturity
16682,KR6763327873,monthly_evaluation_outside_life
16686,KR65333DV877,extra_formula_or_level_PMT_1_FRML
16689,KR65333DW875,payment_lag_not_identifiable_from_maturity
16690,KR65333DT871,payment_lag_not_identifiable_from_maturity
16691,KR65333DX873,payment_lag_not_identifiable_from_maturity
16692,KR65333C0875,missing_explicit_survival_coupon
16693,KR65333C2871,extra_formula_or_level_PMT_1_FRML
16695,KR65033C5877,unsupported_redemption_structure
16696,KR6663359877,unsupported_ki_window
16699,KR65333BZ872,missing_explicit_survival_coupon
16704,KR65333BW879,missing_explicit_survival_coupon
16710,KR65333BY875,payment_lag_not_identifiable_from_maturity
16713,KR65733CJ875,missing_explicit_survival_coupon
16716,KR65333BX877,missing_explicit_survival_coupon
16719,KR65333E9874,payment_lag_not_identifiable_from_maturity
16720,KR65333BV871,missing_explicit_survival_coupon
16723,KR65333C3879,missing_explicit_survival_coupon
16728,KR65333C4877,missing_explicit_survival_coupon
16730,KR65333C1873,extra_formula_or_level_PMT_1_FRML
16733,KR65333CR877,missing_explicit_survival_coupon
16734,KR65333CQ879,missing_explicit_survival_coupon
16741,KR65333E4875,payment_lag_not_identifiable_from_maturity
16742,KR65333E2879,payment_lag_not_identifiable_from_maturity
16747,KR65333E1871,payment_lag_not_identifiable_from_maturity
16748,KR65333E3877,payment_lag_not_identifiable_from_maturity
16750,KR65333E5872,payment_lag_not_identifiable_from_maturity
16763,KR6733316873,payment_lag_not_identifiable_from_maturity
16774,KR65333ER873,payment_lag_not_identifiable_from_maturity
16777,KR65333EZ876,payment_lag_not_identifiable_from_maturity
16782,KR6513358871,payment_lag_not_identifiable_from_maturity
16789,KR6513359879,payment_lag_not_identifiable_from_maturity
16792,KR65333F0872,payment_lag_not_identifiable_from_maturity
16797,KR6533302883,missing_explicit_survival_coupon
16798,KR6533301885,missing_explicit_survival_coupon
16802,KR6533331882,extra_formula_or_level_PMT_1_FRML
16803,KR6533307882,missing_explicit_survival_coupon
16804,KR6533306884,extra_formula_or_level_PMT_1_FRML
16805,KR65333EY879,payment_lag_not_identifiable_from_maturity
16811,KR6533303881,missing_explicit_survival_coupon
16813,KR6533308880,missing_explicit_survival_coupon
16814,KR65333EX871,payment_lag_not_identifiable_from_maturity
16815,KR6533333888,payment_lag_not_identifiable_from_maturity
16816,KR6533332880,missing_explicit_survival_coupon
16818,20180725000148_4073,unsupported_ki_window
16820,KR65333F6879,payment_lag_not_identifiable_from_maturity
16821,KR65333F4874,extra_formula_or_level_PMT_1_FRML
16822,KR65333F5871,payment_lag_not_identifiable_from_maturity
16824,KR65333F3876,payment_lag_not_identifiable_from_maturity
16828,KR6533309888,missing_explicit_survival_coupon
16830,KR6533304889,payment_lag_not_identifiable_from_maturity
16831,KR6533337889,payment_lag_not_identifiable_from_maturity
16832,KR6573325885,missing_explicit_survival_coupon
16842,KR6573326883,missing_explicit_survival_coupon
16850,KR6573302884,missing_explicit_survival_coupon
16852,KR6533338887,payment_lag_not_identifiable_from_maturity
16853,KR6533344885,missing_explicit_survival_coupon
16858,KR6573301886,missing_explicit_survival_coupon
16859,KR6533339885,payment_lag_not_identifiable_from_maturity
16862,KR6533340883,payment_lag_not_identifiable_from_maturity
16866,KR6533341881,payment_lag_not_identifiable_from_maturity
16878,KR6533349884,payment_lag_not_identifiable_from_maturity
16881,KR6733302881,payment_lag_not_identifiable_from_maturity
16890,KR6533350882,missing_explicit_survival_coupon
16892,KR6533352888,missing_explicit_survival_coupon
16893,KR6533351880,missing_explicit_survival_coupon
16911,KR6513301889,payment_lag_not_identifiable_from_maturity
16912,KR6513302887,payment_lag_not_identifiable_from_maturity
16913,KR6533374882,payment_lag_not_identifiable_from_maturity
16915,KR6533353886,payment_lag_not_identifiable_from_maturity
16918,KR6703310880,missing_explicit_survival_coupon
16923,KR6533375889,payment_lag_not_identifiable_from_maturity
16934,KR6533324887,missing_explicit_survival_coupon
16936,KR6533314888,missing_explicit_survival_coupon
16938,KR6533315885,missing_explicit_survival_coupon
16939,KR6533319887,missing_explicit_survival_coupon
16940,KR6533321883,extra_formula_or_level_PMT_1_FRML
16941,KR6533320885,extra_formula_or_level_PMT_1_FRML
16942,KR6533381887,extra_formula_or_level_PMT_1_FRML
16943,KR6533382885,payment_lag_not_identifiable_from_maturity
16944,KR6533383883,payment_lag_not_identifiable_from_maturity
16945,KR6533318889,missing_explicit_survival_coupon
16946,KR6533317881,missing_explicit_survival_coupon
16947,KR6533322881,missing_explicit_survival_coupon
16948,KR6533380889,payment_lag_not_identifiable_from_maturity
16962,KR6573368885,missing_explicit_survival_coupon
16965,KR6663305888,unsupported_ki_window
16974,KR6533386886,payment_lag_not_identifiable_from_maturity
16976,KR6533390888,payment_lag_not_identifiable_from_maturity
16978,KR6533388882,payment_lag_not_identifiable_from_maturity
16979,KR6533387884,payment_lag_not_identifiable_from_maturity
16981,KR6533389880,payment_lag_not_identifiable_from_maturity
16984,KR6533398881,missing_explicit_survival_coupon
16986,KR6533396885,missing_explicit_survival_coupon
16989,KR6533397883,missing_explicit_survival_coupon
16999,KR6573341882,missing_explicit_survival_coupon
17000,KR65333AE887,missing_explicit_survival_coupon
17001,KR65333AD889,missing_explicit_survival_coupon
17002,KR6733303889,payment_lag_not_identifiable_from_maturity
17005,KR6573340884,missing_explicit_survival_coupon
17008,KR65333A4887,missing_explicit_survival_coupon
17009,KR65333AF884,payment_lag_not_identifiable_from_maturity
17014,KR65333A5884,payment_lag_not_identifiable_from_maturity
17017,KR65333AC881,extra_formula_or_level_PMT_1_FRML
17019,KR65333A9886,missing_explicit_survival_coupon
17021,KR65333A8888,missing_explicit_survival_coupon
17026,KR65333A7880,missing_explicit_survival_coupon
17032,KR65333A6882,payment_lag_not_identifiable_from_maturity
17035,KR6533370880,extra_formula_or_level_PMT_1_FRML
17036,KR6763308881,extra_formula_or_level_PMT_EXTRA
17038,KR6533371888,missing_explicit_survival_coupon
17041,KR65333AM880,payment_lag_not_identifiable_from_maturity
17042,KR65333AL882,payment_lag_not_identifiable_from_maturity
17045,KR65333AN888,payment_lag_not_identifiable_from_maturity
17051,KR65333AK884,payment_lag_not_identifiable_from_maturity
17053,KR65333AP883,payment_lag_not_identifiable_from_maturity
17056,KR6663323881,unsupported_ki_window
17060,KR6533367886,missing_explicit_survival_coupon
17062,KR65333AA885,payment_lag_not_identifiable_from_maturity
17064,KR6533365880,missing_explicit_survival_coupon
17066,KR6513307886,unsupported_ki_window
17068,KR6533364883,extra_formula_or_level_PMT_1_FRML
17070,KR6533378883,missing_explicit_survival_coupon
17072,KR65333B3888,payment_lag_not_identifiable_from_maturity
17075,KR6513306888,unsupported_ki_window
17076,KR6533377885,missing_explicit_survival_coupon
17078,KR65333AX887,payment_lag_not_identifiable_from_maturity
17079,KR65333B4886,payment_lag_not_identifiable_from_maturity
17080,KR65333B2880,missing_explicit_survival_coupon
17081,KR6533366888,missing_explicit_survival_coupon
17083,KR65333AW889,extra_formula_or_level_PMT_1_FRML
17089,KR65333B0884,payment_lag_not_identifiable_from_maturity
17090,KR65333AY885,payment_lag_not_identifiable_from_maturity
17092,KR6663321885,unsupported_ki_window
17093,KR6533363885,missing_explicit_survival_coupon
17095,KR6513305880,unsupported_ki_window
17098,KR6533369882,missing_explicit_survival_coupon
17099,KR65333AS887,payment_lag_not_identifiable_from_maturity
17100,KR65333AV881,payment_lag_not_identifiable_from_maturity
17102,KR6533373884,missing_explicit_survival_coupon
17105,KR65333B1882,missing_explicit_survival_coupon
17107,KR65333AQ881,payment_lag_not_identifiable_from_maturity
17118,KR6503342885,extra_formula_or_level_STRK_2
17138,KR6703327884,missing_explicit_survival_coupon
17145,KR6613377888,missing_explicit_survival_coupon
17162,KR65733AQ882,missing_explicit_survival_coupon
17170,KR65333CE883,missing_explicit_survival_coupon
17171,KR65333CD885,missing_explicit_survival_coupon
17172,KR65333CA881,extra_formula_or_level_PMT_1_FRML
17179,KR65333C6880,missing_explicit_survival_coupon
17180,KR67033AF888,missing_explicit_survival_coupon
17190,KR65333DJ880,payment_lag_not_identifiable_from_maturity
17202,KR6513346884,unsupported_ki_window
17203,KR6513347882,unsupported_ki_window
17207,KR65333C3887,missing_explicit_survival_coupon
17208,KR65333C5882,missing_explicit_survival_coupon
17210,KR65333C7888,missing_explicit_survival_coupon
17211,KR65333C2889,missing_explicit_survival_coupon
17212,KR65333C9884,extra_formula_or_level_PMT_1_FRML
17213,KR65333C8886,missing_explicit_survival_coupon
17214,KR65333C1881,missing_explicit_survival_coupon
17245,KR6663343889,unsupported_ki_window
17250,KR6663346882,unsupported_ki_window
17255,KR65333DY889,payment_lag_not_identifiable_from_maturity
17271,KR65333DX881,payment_lag_not_identifiable_from_maturity
17278,KR65333DZ886,payment_lag_not_identifiable_from_maturity
17282,KR65333E1889,payment_lag_not_identifiable_from_maturity
17283,KR65333E0881,payment_lag_not_identifiable_from_maturity
17285,KR6533311892,missing_explicit_survival_coupon
17290,KR6533309896,payment_lag_not_identifiable_from_maturity
17291,KR6513361883,unsupported_ki_window
17299,KR65733B0880,missing_explicit_survival_coupon
17300,KR6533307890,missing_explicit_survival_coupon
17303,KR6533337897,missing_explicit_survival_coupon
17307,KR6533339893,missing_explicit_survival_coupon
17310,KR6533302891,missing_explicit_survival_coupon
17314,KR6533313898,missing_explicit_survival_coupon
17316,KR6533306892,missing_explicit_survival_coupon
17318,KR6533338895,missing_explicit_survival_coupon
17320,KR6533308898,extra_formula_or_level_PMT_1_FRML
17321,KR65733B1888,missing_explicit_survival_coupon
17322,KR6533305894,missing_explicit_survival_coupon
17323,KR6513360885,unsupported_ki_window
17324,KR6663352880,unsupported_ki_window
17325,KR6533335891,extra_formula_or_level_PMT_1_FRML
17326,KR6533336899,payment_lag_not_identifiable_from_maturity
17335,KR6733308888,payment_lag_not_identifiable_from_maturity
17340,KR65733CC888,missing_explicit_survival_coupon
17341,KR6533303899,missing_explicit_survival_coupon
17342,KR6533304897,missing_explicit_survival_coupon
17349,KR6533312890,missing_explicit_survival_coupon
17352,KR6533334894,payment_lag_not_identifiable_from_maturity
17353,KR6533333896,payment_lag_not_identifiable_from_maturity
17368,KR6533358893,extra_formula_or_level_PMT_1_FRML
17369,KR6533356897,payment_lag_not_identifiable_from_maturity
17370,KR6533359891,payment_lag_not_identifiable_from_maturity
17371,KR6533360899,payment_lag_not_identifiable_from_maturity
17372,KR6533349892,payment_lag_not_identifiable_from_maturity
17373,KR6533348894,payment_lag_not_identifiable_from_maturity
17380,KR6533354892,payment_lag_not_identifiable_from_maturity
17383,KR6533357895,payment_lag_not_identifiable_from_maturity
17390,KR6663301895,unsupported_ki_window
17404,KR6533324895,missing_explicit_survival_coupon
17407,KR6533386894,missing_explicit_survival_coupon
17408,KR6533387892,missing_explicit_survival_coupon
17409,KR6533323897,missing_explicit_survival_coupon
17410,KR6533322899,missing_explicit_survival_coupon
17412,KR6533388890,missing_explicit_survival_coupon
17415,KR6533377893,payment_lag_not_identifiable_from_maturity
17418,KR6533378891,payment_lag_not_identifiable_from_maturity
17429,KR6533327898,missing_explicit_survival_coupon
17430,KR6533330892,missing_explicit_survival_coupon
17436,KR6533325892,extra_formula_or_level_PMT_1_FRML
17438,KR6533390896,payment_lag_not_identifiable_from_maturity
17439,KR6533394898,missing_explicit_survival_coupon
17440,KR6533321891,missing_explicit_survival_coupon
17442,KR6533320893,missing_explicit_survival_coupon
17444,KR6533329894,missing_explicit_survival_coupon
17445,KR6533389898,missing_explicit_survival_coupon
17453,KR65333A5892,missing_explicit_survival_coupon
17456,KR6659309894,averaging_not_supported
17457,KR65333A2899,payment_lag_not_identifiable_from_maturity
17458,KR65333A3897,missing_explicit_survival_coupon
17472,KR6733302899,payment_lag_not_identifiable_from_maturity
17473,KR65333A4895,payment_lag_not_identifiable_from_maturity
17475,KR65333A6890,missing_explicit_survival_coupon
17476,KR65333A7898,extra_formula_or_level_PMT_1_FRML
17478,KR65333A8896,payment_lag_not_identifiable_from_maturity
17481,KR65333A1891,missing_explicit_survival_coupon
17482,KR65333A9894,missing_explicit_survival_coupon
17486,KR6573310895,missing_explicit_survival_coupon
17487,KR6573357896,missing_explicit_survival_coupon
17491,KR65333AA893,missing_explicit_survival_coupon
17494,KR6573311893,missing_explicit_survival_coupon
17497,KR6663305896,unsupported_ki_window
17498,KR6513301897,unsupported_ki_window
17519,KR6703338899,missing_explicit_survival_coupon
17529,KR65333AK892,payment_lag_not_identifiable_from_maturity
17532,KR6513302895,unsupported_ki_window
17536,KR65333BB899,payment_lag_not_identifiable_from_maturity
17537,KR65333BA891,payment_lag_not_identifiable_from_maturity
17538,KR65333B9893,extra_formula_or_level_PMT_1_FRML
17539,KR65333AJ894,payment_lag_not_identifiable_from_maturity
17540,KR65333AH898,payment_lag_not_identifiable_from_maturity
17544,KR6533366896,missing_explicit_survival_coupon
17545,KR6533367894,missing_explicit_survival_coupon
17550,KR6533368892,missing_explicit_survival_coupon
17552,KR6533369890,missing_explicit_survival_coupon
17558,KR6533371896,missing_explicit_survival_coupon
17559,KR6533370898,missing_explicit_survival_coupon
17561,KR6533373892,missing_explicit_survival_coupon
17562,KR6533365898,missing_explicit_survival_coupon
17563,KR6663314898,unsupported_ki_window
17566,KR6533364891,missing_explicit_survival_coupon
17567,KR6533372894,extra_formula_or_level_PMT_1_FRML
17570,KR6573387893,missing_explicit_survival_coupon
17580,KR65333BG898,payment_lag_not_identifiable_from_maturity
17589,KR65333BF890,payment_lag_not_identifiable_from_maturity
17590,KR65333BD895,payment_lag_not_identifiable_from_maturity
17593,KR65333BC897,payment_lag_not_identifiable_from_maturity
17603,KR65333BY891,missing_explicit_survival_coupon
17604,KR65333BW895,payment_lag_not_identifiable_from_maturity
17605,KR6733307898,payment_lag_not_identifiable_from_maturity
17606,KR65333BV897,extra_formula_or_level_PMT_1_FRML
17611,KR6573398890,missing_explicit_survival_coupon
17623,KR65333C0891,missing_explicit_survival_coupon
17625,KR65333BZ898,missing_explicit_survival_coupon
17636,KR65333BT891,payment_lag_not_identifiable_from_maturity
17641,KR6663322891,unsupported_ki_window
17643,KR6763313899,monthly_evaluation_outside_life
17647,KR65333BS893,payment_lag_not_identifiable_from_maturity
17655,KR6513321895,payment_lag_not_identifiable_from_maturity
17656,KR65333C5890,payment_lag_not_identifiable_from_maturity
17662,KR6513319899,payment_lag_not_identifiable_from_maturity
17663,KR6513320897,payment_lag_not_identifiable_from_maturity
17665,KR65333CB897,payment_lag_not_identifiable_from_maturity
17671,KR65333CF898,payment_lag_not_identifiable_from_maturity
17673,KR65333CD893,payment_lag_not_identifiable_from_maturity
17675,KR65333CG896,payment_lag_not_identifiable_from_maturity
17682,KR65333CE891,extra_formula_or_level_PMT_1_FRML
17683,KR65333CH894,payment_lag_not_identifiable_from_maturity
17684,KR65333B5891,missing_explicit_survival_coupon
17691,KR65333AX895,missing_explicit_survival_coupon
17694,KR65333B3896,missing_explicit_survival_coupon
17695,KR65333B4894,extra_formula_or_level_PMT_1_FRML
17699,KR65333B2898,missing_explicit_survival_coupon
17701,KR65333B1890,missing_explicit_survival_coupon
17707,KR65333AY893,missing_explicit_survival_coupon
17708,KR65333B0892,missing_explicit_survival_coupon
17709,KR65333AW897,missing_explicit_survival_coupon
17713,KR6663335893,unsupported_ki_window
17714,20180907000023_19899,payment_lag_not_identifiable_from_maturity
17722,KR65333D0890,payment_lag_not_identifiable_from_maturity
17725,KR65333CZ896,missing_explicit_survival_coupon
17729,KR65333D1898,missing_explicit_survival_coupon
17734,KR65333CR893,payment_lag_not_identifiable_from_maturity
17736,KR65333CP897,payment_lag_not_identifiable_from_maturity
17745,KR65333CQ895,payment_lag_not_identifiable_from_maturity
17753,KR6503378897,extra_formula_or_level_STRK_2
17765,KR65333DD891,missing_explicit_survival_coupon
17774,KR65733BT892,missing_explicit_survival_coupon
17787,KR65333DB895,payment_lag_not_identifiable_from_maturity
17788,KR65333DF896,payment_lag_not_identifiable_from_maturity
17790,KR65333DC893,missing_explicit_survival_coupon
17791,KR65333DH892,payment_lag_not_identifiable_from_maturity
17792,KR65333DG894,payment_lag_not_identifiable_from_maturity
17794,KR6513332892,payment_lag_not_identifiable_from_maturity
17796,KR65333DA897,missing_explicit_survival_coupon
17799,20180917000244_4120,unsupported_ki_window
17812,KR65333DE899,payment_lag_not_identifiable_from_maturity
17815,KR65733AD898,missing_explicit_survival_coupon
17832,KR65333DQ893,payment_lag_not_identifiable_from_maturity
17834,KR65333DR891,payment_lag_not_identifiable_from_maturity
17839,KR65333DP895,payment_lag_not_identifiable_from_maturity
17843,KR67033B4893,missing_explicit_survival_coupon
17846,KR65333038A1,missing_explicit_survival_coupon
17847,KR65333E7894,missing_explicit_survival_coupon
17848,KR65333E8892,missing_explicit_survival_coupon
17849,KR65333028A2,missing_explicit_survival_coupon
17850,KR65333018A3,missing_explicit_survival_coupon
17851,KR6663354894,unsupported_ki_window
17853,KR65333E3893,missing_explicit_survival_coupon
17858,KR65333128A0,missing_explicit_survival_coupon
17861,KR65333388A0,missing_explicit_survival_coupon
17863,KR65333E0899,payment_lag_not_identifiable_from_maturity
17864,KR65333398A9,missing_explicit_survival_coupon
17868,KR65333DZ894,extra_formula_or_level_PMT_1_FRML
17869,KR65333E2895,missing_explicit_survival_coupon
17870,KR65333DY897,payment_lag_not_identifiable_from_maturity
17874,KR65333088A6,payment_lag_not_identifiable_from_maturity
17875,KR65733C5896,missing_explicit_survival_coupon
17877,KR65333078A7,extra_formula_or_level_PMT_1_FRML
17878,KR65733C6894,missing_explicit_survival_coupon
17880,KR65333E4891,missing_explicit_survival_coupon
17881,KR65333058A9,missing_explicit_survival_coupon
17883,KR65333E6896,missing_explicit_survival_coupon
17884,KR65333E5898,missing_explicit_survival_coupon
17885,KR65333EA895,missing_explicit_survival_coupon
17886,KR65333068A8,missing_explicit_survival_coupon
17887,KR65333368A2,payment_lag_not_identifiable_from_maturity
17889,KR65333E1897,payment_lag_not_identifiable_from_maturity
17892,KR65333118A1,missing_explicit_survival_coupon
17901,KR65333358A3,extra_formula_or_level_PMT_1_FRML
17903,KR65333DX899,payment_lag_not_identifiable_from_maturity
17904,KR65333DW891,payment_lag_not_identifiable_from_maturity
17919,KR65333348A4,payment_lag_not_identifiable_from_maturity
17920,KR65333338A5,payment_lag_not_identifiable_from_maturity
17926,KR65033098A8,payment_lag_not_identifiable_from_maturity
17927,KR65033028A5,payment_lag_not_identifiable_from_maturity
17928,KR65833088A1,payment_lag_not_identifiable_from_maturity
17931,KR65333698A2,payment_lag_not_identifiable_from_maturity
17932,KR65793168A9,payment_lag_not_identifiable_from_maturity
17937,KR65433138A8,payment_lag_not_identifiable_from_maturity
17938,KR65433128A9,payment_lag_not_identifiable_from_maturity
17939,KR65333788A1,payment_lag_not_identifiable_from_maturity
17943,KR66133078A7,payment_lag_not_identifiable_from_maturity
17944,KR65733198A9,payment_lag_not_identifiable_from_maturity
17945,KR65733158A3,missing_explicit_survival_coupon
17948,KR65333708A9,payment_lag_not_identifiable_from_maturity
17949,KR65333798A0,payment_lag_not_identifiable_from_maturity
17954,KR65333778A2,payment_lag_not_identifiable_from_maturity
17955,KR65533078A5,payment_lag_not_identifiable_from_maturity
17956,KR66133128A0,payment_lag_not_identifiable_from_maturity
17960,KR65733218A5,payment_lag_not_identifiable_from_maturity
17961,KR65533118A9,payment_lag_not_identifiable_from_maturity
17962,KR65733208A6,payment_lag_not_identifiable_from_maturity
17965,KR65733228A4,missing_explicit_survival_coupon
17966,KR65333688A3,extra_formula_or_level_PMT_1_FRML
17967,KR65333718A8,payment_lag_not_identifiable_from_maturity
17970,KR65033128A3,payment_lag_not_identifiable_from_maturity
17971,KR65533678A2,payment_lag_not_identifiable_from_maturity
17972,KR65333728A7,payment_lag_not_identifiable_from_maturity
17973,KR65333738A6,payment_lag_not_identifiable_from_maturity
17980,KR65333858A2,missing_explicit_survival_coupon
17983,KR65733148A4,missing_explicit_survival_coupon
17984,KR66133088A6,payment_lag_not_identifiable_from_maturity
17985,KR65333768A3,payment_lag_not_identifiable_from_maturity
17986,KR65333808A7,payment_lag_not_identifiable_from_maturity
17987,KR65333758A4,payment_lag_not_identifiable_from_maturity
17988,KR65333818A6,missing_explicit_survival_coupon
17989,KR65733188A0,payment_lag_not_identifiable_from_maturity
17990,KR65733178A1,payment_lag_not_identifiable_from_maturity
17993,KR65333838A4,payment_lag_not_identifiable_from_maturity
17994,KR65333828A5,extra_formula_or_level_PMT_1_FRML
17995,KR67033168A5,payment_lag_not_identifiable_from_maturity
17996,KR65333848A3,missing_explicit_survival_coupon
17999,KR65533158A5,payment_lag_not_identifiable_from_maturity
18001,KR65333268A4,missing_explicit_survival_coupon
18003,KR65133028A4,payment_lag_not_identifiable_from_maturity
18004,KR65033278A6,payment_lag_not_identifiable_from_maturity
18005,KR65333328A6,missing_explicit_survival_coupon
18009,KR65333238A7,missing_explicit_survival_coupon
18010,KR65333258A5,missing_explicit_survival_coupon
18012,KR65133068A0,unsupported_ki_window
18013,KR65333298A1,payment_lag_not_identifiable_from_maturity
18014,KR65233278A4,payment_lag_not_identifiable_from_maturity
18016,KR65333948A1,payment_lag_not_identifiable_from_maturity
18017,KR65333288A2,extra_formula_or_level_PMT_1_FRML
18021,KR65733128A6,payment_lag_not_identifiable_from_maturity
18022,KR65533148A6,payment_lag_not_identifiable_from_maturity
18023,KR65433178A4,payment_lag_not_identifiable_from_maturity
18024,KR65333318A7,missing_explicit_survival_coupon
18026,KR65233358A4,payment_lag_not_identifiable_from_maturity
18027,KR65833148A3,payment_lag_not_identifiable_from_maturity
18030,KR65233368A3,payment_lag_not_identifiable_from_maturity
18032,KR65533128A8,payment_lag_not_identifiable_from_maturity
18033,KR65233288A3,payment_lag_not_identifiable_from_maturity
18034,KR65333278A3,missing_explicit_survival_coupon
18036,KR65333248A6,missing_explicit_survival_coupon
18037,KR65333A18A2,payment_lag_not_identifiable_from_maturity
18040,KR65333A48A9,payment_lag_not_identifiable_from_maturity
18041,KR65333A58A8,payment_lag_not_identifiable_from_maturity
18042,KR65333A28A1,payment_lag_not_identifiable_from_maturity
18043,KR65333A08A3,payment_lag_not_identifiable_from_maturity
18045,KR65333A38A0,extra_formula_or_level_PMT_1_FRML
18060,KR66633108A7,payment_lag_not_identifiable_from_maturity
18061,KR66633118A6,payment_lag_not_identifiable_from_maturity
18062,KR66633128A5,payment_lag_not_identifiable_from_maturity
18076,KR65333AV8A5,missing_explicit_survival_coupon
18080,KR66593188A7,averaging_not_supported
18086,KR65333AT8A9,payment_lag_not_identifiable_from_maturity
18087,KR65333AS8A0,extra_formula_or_level_PMT_1_FRML
18091,KR65733528A7,missing_explicit_survival_coupon
18111,KR65733518A8,missing_explicit_survival_coupon
18115,KR65333AK8A8,missing_explicit_survival_coupon
18116,KR65333AJ8A1,missing_explicit_survival_coupon
18117,KR65333AL8A7,payment_lag_not_identifiable_from_maturity
18118,KR65333AH8A3,payment_lag_not_identifiable_from_maturity
18126,KR65333AX8A3,missing_explicit_survival_coupon
18132,KR65733628A5,missing_explicit_survival_coupon
18135,KR65333AM8A6,payment_lag_not_identifiable_from_maturity
18138,KR65333BP8A2,payment_lag_not_identifiable_from_maturity
18140,KR65333AN8A5,payment_lag_not_identifiable_from_maturity
18150,KR65133088A8,payment_lag_not_identifiable_from_maturity
18158,KR65333AP8A3,payment_lag_not_identifiable_from_maturity
18171,KR66693198A5,unsupported_ki_window
18172,KR65133098A7,payment_lag_not_identifiable_from_maturity
18175,KR65333648A7,missing_explicit_survival_coupon
18176,KR65333618A0,extra_formula_or_level_PMT_1_FRML
18177,KR65333608A1,missing_explicit_survival_coupon
18180,KR65333C28A7,payment_lag_not_identifiable_from_maturity
18181,KR65333BW8A3,missing_explicit_survival_coupon
18182,KR65333BT8A8,payment_lag_not_identifiable_from_maturity
18183,KR65333C18A8,payment_lag_not_identifiable_from_maturity
18184,KR65333C08A9,extra_formula_or_level_PMT_1_FRML
18187,KR65333BX8A2,payment_lag_not_identifiable_from_maturity
18189,KR65333538A0,missing_explicit_survival_coupon
18190,KR65333BQ8A1,missing_explicit_survival_coupon
18191,KR65333568A7,missing_explicit_survival_coupon
18192,KR65333BN8A4,payment_lag_not_identifiable_from_maturity
18193,KR65333558A8,missing_explicit_survival_coupon
18194,KR65333598A4,missing_explicit_survival_coupon
18195,KR65333BS8A9,missing_explicit_survival_coupon
18196,KR65333BM8A5,payment_lag_not_identifiable_from_maturity
18197,KR65333588A5,missing_explicit_survival_coupon
18198,KR65333BV8A4,missing_explicit_survival_coupon
18201,KR65333BR8A0,missing_explicit_survival_coupon
18202,KR65333628A9,missing_explicit_survival_coupon
18217,KR66633278A8,unsupported_ki_window
18228,KR65333CF8A3,missing_explicit_survival_coupon
18229,KR65333CE8A4,missing_explicit_survival_coupon
18233,KR65333C78A2,payment_lag_not_identifiable_from_maturity
18236,KR65333C88A1,payment_lag_not_identifiable_from_maturity
18239,KR65333CD8A5,payment_lag_not_identifiable_from_maturity
18249,20181005000299_20091,payment_lag_not_identifiable_from_maturity
18257,KR65333C58A4,payment_lag_not_identifiable_from_maturity
18263,KR65333CW8A2,missing_explicit_survival_coupon
18265,KR65333CS8A8,missing_explicit_survival_coupon
18271,KR65333CR8A9,missing_explicit_survival_coupon
18286,KR65333CY8A0,extra_formula_or_level_PMT_1_FRML
18287,KR65333CX8A1,missing_explicit_survival_coupon
18290,KR65333D08A7,missing_explicit_survival_coupon
18291,KR65333CZ8A9,missing_explicit_survival_coupon
18292,KR65333D18A6,payment_lag_not_identifiable_from_maturity
18293,KR65333D28A5,missing_explicit_survival_coupon
18294,KR65333CQ8A0,payment_lag_not_identifiable_from_maturity
18295,KR65733AY8A8,missing_explicit_survival_coupon
18304,KR65733AN8A1,missing_explicit_survival_coupon
18305,KR65733AM8A2,missing_explicit_survival_coupon
18320,KR65333DB8A6,payment_lag_not_identifiable_from_maturity
18330,KR67033AQ8A1,missing_explicit_survival_coupon
18333,KR65133248A8,unsupported_ki_window
18339,KR65333DC8A5,payment_lag_not_identifiable_from_maturity
18342,KR65333DA8A7,payment_lag_not_identifiable_from_maturity
18344,KR65133258A7,unsupported_ki_window
18345,KR65333CV8A3,payment_lag_not_identifiable_from_maturity
18351,KR66693398A1,unsupported_ki_window
18357,KR65333DK8A5,missing_explicit_survival_coupon
18360,KR65333DH8A0,missing_explicit_survival_coupon
18361,KR65333DF8A2,payment_lag_not_identifiable_from_maturity
18362,KR65333DE8A3,extra_formula_or_level_PMT_1_FRML
18363,KR65333DL8A4,payment_lag_not_identifiable_from_maturity
18364,KR65333DM8A3,payment_lag_not_identifiable_from_maturity
18365,KR65333DJ8A8,missing_explicit_survival_coupon
18366,KR65333DG8A1,payment_lag_not_identifiable_from_maturity
18368,KR65333BA8A9,missing_explicit_survival_coupon
18369,20181011000200_20116,extra_formula_or_level_PMT_1_FRML
18372,KR65333BK8A7,missing_explicit_survival_coupon
18375,KR65333E18A4,missing_explicit_survival_coupon
18376,KR65333BL8A6,missing_explicit_survival_coupon
18377,KR65333E28A3,missing_explicit_survival_coupon
18378,KR65333BH8A2,missing_explicit_survival_coupon
18379,20181022000091_20214,missing_explicit_survival_coupon
18380,KR65333BE8A5,missing_explicit_survival_coupon
18383,KR65333BD8A6,extra_formula_or_level_PMT_1_FRML
18384,KR65333BB8A8,missing_explicit_survival_coupon
18385,KR65333BC8A7,missing_explicit_survival_coupon
18390,KR65333E38A2,missing_explicit_survival_coupon
18396,KR65333E48A1,missing_explicit_survival_coupon
18400,KR65333E08A5,missing_explicit_survival_coupon
18415,KR65333DZ8A8,payment_lag_not_identifiable_from_maturity
18417,KR65333DY8A9,payment_lag_not_identifiable_from_maturity
18426,KR65333DV8A2,payment_lag_not_identifiable_from_maturity
18427,KR65333DT8A6,payment_lag_not_identifiable_from_maturity
18441,KR65733CQ8A6,missing_explicit_survival_coupon
18446,KR65733BA8A5,missing_explicit_survival_coupon
18449,KR65733CR8A5,missing_explicit_survival_coupon
18459,KR65733C98A1,missing_explicit_survival_coupon
18470,KR65333EA8A6,missing_explicit_survival_coupon
18474,KR65333E88A7,payment_lag_not_identifiable_from_maturity
18475,KR65133478A1,payment_lag_not_identifiable_from_maturity
18481,KR66693518A4,unsupported_ki_window
18484,KR67633328A9,extra_formula_or_level_PMT_EXTRA
18486,KR65133468A2,payment_lag_not_identifiable_from_maturity
18496,KR67693308A8,averaging_not_supported
18505,KR67633298A4,monthly_evaluation_outside_life
18506,KR65333EN8A1,payment_lag_not_identifiable_from_maturity
18507,KR65333EM8A2,payment_lag_not_identifiable_from_maturity
18508,KR65333EL8A3,payment_lag_not_identifiable_from_maturity
18510,KR65333EK8A4,payment_lag_not_identifiable_from_maturity
18517,KR65333EH8A9,payment_lag_not_identifiable_from_maturity
18518,KR65333EJ8A7,payment_lag_not_identifiable_from_maturity
18519,KR65333EW8A0,extra_formula_or_level_PMT_1_FRML
18520,KR65333EX8A9,payment_lag_not_identifiable_from_maturity
18523,KR65333EY8A8,payment_lag_not_identifiable_from_maturity
18525,KR65333098B3,missing_explicit_survival_coupon
18526,KR65333128B8,missing_explicit_survival_coupon
18529,KR65333028B0,missing_explicit_survival_coupon
18530,KR65733DP8A6,missing_explicit_survival_coupon
18531,KR65333448B0,missing_explicit_survival_coupon
18532,KR65333038B9,extra_formula_or_level_PMT_1_FRML
18534,20181024000139_4147,unsupported_ki_window
18535,KR65333118B9,missing_explicit_survival_coupon
18539,KR65333048B8,missing_explicit_survival_coupon
18540,KR65333458B9,missing_explicit_survival_coupon
18543,KR65333068B6,missing_explicit_survival_coupon
18544,KR65333F08A2,payment_lag_not_identifiable_from_maturity
18547,KR65333F18A1,missing_explicit_survival_coupon
18548,KR65333428B2,payment_lag_not_identifiable_from_maturity
18549,KR65333058B7,missing_explicit_survival_coupon
18550,KR65333418B3,extra_formula_or_level_PMT_1_FRML
18551,KR65333438B1,missing_explicit_survival_coupon
18568,KR65333398B7,payment_lag_not_identifiable_from_maturity
18570,KR65333388B8,payment_lag_not_identifiable_from_maturity
18573,KR67333028B6,payment_lag_not_identifiable_from_maturity
18581,KR65333368B0,payment_lag_not_identifiable_from_maturity
18582,KR65333378B9,payment_lag_not_identifiable_from_maturity
18593,KR65333348B2,payment_lag_not_identifiable_from_maturity
18594,KR65333338B3,payment_lag_not_identifiable_from_maturity
18601,KR65333358B1,payment_lag_not_identifiable_from_maturity
18602,20181024000056_20218,extra_formula_or_level_PMT_1_FRML
18603,KR65333508B1,missing_explicit_survival_coupon
18604,KR65333538B8,missing_explicit_survival_coupon
18607,KR65733348B8,missing_explicit_survival_coupon
18611,KR65333568B5,missing_explicit_survival_coupon
18616,KR65333578B4,missing_explicit_survival_coupon
18619,KR65733338B9,missing_explicit_survival_coupon
18621,KR65333528B9,payment_lag_not_identifiable_from_maturity
18623,KR65333588B3,missing_explicit_survival_coupon
18635,KR65333548B7,missing_explicit_survival_coupon
18636,KR65333558B6,missing_explicit_survival_coupon
18652,KR67693038B9,averaging_not_supported
18656,KR67033288B9,missing_explicit_survival_coupon
18662,KR67693028B0,averaging_not_supported
18669,KR65333628B7,payment_lag_not_identifiable_from_maturity
18670,KR65133018B3,payment_lag_not_identifiable_from_maturity
18674,KR65133028B2,payment_lag_not_identifiable_from_maturity
18680,KR65333318B5,missing_explicit_survival_coupon
18682,KR65333248B4,missing_explicit_survival_coupon
18683,KR65333818B4,payment_lag_not_identifiable_from_maturity
18684,KR65333828B3,extra_formula_or_level_PMT_1_FRML
18688,KR65333278B1,missing_explicit_survival_coupon
18689,KR65333848B1,payment_lag_not_identifiable_from_maturity
18690,KR65333868B9,payment_lag_not_identifiable_from_maturity
18691,KR65333328B4,missing_explicit_survival_coupon
18694,KR66633068B1,unsupported_ki_window
18695,KR65333258B3,missing_explicit_survival_coupon
18696,KR65333238B5,extra_formula_or_level_PMT_1_FRML
18697,KR65333228B6,payment_lag_not_identifiable_from_maturity
18699,KR65733598B8,missing_explicit_survival_coupon
18700,KR65333288B0,missing_explicit_survival_coupon
18703,KR66633078B0,unsupported_ki_window
18704,KR65333838B2,payment_lag_not_identifiable_from_maturity
18716,KR65333908B3,payment_lag_not_identifiable_from_maturity
18725,KR65333898B6,payment_lag_not_identifiable_from_maturity
18739,KR65333968B7,extra_formula_or_level_PMT_1_FRML
18740,KR65333958B8,missing_explicit_survival_coupon
18741,KR65333918B2,payment_lag_not_identifiable_from_maturity
18752,KR65333888B7,payment_lag_not_identifiable_from_maturity
18756,KR65733878B4,missing_explicit_survival_coupon
18757,KR65733888B3,missing_explicit_survival_coupon
18758,KR65333A78B4,missing_explicit_survival_coupon
18772,KR65333A28B9,payment_lag_not_identifiable_from_maturity
18776,KR65333A88B3,missing_explicit_survival_coupon
18777,KR65333A98B2,extra_formula_or_level_PMT_1_FRML
18780,KR65333A18B0,extra_formula_or_level_PMT_1_FRML
18781,KR65333A58B6,missing_explicit_survival_coupon
18785,20181030000065_20249,missing_explicit_survival_coupon
18788,KR65433108B9,missing_explicit_survival_coupon
18798,KR65333A38B8,missing_explicit_survival_coupon
18803,KR66633188B7,unsupported_ki_window
18804,KR65133128B0,unsupported_ki_window
18805,KR65133138B9,unsupported_ki_window
18809,20181105000215_4160,unsupported_ki_window
18811,20181107000130_4163,unsupported_ki_window
18813,KR67693098B3,averaging_not_supported
18817,KR65333AL8B5,extra_formula_or_level_PMT_1_FRML
18818,KR65333AK8B6,payment_lag_not_identifiable_from_maturity
18819,KR65333AM8B4,payment_lag_not_identifiable_from_maturity
18820,KR65333AN8B3,payment_lag_not_identifiable_from_maturity
18821,KR65333778B0,missing_explicit_survival_coupon
18823,KR65333AV8B3,missing_explicit_survival_coupon
18824,KR65333AS8B8,payment_lag_not_identifiable_from_maturity
18826,KR65333B38B6,payment_lag_not_identifiable_from_maturity
18827,KR65333B18B8,payment_lag_not_identifiable_from_maturity
18828,KR65333728B5,payment_lag_not_identifiable_from_maturity
18829,KR65333738B4,missing_explicit_survival_coupon
18831,KR65333AT8B7,missing_explicit_survival_coupon
18832,KR65333AR8B9,payment_lag_not_identifiable_from_maturity
18833,KR65333AW8B2,extra_formula_or_level_PMT_1_FRML
18834,KR65333AX8B1,payment_lag_not_identifiable_from_maturity
18836,KR65333688B1,missing_explicit_survival_coupon
18842,KR65333B28B7,payment_lag_not_identifiable_from_maturity
18845,KR65333AZ8B9,payment_lag_not_identifiable_from_maturity
18846,KR65333AY8B0,payment_lag_not_identifiable_from_maturity
18848,KR65333788B9,missing_explicit_survival_coupon
18850,KR65333698B0,extra_formula_or_level_PMT_1_FRML
18851,KR65333748B3,missing_explicit_survival_coupon
18852,KR65333AQ8B0,payment_lag_not_identifiable_from_maturity
18857,KR65533988B3,missing_explicit_survival_coupon
18894,20181107000294_17276,missing_explicit_survival_coupon
18898,KR67333118B5,payment_lag_not_identifiable_from_maturity
18922,KR67633198B4,missing_explicit_survival_coupon
18924,KR65433378B8,missing_explicit_survival_coupon
18948,KR65333BV8B2,missing_explicit_survival_coupon
18949,KR65333BZ8B8,missing_explicit_survival_coupon
18950,KR65333BW8B1,missing_explicit_survival_coupon
18952,KR65333BY8B9,extra_formula_or_level_PMT_1_FRML
18964,KR65333BS8B7,missing_explicit_survival_coupon
18966,KR65333BT8B6,payment_lag_not_identifiable_from_maturity
18971,KR65333BQ8B9,missing_explicit_survival_coupon
18972,KR65333BX8B0,missing_explicit_survival_coupon
18973,KR67693208B8,averaging_not_supported
18974,KR67633258B6,invalid_evaluation_dates
18975,KR65333BP8B0,missing_explicit_survival_coupon
18982,KR65133618B0,payment_lag_not_identifiable_from_maturity
18986,KR65333CF8B1,payment_lag_not_identifiable_from_maturity
19024,KR65733BZ8B4,missing_explicit_survival_coupon
19031,KR65333CQ8B8,missing_explicit_survival_coupon
19032,KR65733B98B1,missing_explicit_survival_coupon
19039,KR65333058C5,extra_formula_or_level_PMT_1_FRML
19044,KR65333CW8B0,missing_explicit_survival_coupon
19047,KR65333CV8B1,payment_lag_not_identifiable_from_maturity
19048,KR65333098C1,payment_lag_not_identifiable_from_maturity
19049,20181120000256_20349,missing_explicit_survival_coupon
19052,KR65333108C8,missing_explicit_survival_coupon
19059,KR65333388C6,missing_explicit_survival_coupon
19061,KR65333118C7,missing_explicit_survival_coupon
19062,KR65333158C3,missing_explicit_survival_coupon
19063,KR65333148C4,missing_explicit_survival_coupon
19066,KR66133538B8,missing_explicit_survival_coupon
19072,KR65333368C8,extra_formula_or_level_PMT_1_FRML
19074,KR65133678B4,payment_lag_not_identifiable_from_maturity
19076,KR65333088C2,missing_explicit_survival_coupon
19077,KR65333CT8B5,missing_explicit_survival_coupon
19082,KR65333128C6,missing_explicit_survival_coupon
19088,KR65333CX8B9,missing_explicit_survival_coupon
19090,KR65333378C7,payment_lag_not_identifiable_from_maturity
19101,20181126000147_892,averaging_not_supported
19109,KR65333358C9,payment_lag_not_identifiable_from_maturity
19112,KR65333338C1,payment_lag_not_identifiable_from_maturity
19114,KR67033038C6,missing_explicit_survival_coupon
19115,KR65333438C9,payment_lag_not_identifiable_from_maturity
19137,KR65333538C6,payment_lag_not_identifiable_from_maturity
19140,KR65333528C7,payment_lag_not_identifiable_from_maturity
19141,KR65333558C4,missing_explicit_survival_coupon
19143,KR65333548C5,missing_explicit_survival_coupon
19144,KR65333448C8,payment_lag_not_identifiable_from_maturity
19145,KR65333458C7,payment_lag_not_identifiable_from_maturity
19147,KR65333778C8,payment_lag_not_identifiable_from_maturity
19149,KR65733368C4,missing_explicit_survival_coupon
19161,KR67333028C4,payment_lag_not_identifiable_from_maturity
19170,KR65333738C2,payment_lag_not_identifiable_from_maturity
19171,KR65333258C1,payment_lag_not_identifiable_from_maturity
19172,KR65333808C3,missing_explicit_survival_coupon
19173,KR65333268C0,missing_explicit_survival_coupon
19174,KR65333248C2,missing_explicit_survival_coupon
19178,KR65333748C1,payment_lag_not_identifiable_from_maturity
19182,KR65333318C3,missing_explicit_survival_coupon
19183,KR65333308C4,missing_explicit_survival_coupon
19185,KR65333728C3,extra_formula_or_level_PMT_1_FRML
19189,KR65333818C2,missing_explicit_survival_coupon
19190,KR65333328C2,extra_formula_or_level_PMT_1_FRML
19195,KR65333278C9,missing_explicit_survival_coupon
19197,KR65333288C8,missing_explicit_survival_coupon
19199,KR65333238C3,missing_explicit_survival_coupon
19208,KR65333838C0,missing_explicit_survival_coupon
19211,KR65733708C1,missing_explicit_survival_coupon
19213,20181127000074_20379,extra_formula_or_level_PMT_1_FRML
19215,KR65733718C0,missing_explicit_survival_coupon
19220,KR65333898C4,missing_explicit_survival_coupon
19223,KR65333848C9,missing_explicit_survival_coupon
19226,20181123000087_20377,extra_formula_or_level_PMT_1_FRML
19231,KR65333858C8,extra_formula_or_level_PMT_1_FRML
19233,KR65333868C7,payment_lag_not_identifiable_from_maturity
19242,KR65333878C6,missing_explicit_survival_coupon
19255,KR65333918C0,payment_lag_not_identifiable_from_maturity
19267,KR65133018C1,payment_lag_not_identifiable_from_maturity
19269,KR65133028C0,payment_lag_not_identifiable_from_maturity
19277,20181203000201_4177,unsupported_ki_window
19281,KR65333648C3,payment_lag_not_identifiable_from_maturity
19282,KR67333088C8,payment_lag_not_identifiable_from_maturity
19283,KR65333658C2,missing_explicit_survival_coupon
19284,KR65333678C0,missing_explicit_survival_coupon
19285,KR65333688C9,missing_explicit_survival_coupon
19287,KR65733948C3,missing_explicit_survival_coupon
19289,KR65333638C4,extra_formula_or_level_PMT_1_FRML
19293,KR65333708C5,missing_explicit_survival_coupon
19298,KR65333628C5,missing_explicit_survival_coupon
19299,KR65333718C4,missing_explicit_survival_coupon
19303,KR65333AD8C3,payment_lag_not_identifiable_from_maturity
19304,KR65333AL8C3,payment_lag_not_identifiable_from_maturity
19306,KR65333AC8C4,payment_lag_not_identifiable_from_maturity
19308,KR65333AE8C2,payment_lag_not_identifiable_from_maturity
19311,KR65333668C1,payment_lag_not_identifiable_from_maturity
19314,KR65333AJ8C7,payment_lag_not_identifiable_from_maturity
19315,KR65333AH8C9,payment_lag_not_identifiable_from_maturity
19322,KR65333AG8C0,extra_formula_or_level_PMT_1_FRML
19326,KR65733AM8C8,missing_explicit_survival_coupon
19337,KR65333AR8C7,missing_explicit_survival_coupon
19339,20181206000016_20446,missing_explicit_survival_coupon
19346,KR65333AS8C6,missing_explicit_survival_coupon
19348,KR65333AQ8C8,payment_lag_not_identifiable_from_maturity
19349,KR65333AV8C1,extra_formula_or_level_PMT_1_FRML
19351,KR65333AW8C0,payment_lag_not_identifiable_from_maturity
19352,20181206000016_20444,missing_explicit_survival_coupon
19358,KR65133258C3,payment_lag_not_identifiable_from_maturity
19359,KR65333B18C6,payment_lag_not_identifiable_from_maturity
19364,KR65333AT8C5,payment_lag_not_identifiable_from_maturity
19365,KR65333B28C5,payment_lag_not_identifiable_from_maturity
19373,KR65333B38C4,payment_lag_not_identifiable_from_maturity
19383,KR67693298C7,averaging_not_supported
19390,KR65333B88C9,missing_explicit_survival_coupon
19391,KR65333B68C1,missing_explicit_survival_coupon
19393,KR65333AZ8C7,payment_lag_not_identifiable_from_maturity
19394,KR65333B78C0,missing_explicit_survival_coupon
19395,KR65333B08C7,payment_lag_not_identifiable_from_maturity
19396,KR65733BH8C4,missing_explicit_survival_coupon
19404,KR65333B98C8,payment_lag_not_identifiable_from_maturity
19405,KR65733A88C2,missing_explicit_survival_coupon
19406,KR65333BA8C5,payment_lag_not_identifiable_from_maturity
19410,KR65333BT8C4,missing_explicit_survival_coupon
19411,KR65333BX8C8,payment_lag_not_identifiable_from_maturity
19412,KR65333BY8C7,missing_explicit_survival_coupon
19415,KR65333BW8C9,missing_explicit_survival_coupon
19416,20181212000333_4183,unsupported_ki_window
19431,KR65733A98C1,missing_explicit_survival_coupon
19434,KR65333BV8C0,missing_explicit_survival_coupon
19436,KR65333A28C7,missing_explicit_survival_coupon
19438,KR65333988C3,payment_lag_not_identifiable_from_maturity
19440,KR65333968C5,extra_formula_or_level_PMT_1_FRML
19442,KR65333978C4,missing_explicit_survival_coupon
19444,KR65333A08C9,missing_explicit_survival_coupon
19446,KR65333998C2,missing_explicit_survival_coupon
19447,KR65333958C6,missing_explicit_survival_coupon
19449,KR65333A38C6,missing_explicit_survival_coupon
19456,KR65333BZ8C6,payment_lag_not_identifiable_from_maturity
19465,KR65333C68C9,extra_formula_or_level_PMT_1_FRML
19466,KR65333C78C8,missing_explicit_survival_coupon
19469,KR65333C88C7,payment_lag_not_identifiable_from_maturity
19470,KR67333168C8,payment_lag_not_identifiable_from_maturity
19489,20181213000141_20467,missing_explicit_survival_coupon
19490,20181213000141_20466,payment_lag_not_identifiable_from_maturity
19493,KR67693388C6,averaging_not_supported
19497,KR65133498C5,unsupported_ki_window
19507,KR67033838C9,missing_explicit_survival_coupon
19522,KR65333CJ8C5,payment_lag_not_identifiable_from_maturity
19535,KR65333BN8C0,missing_explicit_survival_coupon
19538,KR65333CR8C5,missing_explicit_survival_coupon
19539,KR65333CW8C8,missing_explicit_survival_coupon
19540,KR65733CQ8C2,missing_explicit_survival_coupon
19541,KR65333BL8C2,missing_explicit_survival_coupon
19545,KR65333CT8C3,missing_explicit_survival_coupon
19546,KR65333CS8C4,payment_lag_not_identifiable_from_maturity
19552,KR65333CL8C1,missing_explicit_survival_coupon
19556,KR65333D68C7,payment_lag_not_identifiable_from_maturity
19557,KR65333CQ8C6,missing_explicit_survival_coupon
19558,KR65733CP8C3,missing_explicit_survival_coupon
19564,KR65333BK8C3,payment_lag_not_identifiable_from_maturity
19565,KR65333CZ8C5,missing_explicit_survival_coupon
19570,KR65333CV8C9,missing_explicit_survival_coupon
19571,KR65333CX8C7,payment_lag_not_identifiable_from_maturity
19573,KR65333BQ8C7,missing_explicit_survival_coupon
19577,KR65333D18C2,payment_lag_not_identifiable_from_maturity
19578,KR65333D58C8,payment_lag_not_identifiable_from_maturity
19582,KR65333D08C3,extra_formula_or_level_PMT_1_FRML
19583,KR65333D28C1,payment_lag_not_identifiable_from_maturity
19591,20181220000097_20509,payment_lag_not_identifiable_from_maturity
19592,KR65333BH8C8,extra_formula_or_level_PMT_1_FRML
19593,KR65333BR8C6,missing_explicit_survival_coupon
19596,KR65333CY8C6,missing_explicit_survival_coupon
19601,KR65333BG8C9,missing_explicit_survival_coupon
19603,20181220000097_20513,missing_explicit_survival_coupon
19604,KR65333BJ8C6,payment_lag_not_identifiable_from_maturity
19606,20181220000097_20512,missing_explicit_survival_coupon
19608,KR65333BM8C1,missing_explicit_survival_coupon
19609,20181220000097_20508,extra_formula_or_level_PMT_1_FRML
19610,KR65733D88C6,missing_explicit_survival_coupon
19611,KR65333CM8C0,payment_lag_not_identifiable_from_maturity
19612,KR65333CN8C9,payment_lag_not_identifiable_from_maturity
19629,KR67693518C8,averaging_not_supported
19632,KR65333CP8C7,payment_lag_not_identifiable_from_maturity
19669,KR6533342913,payment_lag_not_identifiable_from_maturity
19690,KR6573336916,missing_explicit_survival_coupon
19692,KR6533374916,missing_explicit_survival_coupon
19693,KR6533373918,payment_lag_not_identifiable_from_maturity
19697,20190102000216_20537,missing_explicit_survival_coupon
19700,KR6533388916,unsupported_PRCP_GRTE_RT
19701,KR6533369916,extra_formula_or_level_PMT_1_FRML
19702,KR6533370914,missing_explicit_survival_coupon
19704,KR6533375913,missing_explicit_survival_coupon
19705,KR6533376911,missing_explicit_survival_coupon
19707,KR6533371912,missing_explicit_survival_coupon
19714,KR6533372910,missing_explicit_survival_coupon
19724,KR6533313914,missing_explicit_survival_coupon
19727,KR6533310910,extra_formula_or_level_PMT_1_FRML
19729,KR6533315919,missing_explicit_survival_coupon
19733,KR6533311918,missing_explicit_survival_coupon
19734,KR6533364917,payment_lag_not_identifiable_from_maturity
19736,KR6533314912,missing_explicit_survival_coupon
19741,KR6533312916,payment_lag_not_identifiable_from_maturity
19742,KR6533309912,missing_explicit_survival_coupon
19750,KR6533394914,missing_explicit_survival_coupon
19756,KR6533365914,payment_lag_not_identifiable_from_maturity
19759,KR6533316917,missing_explicit_survival_coupon
19770,KR65333A2915,missing_explicit_survival_coupon
19772,KR6573314913,missing_explicit_survival_coupon
19774,KR6573315910,missing_explicit_survival_coupon
19778,KR65333AD913,missing_explicit_survival_coupon
19785,KR65333A3913,missing_explicit_survival_coupon
19789,KR65333A5918,payment_lag_not_identifiable_from_maturity
19790,KR65333A4911,payment_lag_not_identifiable_from_maturity
19792,KR65333A8912,missing_explicit_survival_coupon
19794,KR6573358910,missing_explicit_survival_coupon
19796,KR65333A1917,missing_explicit_survival_coupon
19805,20190107000066_20594,missing_explicit_survival_coupon
19813,KR65333AA919,payment_lag_not_identifiable_from_maturity
19814,KR65333A9910,missing_explicit_survival_coupon
19815,KR65333A6916,missing_explicit_survival_coupon
19817,KR65333A7914,payment_lag_not_identifiable_from_maturity
19822,KR65333AP917,missing_explicit_survival_coupon
19836,KR6769309917,averaging_not_supported
19837,KR65333AY919,payment_lag_not_identifiable_from_maturity
19843,KR6663307918,unsupported_ki_window
19844,KR65333AX911,payment_lag_not_identifiable_from_maturity
19845,KR65333AW913,payment_lag_not_identifiable_from_maturity
19857,KR65333BM912,payment_lag_not_identifiable_from_maturity
19860,KR65333BN910,payment_lag_not_identifiable_from_maturity
19867,KR65333BK916,payment_lag_not_identifiable_from_maturity
19868,KR65333BH912,payment_lag_not_identifiable_from_maturity
19869,KR65333BL914,payment_lag_not_identifiable_from_maturity
19871,KR65333BJ918,payment_lag_not_identifiable_from_maturity
19875,KR65333BZ914,payment_lag_not_identifiable_from_maturity
19876,KR6533361913,missing_explicit_survival_coupon
19879,KR6533359917,missing_explicit_survival_coupon
19881,KR6533356913,extra_formula_or_level_PMT_1_FRML
19883,KR6533355915,missing_explicit_survival_coupon
19887,KR6533358919,payment_lag_not_identifiable_from_maturity
19888,KR6533357911,payment_lag_not_identifiable_from_maturity
19889,KR6533362911,missing_explicit_survival_coupon
19892,KR65333C8910,missing_explicit_survival_coupon
19893,KR6533360915,missing_explicit_survival_coupon
19897,KR6533354918,missing_explicit_survival_coupon
19900,KR65333C7912,missing_explicit_survival_coupon
19904,KR65333BX919,extra_formula_or_level_PMT_1_FRML
19905,KR65333BY917,payment_lag_not_identifiable_from_maturity
19910,KR65333CQ911,missing_explicit_survival_coupon
19911,KR65333D3910,unsupported_PRCP_GRTE_RT
19912,KR65333CS917,missing_explicit_survival_coupon
19914,KR65333CT915,missing_explicit_survival_coupon
19916,KR65333CP913,missing_explicit_survival_coupon
19917,KR65333CR919,payment_lag_not_identifiable_from_maturity
19918,KR65333CF914,missing_explicit_survival_coupon
19920,KR65333CV911,payment_lag_not_identifiable_from_maturity
19922,20190114000391_7710,missing_explicit_survival_coupon
19925,KR65333CE917,missing_explicit_survival_coupon
19926,KR65333CN918,missing_explicit_survival_coupon
19927,KR65333CD919,missing_explicit_survival_coupon
19931,KR65333CG912,payment_lag_not_identifiable_from_maturity
19933,KR65333CJ916,missing_explicit_survival_coupon
19934,KR65333CH910,extra_formula_or_level_PMT_1_FRML
19935,KR65333CK914,extra_formula_or_level_PMT_1_FRML
19936,KR65333CL912,payment_lag_not_identifiable_from_maturity
19951,KR65333CX917,extra_formula_or_level_PMT_1_FRML
19952,KR65333CZ912,payment_lag_not_identifiable_from_maturity
19953,KR65333CY915,payment_lag_not_identifiable_from_maturity
19954,KR65333D0916,extra_formula_or_level_PMT_1_FRML
19957,KR6769318918,averaging_not_supported
19964,KR65333CW919,payment_lag_not_identifiable_from_maturity
19965,20190114000332_1722,unsupported_ki_window
19971,KR6513311912,unsupported_ki_window
19973,KR65333DG910,payment_lag_not_identifiable_from_maturity
19980,KR65333DE915,payment_lag_not_identifiable_from_maturity
19983,KR65333DF912,payment_lag_not_identifiable_from_maturity
19984,KR65333DC919,payment_lag_not_identifiable_from_maturity
19988,KR65333DD917,payment_lag_not_identifiable_from_maturity
19992,KR65333DT913,payment_lag_not_identifiable_from_maturity
19994,KR65733B9915,missing_explicit_survival_coupon
20001,20190116000323_4205,unsupported_ki_window
20006,KR65333DZ910,payment_lag_not_identifiable_from_maturity
20007,KR65333DV919,payment_lag_not_identifiable_from_maturity
20008,KR65333DL910,payment_lag_not_identifiable_from_maturity
20013,KR65333DJ914,payment_lag_not_identifiable_from_maturity
20014,KR65333DM918,payment_lag_not_identifiable_from_maturity
20016,KR65333DK912,payment_lag_not_identifiable_from_maturity
20020,KR65333BE919,missing_explicit_survival_coupon
20024,KR65333B9919,missing_explicit_survival_coupon
20025,KR65333E0915,payment_lag_not_identifiable_from_maturity
20038,KR65333CC911,unsupported_PRCP_GRTE_RT
20039,KR65333BD911,missing_explicit_survival_coupon
20040,KR65333BB915,missing_explicit_survival_coupon
20041,KR65333BF916,missing_explicit_survival_coupon
20042,KR65333BC913,payment_lag_not_identifiable_from_maturity
20043,KR65333E3919,payment_lag_not_identifiable_from_maturity
20044,KR65333E6912,payment_lag_not_identifiable_from_maturity
20045,KR65333E4917,payment_lag_not_identifiable_from_maturity
20046,KR65333E2911,extra_formula_or_level_PMT_1_FRML
20051,KR65333E1913,payment_lag_not_identifiable_from_maturity
20052,KR65333BG914,missing_explicit_survival_coupon
20054,KR65333BA917,extra_formula_or_level_PMT_1_FRML
20055,KR65333E5914,payment_lag_not_identifiable_from_maturity
20059,KR6663349910,unsupported_ki_window
20062,KR6523379917,missing_explicit_survival_coupon
20063,KR65333EQ917,missing_explicit_survival_coupon
20064,KR65333ER915,missing_explicit_survival_coupon
20065,KR65333EL918,missing_explicit_survival_coupon
20069,20190117000029_20699,payment_lag_not_identifiable_from_maturity
20075,KR6663348912,unsupported_ki_window
20076,20190116000201_20694,extra_formula_or_level_PMT_1_FRML
20083,KR65333EG918,missing_explicit_survival_coupon
20088,KR65333ES913,missing_explicit_survival_coupon
20089,KR65333ET911,missing_explicit_survival_coupon
20092,KR65333EN914,extra_formula_or_level_PMT_1_FRML
20093,KR65333EM916,missing_explicit_survival_coupon
20094,KR65333EK910,missing_explicit_survival_coupon
20095,KR65333EJ912,missing_explicit_survival_coupon
20096,KR65333EH916,missing_explicit_survival_coupon
20098,KR65793BN915,missing_explicit_survival_coupon
20101,KR6523380915,missing_explicit_survival_coupon
20112,KR6513326910,unsupported_ki_window
20126,KR65333EZ918,payment_lag_not_identifiable_from_maturity
20128,KR65333F0914,payment_lag_not_identifiable_from_maturity
20131,KR6769327919,averaging_not_supported
20139,KR65333EY911,payment_lag_not_identifiable_from_maturity
20141,KR65333EX913,payment_lag_not_identifiable_from_maturity
20146,KR65733D9913,missing_explicit_survival_coupon
20156,KR65333F4916,payment_lag_not_identifiable_from_maturity
20162,KR6663344911,unsupported_ki_window
20164,KR65333F9915,payment_lag_not_identifiable_from_maturity
20165,KR65333F5913,payment_lag_not_identifiable_from_maturity
20166,KR65333F3918,payment_lag_not_identifiable_from_maturity
20169,KR6533340925,missing_explicit_survival_coupon
20170,KR6533338929,extra_formula_or_level_PMT_1_FRML
20173,KR6533312924,unsupported_PRCP_GRTE_RT
20174,KR6533309920,extra_formula_or_level_PMT_1_FRML
20175,20190124000095_20737,missing_explicit_survival_coupon
20176,20190124000095_20736,missing_explicit_survival_coupon
20177,20190124000095_20735,missing_explicit_survival_coupon
20178,KR6533310928,missing_explicit_survival_coupon
20183,KR6533313922,missing_explicit_survival_coupon
20184,KR6533307924,missing_explicit_survival_coupon
20186,KR6533306926,missing_explicit_survival_coupon
20187,KR6533308922,payment_lag_not_identifiable_from_maturity
20188,KR6533315927,missing_explicit_survival_coupon
20191,KR6533314920,missing_explicit_survival_coupon
20192,KR6533339927,payment_lag_not_identifiable_from_maturity
20194,KR6533305928,missing_explicit_survival_coupon
20213,KR6533348928,payment_lag_not_identifiable_from_maturity
20220,KR6769301922,averaging_not_supported
20223,KR6513301921,payment_lag_not_identifiable_from_maturity
20240,KR6573321926,missing_explicit_survival_coupon
20241,KR6573322924,missing_explicit_survival_coupon
20249,KR6703314924,missing_explicit_survival_coupon
20253,KR6523319921,payment_lag_not_identifiable_from_maturity
20260,KR6533375921,missing_explicit_survival_coupon
20261,KR6533378925,payment_lag_not_identifiable_from_maturity
20267,KR6533374924,missing_explicit_survival_coupon
20275,KR6533376929,payment_lag_not_identifiable_from_maturity
20278,KR6533373926,missing_explicit_survival_coupon
20279,KR6573349927,missing_explicit_survival_coupon
20285,KR6533377927,payment_lag_not_identifiable_from_maturity
20288,KR6533379923,payment_lag_not_identifiable_from_maturity
20297,KR6533336923,missing_explicit_survival_coupon
20298,KR6533335925,missing_explicit_survival_coupon
20299,KR6533334928,missing_explicit_survival_coupon
20300,KR6533332922,missing_explicit_survival_coupon
20301,20190130000097_20761,payment_lag_not_identifiable_from_maturity
20302,KR6533391928,missing_explicit_survival_coupon
20304,KR6533389922,missing_explicit_survival_coupon
20305,KR6533337921,missing_explicit_survival_coupon
20306,KR6533333920,payment_lag_not_identifiable_from_maturity
20307,KR6533329928,missing_explicit_survival_coupon
20308,KR6533331924,extra_formula_or_level_PMT_1_FRML
20309,20190130000097_20765,missing_explicit_survival_coupon
20310,KR6533330926,extra_formula_or_level_PMT_1_FRML
20311,KR6533390920,missing_explicit_survival_coupon
20312,KR6533388924,extra_formula_or_level_PMT_1_FRML
20315,KR6663302927,unsupported_ki_window
20317,KR6663301929,unsupported_ki_window
20331,KR6503375927,extra_formula_or_level_STRK_2
20334,KR6543335923,missing_explicit_survival_coupon
20336,KR6533368926,missing_explicit_survival_coupon
20340,KR6533371920,missing_explicit_survival_coupon
20351,KR6533316925,payment_lag_not_identifiable_from_maturity
20354,KR6533367928,payment_lag_not_identifiable_from_maturity
20356,KR6533317923,payment_lag_not_identifiable_from_maturity
20357,KR6533370922,missing_explicit_survival_coupon
20360,KR6533366920,missing_explicit_survival_coupon
20363,KR6573366921,missing_explicit_survival_coupon
20381,KR65733A0923,missing_explicit_survival_coupon
20383,KR6533369924,missing_explicit_survival_coupon
20385,KR6533364925,missing_explicit_survival_coupon
20389,KR6533365922,extra_formula_or_level_PMT_1_FRML
20390,KR6573365923,missing_explicit_survival_coupon
20393,KR6533372928,payment_lag_not_identifiable_from_maturity
20394,KR65333AR921,missing_explicit_survival_coupon
20402,KR6513305922,payment_lag_not_identifiable_from_maturity
20403,KR6513306920,payment_lag_not_identifiable_from_maturity
20413,KR6769309925,averaging_not_supported
20431,KR6533318921,payment_lag_not_identifiable_from_maturity
20432,KR65333B5925,payment_lag_not_identifiable_from_maturity
20435,KR6533319929,payment_lag_not_identifiable_from_maturity
20444,KR65333B6923,payment_lag_not_identifiable_from_maturity
20445,KR65333B4928,payment_lag_not_identifiable_from_maturity
20448,KR65733AW922,missing_explicit_survival_coupon
20450,KR65333BG922,extra_formula_or_level_PMT_1_FRML
20451,KR65333B2922,payment_lag_not_identifiable_from_maturity
20453,20190213000729_4223,unsupported_ki_window
20456,KR6663321927,unsupported_ki_window
20458,KR65333BH920,payment_lag_not_identifiable_from_maturity
20459,20190211000091_20795,missing_explicit_survival_coupon
20463,KR65333B1924,payment_lag_not_identifiable_from_maturity
20464,KR65333B3920,payment_lag_not_identifiable_from_maturity
20471,KR65333BJ926,missing_explicit_survival_coupon
20475,KR65333AC923,extra_formula_or_level_PMT_1_FRML
20476,KR65333AH922,missing_explicit_survival_coupon
20477,KR65333AB925,missing_explicit_survival_coupon
20484,KR65333AJ928,missing_explicit_survival_coupon
20485,KR65333AD921,extra_formula_or_level_PMT_1_FRML
20486,KR65333AF926,payment_lag_not_identifiable_from_maturity
20487,KR65333AE929,missing_explicit_survival_coupon
20488,KR65333AG924,missing_explicit_survival_coupon
20489,KR65333AK926,missing_explicit_survival_coupon
20490,KR6659321923,averaging_not_supported
20491,KR65233AE921,missing_explicit_survival_coupon
20494,KR65733BH921,missing_explicit_survival_coupon
20495,KR65733BG923,missing_explicit_survival_coupon
20509,KR6663345926,unsupported_ki_window
20512,KR6663347922,unsupported_ki_window
20514,KR6663346924,unsupported_ki_window
20519,KR65333C1923,payment_lag_not_identifiable_from_maturity
20520,KR65333BZ922,missing_explicit_survival_coupon
20521,KR65333C0925,missing_explicit_survival_coupon
20534,KR6733314928,payment_lag_not_identifiable_from_maturity
20544,KR6769317928,averaging_not_supported
20547,KR6513325920,payment_lag_not_identifiable_from_maturity
20560,KR65333CA923,payment_lag_not_identifiable_from_maturity
20561,KR65333CB921,payment_lag_not_identifiable_from_maturity
20563,KR6513324923,payment_lag_not_identifiable_from_maturity
20564,20190218000694_4228,unsupported_ki_window
20582,20190220000662_4230,unsupported_ki_window
20590,KR65733CV920,missing_explicit_survival_coupon
20598,KR65333CG920,payment_lag_not_identifiable_from_maturity
20614,KR6533311934,missing_explicit_survival_coupon
20615,KR6533309938,missing_explicit_survival_coupon
20620,KR6513342925,unsupported_ki_window
20622,KR6533352938,missing_explicit_survival_coupon
20623,KR6533351930,missing_explicit_survival_coupon
20626,KR6533393924,payment_lag_not_identifiable_from_maturity
20627,20190219000041_20836,missing_explicit_survival_coupon
20630,KR65533CQ924,missing_explicit_survival_coupon
20636,KR6513344921,unsupported_ki_window
20637,KR6533308930,missing_explicit_survival_coupon
20638,KR6533350932,missing_explicit_survival_coupon
20641,KR6533319937,missing_explicit_survival_coupon
20643,KR6533349934,payment_lag_not_identifiable_from_maturity
20648,KR6533314938,missing_explicit_survival_coupon
20649,KR6533310936,missing_explicit_survival_coupon
20650,KR6533316933,payment_lag_not_identifiable_from_maturity
20651,KR6533312932,missing_explicit_survival_coupon
20659,KR6533348936,extra_formula_or_level_PMT_1_FRML
20660,KR6659331922,averaging_not_supported
20662,KR65333D0924,payment_lag_not_identifiable_from_maturity
20663,KR6513341927,unsupported_ki_window
20664,KR6533315935,extra_formula_or_level_PMT_1_FRML
20666,KR6769301930,averaging_not_supported
20683,KR6533375939,payment_lag_not_identifiable_from_maturity
20685,KR6533373934,payment_lag_not_identifiable_from_maturity
20686,KR6533372936,payment_lag_not_identifiable_from_maturity
20692,KR6523301937,missing_explicit_survival_coupon
20708,KR6573321934,missing_explicit_survival_coupon
20714,KR6533374932,payment_lag_not_identifiable_from_maturity
20715,KR6533371938,missing_explicit_survival_coupon
20721,KR6533303931,payment_lag_not_identifiable_from_maturity
20722,KR6533302933,payment_lag_not_identifiable_from_maturity
20725,KR6659301933,averaging_not_supported
20733,KR65333A0935,payment_lag_not_identifiable_from_maturity
20743,KR6533337939,missing_explicit_survival_coupon
20745,KR6573342930,missing_explicit_survival_coupon
20747,KR6533333938,missing_explicit_survival_coupon
20748,KR6533331932,extra_formula_or_level_PMT_1_FRML
20749,KR6533323939,payment_lag_not_identifiable_from_maturity
20750,KR6533322931,payment_lag_not_identifiable_from_maturity
20753,KR6533330934,missing_explicit_survival_coupon
20754,KR6533332930,extra_formula_or_level_PMT_1_FRML
20756,KR6533335933,missing_explicit_survival_coupon
20758,KR6533338937,missing_explicit_survival_coupon
20761,KR6533334936,missing_explicit_survival_coupon
20771,KR6533321933,payment_lag_not_identifiable_from_maturity
20777,KR6659303939,averaging_not_supported
20778,KR65333B0934,payment_lag_not_identifiable_from_maturity
20783,KR65333B4936,missing_explicit_survival_coupon
20784,KR65333B3938,missing_explicit_survival_coupon
20787,KR6523344937,missing_explicit_survival_coupon
20788,KR65333B6931,missing_explicit_survival_coupon
20790,KR65333AZ932,extra_formula_or_level_PMT_1_FRML
20795,KR65333AX937,missing_explicit_survival_coupon
20797,KR65333B2930,missing_explicit_survival_coupon
20799,KR65333AY935,missing_explicit_survival_coupon
20805,KR65333B5933,missing_explicit_survival_coupon
20812,KR6523332932,missing_explicit_survival_coupon
20816,KR65333BN936,payment_lag_not_identifiable_from_maturity
20817,KR65333BM938,payment_lag_not_identifiable_from_maturity
20837,KR65333BH938,missing_explicit_survival_coupon
20838,KR65333BJ934,payment_lag_not_identifiable_from_maturity
20841,20190227003325_1734,payment_lag_not_identifiable_from_maturity
20843,KR6663304931,unsupported_ki_window
20847,KR65333BK932,payment_lag_not_identifiable_from_maturity
20848,KR65333BE935,missing_explicit_survival_coupon
20849,KR65333BG930,missing_explicit_survival_coupon
20852,KR65333BF932,missing_explicit_survival_coupon
20853,KR6513302937,payment_lag_not_identifiable_from_maturity
20855,KR65333BL930,payment_lag_not_identifiable_from_maturity
20859,KR65333B9935,payment_lag_not_identifiable_from_maturity
20860,KR6769308935,averaging_not_supported
20861,KR6523331934,missing_explicit_survival_coupon
20871,KR6533327930,payment_lag_not_identifiable_from_maturity
20872,KR6533326932,payment_lag_not_identifiable_from_maturity
20877,KR65333BZ930,payment_lag_not_identifiable_from_maturity
20878,KR6573399930,missing_explicit_survival_coupon
20879,KR65333CG938,payment_lag_not_identifiable_from_maturity
20888,KR65333BY933,payment_lag_not_identifiable_from_maturity
20900,KR6663313932,unsupported_ki_window
20908,KR6503398937,extra_formula_or_level_STRK_2
20909,KR6533394930,missing_explicit_survival_coupon
20910,KR65333CW935,missing_explicit_survival_coupon
20911,KR6503397939,extra_formula_or_level_STRK_2
20913,KR6533399939,missing_explicit_survival_coupon
20917,KR6533392934,payment_lag_not_identifiable_from_maturity
20918,KR6533355931,payment_lag_not_identifiable_from_maturity
20920,KR65333CH936,payment_lag_not_identifiable_from_maturity
20923,KR6533395937,missing_explicit_survival_coupon
20924,KR6533353936,payment_lag_not_identifiable_from_maturity
20925,KR6533389930,extra_formula_or_level_PMT_1_FRML
20926,KR6533388932,extra_formula_or_level_PMT_1_FRML
20928,KR6553380934,missing_schedule_values
20931,KR6533390938,missing_explicit_survival_coupon
20932,KR65333CV937,payment_lag_not_identifiable_from_maturity
20933,KR6533357937,payment_lag_not_identifiable_from_maturity
20935,KR6533393932,missing_explicit_survival_coupon
20936,KR6533391936,missing_explicit_survival_coupon
20942,KR6533354934,payment_lag_not_identifiable_from_maturity
20943,KR6533356939,payment_lag_not_identifiable_from_maturity
20944,KR65333D6939,payment_lag_not_identifiable_from_maturity
20946,KR65333D9933,missing_explicit_survival_coupon
20947,KR65333D7937,missing_explicit_survival_coupon
20948,KR65333D8935,missing_explicit_survival_coupon
20950,KR65333D5931,extra_formula_or_level_PMT_1_FRML
20952,KR65333DB937,payment_lag_not_identifiable_from_maturity
20955,KR65333DA939,missing_explicit_survival_coupon
20958,KR6659314936,averaging_not_supported
20960,KR6553379936,missing_schedule_values
20972,KR65333D3936,extra_formula_or_level_PMT_1_FRML
20979,KR65333A1933,payment_lag_not_identifiable_from_maturity
20983,KR65333DJ930,missing_explicit_survival_coupon
20984,KR65333DM934,payment_lag_not_identifiable_from_maturity
20987,KR65333DK938,missing_explicit_survival_coupon
20988,KR65333DR933,payment_lag_not_identifiable_from_maturity
20989,KR65333DN932,payment_lag_not_identifiable_from_maturity
20991,KR65333DL936,missing_explicit_survival_coupon
20992,KR65333DP937,payment_lag_not_identifiable_from_maturity
20993,KR65333DQ935,payment_lag_not_identifiable_from_maturity
20997,KR6523356931,missing_explicit_survival_coupon
21004,KR65333D4934,payment_lag_not_identifiable_from_maturity
21006,KR65733AE938,missing_explicit_survival_coupon
21015,KR6513320939,payment_lag_not_identifiable_from_maturity
21017,KR6513319931,payment_lag_not_identifiable_from_maturity
21020,KR6513318933,payment_lag_not_identifiable_from_maturity
21022,KR6703373938,missing_explicit_survival_coupon
21027,KR6769313935,averaging_not_supported
21031,KR65333AJ936,payment_lag_not_identifiable_from_maturity
21039,KR65233CJ934,missing_explicit_survival_coupon
21042,KR65333EB935,payment_lag_not_identifiable_from_maturity
21044,KR65733CH937,missing_explicit_survival_coupon
21052,KR65333F3934,missing_explicit_survival_coupon
21054,KR65333F2936,missing_explicit_survival_coupon
21059,KR65833BY932,invalid_evaluation_dates
21061,20190313000843_4248,unsupported_ki_window
21066,KR65333C5932,missing_explicit_survival_coupon
21068,KR65333AK934,payment_lag_not_identifiable_from_maturity
21075,KR65333F1938,missing_explicit_survival_coupon
21076,KR65333F0930,payment_lag_not_identifiable_from_maturity
21077,KR65333E3935,payment_lag_not_identifiable_from_maturity
21078,KR65333EY937,payment_lag_not_identifiable_from_maturity
21079,KR65333EZ934,extra_formula_or_level_PMT_1_FRML
21080,KR65333EX939,payment_lag_not_identifiable_from_maturity
21081,KR65333E4933,payment_lag_not_identifiable_from_maturity
21082,KR65333E5930,payment_lag_not_identifiable_from_maturity
21083,KR65333E2937,payment_lag_not_identifiable_from_maturity
21084,KR65333AM930,payment_lag_not_identifiable_from_maturity
21085,KR65333AP933,payment_lag_not_identifiable_from_maturity
21087,KR65333AN938,payment_lag_not_identifiable_from_maturity
21092,KR65333CD935,payment_lag_not_identifiable_from_maturity
21093,KR65333CE933,missing_explicit_survival_coupon
21094,KR65333CC937,payment_lag_not_identifiable_from_maturity
21095,KR65333CF930,missing_explicit_survival_coupon
21097,KR65733CW936,missing_explicit_survival_coupon
21098,KR65333C9934,extra_formula_or_level_PMT_1_FRML
21101,KR65333FN937,missing_explicit_survival_coupon
21103,KR65333FL931,missing_explicit_survival_coupon
21104,KR65333FD938,missing_explicit_survival_coupon
21105,KR65333FM939,missing_explicit_survival_coupon
21106,KR65333FP932,missing_explicit_survival_coupon
21107,KR65333FQ930,payment_lag_not_identifiable_from_maturity
21108,KR65333FH939,missing_explicit_survival_coupon
21109,KR65333FG931,payment_lag_not_identifiable_from_maturity
21110,KR65333FF933,missing_explicit_survival_coupon
21111,KR65333FJ935,missing_explicit_survival_coupon
21112,KR65333FK933,missing_explicit_survival_coupon
21114,KR65333CA931,missing_explicit_survival_coupon
21115,KR65333CB939,missing_explicit_survival_coupon
21117,KR65333A8938,payment_lag_not_identifiable_from_maturity
21121,KR65333A7930,payment_lag_not_identifiable_from_maturity
21127,KR65333AQ931,payment_lag_not_identifiable_from_maturity
21130,KR65333AS937,payment_lag_not_identifiable_from_maturity
21131,KR65333FE936,missing_explicit_survival_coupon
21132,20190315000503_1738,payment_lag_not_identifiable_from_maturity
21137,KR65333C8936,missing_explicit_survival_coupon
21139,KR6659330932,averaging_not_supported
21141,KR65333G0939,missing_explicit_survival_coupon
21142,KR65333FY934,missing_explicit_survival_coupon
21144,KR65333FW938,missing_explicit_survival_coupon
21146,KR65333FV930,missing_explicit_survival_coupon
21148,20190314000181_21063,missing_explicit_survival_coupon
21155,20190318000399_7810,missing_explicit_survival_coupon
21156,20190314000181_21056,payment_lag_not_identifiable_from_maturity
21168,KR65333FT934,extra_formula_or_level_PMT_1_FRML
21171,KR65733D5937,missing_explicit_survival_coupon
21179,KR65333FX936,missing_explicit_survival_coupon
21181,KR6663346932,unsupported_ki_window
21206,KR6769321938,averaging_not_supported
21215,KR65233CN936,missing_explicit_survival_coupon
21234,KR65233AK936,missing_explicit_survival_coupon
21242,KR65333GR936,missing_explicit_survival_coupon
21251,KR65333H9939,payment_lag_not_identifiable_from_maturity
21252,KR65333HB938,payment_lag_not_identifiable_from_maturity
21253,KR65333HD934,payment_lag_not_identifiable_from_maturity
21254,KR65333HC936,missing_explicit_survival_coupon
21255,KR65333HL937,payment_lag_not_identifiable_from_maturity
21256,KR65333HF939,missing_explicit_survival_coupon
21258,KR65333H4930,missing_explicit_survival_coupon
21259,KR65333HG937,missing_explicit_survival_coupon
21260,KR65333HH935,payment_lag_not_identifiable_from_maturity
21261,KR65333HA930,missing_explicit_survival_coupon
21262,KR65333H6935,missing_explicit_survival_coupon
21263,KR65333H8931,extra_formula_or_level_PMT_1_FRML
21265,KR65333H1936,payment_lag_not_identifiable_from_maturity
21267,KR65333H0938,payment_lag_not_identifiable_from_maturity
21268,KR65333H3932,payment_lag_not_identifiable_from_maturity
21269,KR65333H7933,payment_lag_not_identifiable_from_maturity
21270,KR65333H2934,payment_lag_not_identifiable_from_maturity
21271,KR65333HE932,missing_explicit_survival_coupon
21272,KR65333H5937,missing_explicit_survival_coupon
21274,KR65333EK936,missing_explicit_survival_coupon
21275,KR65333DT939,payment_lag_not_identifiable_from_maturity
21276,KR65333HM935,payment_lag_not_identifiable_from_maturity
21278,KR65333DW933,payment_lag_not_identifiable_from_maturity
21281,KR65333DS931,payment_lag_not_identifiable_from_maturity
21282,KR65333EM932,missing_explicit_survival_coupon
21283,KR65333EN930,missing_explicit_survival_coupon
21284,KR65333EQ933,payment_lag_not_identifiable_from_maturity
21285,KR65333EL934,missing_explicit_survival_coupon
21286,KR65333ES939,missing_explicit_survival_coupon
21287,KR65333DX931,payment_lag_not_identifiable_from_maturity
21288,KR65333ET937,unsupported_PRCP_GRTE_RT
21289,KR65333DV935,payment_lag_not_identifiable_from_maturity
21290,KR65333ER931,missing_explicit_survival_coupon
21291,KR65333EA937,extra_formula_or_level_PMT_1_FRML
21292,KR65333EP935,payment_lag_not_identifiable_from_maturity
21327,KR6613349945,missing_explicit_survival_coupon
21349,KR6613341942,missing_explicit_survival_coupon
21376,KR6573311943,missing_explicit_survival_coupon
21396,KR6653304941,averaging_not_supported
21402,KR6513302945,unsupported_ki_window
21408,KR6573326941,missing_explicit_survival_coupon
21425,KR6769312945,averaging_not_supported
21431,KR6573352947,missing_explicit_survival_coupon
21435,KR6703333940,missing_explicit_survival_coupon
21437,KR6573327949,missing_explicit_survival_coupon
21443,KR6513301947,unsupported_ki_window
21478,KR6573355940,missing_explicit_survival_coupon
21493,KR6533343945,missing_explicit_survival_coupon
21494,KR6533345940,payment_lag_not_identifiable_from_maturity
21495,KR6533346948,payment_lag_not_identifiable_from_maturity
21501,KR6533342947,missing_explicit_survival_coupon
21506,KR6533340941,missing_explicit_survival_coupon
21513,KR6533347946,missing_explicit_survival_coupon
21514,KR6533344943,missing_explicit_survival_coupon
21516,KR6533341949,extra_formula_or_level_PMT_1_FRML
21519,KR6533348944,missing_explicit_survival_coupon
21525,KR65333AP941,extra_formula_or_level_PMT_1_FRML
21526,KR65233B3947,missing_explicit_survival_coupon
21531,KR65733AD948,missing_explicit_survival_coupon
21533,KR6733307948,payment_lag_not_identifiable_from_maturity
21538,KR6533353944,payment_lag_not_identifiable_from_maturity
21539,KR65333AZ940,missing_explicit_survival_coupon
21540,KR65333B4944,missing_explicit_survival_coupon
21543,KR65333B0942,payment_lag_not_identifiable_from_maturity
21544,KR65333B1940,missing_explicit_survival_coupon
21548,KR6533354942,payment_lag_not_identifiable_from_maturity
21550,KR6659325940,averaging_not_supported
21552,KR65333AY943,missing_explicit_survival_coupon
21553,KR65333AV949,extra_formula_or_level_PMT_1_FRML
21555,KR6533350940,payment_lag_not_identifiable_from_maturity
21558,KR6533352946,payment_lag_not_identifiable_from_maturity
21560,KR6533349942,payment_lag_not_identifiable_from_maturity
21561,KR65333B2948,payment_lag_not_identifiable_from_maturity
21569,KR65333AX945,missing_explicit_survival_coupon
21570,KR65333AW947,payment_lag_not_identifiable_from_maturity
21571,KR6533351948,payment_lag_not_identifiable_from_maturity
21584,KR65333C1949,payment_lag_not_identifiable_from_maturity
21600,KR65333B5941,payment_lag_not_identifiable_from_maturity
21601,KR65333BZ948,payment_lag_not_identifiable_from_maturity
21602,KR65333C7946,missing_explicit_survival_coupon
21604,KR65333C8944,missing_explicit_survival_coupon
21606,KR65333C6948,missing_explicit_survival_coupon
21607,KR65333C4943,payment_lag_not_identifiable_from_maturity
21609,KR6769319940,averaging_not_supported
21610,KR65333C0941,payment_lag_not_identifiable_from_maturity
21612,KR65233B6940,missing_explicit_survival_coupon
21614,KR65333C3945,payment_lag_not_identifiable_from_maturity
21616,KR65233B5942,missing_explicit_survival_coupon
21619,KR65333BY941,payment_lag_not_identifiable_from_maturity
21624,KR65333C2947,payment_lag_not_identifiable_from_maturity
21625,KR65333C5940,missing_explicit_survival_coupon
21629,KR6513315947,unsupported_ki_window
21631,KR6663313940,unsupported_ki_window
21632,KR6513314940,unsupported_ki_window
21645,KR6533391944,missing_explicit_survival_coupon
21647,KR6533397941,payment_lag_not_identifiable_from_maturity
21650,KR65733BB940,missing_explicit_survival_coupon
21651,KR65333CH944,payment_lag_not_identifiable_from_maturity
21652,KR6533394948,missing_explicit_survival_coupon
21655,KR6533399947,missing_explicit_survival_coupon
21656,KR65333CJ940,payment_lag_not_identifiable_from_maturity
21659,KR6533395945,missing_explicit_survival_coupon
21661,KR6533398949,missing_explicit_survival_coupon
21663,KR6533393940,missing_explicit_survival_coupon
21664,KR6533392942,extra_formula_or_level_PMT_1_FRML
21666,KR65333CK948,payment_lag_not_identifiable_from_maturity
21669,KR6533396943,payment_lag_not_identifiable_from_maturity
21673,KR6663324947,unsupported_ki_window
21681,KR6659339941,averaging_not_supported
21683,KR6659338943,missing_explicit_survival_coupon
21686,KR65333D9941,missing_explicit_survival_coupon
21687,KR6533356947,payment_lag_not_identifiable_from_maturity
21690,KR65333D7945,missing_explicit_survival_coupon
21691,KR65333D2946,missing_explicit_survival_coupon
21694,KR65333D3944,missing_explicit_survival_coupon
21695,KR6533357945,payment_lag_not_identifiable_from_maturity
21696,KR6533358943,payment_lag_not_identifiable_from_maturity
21697,KR65333D6947,missing_explicit_survival_coupon
21698,KR6533360949,payment_lag_not_identifiable_from_maturity
21699,KR6533359941,payment_lag_not_identifiable_from_maturity
21701,KR6533361947,payment_lag_not_identifiable_from_maturity
21703,KR65333DA947,missing_explicit_survival_coupon
21704,KR6523395947,missing_explicit_survival_coupon
21710,KR6523396945,missing_explicit_survival_coupon
21713,KR6769329949,averaging_not_supported
21731,KR65333D4942,payment_lag_not_identifiable_from_maturity
21736,KR65333D5949,payment_lag_not_identifiable_from_maturity
21743,KR67033AG944,missing_explicit_survival_coupon
21756,KR6513334948,unsupported_ki_window
21760,KR65333E6946,missing_explicit_survival_coupon
21762,KR65333DW941,missing_explicit_survival_coupon
21766,KR65333BX943,missing_explicit_survival_coupon
21767,KR65333DV943,missing_explicit_survival_coupon
21768,KR6533363943,payment_lag_not_identifiable_from_maturity
21770,KR65333DT947,missing_explicit_survival_coupon
21771,KR65333DX949,payment_lag_not_identifiable_from_maturity
21774,KR65333E7944,payment_lag_not_identifiable_from_maturity
21775,KR65333BT941,payment_lag_not_identifiable_from_maturity
21776,KR65333BR945,missing_explicit_survival_coupon
21777,KR65333BV947,payment_lag_not_identifiable_from_maturity
21779,KR65333BN944,missing_explicit_survival_coupon
21781,KR65333E3943,missing_explicit_survival_coupon
21788,KR65333BS943,missing_explicit_survival_coupon
21791,KR65333BQ947,missing_explicit_survival_coupon
21792,KR65333BP949,extra_formula_or_level_PMT_1_FRML
21795,KR65333DS949,payment_lag_not_identifiable_from_maturity
21796,KR65333DR941,extra_formula_or_level_PMT_1_FRML
21799,KR6533364941,payment_lag_not_identifiable_from_maturity
21802,KR65333EC941,payment_lag_not_identifiable_from_maturity
21804,KR65333EA945,payment_lag_not_identifiable_from_maturity
21805,KR65333BW945,missing_explicit_survival_coupon
21806,KR65333E9940,payment_lag_not_identifiable_from_maturity
21807,KR65333ED949,payment_lag_not_identifiable_from_maturity
21808,KR65333EF944,payment_lag_not_identifiable_from_maturity
21811,KR65333EB943,payment_lag_not_identifiable_from_maturity
21812,KR65333E4941,missing_explicit_survival_coupon
21813,KR65333E8942,payment_lag_not_identifiable_from_maturity
21816,KR65733CQ946,missing_explicit_survival_coupon
21821,KR65333EW949,payment_lag_not_identifiable_from_maturity
21823,KR65333ER949,payment_lag_not_identifiable_from_maturity
21824,KR65333ES947,extra_formula_or_level_PMT_1_FRML
21826,KR65333EQ941,payment_lag_not_identifiable_from_maturity
21832,KR65333DZ944,payment_lag_not_identifiable_from_maturity
21837,KR65333DY947,payment_lag_not_identifiable_from_maturity
21844,KR65233D9942,missing_explicit_survival_coupon
21845,KR65233BL940,missing_explicit_survival_coupon
21847,KR65333E1947,extra_formula_or_level_PMT_1_FRML
21848,KR65333E0949,payment_lag_not_identifiable_from_maturity
21851,KR65333E2945,payment_lag_not_identifiable_from_maturity
21855,KR65333EG942,payment_lag_not_identifiable_from_maturity
21856,KR65333EE947,payment_lag_not_identifiable_from_maturity
21858,KR65333EH940,extra_formula_or_level_PMT_1_FRML
21861,KR65333AG940,payment_lag_not_identifiable_from_maturity
21867,KR65333EV941,payment_lag_not_identifiable_from_maturity
21869,KR65233D8944,missing_explicit_survival_coupon
21877,KR65333AK942,payment_lag_not_identifiable_from_maturity
21879,KR65333AE945,extra_formula_or_level_PMT_1_FRML
21880,KR65333ET945,payment_lag_not_identifiable_from_maturity
21882,KR65333AF942,payment_lag_not_identifiable_from_maturity
21883,KR65333AH948,payment_lag_not_identifiable_from_maturity
21895,KR65333FP940,missing_explicit_survival_coupon
21897,KR6733312948,payment_lag_not_identifiable_from_maturity
21899,KR65333FJ943,missing_explicit_survival_coupon
21901,KR6663367946,unsupported_ki_window
21902,KR65333FA942,payment_lag_not_identifiable_from_maturity
21909,KR65333FK941,missing_explicit_survival_coupon
21910,KR65833DK945,extra_formula_or_level_PMT_EXTRA
21917,KR65333FG949,payment_lag_not_identifiable_from_maturity
21920,KR65333FL949,missing_explicit_survival_coupon
21921,KR65333FF941,payment_lag_not_identifiable_from_maturity
21922,KR65333FM947,missing_explicit_survival_coupon
21929,KR65733DQ944,missing_explicit_survival_coupon
21940,KR65333FN945,payment_lag_not_identifiable_from_maturity
21943,KR65333FH947,payment_lag_not_identifiable_from_maturity
21948,KR6659354940,averaging_not_supported
21949,KR65333F8941,missing_explicit_survival_coupon
21951,KR65333F9949,missing_explicit_survival_coupon
21956,KR65333FQ948,missing_explicit_survival_coupon
21972,KR6513355943,payment_lag_not_identifiable_from_maturity
21973,KR6513354946,payment_lag_not_identifiable_from_maturity
21988,KR65333FB940,payment_lag_not_identifiable_from_maturity
21989,KR6513353948,payment_lag_not_identifiable_from_maturity
21990,KR65333FD946,payment_lag_not_identifiable_from_maturity
21991,KR65333FE944,payment_lag_not_identifiable_from_maturity
22001,KR65333G3941,payment_lag_not_identifiable_from_maturity
22002,KR65333G4949,missing_explicit_survival_coupon
22003,KR6769349947,averaging_not_supported
22006,KR6533347953,missing_explicit_survival_coupon
22008,KR6533324952,extra_formula_or_level_PMT_1_FRML
22009,KR6533345957,payment_lag_not_identifiable_from_maturity
22010,KR6533315950,missing_explicit_survival_coupon
22012,KR6533349959,missing_explicit_survival_coupon
22013,KR6533348951,missing_explicit_survival_coupon
22014,KR6533344950,extra_formula_or_level_PMT_1_FRML
22019,KR6533318954,payment_lag_not_identifiable_from_maturity
22020,KR6533319952,payment_lag_not_identifiable_from_maturity
22021,KR6533320950,missing_explicit_survival_coupon
22022,KR6539322950,missing_explicit_survival_coupon
22025,KR6659368940,averaging_not_supported
22030,KR6533346955,missing_explicit_survival_coupon
22032,KR6533316958,missing_explicit_survival_coupon
22033,KR6533317956,missing_explicit_survival_coupon
22036,KR6533323954,missing_explicit_survival_coupon
22037,KR6533321958,missing_explicit_survival_coupon
22045,20190418000025_21336,payment_lag_not_identifiable_from_maturity
22046,KR6533361954,missing_explicit_survival_coupon
22048,KR6533360956,missing_explicit_survival_coupon
22051,KR6523305953,missing_explicit_survival_coupon
22065,KR6583326956,extra_formula_or_level_PMT_EXTRA
22066,KR6533308955,payment_lag_not_identifiable_from_maturity
22072,KR6659303954,averaging_not_supported
22074,KR6769302953,averaging_not_supported
22076,KR6533307957,payment_lag_not_identifiable_from_maturity
22077,KR6533306959,payment_lag_not_identifiable_from_maturity
22091,KR6533303956,payment_lag_not_identifiable_from_maturity
22093,KR6533305951,payment_lag_not_identifiable_from_maturity
22094,KR6533304954,payment_lag_not_identifiable_from_maturity
22095,KR6533302958,payment_lag_not_identifiable_from_maturity
22096,KR6533371953,missing_explicit_survival_coupon
22100,KR6533372951,payment_lag_not_identifiable_from_maturity
22101,KR65333AC956,payment_lag_not_identifiable_from_maturity
22102,KR65333A8953,payment_lag_not_identifiable_from_maturity
22103,KR65333AB958,payment_lag_not_identifiable_from_maturity
22104,KR65333AE952,payment_lag_not_identifiable_from_maturity
22123,KR6583352952,extra_formula_or_level_PMT_EXTRA
22126,KR6573347954,missing_explicit_survival_coupon
22148,KR65333AA950,payment_lag_not_identifiable_from_maturity
22149,KR65333A9951,payment_lag_not_identifiable_from_maturity
22154,KR6533335958,missing_explicit_survival_coupon
22156,KR6533336956,missing_explicit_survival_coupon
22158,KR6533342954,missing_explicit_survival_coupon
22159,KR65333AW954,missing_explicit_survival_coupon
22160,KR65333B0959,payment_lag_not_identifiable_from_maturity
22161,20190429000266_21465,missing_explicit_survival_coupon
22163,KR6533334951,extra_formula_or_level_PMT_1_FRML
22164,KR65333B1957,payment_lag_not_identifiable_from_maturity
22166,KR6533333953,missing_explicit_survival_coupon
22168,KR65393AQ950,extra_formula_or_level_PMT_1_FRML
22170,KR65333AP958,extra_formula_or_level_PMT_1_FRML
22171,KR65333AR954,payment_lag_not_identifiable_from_maturity
22172,KR6539341950,missing_explicit_survival_coupon
22173,KR6539340952,missing_explicit_survival_coupon
22174,KR6733304952,payment_lag_not_identifiable_from_maturity
22178,KR6533343952,missing_explicit_survival_coupon
22181,KR65333AV956,missing_explicit_survival_coupon
22186,KR65333AT950,missing_explicit_survival_coupon
22187,KR65333AD954,payment_lag_not_identifiable_from_maturity
22189,KR65393AY954,payment_lag_not_identifiable_from_maturity
22191,KR65393AX956,missing_explicit_survival_coupon
22194,KR65333AS952,payment_lag_not_identifiable_from_maturity
22195,KR6533339950,payment_lag_not_identifiable_from_maturity
22196,KR6533337954,missing_explicit_survival_coupon
22198,KR6533338952,missing_explicit_survival_coupon
22207,KR6523335950,missing_explicit_survival_coupon
22209,KR65333B6956,payment_lag_not_identifiable_from_maturity
22216,KR65333AN953,payment_lag_not_identifiable_from_maturity
22224,KR6523309955,missing_explicit_survival_coupon
22226,20190425000118_21404,extra_formula_or_level_PMT_1_FRML
22228,KR65333AZ957,payment_lag_not_identifiable_from_maturity
22236,KR65333BM953,missing_explicit_survival_coupon
22240,KR65333BK957,missing_explicit_survival_coupon
22247,KR65333BD952,payment_lag_not_identifiable_from_maturity
22249,KR65333BL955,missing_explicit_survival_coupon
22266,KR6523336958,missing_explicit_survival_coupon
22268,KR6543322954,missing_explicit_survival_coupon
22270,KR6659313953,averaging_not_supported
22275,KR65333B9950,payment_lag_not_identifiable_from_maturity
22279,KR65333BA958,payment_lag_not_identifiable_from_maturity
22280,KR65333B8952,payment_lag_not_identifiable_from_maturity
22282,KR65333BC954,payment_lag_not_identifiable_from_maturity
22283,KR65333BB956,payment_lag_not_identifiable_from_maturity
22290,KR65333BN951,missing_explicit_survival_coupon
22301,KR6513303950,payment_lag_not_identifiable_from_maturity
22307,KR65333BP956,payment_lag_not_identifiable_from_maturity
22309,KR6523385955,missing_explicit_survival_coupon
22311,KR6769317951,averaging_not_supported
22315,KR6573382951,missing_explicit_survival_coupon
22318,KR6513302952,payment_lag_not_identifiable_from_maturity
22323,KR6533378958,payment_lag_not_identifiable_from_maturity
22324,KR65393A5956,missing_explicit_survival_coupon
22328,KR65333CZ953,extra_formula_or_level_PMT_1_FRML
22330,KR65333CY956,payment_lag_not_identifiable_from_maturity
22331,KR6533379956,payment_lag_not_identifiable_from_maturity
22334,KR65393CR954,payment_lag_not_identifiable_from_maturity
22336,KR65333C5957,missing_explicit_survival_coupon
22339,KR65333C1956,payment_lag_not_identifiable_from_maturity
22343,20190507000236_21535,payment_lag_not_identifiable_from_maturity
22344,20190510000394_4294,unsupported_ki_window
22345,KR65333C4950,missing_explicit_survival_coupon
22346,KR65333C2954,payment_lag_not_identifiable_from_maturity
22347,KR65333C3952,missing_explicit_survival_coupon
22348,KR65333C0958,missing_explicit_survival_coupon
22349,KR65333C7953,missing_explicit_survival_coupon
22350,KR65333C6955,missing_explicit_survival_coupon
22351,KR65333A3954,payment_lag_not_identifiable_from_maturity
22357,KR6533376952,payment_lag_not_identifiable_from_maturity
22358,KR6533377950,payment_lag_not_identifiable_from_maturity
22361,KR6663330951,unsupported_ki_window
22362,KR65333A1958,missing_explicit_survival_coupon
22363,KR6533398956,extra_formula_or_level_PMT_1_FRML
22365,KR65333CA956,missing_explicit_survival_coupon
22366,KR6533399954,missing_explicit_survival_coupon
22367,KR6533374957,payment_lag_not_identifiable_from_maturity
22369,KR65333C9959,missing_explicit_survival_coupon
22370,KR65333CB954,missing_explicit_survival_coupon
22371,KR65333C8951,missing_explicit_survival_coupon
22372,KR65333CE958,payment_lag_not_identifiable_from_maturity
22373,KR65333CF955,extra_formula_or_level_PMT_1_FRML
22374,KR65333CC952,missing_explicit_survival_coupon
22375,KR65333CD950,missing_explicit_survival_coupon
22376,KR65333CV952,missing_explicit_survival_coupon
22377,KR65333CW950,missing_explicit_survival_coupon
22379,KR65333CX958,payment_lag_not_identifiable_from_maturity
22383,KR65333A0950,missing_explicit_survival_coupon
22384,KR65333CQ952,missing_explicit_survival_coupon
22385,KR65333CT956,missing_explicit_survival_coupon
22386,KR65333CS958,missing_explicit_survival_coupon
22390,KR65333A7955,missing_explicit_survival_coupon
22393,KR6533373959,payment_lag_not_identifiable_from_maturity
22397,KR65333A6957,missing_explicit_survival_coupon
22402,KR65333CJ957,payment_lag_not_identifiable_from_maturity
22404,KR6663329953,unsupported_ki_window
22406,KR6663328955,unsupported_ki_window
22408,KR6533375954,payment_lag_not_identifiable_from_maturity
22409,KR6533397958,missing_explicit_survival_coupon
22416,KR65333CG953,payment_lag_not_identifiable_from_maturity
22418,KR65333CH951,payment_lag_not_identifiable_from_maturity
22419,KR65393A4959,missing_explicit_survival_coupon
22420,KR65333CM951,payment_lag_not_identifiable_from_maturity
22421,KR65333CN959,payment_lag_not_identifiable_from_maturity
22422,KR65333CK955,payment_lag_not_identifiable_from_maturity
22425,KR65333CP954,missing_explicit_survival_coupon
22481,KR65533A0958,missing_explicit_survival_coupon
22506,KR6543388955,missing_explicit_survival_coupon
22507,KR6543389953,missing_explicit_survival_coupon
22554,KR6659338950,averaging_not_supported
22557,KR65333FR953,extra_formula_or_level_PMT_1_FRML
22559,KR65333FT959,missing_explicit_survival_coupon
22578,20190521000375_8071,missing_explicit_survival_coupon
22594,KR6513342958,unsupported_ki_window
22599,KR6769338957,averaging_not_supported
22609,KR67033B9959,missing_explicit_survival_coupon
22610,KR65733BY959,missing_explicit_survival_coupon
22614,KR6513343956,unsupported_ki_window
22626,KR65333EJ953,missing_explicit_survival_coupon
22627,KR65333EH957,missing_explicit_survival_coupon
22628,KR65333EK951,missing_explicit_survival_coupon
22630,KR65333EQ958,missing_explicit_survival_coupon
22631,KR65333EP950,missing_explicit_survival_coupon
22632,KR65333EL959,payment_lag_not_identifiable_from_maturity
22634,KR65333EF951,missing_explicit_survival_coupon
22635,KR65333EG959,extra_formula_or_level_PMT_1_FRML
22637,KR65393EN959,missing_explicit_survival_coupon
22638,KR65333G7959,payment_lag_not_identifiable_from_maturity
22642,KR65733BE951,missing_explicit_survival_coupon
22643,KR65733BF958,missing_explicit_survival_coupon
22644,KR65393EM951,missing_explicit_survival_coupon
22647,KR65333G6951,extra_formula_or_level_PMT_1_FRML
22648,KR65333GC953,payment_lag_not_identifiable_from_maturity
22661,KR6733311957,payment_lag_not_identifiable_from_maturity
22671,KR65333GN950,payment_lag_not_identifiable_from_maturity
22672,KR65333GP955,missing_explicit_survival_coupon
22682,KR6663349951,unsupported_ki_window
22686,KR65333GA957,payment_lag_not_identifiable_from_maturity
22687,KR65333GD951,payment_lag_not_identifiable_from_maturity
22688,KR65333G8957,payment_lag_not_identifiable_from_maturity
22689,KR65333GB955,extra_formula_or_level_PMT_1_FRML
22692,KR65333H0953,extra_formula_or_level_PMT_1_FRML
22698,KR65333H1951,missing_explicit_survival_coupon
22700,KR65333H2959,missing_explicit_survival_coupon
22710,KR6533307965,extra_formula_or_level_PMT_1_FRML
22711,KR6533338960,missing_explicit_survival_coupon
22712,KR6659383956,averaging_not_supported
22713,KR6533337962,missing_explicit_survival_coupon
22718,KR6533342962,payment_lag_not_identifiable_from_maturity
22719,KR6533343960,payment_lag_not_identifiable_from_maturity
22720,KR6533344968,extra_formula_or_level_PMT_1_FRML
22723,KR6533311967,payment_lag_not_identifiable_from_maturity
22725,KR65333H9954,payment_lag_not_identifiable_from_maturity
22726,KR6533310969,missing_explicit_survival_coupon
22728,KR6513359952,unsupported_ki_window
22753,KR65733CY957,missing_explicit_survival_coupon
22761,KR6533315968,missing_explicit_survival_coupon
22766,KR6533340966,missing_explicit_survival_coupon
22767,KR6659369955,averaging_not_supported
22770,KR6533308963,missing_explicit_survival_coupon
22771,KR6513360950,unsupported_ki_window
22772,KR6533341964,missing_explicit_survival_coupon
22788,KR65333H3957,payment_lag_not_identifiable_from_maturity
22790,KR6539312969,missing_explicit_survival_coupon
22791,KR6533309961,missing_explicit_survival_coupon
22792,KR6533314961,missing_explicit_survival_coupon
22793,KR6539336968,missing_explicit_survival_coupon
22794,KR6539313967,missing_explicit_survival_coupon
22802,KR6533368967,payment_lag_not_identifiable_from_maturity
22803,KR6573307966,missing_explicit_survival_coupon
22804,KR6533369965,payment_lag_not_identifiable_from_maturity
22806,KR6553301963,invalid_evaluation_dates
22807,KR6533367969,payment_lag_not_identifiable_from_maturity
22808,KR6533366961,payment_lag_not_identifiable_from_maturity
22809,KR6579323967,missing_explicit_survival_coupon
22811,KR6533360964,missing_explicit_survival_coupon
22812,KR6533359966,missing_explicit_survival_coupon
22817,KR6533364966,missing_explicit_survival_coupon
22818,KR6769306962,averaging_not_supported
22821,KR6533362960,missing_explicit_survival_coupon
22822,KR6533361962,missing_explicit_survival_coupon
22823,KR6533363968,missing_explicit_survival_coupon
22829,KR6533365963,payment_lag_not_identifiable_from_maturity
22830,KR6533334969,payment_lag_not_identifiable_from_maturity
22834,KR6533371961,payment_lag_not_identifiable_from_maturity
22836,KR6573310960,missing_explicit_survival_coupon
22837,KR6533387967,missing_explicit_survival_coupon
22838,KR6533386969,missing_explicit_survival_coupon
22840,KR6533388965,missing_explicit_survival_coupon
22841,KR6573311968,missing_explicit_survival_coupon
22842,KR6533385961,missing_explicit_survival_coupon
22847,KR6533384964,missing_explicit_survival_coupon
22850,KR6533372969,payment_lag_not_identifiable_from_maturity
22853,KR6533376960,payment_lag_not_identifiable_from_maturity
22854,KR6533377968,extra_formula_or_level_PMT_1_FRML
22856,KR6533327963,missing_explicit_survival_coupon
22857,KR6533324960,payment_lag_not_identifiable_from_maturity
22859,KR6533332963,missing_explicit_survival_coupon
22860,KR6533331965,extra_formula_or_level_PMT_1_FRML
22862,KR6533380962,payment_lag_not_identifiable_from_maturity
22863,KR6533329969,missing_explicit_survival_coupon
22864,KR6533328961,missing_explicit_survival_coupon
22868,KR6533378966,extra_formula_or_level_PMT_1_FRML
22873,KR6533373967,payment_lag_not_identifiable_from_maturity
22877,KR6533381960,payment_lag_not_identifiable_from_maturity
22878,KR6533375962,payment_lag_not_identifiable_from_maturity
22879,KR6539326969,missing_explicit_survival_coupon
22880,KR6539325961,missing_explicit_survival_coupon
22881,KR6663301960,unsupported_ki_window
22883,KR6533383966,payment_lag_not_identifiable_from_maturity
22884,KR6533379964,payment_lag_not_identifiable_from_maturity
22888,KR6533382968,payment_lag_not_identifiable_from_maturity
22889,KR6533322964,missing_explicit_survival_coupon
22894,KR65333A8961,payment_lag_not_identifiable_from_maturity
22895,KR6573352962,missing_explicit_survival_coupon
22898,KR6533323962,missing_explicit_survival_coupon
22900,KR65333A9969,payment_lag_not_identifiable_from_maturity
22903,KR65333AA968,extra_formula_or_level_PMT_1_FRML
22909,KR65333AD962,payment_lag_not_identifiable_from_maturity
22910,KR65333AC964,payment_lag_not_identifiable_from_maturity
22911,KR65333AB966,extra_formula_or_level_PMT_1_FRML
22912,KR65333AG965,payment_lag_not_identifiable_from_maturity
22913,KR65333AH963,payment_lag_not_identifiable_from_maturity
22914,KR65333AK967,payment_lag_not_identifiable_from_maturity
22915,KR65333AL965,payment_lag_not_identifiable_from_maturity
22916,KR65333AJ969,payment_lag_not_identifiable_from_maturity
22929,KR65333AF967,payment_lag_not_identifiable_from_maturity
22933,KR6659305967,averaging_not_supported
22934,KR65333AE960,payment_lag_not_identifiable_from_maturity
22939,20190530000097_21776,missing_explicit_survival_coupon
22941,KR65333BG963,extra_formula_or_level_PMT_1_FRML
22944,KR65333BN969,missing_explicit_survival_coupon
22945,KR65333BH961,payment_lag_not_identifiable_from_maturity
22947,KR65333BJ967,payment_lag_not_identifiable_from_maturity
22951,KR6573373968,missing_explicit_survival_coupon
22953,KR65333B9968,payment_lag_not_identifiable_from_maturity
22955,KR65333B3961,payment_lag_not_identifiable_from_maturity
22956,KR6769317969,averaging_not_supported
22957,KR65333BB964,missing_explicit_survival_coupon
22959,KR65333BE968,missing_explicit_survival_coupon
22960,KR65333BF965,missing_explicit_survival_coupon
22963,KR65333B8960,payment_lag_not_identifiable_from_maturity
22965,KR65393BA960,missing_explicit_survival_coupon
22969,KR65333B4969,payment_lag_not_identifiable_from_maturity
22972,KR65333BM961,missing_explicit_survival_coupon
22974,20190529000290_21738,payment_lag_not_identifiable_from_maturity
22982,KR65333BK965,payment_lag_not_identifiable_from_maturity
22984,KR65333BR960,payment_lag_not_identifiable_from_maturity
22985,KR65333BL963,payment_lag_not_identifiable_from_maturity
22988,20190531000925_1754,payment_lag_not_identifiable_from_maturity
22989,KR6513301962,payment_lag_not_identifiable_from_maturity
22991,KR65333C1964,missing_explicit_survival_coupon
22993,KR65333C2962,missing_explicit_survival_coupon
23000,KR65333BV962,payment_lag_not_identifiable_from_maturity
23006,KR65333CS966,payment_lag_not_identifiable_from_maturity
23011,KR65333BY966,payment_lag_not_identifiable_from_maturity
23013,KR65333CV960,missing_explicit_survival_coupon
23014,KR65333CR968,payment_lag_not_identifiable_from_maturity
23015,KR65333CT964,missing_explicit_survival_coupon
23021,KR65333C0966,payment_lag_not_identifiable_from_maturity
23022,KR65333BX968,payment_lag_not_identifiable_from_maturity
23023,KR65333BZ963,payment_lag_not_identifiable_from_maturity
23027,20190530000021_21733,extra_formula_or_level_PMT_1_FRML
23028,KR65333BW960,payment_lag_not_identifiable_from_maturity
23032,KR6573341965,missing_explicit_survival_coupon
23034,KR65333CP962,payment_lag_not_identifiable_from_maturity
23037,KR6573342963,missing_explicit_survival_coupon
23040,KR65333CN967,payment_lag_not_identifiable_from_maturity
23044,KR65333BT966,payment_lag_not_identifiable_from_maturity
23046,KR65333DD966,missing_explicit_survival_coupon
23047,KR65333DA962,missing_explicit_survival_coupon
23052,KR6533395960,missing_explicit_survival_coupon
23053,KR65333DB960,missing_explicit_survival_coupon
23054,KR65333DE964,missing_explicit_survival_coupon
23057,KR6533396968,payment_lag_not_identifiable_from_maturity
23058,KR6539397960,missing_explicit_survival_coupon
23059,KR65333D9966,missing_explicit_survival_coupon
23060,KR6533399962,missing_explicit_survival_coupon
23063,KR6533394963,missing_explicit_survival_coupon
23066,KR6533392967,extra_formula_or_level_PMT_1_FRML
23067,KR6533393965,missing_explicit_survival_coupon
23068,KR65333A1966,missing_explicit_survival_coupon
23070,KR65333DC968,missing_explicit_survival_coupon
23071,KR65333A0968,missing_explicit_survival_coupon
23073,KR65333D7960,payment_lag_not_identifiable_from_maturity
23078,KR65333DV968,extra_formula_or_level_PMT_1_FRML
23085,KR6659327961,averaging_not_supported
23091,KR65393DN969,payment_lag_not_identifiable_from_maturity
23094,20190607000065_21840,missing_explicit_survival_coupon
23097,KR65333D4967,payment_lag_not_identifiable_from_maturity
23099,KR65333D3969,payment_lag_not_identifiable_from_maturity
23100,KR65333D6962,payment_lag_not_identifiable_from_maturity
23102,KR65733AC965,missing_explicit_survival_coupon
23106,KR65333D5964,payment_lag_not_identifiable_from_maturity
23115,KR65333DP960,missing_explicit_survival_coupon
23116,KR65333DS964,payment_lag_not_identifiable_from_maturity
23119,KR65333DR966,missing_explicit_survival_coupon
23125,KR65333DQ968,missing_explicit_survival_coupon
23127,KR65333DT962,payment_lag_not_identifiable_from_maturity
23141,KR6769325962,averaging_not_supported
23143,KR6513317968,payment_lag_not_identifiable_from_maturity
23145,KR65333E6961,payment_lag_not_identifiable_from_maturity
23149,20190610000452_4317,unsupported_ki_window
23151,KR6663317966,unsupported_ki_window
23165,KR65333E7969,payment_lag_not_identifiable_from_maturity
23166,KR65333FC963,payment_lag_not_identifiable_from_maturity
23167,KR65333E8967,payment_lag_not_identifiable_from_maturity
23173,KR65333F1961,payment_lag_not_identifiable_from_maturity
23174,KR65333F7968,payment_lag_not_identifiable_from_maturity
23177,KR65333FL964,missing_explicit_survival_coupon
23178,KR65333CJ965,missing_explicit_survival_coupon
23179,KR65333CL961,missing_explicit_survival_coupon
23183,KR65333CH969,missing_explicit_survival_coupon
23186,20190605000012_21810,extra_formula_or_level_PMT_1_FRML
23187,KR65333FQ963,payment_lag_not_identifiable_from_maturity
23197,KR65333CK963,missing_explicit_survival_coupon
23200,KR65333CE966,missing_explicit_survival_coupon
23201,KR65333CD968,missing_explicit_survival_coupon
23203,KR65333FP965,payment_lag_not_identifiable_from_maturity
23204,KR65333CF963,missing_explicit_survival_coupon
23206,KR65333FN960,payment_lag_not_identifiable_from_maturity
23211,KR65333F9964,payment_lag_not_identifiable_from_maturity
23212,KR65333FA967,payment_lag_not_identifiable_from_maturity
23213,KR65333FB965,payment_lag_not_identifiable_from_maturity
23214,KR65333FM962,payment_lag_not_identifiable_from_maturity
23219,KR65333CC960,extra_formula_or_level_PMT_1_FRML
23220,KR65333F4965,payment_lag_not_identifiable_from_maturity
23226,KR65333F8966,extra_formula_or_level_PMT_1_FRML
23227,KR65333F2969,payment_lag_not_identifiable_from_maturity
23229,KR65333F6960,payment_lag_not_identifiable_from_maturity
23241,KR65333G0962,missing_explicit_survival_coupon
23242,KR65333G2968,missing_explicit_survival_coupon
23244,KR65733AP967,missing_explicit_survival_coupon
23245,KR65733AR963,missing_explicit_survival_coupon
23247,KR65733AQ965,missing_explicit_survival_coupon
23249,KR65333FH962,payment_lag_not_identifiable_from_maturity
23262,KR65333FG964,payment_lag_not_identifiable_from_maturity
23263,KR65333FF966,payment_lag_not_identifiable_from_maturity
23264,KR65333G1960,missing_explicit_survival_coupon
23269,KR65733CX967,missing_explicit_survival_coupon
23271,KR6543319968,missing_explicit_survival_coupon
23273,KR65333GE967,missing_explicit_survival_coupon
23276,KR65333GL962,missing_explicit_survival_coupon
23282,KR65393GM964,missing_explicit_survival_coupon
23283,KR6733316964,payment_lag_not_identifiable_from_maturity
23287,KR6659340964,averaging_not_supported
23288,KR65333GC961,missing_explicit_survival_coupon
23291,20190613000087_21901,payment_lag_not_identifiable_from_maturity
23298,KR65333GA965,missing_explicit_survival_coupon
23302,KR65333GH960,missing_explicit_survival_coupon
23303,KR65333GF964,extra_formula_or_level_PMT_1_FRML
23306,KR65333GG962,payment_lag_not_identifiable_from_maturity
23307,KR65333GD969,missing_explicit_survival_coupon
23311,KR65333GJ966,missing_explicit_survival_coupon
23312,KR65333GK964,missing_explicit_survival_coupon
23313,KR65333G9963,missing_explicit_survival_coupon
23315,20190617000212_4323,unsupported_ki_window
23318,KR65333GX967,payment_lag_not_identifiable_from_maturity
23324,KR6513331969,payment_lag_not_identifiable_from_maturity
23326,20190617000212_4322,unsupported_ki_window
23332,KR6769346968,averaging_not_supported
23344,KR65333G8965,payment_lag_not_identifiable_from_maturity
23348,KR65333ET960,missing_explicit_survival_coupon
23349,KR65333ES962,missing_explicit_survival_coupon
23350,KR65333EZ967,missing_explicit_survival_coupon
23351,KR65333ER964,missing_explicit_survival_coupon
23352,KR65333EQ966,extra_formula_or_level_PMT_1_FRML
23353,KR65333HA963,payment_lag_not_identifiable_from_maturity
23356,KR65333EX962,missing_explicit_survival_coupon
23357,20190618000005_21916,missing_explicit_survival_coupon
23360,KR65333EY960,missing_explicit_survival_coupon
23362,KR65333EW964,payment_lag_not_identifiable_from_maturity
23371,KR65733DS965,missing_explicit_survival_coupon
23374,KR65333H8964,payment_lag_not_identifiable_from_maturity
23377,KR65333H4963,payment_lag_not_identifiable_from_maturity
23378,KR65333HH968,payment_lag_not_identifiable_from_maturity
23380,KR65333HG960,payment_lag_not_identifiable_from_maturity
23381,KR65333H6968,payment_lag_not_identifiable_from_maturity
23382,KR65333H5960,payment_lag_not_identifiable_from_maturity
23384,KR65333HJ964,payment_lag_not_identifiable_from_maturity
23388,KR65333H7966,extra_formula_or_level_PMT_1_FRML
23392,KR65333H9962,payment_lag_not_identifiable_from_maturity
23401,KR65733CC961,missing_explicit_survival_coupon
23404,KR65333HY963,missing_explicit_survival_coupon
23406,KR65333HX965,missing_explicit_survival_coupon
23413,KR65333HW967,payment_lag_not_identifiable_from_maturity
23431,KR65333JE961,missing_explicit_survival_coupon
23432,KR65333JC965,missing_explicit_survival_coupon
23433,KR65333J9960,missing_explicit_survival_coupon
23435,KR6533311975,missing_explicit_survival_coupon
23436,KR65333J6966,missing_explicit_survival_coupon
23439,KR65393JA963,missing_explicit_survival_coupon
23440,KR65333J7964,missing_explicit_survival_coupon
23441,KR65333J5968,missing_explicit_survival_coupon
23444,20190627000145_22021,missing_explicit_survival_coupon
23451,KR6533312973,missing_explicit_survival_coupon
23455,KR6533309979,missing_explicit_survival_coupon
23457,KR65333JB967,missing_explicit_survival_coupon
23458,KR6533306975,extra_formula_or_level_PMT_1_FRML
23459,KR65333JF968,payment_lag_not_identifiable_from_maturity
23461,KR6533308971,missing_explicit_survival_coupon
23463,KR6533307973,missing_explicit_survival_coupon
23466,KR6659369963,averaging_not_supported
23467,KR65333JG966,payment_lag_not_identifiable_from_maturity
23477,KR65333J8962,missing_explicit_survival_coupon
23478,KR6533310977,payment_lag_not_identifiable_from_maturity
23479,KR65333J4961,missing_explicit_survival_coupon
23480,KR65333JD963,missing_explicit_survival_coupon
23482,KR6533305977,extra_formula_or_level_PMT_1_FRML
23484,KR65333JH964,extra_formula_or_level_PMT_1_FRML
23493,KR6513353963,payment_lag_not_identifiable_from_maturity
23494,KR6533335974,payment_lag_not_identifiable_from_maturity
23495,KR6769303977,averaging_not_supported
23506,KR6533358976,payment_lag_not_identifiable_from_maturity
23507,KR6533353977,payment_lag_not_identifiable_from_maturity
23514,KR6533352979,payment_lag_not_identifiable_from_maturity
23527,KR6533359974,payment_lag_not_identifiable_from_maturity
23535,KR6533369973,payment_lag_not_identifiable_from_maturity
23536,KR6533360972,extra_formula_or_level_PMT_1_FRML
23540,KR6523306977,missing_explicit_survival_coupon
23543,KR6533362978,payment_lag_not_identifiable_from_maturity
23544,KR6663316976,unsupported_ki_window
23545,KR6533361970,payment_lag_not_identifiable_from_maturity
23546,KR6533365971,payment_lag_not_identifiable_from_maturity
23551,KR6533368975,missing_explicit_survival_coupon
23552,KR6533366979,payment_lag_not_identifiable_from_maturity
23553,KR6533367977,payment_lag_not_identifiable_from_maturity
23582,KR6533371979,payment_lag_not_identifiable_from_maturity
23583,KR6573348978,missing_explicit_survival_coupon
23589,KR6533370971,payment_lag_not_identifiable_from_maturity
23595,KR65333A6973,extra_formula_or_level_PMT_1_FRML
23599,KR6533324978,missing_explicit_survival_coupon
23602,KR65333A4978,missing_explicit_survival_coupon
23603,KR6733308979,payment_lag_not_identifiable_from_maturity
23604,KR6533329977,missing_explicit_survival_coupon
23605,KR6533330975,missing_explicit_survival_coupon
23606,20190627000117_22027,missing_explicit_survival_coupon
23609,KR65333A1974,missing_explicit_survival_coupon
23611,KR6533328979,missing_explicit_survival_coupon
23612,KR6533327971,payment_lag_not_identifiable_from_maturity
23614,KR65393AB978,missing_explicit_survival_coupon
23615,KR6533325975,missing_explicit_survival_coupon
23619,KR65333A7971,payment_lag_not_identifiable_from_maturity
23620,KR65333A8979,payment_lag_not_identifiable_from_maturity
23621,KR6533323970,extra_formula_or_level_PMT_1_FRML
23622,KR65333A5975,missing_explicit_survival_coupon
23624,KR6663321976,unsupported_ki_window
23625,KR6533322972,extra_formula_or_level_PMT_1_FRML
23629,KR65333A9977,missing_explicit_survival_coupon
23630,KR65333AA976,missing_explicit_survival_coupon
23631,KR6533326973,missing_explicit_survival_coupon
23633,KR6769326978,averaging_not_supported
23640,KR6513302978,unsupported_ki_window
23643,KR6573366970,missing_explicit_survival_coupon
23655,KR65333AS978,payment_lag_not_identifiable_from_maturity
23661,KR65333BA974,payment_lag_not_identifiable_from_maturity
23666,KR6659311973,averaging_not_supported
23668,KR65333BZ971,payment_lag_not_identifiable_from_maturity
23670,KR65333BY974,payment_lag_not_identifiable_from_maturity
23673,KR6733305975,payment_lag_not_identifiable_from_maturity
23676,KR65333BC970,extra_formula_or_level_PMT_1_FRML
23677,KR65333BD978,payment_lag_not_identifiable_from_maturity
23678,KR65333BB972,payment_lag_not_identifiable_from_maturity
23687,KR65333B9976,payment_lag_not_identifiable_from_maturity
23688,KR65333BX976,payment_lag_not_identifiable_from_maturity
23707,KR6533381978,payment_lag_not_identifiable_from_maturity
23708,KR6523340976,missing_explicit_survival_coupon
23710,KR6533383974,missing_explicit_survival_coupon
23711,KR6533380970,missing_explicit_survival_coupon
23712,KR6733309977,payment_lag_not_identifiable_from_maturity
23720,KR65333BV970,payment_lag_not_identifiable_from_maturity
23722,KR65333BW978,payment_lag_not_identifiable_from_maturity
23723,KR65333BR978,payment_lag_not_identifiable_from_maturity
23724,KR65333BT974,payment_lag_not_identifiable_from_maturity
23725,KR6533377976,missing_explicit_survival_coupon
23727,KR6533376978,extra_formula_or_level_PMT_1_FRML
23730,KR65333BM979,extra_formula_or_level_PMT_1_FRML
23732,KR6533384972,missing_explicit_survival_coupon
23733,KR65333BL971,payment_lag_not_identifiable_from_maturity
23735,KR6533378974,missing_explicit_survival_coupon
23738,KR6533375970,extra_formula_or_level_PMT_1_FRML
23740,KR6573333970,missing_explicit_survival_coupon
23741,KR6533379972,missing_explicit_survival_coupon
23743,KR65333BS976,payment_lag_not_identifiable_from_maturity
23744,KR6533382976,missing_explicit_survival_coupon
23746,KR65333BQ970,payment_lag_not_identifiable_from_maturity
23747,KR65333CK971,missing_explicit_survival_coupon
23749,KR65333CR976,missing_explicit_survival_coupon
23754,KR65333CN975,extra_formula_or_level_PMT_1_FRML
23755,KR65333CM977,payment_lag_not_identifiable_from_maturity
23756,KR65333CT972,missing_explicit_survival_coupon
23758,KR6573392976,missing_explicit_survival_coupon
23766,KR65393CF975,payment_lag_not_identifiable_from_maturity
23772,KR65333CG979,missing_explicit_survival_coupon
23782,KR65333CV978,missing_explicit_survival_coupon
23785,KR65333CH977,missing_explicit_survival_coupon
23789,KR65333CL979,missing_explicit_survival_coupon
23791,KR65333CS974,missing_explicit_survival_coupon
23799,KR65333D7978,payment_lag_not_identifiable_from_maturity
23800,KR6513321978,payment_lag_not_identifiable_from_maturity
23803,KR65333CP970,payment_lag_not_identifiable_from_maturity
23804,KR65333CQ978,payment_lag_not_identifiable_from_maturity
23819,KR65333D8976,payment_lag_not_identifiable_from_maturity
23822,KR65333D9974,payment_lag_not_identifiable_from_maturity
23824,KR65333DK979,payment_lag_not_identifiable_from_maturity
23825,KR65333DG977,payment_lag_not_identifiable_from_maturity
23831,KR65333DR974,payment_lag_not_identifiable_from_maturity
23837,KR65333E6979,missing_explicit_survival_coupon
23840,KR65333DS972,payment_lag_not_identifiable_from_maturity
23843,KR65333DH975,extra_formula_or_level_PMT_1_FRML
23844,KR65333E5971,extra_formula_or_level_PMT_1_FRML
23846,KR65333E4974,missing_explicit_survival_coupon
23847,KR65333DQ976,payment_lag_not_identifiable_from_maturity
23848,KR65333DF979,payment_lag_not_identifiable_from_maturity
23853,KR65333DJ971,payment_lag_not_identifiable_from_maturity
23855,KR6733311973,payment_lag_not_identifiable_from_maturity
23858,KR65333E2978,payment_lag_not_identifiable_from_maturity
23859,KR65333DZ977,payment_lag_not_identifiable_from_maturity
23860,KR65333DX972,payment_lag_not_identifiable_from_maturity
23862,KR65333DT970,extra_formula_or_level_PMT_1_FRML
23863,KR65333DY970,payment_lag_not_identifiable_from_maturity
23864,KR65333B3979,missing_explicit_survival_coupon
23867,KR65333E3976,payment_lag_not_identifiable_from_maturity
23869,KR65333DW974,payment_lag_not_identifiable_from_maturity
23872,KR65333AZ973,missing_explicit_survival_coupon
23874,KR65333DV976,payment_lag_not_identifiable_from_maturity
23878,KR65333B4977,missing_explicit_survival_coupon
23883,KR65333B2971,missing_explicit_survival_coupon
23885,KR65333B1973,payment_lag_not_identifiable_from_maturity
23886,KR65333AX978,missing_explicit_survival_coupon
23887,KR65333F3975,missing_explicit_survival_coupon
23889,KR65333EY978,payment_lag_not_identifiable_from_maturity
23890,KR65333EZ975,missing_explicit_survival_coupon
23893,KR65333AY976,missing_explicit_survival_coupon
23895,KR65333B0975,missing_explicit_survival_coupon
23897,KR65333AW970,extra_formula_or_level_PMT_1_FRML
23898,KR65333F1979,missing_explicit_survival_coupon
23899,KR65333F0971,missing_explicit_survival_coupon
23901,KR65393FC975,payment_lag_not_identifiable_from_maturity
23902,KR65333FK974,missing_explicit_survival_coupon
23906,KR65333FL972,payment_lag_not_identifiable_from_maturity
23911,KR65333FP973,payment_lag_not_identifiable_from_maturity
23915,KR65333FF974,missing_explicit_survival_coupon
23916,KR6659331971,averaging_not_supported
23920,KR65333FJ976,missing_explicit_survival_coupon
23923,KR65333FE977,missing_explicit_survival_coupon
23924,KR65333FD979,missing_explicit_survival_coupon
23925,KR65333FH970,missing_explicit_survival_coupon
23926,KR65333FB973,missing_explicit_survival_coupon
23929,KR65333FM970,extra_formula_or_level_PMT_1_FRML
23930,KR65333FG972,missing_explicit_survival_coupon
23954,KR65333G3974,payment_lag_not_identifiable_from_maturity
23958,KR6513340978,unsupported_ki_window
23962,KR67033AJ971,missing_explicit_survival_coupon
23963,KR65333FN978,payment_lag_not_identifiable_from_maturity
23967,KR6669348973,unsupported_ki_window
23979,KR65333GB971,payment_lag_not_identifiable_from_maturity
23981,KR65333GC979,payment_lag_not_identifiable_from_maturity
23985,20190711000046_22137,extra_formula_or_level_PMT_1_FRML
23991,KR65333GQ979,payment_lag_not_identifiable_from_maturity
23992,KR65333GR977,payment_lag_not_identifiable_from_maturity
23993,KR65333GA973,payment_lag_not_identifiable_from_maturity
23994,KR65333G9971,extra_formula_or_level_PMT_1_FRML
23998,KR65733B7976,missing_explicit_survival_coupon
23999,KR65333GH978,missing_explicit_survival_coupon
24001,KR65333G8973,payment_lag_not_identifiable_from_maturity
24010,KR65333GK972,extra_formula_or_level_PMT_1_FRML
24018,KR65333G7975,payment_lag_not_identifiable_from_maturity
24021,KR65333ES970,missing_explicit_survival_coupon
24024,KR65333GM978,payment_lag_not_identifiable_from_maturity
24025,KR65333H1977,payment_lag_not_identifiable_from_maturity
24028,KR65333ER972,missing_explicit_survival_coupon
24031,KR65333GL970,payment_lag_not_identifiable_from_maturity
24032,KR65333H2975,payment_lag_not_identifiable_from_maturity
24034,KR65333H0979,payment_lag_not_identifiable_from_maturity
24035,KR65333GN976,payment_lag_not_identifiable_from_maturity
24036,KR65333GP971,extra_formula_or_level_PMT_1_FRML
24040,KR65333GJ974,payment_lag_not_identifiable_from_maturity
24041,KR65333ET978,missing_explicit_survival_coupon
24044,KR65333EJ979,extra_formula_or_level_PMT_1_FRML
24047,KR65333EQ974,missing_explicit_survival_coupon
24048,KR65333EN971,missing_explicit_survival_coupon
24050,KR65333EL975,missing_explicit_survival_coupon
24051,KR65333EM973,missing_explicit_survival_coupon
24056,KR65333EP976,payment_lag_not_identifiable_from_maturity
24057,KR65333EK977,missing_explicit_survival_coupon
24059,KR65333H3973,missing_explicit_survival_coupon
24060,KR65333GG970,payment_lag_not_identifiable_from_maturity
24074,KR6659349973,averaging_not_supported
24077,KR65333HN974,payment_lag_not_identifiable_from_maturity
24079,KR65333HD975,missing_explicit_survival_coupon
24080,KR65333HQ977,missing_explicit_survival_coupon
24081,KR65333HP979,missing_explicit_survival_coupon
24082,KR65333HH976,missing_explicit_survival_coupon
24083,KR65333HM976,extra_formula_or_level_PMT_1_FRML
24087,KR65333HJ972,missing_explicit_survival_coupon
24088,KR65333HC977,missing_explicit_survival_coupon
24091,20190718000113_22215,missing_explicit_survival_coupon
24102,20190718000113_22216,missing_explicit_survival_coupon
24107,KR6663371971,unsupported_ki_window
24108,KR6663372979,unsupported_ki_window
24109,KR6513362972,payment_lag_not_identifiable_from_maturity
24111,KR6769367972,averaging_not_supported
24121,KR65333HZ978,payment_lag_not_identifiable_from_maturity
24123,KR65333HK970,payment_lag_not_identifiable_from_maturity
24124,KR65333HY971,payment_lag_not_identifiable_from_maturity
24126,KR65333JD971,payment_lag_not_identifiable_from_maturity
24127,KR65333JC973,payment_lag_not_identifiable_from_maturity
24128,KR65333J0977,payment_lag_not_identifiable_from_maturity
24134,KR65333J1975,payment_lag_not_identifiable_from_maturity
24139,KR65333JW971,missing_explicit_survival_coupon
24140,KR65333JY977,missing_explicit_survival_coupon
24141,KR65333JX979,missing_explicit_survival_coupon
24142,KR65733BC971,missing_explicit_survival_coupon
24143,KR65333JB975,payment_lag_not_identifiable_from_maturity
24144,KR65333J6974,payment_lag_not_identifiable_from_maturity
24146,KR65393JZ978,payment_lag_not_identifiable_from_maturity
24147,KR65333J8970,extra_formula_or_level_PMT_1_FRML
24148,KR6533308989,missing_explicit_survival_coupon
24149,KR65333J9978,payment_lag_not_identifiable_from_maturity
24150,KR65333J7972,payment_lag_not_identifiable_from_maturity
24151,KR65333JR971,extra_formula_or_level_PMT_1_FRML
24152,KR6533316982,missing_explicit_survival_coupon
24153,KR6733323978,payment_lag_not_identifiable_from_maturity
24154,KR6533314987,missing_explicit_survival_coupon
24155,KR65333JT977,extra_formula_or_level_PMT_1_FRML
24156,KR65333JA977,payment_lag_not_identifiable_from_maturity
24162,20190718000098_22202,payment_lag_not_identifiable_from_maturity
24166,KR6533315984,missing_explicit_survival_coupon
24169,KR6533310985,missing_explicit_survival_coupon
24170,KR65733CD977,missing_explicit_survival_coupon
24174,KR6533311983,missing_explicit_survival_coupon
24175,KR6533313989,missing_explicit_survival_coupon
24176,KR6533312981,payment_lag_not_identifiable_from_maturity
24180,KR6533309987,missing_explicit_survival_coupon
24185,KR65333JV973,payment_lag_not_identifiable_from_maturity
24186,KR6733322970,payment_lag_not_identifiable_from_maturity
24188,KR6533307981,extra_formula_or_level_PMT_1_FRML
24189,KR65333JS979,payment_lag_not_identifiable_from_maturity
24190,20190725000078_22270,missing_explicit_survival_coupon
24201,KR6533344984,payment_lag_not_identifiable_from_maturity
24216,KR6533334985,extra_formula_or_level_PMT_1_FRML
24218,KR6533336980,payment_lag_not_identifiable_from_maturity
24228,KR6533335982,payment_lag_not_identifiable_from_maturity
24258,KR6573339985,missing_explicit_survival_coupon
24260,KR6533348985,payment_lag_not_identifiable_from_maturity
24261,KR6659304986,averaging_not_supported
24269,KR6769305980,averaging_not_supported
24272,KR6513304982,payment_lag_not_identifiable_from_maturity
24288,KR6533354983,payment_lag_not_identifiable_from_maturity
24291,20190729000047_1763,payment_lag_not_identifiable_from_maturity
24298,KR6533381986,payment_lag_not_identifiable_from_maturity
24304,KR6533327989,payment_lag_not_identifiable_from_maturity
24306,KR6533331981,missing_explicit_survival_coupon
24307,KR6533328987,missing_explicit_survival_coupon
24315,20190730000021_22287,missing_explicit_survival_coupon
24317,20190730000081_22297,payment_lag_not_identifiable_from_maturity
24318,20190730000021_22288,missing_explicit_survival_coupon
24320,20190725000020_22253,extra_formula_or_level_PMT_1_FRML
24324,KR6533390987,missing_explicit_survival_coupon
24332,KR6533367985,payment_lag_not_identifiable_from_maturity
24334,KR6533383982,payment_lag_not_identifiable_from_maturity
24335,KR6533384980,payment_lag_not_identifiable_from_maturity
24336,KR6533323988,extra_formula_or_level_PMT_1_FRML
24339,KR6533324986,missing_explicit_survival_coupon
24342,KR6533389989,payment_lag_not_identifiable_from_maturity
24345,KR6533397982,missing_explicit_survival_coupon
24346,KR6533325983,missing_explicit_survival_coupon
24347,KR6533326981,missing_explicit_survival_coupon
24348,KR6533391985,payment_lag_not_identifiable_from_maturity
24349,KR6533396984,missing_explicit_survival_coupon
24353,KR6533369981,payment_lag_not_identifiable_from_maturity
24354,KR6533368983,payment_lag_not_identifiable_from_maturity
24364,20190730000081_22301,missing_explicit_survival_coupon
24366,20190730000081_22298,missing_explicit_survival_coupon
24368,KR6533395986,extra_formula_or_level_PMT_1_FRML
24370,KR6533332989,missing_explicit_survival_coupon
24395,KR6533392983,extra_formula_or_level_PMT_1_FRML
24398,KR6533393981,payment_lag_not_identifiable_from_maturity
24401,KR6573314988,missing_explicit_survival_coupon
24412,KR6573388982,missing_explicit_survival_coupon
24420,KR65333A7989,missing_explicit_survival_coupon
24424,KR6659314985,averaging_not_supported
24432,KR65333A8987,missing_explicit_survival_coupon
24433,KR6733305983,payment_lag_not_identifiable_from_maturity
24437,KR65333AF983,payment_lag_not_identifiable_from_maturity
24441,KR6503393987,extra_formula_or_level_STRK_2
24446,KR6769315989,averaging_not_supported
24447,KR6513308983,payment_lag_not_identifiable_from_maturity
24448,KR6769316987,averaging_not_supported
24451,KR6533373983,missing_explicit_survival_coupon
24453,KR6533375988,missing_explicit_survival_coupon
24455,KR6533374981,missing_explicit_survival_coupon
24456,KR65333B3987,missing_explicit_survival_coupon
24466,KR65333AJ985,missing_explicit_survival_coupon
24467,KR65333AP982,payment_lag_not_identifiable_from_maturity
24469,KR65333AM989,payment_lag_not_identifiable_from_maturity
24470,KR65333AL981,payment_lag_not_identifiable_from_maturity
24471,KR65333AX986,payment_lag_not_identifiable_from_maturity
24472,KR65333AR988,payment_lag_not_identifiable_from_maturity
24473,KR65333AE986,payment_lag_not_identifiable_from_maturity
24475,KR65333AS986,payment_lag_not_identifiable_from_maturity
24476,KR65333AN987,payment_lag_not_identifiable_from_maturity
24477,KR65333AD988,payment_lag_not_identifiable_from_maturity
24483,KR6533372985,extra_formula_or_level_PMT_1_FRML
24487,KR6533377984,missing_explicit_survival_coupon
24489,20190806000096_22329,payment_lag_not_identifiable_from_maturity
24496,KR65333AV980,payment_lag_not_identifiable_from_maturity
24497,KR65333B4985,missing_explicit_survival_coupon
24498,KR65333B0983,missing_explicit_survival_coupon
24499,KR65333AY984,extra_formula_or_level_PMT_1_FRML
24500,KR65333B1981,payment_lag_not_identifiable_from_maturity
24501,KR65333AZ981,missing_explicit_survival_coupon
24502,KR65333B2989,extra_formula_or_level_PMT_1_FRML
24503,KR65333AT984,payment_lag_not_identifiable_from_maturity
24505,20190806000082_22342,missing_explicit_survival_coupon
24506,20190806000096_22331,missing_explicit_survival_coupon
24508,KR65393B5989,missing_explicit_survival_coupon
24510,KR6533378982,missing_explicit_survival_coupon
24511,KR6533380988,payment_lag_not_identifiable_from_maturity
24512,KR65333AK983,extra_formula_or_level_PMT_1_FRML
24514,KR6533379980,missing_explicit_survival_coupon
24515,KR65333AQ980,extra_formula_or_level_PMT_1_FRML
24548,KR6763331982,missing_explicit_survival_coupon
24550,KR65733A8983,missing_explicit_survival_coupon
24580,KR6769334980,averaging_not_supported
24581,KR6769335987,averaging_not_supported
24604,KR65533B9982,missing_explicit_survival_coupon
24606,KR6613390980,missing_explicit_survival_coupon
24650,KR6769355985,averaging_not_supported
24677,KR66133AV983,missing_explicit_survival_coupon
24705,KR65733B3983,missing_explicit_survival_coupon
24716,KR65333C4984,missing_explicit_survival_coupon
24717,KR65333C5981,missing_explicit_survival_coupon
24719,KR65333BW986,extra_formula_or_level_PMT_1_FRML
24720,KR65333BX984,extra_formula_or_level_PMT_1_FRML
24722,KR65333C0982,payment_lag_not_identifiable_from_maturity
24724,KR65333C1980,missing_explicit_survival_coupon
24725,KR65333BY982,missing_explicit_survival_coupon
24727,KR65333C3986,missing_explicit_survival_coupon
24730,KR65333C2988,missing_explicit_survival_coupon
24733,KR65333BZ989,missing_explicit_survival_coupon
24741,KR66133B6980,missing_explicit_survival_coupon
24750,KR65733BG980,missing_explicit_survival_coupon
24755,KR65333DG985,payment_lag_not_identifiable_from_maturity
24757,KR6513344988,payment_lag_not_identifiable_from_maturity
24758,KR6513345985,payment_lag_not_identifiable_from_maturity
24762,KR65333DJ989,missing_explicit_survival_coupon
24763,KR65333DF987,extra_formula_or_level_PMT_1_FRML
24766,20190821000189_22388,missing_explicit_survival_coupon
24767,20190821000189_22389,payment_lag_not_identifiable_from_maturity
24780,KR6733312989,payment_lag_not_identifiable_from_maturity
24782,KR6659374989,averaging_not_supported
24783,KR65333DH983,missing_explicit_survival_coupon
24790,20190821000189_22385,missing_explicit_survival_coupon
24792,20190821000189_22387,missing_explicit_survival_coupon
24806,KR6533325991,payment_lag_not_identifiable_from_maturity
24807,KR6533322998,payment_lag_not_identifiable_from_maturity
24808,KR6533321990,payment_lag_not_identifiable_from_maturity
24812,KR6533323996,payment_lag_not_identifiable_from_maturity
24822,KR6533324994,payment_lag_not_identifiable_from_maturity
24826,KR6769302995,averaging_not_supported
24831,KR6533320992,extra_formula_or_level_PMT_1_FRML
24834,KR6533327997,extra_formula_or_level_PMT_1_FRML
24837,KR6533344992,payment_lag_not_identifiable_from_maturity
24847,KR6533342996,extra_formula_or_level_PMT_1_FRML
24849,KR6533364990,missing_explicit_survival_coupon
24851,KR6533343994,extra_formula_or_level_PMT_1_FRML
24857,KR6573335991,missing_explicit_survival_coupon
24863,KR6533363992,missing_explicit_survival_coupon
24878,KR6533340990,extra_formula_or_level_PMT_1_FRML
24879,KR6533341998,payment_lag_not_identifiable_from_maturity
24880,KR6533365997,missing_explicit_survival_coupon
24882,KR6533362994,payment_lag_not_identifiable_from_maturity
24885,KR6533366995,missing_explicit_survival_coupon
24889,KR6533316990,missing_explicit_survival_coupon
24890,KR6533309995,missing_explicit_survival_coupon
24894,KR6533315992,missing_explicit_survival_coupon
24896,KR6533373991,missing_explicit_survival_coupon
24897,KR6533308997,extra_formula_or_level_PMT_1_FRML
24899,KR6533374999,payment_lag_not_identifiable_from_maturity
24900,KR6533310993,missing_explicit_survival_coupon
24901,KR6533313997,missing_explicit_survival_coupon
24904,KR6533312999,missing_explicit_survival_coupon
24905,KR6533314995,missing_explicit_survival_coupon
24913,KR6533307999,extra_formula_or_level_PMT_1_FRML
24916,KR6573350990,missing_explicit_survival_coupon
24923,KR6659308995,averaging_not_supported
24949,KR6533382992,payment_lag_not_identifiable_from_maturity
24954,KR6769313992,averaging_not_supported
24963,KR6513302994,unsupported_ki_window
24964,KR6663305995,unsupported_ki_window
24970,KR6533383990,payment_lag_not_identifiable_from_maturity
24976,KR6703326993,missing_explicit_survival_coupon
24987,KR65333AV998,extra_formula_or_level_PMT_1_FRML
24988,KR65333AZ999,missing_explicit_survival_coupon
24990,KR65333AB990,extra_formula_or_level_PMT_1_FRML
24997,KR65333AA992,extra_formula_or_level_PMT_1_FRML
25001,20190829000052_22457,missing_explicit_survival_coupon
25019,20190826000064_22427,payment_lag_not_identifiable_from_maturity
25021,KR6533354991,missing_explicit_survival_coupon
25022,20190829000052_22459,payment_lag_not_identifiable_from_maturity
25024,KR6533352995,extra_formula_or_level_PMT_1_FRML
25031,KR6523330993,missing_explicit_survival_coupon
25034,KR6533358992,missing_explicit_survival_coupon
25041,KR65333A9993,payment_lag_not_identifiable_from_maturity
25044,KR65333AP990,payment_lag_not_identifiable_from_maturity
25045,KR65333AD996,payment_lag_not_identifiable_from_maturity
25047,KR65333AM997,payment_lag_not_identifiable_from_maturity
25052,KR6533355998,missing_explicit_survival_coupon
25053,KR65333AW996,payment_lag_not_identifiable_from_maturity
25055,KR65333AS994,payment_lag_not_identifiable_from_maturity
25056,KR65333AX994,missing_explicit_survival_coupon
25057,KR65333AT992,payment_lag_not_identifiable_from_maturity
25058,KR65333AC998,extra_formula_or_level_PMT_1_FRML
25063,KR65333AR996,missing_explicit_survival_coupon
25064,KR6533357994,missing_explicit_survival_coupon
25067,KR6533360998,missing_explicit_survival_coupon
25068,KR6533359990,missing_explicit_survival_coupon
25069,KR65333AL999,payment_lag_not_identifiable_from_maturity
25071,KR6533361996,missing_explicit_survival_coupon
25072,20190909000832_4378,unsupported_ki_window
25076,KR65333AN995,payment_lag_not_identifiable_from_maturity
25079,KR6533353993,extra_formula_or_level_PMT_1_FRML
25080,KR65333AK991,extra_formula_or_level_PMT_1_FRML
25089,KR65333BY990,payment_lag_not_identifiable_from_maturity
25094,KR6733306999,payment_lag_not_identifiable_from_maturity
25096,KR6663309997,unsupported_ki_window
25097,KR65333C2996,missing_explicit_survival_coupon
25100,KR65333C1998,extra_formula_or_level_PMT_1_FRML
25102,KR6533397990,payment_lag_not_identifiable_from_maturity
25103,KR6533399996,missing_explicit_survival_coupon
25104,KR6533398998,missing_explicit_survival_coupon
25109,KR6533395994,missing_explicit_survival_coupon
25119,KR6533396992,missing_explicit_survival_coupon
25124,KR65333C0990,payment_lag_not_identifiable_from_maturity
25128,KR6533392991,extra_formula_or_level_PMT_1_FRML
25129,KR65333BX992,extra_formula_or_level_PMT_1_FRML
25130,KR6533394997,missing_explicit_survival_coupon
25131,KR65333BW994,extra_formula_or_level_PMT_1_FRML
25134,KR65333BT990,payment_lag_not_identifiable_from_maturity
25135,KR65333BV996,payment_lag_not_identifiable_from_maturity
25136,KR6533393999,missing_explicit_survival_coupon
25137,KR6533391993,extra_formula_or_level_PMT_1_FRML
25141,KR65333CE990,extra_formula_or_level_PMT_1_FRML
25142,KR65333CG995,missing_explicit_survival_coupon
25159,KR65333CF997,payment_lag_not_identifiable_from_maturity
25161,KR65333CH993,missing_explicit_survival_coupon
25163,KR65733A8991,missing_explicit_survival_coupon
25170,KR65333DF995,missing_explicit_survival_coupon
25175,KR65333DD990,missing_explicit_survival_coupon
25184,KR6659339990,averaging_not_supported
25187,KR65333DA996,payment_lag_not_identifiable_from_maturity
25190,KR65333DB994,payment_lag_not_identifiable_from_maturity
25191,KR65333DC992,missing_explicit_survival_coupon
25196,20190910000075_22527,extra_formula_or_level_PMT_1_FRML
25200,KR6513322992,payment_lag_not_identifiable_from_maturity
25203,KR6769325996,averaging_not_supported
25210,KR65333D9990,extra_formula_or_level_PMT_1_FRML
25214,KR6513323990,payment_lag_not_identifiable_from_maturity
25216,KR65733B2993,missing_explicit_survival_coupon
25234,KR65333E3992,payment_lag_not_identifiable_from_maturity
25235,KR65333BH995,missing_explicit_survival_coupon
25243,KR65333DZ993,payment_lag_not_identifiable_from_maturity
25245,KR65333DV992,payment_lag_not_identifiable_from_maturity
25248,KR65333BP998,missing_explicit_survival_coupon
25250,KR65333BD994,extra_formula_or_level_PMT_1_FRML
25252,KR65333BE992,extra_formula_or_level_PMT_1_FRML
25253,KR65333DS998,payment_lag_not_identifiable_from_maturity
25254,KR65333BK999,missing_explicit_survival_coupon
25255,KR65333DX998,extra_formula_or_level_PMT_1_FRML
25256,KR65333BN993,missing_explicit_survival_coupon
25258,KR65333DW990,payment_lag_not_identifiable_from_maturity
25259,KR65333DT996,payment_lag_not_identifiable_from_maturity
25260,KR65333BJ991,missing_explicit_survival_coupon
25261,KR65333DY996,payment_lag_not_identifiable_from_maturity
25262,KR65333BL997,missing_explicit_survival_coupon
25263,KR65333BF999,missing_explicit_survival_coupon
25266,KR65333BM995,missing_explicit_survival_coupon
25275,KR65333E8991,payment_lag_not_identifiable_from_maturity
25277,KR65333EG991,payment_lag_not_identifiable_from_maturity
25280,KR65333E4990,payment_lag_not_identifiable_from_maturity
25286,KR65333EH999,missing_explicit_survival_coupon
25287,KR65333E5997,extra_formula_or_level_PMT_1_FRML
25290,KR65333EJ995,missing_explicit_survival_coupon
25291,KR65733BT991,missing_explicit_survival_coupon
25302,KR65333E2994,payment_lag_not_identifiable_from_maturity
25305,KR65333EK993,missing_explicit_survival_coupon
25307,KR65833BS991,extra_formula_or_level_PMT_EXTRA
25311,KR65333E6995,extra_formula_or_level_PMT_1_FRML
25330,KR65733AK992,missing_explicit_survival_coupon
25333,KR65333EW998,missing_explicit_survival_coupon
25334,KR65333EV990,payment_lag_not_identifiable_from_maturity
25337,KR65333EX996,missing_explicit_survival_coupon
25339,KR6659352993,averaging_not_supported
25354,KR65733C8999,missing_explicit_survival_coupon
25355,KR65333D3993,missing_explicit_survival_coupon
25356,KR65333D4991,payment_lag_not_identifiable_from_maturity
25357,KR65333D6996,missing_explicit_survival_coupon
25358,KR65333D1997,missing_explicit_survival_coupon
25359,KR65333D2995,missing_explicit_survival_coupon
25360,KR65333F9998,extra_formula_or_level_PMT_1_FRML
25373,KR65333CZ995,extra_formula_or_level_PMT_1_FRML
25375,KR65333D0999,missing_explicit_survival_coupon
25377,KR65333D7994,missing_explicit_survival_coupon
25380,KR65333D8992,missing_explicit_survival_coupon
25381,KR65833D2990,extra_formula_or_level_PMT_EXTRA
25398,KR6769337991,averaging_not_supported
25400,KR6513330995,payment_lag_not_identifiable_from_maturity
25401,KR65333FH996,payment_lag_not_identifiable_from_maturity
25402,KR65333F8990,payment_lag_not_identifiable_from_maturity
25408,KR65333279A1,extra_formula_or_level_PMT_1_FRML
25410,KR65333F4999,payment_lag_not_identifiable_from_maturity
25411,KR65333F6994,payment_lag_not_identifiable_from_maturity
25415,KR65833D3998,extra_formula_or_level_PMT_EXTRA
25416,KR65333219A7,missing_explicit_survival_coupon
25417,KR6663328997,unsupported_ki_window
25432,KR65333209A8,missing_explicit_survival_coupon
25440,KR65333FG998,payment_lag_not_identifiable_from_maturity
25446,KR65333249A4,missing_explicit_survival_coupon
25447,KR65333239A5,payment_lag_not_identifiable_from_maturity
25452,KR65333229A6,missing_explicit_survival_coupon
25456,KR65333F5996,payment_lag_not_identifiable_from_maturity
25461,KR66633129A3,monthly_evaluation_outside_life
25462,KR65333289A0,payment_lag_not_identifiable_from_maturity
25466,KR65333269A2,payment_lag_not_identifiable_from_maturity
25467,KR65333259A3,payment_lag_not_identifiable_from_maturity
25473,KR66133129A8,missing_explicit_survival_coupon
25479,KR65333349A2,missing_explicit_survival_coupon
25485,KR65333389A8,payment_lag_not_identifiable_from_maturity
25488,20190919000110_22597,missing_explicit_survival_coupon
25489,20190919000110_22596,payment_lag_not_identifiable_from_maturity
25499,KR65333369A0,payment_lag_not_identifiable_from_maturity
25500,KR65333359A1,missing_explicit_survival_coupon
25507,KR65333399A7,payment_lag_not_identifiable_from_maturity
25511,KR65333099A3,payment_lag_not_identifiable_from_maturity
25512,KR65333049A8,extra_formula_or_level_PMT_1_FRML
25520,KR65333089A4,missing_explicit_survival_coupon
25528,KR65333769A1,payment_lag_not_identifiable_from_maturity
25530,KR65333069A6,missing_explicit_survival_coupon
25534,KR65333059A7,missing_explicit_survival_coupon
25535,KR65333109A0,missing_explicit_survival_coupon
25536,KR65333029A0,extra_formula_or_level_PMT_1_FRML
25538,KR65333079A5,missing_explicit_survival_coupon
25539,KR66593059A0,averaging_not_supported
25542,KR65333759A2,payment_lag_not_identifiable_from_maturity
25543,KR65333119A9,missing_explicit_survival_coupon
25546,KR65333129A8,missing_explicit_survival_coupon
25547,KR65333139A7,missing_explicit_survival_coupon
25550,KR65133039A1,payment_lag_not_identifiable_from_maturity
25552,KR65333729A5,payment_lag_not_identifiable_from_maturity
25556,KR65333699A0,payment_lag_not_identifiable_from_maturity
25558,KR65333739A4,payment_lag_not_identifiable_from_maturity
25560,KR65333709A7,payment_lag_not_identifiable_from_maturity
25561,KR65333829A3,payment_lag_not_identifiable_from_maturity
25565,KR66633089A9,monthly_evaluation_outside_life
25566,KR65133029A2,payment_lag_not_identifiable_from_maturity
25568,KR67693099A3,averaging_not_supported
25572,KR65333679A2,payment_lag_not_identifiable_from_maturity
25585,KR65733449A6,missing_explicit_survival_coupon
25586,KR65333719A6,payment_lag_not_identifiable_from_maturity
25591,KR65333669A3,extra_formula_or_level_PMT_1_FRML
25593,KR65333659A4,payment_lag_not_identifiable_from_maturity
25595,KR65333649A5,payment_lag_not_identifiable_from_maturity
25598,KR65333689A1,payment_lag_not_identifiable_from_maturity
25607,20190927000158_22692,missing_explicit_survival_coupon
25609,KR65333839A2,payment_lag_not_identifiable_from_maturity
25610,KR65333969A7,missing_explicit_survival_coupon
25611,KR65333899A6,payment_lag_not_identifiable_from_maturity
25614,KR65333849A1,payment_lag_not_identifiable_from_maturity
25615,KR65333959A8,payment_lag_not_identifiable_from_maturity
25616,KR65333979A6,missing_explicit_survival_coupon
25619,KR65333989A5,extra_formula_or_level_PMT_1_FRML
25621,KR65233129A9,payment_lag_not_identifiable_from_maturity
25622,KR65333889A7,payment_lag_not_identifiable_from_maturity
25623,KR65333939A0,extra_formula_or_level_PMT_1_FRML
25627,KR65333929A1,payment_lag_not_identifiable_from_maturity
25636,KR65333AR9A9,payment_lag_not_identifiable_from_maturity
25640,KR65333AM9A4,missing_explicit_survival_coupon
25641,KR65333AK9A6,missing_explicit_survival_coupon
25642,KR65333949A9,payment_lag_not_identifiable_from_maturity
25643,KR65333AL9A5,missing_explicit_survival_coupon
25644,KR65333AP9A1,payment_lag_not_identifiable_from_maturity
25650,KR65433099A2,payment_lag_not_identifiable_from_maturity
25651,KR65233309A7,payment_lag_not_identifiable_from_maturity
25652,KR65333AN9A3,payment_lag_not_identifiable_from_maturity
25653,KR65333AJ9A9,missing_explicit_survival_coupon
25654,KR65233299A0,payment_lag_not_identifiable_from_maturity
25655,KR67333089A0,payment_lag_not_identifiable_from_maturity
25660,KR66233139A6,payment_lag_not_identifiable_from_maturity
25662,KR65333919A2,payment_lag_not_identifiable_from_maturity
25666,KR65333879A8,extra_formula_or_level_PMT_1_FRML
25668,KR67333099A9,payment_lag_not_identifiable_from_maturity
25670,KR66633019A6,monthly_evaluation_outside_life
25674,KR66233129A7,payment_lag_not_identifiable_from_maturity
25678,KR67933069A6,payment_lag_not_identifiable_from_maturity
25679,KR65333AH9A1,missing_explicit_survival_coupon
25681,KR65333AQ9A0,payment_lag_not_identifiable_from_maturity
25684,KR66133329A4,payment_lag_not_identifiable_from_maturity
25685,KR65333589A3,missing_explicit_survival_coupon
25689,KR65333539A8,missing_explicit_survival_coupon
25690,KR65533289A8,payment_lag_not_identifiable_from_maturity
25691,20190919000025_22595,payment_lag_not_identifiable_from_maturity
25692,KR65333619A8,missing_explicit_survival_coupon
25693,KR65833519A5,extra_formula_or_level_PMT_EXTRA
25694,KR65333B29A7,payment_lag_not_identifiable_from_maturity
25695,KR65333B09A9,missing_explicit_survival_coupon
25696,KR65333559A6,missing_explicit_survival_coupon
25697,KR65833509A6,extra_formula_or_level_PMT_EXTRA
25698,KR65533269A0,payment_lag_not_identifiable_from_maturity
25699,KR65333B39A6,extra_formula_or_level_PMT_1_FRML
25700,KR65033289A3,payment_lag_not_identifiable_from_maturity
25701,KR65033429A5,payment_lag_not_identifiable_from_maturity
25702,KR65033419A6,payment_lag_not_identifiable_from_maturity
25703,KR66133339A3,payment_lag_not_identifiable_from_maturity
25704,KR65033439A4,payment_lag_not_identifiable_from_maturity
25706,KR65333B59A4,missing_explicit_survival_coupon
25707,KR65133299A1,payment_lag_not_identifiable_from_maturity
25709,KR65333549A7,missing_explicit_survival_coupon
25712,KR66133359A1,payment_lag_not_identifiable_from_maturity
25714,KR65333B19A8,missing_explicit_survival_coupon
25715,KR65333529A9,missing_explicit_survival_coupon
25717,KR65333599A2,missing_explicit_survival_coupon
25720,KR67033109A9,payment_lag_not_identifiable_from_maturity
25721,KR67033149A5,payment_lag_not_identifiable_from_maturity
25722,KR65533279A9,payment_lag_not_identifiable_from_maturity
25725,KR67633269A5,missing_explicit_survival_coupon
25727,KR65333519A0,extra_formula_or_level_PMT_1_FRML
25728,20191002000037_22707,payment_lag_not_identifiable_from_maturity
25732,KR66593179A6,averaging_not_supported
25733,KR65333509A1,extra_formula_or_level_PMT_1_FRML
25742,KR65333B69A3,payment_lag_not_identifiable_from_maturity
25743,KR65733749A9,missing_explicit_survival_coupon
25746,KR67693299A9,averaging_not_supported
25748,KR65333B79A2,payment_lag_not_identifiable_from_maturity
25751,KR65133079A7,unsupported_ki_window
25759,KR65133089A6,unsupported_ki_window
25768,KR65333BG9A1,payment_lag_not_identifiable_from_maturity
25769,KR65333BJ9A8,payment_lag_not_identifiable_from_maturity
25770,KR65333C89A9,payment_lag_not_identifiable_from_maturity
25773,KR65333BF9A2,payment_lag_not_identifiable_from_maturity
25774,KR65333BP9A0,extra_formula_or_level_PMT_1_FRML
25776,KR65333BZ9A8,payment_lag_not_identifiable_from_maturity
25777,KR65333BM9A3,payment_lag_not_identifiable_from_maturity
25780,KR65333BE9A3,payment_lag_not_identifiable_from_maturity
25784,KR65333BL9A4,payment_lag_not_identifiable_from_maturity
25787,KR65333BK9A5,payment_lag_not_identifiable_from_maturity
25788,KR65333BN9A2,payment_lag_not_identifiable_from_maturity
25796,KR65333BD9A4,payment_lag_not_identifiable_from_maturity
25798,KR65333CM9A2,payment_lag_not_identifiable_from_maturity
25799,KR65333CY9A8,missing_explicit_survival_coupon
25800,KR65333D19A4,missing_explicit_survival_coupon
25804,KR65733969A3,missing_explicit_survival_coupon
25805,KR65333CH9A9,payment_lag_not_identifiable_from_maturity
25806,KR65333CV9A1,payment_lag_not_identifiable_from_maturity
25810,KR65333CJ9A7,payment_lag_not_identifiable_from_maturity
25812,KR65333CN9A1,payment_lag_not_identifiable_from_maturity
25816,KR65333CK9A4,payment_lag_not_identifiable_from_maturity
25826,KR65333CW9A0,payment_lag_not_identifiable_from_maturity
25828,KR65333CA9A6,payment_lag_not_identifiable_from_maturity
25830,KR65333CX9A9,payment_lag_not_identifiable_from_maturity
25831,KR65333CG9A0,extra_formula_or_level_PMT_1_FRML
25832,KR65333D09A5,missing_explicit_survival_coupon
25838,KR65333C99A8,payment_lag_not_identifiable_from_maturity
25840,KR66633389A3,monthly_evaluation_outside_life
25841,KR65333CF9A1,payment_lag_not_identifiable_from_maturity
25842,20191002000113_22718,payment_lag_not_identifiable_from_maturity
25845,KR65333DH9A8,payment_lag_not_identifiable_from_maturity
25847,KR65333AC9A6,payment_lag_not_identifiable_from_maturity
25848,20191010000010_22768,missing_explicit_survival_coupon
25849,KR66633409A9,unsupported_ki_window
25853,KR65333A69A5,extra_formula_or_level_PMT_1_FRML
25854,KR65333A89A3,missing_explicit_survival_coupon
25856,KR65333AA9A8,missing_explicit_survival_coupon
25858,KR65333DF9A0,missing_explicit_survival_coupon
25859,KR65333DD9A2,extra_formula_or_level_PMT_1_FRML
25863,KR65333AE9A4,missing_explicit_survival_coupon
25867,KR65333A99A2,missing_explicit_survival_coupon
25869,KR65333DE9A1,missing_explicit_survival_coupon
25870,KR65333D39A2,payment_lag_not_identifiable_from_maturity
25871,KR65333CZ9A7,payment_lag_not_identifiable_from_maturity
25875,KR65333DA9A5,payment_lag_not_identifiable_from_maturity
25876,KR65333AD9A5,missing_explicit_survival_coupon
25877,KR65333AB9A7,missing_explicit_survival_coupon
25878,KR65333AF9A3,missing_explicit_survival_coupon
25879,KR65333DG9A9,missing_explicit_survival_coupon
25880,KR65333D29A3,payment_lag_not_identifiable_from_maturity
25881,KR65333AG9A2,missing_explicit_survival_coupon
25887,KR65333DT9A4,missing_explicit_survival_coupon
25892,20191007000033_22756,extra_formula_or_level_PMT_1_FRML
25893,20191007000033_22758,payment_lag_not_identifiable_from_maturity
25895,KR66593339A6,averaging_not_supported
25898,KR65333E69A7,missing_explicit_survival_coupon
25899,KR65333E79A6,missing_explicit_survival_coupon
25901,20191007000033_22759,missing_explicit_survival_coupon
25903,KR65333DV9A0,missing_explicit_survival_coupon
25909,KR65333E49A9,payment_lag_not_identifiable_from_maturity
25923,KR65333E09A3,payment_lag_not_identifiable_from_maturity
25924,KR65333E19A2,payment_lag_not_identifiable_from_maturity
25925,KR67693379A9,averaging_not_supported
25937,KR65333DX9A8,payment_lag_not_identifiable_from_maturity
25938,20191004000019_22748,payment_lag_not_identifiable_from_maturity
25943,KR65333DY9A7,payment_lag_not_identifiable_from_maturity
25953,KR65333E29A1,payment_lag_not_identifiable_from_maturity
25956,KR65333DW9A9,payment_lag_not_identifiable_from_maturity
25960,KR65333DZ9A6,payment_lag_not_identifiable_from_maturity
25961,KR65333E39A0,payment_lag_not_identifiable_from_maturity
25968,KR65133189A4,payment_lag_not_identifiable_from_maturity
25972,KR65333ET9A3,payment_lag_not_identifiable_from_maturity
25974,KR65333FB9A2,payment_lag_not_identifiable_from_maturity
25977,KR65733BN9A8,missing_explicit_survival_coupon
25985,KR65333FM9A9,payment_lag_not_identifiable_from_maturity
25990,KR65333FN9A8,missing_explicit_survival_coupon
25992,KR65333BW9A1,extra_formula_or_level_PMT_1_FRML
25993,KR65333FX9A6,payment_lag_not_identifiable_from_maturity
25994,KR65333FW9A7,payment_lag_not_identifiable_from_maturity
25997,KR65333BX9A0,extra_formula_or_level_PMT_1_FRML
25998,KR65333FV9A8,payment_lag_not_identifiable_from_maturity
25999,KR65333FR9A4,payment_lag_not_identifiable_from_maturity
26000,KR65333FT9A2,payment_lag_not_identifiable_from_maturity
26003,KR65333FZ9A4,payment_lag_not_identifiable_from_maturity
26004,KR65333FY9A5,payment_lag_not_identifiable_from_maturity
26005,KR65333FS9A3,payment_lag_not_identifiable_from_maturity
26006,KR65333FP9A6,payment_lag_not_identifiable_from_maturity
26009,KR65333FQ9A5,extra_formula_or_level_PMT_1_FRML
26010,KR65333C09A7,missing_explicit_survival_coupon
26016,KR65333C59A2,missing_explicit_survival_coupon
26024,KR65333C49A3,payment_lag_not_identifiable_from_maturity
26025,KR65333GA9A2,payment_lag_not_identifiable_from_maturity
26028,KR65833BN9A7,extra_formula_or_level_PMT_EXTRA
26029,KR65333C29A5,missing_explicit_survival_coupon
26030,KR65333FJ9A4,payment_lag_not_identifiable_from_maturity
26032,KR65333G99A9,missing_explicit_survival_coupon
26033,KR65333G69A2,missing_explicit_survival_coupon
26034,KR65333G79A1,missing_explicit_survival_coupon
26036,KR65333C79A0,missing_explicit_survival_coupon
26037,KR65333GB9A1,payment_lag_not_identifiable_from_maturity
26040,KR65333C19A6,missing_explicit_survival_coupon
26041,KR65333C69A1,missing_explicit_survival_coupon
26046,KR65333FG9A7,payment_lag_not_identifiable_from_maturity
26048,KR65333C39A4,missing_explicit_survival_coupon
26049,KR65333G89A0,missing_explicit_survival_coupon
26050,KR65333FK9A1,extra_formula_or_level_PMT_1_FRML
26052,20191010000029_22790,payment_lag_not_identifiable_from_maturity
26058,KR65333FE9A9,payment_lag_not_identifiable_from_maturity
26061,KR65333FD9A0,payment_lag_not_identifiable_from_maturity
26062,KR65333FF9A8,payment_lag_not_identifiable_from_maturity
26063,KR65333FH9A6,payment_lag_not_identifiable_from_maturity
26068,KR65333BY9A9,missing_explicit_survival_coupon
26074,20191017000010_22857,missing_explicit_survival_coupon
26076,KR65333H29A4,missing_explicit_survival_coupon
26079,KR65333H19A5,missing_explicit_survival_coupon
26083,KR65333GV9A7,extra_formula_or_level_PMT_1_FRML
26086,KR65333GS9A2,missing_explicit_survival_coupon
26089,20191017000010_22854,extra_formula_or_level_PMT_1_FRML
26092,KR66593499A8,averaging_not_supported
26103,KR65333GR9A3,missing_explicit_survival_coupon
26105,KR65333GQ9A4,missing_explicit_survival_coupon
26107,KR65333GX9A5,missing_explicit_survival_coupon
26108,KR65333H09A6,payment_lag_not_identifiable_from_maturity
26110,KR65333GT9A1,missing_explicit_survival_coupon
26111,KR65333GW9A6,missing_explicit_survival_coupon
26113,KR65333GY9A4,missing_explicit_survival_coupon
26115,KR65333GZ9A3,missing_explicit_survival_coupon
26120,KR65333GP9A5,payment_lag_not_identifiable_from_maturity
26121,KR65133379A1,unsupported_ki_window
26126,KR67693519A0,averaging_not_supported
26133,KR65333GN9A7,payment_lag_not_identifiable_from_maturity
26145,KR65333HQ9A3,payment_lag_not_identifiable_from_maturity
26147,KR65333HP9A4,payment_lag_not_identifiable_from_maturity
26152,KR65333HN9A6,payment_lag_not_identifiable_from_maturity
26154,KR65333EX9A7,missing_explicit_survival_coupon
26155,KR65333EW9A8,extra_formula_or_level_PMT_1_FRML
26157,KR65333EZ9A5,missing_explicit_survival_coupon
26158,KR65793CG9A3,extra_formula_or_level_STRK_2
26168,KR65333EY9A6,missing_explicit_survival_coupon
26170,KR65733CN9A7,missing_explicit_survival_coupon
26171,20191016000042_22846,payment_lag_not_identifiable_from_maturity
26173,KR65333HJ9A2,payment_lag_not_identifiable_from_maturity
26174,KR65333HK9A9,payment_lag_not_identifiable_from_maturity
26175,KR65333HL9A8,payment_lag_not_identifiable_from_maturity
26176,KR65333J99A3,payment_lag_not_identifiable_from_maturity
26179,KR65333HH9A4,extra_formula_or_level_PMT_1_FRML
26180,KR65333HF9A6,extra_formula_or_level_PMT_1_FRML
26182,KR65333JA9A9,payment_lag_not_identifiable_from_maturity
26188,KR65333F59A5,missing_explicit_survival_coupon
26189,KR65333F29A8,payment_lag_not_identifiable_from_maturity
26190,KR65333F39A7,missing_explicit_survival_coupon
26191,KR65333HG9A5,payment_lag_not_identifiable_from_maturity
26192,KR65333J19A1,payment_lag_not_identifiable_from_maturity
26194,KR67333219A3,payment_lag_not_identifiable_from_maturity
26196,KR65333F69A4,missing_explicit_survival_coupon
26197,KR65333F49A6,missing_explicit_survival_coupon
26199,KR65333F09A0,missing_explicit_survival_coupon
26201,KR65333F19A9,missing_explicit_survival_coupon
26207,KR65333249B2,missing_explicit_survival_coupon
26209,20191024000087_22920,missing_explicit_survival_coupon
26212,KR65333259B1,missing_explicit_survival_coupon
26213,KR65133469A0,payment_lag_not_identifiable_from_maturity
26214,KR65133479A9,payment_lag_not_identifiable_from_maturity
26215,20191024000087_22916,extra_formula_or_level_PMT_1_FRML
26216,KR66593719A9,averaging_not_supported
26217,KR65333JH9A2,payment_lag_not_identifiable_from_maturity
26220,KR65333JB9A8,payment_lag_not_identifiable_from_maturity
26222,KR65333J39A9,payment_lag_not_identifiable_from_maturity
26223,KR65333J69A6,payment_lag_not_identifiable_from_maturity
26228,KR65333J89A4,payment_lag_not_identifiable_from_maturity
26229,KR65333J79A5,payment_lag_not_identifiable_from_maturity
26230,KR65333JD9A6,payment_lag_not_identifiable_from_maturity
26235,KR65333JC9A7,payment_lag_not_identifiable_from_maturity
26238,20191024000087_22921,missing_explicit_survival_coupon
26240,KR65333269B0,payment_lag_not_identifiable_from_maturity
26242,KR65793CX9A2,extra_formula_or_level_STRK_2
26244,KR65733D39A3,missing_explicit_survival_coupon
26256,KR66593039B0,averaging_not_supported
26277,KR66633039B2,unsupported_ki_window
26280,KR67693019B9,averaging_not_supported
26283,KR65333359B9,payment_lag_not_identifiable_from_maturity
26285,KR65333559B4,payment_lag_not_identifiable_from_maturity
26286,KR65333569B3,payment_lag_not_identifiable_from_maturity
26292,KR65333649B3,payment_lag_not_identifiable_from_maturity
26293,KR65333639B4,payment_lag_not_identifiable_from_maturity
26295,KR65333049B6,extra_formula_or_level_PMT_1_FRML
26297,KR65333699B8,missing_explicit_survival_coupon
26298,KR65333689B9,missing_explicit_survival_coupon
26299,KR65333059B5,missing_explicit_survival_coupon
26301,KR65333789B7,payment_lag_not_identifiable_from_maturity
26302,KR65333119B7,missing_explicit_survival_coupon
26304,KR65333109B8,missing_explicit_survival_coupon
26310,KR65793269B3,extra_formula_or_level_STRK_2
26312,KR65333669B1,payment_lag_not_identifiable_from_maturity
26314,KR65333089B2,missing_explicit_survival_coupon
26316,KR65333099B1,payment_lag_not_identifiable_from_maturity
26317,KR65833339B6,extra_formula_or_level_PMT_EXTRA
26319,KR65333069B4,missing_explicit_survival_coupon
26321,KR65333659B2,payment_lag_not_identifiable_from_maturity
26322,KR65333079B3,missing_explicit_survival_coupon
26323,KR65333039B7,extra_formula_or_level_PMT_1_FRML
26325,KR65333629B5,payment_lag_not_identifiable_from_maturity
26326,KR65333579B2,extra_formula_or_level_PMT_1_FRML
26330,KR65333609B7,payment_lag_not_identifiable_from_maturity
26335,KR65333139B5,missing_explicit_survival_coupon
26336,KR65333129B6,missing_explicit_survival_coupon
26337,KR65333709B5,missing_explicit_survival_coupon
26339,KR65333619B6,payment_lag_not_identifiable_from_maturity
26344,KR65333729B3,payment_lag_not_identifiable_from_maturity
26345,KR65333749B1,payment_lag_not_identifiable_from_maturity
26348,KR65333779B8,extra_formula_or_level_PMT_1_FRML
26349,KR65333739B2,payment_lag_not_identifiable_from_maturity
26352,KR65333759B0,payment_lag_not_identifiable_from_maturity
26354,KR65333799B6,payment_lag_not_identifiable_from_maturity
26361,KR65333769B9,payment_lag_not_identifiable_from_maturity
26366,KR65333719B4,payment_lag_not_identifiable_from_maturity
26368,KR65333809B3,payment_lag_not_identifiable_from_maturity
26369,KR65333879B6,payment_lag_not_identifiable_from_maturity
26372,20191030000098_22971,missing_explicit_survival_coupon
26376,KR65333AH9B9,payment_lag_not_identifiable_from_maturity
26377,KR65333AJ9B7,payment_lag_not_identifiable_from_maturity
26379,KR65333AF9B1,missing_explicit_survival_coupon
26381,KR65333AD9B3,missing_explicit_survival_coupon
26382,KR65333AG9B0,missing_explicit_survival_coupon
26383,KR65333AB9B5,extra_formula_or_level_PMT_1_FRML
26387,KR65333999B2,missing_explicit_survival_coupon
26393,KR66593079B6,averaging_not_supported
26394,KR65333889B5,payment_lag_not_identifiable_from_maturity
26395,KR65333A49B5,missing_explicit_survival_coupon
26398,KR65333A29B7,missing_explicit_survival_coupon
26399,KR65733569B9,missing_explicit_survival_coupon
26405,KR65333A79B2,extra_formula_or_level_PMT_1_FRML
26406,KR65333A39B6,missing_explicit_survival_coupon
26411,KR65333A59B4,payment_lag_not_identifiable_from_maturity
26412,KR65333899B4,payment_lag_not_identifiable_from_maturity
26416,KR65793529B0,extra_formula_or_level_STRK_2
26418,KR65333A69B3,extra_formula_or_level_PMT_1_FRML
26422,KR65333AE9B2,missing_explicit_survival_coupon
26426,KR65333AC9B4,missing_explicit_survival_coupon
26428,KR65133039B9,unsupported_ki_window
26432,KR67693109B8,averaging_not_supported
26436,KR66633099B6,unsupported_ki_window
26446,KR65133029B0,unsupported_ki_window
26450,KR65333A09B9,payment_lag_not_identifiable_from_maturity
26459,KR65333C29B3,payment_lag_not_identifiable_from_maturity
26462,KR65333C39B2,payment_lag_not_identifiable_from_maturity
26463,KR65333C49B1,payment_lag_not_identifiable_from_maturity
26468,KR65333C19B4,payment_lag_not_identifiable_from_maturity
26475,KR65333BM9B1,payment_lag_not_identifiable_from_maturity
26478,KR65333BR9B6,extra_formula_or_level_PMT_1_FRML
26481,KR65333BS9B5,payment_lag_not_identifiable_from_maturity
26487,KR65333BX9B8,payment_lag_not_identifiable_from_maturity
26488,20191030000050_22986,payment_lag_not_identifiable_from_maturity
26490,KR65333BZ9B6,payment_lag_not_identifiable_from_maturity
26492,KR65333449B8,missing_explicit_survival_coupon
26493,KR65333BQ9B7,payment_lag_not_identifiable_from_maturity
26494,KR65333BW9B9,payment_lag_not_identifiable_from_maturity
26496,KR65333BV9B0,payment_lag_not_identifiable_from_maturity
26499,KR65333459B7,payment_lag_not_identifiable_from_maturity
26502,KR65333CH9B7,extra_formula_or_level_PMT_1_FRML
26505,KR66633079B8,monthly_evaluation_outside_life
26506,KR65333B89B9,missing_explicit_survival_coupon
26507,KR65333409B2,extra_formula_or_level_PMT_1_FRML
26508,KR65333B79B0,payment_lag_not_identifiable_from_maturity
26509,KR66633219B0,unsupported_ki_window
26510,20191107000007_23038,missing_explicit_survival_coupon
26512,KR65333BA9B5,missing_explicit_survival_coupon
26513,KR65333CC9B2,missing_explicit_survival_coupon
26514,KR65333469B6,missing_explicit_survival_coupon
26515,KR65333BH9B8,payment_lag_not_identifiable_from_maturity
26516,KR65333419B1,missing_explicit_survival_coupon
26517,KR65333399B5,extra_formula_or_level_PMT_1_FRML
26519,KR65333BC9B3,missing_explicit_survival_coupon
26520,KR65333BB9B4,missing_explicit_survival_coupon
26522,KR65333BD9B2,missing_explicit_survival_coupon
26523,KR65333489B4,missing_explicit_survival_coupon
26524,KR65333BF9B0,missing_explicit_survival_coupon
26526,KR65333CD9B1,missing_explicit_survival_coupon
26529,KR65333429B0,missing_explicit_survival_coupon
26530,KR65793729B6,extra_formula_or_level_STRK_2
26531,KR65333BJ9B6,missing_explicit_survival_coupon
26533,KR65333C09B5,extra_formula_or_level_PMT_1_FRML
26535,KR65333BN9B0,payment_lag_not_identifiable_from_maturity
26536,KR65333499B3,missing_explicit_survival_coupon
26537,KR65333CE9B0,missing_explicit_survival_coupon
26538,KR65733719B0,missing_explicit_survival_coupon
26539,KR65333BL9B2,payment_lag_not_identifiable_from_maturity
26540,KR65333B69B1,payment_lag_not_identifiable_from_maturity
26541,KR66633199B4,unsupported_ki_window
26542,KR65733789B3,missing_explicit_survival_coupon
26543,KR65333B59B2,missing_explicit_survival_coupon
26544,KR65133089B4,payment_lag_not_identifiable_from_maturity
26549,KR65333B29B5,missing_explicit_survival_coupon
26551,KR65333BE9B1,missing_explicit_survival_coupon
26553,KR65333B19B6,missing_explicit_survival_coupon
26554,KR65333B49B3,missing_explicit_survival_coupon
26556,KR65333479B5,missing_explicit_survival_coupon
26557,KR65333B09B7,missing_explicit_survival_coupon
26559,KR65333B39B4,missing_explicit_survival_coupon
26562,KR65333439B9,missing_explicit_survival_coupon
26565,KR65333BP9B8,payment_lag_not_identifiable_from_maturity
26566,KR65333CG9B8,extra_formula_or_level_PMT_1_FRML
26567,KR65333CF9B9,payment_lag_not_identifiable_from_maturity
26581,KR67693219B5,averaging_not_supported
26588,KR65833819B7,extra_formula_or_level_PMT_EXTRA
26595,KR65833799B1,extra_formula_or_level_PMT_EXTRA
26597,KR65233819B3,missing_explicit_survival_coupon
26601,KR65833809B8,extra_formula_or_level_PMT_EXTRA
26623,KR67333049B2,payment_lag_not_identifiable_from_maturity
26658,KR66593419B4,averaging_not_supported
26722,KR65333DN9B8,missing_explicit_survival_coupon
26723,KR65333DR9B4,missing_explicit_survival_coupon
26724,KR65333DS9B3,payment_lag_not_identifiable_from_maturity
26725,KR65333DK9B1,extra_formula_or_level_PMT_1_FRML
26729,KR65333DW9B7,missing_explicit_survival_coupon
26730,KR65333DT9B2,missing_explicit_survival_coupon
26731,KR65433729B2,missing_explicit_survival_coupon
26732,KR65333DV9B8,missing_explicit_survival_coupon
26733,KR65333DX9B6,missing_explicit_survival_coupon
26734,KR65333DP9B6,missing_explicit_survival_coupon
26735,KR65333DQ9B5,missing_explicit_survival_coupon
26737,KR65333DM9B9,extra_formula_or_level_PMT_1_FRML
26745,KR65733AY9B4,missing_explicit_survival_coupon
26746,KR65793AR9B0,extra_formula_or_level_STRK_2
26747,KR65833BF9B5,extra_formula_or_level_PMT_EXTRA
26773,KR65333G09B6,missing_explicit_survival_coupon
26777,KR65333FP9B4,payment_lag_not_identifiable_from_maturity
26778,KR65333FN9B6,payment_lag_not_identifiable_from_maturity
26779,KR65333FX9B4,missing_explicit_survival_coupon
26780,KR65333FY9B3,missing_explicit_survival_coupon
26781,KR65333G19B5,missing_explicit_survival_coupon
26783,KR65333059C3,extra_formula_or_level_PMT_1_FRML
26788,KR65733AL9B9,missing_explicit_survival_coupon
26789,KR65133449B0,payment_lag_not_identifiable_from_maturity
26790,KR65333129C4,missing_explicit_survival_coupon
26791,KR65333119C5,payment_lag_not_identifiable_from_maturity
26793,20191120000302_23116,missing_explicit_survival_coupon
26795,KR65333109C6,missing_explicit_survival_coupon
26796,20191122000154_1783,payment_lag_not_identifiable_from_maturity
26798,KR65333099C9,missing_explicit_survival_coupon
26799,KR65333159C1,missing_explicit_survival_coupon
26802,KR65333409C0,missing_explicit_survival_coupon
26804,KR65333069C2,extra_formula_or_level_PMT_1_FRML
26806,KR65333079C1,missing_explicit_survival_coupon
26807,KR65333FR9B2,missing_explicit_survival_coupon
26808,KR65333399C3,missing_explicit_survival_coupon
26809,KR65333389C4,missing_explicit_survival_coupon
26810,KR65333FZ9B2,missing_explicit_survival_coupon
26812,KR65333419C9,payment_lag_not_identifiable_from_maturity
26813,KR65333G29B4,missing_explicit_survival_coupon
26814,20191122000154_1784,payment_lag_not_identifiable_from_maturity
26815,KR66593699B1,averaging_not_supported
26817,KR65333089C0,missing_explicit_survival_coupon
26821,KR65133459B9,payment_lag_not_identifiable_from_maturity
26824,KR65333139C3,missing_explicit_survival_coupon
26827,KR65333429C8,extra_formula_or_level_PMT_1_FRML
26829,KR65733AK9B0,missing_explicit_survival_coupon
26835,KR65333149C2,missing_explicit_survival_coupon
26836,KR65333FW9B5,missing_explicit_survival_coupon
26837,KR65333FS9B1,missing_explicit_survival_coupon
26840,KR65833C99B5,extra_formula_or_level_PMT_EXTRA
26842,KR66833109B1,payment_lag_not_identifiable_from_maturity
26844,KR65333FJ9B2,payment_lag_not_identifiable_from_maturity
26866,KR65333589C9,missing_explicit_survival_coupon
26870,KR65333369C6,payment_lag_not_identifiable_from_maturity
26872,KR65333379C5,payment_lag_not_identifiable_from_maturity
26873,KR65333579C0,missing_explicit_survival_coupon
26875,KR65333569C1,missing_explicit_survival_coupon
26877,KR65333359C7,payment_lag_not_identifiable_from_maturity
26882,KR65333339C9,payment_lag_not_identifiable_from_maturity
26895,KR67693039C5,averaging_not_supported
26899,KR65333599C8,payment_lag_not_identifiable_from_maturity
26907,KR65333349C8,payment_lag_not_identifiable_from_maturity
26911,KR65333629C3,payment_lag_not_identifiable_from_maturity
26919,KR65793399C6,extra_formula_or_level_STRK_2
26921,KR65333679C8,payment_lag_not_identifiable_from_maturity
26922,KR65733459C1,missing_explicit_survival_coupon
26924,KR65333749C9,payment_lag_not_identifiable_from_maturity
26927,KR65333669C9,payment_lag_not_identifiable_from_maturity
26929,KR65333689C7,payment_lag_not_identifiable_from_maturity
26938,KR65333649C1,payment_lag_not_identifiable_from_maturity
26939,KR65333659C0,payment_lag_not_identifiable_from_maturity
26945,KR65333639C2,payment_lag_not_identifiable_from_maturity
26947,KR65333699C6,payment_lag_not_identifiable_from_maturity
26949,KR65333709C3,payment_lag_not_identifiable_from_maturity
26952,KR65333769C7,payment_lag_not_identifiable_from_maturity
26954,KR65333289C6,payment_lag_not_identifiable_from_maturity
26955,KR65333259C9,missing_explicit_survival_coupon
26956,KR65333239C1,extra_formula_or_level_PMT_1_FRML
26958,KR65333999C0,payment_lag_not_identifiable_from_maturity
26959,KR65333249C0,missing_explicit_survival_coupon
26960,KR65333229C2,extra_formula_or_level_PMT_1_FRML
26961,KR65333319C1,missing_explicit_survival_coupon
26962,KR65333329C0,missing_explicit_survival_coupon
26964,KR65333759C8,payment_lag_not_identifiable_from_maturity
26965,KR65333269C8,missing_explicit_survival_coupon
26966,KR65333279C7,missing_explicit_survival_coupon
26970,KR65333309C2,missing_explicit_survival_coupon
26971,KR65333299C5,missing_explicit_survival_coupon
26978,KR65333A69C1,payment_lag_not_identifiable_from_maturity
26979,KR65333A39C4,missing_explicit_survival_coupon
26980,KR65333A49C3,missing_explicit_survival_coupon
26981,KR65333A29C5,missing_explicit_survival_coupon
26982,20191128000177_23224,missing_explicit_survival_coupon
26984,KR65733A19C7,missing_explicit_survival_coupon
26987,KR65333AE9C0,payment_lag_not_identifiable_from_maturity
26992,KR66593049C7,averaging_not_supported
26997,KR65333A89C9,missing_explicit_survival_coupon
26998,KR65333A79C0,extra_formula_or_level_PMT_1_FRML
27006,KR65333A59C2,payment_lag_not_identifiable_from_maturity
27025,KR67033199C6,missing_explicit_survival_coupon
27030,KR65333AB9C3,payment_lag_not_identifiable_from_maturity
27031,KR65133049C6,payment_lag_not_identifiable_from_maturity
27034,KR65333A99C8,payment_lag_not_identifiable_from_maturity
27038,KR65333AC9C2,payment_lag_not_identifiable_from_maturity
27043,KR65333AD9C1,payment_lag_not_identifiable_from_maturity
27048,KR65333AA9C4,payment_lag_not_identifiable_from_maturity
27053,KR65133039C7,payment_lag_not_identifiable_from_maturity
27076,KR67693149C2,averaging_not_supported
27080,KR65333BL9C0,payment_lag_not_identifiable_from_maturity
27082,KR65733A39C5,missing_explicit_survival_coupon
27089,KR65333819C0,missing_explicit_survival_coupon
27095,KR65333809C1,extra_formula_or_level_PMT_1_FRML
27100,KR65333859C6,missing_explicit_survival_coupon
27105,KR65333839C8,missing_explicit_survival_coupon
27106,KR65333849C7,missing_explicit_survival_coupon
27107,KR65793949C8,extra_formula_or_level_STRK_2
27109,KR66633029C1,unsupported_ki_window
27110,KR65333BE9C9,payment_lag_not_identifiable_from_maturity
27111,KR65333BJ9C4,payment_lag_not_identifiable_from_maturity
27113,KR65333829C9,missing_explicit_survival_coupon
27114,KR65333BG9C7,extra_formula_or_level_PMT_1_FRML
27117,KR65333BH9C6,payment_lag_not_identifiable_from_maturity
27118,KR65333869C5,payment_lag_not_identifiable_from_maturity
27122,KR65333879C4,missing_explicit_survival_coupon
27124,KR65833819C5,extra_formula_or_level_PMT_EXTRA
27129,KR65333BF9C8,payment_lag_not_identifiable_from_maturity
27133,KR65333899C2,missing_explicit_survival_coupon
27134,KR65333909C9,missing_explicit_survival_coupon
27138,KR65333BK9C1,payment_lag_not_identifiable_from_maturity
27140,KR65333BS9C3,payment_lag_not_identifiable_from_maturity
27141,KR65333BT9C2,missing_explicit_survival_coupon
27142,KR65333BR9C4,payment_lag_not_identifiable_from_maturity
27143,KR65333BV9C8,missing_explicit_survival_coupon
27144,KR65733A09C8,missing_explicit_survival_coupon
27146,KR65333889C3,extra_formula_or_level_PMT_1_FRML
27149,KR65333BW9C7,payment_lag_not_identifiable_from_maturity
27159,KR65333CA9C2,missing_explicit_survival_coupon
27160,KR65333CB9C1,missing_explicit_survival_coupon
27164,KR65333C89C5,extra_formula_or_level_PMT_1_FRML
27165,KR65333C59C8,payment_lag_not_identifiable_from_maturity
27167,KR65333C29C1,payment_lag_not_identifiable_from_maturity
27170,KR65333CD9C9,missing_explicit_survival_coupon
27172,KR65333C99C4,missing_explicit_survival_coupon
27173,KR66633049C9,unsupported_ki_window
27177,KR65833839C3,extra_formula_or_level_PMT_EXTRA
27182,KR65333C39C0,payment_lag_not_identifiable_from_maturity
27183,KR65333C49C9,payment_lag_not_identifiable_from_maturity
27184,KR65333C09C3,payment_lag_not_identifiable_from_maturity
27185,KR65333C19C2,payment_lag_not_identifiable_from_maturity
27186,KR65333CE9C8,missing_explicit_survival_coupon
27187,KR65333CC9C0,missing_explicit_survival_coupon
27189,KR65333DA9C1,missing_explicit_survival_coupon
27194,KR65333D39C8,missing_explicit_survival_coupon
27198,KR65333DB9C0,missing_explicit_survival_coupon
27199,KR65333DC9C9,payment_lag_not_identifiable_from_maturity
27203,KR66593329C3,averaging_not_supported
27204,KR65333D69C5,extra_formula_or_level_PMT_1_FRML
27216,KR65333D79C4,missing_explicit_survival_coupon
27218,KR65333D59C6,payment_lag_not_identifiable_from_maturity
27219,KR65333D99C2,missing_explicit_survival_coupon
27221,20191205000043_23290,missing_explicit_survival_coupon
27232,KR65333D49C7,missing_explicit_survival_coupon
27235,KR65333D89C3,missing_explicit_survival_coupon
27258,KR67693279C7,averaging_not_supported
27259,KR65333DP9C4,payment_lag_not_identifiable_from_maturity
27261,KR65133099C1,payment_lag_not_identifiable_from_maturity
27263,20191209000290_4425,unsupported_ki_window
27269,KR65333DN9C6,payment_lag_not_identifiable_from_maturity
27272,KR65333DM9C7,payment_lag_not_identifiable_from_maturity
27282,KR65333B29C3,missing_explicit_survival_coupon
27283,KR65333AZ9C5,extra_formula_or_level_PMT_1_FRML
27284,KR65333B99C6,missing_explicit_survival_coupon
27285,KR65333B69C9,missing_explicit_survival_coupon
27286,KR65333B19C4,missing_explicit_survival_coupon
27287,KR65333B89C7,missing_explicit_survival_coupon
27289,KR65533859C4,missing_explicit_survival_coupon
27291,KR65333B39C2,missing_explicit_survival_coupon
27292,KR65333B79C8,missing_explicit_survival_coupon
27293,KR65333B49C1,missing_explicit_survival_coupon
27296,KR65333B59C0,payment_lag_not_identifiable_from_maturity
27297,KR65333B09C5,extra_formula_or_level_PMT_1_FRML
27302,KR65333E89C1,payment_lag_not_identifiable_from_maturity
27305,KR65733BN9C4,missing_explicit_survival_coupon
27307,KR65333E79C2,payment_lag_not_identifiable_from_maturity
27309,KR65333DW9C5,payment_lag_not_identifiable_from_maturity
27310,KR65793BG9C0,extra_formula_or_level_STRK_2
27312,KR65333EA9C0,payment_lag_not_identifiable_from_maturity
27316,KR65333E99C0,payment_lag_not_identifiable_from_maturity
27321,KR65333DT9C0,payment_lag_not_identifiable_from_maturity
27324,KR65333EB9C9,missing_explicit_survival_coupon
27325,KR65333DY9C3,payment_lag_not_identifiable_from_maturity
27330,KR65333DX9C4,payment_lag_not_identifiable_from_maturity
27331,KR65333DV9C6,extra_formula_or_level_PMT_1_FRML
27333,KR65333EM9C6,payment_lag_not_identifiable_from_maturity
27334,KR65333E59C4,payment_lag_not_identifiable_from_maturity
27348,KR65833B99C5,extra_formula_or_level_PMT_EXTRA
27358,KR65333F59C1,payment_lag_not_identifiable_from_maturity
27363,KR65333F29C4,missing_explicit_survival_coupon
27365,KR65333F49C2,extra_formula_or_level_PMT_1_FRML
27366,KR65333ES9C0,extra_formula_or_level_PMT_1_FRML
27373,KR65493339C5,missing_explicit_survival_coupon
27374,KR65333EZ9C1,missing_explicit_survival_coupon
27377,KR65333F09C6,missing_explicit_survival_coupon
27379,KR66593589C2,averaging_not_supported
27380,KR65333ET9C9,payment_lag_not_identifiable_from_maturity
27384,KR65733AG9C4,missing_explicit_survival_coupon
27385,KR65333EX9C3,missing_explicit_survival_coupon
27393,20191212000043_23372,missing_explicit_survival_coupon
27394,20191212000043_23370,missing_explicit_survival_coupon
27395,20191212000043_23373,missing_explicit_survival_coupon
27396,KR65333EV9C5,payment_lag_not_identifiable_from_maturity
27398,KR65833BB9C7,extra_formula_or_level_PMT_EXTRA
27404,KR65333EW9C4,missing_explicit_survival_coupon
27415,KR65333F79C9,extra_formula_or_level_PMT_1_FRML
27419,KR65333F89C8,payment_lag_not_identifiable_from_maturity
27420,KR65333F99C7,payment_lag_not_identifiable_from_maturity
27431,KR65333G59C9,extra_formula_or_level_PMT_1_FRML
27433,KR65333CN9C7,extra_formula_or_level_PMT_1_FRML
27435,KR65333D09C1,missing_explicit_survival_coupon
27436,KR65333CY9C4,missing_explicit_survival_coupon
27447,KR65333CT9C1,missing_explicit_survival_coupon
27449,KR65333CS9C2,missing_explicit_survival_coupon
27450,KR65333CQ9C4,missing_explicit_survival_coupon
27455,KR65333CP9C5,extra_formula_or_level_PMT_1_FRML
27456,KR65333CZ9C3,missing_explicit_survival_coupon
27457,KR65333CX9C5,missing_explicit_survival_coupon
27458,KR65333CW9C6,payment_lag_not_identifiable_from_maturity
27461,KR65333FA9C9,payment_lag_not_identifiable_from_maturity
27465,KR65333F69C0,payment_lag_not_identifiable_from_maturity
27469,KR65333EY9C2,payment_lag_not_identifiable_from_maturity
27473,KR65333FB9C8,payment_lag_not_identifiable_from_maturity
27479,KR65333CV9C7,missing_explicit_survival_coupon
27480,KR65133239C3,unsupported_ki_window
27483,KR65333F39C3,payment_lag_not_identifiable_from_maturity
27490,KR65333G69C8,missing_explicit_survival_coupon
27503,KR65333GZ9C9,missing_explicit_survival_coupon
27506,KR65333HH9C0,payment_lag_not_identifiable_from_maturity
27509,KR65333H39C9,payment_lag_not_identifiable_from_maturity
27510,KR65333HD9C4,payment_lag_not_identifiable_from_maturity
27517,KR65833CB9C6,extra_formula_or_level_PMT_EXTRA
27520,KR65333H09C2,missing_explicit_survival_coupon
27521,KR65333HE9C3,payment_lag_not_identifiable_from_maturity
27523,KR66593789C8,averaging_not_supported
27524,KR65333HF9C2,payment_lag_not_identifiable_from_maturity
27525,KR65333HG9C1,payment_lag_not_identifiable_from_maturity
27526,KR65333HB9C6,payment_lag_not_identifiable_from_maturity
27527,KR65333H19C1,payment_lag_not_identifiable_from_maturity
27531,KR66633409C5,unsupported_ki_window
27538,KR65333H29C0,payment_lag_not_identifiable_from_maturity
27541,KR65333J49C4,extra_formula_or_level_PMT_1_FRML
27542,KR65333HW9C1,payment_lag_not_identifiable_from_maturity
27544,KR65333FM9C5,missing_explicit_survival_coupon
27548,KR65733D19C1,missing_explicit_survival_coupon
27550,KR65833D09C0,extra_formula_or_level_PMT_EXTRA
27554,KR65333HZ9C8,payment_lag_not_identifiable_from_maturity
27557,KR65333FP9C2,missing_explicit_survival_coupon
27560,KR65333FL9C6,missing_explicit_survival_coupon
27563,KR65333HX9C0,payment_lag_not_identifiable_from_maturity
27566,KR67033969C2,missing_explicit_survival_coupon
27567,KR65333HN9C2,missing_explicit_survival_coupon
27568,KR65333FN9C4,missing_explicit_survival_coupon
27569,KR65333HL9C4,missing_explicit_survival_coupon
27570,KR65333FQ9C1,missing_explicit_survival_coupon
27571,KR65333J39C5,missing_explicit_survival_coupon
27573,KR66633429C3,unsupported_ki_window
27576,20191219000030_23411,missing_explicit_survival_coupon
27577,KR65333HV9C2,missing_explicit_survival_coupon
27578,KR65333HM9C3,missing_explicit_survival_coupon
27579,KR65333HQ9C9,extra_formula_or_level_PMT_1_FRML
27580,KR65333HS9C7,missing_explicit_survival_coupon
27581,KR65333HP9C0,missing_explicit_survival_coupon
27583,KR65333J09C8,extra_formula_or_level_PMT_1_FRML
27584,KR65333GX9C1,payment_lag_not_identifiable_from_maturity
27585,KR65333HY9C9,payment_lag_not_identifiable_from_maturity
27586,KR65333FJ9C0,missing_explicit_survival_coupon
27589,KR65333HT9C6,missing_explicit_survival_coupon
27590,KR65333GV9C3,payment_lag_not_identifiable_from_maturity
27591,KR65333J29C6,missing_explicit_survival_coupon
27592,KR65333J99C9,missing_explicit_survival_coupon
27594,KR65333H69C6,payment_lag_not_identifiable_from_maturity
27596,20191218000011_23403,payment_lag_not_identifiable_from_maturity
27598,KR65333H59C7,payment_lag_not_identifiable_from_maturity
27601,KR65333FF9C4,missing_explicit_survival_coupon
27602,20191219000030_23409,payment_lag_not_identifiable_from_maturity
27604,KR65333HA9C7,payment_lag_not_identifiable_from_maturity
27605,KR65333HK9C5,missing_explicit_survival_coupon
27606,KR65333GP9C1,payment_lag_not_identifiable_from_maturity
27608,KR65333FE9C5,missing_explicit_survival_coupon
27609,KR65793CX9C8,extra_formula_or_level_STRK_2
27611,KR65333FK9C7,payment_lag_not_identifiable_from_maturity
27614,KR65333H49C8,extra_formula_or_level_PMT_1_FRML
27615,KR65333FH9C2,missing_explicit_survival_coupon
27617,KR65333H89C4,payment_lag_not_identifiable_from_maturity
27619,KR65333FD9C6,extra_formula_or_level_PMT_1_FRML
27623,KR65333GQ9C0,payment_lag_not_identifiable_from_maturity
27624,KR65333GW9C2,payment_lag_not_identifiable_from_maturity
27626,KR65333GY9C0,payment_lag_not_identifiable_from_maturity
27627,KR65333GT9C7,payment_lag_not_identifiable_from_maturity
27647,KR6659304A17,averaging_not_supported
27689,KR6533334A18,extra_formula_or_level_PMT_1_FRML
27727,KR6533316A10,missing_explicit_survival_coupon
27728,KR6533314A12,missing_explicit_survival_coupon
27729,KR6533341A19,extra_formula_or_level_PMT_1_FRML
27731,KR6533311A15,extra_formula_or_level_PMT_1_FRML
27732,KR6533321A13,missing_explicit_survival_coupon
27733,KR6533318A18,missing_explicit_survival_coupon
27734,KR6533319A17,missing_explicit_survival_coupon
27735,KR6533315A11,missing_explicit_survival_coupon
27739,KR6533320A14,missing_explicit_survival_coupon
27740,KR6533312A14,extra_formula_or_level_PMT_1_FRML
27741,KR6533313A13,missing_explicit_survival_coupon
27743,KR6533317A19,payment_lag_not_identifiable_from_maturity
27744,KR6533322A12,missing_explicit_survival_coupon
27745,KR6659310A19,averaging_not_supported
27746,KR6533386A15,missing_explicit_survival_coupon
27749,KR6533383A18,missing_explicit_survival_coupon
27757,KR6533388A13,payment_lag_not_identifiable_from_maturity
27758,KR6533384A17,missing_explicit_survival_coupon
27766,KR6533389A12,extra_formula_or_level_PMT_1_FRML
27769,KR6533371A12,extra_formula_or_level_PMT_1_FRML
27771,KR6533387A14,payment_lag_not_identifiable_from_maturity
27786,KR6703347A12,missing_explicit_survival_coupon
27792,KR6579354A16,extra_formula_or_level_STRK_2
27794,20200106000275_4435,unsupported_ki_window
27796,KR65333ACA12,payment_lag_not_identifiable_from_maturity
27798,KR65333ADA11,payment_lag_not_identifiable_from_maturity
27800,KR6533380A11,payment_lag_not_identifiable_from_maturity
27808,KR6533381A10,payment_lag_not_identifiable_from_maturity
27809,KR6573359A14,missing_explicit_survival_coupon
27815,KR6533382A19,extra_formula_or_level_PMT_1_FRML
27822,KR65333B7A18,missing_explicit_survival_coupon
27823,KR65333B9A16,payment_lag_not_identifiable_from_maturity
27831,KR6733305A19,payment_lag_not_identifiable_from_maturity
27834,KR65333B8A17,missing_explicit_survival_coupon
27840,KR65333BHA16,payment_lag_not_identifiable_from_maturity
27844,KR6659332A13,averaging_not_supported
27845,KR65333BFA18,missing_explicit_survival_coupon
27849,KR65333BJA14,payment_lag_not_identifiable_from_maturity
27852,KR65333BTA12,payment_lag_not_identifiable_from_maturity
27853,KR65333BSA13,payment_lag_not_identifiable_from_maturity
27855,KR65333BDA10,missing_explicit_survival_coupon
27857,KR65333BGA17,extra_formula_or_level_PMT_1_FRML
27867,KR65333C6A17,payment_lag_not_identifiable_from_maturity
27868,KR6533354A13,missing_explicit_survival_coupon
27869,KR6533357A10,missing_explicit_survival_coupon
27870,KR65333BNA18,payment_lag_not_identifiable_from_maturity
27871,KR6533344A16,missing_explicit_survival_coupon
27872,KR65333BLA10,extra_formula_or_level_PMT_1_FRML
27874,KR6533355A12,missing_explicit_survival_coupon
27875,KR65333C4A19,payment_lag_not_identifiable_from_maturity
27876,KR6533345A15,missing_explicit_survival_coupon
27880,KR65333C5A18,payment_lag_not_identifiable_from_maturity
27882,KR65333C3A10,missing_explicit_survival_coupon
27885,KR6533353A14,extra_formula_or_level_PMT_1_FRML
27886,KR65333BQA15,payment_lag_not_identifiable_from_maturity
27887,KR65333BPA16,payment_lag_not_identifiable_from_maturity
27891,KR6533347A13,missing_explicit_survival_coupon
27892,KR65333BKA11,payment_lag_not_identifiable_from_maturity
27893,KR65333C2A11,missing_explicit_survival_coupon
27894,KR6533346A14,missing_explicit_survival_coupon
27895,KR6533356A11,missing_explicit_survival_coupon
27896,KR6533343A17,missing_explicit_survival_coupon
27897,KR6533358A19,payment_lag_not_identifiable_from_maturity
27900,KR65333BMA19,extra_formula_or_level_PMT_1_FRML
27904,KR65333D2A19,payment_lag_not_identifiable_from_maturity
27905,KR65333D3A18,payment_lag_not_identifiable_from_maturity
27906,KR65333D6A15,missing_explicit_survival_coupon
27908,KR65333D0A11,extra_formula_or_level_PMT_1_FRML
27909,KR65333D1A10,payment_lag_not_identifiable_from_maturity
27911,KR6659329A18,averaging_not_supported
27913,KR6733308A16,payment_lag_not_identifiable_from_maturity
27915,KR6583385A11,extra_formula_or_level_PMT_EXTRA
27916,KR65333CNA17,missing_explicit_survival_coupon
27917,KR65333CKA10,missing_explicit_survival_coupon
27918,KR65333CMA18,missing_explicit_survival_coupon
27920,KR65333CLA19,missing_explicit_survival_coupon
27931,KR65333D4A17,missing_explicit_survival_coupon
27937,KR6663312A19,unsupported_ki_window
27944,KR65333CWA16,missing_explicit_survival_coupon
27945,KR65333D7A14,missing_explicit_survival_coupon
27946,KR65333D5A16,missing_explicit_survival_coupon
27947,KR6793318A18,unsupported_PRCP_GRTE_RT
27956,KR65333CSA12,payment_lag_not_identifiable_from_maturity
27965,KR6513309A11,unsupported_ki_window
27978,KR6513308A12,unsupported_ki_window
27983,KR65333CTA11,payment_lag_not_identifiable_from_maturity
27992,KR65733AJA11,missing_explicit_survival_coupon
27993,KR6769327A17,averaging_not_supported
27994,KR65333CPA15,payment_lag_not_identifiable_from_maturity
27997,KR65333CRA13,payment_lag_not_identifiable_from_maturity
28001,KR65333CVA17,payment_lag_not_identifiable_from_maturity
28002,KR65333CQA14,payment_lag_not_identifiable_from_maturity
28008,KR65333ECA18,missing_explicit_survival_coupon
28011,KR65833AEA15,extra_formula_or_level_PMT_EXTRA
28013,KR65333EAA10,payment_lag_not_identifiable_from_maturity
28016,KR65333EBA19,missing_explicit_survival_coupon
28017,KR65333EDA17,extra_formula_or_level_PMT_1_FRML
28025,KR65333B1A14,missing_explicit_survival_coupon
28026,KR65333B3A12,missing_explicit_survival_coupon
28027,KR65333EXA13,payment_lag_not_identifiable_from_maturity
28029,KR65333B0A15,missing_explicit_survival_coupon
28030,KR65333AYA16,payment_lag_not_identifiable_from_maturity
28031,KR65333ENA15,missing_explicit_survival_coupon
28032,KR65333B4A11,missing_explicit_survival_coupon
28035,KR65333EWA14,payment_lag_not_identifiable_from_maturity
28043,KR65333EQA12,missing_explicit_survival_coupon
28047,KR6663338A19,unsupported_ki_window
28049,KR65333B2A13,missing_explicit_survival_coupon
28050,KR65333AZA15,payment_lag_not_identifiable_from_maturity
28052,KR65793AZA18,extra_formula_or_level_STRK_2
28055,KR65333ARA15,extra_formula_or_level_PMT_1_FRML
28057,KR65333EYA12,payment_lag_not_identifiable_from_maturity
28058,KR65333AXA17,missing_explicit_survival_coupon
28059,KR65333ATA13,missing_explicit_survival_coupon
28060,KR65333AVA19,missing_explicit_survival_coupon
28061,KR65333ASA14,missing_explicit_survival_coupon
28064,KR65833ATA18,extra_formula_or_level_PMT_EXTRA
28065,KR65333FXA12,payment_lag_not_identifiable_from_maturity
28067,KR6663339A18,monthly_evaluation_outside_life
28069,KR6523363A13,payment_lag_not_identifiable_from_maturity
28070,KR65333FSA19,missing_explicit_survival_coupon
28071,KR65333FWA13,payment_lag_not_identifiable_from_maturity
28075,KR65333FYA11,extra_formula_or_level_PMT_1_FRML
28076,KR65333FTA18,missing_explicit_survival_coupon
28077,KR65333EVA15,payment_lag_not_identifiable_from_maturity
28079,KR65333FNA14,missing_explicit_survival_coupon
28080,KR65333FPA12,payment_lag_not_identifiable_from_maturity
28087,KR65333ETA19,payment_lag_not_identifiable_from_maturity
28088,KR65333ESA10,payment_lag_not_identifiable_from_maturity
28089,KR65333ERA11,payment_lag_not_identifiable_from_maturity
28096,KR65333ELA17,payment_lag_not_identifiable_from_maturity
28097,KR65333FRA10,missing_explicit_survival_coupon
28099,KR65333FVA14,missing_explicit_survival_coupon
28100,KR65333FQA11,payment_lag_not_identifiable_from_maturity
28103,KR6663314A17,monthly_evaluation_outside_life
28106,KR6513315A13,payment_lag_not_identifiable_from_maturity
28108,KR65733BBA18,missing_explicit_survival_coupon
28113,KR65333EMA16,payment_lag_not_identifiable_from_maturity
28114,KR6659355A15,averaging_not_supported
28118,KR65333FMA15,extra_formula_or_level_PMT_1_FRML
28128,KR6769341A19,averaging_not_supported
28132,KR6703384A16,missing_explicit_survival_coupon
28136,KR65333FLA16,payment_lag_not_identifiable_from_maturity
28146,KR65333GNA13,missing_explicit_survival_coupon
28152,KR65333GFA13,payment_lag_not_identifiable_from_maturity
28153,KR65333GDA15,payment_lag_not_identifiable_from_maturity
28155,KR65333GAA18,payment_lag_not_identifiable_from_maturity
28156,KR65333GPA11,missing_explicit_survival_coupon
28159,KR65333GQA10,payment_lag_not_identifiable_from_maturity
28161,20200128000061_23737,missing_explicit_survival_coupon
28163,KR65333GMA14,extra_formula_or_level_PMT_1_FRML
28164,KR65333GEA14,payment_lag_not_identifiable_from_maturity
28167,KR65333GHA11,extra_formula_or_level_PMT_1_FRML
28169,KR65333GGA12,payment_lag_not_identifiable_from_maturity
28170,KR65333G9A15,payment_lag_not_identifiable_from_maturity
28171,KR65333GBA17,payment_lag_not_identifiable_from_maturity
28174,KR65833BZA19,extra_formula_or_level_PMT_EXTRA
28175,KR65333GCA16,payment_lag_not_identifiable_from_maturity
28177,KR6663337A10,monthly_evaluation_outside_life
28178,KR65333DRA12,extra_formula_or_level_PMT_1_FRML
28180,KR65333DVA16,missing_explicit_survival_coupon
28181,KR65333DZA12,missing_explicit_survival_coupon
28182,KR65333DTA10,missing_explicit_survival_coupon
28183,KR65333DXA14,payment_lag_not_identifiable_from_maturity
28185,KR65333HCA15,extra_formula_or_level_PMT_1_FRML
28186,KR65333H0A12,missing_explicit_survival_coupon
28187,KR65333H7A15,payment_lag_not_identifiable_from_maturity
28188,KR65333H6A16,payment_lag_not_identifiable_from_maturity
28190,KR65333E3A16,missing_explicit_survival_coupon
28191,KR65333H5A17,payment_lag_not_identifiable_from_maturity
28193,KR65333E1A18,missing_explicit_survival_coupon
28194,KR65333E0A19,missing_explicit_survival_coupon
28195,KR65333DYA13,payment_lag_not_identifiable_from_maturity
28199,KR65333H1A11,payment_lag_not_identifiable_from_maturity
28201,KR65333DWA15,missing_explicit_survival_coupon
28202,KR6663340A15,unsupported_ki_window
28205,KR65333E2A17,missing_explicit_survival_coupon
28206,KR65333DSA11,missing_explicit_survival_coupon
28208,KR65333H3A19,payment_lag_not_identifiable_from_maturity
28210,KR65333GTA17,payment_lag_not_identifiable_from_maturity
28212,KR6659366A12,averaging_not_supported
28215,KR65333HNA12,payment_lag_not_identifiable_from_maturity
28221,KR6793332A10,unsupported_PRCP_GRTE_RT
28224,KR65333GVA13,payment_lag_not_identifiable_from_maturity
28225,KR65333GXA11,extra_formula_or_level_PMT_1_FRML
28226,20200122000206_23718,missing_explicit_survival_coupon
28227,KR65333GYA10,payment_lag_not_identifiable_from_maturity
28234,KR65733C6A18,missing_explicit_survival_coupon
28241,20200122000206_23716,missing_explicit_survival_coupon
28243,20200122000206_23713,extra_formula_or_level_PMT_1_FRML
28244,20200122000206_23717,missing_explicit_survival_coupon
28246,KR65333H2A10,payment_lag_not_identifiable_from_maturity
28247,KR65333HKA15,missing_explicit_survival_coupon
28250,KR65333HPA10,payment_lag_not_identifiable_from_maturity
28251,KR65333GWA12,extra_formula_or_level_PMT_1_FRML
28255,KR65333H4A18,payment_lag_not_identifiable_from_maturity
28259,KR65833CCA15,extra_formula_or_level_PMT_EXTRA
28260,KR65333HJA18,missing_explicit_survival_coupon
28264,KR65333HHA10,missing_explicit_survival_coupon
28267,KR65333HLA14,missing_explicit_survival_coupon
28268,KR65333HMA13,missing_explicit_survival_coupon
28269,KR65793C1A17,extra_formula_or_level_STRK_2
28270,KR6659376A10,averaging_not_supported
28275,20200122000206_23714,payment_lag_not_identifiable_from_maturity
28279,20200122000206_23715,missing_explicit_survival_coupon
28287,KR6533351A24,missing_explicit_survival_coupon
28288,KR6533350A25,missing_explicit_survival_coupon
28295,KR6583314A25,extra_formula_or_level_PMT_EXTRA
28296,KR6583315A24,extra_formula_or_level_PMT_EXTRA
28298,KR6533325A27,payment_lag_not_identifiable_from_maturity
28310,KR6533326A26,payment_lag_not_identifiable_from_maturity
28316,KR6533349A29,extra_formula_or_level_PMT_1_FRML
28318,KR6533347A21,payment_lag_not_identifiable_from_maturity
28319,KR6533348A20,payment_lag_not_identifiable_from_maturity
28324,KR6533345A23,payment_lag_not_identifiable_from_maturity
28334,KR6533344A24,payment_lag_not_identifiable_from_maturity
28335,KR6533356A29,missing_explicit_survival_coupon
28336,KR6583321A26,extra_formula_or_level_PMT_EXTRA
28339,KR6583322A25,extra_formula_or_level_PMT_EXTRA
28340,KR6533355A20,extra_formula_or_level_PMT_1_FRML
28341,KR6533346A22,payment_lag_not_identifiable_from_maturity
28346,KR6533365A28,missing_explicit_survival_coupon
28348,KR6583333A22,extra_formula_or_level_PMT_EXTRA
28351,KR6533366A27,missing_explicit_survival_coupon
28370,KR6533311A23,payment_lag_not_identifiable_from_maturity
28381,KR6533362A21,extra_formula_or_level_PMT_1_FRML
28382,KR6533314A20,missing_explicit_survival_coupon
28383,KR6663301A20,unsupported_ki_window
28384,KR6533309A27,missing_explicit_survival_coupon
28385,KR6583338A27,extra_formula_or_level_PMT_EXTRA
28387,KR6533310A24,missing_explicit_survival_coupon
28388,KR6583339A26,extra_formula_or_level_PMT_EXTRA
28391,KR6533392A25,missing_explicit_survival_coupon
28392,KR6533315A29,missing_explicit_survival_coupon
28393,KR6533316A28,missing_explicit_survival_coupon
28398,KR6533318A26,missing_explicit_survival_coupon
28399,KR6533306A20,extra_formula_or_level_PMT_1_FRML
28401,KR6533321A21,missing_explicit_survival_coupon
28403,KR6533307A29,extra_formula_or_level_PMT_1_FRML
28404,KR6533308A28,missing_explicit_survival_coupon
28406,KR6533313A21,payment_lag_not_identifiable_from_maturity
28410,KR6533361A22,payment_lag_not_identifiable_from_maturity
28411,KR6533317A27,missing_explicit_survival_coupon
28413,KR65333AAA22,missing_explicit_survival_coupon
28416,KR65333AFA27,extra_formula_or_level_PMT_1_FRML
28417,KR65333AEA28,extra_formula_or_level_PMT_1_FRML
28418,KR6583351A29,extra_formula_or_level_PMT_EXTRA
28422,KR6659303A26,averaging_not_supported
28423,KR65333ACA20,payment_lag_not_identifiable_from_maturity
28425,KR65333ABA21,missing_explicit_survival_coupon
28428,KR6579340A21,extra_formula_or_level_STRK_2
28434,KR6583350A20,extra_formula_or_level_PMT_EXTRA
28440,KR65333A2A23,missing_explicit_survival_coupon
28441,KR65333A9A26,missing_explicit_survival_coupon
28442,KR6573345A29,missing_explicit_survival_coupon
28446,KR65333ADA29,payment_lag_not_identifiable_from_maturity
28447,KR65333A7A28,extra_formula_or_level_PMT_1_FRML
28450,KR65333A8A27,missing_explicit_survival_coupon
28460,KR65333AYA24,missing_explicit_survival_coupon
28462,KR65333AXA25,missing_explicit_survival_coupon
28463,KR6513305A23,payment_lag_not_identifiable_from_maturity
28468,KR65333AWA26,extra_formula_or_level_PMT_1_FRML
28480,20200203000191_1795,payment_lag_not_identifiable_from_maturity
28481,20200203000326_4458,unsupported_ki_window
28494,KR6583357A23,extra_formula_or_level_PMT_EXTRA
28514,KR6523331A20,missing_explicit_survival_coupon
28523,KR65333AZA23,payment_lag_not_identifiable_from_maturity
28526,KR6583377A29,extra_formula_or_level_PMT_EXTRA
28530,KR65333B0A23,payment_lag_not_identifiable_from_maturity
28532,KR65333B1A22,payment_lag_not_identifiable_from_maturity
28534,KR6533376A25,missing_explicit_survival_coupon
28535,KR65333C2A29,payment_lag_not_identifiable_from_maturity
28536,KR6533387A22,missing_explicit_survival_coupon
28540,KR65333C3A28,payment_lag_not_identifiable_from_maturity
28542,KR6533384A25,payment_lag_not_identifiable_from_maturity
28543,KR6659324A21,averaging_not_supported
28544,KR6663304A27,unsupported_ki_window
28548,KR6533382A27,missing_explicit_survival_coupon
28550,KR6533383A26,payment_lag_not_identifiable_from_maturity
28553,KR6533388A21,missing_explicit_survival_coupon
28555,KR6533385A24,missing_explicit_survival_coupon
28556,KR65333C1A20,payment_lag_not_identifiable_from_maturity
28558,KR6533378A23,extra_formula_or_level_PMT_1_FRML
28560,KR65333BTA20,extra_formula_or_level_PMT_1_FRML
28564,KR6533379A22,extra_formula_or_level_PMT_1_FRML
28566,KR6533380A29,missing_explicit_survival_coupon
28569,KR6533389A20,missing_explicit_survival_coupon
28570,KR6533386A23,missing_explicit_survival_coupon
28573,KR6533381A28,missing_explicit_survival_coupon
28576,KR65333BYA23,extra_formula_or_level_PMT_1_FRML
28577,KR65333BXA24,payment_lag_not_identifiable_from_maturity
28583,KR65333CDA27,missing_explicit_survival_coupon
28596,KR65333CCA28,missing_explicit_survival_coupon
28597,KR65333CAA20,missing_explicit_survival_coupon
28600,KR65333C9A22,missing_explicit_survival_coupon
28602,KR6793322A20,unsupported_PRCP_GRTE_RT
28612,KR65333CQA22,missing_explicit_survival_coupon
28614,KR65333CXA23,extra_formula_or_level_PMT_1_FRML
28616,KR65333D0A29,missing_explicit_survival_coupon
28617,KR65333D1A28,missing_explicit_survival_coupon
28623,KR6579398A22,extra_formula_or_level_STRK_2
28627,KR65333CRA21,missing_explicit_survival_coupon
28629,KR6659328A27,averaging_not_supported
28630,KR65333CVA25,payment_lag_not_identifiable_from_maturity
28633,KR65333CSA20,missing_explicit_survival_coupon
28634,KR65333CTA29,missing_explicit_survival_coupon
28635,KR65733A4A22,missing_explicit_survival_coupon
28639,KR65333CWA24,payment_lag_not_identifiable_from_maturity
28652,KR6653327A21,missing_explicit_survival_coupon
28654,KR65333CBA29,missing_explicit_survival_coupon
28673,KR65333CZA21,extra_formula_or_level_PMT_1_FRML
28679,20200210000489_1797,payment_lag_not_identifiable_from_maturity
28684,KR6703359A25,missing_explicit_survival_coupon
28693,KR6513310A26,payment_lag_not_identifiable_from_maturity
28699,KR6523391A27,missing_explicit_survival_coupon
28700,KR65333E0A27,extra_formula_or_level_PMT_1_FRML
28705,KR65833ANA22,extra_formula_or_level_PMT_EXTRA
28709,KR65333EHA21,payment_lag_not_identifiable_from_maturity
28710,KR65333BEA27,missing_explicit_survival_coupon
28712,KR65333BDA28,missing_explicit_survival_coupon
28713,KR65333BMA27,missing_explicit_survival_coupon
28714,KR65333BCA29,missing_explicit_survival_coupon
28725,KR65333EGA22,payment_lag_not_identifiable_from_maturity
28727,KR65333EPA21,missing_explicit_survival_coupon
28728,KR65333EEA24,payment_lag_not_identifiable_from_maturity
28729,KR65333BAA21,extra_formula_or_level_PMT_1_FRML
28730,KR65333BKA29,missing_explicit_survival_coupon
28732,KR65333BGA25,payment_lag_not_identifiable_from_maturity
28735,KR65833AQA29,extra_formula_or_level_PMT_EXTRA
28736,KR65333BLA28,missing_explicit_survival_coupon
28737,KR65333BHA24,missing_explicit_survival_coupon
28739,KR65333BFA26,missing_explicit_survival_coupon
28741,KR65333BJA22,missing_explicit_survival_coupon
28745,KR65333EFA23,extra_formula_or_level_PMT_1_FRML
28747,KR65333EBA27,payment_lag_not_identifiable_from_maturity
28748,KR65333EAA28,extra_formula_or_level_PMT_1_FRML
28764,KR65333E8A29,payment_lag_not_identifiable_from_maturity
28768,KR65333E9A28,extra_formula_or_level_PMT_1_FRML
28771,KR65333EJA29,payment_lag_not_identifiable_from_maturity
28772,KR65333EKA26,payment_lag_not_identifiable_from_maturity
28774,KR65833AXA20,extra_formula_or_level_PMT_EXTRA
28775,KR65333EXA21,payment_lag_not_identifiable_from_maturity
28778,KR65333ENA23,payment_lag_not_identifiable_from_maturity
28780,KR65833AYA29,extra_formula_or_level_PMT_EXTRA
28781,KR65333ECA26,payment_lag_not_identifiable_from_maturity
28782,KR65333EMA24,payment_lag_not_identifiable_from_maturity
28783,KR65333ELA25,extra_formula_or_level_PMT_1_FRML
28791,KR65333F3A21,missing_explicit_survival_coupon
28792,KR6659356A22,averaging_not_supported
28793,KR6659353A25,averaging_not_supported
28796,KR6659354A24,averaging_not_supported
28803,KR65733B4A20,missing_explicit_survival_coupon
28804,KR65793AZA26,extra_formula_or_level_STRK_2
28811,KR65233ADA20,missing_explicit_survival_coupon
28816,KR65333F2A22,missing_explicit_survival_coupon
28817,KR65333F9A25,missing_explicit_survival_coupon
28820,KR65833BVA21,extra_formula_or_level_PMT_EXTRA
28823,20200213000063_23910,missing_explicit_survival_coupon
28824,KR65333F6A28,extra_formula_or_level_PMT_1_FRML
28825,KR65333F4A20,payment_lag_not_identifiable_from_maturity
28829,KR65333F5A29,payment_lag_not_identifiable_from_maturity
28831,KR65333F7A27,missing_explicit_survival_coupon
28832,KR65333FAA27,payment_lag_not_identifiable_from_maturity
28833,KR65333F8A26,missing_explicit_survival_coupon
28834,20200213000063_23912,missing_explicit_survival_coupon
28846,KR6513334A28,payment_lag_not_identifiable_from_maturity
28869,KR65833C2A28,extra_formula_or_level_PMT_EXTRA
28874,KR65833CHA28,extra_formula_or_level_PMT_EXTRA
28877,KR6553370A29,unsupported_PRCP_GRTE_RT
28879,KR6553383A24,unsupported_PRCP_GRTE_RT
28882,KR65333G3A29,payment_lag_not_identifiable_from_maturity
28883,KR65333G7A25,payment_lag_not_identifiable_from_maturity
28884,KR65333G5A27,payment_lag_not_identifiable_from_maturity
28885,KR65333G4A28,payment_lag_not_identifiable_from_maturity
28910,KR65333FXA20,payment_lag_not_identifiable_from_maturity
28911,KR65333DFA24,extra_formula_or_level_PMT_1_FRML
28913,KR65333FZA28,payment_lag_not_identifiable_from_maturity
28921,KR65333DNA24,missing_explicit_survival_coupon
28922,KR65333DQA21,missing_explicit_survival_coupon
28923,KR65333DSA29,missing_explicit_survival_coupon
28924,KR65333DPA22,missing_explicit_survival_coupon
28932,KR65733BRA28,missing_explicit_survival_coupon
28936,KR65333DKA27,missing_explicit_survival_coupon
28937,KR65333DJA20,missing_explicit_survival_coupon
28938,KR65333DHA22,missing_explicit_survival_coupon
28941,KR65333DGA23,extra_formula_or_level_PMT_1_FRML
28942,KR6793325A27,missing_explicit_survival_coupon
28943,KR65333GJA27,missing_explicit_survival_coupon
28945,KR65333DRA20,missing_explicit_survival_coupon
28946,KR65333FYA29,payment_lag_not_identifiable_from_maturity
28947,KR65333G6A26,payment_lag_not_identifiable_from_maturity
28948,KR65333G1A21,payment_lag_not_identifiable_from_maturity
28949,KR65333G2A20,extra_formula_or_level_PMT_1_FRML
28950,KR65333DMA25,missing_explicit_survival_coupon
28951,KR65333DLA26,payment_lag_not_identifiable_from_maturity
28952,KR65333G0A22,payment_lag_not_identifiable_from_maturity
28955,KR6533324A36,payment_lag_not_identifiable_from_maturity
28962,KR6733315A25,payment_lag_not_identifiable_from_maturity
28963,KR6533326A34,extra_formula_or_level_PMT_1_FRML
28964,KR6533325A35,payment_lag_not_identifiable_from_maturity
28966,KR65333GZA27,missing_explicit_survival_coupon
28969,KR6533321A39,missing_explicit_survival_coupon
28974,KR6659367A29,averaging_not_supported
28977,KR6533323A37,missing_explicit_survival_coupon
28978,KR65793BYA26,extra_formula_or_level_STRK_2
28984,KR6793340A28,unsupported_PRCP_GRTE_RT
28986,KR6533322A38,missing_explicit_survival_coupon
28998,KR65333H0A20,payment_lag_not_identifiable_from_maturity
29002,20200220000250_23962,missing_explicit_survival_coupon
29023,20200224000719_1799,payment_lag_not_identifiable_from_maturity
29025,KR6513302A34,payment_lag_not_identifiable_from_maturity
29031,KR6583316A31,extra_formula_or_level_PMT_EXTRA
29043,KR6533339A39,payment_lag_not_identifiable_from_maturity
29045,KR6533338A30,payment_lag_not_identifiable_from_maturity
29047,KR6583318A39,extra_formula_or_level_PMT_EXTRA
29055,KR6533375A34,payment_lag_not_identifiable_from_maturity
29058,KR6573325A31,missing_explicit_survival_coupon
29069,KR6533303A31,extra_formula_or_level_PMT_1_FRML
29070,KR6533379A30,payment_lag_not_identifiable_from_maturity
29072,KR6533310A32,missing_explicit_survival_coupon
29078,KR6533381A36,payment_lag_not_identifiable_from_maturity
29079,KR6533380A37,extra_formula_or_level_PMT_1_FRML
29085,KR6533377A32,payment_lag_not_identifiable_from_maturity
29087,KR6533302A32,missing_explicit_survival_coupon
29092,KR6533378A31,payment_lag_not_identifiable_from_maturity
29093,KR6533306A38,missing_explicit_survival_coupon
29094,KR6533311A31,missing_explicit_survival_coupon
29105,KR6533376A33,payment_lag_not_identifiable_from_maturity
29106,KR6533313A39,missing_explicit_survival_coupon
29112,KR6533301A33,missing_explicit_survival_coupon
29113,KR6533304A30,missing_explicit_survival_coupon
29114,KR6533308A36,missing_explicit_survival_coupon
29115,KR6533307A37,missing_explicit_survival_coupon
29117,KR6583338A35,extra_formula_or_level_PMT_EXTRA
29118,KR6533312A30,missing_explicit_survival_coupon
29119,KR6533309A35,payment_lag_not_identifiable_from_maturity
29126,KR65333A2A31,payment_lag_not_identifiable_from_maturity
29128,KR65333A5A38,missing_explicit_survival_coupon
29133,KR65333AAA30,extra_formula_or_level_PMT_1_FRML
29135,KR65333A4A39,missing_explicit_survival_coupon
29136,KR65333A8A35,payment_lag_not_identifiable_from_maturity
29142,KR6613319A33,second_maturity_payment_without_ki
29147,KR65333A6A37,missing_explicit_survival_coupon
29149,20200227000563_24013,missing_explicit_survival_coupon
29150,KR6579331A30,extra_formula_or_level_STRK_2
29151,KR65333A3A30,missing_explicit_survival_coupon
29152,KR65333A9A34,payment_lag_not_identifiable_from_maturity
29157,KR65333A7A36,missing_explicit_survival_coupon
29158,KR6659303A34,averaging_not_supported
29161,20200302000330_8543,missing_explicit_survival_coupon
29186,KR6513303A33,payment_lag_not_identifiable_from_maturity
29190,KR65333AKA38,payment_lag_not_identifiable_from_maturity
29199,KR65033A7A32,extra_formula_or_level_STRK_2
29200,KR6663306A33,unsupported_ki_window
29206,KR6663305A34,unsupported_ki_window
29214,KR6523312A31,missing_explicit_survival_coupon
29220,KR6663308A31,unsupported_ki_window
29221,KR6663307A32,unsupported_ki_window
29230,KR6583388A34,extra_formula_or_level_PMT_EXTRA
29237,KR6573357A32,missing_explicit_survival_coupon
29238,KR65333BLA36,missing_explicit_survival_coupon
29241,KR6533368A33,missing_explicit_survival_coupon
29250,KR6533365A36,missing_explicit_survival_coupon
29251,KR6533372A37,missing_explicit_survival_coupon
29252,KR6533369A32,missing_explicit_survival_coupon
29260,KR6533367A34,payment_lag_not_identifiable_from_maturity
29261,KR6533370A39,missing_explicit_survival_coupon
29266,20200226000290_24003,payment_lag_not_identifiable_from_maturity
29268,KR6533360A31,missing_explicit_survival_coupon
29269,KR6533359A34,extra_formula_or_level_PMT_1_FRML
29270,KR65333BJA30,extra_formula_or_level_PMT_1_FRML
29274,KR65333BNA34,payment_lag_not_identifiable_from_maturity
29280,KR6533364A37,missing_explicit_survival_coupon
29281,KR6533363A38,missing_explicit_survival_coupon
29283,KR6533366A35,payment_lag_not_identifiable_from_maturity
29288,KR65333BPA32,payment_lag_not_identifiable_from_maturity
29289,KR6533361A30,missing_explicit_survival_coupon
29294,KR6533362A39,missing_explicit_survival_coupon
29295,KR6533371A38,missing_explicit_survival_coupon
29297,KR65333CNA33,missing_explicit_survival_coupon
29301,KR65333BTA38,payment_lag_not_identifiable_from_maturity
29304,KR65333CPA31,missing_explicit_survival_coupon
29305,KR6733309A31,payment_lag_not_identifiable_from_maturity
29312,KR6553335A31,unsupported_PRCP_GRTE_RT
29313,KR65333CVA33,extra_formula_or_level_PMT_1_FRML
29314,KR65333CRA39,missing_explicit_survival_coupon
29317,KR65333CTA37,payment_lag_not_identifiable_from_maturity
29331,KR6613339A39,second_maturity_payment_without_ki
29334,KR65333CQA30,missing_explicit_survival_coupon
29336,KR65333CSA38,payment_lag_not_identifiable_from_maturity
29337,KR6613341A35,missing_explicit_survival_coupon
29341,KR6659317A38,averaging_not_supported
29343,KR65333BVA34,payment_lag_not_identifiable_from_maturity
29347,20200305000021_24078,missing_explicit_survival_coupon
29350,20200305000021_24080,missing_explicit_survival_coupon
29353,KR65333B4A37,extra_formula_or_level_PMT_1_FRML
29354,KR65333B5A36,missing_explicit_survival_coupon
29356,KR65333B8A33,missing_explicit_survival_coupon
29360,KR65333BDA36,missing_explicit_survival_coupon
29362,KR65333BHA32,missing_explicit_survival_coupon
29366,KR65333B6A35,missing_explicit_survival_coupon
29367,KR65333B9A32,missing_explicit_survival_coupon
29372,KR6663324A31,unsupported_ki_window
29376,KR65333BEA35,missing_explicit_survival_coupon
29379,KR6513311A33,payment_lag_not_identifiable_from_maturity
29380,KR65333CMA34,extra_formula_or_level_PMT_1_FRML
29382,KR6513310A34,payment_lag_not_identifiable_from_maturity
29384,20200311000087_24118,missing_explicit_survival_coupon
29385,20200311000087_24114,payment_lag_not_identifiable_from_maturity
29386,KR65333B7A34,missing_explicit_survival_coupon
29387,20200311000087_24113,payment_lag_not_identifiable_from_maturity
29389,KR65333D5A32,payment_lag_not_identifiable_from_maturity
29392,KR65333BAA39,missing_explicit_survival_coupon
29394,KR6503384A36,invalid_evaluation_dates
29396,KR65333BFA34,missing_explicit_survival_coupon
29398,KR6769324A36,averaging_not_supported
29410,KR6503388A32,invalid_evaluation_dates
29422,20200302000255_6763,extra_formula_or_level_PMT_EXTRA
29429,KR65333DVA32,missing_explicit_survival_coupon
29433,KR65333DBA36,missing_explicit_survival_coupon
29436,KR65333DCA35,payment_lag_not_identifiable_from_maturity
29440,KR6573396A35,missing_explicit_survival_coupon
29449,KR6703362A38,missing_explicit_survival_coupon
29453,KR6623322A37,unsupported_PRCP_GRTE_RT
29457,KR65833BKA32,extra_formula_or_level_PMT_EXTRA
29458,KR6663321A34,unsupported_ki_window
29463,KR65333DWA31,missing_explicit_survival_coupon
29464,KR6663322A33,unsupported_ki_window
29465,KR65333DDA34,payment_lag_not_identifiable_from_maturity
29470,KR65333DEA33,payment_lag_not_identifiable_from_maturity
29477,KR65333DFA32,payment_lag_not_identifiable_from_maturity
29478,KR65333DGA31,payment_lag_not_identifiable_from_maturity
29479,KR65333DHA30,payment_lag_not_identifiable_from_maturity
29480,KR65333E5A30,extra_formula_or_level_PMT_1_FRML
29481,KR65333C6A33,extra_formula_or_level_PMT_1_FRML
29482,KR65333DJA38,payment_lag_not_identifiable_from_maturity
29483,KR6513330A30,payment_lag_not_identifiable_from_maturity
29485,KR65333E4A31,payment_lag_not_identifiable_from_maturity
29486,KR65333C8A31,missing_explicit_survival_coupon
29488,KR65333C7A32,missing_explicit_survival_coupon
29489,KR65333CHA31,missing_explicit_survival_coupon
29490,KR65333EBA35,payment_lag_not_identifiable_from_maturity
29494,KR65333E7A38,payment_lag_not_identifiable_from_maturity
29495,KR65333E6A39,payment_lag_not_identifiable_from_maturity
29497,20200312000169_24129,missing_explicit_survival_coupon
29498,20200312000169_24131,missing_explicit_survival_coupon
29500,KR65333CJA39,missing_explicit_survival_coupon
29501,20200312000169_24133,missing_explicit_survival_coupon
29502,20200312000169_24132,missing_explicit_survival_coupon
29503,KR65333C9A30,missing_explicit_survival_coupon
29507,KR65333EAA36,extra_formula_or_level_PMT_1_FRML
29508,KR65333ECA34,payment_lag_not_identifiable_from_maturity
29509,KR65333CBA37,missing_explicit_survival_coupon
29511,KR65333CKA36,missing_explicit_survival_coupon
29512,20200312000169_24130,missing_explicit_survival_coupon
29513,KR65333DLA34,extra_formula_or_level_PMT_1_FRML
29519,KR65333CEA34,payment_lag_not_identifiable_from_maturity
29520,20200312000169_24127,payment_lag_not_identifiable_from_maturity
29522,20200304000198_24066,payment_lag_not_identifiable_from_maturity
29523,20200312000169_24128,missing_explicit_survival_coupon
29525,KR65333DKA35,payment_lag_not_identifiable_from_maturity
29530,KR65333CAA38,missing_explicit_survival_coupon
29531,KR65333CDA35,missing_explicit_survival_coupon
29532,KR65333CFA33,missing_explicit_survival_coupon
29533,KR65333CGA32,missing_explicit_survival_coupon
29536,KR65333CCA36,missing_explicit_survival_coupon
29545,KR6763335A36,missing_explicit_survival_coupon
29550,20200316000731_4493,unsupported_ki_window
29556,KR6659332A39,averaging_not_supported
29558,KR65793A2A36,extra_formula_or_level_STRK_2
29564,20200316000756_4495,unsupported_ki_window
29565,KR6769339A39,averaging_not_supported
29593,KR6623335A32,unsupported_PRCP_GRTE_RT
29594,KR65033ARA34,invalid_evaluation_dates
29663,KR6663331A32,monthly_evaluation_outside_life
29669,KR6663330A33,monthly_evaluation_outside_life
29671,KR6513345A33,missing_explicit_survival_coupon
29676,KR65333F0A32,missing_explicit_survival_coupon
29677,KR65333F8A34,missing_explicit_survival_coupon
29679,KR65333EZA37,extra_formula_or_level_PMT_1_FRML
29680,KR65333F3A39,missing_explicit_survival_coupon
29681,KR65333FAA35,missing_explicit_survival_coupon
29682,KR65333F6A36,payment_lag_not_identifiable_from_maturity
29683,KR65333FBA34,missing_explicit_survival_coupon
29684,KR65333F4A38,missing_explicit_survival_coupon
29685,KR65333F2A30,missing_explicit_survival_coupon
29686,KR65333F7A35,missing_explicit_survival_coupon
29688,KR65333F9A33,missing_explicit_survival_coupon
29689,KR65333F1A31,missing_explicit_survival_coupon
29690,KR65333F5A37,missing_explicit_survival_coupon
29691,KR65333G0A30,missing_explicit_survival_coupon
29694,KR65333FZA36,missing_explicit_survival_coupon
29695,KR65333G2A38,payment_lag_not_identifiable_from_maturity
29697,KR65333G1A39,payment_lag_not_identifiable_from_maturity
29698,KR65333FYA37,missing_explicit_survival_coupon
29701,KR65333FXA38,missing_explicit_survival_coupon
29702,KR65333G3A37,extra_formula_or_level_PMT_1_FRML
29704,KR65733BDA32,missing_explicit_survival_coupon
29708,KR6543303A48,unsupported_PRCP_GRTE_RT
29729,KR6659303A42,averaging_not_supported
29732,KR6579306A49,extra_formula_or_level_STRK_2
29733,KR6533314A46,payment_lag_not_identifiable_from_maturity
29736,KR6533315A45,missing_explicit_survival_coupon
29737,KR6533319A41,missing_explicit_survival_coupon
29741,KR6533308A44,missing_explicit_survival_coupon
29743,KR6533306A46,missing_explicit_survival_coupon
29750,KR6533304A48,extra_formula_or_level_PMT_1_FRML
29751,KR6533305A47,missing_explicit_survival_coupon
29752,KR6533310A40,missing_explicit_survival_coupon
29759,KR6533318A42,missing_explicit_survival_coupon
29760,KR6533316A44,missing_explicit_survival_coupon
29762,KR6533317A43,missing_explicit_survival_coupon
29765,KR6533309A43,missing_explicit_survival_coupon
29767,KR6533307A45,missing_explicit_survival_coupon
29769,KR6513301A43,payment_lag_not_identifiable_from_maturity
29791,KR6533328A40,missing_explicit_survival_coupon
29792,KR6533327A41,missing_explicit_survival_coupon
29793,KR6533332A44,missing_explicit_survival_coupon
29794,KR6533331A45,missing_explicit_survival_coupon
29795,KR6533329A49,missing_explicit_survival_coupon
29796,KR6533330A46,payment_lag_not_identifiable_from_maturity
29799,20200330000446_24225,missing_explicit_survival_coupon
29800,20200330000446_24227,missing_explicit_survival_coupon
29802,KR6533325A43,missing_explicit_survival_coupon
29803,KR6533324A44,missing_explicit_survival_coupon
29804,KR6533326A42,missing_explicit_survival_coupon
29805,KR6533323A45,extra_formula_or_level_PMT_1_FRML
29806,KR6533384A41,extra_formula_or_level_PMT_1_FRML
29807,KR6533381A44,missing_explicit_survival_coupon
29809,20200330000446_24224,missing_explicit_survival_coupon
29810,KR6533380A45,missing_explicit_survival_coupon
29811,KR6533333A43,missing_explicit_survival_coupon
29812,KR6533383A42,payment_lag_not_identifiable_from_maturity
29813,KR6533382A43,payment_lag_not_identifiable_from_maturity
29815,KR6573325A49,missing_explicit_survival_coupon
29816,KR6533334A42,missing_explicit_survival_coupon
29830,KR6503309A46,unsupported_PRCP_GRTE_RT
29834,KR6613329A49,unsupported_PRCP_GRTE_RT
29835,20200326000294_24165,payment_lag_not_identifiable_from_maturity
29841,KR6659307A48,averaging_not_supported
29852,KR6663306A41,unsupported_ki_window
29855,KR6769315A45,averaging_not_supported
29865,KR6513304A40,payment_lag_not_identifiable_from_maturity
29868,KR6769316A44,averaging_not_supported
29871,KR6553308A42,unsupported_PRCP_GRTE_RT
29873,20200403002639_1807,payment_lag_not_identifiable_from_maturity
29874,KR6533361A48,missing_explicit_survival_coupon
29876,KR6533370A47,missing_explicit_survival_coupon
29877,KR6533357A44,extra_formula_or_level_PMT_1_FRML
29878,KR6533356A45,unsupported_PRCP_GRTE_RT
29879,KR6533366A43,payment_lag_not_identifiable_from_maturity
29880,KR6533367A42,missing_explicit_survival_coupon
29881,KR6533362A47,missing_explicit_survival_coupon
29882,KR6533358A43,missing_explicit_survival_coupon
29883,KR6553310A48,unsupported_PRCP_GRTE_RT
29884,KR6533363A46,missing_explicit_survival_coupon
29885,KR6533365A44,payment_lag_not_identifiable_from_maturity
29886,KR6533364A45,payment_lag_not_identifiable_from_maturity
29887,KR6503320A41,unsupported_PRCP_GRTE_RT
29888,KR6533359A42,missing_explicit_survival_coupon
29889,KR6533360A49,missing_explicit_survival_coupon
29890,KR6533368A41,missing_explicit_survival_coupon
29891,KR6533369A40,missing_explicit_survival_coupon
29898,KR6573362A43,missing_explicit_survival_coupon
29900,KR6703311A48,unsupported_PRCP_GRTE_RT
29901,KR6663313A42,unsupported_ki_window
29904,20200407000709_24281,missing_explicit_survival_coupon
29905,KR65333BNA42,missing_explicit_survival_coupon
29907,KR65333BQA49,missing_explicit_survival_coupon
29908,KR65333BPA40,missing_explicit_survival_coupon
29911,KR6659322A49,averaging_not_supported
29912,KR6553309A41,unsupported_PRCP_GRTE_RT
29914,20200407000709_24280,missing_explicit_survival_coupon
29922,KR6703313A46,unsupported_PRCP_GRTE_RT
29925,KR65333BSA47,payment_lag_not_identifiable_from_maturity
29926,KR65333BRA48,payment_lag_not_identifiable_from_maturity
29929,KR65333BTA46,extra_formula_or_level_PMT_1_FRML
29933,KR6769321A47,averaging_not_supported
29935,KR65333A4A47,missing_explicit_survival_coupon
29936,KR65333A3A48,missing_explicit_survival_coupon
29940,KR65333A8A43,payment_lag_not_identifiable_from_maturity
29944,KR65333A7A44,missing_explicit_survival_coupon
29945,KR65333ABA47,missing_explicit_survival_coupon
29946,KR65333ACA46,missing_explicit_survival_coupon
29948,KR6769323A45,averaging_not_supported
29949,KR65333A6A45,missing_explicit_survival_coupon
29951,KR6613340A44,unsupported_PRCP_GRTE_RT
29953,KR65333A5A46,missing_explicit_survival_coupon
29959,KR65333A2A49,missing_explicit_survival_coupon
29960,KR65333AFA43,missing_explicit_survival_coupon
29961,KR65333AEA44,missing_explicit_survival_coupon
29962,KR65333AGA42,missing_explicit_survival_coupon
29963,20200413000494_24305,payment_lag_not_identifiable_from_maturity
29964,20200413000494_24306,missing_explicit_survival_coupon
29965,20200413002791_4515,unsupported_ki_window
29966,KR65333ADA45,missing_explicit_survival_coupon
29969,KR6553312A46,unsupported_PRCP_GRTE_RT
29970,KR65333A1A40,extra_formula_or_level_PMT_1_FRML
29971,KR6513307A47,payment_lag_not_identifiable_from_maturity
29972,KR6513306A48,payment_lag_not_identifiable_from_maturity
29973,KR6553313A45,unsupported_PRCP_GRTE_RT
29974,KR6553311A47,unsupported_PRCP_GRTE_RT
29975,20200401000449_19407,unsupported_PRCP_GRTE_RT
29978,KR6553337A47,unsupported_PRCP_GRTE_RT
29982,KR6573391A48,missing_explicit_survival_coupon
29983,KR65333B7A42,missing_explicit_survival_coupon
29984,KR6643308A41,payment_lag_not_identifiable_from_maturity
29985,KR65333B6A43,missing_explicit_survival_coupon
29986,KR65333BGA41,missing_explicit_survival_coupon
29987,KR65333BFA42,missing_explicit_survival_coupon
29988,KR65333B9A40,payment_lag_not_identifiable_from_maturity
29990,KR65333BCA45,missing_explicit_survival_coupon
29991,KR65333B8A41,missing_explicit_survival_coupon
29992,KR65833ALA40,unsupported_PRCP_GRTE_RT
29993,KR65333BJA48,missing_explicit_survival_coupon
29994,20200417000023_24328,payment_lag_not_identifiable_from_maturity
29995,KR65333B4A45,missing_explicit_survival_coupon
29996,20200417000023_24331,missing_explicit_survival_coupon
29997,20200417000023_24323,missing_explicit_survival_coupon
29998,KR65333BHA40,missing_explicit_survival_coupon
29999,KR65333BEA43,missing_explicit_survival_coupon
30000,KR6553344A48,unsupported_PRCP_GRTE_RT
30001,KR6613349A45,unsupported_PRCP_GRTE_RT
30002,KR65333BBA46,missing_explicit_survival_coupon
30003,KR65333B3A46,extra_formula_or_level_PMT_1_FRML
30008,KR6613354A47,unsupported_PRCP_GRTE_RT
30009,KR6553334A40,unsupported_PRCP_GRTE_RT
30010,KR65333D7A48,payment_lag_not_identifiable_from_maturity
30016,KR65333D6A49,extra_formula_or_level_PMT_1_FRML
30021,KR6613353A48,unsupported_PRCP_GRTE_RT
30022,KR6613352A49,unsupported_PRCP_GRTE_RT
30025,KR6659341A46,averaging_not_supported
30027,20200416000010_24354,missing_explicit_survival_coupon
30028,20200416000010_24353,missing_explicit_survival_coupon
30030,20200416000010_24349,payment_lag_not_identifiable_from_maturity
30031,20200416000010_24352,missing_explicit_survival_coupon
30033,KR65333D8A47,missing_explicit_survival_coupon
30034,KR6503385A43,unsupported_PRCP_GRTE_RT
30046,KR65833AZA44,unsupported_PRCP_GRTE_RT
30048,20200416000320_1810,payment_lag_not_identifiable_from_maturity
30050,KR6513316A46,unsupported_PRCP_GRTE_RT
30056,KR6553336A48,unsupported_PRCP_GRTE_RT
30057,KR6553335A49,unsupported_PRCP_GRTE_RT
30059,KR65833B0A48,unsupported_PRCP_GRTE_RT
30062,KR6503395A41,unsupported_PRCP_GRTE_RT
30066,KR6769332A44,averaging_not_supported
30067,KR6769333A43,averaging_not_supported
30069,KR65333DHA48,missing_explicit_survival_coupon
30070,KR65333DSA45,payment_lag_not_identifiable_from_maturity
30071,20200422000101_24364,missing_explicit_survival_coupon
30072,KR65333CSA46,missing_explicit_survival_coupon
30073,KR65333CJA47,missing_explicit_survival_coupon
30074,KR65333CXA49,missing_explicit_survival_coupon
30075,KR65333DTA44,missing_explicit_survival_coupon
30076,KR65333CLA43,missing_explicit_survival_coupon
30077,KR65333CTA45,missing_explicit_survival_coupon
30078,KR65333CYA48,missing_explicit_survival_coupon
30079,20200423000006_24388,payment_lag_not_identifiable_from_maturity
30080,KR65333CWA40,missing_explicit_survival_coupon
30081,KR65333CZA47,missing_explicit_survival_coupon
30082,20200422000101_24368,missing_explicit_survival_coupon
30083,KR65333CHA49,extra_formula_or_level_PMT_1_FRML
30085,KR65333CRA47,payment_lag_not_identifiable_from_maturity
30086,KR65333CNA41,missing_explicit_survival_coupon
30087,KR65333CQA48,payment_lag_not_identifiable_from_maturity
30088,KR65333CMA42,missing_explicit_survival_coupon
30089,KR65333CVA41,missing_explicit_survival_coupon
30091,20200423000025_24393,payment_lag_not_identifiable_from_maturity
30093,KR65833BYA44,unsupported_PRCP_GRTE_RT
30101,KR6613366A43,unsupported_PRCP_GRTE_RT
30102,KR65733AJA45,missing_explicit_survival_coupon
30108,KR6533322A53,extra_formula_or_level_PMT_1_FRML
30111,KR6659360A42,averaging_not_supported
30112,KR6663331A40,unsupported_ki_window
30115,KR6529394A47,missing_explicit_survival_coupon
30118,KR6533324A51,missing_explicit_survival_coupon
30119,KR6533325A50,missing_explicit_survival_coupon
30126,20200424000293_344,payment_lag_not_identifiable_from_maturity
30127,KR6643301A55,payment_lag_not_identifiable_from_maturity
30128,KR6613301A58,unsupported_PRCP_GRTE_RT
30129,KR6513302A59,unsupported_PRCP_GRTE_RT
30131,KR6533319A58,missing_explicit_survival_coupon
30132,KR6533310A57,missing_explicit_survival_coupon
30133,KR6533315A52,missing_explicit_survival_coupon
30134,KR6533311A56,payment_lag_not_identifiable_from_maturity
30135,KR6533313A54,missing_explicit_survival_coupon
30136,KR6533308A51,missing_explicit_survival_coupon
30137,20200427000158_24403,missing_explicit_survival_coupon
30138,KR6533309A50,missing_explicit_survival_coupon
30139,KR6533312A55,payment_lag_not_identifiable_from_maturity
30140,KR6533314A53,missing_explicit_survival_coupon
30141,KR6533317A50,missing_explicit_survival_coupon
30142,KR6533305A54,missing_explicit_survival_coupon
30143,KR6533304A55,extra_formula_or_level_PMT_1_FRML
30144,KR6533307A52,missing_explicit_survival_coupon
30145,KR6533318A59,missing_explicit_survival_coupon
30146,KR6533316A51,missing_explicit_survival_coupon
30147,20200428000051_24423,payment_lag_not_identifiable_from_maturity
30149,KR6533398A52,missing_explicit_survival_coupon
30150,KR6613305A54,unsupported_PRCP_GRTE_RT
30152,KR6533397A53,missing_explicit_survival_coupon
30153,20200428000051_24425,missing_explicit_survival_coupon
30154,20200428000051_24430,missing_explicit_survival_coupon
30159,KR6533396A54,missing_explicit_survival_coupon
30161,KR6703302A56,unsupported_PRCP_GRTE_RT
30165,20200428000051_24424,payment_lag_not_identifiable_from_maturity
30168,KR65333A1A57,extra_formula_or_level_PMT_1_FRML
30170,KR6613306A53,unsupported_PRCP_GRTE_RT
30171,KR6659305A57,averaging_not_supported
30175,KR6643303A53,payment_lag_not_identifiable_from_maturity
30180,20200427000401_1811,unsupported_ki_window
30181,KR6503303A59,unsupported_PRCP_GRTE_RT
30182,KR6533353A55,missing_explicit_survival_coupon
30183,KR6613307A52,unsupported_PRCP_GRTE_RT
30185,KR6533359A59,missing_explicit_survival_coupon
30186,KR6769304A55,averaging_not_supported
30187,KR6533358A50,missing_explicit_survival_coupon
30188,KR6533344A57,extra_formula_or_level_PMT_1_FRML
30190,KR6533354A54,missing_explicit_survival_coupon
30192,KR6503317A53,unsupported_PRCP_GRTE_RT
30193,KR6663303A51,unsupported_ki_window
30195,KR6793302A57,missing_explicit_survival_coupon
30196,KR6663302A52,unsupported_ki_window
30197,KR6613308A51,unsupported_PRCP_GRTE_RT
30199,KR6503305A57,unsupported_PRCP_GRTE_RT
30201,KR6533345A56,missing_explicit_survival_coupon
30202,20200506000060_24442,missing_explicit_survival_coupon
30204,20200506000060_24438,missing_explicit_survival_coupon
30205,KR6583318A54,unsupported_PRCP_GRTE_RT
30207,KR6583319A53,unsupported_PRCP_GRTE_RT
30208,20200423000085_6791,unsupported_PRCP_GRTE_RT
30210,20200423000085_6790,unsupported_PRCP_GRTE_RT
30211,20200506000060_24447,missing_explicit_survival_coupon
30213,KR6583320A50,unsupported_PRCP_GRTE_RT
30214,KR6503304A58,unsupported_PRCP_GRTE_RT
30218,KR6533347A54,missing_explicit_survival_coupon
30219,KR6533351A57,payment_lag_not_identifiable_from_maturity
30220,KR6533352A56,payment_lag_not_identifiable_from_maturity
30221,KR6533357A51,missing_explicit_survival_coupon
30222,KR6533356A52,missing_explicit_survival_coupon
30223,KR6533348A53,missing_explicit_survival_coupon
30224,KR6503316A54,unsupported_PRCP_GRTE_RT
30225,KR6533349A52,missing_explicit_survival_coupon
30229,KR6573328A53,missing_explicit_survival_coupon
30231,KR6513308A53,unsupported_PRCP_GRTE_RT
30233,20200507000224_24467,missing_explicit_survival_coupon
30234,KR6663307A57,unsupported_ki_window
30235,KR6533391A59,missing_explicit_survival_coupon
30236,KR6613318A59,unsupported_PRCP_GRTE_RT
30240,KR6659310A50,averaging_not_supported
30241,20200507000224_24468,missing_explicit_survival_coupon
30242,KR65333B8A58,missing_explicit_survival_coupon
30244,20200508000681_1812,payment_lag_not_identifiable_from_maturity
30245,20200508000609_4531,unsupported_ki_window
30246,20200507000224_24471,missing_explicit_survival_coupon
30248,KR65333B6A50,missing_explicit_survival_coupon
30249,KR65333B9A57,payment_lag_not_identifiable_from_maturity
30252,KR65333BDA51,payment_lag_not_identifiable_from_maturity
30253,KR6533390A50,missing_explicit_survival_coupon
30254,KR6533383A59,missing_explicit_survival_coupon
30256,KR65333B3A53,unsupported_PRCP_GRTE_RT
30257,KR6533387A55,missing_explicit_survival_coupon
30258,KR6533389A53,missing_explicit_survival_coupon
30259,KR6533378A56,extra_formula_or_level_PMT_1_FRML
30260,KR6533388A54,missing_explicit_survival_coupon
30261,KR6533393A57,missing_explicit_survival_coupon
30262,KR6533379A55,missing_explicit_survival_coupon
30263,KR6533392A58,missing_explicit_survival_coupon
30265,KR6663306A58,unsupported_ki_window
30268,KR6643304A52,payment_lag_not_identifiable_from_maturity
30270,KR6533382A50,missing_explicit_survival_coupon
30271,KR65333BBA53,extra_formula_or_level_PMT_1_FRML
30272,KR6533385A57,payment_lag_not_identifiable_from_maturity
30273,KR6533384A58,missing_explicit_survival_coupon
30274,KR6533386A56,payment_lag_not_identifiable_from_maturity
30275,KR65333BAA54,payment_lag_not_identifiable_from_maturity
30276,KR6533381A51,missing_explicit_survival_coupon
30277,KR6533380A52,missing_explicit_survival_coupon
30279,KR6769316A51,averaging_not_supported
30284,KR6613322A53,unsupported_PRCP_GRTE_RT
30293,KR6583364A57,unsupported_PRCP_GRTE_RT
30297,20200506000279_6794,unsupported_PRCP_GRTE_RT
30306,KR6543333A59,unsupported_PRCP_GRTE_RT
30307,20200511000712_8680,unsupported_PRCP_GRTE_RT
30310,20200508000882_8670,unsupported_PRCP_GRTE_RT
30311,KR6543345A55,unsupported_PRCP_GRTE_RT
30312,KR6543346A54,unsupported_PRCP_GRTE_RT
30313,KR65333CAA53,missing_explicit_survival_coupon
30314,KR65333CJA54,missing_explicit_survival_coupon
30315,KR65333CCA51,missing_explicit_survival_coupon
30316,KR65333C9A55,missing_explicit_survival_coupon
30317,KR65333C7A57,extra_formula_or_level_PMT_1_FRML
30318,KR65333C8A56,missing_explicit_survival_coupon
30319,KR65333CHA56,missing_explicit_survival_coupon
30320,KR65333CLA50,missing_explicit_survival_coupon
30321,KR65333CDA50,payment_lag_not_identifiable_from_maturity
30322,KR65333CEA59,payment_lag_not_identifiable_from_maturity
30323,KR65333CKA51,missing_explicit_survival_coupon
30324,20200521000167_24518,missing_explicit_survival_coupon
30325,KR65333CBA52,missing_explicit_survival_coupon
30326,KR65333CGA57,missing_explicit_survival_coupon
30327,KR65333CFA58,missing_explicit_survival_coupon
30328,KR65333CMA59,missing_explicit_survival_coupon
30329,20200521000364_4537,unsupported_ki_window
30334,KR6643308A58,payment_lag_not_identifiable_from_maturity
30335,KR6533346A63,extra_formula_or_level_PMT_1_FRML
30336,KR6533318A67,missing_explicit_survival_coupon
30337,KR6533317A68,missing_explicit_survival_coupon
30338,KR6533310A65,missing_explicit_survival_coupon
30339,KR6529355A51,payment_lag_not_identifiable_from_maturity
30341,20200521000246_24550,missing_explicit_survival_coupon
30343,20200521000246_24548,payment_lag_not_identifiable_from_maturity
30344,KR6533319A66,missing_explicit_survival_coupon
30346,KR6523350A59,payment_lag_not_identifiable_from_maturity
30348,KR6509392A58,payment_lag_not_identifiable_from_maturity
30349,KR6533307A60,missing_explicit_survival_coupon
30350,KR6533306A61,missing_explicit_survival_coupon
30351,KR6503387A58,payment_lag_not_identifiable_from_maturity
30352,KR6529348A51,payment_lag_not_identifiable_from_maturity
30353,KR6503389A56,payment_lag_not_identifiable_from_maturity
30354,KR6533305A62,missing_explicit_survival_coupon
30355,KR6503385A50,payment_lag_not_identifiable_from_maturity
30356,KR6793306A53,payment_lag_not_identifiable_from_maturity
30357,KR6529349A50,payment_lag_not_identifiable_from_maturity
30359,KR6533343A66,payment_lag_not_identifiable_from_maturity
30360,KR6533312A63,payment_lag_not_identifiable_from_maturity
30361,KR6769343A58,averaging_not_supported
30362,20200525000286_8712,payment_lag_not_identifiable_from_maturity
30363,KR6503380A55,unsupported_PRCP_GRTE_RT
30364,KR6763345A59,payment_lag_not_identifiable_from_maturity
30366,KR6659346A58,averaging_not_supported
30367,KR6533315A60,missing_explicit_survival_coupon
30368,KR6663321A59,unsupported_ki_window
30369,KR6533308A69,missing_explicit_survival_coupon
30371,KR6763344A50,payment_lag_not_identifiable_from_maturity
30372,KR6513310A59,payment_lag_not_identifiable_from_maturity
30373,KR6533316A69,missing_explicit_survival_coupon
30374,KR6503386A59,payment_lag_not_identifiable_from_maturity
30375,KR6533344A65,missing_explicit_survival_coupon
30380,KR6503393A50,unsupported_PRCP_GRTE_RT
30381,KR6543360A55,payment_lag_not_identifiable_from_maturity
30382,KR6503388A57,payment_lag_not_identifiable_from_maturity
30383,20200525000248_24560,missing_explicit_survival_coupon
30384,KR6533345A64,missing_explicit_survival_coupon
30385,KR6523352A57,payment_lag_not_identifiable_from_maturity
30386,KR6529353A53,payment_lag_not_identifiable_from_maturity
30387,KR6523351A58,payment_lag_not_identifiable_from_maturity
30388,KR6533313A62,missing_explicit_survival_coupon
30389,KR6533311A64,payment_lag_not_identifiable_from_maturity
30390,KR6533314A61,missing_explicit_survival_coupon
30391,KR6793308A51,missing_explicit_survival_coupon
30392,KR6793307A52,payment_lag_not_identifiable_from_maturity
30395,KR6533304A63,extra_formula_or_level_PMT_1_FRML
30396,KR6533351A65,unsupported_PRCP_GRTE_RT
30397,KR6533355A61,unsupported_PRCP_GRTE_RT
30398,KR6523301A67,unsupported_PRCP_GRTE_RT
30399,KR6513302A67,unsupported_PRCP_GRTE_RT
30400,20200521000291_2167,unsupported_PRCP_GRTE_RT
30401,KR6533338A63,missing_explicit_survival_coupon
30402,KR6573310A61,missing_explicit_survival_coupon
30403,20200528000113_24592,missing_explicit_survival_coupon
30404,KR6533325A68,extra_formula_or_level_PMT_1_FRML
30405,KR6533328A65,missing_explicit_survival_coupon
30406,KR6533326A67,missing_explicit_survival_coupon
30407,KR6533334A67,missing_explicit_survival_coupon
30408,KR6533339A62,missing_explicit_survival_coupon
30410,KR6533330A61,missing_explicit_survival_coupon
30411,KR6533336A65,missing_explicit_survival_coupon
30412,KR6533335A66,missing_explicit_survival_coupon
30413,KR6673301A60,unsupported_PRCP_GRTE_RT
30416,KR6533337A64,missing_explicit_survival_coupon
30417,KR6533333A68,payment_lag_not_identifiable_from_maturity
30418,KR6533332A69,payment_lag_not_identifiable_from_maturity
30419,KR6533329A64,missing_explicit_survival_coupon
30420,KR6533331A60,missing_explicit_survival_coupon
30421,KR6643304A60,payment_lag_not_identifiable_from_maturity
30428,KR6503336A68,unsupported_PRCP_GRTE_RT
30430,KR65333A7A69,missing_explicit_survival_coupon
30435,KR65333A6A60,payment_lag_not_identifiable_from_maturity
30437,KR65333A5A61,extra_formula_or_level_PMT_1_FRML
30438,KR6703301A65,unsupported_PRCP_GRTE_RT
30439,20200528000127_24614,missing_explicit_survival_coupon
30443,KR6503335A69,unsupported_PRCP_GRTE_RT
30444,KR6723304A60,unsupported_PRCP_GRTE_RT
30446,20200528000127_24611,payment_lag_not_identifiable_from_maturity
30447,KR6659304A66,averaging_not_supported
30449,20200528000127_24613,missing_explicit_survival_coupon
30452,KR6533367A67,missing_explicit_survival_coupon
30454,KR6533373A69,payment_lag_not_identifiable_from_maturity
30456,KR6533377A65,missing_explicit_survival_coupon
30458,KR6533378A64,missing_explicit_survival_coupon
30459,KR6533376A66,missing_explicit_survival_coupon
30460,KR6513301A68,unsupported_ki_window
30461,KR6533372A60,missing_explicit_survival_coupon
30462,KR6513304A65,unsupported_PRCP_GRTE_RT
30463,KR6663301A61,unsupported_ki_window
30468,KR6793303A64,missing_explicit_survival_coupon
30471,KR6769305A62,averaging_not_supported
30472,KR6533374A68,payment_lag_not_identifiable_from_maturity
30473,KR6769306A61,averaging_not_supported
30474,KR6533366A68,extra_formula_or_level_PMT_1_FRML
30475,20200602000034_24623,missing_explicit_survival_coupon
30477,KR6533370A62,missing_explicit_survival_coupon
30478,KR6533369A65,missing_explicit_survival_coupon
30479,20200602000034_24630,missing_explicit_survival_coupon
30480,KR6533380A60,missing_explicit_survival_coupon
30481,KR6553303A62,unsupported_PRCP_GRTE_RT
30482,KR6583355A66,unsupported_PRCP_GRTE_RT
30485,KR6533371A61,missing_explicit_survival_coupon
30486,KR6533379A63,missing_explicit_survival_coupon
30491,20200605000232_351,payment_lag_not_identifiable_from_maturity
30492,20200605000243_24671,missing_explicit_survival_coupon
30493,KR65333ALA60,missing_explicit_survival_coupon
30496,20200605000243_24679,missing_explicit_survival_coupon
30499,KR6659316A62,averaging_not_supported
30504,20200604000043_24662,missing_explicit_survival_coupon
30505,KR65333ANA68,missing_explicit_survival_coupon
30506,KR65333AGA67,payment_lag_not_identifiable_from_maturity
30507,KR65333AFA68,missing_explicit_survival_coupon
30508,20200604000043_24664,missing_explicit_survival_coupon
30510,KR65333APA66,missing_explicit_survival_coupon
30511,KR6703347A61,unsupported_PRCP_GRTE_RT
30513,20200604000043_24660,payment_lag_not_identifiable_from_maturity
30514,20200611000339_11127,unsupported_PRCP_GRTE_RT
30515,20200605000243_24673,payment_lag_not_identifiable_from_maturity
30516,KR65333C3A69,extra_formula_or_level_PMT_1_FRML
30517,20200604000043_24665,missing_explicit_survival_coupon
30518,20200605000243_24667,extra_formula_or_level_PMT_1_FRML
30519,20200605000243_24668,missing_explicit_survival_coupon
30520,20200604000043_24663,missing_explicit_survival_coupon
30521,20200604000043_24659,payment_lag_not_identifiable_from_maturity
30522,20200605000243_24676,missing_explicit_survival_coupon
30523,20200605000243_24677,missing_explicit_survival_coupon
30525,20200605000243_24672,payment_lag_not_identifiable_from_maturity
30526,20200605000243_24670,missing_explicit_survival_coupon
30527,20200605000243_24674,missing_explicit_survival_coupon
30528,KR65333ACA61,missing_explicit_survival_coupon
30529,KR65333AEA69,missing_explicit_survival_coupon
30530,KR65333ADA60,missing_explicit_survival_coupon
30531,KR65333AKA61,missing_explicit_survival_coupon
30532,20200605000243_24669,missing_explicit_survival_coupon
30533,KR65333AMA69,missing_explicit_survival_coupon
30536,20200605000243_24675,missing_explicit_survival_coupon
30538,20200605000243_24678,missing_explicit_survival_coupon
30539,KR65333AJA64,missing_explicit_survival_coupon
30540,KR65333ABA62,extra_formula_or_level_PMT_1_FRML
30541,KR65333AHA66,payment_lag_not_identifiable_from_maturity
30542,20200608000169_4549,unsupported_ki_window
30545,KR65833ADA65,unsupported_PRCP_GRTE_RT
30547,20200604000250_1815,payment_lag_not_identifiable_from_maturity
30548,KR6663310A60,unsupported_ki_window
30550,KR6769311A64,averaging_not_supported
30552,KR6513307A62,unsupported_PRCP_GRTE_RT
30557,KR65833AEA64,unsupported_PRCP_GRTE_RT
30563,KR6793308A69,missing_explicit_survival_coupon
30569,KR65333BVA67,missing_explicit_survival_coupon
30570,KR65333BLA69,extra_formula_or_level_PMT_1_FRML
30571,KR65333BRA63,missing_explicit_survival_coupon
30572,KR65333BSA62,missing_explicit_survival_coupon
30573,KR65333BMA68,missing_explicit_survival_coupon
30574,KR65333BTA61,missing_explicit_survival_coupon
30575,KR65333BNA67,missing_explicit_survival_coupon
30576,KR65333BQA64,payment_lag_not_identifiable_from_maturity
30577,KR65333BPA65,missing_explicit_survival_coupon
30578,20200612000153_352,payment_lag_not_identifiable_from_maturity
30595,KR6659335A69,averaging_not_supported
30596,KR6703350A65,unsupported_PRCP_GRTE_RT
30598,KR6529348A69,missing_explicit_survival_coupon
30601,20200611000345_11151,unsupported_PRCP_GRTE_RT
30604,20200611000119_24715,missing_explicit_survival_coupon
30605,20200611000119_24714,payment_lag_not_identifiable_from_maturity
30608,20200611000119_24713,extra_formula_or_level_PMT_1_FRML
30611,KR6769320A63,averaging_not_supported
30617,KR6513311A66,unsupported_PRCP_GRTE_RT
30618,KR6793312A63,missing_explicit_survival_coupon
30620,KR6513310A67,unsupported_PRCP_GRTE_RT
30621,20200610000012_6803,unsupported_PRCP_GRTE_RT
30623,KR6663314A66,unsupported_ki_window
30629,20200611000113_1816,unsupported_ki_window
30630,KR65833C0A61,unsupported_PRCP_GRTE_RT
30633,KR65833BZA68,unsupported_PRCP_GRTE_RT
30635,KR65333CPA64,missing_explicit_survival_coupon
30637,KR65333CNA66,missing_explicit_survival_coupon
30638,KR65333CMA67,extra_formula_or_level_PMT_1_FRML
30640,KR65333CRA62,missing_explicit_survival_coupon
30644,KR65333CQA63,payment_lag_not_identifiable_from_maturity
30645,KR65333CTA60,missing_explicit_survival_coupon
30649,KR6703367A66,missing_explicit_survival_coupon
30656,KR65333DVA65,missing_explicit_survival_coupon
30657,KR6649316A63,missing_explicit_survival_coupon
30666,KR65333DYA62,payment_lag_not_identifiable_from_maturity
30669,KR65333E0A68,payment_lag_not_identifiable_from_maturity
30671,KR6529381A67,missing_explicit_survival_coupon
30673,KR6659348A64,averaging_not_supported
30679,KR6769335A66,averaging_not_supported
30682,KR65333DDA67,missing_explicit_survival_coupon
30683,KR65333DBA69,missing_explicit_survival_coupon
30684,KR65333DAA60,missing_explicit_survival_coupon
30685,KR6513312A65,payment_lag_not_identifiable_from_maturity
30686,KR65333DFA65,missing_explicit_survival_coupon
30687,KR6769336A65,averaging_not_supported
30688,KR6663321A67,unsupported_ki_window
30690,KR65333DCA68,payment_lag_not_identifiable_from_maturity
30695,KR6523391A68,unsupported_PRCP_GRTE_RT
30696,KR6523392A67,unsupported_PRCP_GRTE_RT
30697,KR6663322A66,unsupported_ki_window
30699,KR6513319A68,unsupported_PRCP_GRTE_RT
30701,KR65033B2A68,invalid_evaluation_dates
30702,KR6523393A66,unsupported_PRCP_GRTE_RT
30705,KR65333D9A61,extra_formula_or_level_PMT_1_FRML
30706,KR65833DLA62,unsupported_PRCP_GRTE_RT
30710,KR65333EAA69,missing_explicit_survival_coupon
30711,20200618000045_24743,payment_lag_not_identifiable_from_maturity
30720,KR6523395A64,missing_explicit_survival_coupon
30727,KR65333E9A69,missing_explicit_survival_coupon
30728,20200618000045_24741,extra_formula_or_level_PMT_1_FRML
30731,KR6643302A70,payment_lag_not_identifiable_from_maturity
30734,KR6523312A72,missing_explicit_survival_coupon
30747,20200624000327_1818,payment_lag_not_identifiable_from_maturity
30748,KR6523301A75,unsupported_PRCP_GRTE_RT
30749,KR6503311A75,unsupported_PRCP_GRTE_RT
30754,KR6583336A78,unsupported_PRCP_GRTE_RT
30756,KR6513304A73,unsupported_PRCP_GRTE_RT
30757,KR6659304A74,averaging_not_supported
30761,20200626000505_4561,unsupported_ki_window
30762,KR6663302A78,unsupported_ki_window
30763,20200626000505_4563,unsupported_ki_window
30764,KR6769305A70,averaging_not_supported
30767,KR6533310A73,missing_explicit_survival_coupon
30769,KR6533308A77,missing_explicit_survival_coupon
30771,KR6583340A72,unsupported_PRCP_GRTE_RT
30772,KR6533312A71,missing_explicit_survival_coupon
30773,20200626000030_24772,payment_lag_not_identifiable_from_maturity
30777,KR6533306A79,extra_formula_or_level_PMT_1_FRML
30779,KR6533307A78,missing_explicit_survival_coupon
30784,KR6529322A77,missing_explicit_survival_coupon
30787,KR6573312A77,missing_explicit_survival_coupon
30793,KR6643305A77,payment_lag_not_identifiable_from_maturity
30794,KR6703305A79,unsupported_PRCP_GRTE_RT
30796,KR6533348A79,missing_explicit_survival_coupon
30801,KR6523340A78,missing_explicit_survival_coupon
30809,KR6533366A76,payment_lag_not_identifiable_from_maturity
30816,KR6659320A74,averaging_not_supported
30817,KR6533365A77,extra_formula_or_level_PMT_1_FRML
30820,20200629000191_24782,missing_explicit_survival_coupon
30821,20200629000191_24781,missing_explicit_survival_coupon
30822,KR65833A3A70,unsupported_PRCP_GRTE_RT
30824,KR6663310A78,unsupported_ki_window
30825,20200701000304_1819,unsupported_ki_window
30828,KR6533323A78,extra_formula_or_level_PMT_1_FRML
30835,KR6533324A77,missing_explicit_survival_coupon
30836,KR65833A1A72,unsupported_PRCP_GRTE_RT
30837,KR6533325A76,missing_explicit_survival_coupon
30838,KR6533327A74,missing_explicit_survival_coupon
30839,KR6533326A75,payment_lag_not_identifiable_from_maturity
30840,KR6769311A72,averaging_not_supported
30843,KR6513311A74,unsupported_PRCP_GRTE_RT
30844,KR6703350A73,unsupported_PRCP_GRTE_RT
30846,KR6703306A78,unsupported_PRCP_GRTE_RT
30853,KR6643310A70,payment_lag_not_identifiable_from_maturity
30854,KR6703351A72,unsupported_PRCP_GRTE_RT
30860,KR65333A3A71,payment_lag_not_identifiable_from_maturity
30861,20200710000181_24825,missing_explicit_survival_coupon
30862,20200709000011_24821,missing_explicit_survival_coupon
30866,20200710000181_24826,payment_lag_not_identifiable_from_maturity
30869,KR6659337A75,averaging_not_supported
30872,KR6533358A76,missing_explicit_survival_coupon
30873,KR6703357A76,unsupported_PRCP_GRTE_RT
30874,KR6703353A70,unsupported_PRCP_GRTE_RT
30875,KR6533355A79,extra_formula_or_level_PMT_1_FRML
30878,KR6659336A76,averaging_not_supported
30882,KR6533360A72,missing_explicit_survival_coupon
30888,KR6663321A75,unsupported_ki_window
30889,KR65833B5A76,unsupported_PRCP_GRTE_RT
30893,KR65833B6A75,unsupported_PRCP_GRTE_RT
30894,KR6513317A78,unsupported_PRCP_GRTE_RT
30896,KR6769319A74,averaging_not_supported
30898,KR6513306A71,payment_lag_not_identifiable_from_maturity
30913,KR65233AJA73,missing_explicit_survival_coupon
30918,KR6703375A74,unsupported_PRCP_GRTE_RT
30920,KR6659351A76,averaging_not_supported
30931,KR6703377A72,unsupported_PRCP_GRTE_RT
30933,KR6643316A74,payment_lag_not_identifiable_from_maturity
30939,KR65333B0A72,missing_explicit_survival_coupon
30940,KR6769327A74,averaging_not_supported
30942,KR6769328A73,averaging_not_supported
30943,KR65333AXA74,extra_formula_or_level_PMT_1_FRML
30945,KR6513313A72,payment_lag_not_identifiable_from_maturity
30946,KR6533397A79,missing_explicit_survival_coupon
30947,KR6533391A75,extra_formula_or_level_PMT_1_FRML
30948,20200717000048_24844,missing_explicit_survival_coupon
30950,KR6533395A71,missing_explicit_survival_coupon
30953,KR65833CSA74,unsupported_PRCP_GRTE_RT
30954,KR6513326A77,unsupported_PRCP_GRTE_RT
30955,KR65333AZA72,payment_lag_not_identifiable_from_maturity
30956,KR6533394A72,payment_lag_not_identifiable_from_maturity
30958,KR6533393A73,missing_explicit_survival_coupon
30967,20200724000380_359,payment_lag_not_identifiable_from_maturity
30979,KR6513331A70,unsupported_PRCP_GRTE_RT
30980,KR65833E1A74,unsupported_PRCP_GRTE_RT
30981,KR6533323A86,payment_lag_not_identifiable_from_maturity
30988,KR6659367A78,averaging_not_supported
30989,KR6533305A88,missing_explicit_survival_coupon
30990,KR65293BKA76,missing_explicit_survival_coupon
30994,20200722000282_1822,unsupported_ki_window
30995,KR6533304A89,missing_explicit_survival_coupon
30999,KR6533324A85,extra_formula_or_level_PMT_1_FRML
31000,KR6533307A86,missing_explicit_survival_coupon
31003,KR6533322A87,missing_explicit_survival_coupon
31004,KR6533303A80,extra_formula_or_level_PMT_1_FRML
31008,KR6769303A80,averaging_not_supported
31009,KR6583302A86,unsupported_PRCP_GRTE_RT
31011,KR6513302A83,unsupported_PRCP_GRTE_RT
31017,KR6523304A80,missing_explicit_survival_coupon
31025,KR6643301A89,payment_lag_not_identifiable_from_maturity
31028,KR6663305A83,unsupported_ki_window
31029,KR6703331A85,missing_explicit_survival_coupon
31030,KR6533353A89,extra_formula_or_level_PMT_1_FRML
31031,KR6533355A87,missing_explicit_survival_coupon
31033,KR6533314A87,extra_formula_or_level_PMT_1_FRML
31034,20200730000118_24903,missing_explicit_survival_coupon
31035,KR6513306A89,unsupported_PRCP_GRTE_RT
31036,KR6573314A83,missing_explicit_survival_coupon
31039,KR6533357A85,missing_explicit_survival_coupon
31045,KR6659306A80,averaging_not_supported
31048,KR6533354A88,payment_lag_not_identifiable_from_maturity
31049,KR6533316A85,missing_explicit_survival_coupon
31050,KR6533317A84,missing_explicit_survival_coupon
31053,20200730000114_24893,missing_explicit_survival_coupon
31054,KR6533358A84,missing_explicit_survival_coupon
31062,KR6663311A85,unsupported_ki_window
31063,KR6533319A82,missing_explicit_survival_coupon
31066,KR6583344A86,unsupported_PRCP_GRTE_RT
31068,KR6513301A84,payment_lag_not_identifiable_from_maturity
31075,KR6513307A88,unsupported_PRCP_GRTE_RT
31078,KR6663307A81,unsupported_ki_window
31081,KR6769312A89,averaging_not_supported
31082,KR6533356A86,extra_formula_or_level_PMT_1_FRML
31095,KR6533372A86,payment_lag_not_identifiable_from_maturity
31097,KR6659318A86,averaging_not_supported
31099,KR6659319A85,averaging_not_supported
31108,KR6533377A81,payment_lag_not_identifiable_from_maturity
31109,KR6533376A82,payment_lag_not_identifiable_from_maturity
31110,KR6513315A88,unsupported_PRCP_GRTE_RT
31112,KR6533349A86,missing_explicit_survival_coupon
31114,KR6769323A86,averaging_not_supported
31115,KR6533374A84,extra_formula_or_level_PMT_1_FRML
31116,KR6643304A86,payment_lag_not_identifiable_from_maturity
31122,KR6533345A80,extra_formula_or_level_PMT_1_FRML
31125,KR6533375A83,payment_lag_not_identifiable_from_maturity
31127,KR6533343A82,unsupported_PRCP_GRTE_RT
31128,20200806000276_1824,unsupported_ki_window
31129,20200806000025_24918,missing_explicit_survival_coupon
31132,20200803000035_8812,unsupported_PRCP_GRTE_RT
31133,KR6533346A89,missing_explicit_survival_coupon
31134,KR6663312A84,unsupported_ki_window
31135,KR6533347A88,missing_explicit_survival_coupon
31146,KR6793307A86,missing_explicit_survival_coupon
31151,KR65833A0A81,unsupported_PRCP_GRTE_RT
31176,KR6703321A87,missing_explicit_survival_coupon
31188,20200813000115_8892,unsupported_PRCP_GRTE_RT
31191,KR6543349A85,unsupported_PRCP_GRTE_RT
31194,KR6543350A81,unsupported_PRCP_GRTE_RT
31195,KR6643308A82,payment_lag_not_identifiable_from_maturity
31197,KR6533392A82,missing_explicit_survival_coupon
31203,KR6659339A81,averaging_not_supported
31208,KR6533393A81,missing_explicit_survival_coupon
31211,KR6533391A83,extra_formula_or_level_PMT_1_FRML
31215,KR6533395A89,missing_explicit_survival_coupon
31224,KR6513326A85,unsupported_PRCP_GRTE_RT
31225,KR6769343A82,averaging_not_supported
31226,KR6769344A81,averaging_not_supported
31230,KR6663322A82,unsupported_ki_window
31235,KR6SS00000E2,missing_explicit_survival_coupon
31239,KR6SS00000C6,extra_formula_or_level_PMT_1_FRML
31240,KR6793313A88,missing_explicit_survival_coupon
31242,KR6513327A84,unsupported_PRCP_GRTE_RT
31244,KR6SS00000D4,payment_lag_not_identifiable_from_maturity
31245,KR6513316A87,payment_lag_not_identifiable_from_maturity
31264,KR6YT0000018,unsupported_ki_window
31265,KR6YT0000091,unsupported_ki_window
31266,20200828000513_363,payment_lag_not_identifiable_from_maturity
31272,KR6ZW0000050,averaging_not_supported
31280,KR6DS0000030,unsupported_PRCP_GRTE_RT
31283,KR6ZW0000043,averaging_not_supported
31284,KR6SS0000061,extra_formula_or_level_PMT_1_FRML
31285,20200828000244_24984,extra_formula_or_level_PMT_1_FRML
31289,KR6SS00001K7,missing_explicit_survival_coupon
31290,KR6SS0000087,missing_explicit_survival_coupon
31294,KR6SS00000A0,missing_explicit_survival_coupon
31304,20200828000244_24987,payment_lag_not_identifiable_from_maturity
31305,KR6SS0000079,missing_explicit_survival_coupon
31312,KR6KW0000078,averaging_not_supported
31313,KR6KW0000086,averaging_not_supported
31315,20200831001338_4598,unsupported_ki_window
31316,KR6DS0000055,unsupported_PRCP_GRTE_RT
31323,KR6KB0000155,unsupported_PRCP_GRTE_RT
31324,KR6DS0000006,payment_lag_not_identifiable_from_maturity
31334,KR6SS0000285,payment_lag_not_identifiable_from_maturity
31336,KR6SS0000293,payment_lag_not_identifiable_from_maturity
31346,KR6YT0000083,unsupported_ki_window
31352,KR6EG0000033,payment_lag_not_identifiable_from_maturity
31366,KR6MD0000199,missing_explicit_survival_coupon
31370,KR6SS0000368,payment_lag_not_identifiable_from_maturity
31371,KR6SS0000129,missing_explicit_survival_coupon
31376,KR6ZW00000F4,averaging_not_supported
31377,KR6ZW00000E7,averaging_not_supported
31378,KR6SS00000Y0,extra_formula_or_level_PMT_1_FRML
31379,KR6KS00000T8,missing_explicit_survival_coupon
31380,KR6SS00000Z7,missing_explicit_survival_coupon
31388,KR6SS0000103,missing_explicit_survival_coupon
31391,KR6SS0000350,missing_explicit_survival_coupon
31392,KR6SS0000376,extra_formula_or_level_PMT_1_FRML
31406,KR6YT00000A1,unsupported_ki_window
31410,KR6DS0000089,unsupported_PRCP_GRTE_RT
31412,KR6DS0000014,unsupported_ki_window
31413,KR6KB00002S5,unsupported_PRCP_GRTE_RT
31415,KR6SS00003B2,payment_lag_not_identifiable_from_maturity
31416,KR6KW00000M7,averaging_not_supported
31419,KR6KW00000N5,averaging_not_supported
31420,KR6SS00003A4,payment_lag_not_identifiable_from_maturity
31441,KR6SS00003H9,missing_explicit_survival_coupon
31442,KR6SS00003R8,payment_lag_not_identifiable_from_maturity
31443,KR6SS00003Q0,payment_lag_not_identifiable_from_maturity
31449,KR6SS00003J5,payment_lag_not_identifiable_from_maturity
31454,KR6YT00000G8,unsupported_ki_window
31460,KR6SS00003K3,payment_lag_not_identifiable_from_maturity
31466,KR6SY00001S2,missing_explicit_survival_coupon
31468,KR6BK0000064,missing_explicit_survival_coupon
31473,KR6SY0000200,missing_explicit_survival_coupon
31475,KR6EG0000066,missing_explicit_survival_coupon
31479,KR6SS00002W0,missing_explicit_survival_coupon
31491,KR6SS00002T6,extra_formula_or_level_PMT_1_FRML
31494,KR6SS00002V2,missing_explicit_survival_coupon
31502,KR6SS00002Y6,missing_explicit_survival_coupon
31504,KR6MZ00000M2,missing_explicit_survival_coupon
31508,KR6ZW00000S7,averaging_not_supported
31516,KR6SS0000491,missing_explicit_survival_coupon
31517,KR6SS00004A2,payment_lag_not_identifiable_from_maturity
31519,20200910000109_25030,extra_formula_or_level_PMT_1_FRML
31526,KR6DS00000A7,unsupported_PRCP_GRTE_RT
31527,KR6SH0000452,missing_explicit_survival_coupon
31528,KR6HH00000C2,missing_explicit_survival_coupon
31529,20200909000239_1828,payment_lag_not_identifiable_from_maturity
31531,KR6KB00003R5,unsupported_PRCP_GRTE_RT
31533,KR6YT00000H6,unsupported_ki_window
31534,KR6YT00000K0,unsupported_ki_window
31538,KR6KW00000T2,averaging_not_supported
31540,KR6KW00000W6,averaging_not_supported
31549,20200917000241_4614,unsupported_ki_window
31570,KR6SS00004L9,payment_lag_not_identifiable_from_maturity
31573,KR6EG0000082,payment_lag_not_identifiable_from_maturity
31587,KR6SS00004T2,payment_lag_not_identifiable_from_maturity
31590,KR6YT00000X3,unsupported_ki_window
31596,KR6MZ00000Y7,second_maturity_payment_without_ki
31597,KR6ZW0000142,averaging_not_supported
31602,KR6MD00003Q3,missing_explicit_survival_coupon
31621,KR6SS00003Y4,extra_formula_or_level_PMT_1_FRML
31622,KR6SS00003Z1,missing_explicit_survival_coupon
31623,KR6SS0000400,missing_explicit_survival_coupon
31625,KR6SS0000426,missing_explicit_survival_coupon
31626,KR6SH0000585,missing_explicit_survival_coupon
31630,KR6KB00005A6,unsupported_PRCP_GRTE_RT
31632,KR6DS00000M2,unsupported_PRCP_GRTE_RT
31633,KR6KW0000144,averaging_not_supported
31634,KR6HH00000N9,missing_explicit_survival_coupon
31637,KR6DS0000097,payment_lag_not_identifiable_from_maturity
31638,KR6SS00005G6,missing_explicit_survival_coupon
31639,KR6SS00005H4,payment_lag_not_identifiable_from_maturity
31640,KR6ZW00001D7,averaging_not_supported
31654,KR6MZ0000150,second_maturity_payment_without_ki
31666,KR6HH00000L3,payment_lag_not_identifiable_from_maturity
31667,KR6SS00005J0,extra_formula_or_level_PMT_1_FRML
31677,KR6SS00005D3,payment_lag_not_identifiable_from_maturity
31685,KR6BK00000P5,missing_schedule_values
31688,KR6MZ0000184,second_maturity_payment_without_ki
31696,KR6YT00000S3,unsupported_ki_window
31709,KR6EG00000B8,payment_lag_not_identifiable_from_maturity
31711,KR6SS0000541,missing_explicit_survival_coupon
31712,KR6SS0000533,missing_explicit_survival_coupon
31713,KR6YT00001D3,unsupported_ki_window
31719,KR6SS00004Z9,extra_formula_or_level_PMT_1_FRML
31720,KR6SS0000509,missing_explicit_survival_coupon
31721,KR6ZW00001K2,averaging_not_supported
31725,KR6SS0000517,missing_explicit_survival_coupon
31728,KR6DS00000L4,payment_lag_not_identifiable_from_maturity
31730,KR6MD00005Y2,missing_explicit_survival_coupon
31733,KR6MD0000447,missing_explicit_survival_coupon
31737,KR6MZ00001E7,second_maturity_payment_without_ki
31742,KR6SS00006K6,extra_formula_or_level_PMT_1_FRML
31743,KR6KW00001N3,averaging_not_supported
31744,KR6SS00006G4,missing_explicit_survival_coupon
31745,KR6KW00001P8,averaging_not_supported
31749,KR6SS00006H2,missing_explicit_survival_coupon
31750,KR6SS00006J8,payment_lag_not_identifiable_from_maturity
31751,KR6YT0000117,unsupported_ki_window
31753,KR6SS00006F6,payment_lag_not_identifiable_from_maturity
31754,KR6YT0000182,unsupported_ki_window
31755,KR6SS00006E9,missing_explicit_survival_coupon
31756,KR6SS0000525,missing_explicit_survival_coupon
31762,KR6DS00000Z4,unsupported_PRCP_GRTE_RT
31781,20200924000252_19667,unsupported_PRCP_GRTE_RT
31782,KR6HH00000Z3,missing_explicit_survival_coupon
31783,KR6SH0000577,unsupported_PRCP_GRTE_RT
31790,KR6MZ00001T5,second_maturity_payment_without_ki
31799,KR6SS0000699,missing_explicit_survival_coupon
31800,KR6SS0000681,missing_explicit_survival_coupon
31801,KR6SS0000657,missing_explicit_survival_coupon
31802,KR6SS0000624,extra_formula_or_level_PMT_1_FRML
31803,KR6SS0000673,missing_explicit_survival_coupon
31808,KR6SS0000640,missing_explicit_survival_coupon
31809,KR6SS0000632,missing_explicit_survival_coupon
31810,KR6SS0000665,missing_explicit_survival_coupon
31815,KR6KB00007Q8,missing_explicit_survival_coupon
31819,KR6SS00007F4,missing_explicit_survival_coupon
31820,KR6EG00000D4,payment_lag_not_identifiable_from_maturity
31823,KR6MZ0000226,second_maturity_payment_without_ki
31824,KR6SS00007H0,missing_explicit_survival_coupon
31826,KR6SS00007N8,missing_explicit_survival_coupon
31827,KR6SS00007M0,missing_explicit_survival_coupon
31828,KR6SS00007L2,payment_lag_not_identifiable_from_maturity
31829,KR6SS00007E7,payment_lag_not_identifiable_from_maturity
31831,KR6KS0000340,missing_explicit_survival_coupon
31832,KR6SS00007R9,extra_formula_or_level_PMT_1_FRML
31833,KR6SS00007Q1,payment_lag_not_identifiable_from_maturity
31838,KR6SS00007P3,missing_explicit_survival_coupon
31850,KR6ZW00001Z0,averaging_not_supported
31852,KR6MZ0000275,second_maturity_payment_without_ki
31858,20201012000224_4626,unsupported_ki_window
31859,20201005000232_25082,payment_lag_not_identifiable_from_maturity
31860,20201007000153_25104,payment_lag_not_identifiable_from_maturity
31865,KR6HH0000133,missing_explicit_survival_coupon
31870,20201008000644_1831,unsupported_ki_window
31873,KR6KB00008E2,unsupported_PRCP_GRTE_RT
31880,KR6KW0000227,averaging_not_supported
31881,KR6KW0000235,averaging_not_supported
31882,KR6DS0000162,unsupported_PRCP_GRTE_RT
31890,20201013000264_25118,missing_explicit_survival_coupon
31891,20201013000264_25115,extra_formula_or_level_PMT_1_FRML
31892,20201013000264_25121,missing_explicit_survival_coupon
31893,20201013000264_25119,missing_explicit_survival_coupon
31895,20201013000264_25117,missing_explicit_survival_coupon
31899,KR6SS0000723,missing_explicit_survival_coupon
31900,KR6SS00008J4,payment_lag_not_identifiable_from_maturity
31901,KR6SS0000715,missing_explicit_survival_coupon
31902,KR6SS00006Y7,extra_formula_or_level_PMT_1_FRML
31904,KR6SS0000707,missing_explicit_survival_coupon
31905,KR6SS00006Z4,missing_explicit_survival_coupon
31907,20201013000264_25116,missing_explicit_survival_coupon
31909,20201013000264_25120,missing_explicit_survival_coupon
31911,KR6SS0000749,missing_explicit_survival_coupon
31916,KR6SS0000731,missing_explicit_survival_coupon
31922,KR6YT00001S1,unsupported_ki_window
31927,KR6MZ00002H8,second_maturity_payment_without_ki
31930,KR6EG00000G7,payment_lag_not_identifiable_from_maturity
31933,20201015000011_25132,payment_lag_not_identifiable_from_maturity
31935,KR6ZW00002A1,averaging_not_supported
31945,KR6SS00008S5,payment_lag_not_identifiable_from_maturity
31948,KR6YT00001Y9,unsupported_ki_window
31958,KR6SS00008L0,payment_lag_not_identifiable_from_maturity
31962,KR6SS00008T3,missing_explicit_survival_coupon
31963,KR6SS00008R7,extra_formula_or_level_PMT_1_FRML
31966,KR6ZW0000290,averaging_not_supported
31971,KR6DS0000154,payment_lag_not_identifiable_from_maturity
31974,KR6KW00002F7,averaging_not_supported
31980,KR6HH00001A4,missing_explicit_survival_coupon
31981,KR6KW00002E0,averaging_not_supported
31983,KR6KB0000A55,unsupported_PRCP_GRTE_RT
32001,KR6SS00009H6,payment_lag_not_identifiable_from_maturity
32003,KR6SY0000556,missing_explicit_survival_coupon
32007,KR6MZ00002Z0,second_maturity_payment_without_ki
32014,KR6EG00000L7,missing_explicit_survival_coupon
32017,KR6EG00000M5,payment_lag_not_identifiable_from_maturity
32020,KR6YT00001W3,unsupported_ki_window
32022,KR6SS0000863,missing_explicit_survival_coupon
32025,KR6SS00009P9,missing_explicit_survival_coupon
32026,KR6SS00009T1,extra_formula_or_level_PMT_1_FRML
32027,KR6YT0000281,unsupported_ki_window
32030,KR6SS0000871,missing_explicit_survival_coupon
32033,KR6MD00008X8,missing_explicit_survival_coupon
32039,KR6SS00009R5,payment_lag_not_identifiable_from_maturity
32040,KR6SS00009Q7,missing_explicit_survival_coupon
32041,KR6SS0000889,missing_explicit_survival_coupon
32042,KR6SS0000897,missing_explicit_survival_coupon
32043,KR6SS0000855,extra_formula_or_level_PMT_1_FRML
32048,KR6ZW00002S3,averaging_not_supported
32051,KR6HH00001N7,missing_explicit_survival_coupon
32052,KR6ZW00002Q7,averaging_not_supported
32057,KR6DS00001D9,payment_lag_not_identifiable_from_maturity
32061,KR6SS00009S3,payment_lag_not_identifiable_from_maturity
32067,KR6KB0000B96,unsupported_PRCP_GRTE_RT
32073,KR6KW00002Q4,averaging_not_supported
32076,KR6KW00002R2,averaging_not_supported
32081,KR6YT0000257,unsupported_ki_window
32094,KR6KS0000514,missing_explicit_survival_coupon
32097,KR6MZ00003K0,second_maturity_payment_without_ki
32116,KR6SS00009A1,extra_formula_or_level_PMT_1_FRML
32128,KR6SS00009E3,missing_explicit_survival_coupon
32129,KR6SS00009B9,missing_explicit_survival_coupon
32133,KR6EG00000S2,payment_lag_not_identifiable_from_maturity
32135,KR6SS0000AR6,extra_formula_or_level_PMT_1_FRML
32136,KR6SS0000AQ8,payment_lag_not_identifiable_from_maturity
32137,KR6YT00002P5,unsupported_ki_window
32150,KR6SS0000AP0,missing_explicit_survival_coupon
32154,KR6ZW0000340,averaging_not_supported
32159,KR6SS0000AN5,payment_lag_not_identifiable_from_maturity
32166,KR6KW00002Y8,averaging_not_supported
32176,KR6KW00002X0,averaging_not_supported
32178,KR6KB0000D78,unsupported_PRCP_GRTE_RT
32186,20201029000330_1834,unsupported_ki_window
32188,KR6HH0000208,missing_explicit_survival_coupon
32190,KR6HM00000L6,payment_lag_not_identifiable_from_maturity
32198,KR6MZ0000440,second_maturity_payment_without_ki
32203,KR6MZ00004A9,missing_explicit_survival_coupon
32216,KR6SS0000BC6,missing_explicit_survival_coupon
32218,KR6SS0000BB8,payment_lag_not_identifiable_from_maturity
32220,KR6SS0000B99,extra_formula_or_level_PMT_1_FRML
32223,KR6YT00002G4,unsupported_ki_window
32225,KR6SS0000A66,extra_formula_or_level_PMT_1_FRML
32226,KR6SS0000AA2,missing_explicit_survival_coupon
32227,KR6SS0000BA0,payment_lag_not_identifiable_from_maturity
32228,KR6SS0000A74,missing_explicit_survival_coupon
32231,KR6ZW00003H4,averaging_not_supported
32232,KR6ZW00003G6,averaging_not_supported
32233,KR6ZW00003J0,averaging_not_supported
32235,KR6EG0000108,payment_lag_not_identifiable_from_maturity
32236,KR6DS00001Z2,payment_lag_not_identifiable_from_maturity
32244,KR6KW0000318,averaging_not_supported
32248,20201106000172_1835,payment_lag_not_identifiable_from_maturity
32262,KR6KW0000326,averaging_not_supported
32267,KR6YT00002X9,unsupported_ki_window
32279,KR6KB0000DZ6,unsupported_PRCP_GRTE_RT
32284,KR6HH0000273,missing_explicit_survival_coupon
32296,KR6SY00007C3,missing_explicit_survival_coupon
32300,KR6MZ00004F8,missing_explicit_survival_coupon
32314,KR6ZW00003Y9,averaging_not_supported
32315,KR6ZW00003Z6,averaging_not_supported
32328,20201120000263_375,payment_lag_not_identifiable_from_maturity
32333,20201120000263_376,payment_lag_not_identifiable_from_maturity
32334,KR6KW0000383,averaging_not_supported
32345,KR6SY00007J8,missing_explicit_survival_coupon
32356,KR6SY00007H2,missing_explicit_survival_coupon
32361,KR6SS0000BW4,missing_explicit_survival_coupon
32364,KR6SS0000DD0,missing_explicit_survival_coupon
32367,KR6SS0000DG3,payment_lag_not_identifiable_from_maturity
32369,KR6SS0000DF5,extra_formula_or_level_PMT_1_FRML
32372,KR6ZW0000498,averaging_not_supported
32373,KR6SH0000DV5,averaging_not_supported
32374,KR6SS0000C07,missing_explicit_survival_coupon
32382,20201119000107_25238,missing_explicit_survival_coupon
32388,KR6DS00002L0,unsupported_PRCP_GRTE_RT
32389,KR6SS0000DB4,payment_lag_not_identifiable_from_maturity
32390,KR6SH0000DW3,averaging_not_supported
32391,KR6SS0000BX2,missing_explicit_survival_coupon
32392,KR6SS0000BV6,extra_formula_or_level_PMT_1_FRML
32394,20201120000223_1836,unsupported_ki_window
32395,KR6SS0000DC2,missing_explicit_survival_coupon
32396,KR6HH00002K1,missing_explicit_survival_coupon
32402,KR6SS0000DE8,payment_lag_not_identifiable_from_maturity
32418,KR6KS0000779,missing_explicit_survival_coupon
32431,20201127000429_377,payment_lag_not_identifiable_from_maturity
32435,KR6SS0000EE6,extra_formula_or_level_PMT_1_FRML
32440,KR6SS0000ED8,payment_lag_not_identifiable_from_maturity
32442,KR6SS0000EC0,missing_explicit_survival_coupon
32443,20201127000079_25253,missing_explicit_survival_coupon
32447,KR6YT00003A5,unsupported_ki_window
32450,KR6ZW00004Q3,averaging_not_supported
32452,KR6SS0000CX0,missing_explicit_survival_coupon
32454,KR6ZW00004P5,averaging_not_supported
32458,KR6YT0000398,unsupported_ki_window
32465,KR6SS0000CW2,missing_explicit_survival_coupon
32470,KR6SS0000CV4,extra_formula_or_level_PMT_1_FRML
32471,KR6SS0000D06,missing_explicit_survival_coupon
32481,KR6HH00002X4,missing_explicit_survival_coupon
32486,KR6KW00003K5,averaging_not_supported
32493,KR6HN0000CD6,missing_explicit_survival_coupon
32494,KR6DS00002H8,unsupported_ki_window
32496,KR6MZ00006L1,second_maturity_payment_without_ki
32499,KR6SH0000GZ9,averaging_not_supported
32503,KR6SH0000GV8,averaging_not_supported
32514,KR6MZ00006X6,second_maturity_payment_without_ki
32523,KR6SS0000DY6,extra_formula_or_level_PMT_1_FRML
32525,KR6SH0000FQ0,averaging_not_supported
32528,KR6SS0000E05,missing_explicit_survival_coupon
32532,KR6SH0000FP2,averaging_not_supported
32533,KR6SS0000E39,missing_explicit_survival_coupon
32534,KR6SS0000DZ3,missing_explicit_survival_coupon
32536,KR6EG00001C4,payment_lag_not_identifiable_from_maturity
32539,KR6MD0000GA4,missing_explicit_survival_coupon
32544,KR6HN0000D38,missing_explicit_survival_coupon
32547,KR6SS0000FK0,missing_explicit_survival_coupon
32550,KR6SS0000FM6,payment_lag_not_identifiable_from_maturity
32551,KR6SS0000FL8,extra_formula_or_level_PMT_1_FRML
32557,KR6ZW0000530,averaging_not_supported
32559,KR6ZW0000522,averaging_not_supported
32565,KR6SY0000903,missing_explicit_survival_coupon
32576,KR6KS0000837,missing_explicit_survival_coupon
32580,KR6DS00002X5,payment_lag_not_identifiable_from_maturity
32589,KR6HH0000364,missing_explicit_survival_coupon
32593,KR6MZ0000788,missing_explicit_survival_coupon
32594,KR6MZ0000754,second_maturity_payment_without_ki
32605,KR6MZ00007H7,second_maturity_payment_without_ki
32610,KR6KS00008G8,missing_explicit_survival_coupon
32615,20201210000093_25316,payment_lag_not_identifiable_from_maturity
32616,KR6SS0000F46,extra_formula_or_level_PMT_1_FRML
32618,KR6SS0000G60,payment_lag_not_identifiable_from_maturity
32620,KR6SS0000F95,missing_explicit_survival_coupon
32625,20201211000208_379,payment_lag_not_identifiable_from_maturity
32626,20201210000093_25320,missing_explicit_survival_coupon
32627,KR6SS0000F53,missing_explicit_survival_coupon
32628,KR6SS0000F61,missing_explicit_survival_coupon
32640,KR6ZW00005B2,averaging_not_supported
32644,KR6SS0000GM4,missing_explicit_survival_coupon
32645,KR6SS0000GR3,missing_explicit_survival_coupon
32646,KR6SS0000GQ5,missing_explicit_survival_coupon
32647,KR6SS0000GP7,missing_explicit_survival_coupon
32648,KR6SS0000GY9,nonterminal_second_payment
32649,KR6MZ00007T2,second_maturity_payment_without_ki
32655,KR6HN0000DS2,missing_explicit_survival_coupon
32659,KR6MZ00007Q8,missing_explicit_survival_coupon
32667,KR6MD0000J78,missing_explicit_survival_coupon
32669,KR6HH00003G7,missing_explicit_survival_coupon
32670,20201210000334_1839,unsupported_ki_window
32681,KR6SH0000J03,averaging_not_supported
32682,KR6SH0000HZ7,averaging_not_supported
32698,KR6MD0000KH1,missing_explicit_survival_coupon
32721,KR6KS0000969,missing_explicit_survival_coupon
32741,KR6HN0000EB6,missing_explicit_survival_coupon
32742,KR6ZW00005N7,averaging_not_supported
32743,KR6SY0000A76,missing_explicit_survival_coupon
32747,KR6SS0000JJ4,nonterminal_second_payment
32751,KR6SS0000JG0,missing_explicit_survival_coupon
32753,KR6SS0000JK2,payment_lag_not_identifiable_from_maturity
32754,KR6SS0000JH8,missing_explicit_survival_coupon
32759,KR6SS0000GG6,missing_explicit_survival_coupon
32760,KR6SS0000GJ0,missing_explicit_survival_coupon
32762,KR6SS0000GF8,missing_explicit_survival_coupon
32767,20201218000507_2377,missing_explicit_survival_coupon
32768,KR6HH00003S2,missing_explicit_survival_coupon
32771,KR6SS0000JE5,payment_lag_not_identifiable_from_maturity
32774,KR6SS0000JD7,missing_explicit_survival_coupon
32780,KR6SH0000KY4,averaging_not_supported
32782,KR6SS0000GE1,extra_formula_or_level_PMT_1_FRML
32783,KR6SH0000KX6,averaging_not_supported
32785,KR6MZ0000887,second_maturity_payment_without_ki
32793,KR6KS0000A56,missing_explicit_survival_coupon
32795,20201224000226_380,payment_lag_not_identifiable_from_maturity
32844,KR6SS0000J00,missing_explicit_survival_coupon
32845,KR6SS0000HZ4,missing_explicit_survival_coupon
32846,KR6SS0000KS3,missing_explicit_survival_coupon
32847,KR6SS0000KR5,missing_explicit_survival_coupon
32850,KR6SS0000J26,missing_explicit_survival_coupon
32852,KR6SS0000KT1,nonterminal_second_payment
32853,KR6SS0000KQ7,missing_explicit_survival_coupon
32854,KR6SS0000KJ2,payment_lag_not_identifiable_from_maturity
32855,KR6SS0000KH6,payment_lag_not_identifiable_from_maturity
32857,KR6SS0000HY7,extra_formula_or_level_PMT_1_FRML
32862,KR6HN0000G68,missing_explicit_survival_coupon
32863,20210104000256_9279,missing_explicit_survival_coupon
32864,20201230000196_25401,missing_explicit_survival_coupon
32865,KR6EG00001X0,payment_lag_not_identifiable_from_maturity
32873,KR6MZ0000929,second_maturity_payment_without_ki
32880,KR6KS0000B55,missing_explicit_survival_coupon
32884,KR6MD0000P47,missing_explicit_survival_coupon
32885,KR6SS0000KZ8,extra_formula_or_level_PMT_1_FRML
32888,KR6ZW00005Y4,averaging_not_supported
32891,KR6SS0000KP9,payment_lag_not_identifiable_from_maturity
32894,KR6SS0000KY1,payment_lag_not_identifiable_from_maturity
32898,20201230000196_25403,missing_explicit_survival_coupon
32899,20210104000290_4674,unsupported_ki_window
32906,20201230000196_25399,payment_lag_not_identifiable_from_maturity
32910,KR6DS00003S3,payment_lag_not_identifiable_from_maturity
32912,KR6KW0000714,averaging_not_supported
32927,KR6MZ00009C4,missing_explicit_survival_coupon
32959,KR6SS0000K56,missing_explicit_survival_coupon
32967,KR6SS0000KA1,missing_explicit_survival_coupon
32968,KR6SS0000MD1,missing_explicit_survival_coupon
32972,KR6SS0000M88,payment_lag_not_identifiable_from_maturity
32973,KR6SS0000K49,extra_formula_or_level_PMT_1_FRML
32975,KR6SS0000MC3,missing_explicit_survival_coupon
32976,KR6SS0000K72,missing_explicit_survival_coupon
32977,KR6SS0000K64,missing_explicit_survival_coupon
32979,20210107000038_25436,payment_lag_not_identifiable_from_maturity
32981,KR6SH0000QG8,averaging_not_supported
32989,KR6MD0000QC9,missing_explicit_survival_coupon
32992,KR6HN0000H42,missing_explicit_survival_coupon
32993,KR6HN0000HN4,missing_explicit_survival_coupon
32999,KR6SS0000MM2,extra_formula_or_level_PMT_1_FRML
33001,KR6ZW0000621,averaging_not_supported
33005,KR6SS0000MK6,missing_explicit_survival_coupon
33006,KR6SS0000ML4,missing_explicit_survival_coupon
33009,20210107000038_25437,payment_lag_not_identifiable_from_maturity
33010,KR6SS0000ME9,payment_lag_not_identifiable_from_maturity
33028,KR6HH00004N1,missing_explicit_survival_coupon
33029,KR6SH0000RB7,averaging_not_supported
33033,KR6SH0000PV9,averaging_not_supported
33035,KR6HH00004M3,missing_explicit_survival_coupon
33045,KR6DS0000428,unsupported_ki_window
33046,KR6KW00007C3,averaging_not_supported
33070,KR6SS0000NJ6,payment_lag_not_identifiable_from_maturity
33071,KR6SS0000NN8,payment_lag_not_identifiable_from_maturity
33083,KR6SS0000M05,missing_explicit_survival_coupon
33084,KR6SS0000LZ6,missing_explicit_survival_coupon
33086,KR6SS0000M62,missing_explicit_survival_coupon
33087,KR6SS0000M39,missing_explicit_survival_coupon
33088,KR6SS0000LX1,extra_formula_or_level_PMT_1_FRML
33089,KR6SS0000LY9,missing_explicit_survival_coupon
33090,KR6SS0000NZ2,missing_explicit_survival_coupon
33094,KR6SH0000Q12,averaging_not_supported
33097,KR6SH0000Q20,averaging_not_supported
33098,KR6SS0000PB8,extra_formula_or_level_PMT_1_FRML
33103,KR6ZW00006B0,averaging_not_supported
33106,KR6MD0000S44,missing_explicit_survival_coupon
33110,KR6KS0000EE3,missing_explicit_survival_coupon
33128,KR6KS0000EF0,missing_explicit_survival_coupon
33129,KR6SS0000PA0,payment_lag_not_identifiable_from_maturity
33130,KR6SS0000P93,payment_lag_not_identifiable_from_maturity
33136,KR6SS0000P85,missing_explicit_survival_coupon
33137,KR6SS0000NY5,payment_lag_not_identifiable_from_maturity
33138,KR6SS0000P77,missing_explicit_survival_coupon
33140,KR6HN0000JP5,missing_explicit_survival_coupon
33150,KR6HH0000505,missing_explicit_survival_coupon
33158,KR6SH0000RV5,averaging_not_supported
33161,KR6SH0000RR3,averaging_not_supported
33164,KR6SS0000PD4,payment_lag_not_identifiable_from_maturity
33175,KR6DS0000436,unsupported_ki_window
33179,KR6KW00007G4,averaging_not_supported
33184,KR6KW00007H2,averaging_not_supported
33203,KR6SS0000QA8,payment_lag_not_identifiable_from_maturity
33204,KR6SS0000Q92,payment_lag_not_identifiable_from_maturity
33205,KR6SS0000QE0,missing_explicit_survival_coupon
33206,KR6SS0000Q84,payment_lag_not_identifiable_from_maturity
33210,KR6KS0000EW5,missing_explicit_survival_coupon
33216,KR6MZ0000B39,second_maturity_payment_without_ki
33220,KR6EG0000223,payment_lag_not_identifiable_from_maturity
33222,KR6SS0000NF4,missing_explicit_survival_coupon
33223,KR6SS0000NB3,missing_explicit_survival_coupon
33224,KR6SS0000NC1,missing_explicit_survival_coupon
33225,KR6SS0000NA5,missing_explicit_survival_coupon
33226,KR6SS0000N95,extra_formula_or_level_PMT_1_FRML
33238,KR6SS0000QF7,payment_lag_not_identifiable_from_maturity
33242,KR6SS0000PS2,missing_explicit_survival_coupon
33248,KR6SH0000TQ1,averaging_not_supported
33253,KR6HH00005C1,missing_explicit_survival_coupon
33254,KR6DS0000493,payment_lag_not_identifiable_from_maturity
33260,KR6SH0000VQ7,averaging_not_supported
33261,KR6ZW00006M7,averaging_not_supported
33264,KR6KS0000G35,missing_explicit_survival_coupon
33273,KR6MZ0000BG5,missing_explicit_survival_coupon
33276,20210121000017_25532,missing_explicit_survival_coupon
33277,KR6SH0000T76,averaging_not_supported
33287,KR6HN0000KV1,missing_explicit_survival_coupon
33295,KR6MD0000T50,missing_explicit_survival_coupon
33299,KR6YT00006A8,unsupported_ki_window
33303,KR6SS0000RB4,missing_explicit_survival_coupon
33308,KR6SS0000RC2,payment_lag_not_identifiable_from_maturity
33309,KR6SS0000RD0,extra_formula_or_level_PMT_1_FRML
33310,KR6SH0000T68,averaging_not_supported
33323,KR6SS0000R83,payment_lag_not_identifiable_from_maturity
33325,KR6SS0000R91,payment_lag_not_identifiable_from_maturity
33329,KR6KW00007Q3,averaging_not_supported
33330,KR6KW00007R1,averaging_not_supported
33332,KR6SS0000RQ2,missing_explicit_survival_coupon
33345,KR6MZ0000BS0,missing_explicit_survival_coupon
33346,KR6SS0000SM9,payment_lag_not_identifiable_from_maturity
33347,KR6SH0000TV1,averaging_not_supported
33350,KR6HM00001Q3,payment_lag_not_identifiable_from_maturity
33358,KR6YT0000638,unsupported_ki_window
33362,KR6KS0000GF5,missing_explicit_survival_coupon
33369,KR6SS0000SL1,payment_lag_not_identifiable_from_maturity
33370,KR6SS0000SJ5,payment_lag_not_identifiable_from_maturity
33371,KR6SS0000SZ1,missing_explicit_survival_coupon
33379,KR6SS0000QP6,missing_explicit_survival_coupon
33380,KR6SS0000QS0,missing_explicit_survival_coupon
33382,KR6SS0000QN1,missing_explicit_survival_coupon
33388,KR6SS0000T08,missing_explicit_survival_coupon
33389,KR6SS0000SH9,payment_lag_not_identifiable_from_maturity
33393,KR6SS0000QL5,extra_formula_or_level_PMT_1_FRML
33394,KR6SS0000QM3,missing_explicit_survival_coupon
33405,KR6HM00001R1,payment_lag_not_identifiable_from_maturity
33410,KR6MZ0000C61,missing_explicit_survival_coupon
33423,KR6ZW00006S4,averaging_not_supported
33434,KR6SK00000B6,missing_explicit_survival_coupon
33435,KR6YT00006P6,unsupported_ki_window
33441,KR6SS0000SY4,payment_lag_not_identifiable_from_maturity
33443,KR6SS0000TB0,payment_lag_not_identifiable_from_maturity
33444,KR6SS0000T99,missing_explicit_survival_coupon
33447,20210128000105_25573,extra_formula_or_level_PMT_1_FRML
33448,KR6SS0000T16,payment_lag_not_identifiable_from_maturity
33450,KR6SS0000TA2,extra_formula_or_level_PMT_1_FRML
33451,KR6SS0000T81,missing_explicit_survival_coupon
33452,KR6SY0000DT4,missing_explicit_survival_coupon
33456,KR6KS0000HV0,missing_explicit_survival_coupon
33465,KR6SS0000T65,payment_lag_not_identifiable_from_maturity
33466,KR6SS0000T57,payment_lag_not_identifiable_from_maturity
33477,KR6SH0000W55,averaging_not_supported
33478,KR6DS00004J0,payment_lag_not_identifiable_from_maturity
33484,KR6HH00005R9,missing_explicit_survival_coupon
33489,20210129000345_1844,payment_lag_not_identifiable_from_maturity
33493,KR6KW0000839,averaging_not_supported
33494,KR6KW0000847,averaging_not_supported
33497,KR6HH00005W9,missing_explicit_survival_coupon
33504,KR6YT00006K7,unsupported_ki_window
33514,KR6MZ0000CP4,missing_explicit_survival_coupon
33524,KR6SS0000V87,payment_lag_not_identifiable_from_maturity
33525,KR6SS0000V95,payment_lag_not_identifiable_from_maturity
33526,KR6SS0000VA8,payment_lag_not_identifiable_from_maturity
33528,KR6SH0000XS9,averaging_not_supported
33529,KR6SH0000WF8,averaging_not_supported
33537,KR6SH0000XB5,averaging_not_supported
33538,20210127000069_25568,payment_lag_not_identifiable_from_maturity
33541,KR6SS0000S82,extra_formula_or_level_PMT_1_FRML
33542,KR6SS0000S90,missing_explicit_survival_coupon
33543,KR6SS0000SA4,missing_explicit_survival_coupon
33544,KR6SS0000SB2,missing_explicit_survival_coupon
33546,KR6SS0000VJ9,missing_explicit_survival_coupon
33547,KR6SS0000VH3,missing_explicit_survival_coupon
33548,KR6SS0000VK7,missing_explicit_survival_coupon
33551,KR6SS0000SE6,missing_explicit_survival_coupon
33566,KR6YT0000711,unsupported_ki_window
33577,KR6KS0000JC6,missing_explicit_survival_coupon
33585,KR6SS0000VG5,payment_lag_not_identifiable_from_maturity
33586,KR6SS0000VD2,payment_lag_not_identifiable_from_maturity
33587,KR6SS0000VC4,payment_lag_not_identifiable_from_maturity
33596,KR6SH0000WG6,averaging_not_supported
33597,KR6MD0000XA9,missing_explicit_survival_coupon
33600,KR6SS0000V79,payment_lag_not_identifiable_from_maturity
33602,KR6SY0000DG1,missing_explicit_survival_coupon
33625,KR6SS0000W37,payment_lag_not_identifiable_from_maturity
33626,KR6MZ0000D60,missing_explicit_survival_coupon
33627,KR6MZ0000D78,missing_explicit_survival_coupon
33633,KR6SS0000W78,missing_explicit_survival_coupon
33634,KR6KS0000KF7,missing_explicit_survival_coupon
33640,KR6SS0000W86,missing_explicit_survival_coupon
33642,KR6SS0000WA6,payment_lag_not_identifiable_from_maturity
33643,KR6SS0000W94,payment_lag_not_identifiable_from_maturity
33646,KR6SS0000WB4,extra_formula_or_level_PMT_1_FRML
33647,KR6SS0000WD0,missing_explicit_survival_coupon
33651,KR6SS0000WE8,payment_lag_not_identifiable_from_maturity
33657,20210209000157_25654,missing_explicit_survival_coupon
33674,KR6SH0000Y53,averaging_not_supported
33679,KR6SS0000TV8,missing_explicit_survival_coupon
33681,KR6SS0000TR6,extra_formula_or_level_PMT_1_FRML
33682,KR6SS0000TW6,missing_explicit_survival_coupon
33683,KR6SS0000TY2,missing_explicit_survival_coupon
33684,KR6SS0000TT2,missing_explicit_survival_coupon
33685,KR6SS0000TS4,missing_explicit_survival_coupon
33689,KR6HM00001W1,payment_lag_not_identifiable_from_maturity
33690,KR6SS0000XA4,payment_lag_not_identifiable_from_maturity
33691,KR6SS0000XC0,missing_explicit_survival_coupon
33692,KR6SS0000X85,payment_lag_not_identifiable_from_maturity
33693,KR6SS0000X93,missing_explicit_survival_coupon
33695,KR6SS0000X77,payment_lag_not_identifiable_from_maturity
33696,KR6SS0000WW0,payment_lag_not_identifiable_from_maturity
33697,KR6SS0000X69,missing_explicit_survival_coupon
33698,KR6SS0000X44,payment_lag_not_identifiable_from_maturity
33699,KR6SS0000X02,payment_lag_not_identifiable_from_maturity
33700,KR6SS0000WZ3,payment_lag_not_identifiable_from_maturity
33701,KR6SS0000WY6,payment_lag_not_identifiable_from_maturity
33702,KR6SS0000XF3,missing_explicit_survival_coupon
33703,KR6SS0000XE6,missing_explicit_survival_coupon
33704,KR6SS0000XD8,missing_explicit_survival_coupon
33706,KR6SS0000XG1,missing_explicit_survival_coupon
33707,KR6SS0000X36,payment_lag_not_identifiable_from_maturity
33717,KR6ZW00007B8,averaging_not_supported
33720,20210210000984_4707,unsupported_ki_window
33724,KR6MZ0000DV0,missing_explicit_survival_coupon
33732,KR6KS0000KZ5,missing_explicit_survival_coupon
33740,KR6YT00007B4,unsupported_ki_window
33741,KR6DS00004T9,unsupported_ki_window
33751,KR6SK00000D2,missing_explicit_survival_coupon
33754,KR6SS0000XB2,missing_explicit_survival_coupon
33761,KR6HN0000N69,missing_explicit_survival_coupon
33766,KR6SH0000ZY2,averaging_not_supported
33770,KR6KW00008J6,averaging_not_supported
33774,KR6SH0000YQ1,averaging_not_supported
33795,KR6HH0000661,missing_explicit_survival_coupon
33796,KR6SS0000X51,payment_lag_not_identifiable_from_maturity
33798,KR6HM00001X9,payment_lag_not_identifiable_from_maturity
33800,KR6MZ0000E44,missing_explicit_survival_coupon
33803,KR6SH0000XT7,averaging_not_supported
33808,KR6MZ0000E51,missing_explicit_survival_coupon
33812,KR6SS0000Y68,missing_explicit_survival_coupon
33814,KR6MZ0000EG9,missing_explicit_survival_coupon
33823,KR6YT0000778,unsupported_ki_window
33825,KR6MZ0000EQ8,missing_explicit_survival_coupon
33838,KR6KS0000LZ3,missing_explicit_survival_coupon
33846,KR6MZ0000EX4,missing_explicit_survival_coupon
33847,KR6SS0000YQ8,missing_explicit_survival_coupon
33848,KR6SS0000YR6,missing_explicit_survival_coupon
33855,KR6SS0000YS4,missing_explicit_survival_coupon
33856,KR6SS0000YV8,missing_explicit_survival_coupon
33861,KR6SS0000WK5,missing_explicit_survival_coupon
33865,KR6SS0000WJ7,extra_formula_or_level_PMT_1_FRML
33866,KR6SS0000WQ2,missing_explicit_survival_coupon
33867,KR6SS0000WM1,missing_explicit_survival_coupon
33868,KR6SS0000WL3,missing_explicit_survival_coupon
33869,KR6SS0000WN9,missing_explicit_survival_coupon
33875,KR6SS0000YM7,missing_explicit_survival_coupon
33877,KR6SS0000YN5,missing_explicit_survival_coupon
33878,KR6SS0000YP0,missing_explicit_survival_coupon
33883,20210216000062_25678,missing_explicit_survival_coupon
33886,20210216000062_25677,payment_lag_not_identifiable_from_maturity
33887,KR6SY0000ER6,missing_explicit_survival_coupon
33888,KR6KS0000MH9,missing_explicit_survival_coupon
33899,KR6SH00011E2,averaging_not_supported
33900,KR6KS0000MJ5,extra_formula_or_level_STRK_2
33901,KR6YT00007P4,unsupported_ki_window
33903,KR6SS0000YW6,payment_lag_not_identifiable_from_maturity
33904,KR6SS0000Z42,payment_lag_not_identifiable_from_maturity
33910,KR6DS0000543,payment_lag_not_identifiable_from_maturity
33916,KR6SS0000Z18,payment_lag_not_identifiable_from_maturity
33917,KR6SS0000YX4,payment_lag_not_identifiable_from_maturity
33926,KR6SH0000ZS4,averaging_not_supported
33928,KR6SH0000ZT2,averaging_not_supported
33930,KR6MZ0000F76,missing_explicit_survival_coupon
33937,KR6ZW00007Z7,averaging_not_supported
33938,KR6HN0000NW3,missing_explicit_survival_coupon
33943,KR6SS0000Z91,payment_lag_not_identifiable_from_maturity
33944,KR6SS0000Z75,payment_lag_not_identifiable_from_maturity
33945,KR6SS0000Z67,payment_lag_not_identifiable_from_maturity
33946,KR6SS0000Z59,payment_lag_not_identifiable_from_maturity
33949,KR6HN0000NY9,averaging_not_supported
33960,KR6SS0000ZA9,extra_formula_or_level_PMT_1_FRML
33963,KR6SS0000ZB7,payment_lag_not_identifiable_from_maturity
33965,KR6HM0000240,payment_lag_not_identifiable_from_maturity
33973,KR6SS0000Z34,payment_lag_not_identifiable_from_maturity
33988,KR6SS0000Z26,payment_lag_not_identifiable_from_maturity
33998,KR6SS00010E1,missing_explicit_survival_coupon
33999,KR6SS00010F8,missing_explicit_survival_coupon
34001,KR6SS0000YA2,missing_explicit_survival_coupon
34002,KR6SS0000YC8,missing_explicit_survival_coupon
34003,KR6SS0000YB0,missing_explicit_survival_coupon
34008,KR6SS0000YF1,missing_explicit_survival_coupon
34009,KR6KS0000M86,missing_explicit_survival_coupon
34013,KR6SS0000Y92,extra_formula_or_level_PMT_1_FRML
34015,KR6KS0000NF1,missing_explicit_survival_coupon
34018,KR6MZ0000FP7,missing_explicit_survival_coupon
34019,KR6SS00010D3,missing_explicit_survival_coupon
34024,KR6SS0000YD6,missing_explicit_survival_coupon
34025,KR6SS00010G6,missing_explicit_survival_coupon
34026,KR6KS0000NH7,extra_formula_or_level_STRK_2
34030,KR6MD00011D4,missing_explicit_survival_coupon
34037,KR6SS00010N2,payment_lag_not_identifiable_from_maturity
34038,KR6SS00010M4,payment_lag_not_identifiable_from_maturity
34045,20210226004786_4718,unsupported_ki_window
34048,KR6SS00010L6,payment_lag_not_identifiable_from_maturity
34050,KR6ZW00008G5,averaging_not_supported
34054,KR6YT0000844,unsupported_ki_window
34055,KR6SS00010K8,payment_lag_not_identifiable_from_maturity
34056,KR6ZW00008F7,averaging_not_supported
34066,KR6SS00010H4,payment_lag_not_identifiable_from_maturity
34067,KR6SS00010J0,payment_lag_not_identifiable_from_maturity
34076,KR6SH00011F9,averaging_not_supported
34082,KR6DS00005D0,payment_lag_not_identifiable_from_maturity
34083,KR6SS00010Z6,payment_lag_not_identifiable_from_maturity
34084,KR6SS0001101,payment_lag_not_identifiable_from_maturity
34087,KR6KS0000PE9,extra_formula_or_level_STRK_2
34088,KR6KS0000PC3,missing_explicit_survival_coupon
34092,KR6HM0000273,payment_lag_not_identifiable_from_maturity
34096,KR6SH00012B6,averaging_not_supported
34115,KR6MZ0000G42,missing_explicit_survival_coupon
34122,KR6MZ0000G34,missing_explicit_survival_coupon
34127,KR6SS00011P5,missing_explicit_survival_coupon
34130,20210302000084_25757,payment_lag_not_identifiable_from_maturity
34133,KR6SS00011M2,payment_lag_not_identifiable_from_maturity
34142,KR6KS0000Q09,extra_formula_or_level_STRK_2
34143,KR6KS0000Q33,missing_explicit_survival_coupon
34152,KR6SS0001069,missing_explicit_survival_coupon
34153,KR6SS0001226,missing_explicit_survival_coupon
34154,KR6SS0001234,missing_explicit_survival_coupon
34155,KR6SS0001218,payment_lag_not_identifiable_from_maturity
34156,KR6SS0001028,missing_explicit_survival_coupon
34157,KR6SS00011Z4,payment_lag_not_identifiable_from_maturity
34158,20210302000096_25759,payment_lag_not_identifiable_from_maturity
34160,20210225002613_25768,missing_explicit_survival_coupon
34161,KR6SS00011V3,payment_lag_not_identifiable_from_maturity
34162,KR6SS0001010,extra_formula_or_level_PMT_1_FRML
34163,KR6SS00011Y7,missing_explicit_survival_coupon
34173,KR6SS0001044,missing_explicit_survival_coupon
34174,KR6SS0001036,missing_explicit_survival_coupon
34175,KR6SS0001200,extra_formula_or_level_PMT_1_FRML
34179,KR6SS00011X9,extra_formula_or_level_PMT_1_FRML
34180,KR6SS0001242,payment_lag_not_identifiable_from_maturity
34182,KR6MZ0000GS9,missing_explicit_survival_coupon
34183,KR6MZ0000GT7,missing_explicit_survival_coupon
34185,20210305000769_4725,unsupported_ki_window
34205,KR6YT00008J5,unsupported_ki_window
34208,KR6HM00002D9,payment_lag_not_identifiable_from_maturity
34218,KR6YT00007Z3,unsupported_ki_window
34228,KR6SK00000E0,missing_explicit_survival_coupon
34237,KR6ZW0000902,averaging_not_supported
34243,KR6KS0000QY5,missing_explicit_survival_coupon
34245,KR6SH00013Y6,averaging_not_supported
34253,KR6SH00013X8,averaging_not_supported
34264,KR6KS0000NT2,missing_explicit_survival_coupon
34266,KR6KS0000NS4,missing_explicit_survival_coupon
34283,KR6SH00014H9,averaging_not_supported
34310,KR6KS0000RY3,missing_explicit_survival_coupon
34322,KR6YT0000935,unsupported_ki_window
34323,KR6YT0000927,unsupported_ki_window
34324,KR6YT00008S6,unsupported_ki_window
34325,KR6YT00008R8,unsupported_ki_window
34326,KR6YT00008Q0,unsupported_ki_window
34374,KR6KB00017D5,missing_explicit_survival_coupon
34383,KR6SY0000H79,missing_explicit_survival_coupon
34392,KR6SH00013D0,missing_explicit_survival_coupon
34405,KR6HN0000R57,missing_explicit_survival_coupon
34409,KR6HH00007X3,missing_explicit_survival_coupon
34415,KR6BK0000379,missing_explicit_survival_coupon
34426,KR6SH0001674,averaging_not_supported
34429,KR6SH0001666,averaging_not_supported
34435,KR6SH0001765,averaging_not_supported
34436,KR6SH00016F8,averaging_not_supported
34443,KR6KB0001831,missing_explicit_survival_coupon
34464,KR6SS0001325,missing_explicit_survival_coupon
34465,KR6SS0001333,missing_explicit_survival_coupon
34470,KR6SS00012Z2,extra_formula_or_level_PMT_1_FRML
34471,KR6SS0001309,missing_explicit_survival_coupon
34474,KR6SH00015P9,missing_explicit_survival_coupon
34494,KR6SS0001317,missing_explicit_survival_coupon
34495,KR6SS0001358,missing_explicit_survival_coupon
34518,KR6HN0000S80,missing_explicit_survival_coupon
34527,KR6KS0000V36,missing_explicit_survival_coupon
34552,KR6ZW00009G3,averaging_not_supported
34563,KR6SS00014B9,missing_explicit_survival_coupon
34564,KR6SS0001564,payment_lag_not_identifiable_from_maturity
34565,KR6SS00014C7,missing_explicit_survival_coupon
34566,KR6SS00014D5,missing_explicit_survival_coupon
34567,KR6SS00014E3,missing_explicit_survival_coupon
34575,KR6SS00014F0,missing_explicit_survival_coupon
34578,KR6SS0001481,extra_formula_or_level_PMT_1_FRML
34579,KR6SS0001473,extra_formula_or_level_PMT_1_FRML
34584,KR6DS00005R0,payment_lag_not_identifiable_from_maturity
34587,20210324000837_25884,payment_lag_not_identifiable_from_maturity
34588,KR6YT00009E4,unsupported_ki_window
34589,KR6SS00015A8,payment_lag_not_identifiable_from_maturity
34590,KR6SS0001598,payment_lag_not_identifiable_from_maturity
34591,KR6SS0001572,extra_formula_or_level_PMT_1_FRML
34594,KR6SS00015Z5,payment_lag_not_identifiable_from_maturity
34598,KR6HM00002M0,missing_explicit_survival_coupon
34606,KR6MD0001759,missing_explicit_survival_coupon
34610,KR6SY0000J02,missing_explicit_survival_coupon
34613,KR6ZW00009V2,averaging_not_supported
34618,KR6MZ0000JL8,missing_explicit_survival_coupon
34627,20210318000385_25852,payment_lag_not_identifiable_from_maturity
34628,KR6SS00015M3,payment_lag_not_identifiable_from_maturity
34629,KR6SS00015N1,missing_explicit_survival_coupon
34631,KR6SS00015V4,missing_explicit_survival_coupon
34644,KR6SS00015R2,missing_explicit_survival_coupon
34645,KR6SS00015S0,missing_explicit_survival_coupon
34646,KR6SS00015Y8,payment_lag_not_identifiable_from_maturity
34647,KR6SS00015P6,missing_explicit_survival_coupon
34656,KR6SS00015L5,payment_lag_not_identifiable_from_maturity
34657,KR6SS00015T8,missing_explicit_survival_coupon
34665,KR6SS00015W2,extra_formula_or_level_PMT_1_FRML
34670,KR6SS00015X0,payment_lag_not_identifiable_from_maturity
34685,KR6SS00014T1,missing_explicit_survival_coupon
34686,20210329001073_25895,missing_explicit_survival_coupon
34687,20210329001073_25892,extra_formula_or_level_PMT_1_FRML
34688,KR6SS00014V7,missing_explicit_survival_coupon
34690,KR6MZ0000K46,missing_explicit_survival_coupon
34693,KR6SS00014S3,missing_explicit_survival_coupon
34694,KR6SS00014R5,extra_formula_or_level_PMT_1_FRML
34699,KR6SS00014X3,missing_explicit_survival_coupon
34707,KR6KS0000W68,missing_explicit_survival_coupon
34709,20210329001073_25893,missing_explicit_survival_coupon
34710,20210329001073_25894,missing_explicit_survival_coupon
34711,20210329001073_25897,missing_explicit_survival_coupon
34714,KR6KB0001AS5,missing_explicit_survival_coupon
34721,KR6SS00016T6,payment_lag_not_identifiable_from_maturity
34722,KR6SS00016V2,payment_lag_not_identifiable_from_maturity
34723,KR6SS0001713,payment_lag_not_identifiable_from_maturity
34731,KR6SS0001739,missing_explicit_survival_coupon
34732,KR6SS0001721,missing_explicit_survival_coupon
34753,KR6KB0001B38,missing_explicit_survival_coupon
34758,KR6SS0001705,payment_lag_not_identifiable_from_maturity
34762,KR6SS00016W0,payment_lag_not_identifiable_from_maturity
34763,KR6SS0001747,payment_lag_not_identifiable_from_maturity
34764,KR6SS0001754,payment_lag_not_identifiable_from_maturity
34765,KR6SS0001788,payment_lag_not_identifiable_from_maturity
34784,KR6SH00018G2,averaging_not_supported
34785,KR6SH00018H0,averaging_not_supported
34786,KR6SH00018S7,averaging_not_supported
34791,KR6ZW0000A46,averaging_not_supported
34792,20210331000612_25904,missing_explicit_survival_coupon
34793,KR6MD00017Q3,missing_explicit_survival_coupon
34794,20210331000612_25901,extra_formula_or_level_PMT_1_FRML
34804,KR6YT00009T2,unsupported_ki_window
34813,20210331000612_25902,payment_lag_not_identifiable_from_maturity
34815,20210401002856_12265,missing_explicit_survival_coupon
34817,KR6HN0000W19,missing_explicit_survival_coupon
34832,KR6SS0001796,payment_lag_not_identifiable_from_maturity
34842,KR6HH00008R3,missing_explicit_survival_coupon
34846,KR6DS00005Z3,unsupported_ki_window
34848,KR6HM00002W9,missing_explicit_survival_coupon
34855,KR6MZ0000KV5,missing_explicit_survival_coupon
34862,KR6SS0001671,extra_formula_or_level_PMT_1_FRML
34863,KR6SS00016E8,missing_explicit_survival_coupon
34864,KR6SS0001689,missing_explicit_survival_coupon
34865,KR6SS00016G3,missing_explicit_survival_coupon
34867,KR6SS00016C2,missing_explicit_survival_coupon
34870,KR6SS0001697,missing_explicit_survival_coupon
34871,KR6SS00016A6,missing_explicit_survival_coupon
34873,KR6SS00016B4,missing_explicit_survival_coupon
34877,KR6SS0001861,payment_lag_not_identifiable_from_maturity
34879,KR6SS0001853,payment_lag_not_identifiable_from_maturity
34883,20210331001362_25914,payment_lag_not_identifiable_from_maturity
34887,KR6YT00009Q8,unsupported_ki_window
34888,KR6SS0001887,missing_explicit_survival_coupon
34889,KR6SS0001812,missing_explicit_survival_coupon
34898,KR6KB0001CL6,missing_explicit_survival_coupon
34899,KR6MZ0000L29,missing_explicit_survival_coupon
34900,KR6DS00006C0,unsupported_PRCP_GRTE_RT
34908,KR6SS0001838,payment_lag_not_identifiable_from_maturity
34909,KR6SS00018F1,payment_lag_not_identifiable_from_maturity
34915,KR6SS0001820,payment_lag_not_identifiable_from_maturity
34918,KR6SS00018G9,payment_lag_not_identifiable_from_maturity
34951,KR6SH0001BG8,averaging_not_supported
34952,KR6SH0001B83,averaging_not_supported
34954,KR6SS00018E4,payment_lag_not_identifiable_from_maturity
34955,KR6SS00018D6,payment_lag_not_identifiable_from_maturity
34960,KR6MD0001957,missing_explicit_survival_coupon
34961,KR6SH0001B75,averaging_not_supported
34962,KR6HN0000X18,missing_explicit_survival_coupon
34969,KR6ZW0000AG6,averaging_not_supported
34971,KR6SY0000KF8,missing_explicit_survival_coupon
34981,KR6SH0001AM8,averaging_not_supported
34985,KR6SH0001AL0,averaging_not_supported
34990,20210407001592_25923,payment_lag_not_identifiable_from_maturity
34991,20210407001592_25922,payment_lag_not_identifiable_from_maturity
34992,20210407001592_25921,extra_formula_or_level_PMT_1_FRML
35007,KR6SS0001903,missing_explicit_survival_coupon
35008,KR6KS0000YL6,missing_explicit_survival_coupon
35010,KR6MZ0000LH2,missing_explicit_survival_coupon
35014,20210408001936_25955,payment_lag_not_identifiable_from_maturity
35019,KR6SS00017N7,missing_explicit_survival_coupon
35025,KR6SS00017F3,missing_explicit_survival_coupon
35026,KR6SS00018Z9,payment_lag_not_identifiable_from_maturity
35027,KR6SS00017E6,extra_formula_or_level_PMT_1_FRML
35028,KR6HH00008Z6,missing_explicit_survival_coupon
35033,KR6DS0000626,payment_lag_not_identifiable_from_maturity
35034,KR6SS00017L1,missing_explicit_survival_coupon
35035,KR6SS00017J5,missing_explicit_survival_coupon
35037,KR6SS00017H9,missing_explicit_survival_coupon
35041,KR6SS00017G1,missing_explicit_survival_coupon
35044,KR6SS00019K9,payment_lag_not_identifiable_from_maturity
35048,KR6SS00019N3,payment_lag_not_identifiable_from_maturity
35049,KR6SS0001960,payment_lag_not_identifiable_from_maturity
35051,KR6SS00019L7,payment_lag_not_identifiable_from_maturity
35061,KR6SS00019V6,payment_lag_not_identifiable_from_maturity
35066,20210407002009_8975,unsupported_PRCP_GRTE_RT
35070,KR6SS00019T0,payment_lag_not_identifiable_from_maturity
35071,KR6SS00019W4,payment_lag_not_identifiable_from_maturity
35078,KR6KS0000ZG3,missing_explicit_survival_coupon
35079,KR6SS00019X2,missing_explicit_survival_coupon
35092,KR6SS00019Y0,payment_lag_not_identifiable_from_maturity
35102,KR6MZ0000M28,missing_explicit_survival_coupon
35106,KR6SS00019Z7,payment_lag_not_identifiable_from_maturity
35115,KR6ZW0000AR3,averaging_not_supported
35118,KR6KB0001EQ1,missing_explicit_survival_coupon
35119,KR6KB0001ER9,missing_explicit_survival_coupon
35124,KR6SS00018V8,missing_explicit_survival_coupon
35126,KR6SS00018Q8,missing_explicit_survival_coupon
35127,KR6SS00018R6,missing_explicit_survival_coupon
35129,KR6SH0001C90,averaging_not_supported
35132,KR6SS0001A08,payment_lag_not_identifiable_from_maturity
35135,KR6SS0001A16,extra_formula_or_level_PMT_1_FRML
35139,KR6SS0001A32,payment_lag_not_identifiable_from_maturity
35142,20210414001888_25981,payment_lag_not_identifiable_from_maturity
35144,KR6MD0001AW9,missing_explicit_survival_coupon
35148,KR6HN0000Y25,missing_explicit_survival_coupon
35155,KR6SS00018P0,extra_formula_or_level_PMT_1_FRML
35160,KR6SS0001AN3,missing_explicit_survival_coupon
35163,KR6SS0001A40,payment_lag_not_identifiable_from_maturity
35164,KR6ZW0000AS1,averaging_not_supported
35166,KR6SH0001CA9,averaging_not_supported
35169,KR6SS0001AM5,payment_lag_not_identifiable_from_maturity
35172,KR6SS0001AL7,extra_formula_or_level_PMT_1_FRML
35180,KR6SH0001C58,averaging_not_supported
35181,KR6SS0001AX2,missing_explicit_survival_coupon
35182,KR6SS0001AW4,payment_lag_not_identifiable_from_maturity
35185,KR6SH0001C66,averaging_not_supported
35197,KR6HH00009E9,missing_explicit_survival_coupon
35198,KR6KB0001F26,missing_explicit_survival_coupon
35205,KR6DS00006D8,payment_lag_not_identifiable_from_maturity
35211,KR6SS0001BB6,payment_lag_not_identifiable_from_maturity
35218,20210415000258_8982,unsupported_PRCP_GRTE_RT
35223,KR6MZ0000MN8,missing_explicit_survival_coupon
35231,KR6KS0001199,missing_explicit_survival_coupon
35242,KR6KB0001GA0,missing_explicit_survival_coupon
35243,KR6SS0001A65,extra_formula_or_level_PMT_1_FRML
35246,KR6SS0001BG5,payment_lag_not_identifiable_from_maturity
35248,KR6SS0001A73,missing_explicit_survival_coupon
35250,KR6KS0001058,missing_explicit_survival_coupon
35251,KR6SS0001AC6,missing_explicit_survival_coupon
35258,KR6YT0000AD2,unsupported_ki_window
35261,KR6SS0001A81,missing_explicit_survival_coupon
35262,KR6SS0001A99,payment_lag_not_identifiable_from_maturity
35267,KR6SS0001C97,extra_formula_or_level_PMT_1_FRML
35272,KR6MD0001C33,missing_explicit_survival_coupon
35273,KR6DS00006M9,payment_lag_not_identifiable_from_maturity
35276,20210421000076_26012,payment_lag_not_identifiable_from_maturity
35287,KR6KS00011T5,missing_explicit_survival_coupon
35288,KR6SS0001C71,missing_explicit_survival_coupon
35292,KR6ZW0000B29,averaging_not_supported
35293,KR6SS0001C89,payment_lag_not_identifiable_from_maturity
35294,KR6ZW0000B37,averaging_not_supported
35295,KR6ZW0000B11,averaging_not_supported
35313,KR6KB0001GG7,missing_explicit_survival_coupon
35314,KR6HH00009S9,missing_explicit_survival_coupon
35317,KR6SS0001C55,missing_explicit_survival_coupon
35319,KR6HH00009R1,missing_explicit_survival_coupon
35320,KR6SS0001C63,missing_explicit_survival_coupon
35321,KR6SH0001DC3,averaging_not_supported
35322,KR6SH0001DS9,averaging_not_supported
35339,KR6SS0001C30,payment_lag_not_identifiable_from_maturity
35340,KR6SS0001C48,payment_lag_not_identifiable_from_maturity
35355,KR6SS0001D05,missing_explicit_survival_coupon
35356,KR6SS0001D13,payment_lag_not_identifiable_from_maturity
35358,KR6SS0001CZ3,missing_explicit_survival_coupon
35359,KR6KB0001H99,missing_explicit_survival_coupon
35367,KR6SS0001CY6,payment_lag_not_identifiable_from_maturity
35368,KR6SS0001CX8,payment_lag_not_identifiable_from_maturity
35394,KR6HH0000A62,missing_explicit_survival_coupon
35396,KR6SH0001FF1,averaging_not_supported
35397,KR6SS0001BR2,missing_explicit_survival_coupon
35398,KR6ZW0000BB5,averaging_not_supported
35399,KR6ZW0000BA7,averaging_not_supported
35401,KR6SS0001BS0,payment_lag_not_identifiable_from_maturity
35403,KR6KS00012B1,missing_explicit_survival_coupon
35405,KR6SS0001BT8,missing_explicit_survival_coupon
35406,KR6SS0001BQ4,missing_explicit_survival_coupon
35407,KR6SS0001BP6,extra_formula_or_level_PMT_1_FRML
35408,KR6SS0001BL5,missing_explicit_survival_coupon
35418,KR6MD0001DD3,missing_explicit_survival_coupon
35428,20210428000272_26062,extra_formula_or_level_PMT_1_FRML
35429,KR6SS0001BV4,missing_explicit_survival_coupon
35433,KR6MD0001CF0,payment_lag_not_identifiable_from_maturity
35437,KR6MD0001CD5,payment_lag_not_identifiable_from_maturity
35440,KR6SS0001DK3,payment_lag_not_identifiable_from_maturity
35446,KR6SS0001DJ5,missing_explicit_survival_coupon
35447,KR6MD0001CJ2,payment_lag_not_identifiable_from_maturity
35448,KR6MD0001B18,payment_lag_not_identifiable_from_maturity
35449,KR6MD0001CH6,payment_lag_not_identifiable_from_maturity
35453,20210428000272_26067,missing_explicit_survival_coupon
35454,20210428000272_26066,missing_explicit_survival_coupon
35455,20210428000272_26064,payment_lag_not_identifiable_from_maturity
35456,20210428000272_26063,payment_lag_not_identifiable_from_maturity
35458,KR6YT0000B33,unsupported_ki_window
35459,KR6SS0001CW0,payment_lag_not_identifiable_from_maturity
35479,20210503000560_1853,unsupported_ki_window
35488,KR6SS0001DG1,payment_lag_not_identifiable_from_maturity
35492,20210503000290_391,payment_lag_not_identifiable_from_maturity
35494,KR6SS0001DH9,payment_lag_not_identifiable_from_maturity
35497,KR6SS0001DF3,payment_lag_not_identifiable_from_maturity
35500,KR6KS00013N4,missing_explicit_survival_coupon
35503,KR6SS0001DY4,payment_lag_not_identifiable_from_maturity
35505,KR6SS0001DX6,payment_lag_not_identifiable_from_maturity
35510,KR6SH0001FG9,averaging_not_supported
35515,KR6ZY00008N9,missing_explicit_survival_coupon
35525,KR6MZ0000NV9,missing_explicit_survival_coupon
35526,KR6MZ0000NT3,missing_explicit_survival_coupon
35538,KR6YT0000AZ5,unsupported_ki_window
35539,KR6SS0001EB0,payment_lag_not_identifiable_from_maturity
35540,KR6SS0001EC8,payment_lag_not_identifiable_from_maturity
35541,KR6SS0001E20,payment_lag_not_identifiable_from_maturity
35542,KR6SS0001EH7,missing_explicit_survival_coupon
35543,KR6SS0001EG9,payment_lag_not_identifiable_from_maturity
35546,KR6SS0001E61,payment_lag_not_identifiable_from_maturity
35548,KR6SS0001E53,payment_lag_not_identifiable_from_maturity
35551,KR6SS0001E46,payment_lag_not_identifiable_from_maturity
35552,KR6SS0001EE4,payment_lag_not_identifiable_from_maturity
35553,KR6SS0001E38,payment_lag_not_identifiable_from_maturity
35555,KR6SS0001ED6,payment_lag_not_identifiable_from_maturity
35577,KR6YT0000B09,unsupported_ki_window
35667,KR6SS0001EY2,missing_explicit_survival_coupon
35670,KR6SS0001EZ9,missing_explicit_survival_coupon
35701,KR6SY0000TD4,missing_explicit_survival_coupon
35726,KR6SS0001F45,missing_explicit_survival_coupon
35729,KR6SS0001F86,missing_explicit_survival_coupon
35736,KR6HH0000AP6,missing_explicit_survival_coupon
35737,KR6SS0001F29,extra_formula_or_level_PMT_1_FRML
35738,KR6SS0001F52,payment_lag_not_identifiable_from_maturity
35739,KR6SS0001F37,missing_explicit_survival_coupon
35747,KR6SY0000SP0,missing_explicit_survival_coupon
35755,KR6ZW0000C28,averaging_not_supported
35756,KR6SS0001HN8,payment_lag_not_identifiable_from_maturity
35757,KR6SS0001HS7,payment_lag_not_identifiable_from_maturity
35762,KR6HN00012G0,missing_explicit_survival_coupon
35764,KR6SS0001HL2,payment_lag_not_identifiable_from_maturity
35766,KR6SS0001HM0,payment_lag_not_identifiable_from_maturity
35767,KR6SS0001HK4,payment_lag_not_identifiable_from_maturity
35769,KR6ZW0000C10,averaging_not_supported
35788,KR6SS0001HQ1,payment_lag_not_identifiable_from_maturity
35789,KR6SS0001HR9,payment_lag_not_identifiable_from_maturity
35790,KR6SS0001J82,payment_lag_not_identifiable_from_maturity
35806,20210524000144_26152,payment_lag_not_identifiable_from_maturity
35807,KR6SS0001J58,payment_lag_not_identifiable_from_maturity
35816,KR6SS0001J66,payment_lag_not_identifiable_from_maturity
35818,20210524000447_26172,payment_lag_not_identifiable_from_maturity
35819,20210524000447_26170,extra_formula_or_level_PMT_1_FRML
35821,KR6SS0001JD5,missing_explicit_survival_coupon
35822,KR6SS0001JB9,missing_explicit_survival_coupon
35825,KR6SS0001JF0,missing_explicit_survival_coupon
35826,KR6SS0001JE3,payment_lag_not_identifiable_from_maturity
35827,KR6SS0001JC7,missing_explicit_survival_coupon
35828,KR6SS0001JA1,missing_explicit_survival_coupon
35837,KR6SS0001G44,extra_formula_or_level_PMT_1_FRML
35838,KR6SS0001G93,missing_explicit_survival_coupon
35839,KR6SS0001G77,payment_lag_not_identifiable_from_maturity
35841,KR6SS0001G36,extra_formula_or_level_PMT_1_FRML
35849,KR6KB0001MY8,missing_explicit_survival_coupon
35852,KR6SS0001JV7,missing_explicit_survival_coupon
35853,KR6SS0001JT1,missing_explicit_survival_coupon
35854,KR6SS0001G69,missing_explicit_survival_coupon
35855,KR6SS0001G51,missing_explicit_survival_coupon
35860,KR6HH0000B12,missing_explicit_survival_coupon
35865,KR6KS0001686,missing_explicit_survival_coupon
35872,KR6SH0001K17,averaging_not_supported
35876,KR6SS0001KJ0,payment_lag_not_identifiable_from_maturity
35877,KR6SS0001KK8,missing_explicit_survival_coupon
35878,KR6SS0001KM4,missing_explicit_survival_coupon
35879,KR6SS0001KP7,payment_lag_not_identifiable_from_maturity
35881,KR6MZ0000QK5,missing_explicit_survival_coupon
35884,20210524000243_26156,payment_lag_not_identifiable_from_maturity
35886,KR6MZ0000QL3,missing_explicit_survival_coupon
35896,KR6SS0001KL6,missing_explicit_survival_coupon
35905,KR6SS0001KS1,payment_lag_not_identifiable_from_maturity
35911,KR6ZW0000CH0,averaging_not_supported
35912,KR6SS0001KQ5,payment_lag_not_identifiable_from_maturity
35922,KR6SH0001ML5,averaging_not_supported
35929,KR6SS0001KR3,payment_lag_not_identifiable_from_maturity
35956,KR6SS0001L21,payment_lag_not_identifiable_from_maturity
35958,KR6SS0001L13,payment_lag_not_identifiable_from_maturity
35959,KR6SS0001L54,payment_lag_not_identifiable_from_maturity
35960,KR6SS0001L39,payment_lag_not_identifiable_from_maturity
35961,20210526000149_26201,payment_lag_not_identifiable_from_maturity
35967,20210531001017_26223,missing_explicit_survival_coupon
35969,KR6YT0000BG3,unsupported_ki_window
35972,20210531001017_26217,extra_formula_or_level_PMT_1_FRML
35973,20210531001017_26218,payment_lag_not_identifiable_from_maturity
35974,20210531001017_26219,payment_lag_not_identifiable_from_maturity
35975,20210531001017_26222,missing_explicit_survival_coupon
35980,KR6KB0001P73,missing_explicit_survival_coupon
35990,KR6SS0001GZ4,missing_explicit_survival_coupon
35991,KR6SS0001H19,missing_explicit_survival_coupon
35992,KR6SS0001H68,missing_explicit_survival_coupon
35999,KR6SS0001H43,missing_explicit_survival_coupon
36002,KR6SS0001H35,missing_explicit_survival_coupon
36005,KR6SS0001LC3,missing_explicit_survival_coupon
36006,KR6SS0001H27,missing_explicit_survival_coupon
36008,KR6SS0001HA5,extra_formula_or_level_PMT_1_FRML
36009,KR6SS0001LD1,missing_explicit_survival_coupon
36010,KR6SS0001LB5,missing_explicit_survival_coupon
36011,KR6SS0001H01,missing_explicit_survival_coupon
36016,KR6MZ0000R80,missing_explicit_survival_coupon
36017,KR6MZ0000R98,missing_explicit_survival_coupon
36019,KR6HH0000BD0,missing_explicit_survival_coupon
36020,KR6SH0001LP8,averaging_not_supported
36021,KR6SH0001LD4,averaging_not_supported
36030,KR6SS0001M04,missing_explicit_survival_coupon
36033,KR6SS0001M12,missing_explicit_survival_coupon
36053,KR6SS0001LZ4,payment_lag_not_identifiable_from_maturity
36055,KR6ZW0000CR9,averaging_not_supported
36058,KR6HN00014R3,missing_explicit_survival_coupon
36061,20210602000162_26236,payment_lag_not_identifiable_from_maturity
36073,KR6SS0001LY7,payment_lag_not_identifiable_from_maturity
36074,KR6SS0001LX9,payment_lag_not_identifiable_from_maturity
36075,KR6SS0001LW1,payment_lag_not_identifiable_from_maturity
36076,KR6SS0001M20,payment_lag_not_identifiable_from_maturity
36077,KR6SS0001M46,payment_lag_not_identifiable_from_maturity
36078,KR6SS0001M53,payment_lag_not_identifiable_from_maturity
36080,KR6MD0001JN9,missing_explicit_survival_coupon
36085,KR6ZW0000CS7,averaging_not_supported
36092,KR6KB0001Q64,missing_explicit_survival_coupon
36096,KR6MZ0000RW8,missing_explicit_survival_coupon
36114,KR6MZ0000RV0,missing_explicit_survival_coupon
36119,KR6SS0001MR9,missing_explicit_survival_coupon
36123,KR6SS0001MQ1,missing_explicit_survival_coupon
36125,20210607000076_26259,extra_formula_or_level_PMT_1_FRML
36129,20210607000076_26265,missing_explicit_survival_coupon
36130,20210607000076_26266,missing_explicit_survival_coupon
36133,KR6EG00003C0,payment_lag_not_identifiable_from_maturity
36135,20210607000076_26262,payment_lag_not_identifiable_from_maturity
36138,KR6SS0001MN8,missing_explicit_survival_coupon
36139,KR6SS0001MP3,missing_explicit_survival_coupon
36142,KR6SS0001K48,missing_explicit_survival_coupon
36143,KR6SS0001K22,extra_formula_or_level_PMT_1_FRML
36144,KR6SS0001K55,missing_explicit_survival_coupon
36145,KR6SS0001KC5,missing_explicit_survival_coupon
36146,KR6SS0001K63,missing_explicit_survival_coupon
36152,KR6SS0001MY5,missing_explicit_survival_coupon
36153,KR6SS0001K71,missing_explicit_survival_coupon
36154,KR6SS0001K97,missing_explicit_survival_coupon
36155,KR6SS0001K89,payment_lag_not_identifiable_from_maturity
36156,KR6SS0001K30,missing_explicit_survival_coupon
36157,KR6SS0001KB7,missing_explicit_survival_coupon
36159,KR6KS00017R6,missing_explicit_survival_coupon
36178,KR6SH0001MX0,averaging_not_supported
36179,KR6SH0001MW2,averaging_not_supported
36201,KR6MD0001LK1,missing_explicit_survival_coupon
36212,KR6SS0001NL0,payment_lag_not_identifiable_from_maturity
36213,KR6SS0001NK2,payment_lag_not_identifiable_from_maturity
36217,KR6SS0001NS5,payment_lag_not_identifiable_from_maturity
36218,KR6SS0001NT3,payment_lag_not_identifiable_from_maturity
36220,KR6SS0001NM8,payment_lag_not_identifiable_from_maturity
36224,KR6SS0001NR7,payment_lag_not_identifiable_from_maturity
36232,KR6ZW0000D19,averaging_not_supported
36248,KR6MZ0000SN5,missing_explicit_survival_coupon
36252,KR6YT0000BY6,unsupported_ki_window
36257,KR6SS0001LF6,extra_formula_or_level_PMT_1_FRML
36258,KR6SS0001LM2,missing_explicit_survival_coupon
36259,KR6SS0001LJ8,missing_explicit_survival_coupon
36260,KR6SS0001LK6,payment_lag_not_identifiable_from_maturity
36261,KR6SS0001LH2,missing_explicit_survival_coupon
36262,KR6SS0001LG4,missing_explicit_survival_coupon
36276,KR6SS0001NW7,payment_lag_not_identifiable_from_maturity
36277,KR6SS0001NV9,payment_lag_not_identifiable_from_maturity
36278,KR6KB0001S62,missing_explicit_survival_coupon
36283,KR6MD0001KA4,missing_explicit_survival_coupon
36289,20210614000073_26306,missing_explicit_survival_coupon
36296,KR6SS0001P43,extra_formula_or_level_PMT_1_FRML
36298,KR6SS0001P35,extra_formula_or_level_PMT_1_FRML
36301,20210614000073_26303,payment_lag_not_identifiable_from_maturity
36307,20210614000073_26307,missing_explicit_survival_coupon
36314,KR6SS0001M87,extra_formula_or_level_PMT_1_FRML
36315,KR6SS0001MB3,missing_explicit_survival_coupon
36316,KR6SS0001PW2,missing_explicit_survival_coupon
36322,KR6SS0001MD9,payment_lag_not_identifiable_from_maturity
36323,KR6SS0001MF4,missing_explicit_survival_coupon
36325,KR6SS0001MC1,missing_explicit_survival_coupon
36327,KR6SH0001PC7,averaging_not_supported
36329,KR6SS0001M95,missing_explicit_survival_coupon
36330,KR6SS0001MA5,missing_explicit_survival_coupon
36335,KR6KW0000CL4,averaging_not_supported
36341,KR6SS0001PT8,missing_explicit_survival_coupon
36347,KR6SS0001PV4,missing_explicit_survival_coupon
36353,KR6HN00016K3,missing_explicit_survival_coupon
36368,KR6SS0001PY8,payment_lag_not_identifiable_from_maturity
36375,KR6SS0001PX0,payment_lag_not_identifiable_from_maturity
36377,KR6SS0001Q00,payment_lag_not_identifiable_from_maturity
36380,KR6YT0000CE6,unsupported_ki_window
36382,KR6ZW0000DD7,averaging_not_supported
36384,20210628000351_4774,unsupported_ki_window
36388,KR6ZW0000DB1,averaging_not_supported
36393,KR6SS0001Q34,payment_lag_not_identifiable_from_maturity
36394,KR6SS0001Q42,payment_lag_not_identifiable_from_maturity
36402,KR6KB0001TK2,missing_explicit_survival_coupon
36405,KR6MD0001MY0,missing_explicit_survival_coupon
36419,KR6SS0001Q67,payment_lag_not_identifiable_from_maturity
36432,KR6SS0001Q59,payment_lag_not_identifiable_from_maturity
36434,KR6SS0001QR0,missing_explicit_survival_coupon
36440,KR6SS0001QS8,missing_explicit_survival_coupon
36446,KR6SS0001QX8,missing_explicit_survival_coupon
36448,20210621000012_26349,missing_explicit_survival_coupon
36450,20210621000012_26347,payment_lag_not_identifiable_from_maturity
36451,KR6SS0001QZ3,extra_formula_or_level_PMT_1_FRML
36454,KR6SS0001QY6,missing_explicit_survival_coupon
36456,KR6SS0001R09,extra_formula_or_level_PMT_1_FRML
36457,KR6SS0001N60,missing_explicit_survival_coupon
36458,KR6SS0001NB1,missing_explicit_survival_coupon
36459,KR6SS0001N52,missing_explicit_survival_coupon
36460,KR6SS0001N86,payment_lag_not_identifiable_from_maturity
36461,KR6SS0001NA3,missing_explicit_survival_coupon
36469,KR6SS0001N45,missing_explicit_survival_coupon
36470,20210621000012_26346,payment_lag_not_identifiable_from_maturity
36471,KR6SS0001N37,extra_formula_or_level_PMT_1_FRML
36472,KR6SS0001N78,missing_explicit_survival_coupon
36473,KR6SH0001QF8,averaging_not_supported
36475,KR6SH0001QC5,averaging_not_supported
36476,KR6SS0001R82,missing_explicit_survival_coupon
36477,KR6SS0001R74,missing_explicit_survival_coupon
36478,KR6SH0001ND0,missing_explicit_survival_coupon
36479,KR6SS0001RG1,extra_formula_or_level_PMT_1_FRML
36480,KR6SS0001RE6,payment_lag_not_identifiable_from_maturity
36481,KR6SS0001RF3,payment_lag_not_identifiable_from_maturity
36494,KR6YT0000C24,unsupported_ki_window
36495,KR6KW0000D40,averaging_not_supported
36508,KR6SH0001QQ5,averaging_not_supported
36509,KR6SY0000W13,missing_explicit_survival_coupon
36510,KR6SS0001R90,payment_lag_not_identifiable_from_maturity
36511,KR6SS0001RA4,payment_lag_not_identifiable_from_maturity
36512,KR6SS0001RB2,payment_lag_not_identifiable_from_maturity
36518,KR6YT0000C65,unsupported_ki_window
36533,KR6ZW0000DH8,averaging_not_supported
36550,KR6MZ0000V35,missing_explicit_survival_coupon
36551,KR6SS0001RK3,payment_lag_not_identifiable_from_maturity
36554,KR6YT0000CV0,unsupported_ki_window
36557,KR6SS0001RL1,payment_lag_not_identifiable_from_maturity
36579,KR6KB0001VZ6,missing_explicit_survival_coupon
36590,KR6SS0001PC4,missing_explicit_survival_coupon
36591,KR6SS0001P92,extra_formula_or_level_PMT_1_FRML
36593,KR6SS0001PB6,missing_explicit_survival_coupon
36594,KR6SS0001PA8,extra_formula_or_level_PMT_1_FRML
36595,20210628000102_26393,payment_lag_not_identifiable_from_maturity
36597,20210628000102_26391,extra_formula_or_level_PMT_1_FRML
36598,20210628000102_26390,extra_formula_or_level_PMT_1_FRML
36601,KR6SS0001SJ3,missing_explicit_survival_coupon
36604,KR6SS0001SF1,missing_explicit_survival_coupon
36605,20210628000102_26395,missing_explicit_survival_coupon
36606,KR6SS0001PD2,missing_explicit_survival_coupon
36609,KR6SS0001PK7,missing_explicit_survival_coupon
36613,KR6SS0001SD6,missing_explicit_survival_coupon
36614,KR6SS0001PL5,missing_explicit_survival_coupon
36615,KR6SS0001SE4,missing_explicit_survival_coupon
36616,KR6SS0001PF7,missing_explicit_survival_coupon
36617,KR6SS0001PJ9,missing_explicit_survival_coupon
36618,KR6SS0001PG5,payment_lag_not_identifiable_from_maturity
36621,KR6SS0001PE0,missing_explicit_survival_coupon
36622,KR6SS0001SH7,missing_explicit_survival_coupon
36624,20210628000102_26394,missing_explicit_survival_coupon
36625,20210701000028_26408,payment_lag_not_identifiable_from_maturity
36628,KR6SH0001S19,averaging_not_supported
36631,KR6SS0001SY2,payment_lag_not_identifiable_from_maturity
36632,20210701000028_26405,payment_lag_not_identifiable_from_maturity
36634,KR6SH0001S68,averaging_not_supported
36637,KR6SS0001T07,payment_lag_not_identifiable_from_maturity
36638,KR6SS0001T15,payment_lag_not_identifiable_from_maturity
36653,20210701000028_26407,payment_lag_not_identifiable_from_maturity
36655,20210701000021_26403,payment_lag_not_identifiable_from_maturity
36657,KR6SS0001SW6,payment_lag_not_identifiable_from_maturity
36667,20210701000021_26402,payment_lag_not_identifiable_from_maturity
36669,KR6ZW0000DQ9,averaging_not_supported
36670,KR6SS0001SX4,payment_lag_not_identifiable_from_maturity
36671,KR6SS0001T80,missing_explicit_survival_coupon
36672,KR6SS0001T98,extra_formula_or_level_PMT_1_FRML
36674,KR6SS0001T72,payment_lag_not_identifiable_from_maturity
36676,KR6SS0001SV8,payment_lag_not_identifiable_from_maturity
36677,KR6SS0001T23,payment_lag_not_identifiable_from_maturity
36678,KR6MD0001QJ2,missing_explicit_survival_coupon
36680,20210701000021_26404,payment_lag_not_identifiable_from_maturity
36705,20210701000032_26409,extra_formula_or_level_PMT_1_FRML
36711,KR6YT0000CP2,unsupported_ki_window
36712,KR6YT0000DA2,unsupported_ki_window
36723,KR6YT0000CN7,unsupported_ki_window
36739,KR6SS0001QB4,extra_formula_or_level_PMT_1_FRML
36740,KR6SS0001QD0,missing_explicit_survival_coupon
36741,KR6SS0001QC2,missing_explicit_survival_coupon
36742,KR6SS0001QE8,missing_explicit_survival_coupon
36743,KR6SS0001QL3,missing_explicit_survival_coupon
36744,KR6SS0001QG3,missing_explicit_survival_coupon
36745,KR6SS0001QF5,missing_explicit_survival_coupon
36750,KR6SS0001QM1,missing_explicit_survival_coupon
36752,KR6SS0001QH1,payment_lag_not_identifiable_from_maturity
36753,KR6MZ0000W67,missing_explicit_survival_coupon
36754,KR6SS0001QK5,missing_explicit_survival_coupon
36755,KR6SS0001QN9,missing_explicit_survival_coupon
36757,KR6SS0001TN3,missing_explicit_survival_coupon
36759,KR6SS0001TL7,payment_lag_not_identifiable_from_maturity
36762,KR6SS0001TK9,missing_explicit_survival_coupon
36763,20210705000030_26437,extra_formula_or_level_PMT_1_FRML
36765,20210705000030_26438,payment_lag_not_identifiable_from_maturity
36768,KR6SS0001TP8,missing_explicit_survival_coupon
36770,KR6SS0001TM5,missing_explicit_survival_coupon
36771,20210705000030_26436,extra_formula_or_level_PMT_1_FRML
36772,20210701000038_26410,payment_lag_not_identifiable_from_maturity
36773,20210701000052_26413,missing_explicit_survival_coupon
36776,KR6MZ0000W75,missing_explicit_survival_coupon
36777,20210701000052_26414,missing_explicit_survival_coupon
36778,20210701000052_26415,missing_explicit_survival_coupon
36788,KR6SS0001VH1,extra_formula_or_level_PMT_1_FRML
36789,KR6SS0001VF5,missing_explicit_survival_coupon
36791,KR6SH0001TS5,averaging_not_supported
36797,KR6SS0001VE8,missing_explicit_survival_coupon
36801,20210701000044_26412,missing_explicit_survival_coupon
36803,20210701000044_26411,missing_explicit_survival_coupon
36806,KR6KS0001AQ3,missing_explicit_survival_coupon
36816,KR6SS0001VQ2,payment_lag_not_identifiable_from_maturity
36817,KR6ZW0000E18,averaging_not_supported
36819,KR6SS0001VS8,payment_lag_not_identifiable_from_maturity
36826,KR6SS0001VR0,payment_lag_not_identifiable_from_maturity
36841,KR6SS0001VP4,payment_lag_not_identifiable_from_maturity
36856,20210716000449_4794,unsupported_ki_window
36859,KR6YT0000D23,unsupported_ki_window
36862,KR6SS0001VL3,payment_lag_not_identifiable_from_maturity
36864,KR6SS0001VM1,payment_lag_not_identifiable_from_maturity
36867,KR6SS0001VN9,payment_lag_not_identifiable_from_maturity
36871,20210716000449_4791,unsupported_ki_window
36882,KR6SS0001W51,missing_explicit_survival_coupon
36883,KR6SS0001W44,missing_explicit_survival_coupon
36884,KR6SS0001W36,missing_explicit_survival_coupon
36885,KR6SS0001W85,missing_explicit_survival_coupon
36892,KR6MZ0000WL1,missing_explicit_survival_coupon
36894,KR6SS0001W77,missing_explicit_survival_coupon
36895,KR6SS0001W69,missing_explicit_survival_coupon
36898,20210714000311_26501,missing_explicit_survival_coupon
36899,20210714000311_26502,payment_lag_not_identifiable_from_maturity
36900,20210714000311_26504,missing_explicit_survival_coupon
36903,KR6SH0001SP3,missing_explicit_survival_coupon
36906,KR6SS0001WD8,missing_explicit_survival_coupon
36908,KR6SS0001WE6,payment_lag_not_identifiable_from_maturity
36922,20210714000311_26506,missing_explicit_survival_coupon
36923,20210714000311_26499,missing_explicit_survival_coupon
36924,20210714000311_26500,missing_explicit_survival_coupon
36925,20210714000311_26497,missing_explicit_survival_coupon
36926,20210714000311_26498,missing_explicit_survival_coupon
36928,KR6SH0001VN2,averaging_not_supported
36929,20210712000096_26492,missing_explicit_survival_coupon
36930,20210712000096_26493,missing_explicit_survival_coupon
36931,20210712000096_26494,missing_explicit_survival_coupon
36932,20210714000311_26505,missing_explicit_survival_coupon
36933,20210714000311_26496,extra_formula_or_level_PMT_1_FRML
36934,20210712000096_26490,extra_formula_or_level_PMT_1_FRML
36935,KR6MZ0000WR8,missing_explicit_survival_coupon
36959,KR6KW0000E56,averaging_not_supported
36966,KR6KW0000E64,averaging_not_supported
36980,KR6MD0001SS9,missing_explicit_survival_coupon
36982,KR6ZW0000E83,averaging_not_supported
36985,KR6SS0001XK1,payment_lag_not_identifiable_from_maturity
36996,KR6SS0001XD6,payment_lag_not_identifiable_from_maturity
37004,KR6SS0001XC8,payment_lag_not_identifiable_from_maturity
37005,KR6SS0001XL9,missing_explicit_survival_coupon
37013,KR6SS0001XP0,payment_lag_not_identifiable_from_maturity
37016,KR6SS0001XN5,payment_lag_not_identifiable_from_maturity
37019,KR6SS0001XM7,payment_lag_not_identifiable_from_maturity
37033,KR6MZ0000X66,missing_explicit_survival_coupon
37038,KR6YT0000E14,unsupported_ki_window
37039,KR6YT0000ES2,unsupported_ki_window
37041,KR6SS0001XW6,payment_lag_not_identifiable_from_maturity
37042,KR6SS0001XY2,missing_explicit_survival_coupon
37043,KR6SS0001XX4,missing_explicit_survival_coupon
37053,KR6SS0001XV8,payment_lag_not_identifiable_from_maturity
37058,KR6MD0001RM4,missing_explicit_survival_coupon
37067,KR6KB0001ZM5,missing_explicit_survival_coupon
37068,KR6SS0001Y42,missing_explicit_survival_coupon
37069,KR6SS0001Y34,missing_explicit_survival_coupon
37072,KR6SS0001Y26,payment_lag_not_identifiable_from_maturity
37075,20210727000172_396,payment_lag_not_identifiable_from_maturity
37080,KR6SS0001Y67,missing_explicit_survival_coupon
37081,KR6SS0001Y75,missing_explicit_survival_coupon
37082,KR6SS0001Y83,missing_explicit_survival_coupon
37083,KR6SS0001Y59,missing_explicit_survival_coupon
37084,KR6YT0000ET0,unsupported_ki_window
37087,KR6SS0001YX2,extra_formula_or_level_PMT_1_FRML
37088,20210719000059_26545,missing_explicit_survival_coupon
37089,20210719000059_26546,missing_explicit_survival_coupon
37090,20210719000059_26542,extra_formula_or_level_PMT_1_FRML
37094,KR6SS0001YL7,payment_lag_not_identifiable_from_maturity
37098,KR6KW0000ES5,averaging_not_supported
37099,KR6SS0001YM5,payment_lag_not_identifiable_from_maturity
37102,KR6SS0001VA6,missing_explicit_survival_coupon
37103,KR6SS0001V60,payment_lag_not_identifiable_from_maturity
37104,KR6SS0001V37,missing_explicit_survival_coupon
37105,KR6SS0001V29,missing_explicit_survival_coupon
37106,KR6SS0001V11,missing_explicit_survival_coupon
37107,KR6SS0001V45,missing_explicit_survival_coupon
37110,KR6SS0001YN3,payment_lag_not_identifiable_from_maturity
37114,KR6SS0001V86,missing_explicit_survival_coupon
37115,KR6SS0001V94,missing_explicit_survival_coupon
37118,KR6SS0001V03,extra_formula_or_level_PMT_1_FRML
37119,KR6SS0001V52,missing_explicit_survival_coupon
37120,KR6SS0001YS2,payment_lag_not_identifiable_from_maturity
37121,KR6SS0001Z09,extra_formula_or_level_PMT_1_FRML
37122,20210721000249_26566,payment_lag_not_identifiable_from_maturity
37123,KR6SS0001YV6,payment_lag_not_identifiable_from_maturity
37126,KR6SS0001YZ7,payment_lag_not_identifiable_from_maturity
37131,KR6SS0001YQ6,payment_lag_not_identifiable_from_maturity
37132,KR6SS0001YR4,payment_lag_not_identifiable_from_maturity
37135,KR6SS0001YW4,payment_lag_not_identifiable_from_maturity
37140,KR6ZW0000EE3,averaging_not_supported
37152,KR6HN0001CP8,missing_explicit_survival_coupon
37178,KR6KB00020R9,missing_explicit_survival_coupon
37184,KR6YT0000DX4,unsupported_ki_window
37187,KR6SS0001ZD1,missing_explicit_survival_coupon
37188,KR6SS0001Z17,payment_lag_not_identifiable_from_maturity
37189,KR6SS0001ZC3,payment_lag_not_identifiable_from_maturity
37197,KR6YT0000EK9,unsupported_ki_window
37200,KR6SS0001Z25,payment_lag_not_identifiable_from_maturity
37212,KR6SS0001ZH2,missing_explicit_survival_coupon
37215,KR6KB0002128,missing_explicit_survival_coupon
37226,KR6SS0001ZS9,missing_explicit_survival_coupon
37231,KR6SS0001ZQ3,missing_explicit_survival_coupon
37232,KR6SS0001ZT7,missing_explicit_survival_coupon
37233,KR6SS0001ZR1,missing_explicit_survival_coupon
37234,KR6MD0001T59,missing_explicit_survival_coupon
37239,KR6SS0002075,payment_lag_not_identifiable_from_maturity
37240,KR6SS0002083,payment_lag_not_identifiable_from_maturity
37241,KR6SS0001WR8,extra_formula_or_level_PMT_1_FRML
37242,KR6SS00020J9,payment_lag_not_identifiable_from_maturity
37246,KR6SS0002091,payment_lag_not_identifiable_from_maturity
37248,KR6SS00020G5,missing_explicit_survival_coupon
37249,KR6SS00020F7,missing_explicit_survival_coupon
37250,KR6KW0000F63,averaging_not_supported
37251,KR6SS00020C4,payment_lag_not_identifiable_from_maturity
37252,KR6SS00020B6,payment_lag_not_identifiable_from_maturity
37253,KR6SS00020A8,payment_lag_not_identifiable_from_maturity
37254,KR6SS0002042,missing_explicit_survival_coupon
37256,KR6YT0000DZ9,unsupported_ki_window
37258,KR6YT0000EC6,unsupported_ki_window
37261,KR6SS00020M3,payment_lag_not_identifiable_from_maturity
37264,KR6SS00020L5,payment_lag_not_identifiable_from_maturity
37268,KR6YT0000ED4,unsupported_ki_window
37269,KR6YT0000EX2,unsupported_ki_window
37283,KR6SH0001YD7,averaging_not_supported
37285,20210726000103_26621,missing_explicit_survival_coupon
37288,KR6SH0001YM8,averaging_not_supported
37291,KR6SS0001X01,missing_explicit_survival_coupon
37292,KR6SS0001WY4,payment_lag_not_identifiable_from_maturity
37293,KR6SS0001WX6,missing_explicit_survival_coupon
37294,KR6SS0002067,payment_lag_not_identifiable_from_maturity
37295,KR6SS0002059,missing_explicit_survival_coupon
37296,KR6SS0001WT4,missing_explicit_survival_coupon
37298,KR6SS0001WS6,missing_explicit_survival_coupon
37299,KR6SS0001X27,missing_explicit_survival_coupon
37300,KR6SS0001X19,missing_explicit_survival_coupon
37301,KR6SS0002034,missing_explicit_survival_coupon
37302,KR6SS0002026,missing_explicit_survival_coupon
37307,KR6SS0001WV0,missing_explicit_survival_coupon
37308,KR6SS0001WW8,missing_explicit_survival_coupon
37314,KR6KW0000F55,averaging_not_supported
37318,KR6SS00020H3,missing_explicit_survival_coupon
37322,20210805000111_397,payment_lag_not_identifiable_from_maturity
37328,20210726000103_26617,extra_formula_or_level_PMT_1_FRML
37329,20210726000103_26619,missing_explicit_survival_coupon
37330,20210726000103_26620,missing_explicit_survival_coupon
37331,KR6SS00020E0,missing_explicit_survival_coupon
37332,KR6SS00020N1,extra_formula_or_level_PMT_1_FRML
37334,KR6SS00020D2,payment_lag_not_identifiable_from_maturity
37340,KR6KB0002201,missing_explicit_survival_coupon
37350,KR6MD0001W21,missing_explicit_survival_coupon
37424,20210824000244_26721,missing_explicit_survival_coupon
37435,KR6KS0001F76,missing_explicit_survival_coupon
37445,KR6SS00021A6,missing_explicit_survival_coupon
37447,KR6SS0002182,missing_explicit_survival_coupon
37458,KR6ZW0000FA8,missing_explicit_survival_coupon
37482,20210823000226_29758,missing_explicit_survival_coupon
37509,KR6MD0001X46,missing_explicit_survival_coupon
37523,KR6SY0001067,missing_explicit_survival_coupon
37524,KR6SY0001075,missing_explicit_survival_coupon
37561,KR6SS0002380,payment_lag_not_identifiable_from_maturity
37581,KR6SH0001ZW4,averaging_not_supported
37582,KR6SH00020L8,averaging_not_supported
37607,KR6SS00023B0,payment_lag_not_identifiable_from_maturity
37608,KR6SS00023D6,payment_lag_not_identifiable_from_maturity
37609,KR6SS00023F1,payment_lag_not_identifiable_from_maturity
37610,KR6SS00023E4,payment_lag_not_identifiable_from_maturity
37634,KR6SS0002398,payment_lag_not_identifiable_from_maturity
37635,KR6SS00023A2,payment_lag_not_identifiable_from_maturity
37640,20210824000067_26711,payment_lag_not_identifiable_from_maturity
37644,KR6YT0000FF6,unsupported_ki_window
37647,KR6SH00021Z6,averaging_not_supported
37655,KR6YT0000FQ3,unsupported_ki_window
37664,KR6SS00023Q8,payment_lag_not_identifiable_from_maturity
37666,KR6KB0002524,missing_explicit_survival_coupon
37669,KR6SS00021Q2,missing_explicit_survival_coupon
37670,KR6SS00021J7,missing_explicit_survival_coupon
37676,KR6SS00021H1,missing_explicit_survival_coupon
37677,KR6SS00021P4,missing_explicit_survival_coupon
37678,KR6SS00021N9,missing_explicit_survival_coupon
37680,KR6SS00021L3,payment_lag_not_identifiable_from_maturity
37684,KR6SS00021K5,missing_explicit_survival_coupon
37685,KR6SS00021G3,missing_explicit_survival_coupon
37687,KR6SS00021E8,extra_formula_or_level_PMT_1_FRML
37688,KR6SS00021F5,missing_explicit_survival_coupon
37695,KR6MD0002088,missing_explicit_survival_coupon
37699,KR6SS00024D4,missing_explicit_survival_coupon
37700,KR6YT0000FT7,unsupported_ki_window
37702,KR6MD0001YH0,missing_explicit_survival_coupon
37717,KR6KW0000G96,averaging_not_supported
37718,KR6KS0001J07,missing_explicit_survival_coupon
37721,KR6SS00024Q6,missing_explicit_survival_coupon
37727,KR6SS00024L7,missing_explicit_survival_coupon
37730,KR6SS00024P8,missing_explicit_survival_coupon
37731,KR6SS00024N3,missing_explicit_survival_coupon
37735,KR6SS00024R4,missing_explicit_survival_coupon
37737,20210824000337_26739,extra_formula_or_level_PMT_1_FRML
37738,20210825000180_26756,payment_lag_not_identifiable_from_maturity
37743,KR6SS0002521,missing_explicit_survival_coupon
37744,20210825000180_26757,payment_lag_not_identifiable_from_maturity
37752,KR6YT0000FH2,unsupported_ki_window
37754,KR6SH00021S1,averaging_not_supported
37763,KR6SS0002513,payment_lag_not_identifiable_from_maturity
37766,KR6SS0002505,extra_formula_or_level_PMT_1_FRML
37767,KR6KW0000G88,averaging_not_supported
37786,KR6SS00024T0,payment_lag_not_identifiable_from_maturity
37789,KR6SS00024W4,payment_lag_not_identifiable_from_maturity
37790,KR6SS00024V6,payment_lag_not_identifiable_from_maturity
37810,KR6MD0001YA5,missing_explicit_survival_coupon
37818,KR6SS00025H2,payment_lag_not_identifiable_from_maturity
37822,KR6SS00025B5,payment_lag_not_identifiable_from_maturity
37823,KR6SS00025E9,payment_lag_not_identifiable_from_maturity
37841,KR6MD0001ZD6,missing_explicit_survival_coupon
37853,KR6SH0002151,missing_explicit_survival_coupon
37862,KR6ZW0000FM3,missing_explicit_survival_coupon
37864,KR6SS00022R8,missing_explicit_survival_coupon
37865,KR6SS00022S6,payment_lag_not_identifiable_from_maturity
37866,KR6SS00022V0,missing_explicit_survival_coupon
37868,KR6SS00022M9,missing_explicit_survival_coupon
37869,KR6SS00022P2,missing_explicit_survival_coupon
37870,KR6SS00022Q0,missing_explicit_survival_coupon
37871,KR6SS00022X6,missing_explicit_survival_coupon
37872,KR6YT0000G79,unsupported_ki_window
37873,KR6SS00022L1,extra_formula_or_level_PMT_1_FRML
37874,KR6SS00022N7,missing_explicit_survival_coupon
37875,KR6SS00022W8,missing_explicit_survival_coupon
37881,KR6SS00026S7,payment_lag_not_identifiable_from_maturity
37882,KR6SS00026T5,payment_lag_not_identifiable_from_maturity
37894,KR6YT0000G04,unsupported_ki_window
37907,KR6YT0000G12,unsupported_ki_window
37918,KR6SH0002383,averaging_not_supported
37949,KR6SS00026L2,payment_lag_not_identifiable_from_maturity
37965,KR6SS00026R9,payment_lag_not_identifiable_from_maturity
37966,KR6SS00026N8,payment_lag_not_identifiable_from_maturity
37967,KR6SS00026M0,payment_lag_not_identifiable_from_maturity
37968,KR6SS00026P3,payment_lag_not_identifiable_from_maturity
37972,KR6SS00026Q1,payment_lag_not_identifiable_from_maturity
37981,KR6EG00003M9,payment_lag_not_identifiable_from_maturity
37989,KR6MD0001ZY2,missing_explicit_survival_coupon
37996,KR6KB00028B6,missing_explicit_survival_coupon
37999,KR6SS00027B1,extra_formula_or_level_PMT_1_FRML
38000,KR6SS00027D7,missing_explicit_survival_coupon
38001,KR6SS00027C9,missing_explicit_survival_coupon
38003,KR6SS00027L0,payment_lag_not_identifiable_from_maturity
38004,KR6SS00027K2,missing_explicit_survival_coupon
38006,KR6SS00027J4,missing_explicit_survival_coupon
38007,KR6SS00027E5,missing_explicit_survival_coupon
38008,KR6SS00027F2,missing_explicit_survival_coupon
38018,KR6SS00027G0,missing_explicit_survival_coupon
38024,KR6MD0001ZS4,missing_explicit_survival_coupon
38025,KR6SS00027H8,missing_explicit_survival_coupon
38036,20210907000024_26820,missing_explicit_survival_coupon
38037,20210907000024_26819,payment_lag_not_identifiable_from_maturity
38040,KR6ZY0000EK6,payment_lag_not_identifiable_from_maturity
38042,KR6SH0002326,payment_lag_not_identifiable_from_maturity
38047,KR6DS0000AG1,payment_lag_not_identifiable_from_maturity
38049,KR6SS00027Z0,payment_lag_not_identifiable_from_maturity
38052,KR6KS0001JV4,payment_lag_not_identifiable_from_maturity
38057,KR6SS0002802,payment_lag_not_identifiable_from_maturity
38058,KR6SS0002810,payment_lag_not_identifiable_from_maturity
38061,KR6MZ00013S2,payment_lag_not_identifiable_from_maturity
38064,KR6SS0002885,payment_lag_not_identifiable_from_maturity
38065,KR6SS0002471,missing_explicit_survival_coupon
38066,KR6SS00024C6,missing_explicit_survival_coupon
38067,KR6SS0002893,payment_lag_not_identifiable_from_maturity
38068,KR6SS00024A0,missing_explicit_survival_coupon
38070,KR6SS0002448,extra_formula_or_level_PMT_1_FRML
38074,KR6SH00023P3,payment_lag_not_identifiable_from_maturity
38076,20210908000066_9076,payment_lag_not_identifiable_from_maturity
38077,KR6YT0000GM0,unsupported_ki_window
38078,KR6YT0000GL2,unsupported_ki_window
38079,KR6MD00020X3,missing_explicit_survival_coupon
38083,KR6YT0000GK4,unsupported_ki_window
38086,KR6SS0002463,missing_explicit_survival_coupon
38087,KR6SS0002489,payment_lag_not_identifiable_from_maturity
38091,KR6SS00024B8,missing_explicit_survival_coupon
38093,KR6SS0002455,missing_explicit_survival_coupon
38094,KR6SH00024S5,averaging_not_supported
38095,KR6SH0002391,payment_lag_not_identifiable_from_maturity
38096,KR6MZ00013V6,payment_lag_not_identifiable_from_maturity
38099,KR6KS0001KR0,missing_explicit_survival_coupon
38107,KR6SH00024P1,missing_explicit_survival_coupon
38113,KR6SS0002984,missing_explicit_survival_coupon
38116,KR6SS00028F0,missing_explicit_survival_coupon
38119,KR6SH00025A0,averaging_not_supported
38121,KR6YT0000GE7,payment_lag_not_identifiable_from_maturity
38123,KR6SS0002992,missing_explicit_survival_coupon
38133,20210917000390_4825,unsupported_ki_window
38136,KR6YT0000GF4,payment_lag_not_identifiable_from_maturity
38147,KR6HH0000EW4,payment_lag_not_identifiable_from_maturity
38155,KR6SS0002943,payment_lag_not_identifiable_from_maturity
38156,KR6KW0000HD0,averaging_not_supported
38160,KR6BK00006B2,payment_lag_not_identifiable_from_maturity
38166,KR6KW0000HC2,averaging_not_supported
38167,KR6HN0001JL2,payment_lag_not_identifiable_from_maturity
38175,KR6BK00006D8,payment_lag_not_identifiable_from_maturity
38191,KR6SS00029H4,payment_lag_not_identifiable_from_maturity
38193,KR6SS00029G6,payment_lag_not_identifiable_from_maturity
38198,KR6HH0000EY0,payment_lag_not_identifiable_from_maturity
38212,KR6SS00029L6,payment_lag_not_identifiable_from_maturity
38213,KR6SS00029M4,payment_lag_not_identifiable_from_maturity
38215,KR6SS00029K8,payment_lag_not_identifiable_from_maturity
38216,KR6SS00029J0,payment_lag_not_identifiable_from_maturity
38227,KR6KS0001LV0,missing_explicit_survival_coupon
38231,KR6SS0002A56,payment_lag_not_identifiable_from_maturity
38234,KR6SS0002A64,payment_lag_not_identifiable_from_maturity
38247,KR6SS0002BA6,payment_lag_not_identifiable_from_maturity
38252,KR6SH00026S0,averaging_not_supported
38253,KR6SS00025V3,extra_formula_or_level_PMT_1_FRML
38254,KR6SS00025W1,extra_formula_or_level_PMT_1_FRML
38256,KR6SS0002B97,payment_lag_not_identifiable_from_maturity
38268,KR6SS00025Z4,missing_explicit_survival_coupon
38270,KR6SS0002620,missing_explicit_survival_coupon
38271,KR6SS0002612,missing_explicit_survival_coupon
38272,KR6SS0002604,missing_explicit_survival_coupon
38273,KR6SS0002679,missing_explicit_survival_coupon
38274,KR6SS0002646,payment_lag_not_identifiable_from_maturity
38275,KR6SS0002638,missing_explicit_survival_coupon
38277,KR6SS00025Y7,missing_explicit_survival_coupon
38278,KR6SS00025X9,missing_explicit_survival_coupon
38280,KR6SS00026A5,missing_explicit_survival_coupon
38281,KR6SS0002695,missing_explicit_survival_coupon
38282,KR6SS0002687,missing_explicit_survival_coupon
38283,KR6SS0002661,missing_explicit_survival_coupon
38284,KR6YT0000HP1,unsupported_ki_window
38288,KR6YT0000HQ9,unsupported_ki_window
38292,KR6SS0002BX8,payment_lag_not_identifiable_from_maturity
38313,KR6KW0000HV2,averaging_not_supported
38314,KR6MZ00015G2,missing_explicit_survival_coupon
38326,KR6SS0002B22,payment_lag_not_identifiable_from_maturity
38327,KR6SS0002BN9,missing_explicit_survival_coupon
38328,KR6SS0002B89,missing_explicit_survival_coupon
38329,KR6SS0002B71,payment_lag_not_identifiable_from_maturity
38330,KR6SS0002B63,payment_lag_not_identifiable_from_maturity
38333,KR6SS0002B48,payment_lag_not_identifiable_from_maturity
38334,KR6SS0002B30,payment_lag_not_identifiable_from_maturity
38336,KR6SS0002BQ2,missing_explicit_survival_coupon
38344,KR6SS0002BP4,missing_explicit_survival_coupon
38345,KR6SS0002B14,payment_lag_not_identifiable_from_maturity
38347,KR6SS0002B55,payment_lag_not_identifiable_from_maturity
38350,KR6YT0000HC9,unsupported_ki_window
38351,KR6YT0000HR7,unsupported_ki_window
38352,KR6SS0002C21,missing_explicit_survival_coupon
38353,KR6SS0002C13,missing_explicit_survival_coupon
38354,KR6SS0002C47,missing_explicit_survival_coupon
38356,KR6SS0002C54,missing_explicit_survival_coupon
38359,KR6SS0002C62,missing_explicit_survival_coupon
38360,KR6SS0002C39,missing_explicit_survival_coupon
38361,KR6SS0002BS8,payment_lag_not_identifiable_from_maturity
38362,KR6SS0002BR0,payment_lag_not_identifiable_from_maturity
38364,KR6YT0000H29,unsupported_ki_window
38366,KR6HM00005N1,missing_explicit_survival_coupon
38384,KR6SS00028N4,missing_explicit_survival_coupon
38393,KR6KS0001N76,missing_explicit_survival_coupon
38402,KR6SS00028R5,missing_explicit_survival_coupon
38403,KR6SS00028L8,extra_formula_or_level_PMT_1_FRML
38405,KR6SS0002901,missing_explicit_survival_coupon
38406,KR6SS0002919,missing_explicit_survival_coupon
38407,KR6SS00028P9,missing_explicit_survival_coupon
38408,KR6SS00028Q7,missing_explicit_survival_coupon
38409,KR6SS00028Z8,missing_explicit_survival_coupon
38411,KR6SH00028X6,averaging_not_supported
38414,KR6HH0000FX9,missing_explicit_survival_coupon
38415,KR6SH00028Q0,averaging_not_supported
38418,KR6SS00028T1,missing_explicit_survival_coupon
38422,KR6SS00028M6,extra_formula_or_level_PMT_1_FRML
38423,KR6SS00028Y1,missing_explicit_survival_coupon
38424,KR6SS00028V7,missing_explicit_survival_coupon
38425,KR6SS00028W5,payment_lag_not_identifiable_from_maturity
38433,KR6SS0002CS6,payment_lag_not_identifiable_from_maturity
38435,KR6SS00028S3,missing_explicit_survival_coupon
38445,KR6SS0002CV0,payment_lag_not_identifiable_from_maturity
38468,KR6SS0002DG9,payment_lag_not_identifiable_from_maturity
38478,KR6SS0002CX6,payment_lag_not_identifiable_from_maturity
38479,KR6SS0002CW8,payment_lag_not_identifiable_from_maturity
38480,KR6SS0002DC8,payment_lag_not_identifiable_from_maturity
38487,KR6SS0002DD6,missing_explicit_survival_coupon
38489,KR6SS0002CT4,payment_lag_not_identifiable_from_maturity
38494,KR6SS0002DF1,payment_lag_not_identifiable_from_maturity
38496,KR6SS0002DW6,payment_lag_not_identifiable_from_maturity
38505,KR6SS0002DE4,payment_lag_not_identifiable_from_maturity
38522,KR6SS0002DZ9,payment_lag_not_identifiable_from_maturity
38523,KR6SS0002DT2,payment_lag_not_identifiable_from_maturity
38540,KR6YT0000H86,unsupported_ki_window
38544,20210930000118_27003,extra_formula_or_level_PMT_1_FRML
38546,KR6HM00005Y8,missing_explicit_survival_coupon
38547,KR6MZ0001612,missing_explicit_survival_coupon
38549,20210930000118_27006,missing_explicit_survival_coupon
38550,20210930000118_27005,missing_explicit_survival_coupon
38552,KR6SS0002EJ1,missing_explicit_survival_coupon
38553,KR6ZW0000H56,missing_explicit_survival_coupon
38554,20210930000118_27004,missing_explicit_survival_coupon
38556,20210930000118_27002,extra_formula_or_level_PMT_1_FRML
38561,KR6SS0002A98,extra_formula_or_level_PMT_1_FRML
38562,KR6SS0002BZ3,missing_explicit_survival_coupon
38563,KR6SS0002A80,extra_formula_or_level_PMT_1_FRML
38572,KR6SH0002AD5,averaging_not_supported
38575,KR6SS0002C05,missing_explicit_survival_coupon
38578,KR6SS0002EV6,payment_lag_not_identifiable_from_maturity
38579,KR6SS0002AJ9,missing_explicit_survival_coupon
38580,KR6SS0002AK7,missing_explicit_survival_coupon
38581,KR6SS0002AM3,missing_explicit_survival_coupon
38582,KR6SS0002AL5,missing_explicit_survival_coupon
38584,KR6SS0002ET0,payment_lag_not_identifiable_from_maturity
38588,KR6SS0002EM5,missing_explicit_survival_coupon
38589,KR6SS0002EL7,missing_explicit_survival_coupon
38590,KR6YT0000HX5,unsupported_ki_window
38591,KR6SS0002AF7,missing_explicit_survival_coupon
38593,KR6SS0002AB6,missing_explicit_survival_coupon
38597,KR6SS0002AG5,missing_explicit_survival_coupon
38598,KR6SS0002AA8,missing_explicit_survival_coupon
38599,KR6SS0002AD2,missing_explicit_survival_coupon
38600,KR6SS0002AC4,missing_explicit_survival_coupon
38602,KR6SS0002AE0,missing_explicit_survival_coupon
38606,KR6SS0002AH3,payment_lag_not_identifiable_from_maturity
38608,KR6SH0002AE3,averaging_not_supported
38614,KR6SS0002EN3,missing_explicit_survival_coupon
38627,KR6SS0002F85,payment_lag_not_identifiable_from_maturity
38630,KR6SS0002F77,missing_explicit_survival_coupon
38631,KR6SS0002F93,payment_lag_not_identifiable_from_maturity
38636,KR6SS0002EQ6,payment_lag_not_identifiable_from_maturity
38637,KR6SS0002ES2,payment_lag_not_identifiable_from_maturity
38638,KR6SS0002ER4,payment_lag_not_identifiable_from_maturity
38655,KR6SS0002FA7,payment_lag_not_identifiable_from_maturity
38679,KR6SS0002FN0,payment_lag_not_identifiable_from_maturity
38683,KR6SS0002F44,payment_lag_not_identifiable_from_maturity
38684,KR6SS0002F36,payment_lag_not_identifiable_from_maturity
38693,KR6SS0002F69,payment_lag_not_identifiable_from_maturity
38694,KR6SS0002F51,payment_lag_not_identifiable_from_maturity
38700,KR6SS0002FY7,missing_explicit_survival_coupon
38710,KR6SS0002G01,missing_explicit_survival_coupon
38712,KR6SS0002FZ4,missing_explicit_survival_coupon
38713,KR6SS0002FR1,missing_explicit_survival_coupon
38716,KR6SS0002FV3,missing_explicit_survival_coupon
38717,KR6SS0002FW1,missing_explicit_survival_coupon
38718,KR6SS0002FX9,missing_explicit_survival_coupon
38719,KR6KB0002DP3,missing_explicit_survival_coupon
38723,KR6SS0002FT7,missing_explicit_survival_coupon
38731,KR6MZ00016T3,missing_explicit_survival_coupon
38732,KR6ZW0000HE6,missing_explicit_survival_coupon
38736,KR6SS0002CC0,missing_explicit_survival_coupon
38740,KR6SH0002BY9,averaging_not_supported
38746,KR6SS0002CD8,missing_explicit_survival_coupon
38759,KR6SH0002C57,averaging_not_supported
38764,KR6SS0002CJ5,missing_explicit_survival_coupon
38765,KR6SS0002GZ2,missing_explicit_survival_coupon
38766,KR6SS0002CE6,missing_explicit_survival_coupon
38767,KR6SS0002CF3,missing_explicit_survival_coupon
38768,KR6SS0002CG1,missing_explicit_survival_coupon
38772,KR6SS0002CH9,payment_lag_not_identifiable_from_maturity
38773,KR6SS0002CK3,missing_explicit_survival_coupon
38777,20211012000093_27071,extra_formula_or_level_PMT_1_FRML
38778,KR6SS0002CB2,missing_explicit_survival_coupon
38780,KR6SS0002CA4,extra_formula_or_level_PMT_1_FRML
38787,20211012000093_27072,missing_explicit_survival_coupon
38788,20211012000093_27074,missing_explicit_survival_coupon
38798,KR6SS0002HJ4,payment_lag_not_identifiable_from_maturity
38800,KR6SS0002HD7,payment_lag_not_identifiable_from_maturity
38801,KR6SS0002GY5,payment_lag_not_identifiable_from_maturity
38802,KR6SS0002HL0,payment_lag_not_identifiable_from_maturity
38803,KR6SS0002HK2,payment_lag_not_identifiable_from_maturity
38804,KR6SS0002HF2,payment_lag_not_identifiable_from_maturity
38806,KR6SS0002HG0,payment_lag_not_identifiable_from_maturity
38828,KR6SS0002GV1,payment_lag_not_identifiable_from_maturity
38830,KR6SS0002GX7,payment_lag_not_identifiable_from_maturity
38831,KR6SS0002GW9,payment_lag_not_identifiable_from_maturity
38833,KR6YT0000J27,unsupported_ki_window
38834,KR6SS0002HS5,missing_explicit_survival_coupon
38835,KR6SS0002HT3,missing_explicit_survival_coupon
38837,KR6SS0002HW7,missing_explicit_survival_coupon
38840,KR6YT0000J35,unsupported_ki_window
38842,KR6YT0000J50,unsupported_ki_window
38843,KR6YT0000J43,unsupported_ki_window
38844,KR6SS0002HX5,missing_explicit_survival_coupon
38849,KR6SS0002HR7,missing_explicit_survival_coupon
38850,KR6SS0002HQ9,missing_explicit_survival_coupon
38851,KR6SS0002HP1,missing_explicit_survival_coupon
38852,KR6SS0002HA3,payment_lag_not_identifiable_from_maturity
38853,KR6SS0002HC9,payment_lag_not_identifiable_from_maturity
38854,KR6SS0002HB1,payment_lag_not_identifiable_from_maturity
38855,KR6SS0002HV9,missing_explicit_survival_coupon
38895,KR6KS0001R98,missing_explicit_survival_coupon
38899,KR6MZ00017E3,missing_explicit_survival_coupon
38900,KR6MZ00017F0,missing_explicit_survival_coupon
38908,KR6SS0002E29,extra_formula_or_level_PMT_1_FRML
38911,KR6SH0002D64,averaging_not_supported
38916,KR6SS0002HY3,payment_lag_not_identifiable_from_maturity
38917,KR6SS0002E78,payment_lag_not_identifiable_from_maturity
38923,KR6YT0000JX1,unsupported_ki_window
38926,KR6SS0002E52,missing_explicit_survival_coupon
38927,KR6SS0002EA0,missing_explicit_survival_coupon
38928,KR6SS0002EB8,missing_explicit_survival_coupon
38931,KR6SS0002E94,missing_explicit_survival_coupon
38934,KR6SS0002EE2,missing_explicit_survival_coupon
38935,KR6SH0002CY7,averaging_not_supported
38938,KR6SS0002E37,missing_explicit_survival_coupon
38941,KR6SS0002E60,missing_explicit_survival_coupon
38942,KR6SS0002E45,missing_explicit_survival_coupon
38949,KR6SH0002CG4,missing_explicit_survival_coupon
38960,KR6SS0002J32,missing_explicit_survival_coupon
38965,KR6SS0002J99,payment_lag_not_identifiable_from_maturity
38966,KR6YT0000JN2,unsupported_ki_window
38969,KR6KS0001RR5,missing_explicit_survival_coupon
38972,KR6YT0000JM4,unsupported_ki_window
38974,KR6YT0000JK8,unsupported_ki_window
38975,KR6YT0000JL6,unsupported_ki_window
38977,KR6SS0002J24,missing_explicit_survival_coupon
38978,KR6SS0002J16,missing_explicit_survival_coupon
38988,KR6SS0002J81,payment_lag_not_identifiable_from_maturity
38989,KR6SS0002J73,payment_lag_not_identifiable_from_maturity
38990,KR6MD00025N3,missing_explicit_survival_coupon
38997,KR6SS0002J08,payment_lag_not_identifiable_from_maturity
38999,KR6SS0002HZ0,payment_lag_not_identifiable_from_maturity
39026,20211029000237_27190,missing_explicit_survival_coupon
39028,KR6SS0002GD9,missing_explicit_survival_coupon
39029,KR6SS0002GE7,missing_explicit_survival_coupon
39030,KR6SS0002GF4,missing_explicit_survival_coupon
39031,KR6SS0002GJ6,missing_explicit_survival_coupon
39032,20211022000059_27164,missing_explicit_survival_coupon
39033,20211022000059_27165,missing_explicit_survival_coupon
39034,20211022000059_27162,extra_formula_or_level_PMT_1_FRML
39035,KR6SS0002KL4,extra_formula_or_level_PMT_1_FRML
39037,KR6SS0002G68,missing_explicit_survival_coupon
39038,20211022000059_27163,missing_explicit_survival_coupon
39039,KR6SS0002G92,missing_explicit_survival_coupon
39040,KR6SS0002G76,missing_explicit_survival_coupon
39042,KR6SS0002G50,extra_formula_or_level_PMT_1_FRML
39043,KR6SS0002GB3,missing_explicit_survival_coupon
39044,KR6SS0002GA5,payment_lag_not_identifiable_from_maturity
39045,KR6SS0002GC1,missing_explicit_survival_coupon
39049,KR6ZW0000J21,missing_explicit_survival_coupon
39060,KR6YT0000K16,unsupported_ki_window
39078,KR6SS0002JJ0,payment_lag_not_identifiable_from_maturity
39081,KR6SS0002JH4,payment_lag_not_identifiable_from_maturity
39083,KR6KW0000LD2,averaging_not_supported
39084,KR6SS0002JE1,payment_lag_not_identifiable_from_maturity
39085,KR6SS0002JF8,payment_lag_not_identifiable_from_maturity
39088,KR6SS0002JB7,missing_explicit_survival_coupon
39091,KR6SS0002JA9,missing_explicit_survival_coupon
39094,KR6SS0002JD3,payment_lag_not_identifiable_from_maturity
39095,KR6SS0002JC5,payment_lag_not_identifiable_from_maturity
39096,KR6SH0002EB1,averaging_not_supported
39098,KR6SH0002EA3,averaging_not_supported
39100,KR6SH0002ED7,averaging_not_supported
39110,KR6KS0001SY9,missing_explicit_survival_coupon
39152,KR6SH0002DX7,missing_explicit_survival_coupon
39160,KR6MD00025F9,missing_explicit_survival_coupon
39183,KR6KW0000LY8,averaging_not_supported
39186,KR6SY00015A0,missing_explicit_survival_coupon
39215,KR6MD0002799,missing_explicit_survival_coupon
39223,KR6KS0001V68,missing_explicit_survival_coupon
39233,KR6SS0002LB3,missing_explicit_survival_coupon
39250,KR6HH0000H73,missing_explicit_survival_coupon
39251,KR6SS0002L95,extra_formula_or_level_PMT_1_FRML
39252,KR6YT0000KW1,unsupported_ki_window
39253,KR6SS0002LF4,missing_explicit_survival_coupon
39254,KR6SS0002LG2,missing_explicit_survival_coupon
39255,KR6SS0002LD9,missing_explicit_survival_coupon
39256,KR6SS0002LE7,payment_lag_not_identifiable_from_maturity
39258,KR6SS0002LC1,missing_explicit_survival_coupon
39259,KR6SS0002LH0,missing_explicit_survival_coupon
39260,KR6SS0002LJ6,missing_explicit_survival_coupon
39261,KR6SS0002LA5,missing_explicit_survival_coupon
39264,KR6SY00017M1,missing_explicit_survival_coupon
39284,KR6SH0002FY0,averaging_not_supported
39294,KR6KW0000MC2,averaging_not_supported
39295,KR6KW0000MB4,averaging_not_supported
39302,20211119000035_27264,payment_lag_not_identifiable_from_maturity
39311,KR6KS0001VW7,missing_explicit_survival_coupon
39313,KR6SS0002M52,payment_lag_not_identifiable_from_maturity
39330,KR6SS0002LX7,payment_lag_not_identifiable_from_maturity
39338,KR6SS0002LY5,payment_lag_not_identifiable_from_maturity
39340,KR6SS0002M78,payment_lag_not_identifiable_from_maturity
39341,KR6SS0002M60,payment_lag_not_identifiable_from_maturity
39346,KR6SH0002FL7,missing_explicit_survival_coupon
39351,KR6YT0000KS9,unsupported_ki_window
39361,KR6YT0000KR1,unsupported_ki_window
39379,KR6SS0002M86,payment_lag_not_identifiable_from_maturity
39381,KR6SS0002M37,missing_explicit_survival_coupon
39382,KR6SS0002M29,missing_explicit_survival_coupon
39383,KR6SS0002M11,missing_explicit_survival_coupon
39384,KR6SS0002M94,payment_lag_not_identifiable_from_maturity
39385,KR6SS0002MA3,missing_explicit_survival_coupon
39386,KR6SS0002MQ9,missing_explicit_survival_coupon
39387,KR6SS0002ML0,extra_formula_or_level_PMT_1_FRML
39388,KR6SS0002MT3,missing_explicit_survival_coupon
39389,KR6SS0002MR7,missing_explicit_survival_coupon
39390,KR6SS0002MW7,missing_explicit_survival_coupon
39391,KR6SS0002MV9,missing_explicit_survival_coupon
39392,KR6SS0002MN6,missing_explicit_survival_coupon
39393,KR6SS0002MM8,payment_lag_not_identifiable_from_maturity
39400,20211119000386_27275,payment_lag_not_identifiable_from_maturity
39401,20211119000386_27273,extra_formula_or_level_PMT_1_FRML
39403,20211119000386_27276,missing_explicit_survival_coupon
39404,20211119000386_27277,missing_explicit_survival_coupon
39405,20211119000386_27274,extra_formula_or_level_PMT_1_FRML
39417,KR6SH0002H60,averaging_not_supported
39421,KR6KW0000MT6,averaging_not_supported
39422,KR6KW0000MV2,averaging_not_supported
39436,KR6KS0001X25,missing_explicit_survival_coupon
39439,KR6YT0000LN8,unsupported_ki_window
39451,20211124000247_27305,payment_lag_not_identifiable_from_maturity
39459,KR6SS0002N36,missing_explicit_survival_coupon
39469,KR6SS0002N85,payment_lag_not_identifiable_from_maturity
39474,KR6SS0002N44,missing_explicit_survival_coupon
39475,KR6SS0002N51,missing_explicit_survival_coupon
39480,KR6SS0002N93,payment_lag_not_identifiable_from_maturity
39483,KR6SS0002MZ0,payment_lag_not_identifiable_from_maturity
39484,KR6SS0002MY3,payment_lag_not_identifiable_from_maturity
39510,KR6SS0002N28,payment_lag_not_identifiable_from_maturity
39515,KR6SS0002N10,payment_lag_not_identifiable_from_maturity
39516,KR6SS0002N02,payment_lag_not_identifiable_from_maturity
39521,KR6SH0002GB6,missing_explicit_survival_coupon
39524,KR6SH0002GC4,missing_explicit_survival_coupon
39531,20211126000033_27318,missing_explicit_survival_coupon
39536,KR6SS0002PN9,payment_lag_not_identifiable_from_maturity
39537,KR6SS0002PF5,missing_explicit_survival_coupon
39538,KR6SS0002P75,missing_explicit_survival_coupon
39540,KR6SS0002P67,extra_formula_or_level_PMT_1_FRML
39541,KR6SS0002PQ2,payment_lag_not_identifiable_from_maturity
39543,KR6SS0002PP4,payment_lag_not_identifiable_from_maturity
39544,KR6SS0002PR0,payment_lag_not_identifiable_from_maturity
39545,KR6SS0002PE8,missing_explicit_survival_coupon
39546,KR6SS0002PB4,missing_explicit_survival_coupon
39547,KR6SS0002PD0,missing_explicit_survival_coupon
39548,KR6SS0002PS8,payment_lag_not_identifiable_from_maturity
39549,KR6SS0002P83,missing_explicit_survival_coupon
39550,KR6SS0002PA6,missing_explicit_survival_coupon
39551,KR6SS0002QA4,missing_explicit_survival_coupon
39554,20211126000033_27314,extra_formula_or_level_PMT_1_FRML
39555,20211126000033_27317,missing_explicit_survival_coupon
39556,20211126000033_27315,extra_formula_or_level_PMT_1_FRML
39559,20211202000054_27329,missing_explicit_survival_coupon
39562,20211202000054_27326,missing_explicit_survival_coupon
39563,20211126000033_27316,missing_explicit_survival_coupon
39568,KR6SH0002J92,averaging_not_supported
39570,KR6KW0000NB2,averaging_not_supported
39593,KR6KS0001XM4,missing_explicit_survival_coupon
39617,KR6ZW0000L19,missing_explicit_survival_coupon
39628,KR6YT0000LY5,unsupported_ki_window
39651,KR6MD0002AB1,missing_explicit_survival_coupon
39658,KR6MD0002AA3,missing_explicit_survival_coupon
39671,KR6SH0002JM7,averaging_not_supported
39681,KR6SH0002L49,averaging_not_supported
39688,KR6KW0000NS6,averaging_not_supported
39702,KR6MD0002BV7,missing_explicit_survival_coupon
39713,KR6YT0000M30,unsupported_ki_window
39755,KR6KS0001YK6,missing_explicit_survival_coupon
39760,KR6SH0002K24,missing_explicit_survival_coupon
39782,KR6SS0002RD6,missing_explicit_survival_coupon
39791,KR6SS0002R99,missing_explicit_survival_coupon
39792,KR6SS0002R65,extra_formula_or_level_PMT_1_FRML
39797,KR6SS0002RF1,missing_explicit_survival_coupon
39802,KR6SS0002RC8,payment_lag_not_identifiable_from_maturity
39805,20211222000134_399,payment_lag_not_identifiable_from_maturity
39807,KR6SS0002RB0,missing_explicit_survival_coupon
39808,KR6SS0002RA2,missing_explicit_survival_coupon
39809,KR6SS0002R73,missing_explicit_survival_coupon
39810,KR6SS0002R81,missing_explicit_survival_coupon
39814,KR6SS0002RE4,missing_explicit_survival_coupon
39823,KR6SH0002M14,averaging_not_supported
39827,KR6SS0002S23,payment_lag_not_identifiable_from_maturity
39830,KR6SS0002S15,payment_lag_not_identifiable_from_maturity
39832,KR6KW0000PB7,averaging_not_supported
39833,KR6SS0002S07,payment_lag_not_identifiable_from_maturity
39846,KR6SS0002RZ9,payment_lag_not_identifiable_from_maturity
39852,KR6SS0002SB8,payment_lag_not_identifiable_from_maturity
39856,KR6SS0002SC6,payment_lag_not_identifiable_from_maturity
39857,KR6SS0002S72,payment_lag_not_identifiable_from_maturity
39862,KR6SS0002S49,payment_lag_not_identifiable_from_maturity
39869,KR6SS0002S64,payment_lag_not_identifiable_from_maturity
39872,KR6SS0002S56,payment_lag_not_identifiable_from_maturity
39874,KR6SS0002S31,payment_lag_not_identifiable_from_maturity
39883,KR6SH0002M63,missing_explicit_survival_coupon
39885,KR6SH0002M71,missing_explicit_survival_coupon
39886,KR6SS0002SD4,missing_explicit_survival_coupon
39888,KR6SS0002TQ4,missing_explicit_survival_coupon
39889,KR6SS0002TN1,payment_lag_not_identifiable_from_maturity
39890,KR6SS0002SF9,missing_explicit_survival_coupon
39891,KR6SS0002TR2,missing_explicit_survival_coupon
39892,KR6SS0002SE2,missing_explicit_survival_coupon
39897,KR6SS0002SG7,missing_explicit_survival_coupon
39898,KR6SS0002TG5,extra_formula_or_level_PMT_1_FRML
39899,KR6SS0002TH3,extra_formula_or_level_PMT_1_FRML
39902,KR6SS0002TK7,missing_explicit_survival_coupon
39904,KR6SS0002TJ9,missing_explicit_survival_coupon
39905,KR6SS0002TM3,missing_explicit_survival_coupon
39906,KR6SS0002TL5,missing_explicit_survival_coupon
39907,KR6ZW0000LV2,averaging_not_supported
39919,KR6SH0002NA4,averaging_not_supported
39931,KR6SS0002ST0,payment_lag_not_identifiable_from_maturity
39942,KR6SS0002SY0,payment_lag_not_identifiable_from_maturity
39943,KR6SS0002SW4,payment_lag_not_identifiable_from_maturity
39950,KR6SS0002T55,payment_lag_not_identifiable_from_maturity
39953,KR6SS0002T30,payment_lag_not_identifiable_from_maturity
39964,KR6SS0002SM5,payment_lag_not_identifiable_from_maturity
39965,KR6SS0002SN3,payment_lag_not_identifiable_from_maturity
39966,KR6SS0002SS2,payment_lag_not_identifiable_from_maturity
39967,KR6SS0002SR4,payment_lag_not_identifiable_from_maturity
39968,KR6SS0002SP8,payment_lag_not_identifiable_from_maturity
39971,KR6SH0002MG3,missing_explicit_survival_coupon
39974,KR6HM00008D6,missing_explicit_survival_coupon
39976,KR6SS0002SV6,payment_lag_not_identifiable_from_maturity
39979,KR6SS0002SL7,payment_lag_not_identifiable_from_maturity
39986,KR6EG00004A2,payment_lag_not_identifiable_from_maturity
39989,KR6SS0002V93,extra_formula_or_level_PMT_1_FRML
39991,KR6SS0002VA4,extra_formula_or_level_PMT_1_FRML
39996,KR6SS0002SX2,missing_explicit_survival_coupon
39998,KR6SS0002SZ7,missing_explicit_survival_coupon
39999,KR6SS0002VN7,missing_explicit_survival_coupon
40000,KR6ZW0000M18,missing_explicit_survival_coupon
40001,KR6SS0002VM9,missing_explicit_survival_coupon
40002,KR6SS0002VB2,missing_explicit_survival_coupon
40003,KR6SS0002VH9,missing_explicit_survival_coupon
40006,KR6SS0002VD8,missing_explicit_survival_coupon
40007,KR6SS0002T06,missing_explicit_survival_coupon
40008,KR6SS0002VK3,payment_lag_not_identifiable_from_maturity
40009,KR6SS0002VJ5,missing_explicit_survival_coupon
40010,KR6SS0002VG1,missing_explicit_survival_coupon
40011,KR6SS0002VC0,missing_explicit_survival_coupon
40012,KR6SS0002T14,missing_explicit_survival_coupon
40013,KR6SS0002SK9,payment_lag_not_identifiable_from_maturity
40014,KR6SS0002VF3,missing_explicit_survival_coupon
40015,KR6SS0002VE6,missing_explicit_survival_coupon
40019,KR6SH0002Q51,averaging_not_supported
40026,KR6SH0002Q10,averaging_not_supported
40029,KR6YT0000MX5,unsupported_ki_window
40032,KR6MD0002FG9,missing_explicit_survival_coupon
40039,KR6KW0000QB5,averaging_not_supported
40041,KR6KW0000QA7,averaging_not_supported
40055,KR6SS0002YM3,payment_lag_not_identifiable_from_maturity
40060,KR6SS0002YE0,payment_lag_not_identifiable_from_maturity
40061,KR6SS0002YF7,payment_lag_not_identifiable_from_maturity
40062,KR6SS0002YH3,payment_lag_not_identifiable_from_maturity
40067,KR6SS0002YK7,payment_lag_not_identifiable_from_maturity
40068,KR6SS0002YN1,payment_lag_not_identifiable_from_maturity
40069,KR6SS0002YP6,payment_lag_not_identifiable_from_maturity
40070,KR6SS0002YJ9,payment_lag_not_identifiable_from_maturity
40071,KR6SS0002YL5,payment_lag_not_identifiable_from_maturity
40072,KR6SS0002YS0,payment_lag_not_identifiable_from_maturity
40077,KR6SS0002YG5,payment_lag_not_identifiable_from_maturity
40093,KR6SS0002ZB3,missing_explicit_survival_coupon
40102,KR6SS0002Z65,payment_lag_not_identifiable_from_maturity
40105,KR6SS0002SJ1,payment_lag_not_identifiable_from_maturity
40110,KR6KS0002189,missing_explicit_survival_coupon
40114,KR6SS0002Z81,payment_lag_not_identifiable_from_maturity
40115,KR6SS0002Z73,payment_lag_not_identifiable_from_maturity
40116,KR6SS0002ZA5,missing_explicit_survival_coupon
40117,KR6HN0001Y32,averaging_not_supported
40118,KR6SH0002P03,missing_explicit_survival_coupon
40128,KR6SH0002P11,missing_explicit_survival_coupon
40129,KR6ZW0000ME6,averaging_not_supported
40130,KR6SS0002WP0,missing_explicit_survival_coupon
40131,KR6SS0002WQ8,missing_explicit_survival_coupon
40133,KR6SS0002WR6,missing_explicit_survival_coupon
40140,KR6SS0002WN5,missing_explicit_survival_coupon
40141,KR6SS0002WM7,extra_formula_or_level_PMT_1_FRML
40149,KR6SS0002WV8,missing_explicit_survival_coupon
40150,KR6SS0002WS4,missing_explicit_survival_coupon
40151,KR6SS0002WT2,missing_explicit_survival_coupon
40155,KR6SS0002WY2,missing_explicit_survival_coupon
40156,KR6SS0002WZ9,missing_explicit_survival_coupon
40157,KR6SS0002WW6,payment_lag_not_identifiable_from_maturity
40158,KR6SS0002WX4,missing_explicit_survival_coupon
40169,KR6SH0002R76,averaging_not_supported
40177,KR6SH0002R84,averaging_not_supported
40178,KR6SS0002WG9,payment_lag_not_identifiable_from_maturity
40183,KR6YT0000N54,unsupported_ki_window
40184,20220111000301_4884,averaging_not_supported
40185,KR6SH0002RB3,averaging_not_supported
40196,KR6KW0000QS9,averaging_not_supported
40211,KR6SS0002W92,payment_lag_not_identifiable_from_maturity
40214,KR6HN0001Z31,payment_lag_not_identifiable_from_maturity
40215,KR6SS0002W84,payment_lag_not_identifiable_from_maturity
40216,KR6SS0002W76,payment_lag_not_identifiable_from_maturity
40230,KR6YT0000NZ8,unsupported_ki_window
40231,KR6SS0002WD6,payment_lag_not_identifiable_from_maturity
40234,KR6SS0002W68,missing_explicit_survival_coupon
40235,KR6SS0002WA2,payment_lag_not_identifiable_from_maturity
40238,KR6SS0002WC8,payment_lag_not_identifiable_from_maturity
40242,KR6SH0002QD1,missing_explicit_survival_coupon
40249,KR6SH0002QB5,missing_explicit_survival_coupon
40252,KR6KS0002254,missing_explicit_survival_coupon
40257,KR6YT0000NY1,unsupported_ki_window
40263,20220105000422_2260,unsupported_ki_window
40264,20220105000422_2259,unsupported_ki_window
40267,KR6YT0000P11,payment_lag_not_identifiable_from_maturity
40274,KR6YT0000P03,payment_lag_not_identifiable_from_maturity
40276,KR6SS0002XQ6,payment_lag_not_identifiable_from_maturity
40278,KR6SS0002XX2,extra_formula_or_level_PMT_1_FRML
40279,KR6SS0002Y17,missing_explicit_survival_coupon
40280,KR6SS0002Y25,missing_explicit_survival_coupon
40281,KR6SS0002Y33,missing_explicit_survival_coupon
40282,KR6SS0002Y41,missing_explicit_survival_coupon
40283,KR6ZW0000MQ0,payment_lag_not_identifiable_from_maturity
40284,KR6ZW0000MR8,missing_explicit_survival_coupon
40285,KR6MD0002HM3,payment_lag_not_identifiable_from_maturity
40286,KR6MD0002HN1,payment_lag_not_identifiable_from_maturity
40287,KR6MD0002HP6,missing_explicit_survival_coupon
40288,KR6MD0002HR2,payment_lag_not_identifiable_from_maturity
40289,KR6MD0002HS0,payment_lag_not_identifiable_from_maturity
40290,KR6MD0002HL5,payment_lag_not_identifiable_from_maturity
40291,KR6SS0002Y90,missing_explicit_survival_coupon
40294,KR6SS0002Y66,payment_lag_not_identifiable_from_maturity
40295,KR6SS0002Y74,missing_explicit_survival_coupon
40296,KR6SS0002Y82,missing_explicit_survival_coupon
40298,20220119000195_401,payment_lag_not_identifiable_from_maturity
40299,KR6SS0002XY0,extra_formula_or_level_PMT_1_FRML
40300,KR6SS0002XZ7,missing_explicit_survival_coupon
40301,KR6SS0002Y09,missing_explicit_survival_coupon
40302,KR6SH0002Q93,payment_lag_not_identifiable_from_maturity
40303,KR6SH0002QA7,payment_lag_not_identifiable_from_maturity
40304,KR6HH0000KF6,missing_explicit_survival_coupon
40305,KR6SS0002Y58,missing_explicit_survival_coupon
40306,KR6HH0000KG4,payment_lag_not_identifiable_from_maturity
40310,KR6KB0002ZV4,payment_lag_not_identifiable_from_maturity
40312,KR6MD0002H29,payment_lag_not_identifiable_from_maturity
40313,KR6HN0002087,payment_lag_not_identifiable_from_maturity
40315,KR6HH0000K86,payment_lag_not_identifiable_from_maturity
40316,KR6HH0000K94,payment_lag_not_identifiable_from_maturity
40317,KR6HH0000K37,payment_lag_not_identifiable_from_maturity
40318,KR6HN0001ZM6,payment_lag_not_identifiable_from_maturity
40319,KR6KS00022R6,payment_lag_not_identifiable_from_maturity
40320,KR6MD0002HD2,payment_lag_not_identifiable_from_maturity
40321,KR6MD0002H94,payment_lag_not_identifiable_from_maturity
40322,KR6KS00021P2,payment_lag_not_identifiable_from_maturity
40323,KR6KS00021N7,payment_lag_not_identifiable_from_maturity
40325,KR6KS00022N5,payment_lag_not_identifiable_from_maturity
40326,KR6KS00022P0,payment_lag_not_identifiable_from_maturity
40327,KR6KS00022S4,payment_lag_not_identifiable_from_maturity
40328,KR6KS00022L9,payment_lag_not_identifiable_from_maturity
40329,KR6KS00022M7,payment_lag_not_identifiable_from_maturity
40330,KR6MD0002HF7,payment_lag_not_identifiable_from_maturity
40331,KR6KS00022K1,payment_lag_not_identifiable_from_maturity
40333,KR6SY0001C40,payment_lag_not_identifiable_from_maturity
40334,KR6SY0001BY6,payment_lag_not_identifiable_from_maturity
40336,KR6YT0000NE3,unsupported_ki_window
40339,KR6KS00022H7,payment_lag_not_identifiable_from_maturity
40340,KR6KS00022W6,payment_lag_not_identifiable_from_maturity
40342,KR6KS00022J3,payment_lag_not_identifiable_from_maturity
40344,KR6KB0002ZY8,payment_lag_not_identifiable_from_maturity
40346,KR6SH0002SN6,averaging_not_supported
40347,KR6SS0002ZZ2,missing_explicit_survival_coupon
40348,KR6SS0002XR4,payment_lag_not_identifiable_from_maturity
40349,KR6SH0002S91,payment_lag_not_identifiable_from_maturity
40354,KR6NH0001PR6,payment_lag_not_identifiable_from_maturity
40356,KR6SS0002ZY5,missing_explicit_survival_coupon
40360,KR6SS0002XL7,payment_lag_not_identifiable_from_maturity
40361,KR6SS0002XK9,payment_lag_not_identifiable_from_maturity
40362,KR6SS0002XJ1,payment_lag_not_identifiable_from_maturity
40365,KR6SH0002S00,payment_lag_not_identifiable_from_maturity
40368,KR6SH0002RN8,payment_lag_not_identifiable_from_maturity
40370,KR6SH0002RM0,payment_lag_not_identifiable_from_maturity
40371,KR6MD0002FW6,payment_lag_not_identifiable_from_maturity
40372,KR6MD0002H37,payment_lag_not_identifiable_from_maturity
40373,KR6NH0001PQ8,payment_lag_not_identifiable_from_maturity
40374,KR6MD0002HE0,payment_lag_not_identifiable_from_maturity
40375,KR6SH0002SB1,payment_lag_not_identifiable_from_maturity
40376,KR6HH0000K29,payment_lag_not_identifiable_from_maturity
40377,KR6SH0002SA3,payment_lag_not_identifiable_from_maturity
40378,KR6SH0002SC9,payment_lag_not_identifiable_from_maturity
40390,KR6SS0002XG7,payment_lag_not_identifiable_from_maturity
40393,KR6MZ0001CW8,payment_lag_not_identifiable_from_maturity
40397,KR6SS0002XH5,payment_lag_not_identifiable_from_maturity
40403,KR6SS00030D1,missing_explicit_survival_coupon
40405,KR6SS0002ZT5,payment_lag_not_identifiable_from_maturity
40406,KR6SS00030G4,missing_explicit_survival_coupon
40408,KR6SS00030K6,missing_explicit_survival_coupon
40410,KR6KW0000RQ1,averaging_not_supported
40411,KR6SS00030H2,missing_explicit_survival_coupon
40413,KR6YT0000N96,unsupported_ki_window
40414,KR6SS00030J8,missing_explicit_survival_coupon
40417,KR6SS00030P5,missing_explicit_survival_coupon
40418,KR6SS00030N0,missing_explicit_survival_coupon
40419,KR6SS00030L4,payment_lag_not_identifiable_from_maturity
40420,KR6SS00030C3,extra_formula_or_level_PMT_1_FRML
40421,KR6SS00030F6,missing_explicit_survival_coupon
40422,KR6KB00031M7,missing_explicit_survival_coupon
40437,20220114000299_27556,extra_formula_or_level_PMT_1_FRML
40438,KR6SS00030E9,missing_explicit_survival_coupon
40444,KR6SS0002ZX7,payment_lag_not_identifiable_from_maturity
40445,20220114000299_27560,payment_lag_not_identifiable_from_maturity
40448,KR6SH0002RQ1,missing_explicit_survival_coupon
40449,KR6SS0002ZS7,payment_lag_not_identifiable_from_maturity
40451,20220114000299_27557,missing_explicit_survival_coupon
40452,20220114000299_27558,missing_explicit_survival_coupon
40455,KR6SS0002ZV1,payment_lag_not_identifiable_from_maturity
40458,KR6SS0002XN3,missing_explicit_survival_coupon
40466,KR6SS0003149,missing_explicit_survival_coupon
40477,KR6SS0002ZK4,payment_lag_not_identifiable_from_maturity
40484,KR6YT0000P60,unsupported_ki_window
40486,KR6SH0002VA7,averaging_not_supported
40487,KR6SH0002V96,averaging_not_supported
40493,KR6SH0002TH6,missing_explicit_survival_coupon
40495,KR6SS0002ZJ6,missing_explicit_survival_coupon
40497,KR6SH0002TF0,missing_explicit_survival_coupon
40500,KR6SS0002ZG2,missing_explicit_survival_coupon
40508,KR6YT0000NS3,unsupported_ki_window
40509,KR6SS00031T5,missing_explicit_survival_coupon
40513,KR6SS00031R9,payment_lag_not_identifiable_from_maturity
40521,KR6SS00031Q1,missing_explicit_survival_coupon
40522,KR6KS00023X2,missing_explicit_survival_coupon
40525,KR6YT0000NR5,unsupported_ki_window
40526,KR6YT0000NQ7,unsupported_ki_window
40527,20220128000252_27629,missing_explicit_survival_coupon
40528,20220128000252_27631,missing_explicit_survival_coupon
40529,KR6SS00031M0,missing_explicit_survival_coupon
40530,KR6SS00031K4,missing_explicit_survival_coupon
40531,KR6SS00031H0,extra_formula_or_level_PMT_1_FRML
40532,KR6SS00031N8,missing_explicit_survival_coupon
40535,KR6SS00031V1,missing_explicit_survival_coupon
40542,KR6SS00031P3,missing_explicit_survival_coupon
40552,KR6SS0002ZM0,payment_lag_not_identifiable_from_maturity
40553,KR6SS0002ZN8,payment_lag_not_identifiable_from_maturity
40559,KR6KW0000SA3,averaging_not_supported
40570,KR6SS0002ZR9,payment_lag_not_identifiable_from_maturity
40574,KR6SS0002ZL2,payment_lag_not_identifiable_from_maturity
40578,KR6HN00020Q2,averaging_not_supported
40582,KR6YT0000PK5,unsupported_ki_window
40583,KR6SS0002ZQ1,payment_lag_not_identifiable_from_maturity
40600,KR6SH0002X29,averaging_not_supported
40601,KR6SH0002WZ2,averaging_not_supported
40602,KR6SY0001D31,missing_explicit_survival_coupon
40605,KR6SS0002ZP3,payment_lag_not_identifiable_from_maturity
40612,KR6SS00034G6,payment_lag_not_identifiable_from_maturity
40617,KR6SS0003495,payment_lag_not_identifiable_from_maturity
40622,KR6SS0003446,payment_lag_not_identifiable_from_maturity
40624,KR6SS0003453,payment_lag_not_identifiable_from_maturity
40626,KR6SS0003461,payment_lag_not_identifiable_from_maturity
40633,KR6SS00032N6,extra_formula_or_level_PMT_1_FRML
40636,KR6SS00032X5,missing_explicit_survival_coupon
40637,KR6SS00032W7,missing_explicit_survival_coupon
40645,KR6SS00032R7,missing_explicit_survival_coupon
40647,KR6SS00032Z0,payment_lag_not_identifiable_from_maturity
40649,KR6HH0000L69,missing_explicit_survival_coupon
40652,KR6MD0002L64,missing_explicit_survival_coupon
40654,KR6SS0003313,missing_explicit_survival_coupon
40655,KR6SS0003321,missing_explicit_survival_coupon
40656,KR6SS00032Y3,missing_explicit_survival_coupon
40657,KR6SS00032C9,payment_lag_not_identifiable_from_maturity
40663,KR6SS00032S5,missing_explicit_survival_coupon
40664,KR6SS00032T3,missing_explicit_survival_coupon
40665,KR6SS00032Q9,missing_explicit_survival_coupon
40667,KR6SS00032P1,missing_explicit_survival_coupon
40679,KR6SS0002ZW9,payment_lag_not_identifiable_from_maturity
40680,KR6SH0002XP1,averaging_not_supported
40682,KR6SH0002XQ9,averaging_not_supported
40683,KR6KW0000SJ4,averaging_not_supported
40709,KR6SS0003487,missing_explicit_survival_coupon
40717,KR6SS00034L6,payment_lag_not_identifiable_from_maturity
40729,KR6SS00034F8,payment_lag_not_identifiable_from_maturity
40737,KR6SS00034A9,payment_lag_not_identifiable_from_maturity
40738,KR6SS00034B7,payment_lag_not_identifiable_from_maturity
40742,KR6SS00034E1,payment_lag_not_identifiable_from_maturity
40743,KR6SS00034D3,payment_lag_not_identifiable_from_maturity
40754,KR6YT0000PJ7,unsupported_ki_window
40755,KR6YT0000PH1,unsupported_ki_window
40757,KR6SH0002W20,missing_explicit_survival_coupon
40758,KR6SH0002W12,missing_explicit_survival_coupon
40763,KR6YT0000PG3,unsupported_ki_window
40785,KR6ZW0000P72,missing_explicit_survival_coupon
40787,KR6KS00025T5,missing_explicit_survival_coupon
40794,KR6HH0000LG2,missing_explicit_survival_coupon
40796,20220204000273_27661,missing_explicit_survival_coupon
40797,20220204000273_27658,extra_formula_or_level_PMT_1_FRML
40801,20220204000273_27660,missing_explicit_survival_coupon
40802,20220204000273_27659,missing_explicit_survival_coupon
40810,KR6SH0002ZB6,averaging_not_supported
40818,20220217000422_27724,missing_explicit_survival_coupon
40819,20220217000422_27723,missing_explicit_survival_coupon
40820,20220217000422_27722,missing_explicit_survival_coupon
40828,KR6SS00034Q5,extra_formula_or_level_PMT_1_FRML
40829,KR6SS00034R3,missing_explicit_survival_coupon
40830,KR6SS0003529,missing_explicit_survival_coupon
40831,KR6SS0003537,missing_explicit_survival_coupon
40837,KR6SS00034S1,missing_explicit_survival_coupon
40838,KR6SS00034T9,missing_explicit_survival_coupon
40839,KR6SS00034V5,missing_explicit_survival_coupon
40840,20220217000422_27726,payment_lag_not_identifiable_from_maturity
40841,KR6SS00034C5,payment_lag_not_identifiable_from_maturity
40842,20220217000422_27728,missing_explicit_survival_coupon
40844,20220217000422_27729,missing_explicit_survival_coupon
40845,KR6SS0003503,payment_lag_not_identifiable_from_maturity
40846,KR6SS00034Z6,missing_explicit_survival_coupon
40847,KR6SS00034Y9,missing_explicit_survival_coupon
40849,20220217000422_27717,extra_formula_or_level_PMT_1_FRML
40850,20220217000422_27721,missing_explicit_survival_coupon
40851,20220217000422_27720,missing_explicit_survival_coupon
40852,20220217000422_27719,missing_explicit_survival_coupon
40853,20220217000422_27725,missing_explicit_survival_coupon
40854,20220217000422_27718,missing_explicit_survival_coupon
40857,KR6SS00034X1,missing_explicit_survival_coupon
40863,KR6SS00034W3,missing_explicit_survival_coupon
40864,KR6SS00033X3,missing_explicit_survival_coupon
40871,KR6SH0002ZC4,averaging_not_supported
40896,KR6SS00033G8,payment_lag_not_identifiable_from_maturity
40897,KR6SS00033L8,payment_lag_not_identifiable_from_maturity
40901,KR6SS00033K0,payment_lag_not_identifiable_from_maturity
40903,KR6SS00033J2,payment_lag_not_identifiable_from_maturity
40907,KR6SY0001DE4,missing_explicit_survival_coupon
40908,KR6SS00035A6,payment_lag_not_identifiable_from_maturity
40947,KR6KW0000TG8,averaging_not_supported
40961,KR6KS0002718,missing_explicit_survival_coupon
40979,KR6HH0000LT5,missing_explicit_survival_coupon
40983,KR6SH00030S2,averaging_not_supported
41005,KR6SY0001DL9,missing_explicit_survival_coupon
41009,KR6SS00035T6,payment_lag_not_identifiable_from_maturity
41010,KR6SS00035V2,payment_lag_not_identifiable_from_maturity
41014,KR6SS00035P4,payment_lag_not_identifiable_from_maturity
41015,20220218001795_22588,averaging_not_supported
41023,KR6SS00035N9,payment_lag_not_identifiable_from_maturity
41029,KR6SS00035M1,payment_lag_not_identifiable_from_maturity
41036,KR6SH00030T0,averaging_not_supported
41037,KR6SS00035Q2,payment_lag_not_identifiable_from_maturity
41040,KR6SS00035L3,payment_lag_not_identifiable_from_maturity
41041,KR6SS0003743,missing_explicit_survival_coupon
41042,KR6SS00036Y4,missing_explicit_survival_coupon
41043,KR6SS00036W8,missing_explicit_survival_coupon
41044,KR6SS00036X6,missing_explicit_survival_coupon
41046,KR6SS00036Z1,missing_explicit_survival_coupon
41047,KR6SS0003701,missing_explicit_survival_coupon
41048,KR6SS0003735,missing_explicit_survival_coupon
41055,KR6MZ0001H08,missing_explicit_survival_coupon
41056,KR6SS00036S6,missing_explicit_survival_coupon
41057,KR6SS00036T4,missing_explicit_survival_coupon
41058,KR6SS00036V0,missing_explicit_survival_coupon
41062,KR6SS00035K5,payment_lag_not_identifiable_from_maturity
41063,KR6SS0003719,payment_lag_not_identifiable_from_maturity
41065,KR6SS00035J7,payment_lag_not_identifiable_from_maturity
41066,KR6SS00035F5,payment_lag_not_identifiable_from_maturity
41070,KR6SS00036R8,extra_formula_or_level_PMT_1_FRML
41078,KR6SS00035G3,payment_lag_not_identifiable_from_maturity
41079,KR6SS00035H1,payment_lag_not_identifiable_from_maturity
41080,KR6SS00035Y6,payment_lag_not_identifiable_from_maturity
41086,KR6YT0000Q28,unsupported_ki_window
41087,KR6YT0000Q36,unsupported_ki_window
41090,KR6SS00035E8,missing_explicit_survival_coupon
41091,KR6SS00035D0,missing_explicit_survival_coupon
41092,KR6SS00035C2,missing_explicit_survival_coupon
41096,KR6SS0003396,missing_explicit_survival_coupon
41097,KR6SS0003388,missing_explicit_survival_coupon
41100,KR6SS00035B4,missing_explicit_survival_coupon
41105,KR6MD0002MT8,missing_explicit_survival_coupon
41107,KR6SS00033D5,missing_explicit_survival_coupon
41108,KR6SS00033A1,missing_explicit_survival_coupon
41109,KR6SS00033B9,missing_explicit_survival_coupon
41110,KR6SS00033C7,missing_explicit_survival_coupon
41129,KR6MD0002PP9,missing_explicit_survival_coupon
41133,KR6ZY0000PW7,missing_explicit_survival_coupon
41135,KR6YT0000QF3,unsupported_ki_window
41138,KR6ZW0000PS9,monthly_evaluation_outside_life
41140,KR6HH0000M35,missing_explicit_survival_coupon
41147,KR6SH0002XX5,missing_explicit_survival_coupon
41151,KR6KW0000TY1,averaging_not_supported
41153,KR6KS0002825,missing_explicit_survival_coupon
41167,KR6SH0002XY3,missing_explicit_survival_coupon
41189,KR6YT0000QG1,unsupported_ki_window
41190,KR6YT0000R35,unsupported_ki_window
41220,KR6SH0003282,averaging_not_supported
41236,KR6ZY0000Q38,missing_explicit_survival_coupon
41240,KR6SH0003290,averaging_not_supported
41243,KR6YT0000RD6,unsupported_ki_window
41244,KR6ZY0000QA1,missing_explicit_survival_coupon
41260,KR6SH0002ZR2,missing_explicit_survival_coupon
41274,KR6KB00039J6,missing_explicit_survival_coupon
41281,KR6SH0003183,missing_explicit_survival_coupon
41291,KR6MD0002QE1,missing_explicit_survival_coupon
41331,KR6KS0002A05,missing_explicit_survival_coupon
41342,KR6HH0000MK2,missing_explicit_survival_coupon
41382,20220311000964_22700,payment_lag_not_identifiable_from_maturity
41383,KR6SH00032M1,averaging_not_supported
41388,KR6SH00032L3,averaging_not_supported
41425,KR6SH00033V0,missing_explicit_survival_coupon
41431,KR6KS00029L4,missing_explicit_survival_coupon
41434,KR6HH0000MR7,monthly_evaluation_outside_life
41435,KR6HH0000MQ9,missing_explicit_survival_coupon
41446,KR6KS0002AX7,missing_explicit_survival_coupon
41449,KR6SS0003917,missing_explicit_survival_coupon
41450,KR6SS00038P8,extra_formula_or_level_PMT_1_FRML
41451,KR6SS0003925,missing_explicit_survival_coupon
41452,KR6SS00038Z7,payment_lag_not_identifiable_from_maturity
41453,KR6SS0003909,missing_explicit_survival_coupon
41455,KR6SS00038Y0,missing_explicit_survival_coupon
41456,KR6SS00038Q6,missing_explicit_survival_coupon
41457,KR6SS00038R4,missing_explicit_survival_coupon
41465,KR6SS00038X2,missing_explicit_survival_coupon
41473,KR6KB0003CB3,missing_explicit_survival_coupon
41479,KR6SS00038S2,missing_explicit_survival_coupon
41480,KR6SS00038V6,missing_explicit_survival_coupon
41481,KR6SS00038W4,missing_explicit_survival_coupon
41483,KR6SS00038T0,missing_explicit_survival_coupon
41489,KR6SS00039S0,payment_lag_not_identifiable_from_maturity
41537,20220315000879_3619,invalid_evaluation_dates
41538,KR6MZ0001HF2,invalid_evaluation_dates
41543,20220315001203_3619,invalid_evaluation_dates
41569,KR6SS0003AQ2,missing_explicit_survival_coupon
41573,KR6SS0003AN9,missing_explicit_survival_coupon
41574,KR6SS0003AK5,missing_explicit_survival_coupon
41580,KR6SS0003AP4,missing_explicit_survival_coupon
41581,KR6SS0003AL3,missing_explicit_survival_coupon
41583,KR6SS0003AE8,missing_explicit_survival_coupon
41584,KR6SS00039P6,missing_explicit_survival_coupon
41585,KR6SS0003AT6,payment_lag_not_identifiable_from_maturity
41586,KR6SS0003AF5,missing_explicit_survival_coupon
41590,KR6SS0003AS8,missing_explicit_survival_coupon
41591,KR6SS00039R2,missing_explicit_survival_coupon
41592,KR6SS00039Q4,missing_explicit_survival_coupon
41593,KR6SS0003AR0,missing_explicit_survival_coupon
41594,KR6SS0003AJ7,extra_formula_or_level_PMT_1_FRML
41597,KR6SS00039J9,payment_lag_not_identifiable_from_maturity
41598,KR6SS00039K7,payment_lag_not_identifiable_from_maturity
41619,KR6ZW0000QW9,monthly_evaluation_outside_life
41621,KR6EG00004F1,payment_lag_not_identifiable_from_maturity
41635,KR6SS0003A14,payment_lag_not_identifiable_from_maturity
41636,KR6SS00039L5,missing_explicit_survival_coupon
41637,KR6SS00039M3,missing_explicit_survival_coupon
41645,KR6SS00039V4,payment_lag_not_identifiable_from_maturity
41646,KR6SS00039T8,payment_lag_not_identifiable_from_maturity
41647,KR6MZ0001M19,missing_explicit_survival_coupon
41662,KR6SS0003A22,missing_explicit_survival_coupon
41664,KR6MZ0001M01,missing_explicit_survival_coupon
41667,KR6SS00039Y8,payment_lag_not_identifiable_from_maturity
41671,KR6SK00001R0,missing_explicit_survival_coupon
41686,KR6YT0000RT2,unsupported_ki_window
41690,KR6SS0003A48,missing_explicit_survival_coupon
41691,KR6SS0003A55,payment_lag_not_identifiable_from_maturity
41692,KR6SS0003A63,payment_lag_not_identifiable_from_maturity
41693,KR6SS0003A71,payment_lag_not_identifiable_from_maturity
41694,KR6SS0003A89,payment_lag_not_identifiable_from_maturity
41703,KR6MZ0001MS5,missing_explicit_survival_coupon
41706,KR6MZ0001MT3,missing_explicit_survival_coupon
41710,KR6SS0003A30,missing_explicit_survival_coupon
41724,KR6ZW0000R47,monthly_evaluation_outside_life
41727,KR6SK00001T6,missing_explicit_survival_coupon
41729,KR6KW0000VT7,averaging_not_supported
41733,KR6SS0003CA2,extra_formula_or_level_PMT_1_FRML
41735,KR6SS0003C79,missing_explicit_survival_coupon
41737,KR6SS0003C53,missing_explicit_survival_coupon
41740,KR6SH00035S1,averaging_not_supported
41741,20220330000862_14916,missing_explicit_survival_coupon
41744,KR6SS0003C38,missing_explicit_survival_coupon
41745,KR6SS0003C46,payment_lag_not_identifiable_from_maturity
41750,KR6SS0003C20,missing_explicit_survival_coupon
41752,KR6SS0003C04,missing_explicit_survival_coupon
41755,KR6HH0000NA1,missing_explicit_survival_coupon
41759,KR6KS0002BM8,missing_explicit_survival_coupon
41760,KR6SS0003C12,missing_explicit_survival_coupon
41771,KR6SS0003C61,missing_explicit_survival_coupon
41777,KR6YT0000S00,unsupported_ki_window
41780,KR6SS0003BW8,missing_explicit_survival_coupon
41781,KR6SH00035R3,averaging_not_supported
41782,20220331000679_27876,missing_explicit_survival_coupon
41784,KR6SS0003BZ1,missing_explicit_survival_coupon
41785,KR6SS0003BX6,missing_explicit_survival_coupon
41786,KR6SS0003BV0,extra_formula_or_level_PMT_1_FRML
41818,KR6SS0003B96,payment_lag_not_identifiable_from_maturity
41838,KR6SH00035C5,missing_explicit_survival_coupon
41845,KR6MZ0001NZ8,missing_explicit_survival_coupon
41853,KR6SS0003CY2,missing_explicit_survival_coupon
41857,KR6SS0003CT2,missing_explicit_survival_coupon
41858,KR6SS0003CX4,extra_formula_or_level_PMT_1_FRML
41859,KR6SS0003CW6,missing_explicit_survival_coupon
41860,KR6SS0003CV8,missing_explicit_survival_coupon
41870,KR6EG00004K1,payment_lag_not_identifiable_from_maturity
41875,KR6KS0002CG8,missing_explicit_survival_coupon
41876,KR6SS0003CR6,missing_explicit_survival_coupon
41877,KR6SS0003CS4,missing_explicit_survival_coupon
41879,KR6EG00004L9,payment_lag_not_identifiable_from_maturity
41889,KR6KW0000W88,averaging_not_supported
41890,KR6SH00036Z4,averaging_not_supported
41892,KR6SS0003D45,missing_explicit_survival_coupon
41893,KR6SS0003D37,missing_explicit_survival_coupon
41899,KR6SS0003CZ9,missing_explicit_survival_coupon
41901,KR6SS0003D03,missing_explicit_survival_coupon
41903,KR6SS0003D29,missing_explicit_survival_coupon
41909,20220406000213_27904,payment_lag_not_identifiable_from_maturity
41912,KR6HH0000NC7,missing_explicit_survival_coupon
41921,KR6SS0003ER2,payment_lag_not_identifiable_from_maturity
41930,KR6YT0000SP8,unsupported_ki_window
41935,KR6HN00028Y9,averaging_not_supported
41944,KR6YT0000SC6,unsupported_ki_window
41970,KR6YT0000SJ1,unsupported_ki_window
41982,KR6HH0000NS3,monthly_evaluation_outside_life
41987,KR6SS0003E77,payment_lag_not_identifiable_from_maturity
41988,KR6SS0003E85,missing_explicit_survival_coupon
41991,KR6MD0002VN2,missing_explicit_survival_coupon
41992,KR6SS0003E69,missing_explicit_survival_coupon
41998,KR6SS0003E51,missing_explicit_survival_coupon
42000,KR6SS0003E44,missing_explicit_survival_coupon
42001,KR6SS0003E10,missing_explicit_survival_coupon
42002,KR6SS0003E28,missing_explicit_survival_coupon
42006,KR6ZW0000RQ9,monthly_evaluation_outside_life
42009,KR6HH0000NT1,missing_explicit_survival_coupon
42013,KR6KS0002DT9,missing_explicit_survival_coupon
42019,KR6SS0003E02,missing_explicit_survival_coupon
42020,KR6SS0003EA8,missing_explicit_survival_coupon
42021,KR6SS0003E93,missing_explicit_survival_coupon
42024,KR6SS0003E36,missing_explicit_survival_coupon
42026,KR6SS0003DZ7,missing_explicit_survival_coupon
42028,KR6KW0000WS7,averaging_not_supported
42029,KR6SS0003DY0,extra_formula_or_level_PMT_1_FRML
42052,KR6YT0000T58,unsupported_ki_window
42056,KR6YT0000T25,unsupported_ki_window
42060,KR6SH0003837,averaging_not_supported
42078,KR6SS0003FH0,payment_lag_not_identifiable_from_maturity
42081,KR6SS0003FX7,payment_lag_not_identifiable_from_maturity
42091,KR6SY0001KZ4,missing_explicit_survival_coupon
42095,KR6SS0003FY5,payment_lag_not_identifiable_from_maturity
42110,KR6SS0003G42,payment_lag_not_identifiable_from_maturity
42128,KR6SH0003746,missing_explicit_survival_coupon
42141,KR6SS0003F43,missing_explicit_survival_coupon
42144,KR6SS0003F68,missing_explicit_survival_coupon
42145,KR6SS0003FA5,missing_explicit_survival_coupon
42146,KR6SS0003F92,missing_explicit_survival_coupon
42155,KR6HH0000P32,missing_explicit_survival_coupon
42157,KR6KS0002EX9,missing_explicit_survival_coupon
42166,KR6SS0003FB3,payment_lag_not_identifiable_from_maturity
42167,KR6SS0003F84,missing_explicit_survival_coupon
42168,KR6SS0003F50,missing_explicit_survival_coupon
42169,KR6SS0003F35,missing_explicit_survival_coupon
42170,KR6SS0003F76,missing_explicit_survival_coupon
42171,KR6SS0003F27,extra_formula_or_level_PMT_1_FRML
42179,KR6SS0003FD9,missing_explicit_survival_coupon
42182,KR6KW0000X95,averaging_not_supported
42184,KR6SS0003FE7,missing_explicit_survival_coupon
42193,KR6SS0003GT3,payment_lag_not_identifiable_from_maturity
42198,KR6YT0000TL5,unsupported_ki_window
42200,KR6SS0003GS5,payment_lag_not_identifiable_from_maturity
42220,KR6SS0003EJ9,payment_lag_not_identifiable_from_maturity
42225,KR6SS0003EN1,missing_explicit_survival_coupon
42230,KR6SS0003EE0,payment_lag_not_identifiable_from_maturity
42235,KR6YT0000TJ9,unsupported_ki_window
42239,KR6SS0003EL5,payment_lag_not_identifiable_from_maturity
42250,KR6SS0003EF7,payment_lag_not_identifiable_from_maturity
42253,KR6SH00038K2,missing_explicit_survival_coupon
42275,KR6SS0003EK7,payment_lag_not_identifiable_from_maturity
42284,KR6HH0000P16,payment_lag_not_identifiable_from_maturity
42287,KR6HH0000PC2,missing_explicit_survival_coupon
42290,KR6SS0003GJ4,payment_lag_not_identifiable_from_maturity
42291,KR6SS0003GL0,missing_explicit_survival_coupon
42292,KR6SS0003GM8,missing_explicit_survival_coupon
42304,KR6SS0003GH8,missing_explicit_survival_coupon
42308,KR6SS0003GC9,missing_explicit_survival_coupon
42309,KR6SS0003GD7,missing_explicit_survival_coupon
42310,KR6SS0003GB1,missing_explicit_survival_coupon
42315,KR6SS0003GE5,missing_explicit_survival_coupon
42316,KR6SS0003G91,extra_formula_or_level_PMT_1_FRML
42317,KR6SS0003GA3,missing_explicit_survival_coupon
42318,KR6SS0003GF2,missing_explicit_survival_coupon
42319,KR6SS0003GG0,missing_explicit_survival_coupon
42331,KR6KS0002FV0,missing_explicit_survival_coupon
42341,KR6SY0001M71,missing_explicit_survival_coupon
42343,KR6SS0003FJ6,payment_lag_not_identifiable_from_maturity
42359,20220426000462_4958,unsupported_ki_window
42362,KR6YT0000VA4,unsupported_ki_window
42387,KR6SS0003FK4,payment_lag_not_identifiable_from_maturity
42407,20220502000826_4964,unsupported_ki_window
42412,KR6SH0003AX1,missing_explicit_survival_coupon
42420,KR6ZW0000T52,monthly_evaluation_outside_life
42423,20220502000753_4963,unsupported_ki_window
42424,20220502000826_4963,unsupported_ki_window
42427,KR6YT0000VX6,unsupported_ki_window
42428,KR6YT0000VN7,unsupported_ki_window
42433,20220504000074_28025,payment_lag_not_identifiable_from_maturity
42434,KR6SS0003HR5,missing_explicit_survival_coupon
42446,KR6SS0003J72,extra_formula_or_level_PMT_1_FRML
42447,KR6SS0003HQ7,missing_explicit_survival_coupon
42448,KR6SS0003J15,missing_explicit_survival_coupon
42452,KR6SS0003HP9,missing_explicit_survival_coupon
42453,KR6SS0003HS3,missing_explicit_survival_coupon
42454,KR6SS0003HT1,missing_explicit_survival_coupon
42455,KR6SH0003BX9,averaging_not_supported
42464,KR6SH0003C31,averaging_not_supported
42472,KR6SS0003HV7,missing_explicit_survival_coupon
42473,KR6SS0003J07,missing_explicit_survival_coupon
42474,KR6SS0003HZ8,missing_explicit_survival_coupon
42479,KR6HH0000PK5,missing_explicit_survival_coupon
42494,KR6SS0003HW5,missing_explicit_survival_coupon
42495,KR6SS0003HN4,extra_formula_or_level_PMT_1_FRML
42496,KR6SS0003HX3,missing_explicit_survival_coupon
42497,KR6SS0003H58,payment_lag_not_identifiable_from_maturity
42501,KR6SS0003GY3,payment_lag_not_identifiable_from_maturity
42502,KR6SS0003GX5,payment_lag_not_identifiable_from_maturity
42520,KR6SS0003H17,payment_lag_not_identifiable_from_maturity
42538,KR6SY0001N47,missing_explicit_survival_coupon
42584,KR6KW0000YZ8,payment_lag_not_identifiable_from_maturity
42588,KR6KW0000Z10,averaging_not_supported
42591,KR6SS0003KC1,missing_explicit_survival_coupon
42592,KR6SS0003KD9,missing_explicit_survival_coupon
42598,KR6SS0003K87,extra_formula_or_level_PMT_1_FRML
42599,KR6SS0003K95,missing_explicit_survival_coupon
42600,KR6SS0003KB3,missing_explicit_survival_coupon
42603,KR6SS0003KA5,missing_explicit_survival_coupon
42604,KR6SH0003E21,averaging_not_supported
42610,KR6SS0003L86,payment_lag_not_identifiable_from_maturity
42620,KR6HH0000PX8,missing_explicit_survival_coupon
42637,KR6KS0002JY6,missing_explicit_survival_coupon
42647,KR6SY0001S26,payment_lag_not_identifiable_from_maturity
42648,KR6SY0001S59,payment_lag_not_identifiable_from_maturity
42650,KR6MZ0001T53,payment_lag_not_identifiable_from_maturity
42660,KR6MD00031G5,missing_explicit_survival_coupon
42663,KR6ZW0000V17,monthly_evaluation_outside_life
42664,KR6SH0003EM6,averaging_not_supported
42667,KR6MZ0001TJ9,payment_lag_not_identifiable_from_maturity
42678,KR6MZ0001TF7,missing_explicit_survival_coupon
42679,KR6KS0002J89,payment_lag_not_identifiable_from_maturity
42684,KR6KB0003PP5,payment_lag_not_identifiable_from_maturity
42686,KR6SH0003E39,averaging_not_supported
42688,KR6KS0002J71,payment_lag_not_identifiable_from_maturity
42694,KR6SH0003E47,averaging_not_supported
42696,KR6HN0002DE8,payment_lag_not_identifiable_from_maturity
42697,KR6MD0003276,payment_lag_not_identifiable_from_maturity
42699,KR6KS0002J97,payment_lag_not_identifiable_from_maturity
42705,KR6KS0002JA6,payment_lag_not_identifiable_from_maturity
42713,KR6MD00030Z7,missing_explicit_survival_coupon
42716,KR6DS0000GA1,payment_lag_not_identifiable_from_maturity
42717,KR6DS0000G83,payment_lag_not_identifiable_from_maturity
42718,KR6SY0001SC6,payment_lag_not_identifiable_from_maturity
42721,KR6SH0003D97,payment_lag_not_identifiable_from_maturity
42722,KR6SS0003LQ9,payment_lag_not_identifiable_from_maturity
42723,KR6NH00022Q8,payment_lag_not_identifiable_from_maturity
42726,KR6SY0001SB8,payment_lag_not_identifiable_from_maturity
42727,KR6DS0000G91,payment_lag_not_identifiable_from_maturity
42728,KR6MZ0001RV8,payment_lag_not_identifiable_from_maturity
42729,KR6HN0002DF5,payment_lag_not_identifiable_from_maturity
42730,KR6HN0002DG3,payment_lag_not_identifiable_from_maturity
42733,KR6SS0003LP1,payment_lag_not_identifiable_from_maturity
42735,KR6SS0003L60,missing_explicit_survival_coupon
42736,KR6SS0003LN6,missing_explicit_survival_coupon
42739,KR6SK0000241,missing_explicit_survival_coupon
42746,KR6SS0003L45,payment_lag_not_identifiable_from_maturity
42747,KR6SS0003L11,extra_formula_or_level_PMT_1_FRML
42748,KR6SS0003L37,missing_explicit_survival_coupon
42750,KR6SS0003L29,missing_explicit_survival_coupon
42751,KR6SS0003L52,missing_explicit_survival_coupon
42756,KR6HH0000Q98,missing_explicit_survival_coupon
42758,KR6YT0000X37,unsupported_ki_window
42765,KR6ZW0000VE7,monthly_evaluation_outside_life
42777,KR6KS0002L44,missing_explicit_survival_coupon
42779,KR6SH0003FQ4,averaging_not_supported
42784,KR6YT0000X45,unsupported_ki_window
42785,KR6HH0000QA4,missing_explicit_survival_coupon
42787,KR6SH0003F46,averaging_not_supported
42793,KR6SH0003F38,averaging_not_supported
42806,KR6SS0003LX5,payment_lag_not_identifiable_from_maturity
42857,KR6SS0003LS5,payment_lag_not_identifiable_from_maturity
42860,KR6SS0003M69,missing_explicit_survival_coupon
42861,KR6SS0003M85,missing_explicit_survival_coupon
42863,KR6SS0003MA1,missing_explicit_survival_coupon
42864,KR6SS0003M51,extra_formula_or_level_PMT_1_FRML
42865,KR6SS0003M93,missing_explicit_survival_coupon
42866,KR6SS0003M77,payment_lag_not_identifiable_from_maturity
42869,KR6ZW0000VP3,monthly_evaluation_outside_life
42882,KR6HH0000QG1,missing_explicit_survival_coupon
42885,KR6SH0003FR2,averaging_not_supported
42893,20220607000230_4983,unsupported_ki_window
42902,KR6YT0000XE2,unsupported_ki_window
42904,KR6KS0002M50,missing_explicit_survival_coupon
42947,KR6SS0003NF8,missing_explicit_survival_coupon
42950,KR6SS0003NH4,missing_explicit_survival_coupon
42955,KR6SS0003ND3,payment_lag_not_identifiable_from_maturity
42956,KR6SS0003NE1,missing_explicit_survival_coupon
42957,KR6YT0000XW4,unsupported_ki_window
42959,KR6SS0003NB7,missing_explicit_survival_coupon
42961,KR6SS0003NC5,missing_explicit_survival_coupon
42962,KR6SS0003NA9,extra_formula_or_level_PMT_1_FRML
42965,KR6HH0000QR8,missing_explicit_survival_coupon
42967,KR6ZW0000W65,monthly_evaluation_outside_life
42983,KR6KS0002NF7,missing_explicit_survival_coupon
43006,20220614000284_4991,unsupported_ki_window
43033,KR6SS0003MN4,payment_lag_not_identifiable_from_maturity
43045,KR6SY0001T74,missing_explicit_survival_coupon
43047,KR6EG00004S4,payment_lag_not_identifiable_from_maturity
43054,KR6SS0003PF3,missing_explicit_survival_coupon
43056,KR6SS0003PJ5,missing_explicit_survival_coupon
43057,KR6SS0003PE6,missing_explicit_survival_coupon
43058,KR6SS0003PD8,missing_explicit_survival_coupon
43059,KR6SS0003PH9,missing_explicit_survival_coupon
43060,KR6SS0003PG1,payment_lag_not_identifiable_from_maturity
43066,KR6ZW0000WF2,monthly_evaluation_outside_life
43068,KR6HH0000R22,missing_explicit_survival_coupon
43082,KR6KS0002PD7,missing_explicit_survival_coupon
43084,KR6SH0003JL7,missing_explicit_survival_coupon
43109,KR6YT0000YA8,unsupported_ki_window
43111,KR6SS0003NM4,payment_lag_not_identifiable_from_maturity
43113,KR6SS0003NL6,payment_lag_not_identifiable_from_maturity
43127,KR6SS0003NK8,payment_lag_not_identifiable_from_maturity
43144,KR6SS0003Q99,missing_explicit_survival_coupon
43146,KR6SS0003QA2,missing_explicit_survival_coupon
43150,KR6SS0003Q73,extra_formula_or_level_PMT_1_FRML
43151,20220628000038_28146,payment_lag_not_identifiable_from_maturity
43152,KR6SS0003Q81,missing_explicit_survival_coupon
43166,KR6SS0003QD6,missing_explicit_survival_coupon
43167,KR6SH0003GR0,missing_explicit_survival_coupon
43169,KR6YT0000YX0,unsupported_ki_window
43174,KR6ZW0000X31,monthly_evaluation_outside_life
43191,KR6HH0000RA2,missing_explicit_survival_coupon
43213,KR6YT0000YP6,unsupported_ki_window
43215,KR6EG0000504,payment_lag_not_identifiable_from_maturity
43250,KR6SS0003PP2,payment_lag_not_identifiable_from_maturity
43255,KR6SS0003PQ0,payment_lag_not_identifiable_from_maturity
43262,KR6SS0003PN7,payment_lag_not_identifiable_from_maturity
43277,KR6NH00025V1,extra_formula_or_level_STRK_2
43278,KR6SS0003R56,missing_explicit_survival_coupon
43279,KR6SS0003R15,missing_explicit_survival_coupon
43280,KR6SS0003QZ9,missing_explicit_survival_coupon
43281,KR6SS0003R49,missing_explicit_survival_coupon
43282,KR6SS0003R07,missing_explicit_survival_coupon
43283,KR6SH0003L48,averaging_not_supported
43284,KR6KW00012K6,averaging_not_supported
43286,KR6ZW0000XF0,monthly_evaluation_outside_life
43287,KR6HH0000RG9,missing_explicit_survival_coupon
43289,KR6HH0000RH7,missing_explicit_survival_coupon
43305,KR6KS0002S54,missing_explicit_survival_coupon
43314,KR6YT0000Z19,unsupported_ki_window
43325,KR6YT0000Z43,unsupported_ki_window
43326,20220629000228_4997,unsupported_ki_window
43359,KR6SS0003QM7,payment_lag_not_identifiable_from_maturity
43360,KR6SS0003RV6,missing_explicit_survival_coupon
43361,KR6SS0003RR4,payment_lag_not_identifiable_from_maturity
43362,KR6SS0003RT0,missing_explicit_survival_coupon
43364,KR6SS0003RP8,missing_explicit_survival_coupon
43365,KR6NH00026G0,extra_formula_or_level_STRK_2
43366,KR6SS0003RM5,missing_explicit_survival_coupon
43368,KR6HH0000RM7,missing_explicit_survival_coupon
43374,KR6KW0001324,averaging_not_supported
43376,KR6ZW0000XT1,monthly_evaluation_outside_life
43391,KR6KS0002T38,missing_explicit_survival_coupon
43408,KR6NH0002780,extra_formula_or_level_STRK_2
43417,KR6SY0001V39,missing_explicit_survival_coupon
43429,KR6SS0003T21,payment_lag_not_identifiable_from_maturity
43434,KR6SS0003T47,payment_lag_not_identifiable_from_maturity
43435,KR6SS0003T54,payment_lag_not_identifiable_from_maturity
43441,KR6SS0003T39,payment_lag_not_identifiable_from_maturity
43449,KR6SS0003SL5,missing_explicit_survival_coupon
43450,KR6EG0000538,payment_lag_not_identifiable_from_maturity
43452,KR6SS0003SJ9,missing_explicit_survival_coupon
43453,KR6SS0003SE0,missing_explicit_survival_coupon
43455,KR6SS0003SB6,extra_formula_or_level_PMT_1_FRML
43456,KR6SS0003SF7,missing_explicit_survival_coupon
43457,KR6SS0003SG5,missing_explicit_survival_coupon
43459,KR6HH0000RW6,missing_explicit_survival_coupon
43465,KR6KW00013P3,averaging_not_supported
43476,KR6ZW0000Y48,monthly_evaluation_outside_life
43523,KR6NH00027Q7,extra_formula_or_level_STRK_2
43549,KR6SS0003TG3,missing_explicit_survival_coupon
43550,KR6SS0003TE8,missing_explicit_survival_coupon
43551,KR6SS0003TA6,missing_explicit_survival_coupon
43552,KR6SS0003TC2,missing_explicit_survival_coupon
43554,KR6ZW0000YN2,monthly_evaluation_outside_life
43559,KR6KW0001472,missing_explicit_survival_coupon
43562,KR6MD0003BE1,missing_explicit_survival_coupon
43572,KR6HH0000S62,missing_explicit_survival_coupon
43580,KR6KS0002VD5,missing_explicit_survival_coupon
43581,KR6KS0002VF0,averaging_not_supported
43592,KR6SK00002R8,missing_explicit_survival_coupon
43601,KR6NH00028A9,extra_formula_or_level_STRK_2
43608,KR6SS0003SR2,payment_lag_not_identifiable_from_maturity
43644,KR6KW00014L0,missing_explicit_survival_coupon
43645,KR6ZW0000Z62,monthly_evaluation_outside_life
43647,KR6YT0001115,unsupported_ki_window
43652,KR6HH0000SG7,missing_explicit_survival_coupon
43653,KR6KW00014S5,averaging_not_supported
43659,KR6KS0002WD3,missing_explicit_survival_coupon
43662,KR6SS0003V50,missing_explicit_survival_coupon
43667,KR6NH00028R3,extra_formula_or_level_STRK_2
43681,KR6SS0003V35,missing_explicit_survival_coupon
43694,KR6SS0003V43,missing_explicit_survival_coupon
43695,KR6SS0003V19,missing_explicit_survival_coupon
43705,KR6MD0003CP5,missing_explicit_survival_coupon
43720,KR6SS0003V76,payment_lag_not_identifiable_from_maturity
43721,KR6SY0001VW8,missing_explicit_survival_coupon
43744,KR6SS0003WL7,missing_explicit_survival_coupon
43745,KR6SS0003WC6,extra_formula_or_level_PMT_1_FRML
43748,KR6SS0003WH5,payment_lag_not_identifiable_from_maturity
43749,KR6SS0003WK9,missing_explicit_survival_coupon
43750,KR6SS0003WF9,missing_explicit_survival_coupon
43751,KR6SS0003WG7,missing_explicit_survival_coupon
43763,KR6KS0002XB5,missing_explicit_survival_coupon
43767,KR6KW0001597,missing_explicit_survival_coupon
43781,KR6KW00015G7,averaging_not_supported
43782,KR6HH0000SW4,missing_explicit_survival_coupon
43789,KR6SH0003QW9,averaging_not_supported
43796,KR6YT00011H3,unsupported_ki_window
43819,KR6NH00029J8,extra_formula_or_level_STRK_2
43850,KR6SS0003XH3,missing_explicit_survival_coupon
43853,KR6SS0003WW4,payment_lag_not_identifiable_from_maturity
43854,KR6SS0003XD2,missing_explicit_survival_coupon
43855,KR6SS0003XE0,missing_explicit_survival_coupon
43858,KR6SS0003WQ6,payment_lag_not_identifiable_from_maturity
43859,KR6SH0003PT7,missing_explicit_survival_coupon
43860,KR6SH0003PS9,missing_explicit_survival_coupon
43861,KR6SS0003XJ9,missing_explicit_survival_coupon
43863,KR6SS0003XB6,extra_formula_or_level_PMT_1_FRML
43869,KR6SS0003XG5,missing_explicit_survival_coupon
43904,KR6KW0001647,averaging_not_supported
43927,KR6HH0000T61,missing_explicit_survival_coupon
43933,KR6KW00015X2,missing_explicit_survival_coupon
43937,KR6MD0003FA0,missing_explicit_survival_coupon
43941,KR6SS0003X41,missing_explicit_survival_coupon
43965,KR6SS0003X33,missing_explicit_survival_coupon
43967,20220824000257_21979,extra_formula_or_level_STRK_2
43975,KR6NH0002A70,extra_formula_or_level_STRK_2
43982,KR6SY0001WQ8,missing_explicit_survival_coupon
43992,KR6SS0003WZ7,payment_lag_not_identifiable_from_maturity
43995,KR6SS0003WX2,payment_lag_not_identifiable_from_maturity
43998,KR6SS0003Y57,extra_formula_or_level_PMT_1_FRML
43999,KR6SS0003YD0,missing_explicit_survival_coupon
44000,20220905000214_28307,extra_formula_or_level_PMT_1_FRML
44001,20220905000214_28314,missing_explicit_survival_coupon
44002,20220905000214_28311,missing_explicit_survival_coupon
44003,20220905000214_28309,missing_explicit_survival_coupon
44004,KR6SS0003Y73,missing_explicit_survival_coupon
44005,KR6SS0003YC2,missing_explicit_survival_coupon
44006,20220905000214_28315,missing_explicit_survival_coupon
44008,KR6SS0003Y99,missing_explicit_survival_coupon
44011,KR6SH0003SX3,averaging_not_supported
44024,KR6KW00016R2,averaging_not_supported
44030,KR6MD0003H77,missing_explicit_survival_coupon
44031,KR6KW00016M3,missing_explicit_survival_coupon
44033,KR6HH0000TC4,missing_explicit_survival_coupon
44036,KR6SS0003X17,payment_lag_not_identifiable_from_maturity
44041,KR6SS0003X25,payment_lag_not_identifiable_from_maturity
44056,20220831000356_21985,extra_formula_or_level_STRK_2
44061,KR6NH0002AS4,extra_formula_or_level_STRK_2
44066,KR6SS0003XP6,payment_lag_not_identifiable_from_maturity
44105,KR6SS0003XV4,payment_lag_not_identifiable_from_maturity
44110,KR6YT00012E8,unsupported_ki_window
44121,KR6MD0003JH7,missing_explicit_survival_coupon
44129,KR6SS0003YR0,extra_formula_or_level_PMT_1_FRML
44130,KR6SS0003YZ3,missing_explicit_survival_coupon
44131,KR6SS0003YY6,missing_explicit_survival_coupon
44132,KR6SS0003YW0,missing_explicit_survival_coupon
44134,KR6SS0003YT6,missing_explicit_survival_coupon
44149,KR6HH0000TK7,missing_explicit_survival_coupon
44159,KR6YT0001271,unsupported_ki_window
44160,KR6YT00012R0,unsupported_ki_window
44176,KR6NH0002BH5,extra_formula_or_level_STRK_2
44180,KR6SS0003ZB1,payment_lag_not_identifiable_from_maturity
44182,KR6SH0003S17,missing_explicit_survival_coupon
44185,KR6MD0003GN1,missing_explicit_survival_coupon
44192,KR6KS0002ZV8,missing_explicit_survival_coupon
44221,KR6SS0003ZJ4,missing_explicit_survival_coupon
44223,KR6MD0003J00,missing_explicit_survival_coupon
44224,KR6YT00012N9,unsupported_ki_window
44254,KR6SS00040F5,missing_explicit_survival_coupon
44256,KR6SS00040A6,missing_explicit_survival_coupon
44259,KR6HH0000TV4,missing_explicit_survival_coupon
44264,KR6SS00040G3,missing_explicit_survival_coupon
44267,KR6KW00017B4,missing_explicit_survival_coupon
44269,KR6KW00017H1,averaging_not_supported
44273,KR6SS0004089,extra_formula_or_level_PMT_1_FRML
44274,KR6SS00040E8,missing_explicit_survival_coupon
44275,KR6SS00040B4,missing_explicit_survival_coupon
44287,KR6KS00030H0,missing_explicit_survival_coupon
44290,20220920000313_5032,unsupported_ki_window
44299,KR6YT0001362,unsupported_ki_window
44320,KR6NH0002C37,extra_formula_or_level_STRK_2
44322,KR6SS0003ZL0,payment_lag_not_identifiable_from_maturity
44356,KR6SS0003ZN6,missing_explicit_survival_coupon
44358,KR6YT0001347,unsupported_ki_window
44368,KR6SH0003VJ6,missing_explicit_survival_coupon
44370,20220923000442_10969,missing_explicit_survival_coupon
44377,KR6YT0001354,unsupported_ki_window
44378,KR6MD0003K31,missing_explicit_survival_coupon
44383,KR6SS00041Q0,missing_explicit_survival_coupon
44384,KR6SS00041P2,missing_explicit_survival_coupon
44389,KR6SS00041H9,extra_formula_or_level_PMT_1_FRML
44390,KR6SS00041K3,missing_explicit_survival_coupon
44404,KR6KW00017Z3,missing_explicit_survival_coupon
44414,KR6HH0000V26,missing_explicit_survival_coupon
44415,KR6KW0001845,averaging_not_supported
44438,KR6NH0002CR2,extra_formula_or_level_STRK_2
44449,KR6KS00031C9,averaging_not_supported
44450,KR6KS00031B1,missing_explicit_survival_coupon
44471,KR6YT00013F3,unsupported_ki_window
44472,KR6YT00013H9,unsupported_ki_window
44478,KR6YT00013A4,unsupported_ki_window
44490,KR6MD0003L63,missing_explicit_survival_coupon
44497,KR6YT00013B2,unsupported_ki_window
44503,KR6HH0000V91,missing_explicit_survival_coupon
44527,KR6KW00018R8,averaging_not_supported
44531,KR6KW00018N7,missing_explicit_survival_coupon
44538,KR6SS0004279,extra_formula_or_level_PMT_1_FRML
44539,KR6SS0004295,missing_explicit_survival_coupon
44540,KR6SS00042B0,missing_explicit_survival_coupon
44541,KR6SS00042D6,missing_explicit_survival_coupon
44542,KR6SS00042E4,missing_explicit_survival_coupon
44544,KR6SS00042L9,payment_lag_not_identifiable_from_maturity
44553,KR6NH0002DG3,extra_formula_or_level_STRK_2
44568,KR6YT00013L1,unsupported_ki_window
44572,KR6YT00013M9,unsupported_ki_window
44611,KR6YT00013V0,monthly_evaluation_outside_life
44617,KR6SS00042R6,payment_lag_not_identifiable_from_maturity
44625,KR6MD0003MN9,missing_explicit_survival_coupon
44630,KR6HH0000VJ5,missing_explicit_survival_coupon
44640,KR6KW00019B0,missing_explicit_survival_coupon
44654,KR6SS0004386,missing_explicit_survival_coupon
44666,KR6SS0004378,missing_explicit_survival_coupon
44667,KR6SS00043E2,missing_explicit_survival_coupon
44668,KR6SS00043B8,missing_explicit_survival_coupon
44669,KR6SS0004345,extra_formula_or_level_PMT_1_FRML
44670,KR6YT0001438,unsupported_ki_window
44686,KR6NH0002E27,extra_formula_or_level_STRK_2
44719,KR6KS00032F0,missing_explicit_survival_coupon
44730,KR6YT00013Y4,monthly_evaluation_outside_life
44751,KR6MD0003PW3,missing_explicit_survival_coupon
44758,KR6KW0001A00,missing_explicit_survival_coupon
44778,20221018000284_5044,unsupported_ki_window
44779,KR6SS00044H3,missing_explicit_survival_coupon
44780,KR6SS00044J9,missing_explicit_survival_coupon
44781,KR6SS00044C4,missing_explicit_survival_coupon
44782,KR6SS00044A8,extra_formula_or_level_PMT_1_FRML
44783,KR6SS00044G5,missing_explicit_survival_coupon
44784,KR6SS00044D2,missing_explicit_survival_coupon
44787,KR6YT00014E4,unsupported_ki_window
44794,KR6SS00043L7,payment_lag_not_identifiable_from_maturity
44805,KR6NH0002EK3,extra_formula_or_level_STRK_2
44816,KR6YT0001545,unsupported_ki_window
44818,KR6KS0003302,missing_explicit_survival_coupon
44826,KR6SS00043N3,payment_lag_not_identifiable_from_maturity
44842,KR6YT00014L9,unsupported_ki_window
44846,KR6YT00014M7,unsupported_ki_window
44868,KR6KW0001AS1,missing_explicit_survival_coupon
44880,20221025000406_5050,unsupported_ki_window
44882,KR6SS00045H0,missing_explicit_survival_coupon
44883,KR6SS00045E7,missing_explicit_survival_coupon
44886,KR6SS00045J6,missing_explicit_survival_coupon
44887,KR6SS00045G2,missing_explicit_survival_coupon
44888,KR6SS00045F4,missing_explicit_survival_coupon
44900,KR6YT00014V8,unsupported_ki_window
44903,KR6MZ00027P8,missing_explicit_survival_coupon
44921,KR6SS0004410,payment_lag_not_identifiable_from_maturity
44945,KR6NH0002F34,extra_formula_or_level_STRK_2
44976,KR6SS0004469,payment_lag_not_identifiable_from_maturity
44977,20221025000136_22114,extra_formula_or_level_STRK_2
44980,20221019000142_28455,missing_explicit_survival_coupon
44982,KR6SS00043V6,missing_explicit_survival_coupon
44988,KR6YT0001552,unsupported_ki_window
44991,KR6KW0001BC3,missing_explicit_survival_coupon
45002,KR6SS0004659,missing_explicit_survival_coupon
45003,KR6SS0004642,missing_explicit_survival_coupon
45007,KR6SS00044W2,payment_lag_not_identifiable_from_maturity
45008,KR6SS00044T8,payment_lag_not_identifiable_from_maturity
45019,KR6SS0004675,missing_explicit_survival_coupon
45022,KR6NH0002FN4,extra_formula_or_level_STRK_2
45036,KR6SS0004667,missing_explicit_survival_coupon
45043,KR6SS0004527,payment_lag_not_identifiable_from_maturity
45044,KR6SS00046E5,payment_lag_not_identifiable_from_maturity
45046,KR6SS0004519,payment_lag_not_identifiable_from_maturity
45058,20221102000134_28501,payment_lag_not_identifiable_from_maturity
45080,KR6SS00044S0,payment_lag_not_identifiable_from_maturity
45086,KR6MD0003RN8,missing_explicit_survival_coupon
45132,KR6MZ0002AF5,missing_explicit_survival_coupon
45141,KR6KS00034M2,averaging_not_supported
45150,KR6YT00015N2,unsupported_ki_window
45157,KR6SS00046R7,extra_formula_or_level_PMT_1_FRML
45158,KR6SS00046S5,missing_explicit_survival_coupon
45159,KR6SS00046X5,missing_explicit_survival_coupon
45161,KR6SS00046W7,missing_explicit_survival_coupon
45162,KR6SS00046V9,missing_explicit_survival_coupon
45174,KR6YT0001628,unsupported_ki_window
45185,KR6MD0003T73,missing_explicit_survival_coupon
45192,KR6KW0001CL2,missing_explicit_survival_coupon
45204,KR6YT00015T9,unsupported_ki_window
45229,KR6SS00047F0,payment_lag_not_identifiable_from_maturity
45230,KR6SS00047N4,payment_lag_not_identifiable_from_maturity
45241,KR6KS0003583,missing_explicit_survival_coupon
45253,KR6MD0003SM8,missing_explicit_survival_coupon
45269,KR6SS00047T1,missing_explicit_survival_coupon
45270,KR6YT00015M4,unsupported_ki_window
45274,KR6MD0003VK6,missing_explicit_survival_coupon
45275,KR6KW0001D98,missing_explicit_survival_coupon
45280,20221129000047_28547,missing_explicit_survival_coupon
45285,KR6SS00047E3,missing_explicit_survival_coupon
45289,KR6SS00047A1,missing_explicit_survival_coupon
45290,KR6SS0004790,extra_formula_or_level_PMT_1_FRML
45292,KR6YT0001636,unsupported_ki_window
45294,KR6YT0001644,unsupported_ki_window
45298,KR6MZ0002BW8,missing_explicit_survival_coupon
45319,KR6SY00022F5,missing_explicit_survival_coupon
45362,KR6KW0001E48,missing_explicit_survival_coupon
45373,KR6MD0003WM0,missing_explicit_survival_coupon
45387,KR6YT00016J8,unsupported_ki_window
45415,KR6KS00036K1,missing_explicit_survival_coupon
45443,KR6KW0001ET1,missing_explicit_survival_coupon
45444,KR6YT00016E9,unsupported_ki_window
45450,KR6MD0003Y19,missing_explicit_survival_coupon
45452,KR6MD0003WB3,missing_explicit_survival_coupon
45454,20221215000072_28552,extra_formula_or_level_PMT_1_FRML
45455,20221215000072_28556,missing_explicit_survival_coupon
45457,20221215000072_28554,missing_explicit_survival_coupon
45459,KR6SS00048Z6,missing_explicit_survival_coupon
45461,KR6YT00016S9,unsupported_ki_window
45492,KR6MD0003XQ9,missing_explicit_survival_coupon
45501,KR6KS0003773,missing_explicit_survival_coupon
45510,KR6KS0003765,missing_explicit_survival_coupon
45517,KR6YT00016Q3,unsupported_ki_window
45523,20221221000093_28560,extra_formula_or_level_PMT_1_FRML
45527,KR6KW0001FP6,missing_explicit_survival_coupon
45529,KR6SS00049J8,missing_explicit_survival_coupon
45530,KR6SS00049M2,missing_explicit_survival_coupon
45536,20221221000093_28563,missing_explicit_survival_coupon
45543,KR6HH0000XJ1,missing_explicit_survival_coupon
45550,KR6MD0003Z42,missing_explicit_survival_coupon
45563,KR6SH0004579,missing_explicit_survival_coupon
45583,KR6MD00040C5,missing_explicit_survival_coupon
45594,KR6SS00049B5,missing_explicit_survival_coupon
45632,KR6KS00038E0,missing_explicit_survival_coupon
45644,KR6SS0004AM9,missing_explicit_survival_coupon
45649,KR6SS0004AN7,missing_explicit_survival_coupon
45657,KR6SS0004AJ5,extra_formula_or_level_PMT_1_FRML
45658,KR6KB0004KA6,missing_explicit_survival_coupon
45668,KR6KW0001GR0,missing_explicit_survival_coupon
45675,KR6HH0000XZ7,missing_explicit_survival_coupon
45677,KR6KW0001GX8,averaging_not_supported
45683,KR6KS0003948,missing_explicit_survival_coupon
45686,KR6YT0001727,unsupported_ki_window
45689,KR6YT0001735,unsupported_ki_window
45691,KR6YT0001743,unsupported_ki_window
45753,KR6KB0004KE8,missing_explicit_survival_coupon
45754,KR6SS0004B95,missing_explicit_survival_coupon
45757,KR6SS0004BB0,missing_explicit_survival_coupon
45758,KR6SS0004B87,missing_explicit_survival_coupon
45764,KR6KW0001HD8,averaging_not_supported
45765,KR6KW0001H86,missing_explicit_survival_coupon
45768,KR6HH0000Y72,missing_explicit_survival_coupon
45778,KR6MD0004282,missing_explicit_survival_coupon
45780,KR6KS00039K5,missing_explicit_survival_coupon
45796,KR6YT00017G2,unsupported_ki_window
45799,KR6YT00017S7,unsupported_ki_window
45817,KR6YT00017D9,unsupported_ki_window
45818,KR6YT00017E7,unsupported_ki_window
45859,KR6SS0004BM7,missing_explicit_survival_coupon
45861,20230118000057_28606,missing_explicit_survival_coupon
45862,KR6SS0004BR6,missing_explicit_survival_coupon
45863,KR6SS0004BV8,missing_explicit_survival_coupon
45864,KR6SS0004BL9,extra_formula_or_level_PMT_1_FRML
45865,KR6HH0000YE0,missing_explicit_survival_coupon
45893,KR6YT00017Z2,unsupported_ki_window
45904,KR6SS0004CZ7,payment_lag_not_identifiable_from_maturity
45910,KR6KB0004ME4,missing_explicit_survival_coupon
45925,KR6YT00017V1,unsupported_ki_window
45926,KR6YT00017T5,unsupported_ki_window
45933,KR6HH0000YP6,missing_explicit_survival_coupon
45940,KR6KW0001HV0,missing_explicit_survival_coupon
45941,KR6KW0001J01,averaging_not_supported
45943,20230119000250_5076,unsupported_ki_window
45945,KR6YT00018M8,unsupported_ki_window
45949,KR6MD00043V9,missing_explicit_survival_coupon
45960,KR6YT00018A3,unsupported_ki_window
45971,KR6YT0001909,unsupported_ki_window
45973,KR6SS0004CV6,missing_explicit_survival_coupon
45974,KR6SS0004CP8,extra_formula_or_level_PMT_1_FRML
45975,KR6SS0004CS2,missing_explicit_survival_coupon
45976,KR6SS0004CW4,missing_explicit_survival_coupon
45977,KR6SS0004CR4,missing_explicit_survival_coupon
45984,KR6KS0003BA1,missing_explicit_survival_coupon
45989,KR6YT0001859,unsupported_ki_window
45999,KR6HH0000YY8,missing_explicit_survival_coupon
46009,KR6MD00044L8,missing_explicit_survival_coupon
46018,KR6YT0001875,monthly_evaluation_outside_life
46046,KR6YT00018E5,monthly_evaluation_outside_life
46076,KR6SS0004E92,payment_lag_not_identifiable_from_maturity
46079,KR6SY00025T9,missing_explicit_survival_coupon
46080,KR6SS0004DX0,missing_explicit_survival_coupon
46081,KR6SS0004DW2,extra_formula_or_level_PMT_1_FRML
46084,KR6SS0004E19,missing_explicit_survival_coupon
46086,KR6SS0004E27,missing_explicit_survival_coupon
46111,KR6KW0001K40,averaging_not_supported
46116,KR6HH0000Z71,missing_explicit_survival_coupon
46117,20230207000266_5088,unsupported_ki_window
46139,KR6SS0004EG3,payment_lag_not_identifiable_from_maturity
46140,KR6SS0004EF5,payment_lag_not_identifiable_from_maturity
46147,KR6SS0004EA6,payment_lag_not_identifiable_from_maturity
46168,KR6YT0001982,unsupported_ki_window
46176,KR6KS0003CY9,missing_explicit_survival_coupon
46184,KR6YT0001990,monthly_evaluation_outside_life
46186,KR6KS0003CW3,missing_explicit_survival_coupon
46191,KR6HH0000ZD9,missing_explicit_survival_coupon
46213,KR6KW0001KL5,missing_explicit_survival_coupon
46214,KR6SS0004F42,extra_formula_or_level_PMT_1_FRML
46217,KR6KW0001KQ4,averaging_not_supported
46221,KR6SS0004F91,missing_explicit_survival_coupon
46230,KR6SS0004ER0,payment_lag_not_identifiable_from_maturity
46231,KR6SS0004EM1,payment_lag_not_identifiable_from_maturity
46265,KR6YT0001A41,unsupported_ki_window
46279,KR6YT00019L8,unsupported_ki_window
46283,KR6KS0003DM2,missing_explicit_survival_coupon
46299,KR6KW0001L64,missing_explicit_survival_coupon
46305,KR6HH0000ZL2,missing_explicit_survival_coupon
46314,KR6MD0004779,missing_explicit_survival_coupon
46318,KR6KW0001LC2,averaging_not_supported
46328,20230221002182_5096,unsupported_ki_window
46368,KR6KB0004RY1,missing_explicit_survival_coupon
46392,KR6SS0004GL8,missing_explicit_survival_coupon
46393,KR6SS0004GG8,missing_explicit_survival_coupon
46394,KR6YT0001AY6,unsupported_ki_window
46395,KR6SS0004GK0,missing_explicit_survival_coupon
46397,KR6SS0004GE3,extra_formula_or_level_PMT_1_FRML
46399,KR6MD0004829,missing_explicit_survival_coupon
46401,KR6KW0001LX8,missing_explicit_survival_coupon
46410,KR6KW0001M30,averaging_not_supported
46417,KR6HH0000ZW9,missing_explicit_survival_coupon
46435,KR6YT0001AN9,unsupported_ki_window
46511,KR6MD00048Z9,missing_explicit_survival_coupon
46515,KR6KW0001MV0,averaging_not_supported
46519,KR6HH0001032,missing_explicit_survival_coupon
46529,KR6KS0003G99,missing_explicit_survival_coupon
46537,KR6KW0001MN7,missing_explicit_survival_coupon
46601,KR6SH0004HV8,missing_explicit_survival_coupon
46614,KR6SH0004KT6,averaging_not_supported
46624,KR6SS0004HT9,missing_explicit_survival_coupon
46628,KR6KS0003HM3,missing_explicit_survival_coupon
46631,KR6HH00010E7,missing_explicit_survival_coupon
46644,KR6SS0004HQ5,missing_explicit_survival_coupon
46650,KR6SS0004HN2,extra_formula_or_level_PMT_1_FRML
46684,KR6HH00010M0,missing_explicit_survival_coupon
46687,KR6SS0004K86,missing_explicit_survival_coupon
46688,KR6SS0004KC9,missing_explicit_survival_coupon
46689,KR6SS0004KD7,missing_explicit_survival_coupon
46690,KR6SS0004K78,extra_formula_or_level_PMT_1_FRML
46706,KR6MD0004A81,missing_explicit_survival_coupon
46709,KR6SS0004K11,payment_lag_not_identifiable_from_maturity
46710,KR6SS0004JW9,extra_formula_or_level_PMT_1_FRML
46712,KR6SS0004J71,extra_formula_or_level_PMT_1_FRML
46718,KR6SS0004JQ1,payment_lag_not_identifiable_from_maturity
46726,KR6SS0004JM0,payment_lag_not_identifiable_from_maturity
46727,KR6SS0004JN8,payment_lag_not_identifiable_from_maturity
46728,KR6SS0004JH0,missing_explicit_survival_coupon
46729,KR6SS0004JP3,payment_lag_not_identifiable_from_maturity
46730,KR6SS0004JL2,payment_lag_not_identifiable_from_maturity
46731,KR6SS0004JJ6,missing_explicit_survival_coupon
46735,KR6SS0004M76,extra_formula_or_level_PMT_1_FRML
46750,KR6SS0004JB3,payment_lag_not_identifiable_from_maturity
46751,KR6SS0004JE7,payment_lag_not_identifiable_from_maturity
46761,KR6SS0004JA5,payment_lag_not_identifiable_from_maturity
46762,KR6SS0004JF4,payment_lag_not_identifiable_from_maturity
46763,KR6SS0004JG2,payment_lag_not_identifiable_from_maturity
46764,KR6SS0004J97,payment_lag_not_identifiable_from_maturity
46775,KR6KW0001NB0,missing_explicit_survival_coupon
46776,KR6SS0004LJ2,missing_explicit_survival_coupon
46780,KR6SS0004LH6,extra_formula_or_level_PMT_1_FRML
46782,KR6SS0004LL8,missing_explicit_survival_coupon
46783,KR6SS0004LQ7,missing_explicit_survival_coupon
46784,KR6SS0004LP9,missing_explicit_survival_coupon
46788,KR6MD0004BN0,missing_explicit_survival_coupon
46794,KR6KS0003JQ0,missing_explicit_survival_coupon
46808,KR6KW0001NH7,averaging_not_supported
46809,KR6KW0001NJ3,averaging_not_supported
46818,KR6SY00029M6,missing_explicit_survival_coupon
46820,KR6SS0004KR7,payment_lag_not_identifiable_from_maturity
46821,KR6SS0004KS5,payment_lag_not_identifiable_from_maturity
46824,KR6SS0004KP1,payment_lag_not_identifiable_from_maturity
46827,KR6SS0004KQ9,payment_lag_not_identifiable_from_maturity
46841,KR6SY0002A90,missing_explicit_survival_coupon
46842,KR6YT0001BJ5,unsupported_ki_window
46868,KR6ZY0001Q03,missing_explicit_survival_coupon
46885,KR6YT0001C49,monthly_evaluation_outside_life
46891,KR6SS0004LE3,payment_lag_not_identifiable_from_maturity
46892,KR6SS0004L36,payment_lag_not_identifiable_from_maturity
46898,KR6SS0004KT3,payment_lag_not_identifiable_from_maturity
46912,KR6KW0001P60,averaging_not_supported
46914,KR6KW0001P52,averaging_not_supported
46918,KR6KS0003KR6,missing_explicit_survival_coupon
46925,KR6HH0001131,missing_explicit_survival_coupon
46926,KR6HH0001156,missing_explicit_survival_coupon
46931,KR6SS0004MP7,missing_explicit_survival_coupon
46942,KR6MD0004CQ1,missing_explicit_survival_coupon
46944,KR6SS0004MN2,missing_explicit_survival_coupon
46948,KR6SS0004MM4,missing_explicit_survival_coupon
46949,KR6SS0004MH4,missing_explicit_survival_coupon
46950,KR6SS0004M84,missing_explicit_survival_coupon
46954,KR6SS0004MF8,extra_formula_or_level_PMT_1_FRML
46956,KR6KW0001P29,missing_explicit_survival_coupon
46959,KR6YT0001CR6,unsupported_ki_window
46971,KR6SH0004MX4,averaging_not_supported
46975,KR6MD0004CB3,missing_explicit_survival_coupon
46980,KR6SS0004LX3,payment_lag_not_identifiable_from_maturity
47005,KR6KS0003KB0,missing_explicit_survival_coupon
47024,KR6YT0001BR8,unsupported_ki_window
47031,KR6SS0004M01,payment_lag_not_identifiable_from_maturity
47052,KR6SS0004N59,missing_explicit_survival_coupon
47056,KR6HH00011B1,missing_explicit_survival_coupon
47060,KR6KW0001PR1,averaging_not_supported
47062,KR6KW0001PS9,averaging_not_supported
47063,KR6SS0004NA7,missing_explicit_survival_coupon
47064,KR6SS0004NC3,missing_explicit_survival_coupon
47065,KR6SS0004N42,extra_formula_or_level_PMT_1_FRML
47069,KR6SS0004N67,missing_explicit_survival_coupon
47077,20230411002532_15918,missing_explicit_survival_coupon
47097,KR6KW0001PM2,missing_explicit_survival_coupon
47106,KR6YT0001CH7,unsupported_ki_window
47156,KR6SS0004Q49,payment_lag_not_identifiable_from_maturity
47166,KR6YT0001CB0,unsupported_ki_window
47186,KR6YT0001D55,unsupported_ki_window
47203,KR6SS0004P24,missing_explicit_survival_coupon
47208,KR6MD0004DR7,missing_explicit_survival_coupon
47211,KR6SS0004P65,missing_explicit_survival_coupon
47212,KR6SS0004P16,extra_formula_or_level_PMT_1_FRML
47213,KR6SS0004P32,missing_explicit_survival_coupon
47214,KR6KS0003N25,missing_explicit_survival_coupon
47215,KR6SS0004P73,missing_explicit_survival_coupon
47216,KR6YT0001CE4,unsupported_ki_window
47223,KR6KW0001QR9,averaging_not_supported
47224,KR6KW0001QQ1,averaging_not_supported
47226,KR6HH00011Q9,missing_explicit_survival_coupon
47243,KR6SH0004QG0,averaging_not_supported
47299,KR6SY0002B99,missing_explicit_survival_coupon
47302,KR6SS0004MX1,missing_explicit_survival_coupon
47321,KR6MD0004ER5,missing_explicit_survival_coupon
47333,KR6SS0004NY7,payment_lag_not_identifiable_from_maturity
47341,KR6KW0001RN6,averaging_not_supported
47343,KR6HH0001222,missing_explicit_survival_coupon
47350,KR6KW0001RP1,averaging_not_supported
47355,KR6KS0003P80,missing_explicit_survival_coupon
47363,KR6MD0004G36,missing_explicit_survival_coupon
47379,KR6SS0004QD4,payment_lag_not_identifiable_from_maturity
47380,KR6SS0004QJ1,missing_explicit_survival_coupon
47381,KR6SS0004QL7,missing_explicit_survival_coupon
47382,KR6SS0004QK9,missing_explicit_survival_coupon
47383,KR6SS0004QE2,missing_explicit_survival_coupon
47392,KR6SS0004QT0,missing_explicit_survival_coupon
47393,KR6YT0001DP8,unsupported_ki_window
47395,KR6SS0004PH7,payment_lag_not_identifiable_from_maturity
47396,KR6SS0004PQ8,payment_lag_not_identifiable_from_maturity
47401,KR6SS0004PR6,extra_formula_or_level_PMT_1_FRML
47422,KR6YT0001DH5,unsupported_ki_window
47425,KR6KB00055S3,missing_explicit_survival_coupon
47442,KR6KW0001S91,averaging_not_supported
47446,KR6KW0001S83,averaging_not_supported
47453,KR6SS0004RG5,payment_lag_not_identifiable_from_maturity
47454,KR6SS0004R63,missing_explicit_survival_coupon
47469,KR6HH00012B9,missing_explicit_survival_coupon
47486,KR6SS0004PN5,payment_lag_not_identifiable_from_maturity
47507,KR6SS0004R55,missing_explicit_survival_coupon
47508,KR6SS0004R14,missing_explicit_survival_coupon
47509,KR6SS0004PK1,payment_lag_not_identifiable_from_maturity
47516,KR6KS0003QV5,missing_explicit_survival_coupon
47525,KR6SS0004RM3,payment_lag_not_identifiable_from_maturity
47550,KR6MD0004JV6,missing_explicit_survival_coupon
47631,KR6SY0002BS6,missing_explicit_survival_coupon
47644,KR6SY0002DY0,payment_lag_not_identifiable_from_maturity
47648,KR6KW0001SS3,missing_explicit_survival_coupon
47651,KR6SS0004SA6,missing_explicit_survival_coupon
47652,KR6SS0004SB4,missing_explicit_survival_coupon
47656,20230519000195_429,payment_lag_not_identifiable_from_maturity
47660,KR6SS0004SC2,missing_explicit_survival_coupon
47686,KR6SY0002ER2,missing_explicit_survival_coupon
47693,KR6SS0004S62,payment_lag_not_identifiable_from_maturity
47706,KR6SS0004S70,missing_explicit_survival_coupon
47709,KR6KS0003S61,missing_explicit_survival_coupon
47725,KR6HN0003VH1,payment_lag_not_identifiable_from_maturity
47728,KR6YT0001F79,unsupported_ki_window
47736,KR6YT0001ED2,unsupported_ki_window
47738,KR6HN0003VQ2,payment_lag_not_identifiable_from_maturity
47744,KR6HN0003VP4,payment_lag_not_identifiable_from_maturity
47753,KR6KW0001T90,averaging_not_supported
47755,KR6KW0001TA9,averaging_not_supported
47756,KR6KW0001TC5,missing_explicit_survival_coupon
47758,KR6MD0004KK7,missing_explicit_survival_coupon
47763,KR6HH00012Y1,missing_explicit_survival_coupon
47776,KR6YT0001ET8,unsupported_ki_window
47795,KR6SS0004T95,payment_lag_not_identifiable_from_maturity
47796,KR6SS0004TC0,payment_lag_not_identifiable_from_maturity
47823,KR6KS0003TG0,missing_explicit_survival_coupon
47825,KR6YT0001EP6,unsupported_ki_window
47832,KR6SY0002HQ7,missing_explicit_survival_coupon
47848,KR6SS0004SX8,missing_explicit_survival_coupon
47849,KR6SS0004SW0,missing_explicit_survival_coupon
47854,20230530000208_28924,payment_lag_not_identifiable_from_maturity
47858,KR6SS0004ST6,missing_explicit_survival_coupon
47859,KR6SS0004SY6,missing_explicit_survival_coupon
47867,KR6KW0001VG2,averaging_not_supported
47874,KR6KW0001V88,missing_explicit_survival_coupon
47878,KR6HH0001396,missing_explicit_survival_coupon
47890,KR6KW0001VF4,averaging_not_supported
47912,KR6YT0001F87,unsupported_ki_window
47916,KR6KS0003VB7,extra_formula_or_level_PMT_EXTRA
47921,KR6KS0003VA9,extra_formula_or_level_PMT_EXTRA
47955,KR6SS0004TJ5,payment_lag_not_identifiable_from_maturity
47965,KR6BK0000JL3,invalid_evaluation_dates
47983,KR6YT0001F46,unsupported_ki_window
47984,KR6KW0001WB1,missing_explicit_survival_coupon
47985,KR6SY0002J59,missing_explicit_survival_coupon
48001,20230607000130_28939,payment_lag_not_identifiable_from_maturity
48004,KR6YT0001F38,unsupported_ki_window
48007,KR6KW0001W38,averaging_not_supported
48008,KR6KW0001W20,averaging_not_supported
48009,KR6SS0004V26,missing_explicit_survival_coupon
48010,KR6SS0004V34,missing_explicit_survival_coupon
48013,KR6SS0004V18,missing_explicit_survival_coupon
48015,KR6MD0004NB0,missing_explicit_survival_coupon
48016,KR6MD0004L39,missing_explicit_survival_coupon
48021,KR6HH00013K8,missing_explicit_survival_coupon
48023,KR6SS0004TZ1,missing_explicit_survival_coupon
48049,KR6KS0003WJ8,extra_formula_or_level_PMT_EXTRA
48050,KR6KS0003WK6,extra_formula_or_level_PMT_EXTRA
48068,KR6SS0004W09,payment_lag_not_identifiable_from_maturity
48069,KR6SS0004W17,payment_lag_not_identifiable_from_maturity
48101,KR6YT0001FL2,unsupported_ki_window
48102,KR6YT0001FM0,unsupported_ki_window
48114,KR6MD0004MM9,missing_explicit_survival_coupon
48128,KR6YT0001FP3,unsupported_ki_window
48130,KR6YT0001G11,unsupported_ki_window
48134,20230613000392_5138,unsupported_ki_window
48137,KR6SS0004VM5,missing_explicit_survival_coupon
48139,KR6KW0001X29,missing_explicit_survival_coupon
48143,KR6KW0001X60,averaging_not_supported
48145,KR6HH0001446,missing_explicit_survival_coupon
48148,KR6HH0001420,missing_explicit_survival_coupon
48153,KR6KW0001X52,averaging_not_supported
48159,KR6SS0004VG7,payment_lag_not_identifiable_from_maturity
48160,KR6SS0004VL7,missing_explicit_survival_coupon
48161,KR6SS0004VJ1,missing_explicit_survival_coupon
48171,KR6SS0004WY8,payment_lag_not_identifiable_from_maturity
48172,KR6SS0004X08,payment_lag_not_identifiable_from_maturity
48181,KR6YT0001FX7,extra_formula_or_level_PMT_EXTRA
48204,KR6SH0004YE9,extra_formula_or_level_PMT_EXTRA
48225,KR6KS0003XX7,missing_explicit_survival_coupon
48226,KR6KB0005DB6,missing_explicit_survival_coupon
48231,KR6SS0004WV4,missing_explicit_survival_coupon
48235,KR6KS0003XW9,missing_explicit_survival_coupon
48249,KR6KW0001YA9,averaging_not_supported
48255,KR6KW0001Y69,missing_explicit_survival_coupon
48256,KR6KW0001YB7,averaging_not_supported
48258,20230621000011_28977,missing_explicit_survival_coupon
48261,KR6MD0004PY7,missing_explicit_survival_coupon
48262,KR6SS0004WB6,missing_explicit_survival_coupon
48263,KR6HH00014B5,missing_explicit_survival_coupon
48265,20230621000011_28971,payment_lag_not_identifiable_from_maturity
48272,KR6SS0004WF7,missing_explicit_survival_coupon
48273,KR6SS0004WH3,missing_explicit_survival_coupon
48283,KR6YT0001GE5,monthly_evaluation_outside_life
48344,KR6SS0004W33,payment_lag_not_identifiable_from_maturity
48364,KR6KS0003ZC6,missing_explicit_survival_coupon
48371,20230628000148_28987,payment_lag_not_identifiable_from_maturity
48374,KR6SS0004XC2,missing_explicit_survival_coupon
48377,KR6KW0001ZF5,averaging_not_supported
48378,KR6SS0004X81,missing_explicit_survival_coupon
48380,KR6YT0001GD7,unsupported_ki_window
48382,KR6YT0001GC9,unsupported_ki_window
48384,KR6HH00014V3,missing_explicit_survival_coupon
48385,KR6SS0004XD0,missing_explicit_survival_coupon
48387,KR6HH00014S9,missing_explicit_survival_coupon
48397,KR6KW0001ZE8,averaging_not_supported
48404,KR6KW0001Z68,missing_explicit_survival_coupon
48407,KR6SS0004XB4,missing_explicit_survival_coupon
48416,KR6ZY0002235,missing_explicit_survival_coupon
48420,KR6SS0004YF3,payment_lag_not_identifiable_from_maturity
48421,KR6KS0003YQ9,extra_formula_or_level_PMT_EXTRA
48437,KR6SS0004YH9,payment_lag_not_identifiable_from_maturity
48482,KR6KS00040F3,missing_explicit_survival_coupon
48490,KR6HH0001578,missing_explicit_survival_coupon
48497,KR6MD0004S24,missing_explicit_survival_coupon
48499,KR6ZY00022F6,missing_explicit_survival_coupon
48505,KR6SS0004XX8,missing_explicit_survival_coupon
48507,KR6HH0001594,missing_explicit_survival_coupon
48513,KR6SS0004Y23,missing_explicit_survival_coupon
48514,KR6SS0004Y15,missing_explicit_survival_coupon
48515,KR6SS0004YM9,missing_explicit_survival_coupon
48516,KR6KW00020M5,averaging_not_supported
48517,KR6KW00020L7,averaging_not_supported
48520,KR6KW00020F9,missing_explicit_survival_coupon
48527,KR6SS0004XY6,missing_explicit_survival_coupon
48530,KR6YT0001HF0,unsupported_ki_window
48534,KR6YT0001GX5,unsupported_ki_window
48535,KR6HM0000PF5,payment_lag_not_identifiable_from_maturity
48536,KR6SH00050T8,payment_lag_not_identifiable_from_maturity
48539,KR6SH00051K5,payment_lag_not_identifiable_from_maturity
48541,KR6SH00050X0,payment_lag_not_identifiable_from_maturity
48556,KR6SY0002KB3,payment_lag_not_identifiable_from_maturity
48557,KR6SY0002KA5,payment_lag_not_identifiable_from_maturity
48562,KR6NH00033R3,payment_lag_not_identifiable_from_maturity
48563,KR6SH00050J9,extra_formula_or_level_PMT_EXTRA
48568,KR6NH00033Q5,payment_lag_not_identifiable_from_maturity
48574,KR6SH00050K7,extra_formula_or_level_PMT_EXTRA
48575,KR6ZW0001TJ8,payment_lag_not_identifiable_from_maturity
48579,KR6BK0000KT4,payment_lag_not_identifiable_from_maturity
48583,KR6SH00050G5,payment_lag_not_identifiable_from_maturity
48588,KR6KS00041D6,missing_explicit_survival_coupon
48589,KR6KS0004169,payment_lag_not_identifiable_from_maturity
48590,KR6ZW0001TK6,payment_lag_not_identifiable_from_maturity
48592,KR6KS0004193,payment_lag_not_identifiable_from_maturity
48594,KR6YT0001HC7,unsupported_ki_window
48596,KR6YT0001HB9,unsupported_ki_window
48597,KR6ZW0001TL4,payment_lag_not_identifiable_from_maturity
48598,KR6KS0004151,payment_lag_not_identifiable_from_maturity
48599,KR6KS0004177,payment_lag_not_identifiable_from_maturity
48600,KR6KS0004144,payment_lag_not_identifiable_from_maturity
48601,KR6KS00041C8,payment_lag_not_identifiable_from_maturity
48602,KR6KS00041P0,payment_lag_not_identifiable_from_maturity
48603,KR6KS00041N5,payment_lag_not_identifiable_from_maturity
48604,KR6KS00041B0,payment_lag_not_identifiable_from_maturity
48605,KR6KS00041A2,payment_lag_not_identifiable_from_maturity
48606,KR6NH00033K8,payment_lag_not_identifiable_from_maturity
48607,KR6NH00033J0,payment_lag_not_identifiable_from_maturity
48608,KR6KS0004185,payment_lag_not_identifiable_from_maturity
48611,KR6KW00021Q4,averaging_not_supported
48612,KR6SS0004YX6,missing_explicit_survival_coupon
48614,KR6KW00021N1,missing_explicit_survival_coupon
48615,KR6SS0004YR8,missing_explicit_survival_coupon
48616,KR6SS0004YS6,missing_explicit_survival_coupon
48617,KR6SS0004YW8,missing_explicit_survival_coupon
48629,KR6KW00021R2,averaging_not_supported
48632,KR6HH00015G1,missing_explicit_survival_coupon
48669,KR6KS0004136,extra_formula_or_level_PMT_EXTRA
48698,KR6YT0001HT1,unsupported_ki_window
48708,20230717000328_16255,missing_explicit_survival_coupon
48710,KR6KS00042B8,missing_explicit_survival_coupon
48721,KR6KW0002330,averaging_not_supported
48726,KR6KW0002306,missing_explicit_survival_coupon
48738,KR6MD0004V11,missing_explicit_survival_coupon
48741,KR6HH00015M9,missing_explicit_survival_coupon
48743,KR6KW0002348,averaging_not_supported
48746,KR6SS0004ZB9,missing_explicit_survival_coupon
48747,KR6SS0004ZE3,missing_explicit_survival_coupon
48748,KR6SS0004ZF0,missing_explicit_survival_coupon
48749,KR6SS0004ZC7,missing_explicit_survival_coupon
48752,KR6SH00051A6,missing_explicit_survival_coupon
48777,KR6KS0004201,extra_formula_or_level_PMT_EXTRA
48796,KR6SS0005037,payment_lag_not_identifiable_from_maturity
48812,KR6KS00043R2,missing_explicit_survival_coupon
48815,KR6KS00043S0,missing_explicit_survival_coupon
48825,KR6MD0004TG6,missing_explicit_survival_coupon
48829,KR6YT0001J75,unsupported_ki_window
48830,KR6YT0001J67,unsupported_ki_window
48833,KR6KW0002496,missing_explicit_survival_coupon
48837,KR6SS0005094,missing_explicit_survival_coupon
48851,KR6SS00050A5,missing_explicit_survival_coupon
48852,KR6SS0005078,missing_explicit_survival_coupon
48853,KR6KW00024E4,averaging_not_supported
48857,KR6HH0001636,missing_explicit_survival_coupon
48860,KR6KW00024D6,averaging_not_supported
48900,KR6KS00043D2,extra_formula_or_level_PMT_EXTRA
48914,KR6SS00051G0,payment_lag_not_identifiable_from_maturity
48927,KR6SH0005337,missing_explicit_survival_coupon
48932,KR6KS00044P4,missing_explicit_survival_coupon
48933,KR6SS0005128,payment_lag_not_identifiable_from_maturity
48934,KR6KW00025C5,averaging_not_supported
48935,KR6KW00025D3,averaging_not_supported
48938,KR6SS0005136,missing_explicit_survival_coupon
48939,KR6SS0005102,missing_explicit_survival_coupon
48946,KR6KW0002587,missing_explicit_survival_coupon
48952,KR6HH00016B0,missing_explicit_survival_coupon
48954,KR6HH00016C8,missing_explicit_survival_coupon
48979,KR6YT0001KL2,unsupported_ki_window
49035,KR6SS00050G2,payment_lag_not_identifiable_from_maturity
49047,KR6ZY00026B6,missing_explicit_survival_coupon
49050,KR6MD0004WY3,missing_explicit_survival_coupon
49068,KR6SY0002MP9,extra_formula_or_level_PMT_EXTRA
49110,KR6SS00052Q7,missing_explicit_survival_coupon
49111,KR6SS00052H6,missing_explicit_survival_coupon
49116,KR6SS00052K0,missing_explicit_survival_coupon
49121,KR6SS00052P9,missing_explicit_survival_coupon
49122,KR6SS00052L8,missing_explicit_survival_coupon
49136,KR6KW00026T7,averaging_not_supported
49141,KR6KW00026Q3,missing_explicit_survival_coupon
49147,KR6YT0001KW9,unsupported_ki_window
49149,KR6KW00026V3,averaging_not_supported
49151,KR6HH00016Z9,missing_explicit_survival_coupon
49154,KR6HH00016Y2,missing_explicit_survival_coupon
49156,KR6HH00016X4,missing_explicit_survival_coupon
49185,KR6SS00052V7,payment_lag_not_identifiable_from_maturity
49193,KR6SS00052R5,payment_lag_not_identifiable_from_maturity
49252,KR6ZY00027Y6,missing_explicit_survival_coupon
49254,KR6SS00053K8,missing_explicit_survival_coupon
49255,KR6SS00053J0,missing_explicit_survival_coupon
49256,KR6SS00053L6,missing_explicit_survival_coupon
49257,KR6SS00053G6,missing_explicit_survival_coupon
49260,KR6KW00028H8,averaging_not_supported
49261,KR6KW00028J4,averaging_not_supported
49269,KR6MD00050G5,missing_explicit_survival_coupon
49277,KR6KW00028E5,missing_explicit_survival_coupon
49280,KR6HH0001743,missing_explicit_survival_coupon
49282,KR6HH0001750,missing_explicit_survival_coupon
49317,KR6KS00046R5,extra_formula_or_level_PMT_EXTRA
49319,KR6SS0005318,payment_lag_not_identifiable_from_maturity
49328,KR6SS0005326,payment_lag_not_identifiable_from_maturity
49362,KR6KS00048A7,missing_explicit_survival_coupon
49363,KR6SH00056J6,missing_explicit_survival_coupon
49368,20230822000401_24791,missing_explicit_survival_coupon
49394,KR6SS00054D1,missing_explicit_survival_coupon
49395,KR6SS00054E9,missing_explicit_survival_coupon
49398,KR6SS00054A7,missing_explicit_survival_coupon
49401,KR6SS00054C3,missing_explicit_survival_coupon
49406,KR6KW00029H6,missing_explicit_survival_coupon
49412,KR6HH00017C6,missing_explicit_survival_coupon
49424,KR6HH00017B8,missing_explicit_survival_coupon
49426,KR6KW00029P9,averaging_not_supported
49430,KR6KW00029Q7,averaging_not_supported
49447,KR6SS00054L4,payment_lag_not_identifiable_from_maturity
49452,KR6KS00047V5,extra_formula_or_level_PMT_EXTRA
49455,KR6SS00055J5,payment_lag_not_identifiable_from_maturity
49502,KR6YT0001LT3,unsupported_ki_window
49504,KR6KS0004961,missing_explicit_survival_coupon
49517,KR6SS0005581,missing_explicit_survival_coupon
49519,KR6YT0001LV9,unsupported_ki_window
49520,KR6SS0005540,missing_explicit_survival_coupon
49521,KR6SS0005565,missing_explicit_survival_coupon
49522,KR6SS0005573,missing_explicit_survival_coupon
49525,KR6HH00017M5,missing_explicit_survival_coupon
49527,KR6KW0002AV3,missing_explicit_survival_coupon
49531,KR6MD00052W8,missing_explicit_survival_coupon
49549,KR6KW0002B16,averaging_not_supported
49554,KR6KW0002B24,averaging_not_supported
49558,KR6SY0002QJ3,missing_explicit_survival_coupon
49585,KR6SS00054N0,payment_lag_not_identifiable_from_maturity
49586,KR6SS00054Z4,payment_lag_not_identifiable_from_maturity
49589,20230906000363_29122,payment_lag_not_identifiable_from_maturity
49592,KR6KS00049Q1,extra_formula_or_level_PMT_EXTRA
49600,KR6KS00049T5,missing_explicit_survival_coupon
49601,KR6SS0005607,missing_explicit_survival_coupon
49602,KR6SS0005615,missing_explicit_survival_coupon
49605,KR6SS00055N7,missing_explicit_survival_coupon
49606,KR6SS00055S6,missing_explicit_survival_coupon
49608,20230918000270_29153,missing_explicit_survival_coupon
49614,KR6SS00055Z1,missing_explicit_survival_coupon
49627,KR6SS00055R8,missing_explicit_survival_coupon
49634,KR6SS0005722,payment_lag_not_identifiable_from_maturity
49649,KR6KW0002BZ2,missing_explicit_survival_coupon
49663,KR6SH00058W5,missing_explicit_survival_coupon
49674,KR6KW0002C31,averaging_not_supported
49681,KR6SS0005714,payment_lag_not_identifiable_from_maturity
49694,KR6SS0005730,payment_lag_not_identifiable_from_maturity
49724,KR6SS0005755,payment_lag_not_identifiable_from_maturity
49726,KR6KS0004AQ7,extra_formula_or_level_PMT_EXTRA
49757,KR6MD00053F1,missing_explicit_survival_coupon
49764,KR6SS00056T2,missing_explicit_survival_coupon
49765,KR6SS00056R6,missing_explicit_survival_coupon
49766,KR6SS00056S4,missing_explicit_survival_coupon
49767,KR6KS0004BM4,missing_explicit_survival_coupon
49774,KR6SS00056P0,missing_explicit_survival_coupon
49786,KR6MD00055P5,missing_explicit_survival_coupon
49788,KR6KW0002D48,missing_explicit_survival_coupon
49793,KR6KW0002DC7,averaging_not_supported
49811,KR6HH00018B6,missing_explicit_survival_coupon
49823,KR6KW0002DB9,averaging_not_supported
49834,KR6KS0004AZ8,extra_formula_or_level_PMT_EXTRA
49853,KR6SH0005BQ8,missing_explicit_survival_coupon
49861,KR6SS0005680,payment_lag_not_identifiable_from_maturity
49862,KR6SS0005698,payment_lag_not_identifiable_from_maturity
49914,KR6HH00018J9,missing_explicit_survival_coupon
49918,KR6KW0002ED3,averaging_not_supported
49928,KR6KW0002EE1,averaging_not_supported
49931,KR6KW0002E70,missing_explicit_survival_coupon
49941,KR6KS0004CQ3,missing_explicit_survival_coupon
49957,KR6YT0001NS1,unsupported_ki_window
49958,KR6YT0001P69,unsupported_ki_window
49964,KR6SS00057P8,missing_explicit_survival_coupon
49965,KR6SS00057N3,missing_explicit_survival_coupon
49966,KR6SS00057M5,missing_explicit_survival_coupon
49967,KR6SS00057J1,missing_explicit_survival_coupon
49968,KR6SS00057K9,missing_explicit_survival_coupon
49969,KR6SS00057Q6,missing_explicit_survival_coupon
49970,KR6SS0005771,missing_explicit_survival_coupon
49981,KR6SS0005789,payment_lag_not_identifiable_from_maturity
49983,KR6SS00057E2,payment_lag_not_identifiable_from_maturity
49987,KR6KS0004C68,extra_formula_or_level_PMT_EXTRA
50050,KR6KW0002FK5,averaging_not_supported
50060,KR6KS0004DW9,missing_explicit_survival_coupon
50066,KR6KW0002FJ7,averaging_not_supported
50079,KR6HH00018Q4,missing_explicit_survival_coupon
50080,KR6HH00018R2,missing_explicit_survival_coupon
50082,KR6MD00058J2,missing_explicit_survival_coupon
50085,KR6KW0002FB4,missing_explicit_survival_coupon
50089,KR6SH0005DR2,missing_explicit_survival_coupon
50095,KR6YT0001PH9,unsupported_ki_window
50097,KR6YT0001P28,unsupported_ki_window
50112,KR6SS0005854,payment_lag_not_identifiable_from_maturity
50117,KR6KS0004DG2,extra_formula_or_level_PMT_EXTRA
50131,KR6SS0005847,payment_lag_not_identifiable_from_maturity
50132,KR6SS0005839,payment_lag_not_identifiable_from_maturity
50138,KR6SS00058W2,missing_explicit_survival_coupon
50139,KR6SS00058R2,missing_explicit_survival_coupon
50140,KR6SS00058P6,missing_explicit_survival_coupon
50144,KR6SS00058X0,missing_explicit_survival_coupon
50146,KR6SS00058V4,missing_explicit_survival_coupon
50156,KR6SS00058M3,missing_explicit_survival_coupon
50194,KR6YT0001PD8,unsupported_ki_window
50195,KR6HH0001917,missing_explicit_survival_coupon
50198,KR6HH0001925,missing_explicit_survival_coupon
50202,KR6KW0002GV0,averaging_not_supported
50203,KR6KW0002GW8,averaging_not_supported
50207,KR6KS0004EZ0,missing_explicit_survival_coupon
50218,KR6KW0002GM9,missing_explicit_survival_coupon
50260,KR6SS00059V2,missing_explicit_survival_coupon
50261,KR6SS00059X8,missing_explicit_survival_coupon
50262,KR6SS00059Y6,missing_explicit_survival_coupon
50263,KR6SS00059Z3,missing_explicit_survival_coupon
50264,KR6SS00059T6,missing_explicit_survival_coupon
50277,KR6SH0005F69,missing_explicit_survival_coupon
50278,KR6SH0005F51,missing_explicit_survival_coupon
50282,KR6SS00059S8,missing_explicit_survival_coupon
50290,20231018000356_29202,payment_lag_not_identifiable_from_maturity
50292,KR6SS00058A8,payment_lag_not_identifiable_from_maturity
50294,KR6SS00058B6,payment_lag_not_identifiable_from_maturity
50295,KR6SS00058C4,payment_lag_not_identifiable_from_maturity
50304,KR6YT0001PV0,unsupported_ki_window
50342,KR6KW0002HP0,missing_explicit_survival_coupon
50353,KR6KW0002HR6,averaging_not_supported
50358,KR6KS0004G49,missing_explicit_survival_coupon
50362,KR6HH00019A6,missing_explicit_survival_coupon
50385,KR6KS0004FQ6,extra_formula_or_level_PMT_EXTRA
50392,KR6SS0005AP9,missing_explicit_survival_coupon
50395,KR6SS0005AG8,missing_explicit_survival_coupon
50400,KR6SS0005AM6,missing_explicit_survival_coupon
50401,KR6SS0005AJ2,missing_explicit_survival_coupon
50402,KR6SS0005AK0,missing_explicit_survival_coupon
50425,KR6SS00059B4,payment_lag_not_identifiable_from_maturity
50428,KR6SS0005995,payment_lag_not_identifiable_from_maturity
50429,KR6SS0005961,payment_lag_not_identifiable_from_maturity
50430,KR6SS0005979,payment_lag_not_identifiable_from_maturity
50437,KR6SS00059A6,payment_lag_not_identifiable_from_maturity
50440,KR6SS0005AY1,payment_lag_not_identifiable_from_maturity
50449,KR6MD0005AX8,missing_explicit_survival_coupon
50490,KR6SY0002SQ4,extra_formula_or_level_PMT_EXTRA
50501,KR6KS0004HK5,missing_explicit_survival_coupon
50543,KR6SY0002V79,missing_explicit_survival_coupon
50554,KR6SS0005BA9,missing_explicit_survival_coupon
50555,KR6SS0005BB7,missing_explicit_survival_coupon
50556,KR6SS0005B60,missing_explicit_survival_coupon
50557,KR6SS0005B86,missing_explicit_survival_coupon
50559,KR6SS0005BF8,missing_explicit_survival_coupon
50561,KR6SS0005BE1,missing_explicit_survival_coupon
50563,KR6KW0002K80,missing_explicit_survival_coupon
50566,KR6KW0002KB4,averaging_not_supported
50569,KR6MD0005CV8,missing_explicit_survival_coupon
50590,KR6HH00019V2,missing_explicit_survival_coupon
50597,KR6ZW00024A5,averaging_not_supported
50605,KR6SS0005C51,payment_lag_not_identifiable_from_maturity
50606,KR6SS0005BX1,payment_lag_not_identifiable_from_maturity
50607,KR6SS0005C69,payment_lag_not_identifiable_from_maturity
50608,KR6SS0005C02,payment_lag_not_identifiable_from_maturity
50610,KR6SS0005BZ6,payment_lag_not_identifiable_from_maturity
50614,KR6SS0005BV5,payment_lag_not_identifiable_from_maturity
50615,KR6SS0005BS1,payment_lag_not_identifiable_from_maturity
50624,KR6KS0004JL9,extra_formula_or_level_PMT_EXTRA
50628,KR6SS0005C28,payment_lag_not_identifiable_from_maturity
50629,KR6SS0005BQ5,payment_lag_not_identifiable_from_maturity
50630,KR6SS0005C10,payment_lag_not_identifiable_from_maturity
50632,KR6SS0005BY9,payment_lag_not_identifiable_from_maturity
50635,KR6SS0005BW3,payment_lag_not_identifiable_from_maturity
50652,KR6SS0005BR3,payment_lag_not_identifiable_from_maturity
50653,KR6SS0005C36,payment_lag_not_identifiable_from_maturity
50669,KR6SH0005JM0,missing_explicit_survival_coupon
50673,KR6KW0002LX6,averaging_not_supported
50684,KR6SS0005D43,missing_explicit_survival_coupon
50688,KR6SS0005D68,missing_explicit_survival_coupon
50689,KR6SS0005D27,missing_explicit_survival_coupon
50695,KR6SS0005CJ8,payment_lag_not_identifiable_from_maturity
50697,KR6SS0005D84,missing_explicit_survival_coupon
50698,KR6HH0001A61,missing_explicit_survival_coupon
50699,KR6SS0005D76,missing_explicit_survival_coupon
50700,KR6HH0001A53,missing_explicit_survival_coupon
50704,KR6KS0004KM5,missing_explicit_survival_coupon
50710,KR6SS0005CE9,payment_lag_not_identifiable_from_maturity
50711,KR6SS0005CA7,payment_lag_not_identifiable_from_maturity
50716,KR6SS0005CB5,payment_lag_not_identifiable_from_maturity
50718,KR6SS0005CC3,payment_lag_not_identifiable_from_maturity
50729,KR6SS0005CF6,payment_lag_not_identifiable_from_maturity
50752,KR6KS0004K27,extra_formula_or_level_PMT_EXTRA
50775,KR6SH0005KW7,missing_explicit_survival_coupon
50794,KR6HH0001AD0,missing_explicit_survival_coupon
50799,KR6KW0002MR6,averaging_not_supported
50801,KR6MD0005EQ4,missing_explicit_survival_coupon
50809,KR6SY0002X51,missing_explicit_survival_coupon
50825,KR6MD0005E94,extra_formula_or_level_PMT_EXTRA
50828,KR6KS0004L67,extra_formula_or_level_PMT_EXTRA
50845,KR6KS0004LR2,missing_explicit_survival_coupon
50862,KR6SS0005DZ2,missing_explicit_survival_coupon
50863,KR6SS0005E42,missing_explicit_survival_coupon
50867,KR6SS0005E18,missing_explicit_survival_coupon
50869,KR6SS0005E34,missing_explicit_survival_coupon
50885,KR6KW0002ND4,missing_explicit_survival_coupon
50889,KR6KW0002NJ1,averaging_not_supported
50891,KR6KW0002NK9,averaging_not_supported
50922,KR6MD0005FC1,extra_formula_or_level_PMT_EXTRA
50936,KR6KS0004NC0,missing_explicit_survival_coupon
50955,KR6SH0005ND1,missing_explicit_survival_coupon
50957,KR6SS0005ET3,missing_explicit_survival_coupon
50961,KR6SS0005EV9,missing_explicit_survival_coupon
50962,KR6HH0001AN9,missing_explicit_survival_coupon
50964,KR6SS0005EQ9,missing_explicit_survival_coupon
50965,KR6SS0005EP1,missing_explicit_survival_coupon
50970,KR6SS0005ER7,missing_explicit_survival_coupon
50998,KR6SS0005EB1,payment_lag_not_identifiable_from_maturity
51038,KR6SS0005EA3,payment_lag_not_identifiable_from_maturity
51048,KR6SS0005E91,payment_lag_not_identifiable_from_maturity
51050,KR6SS0005E83,payment_lag_not_identifiable_from_maturity
51062,KR6SS0005FH5,missing_explicit_survival_coupon
51063,KR6SS0005FJ1,missing_explicit_survival_coupon
51064,KR6SS0005FM5,missing_explicit_survival_coupon
51071,KR6SS0005F33,payment_lag_not_identifiable_from_maturity
51072,KR6SS0005FL7,missing_explicit_survival_coupon
51073,KR6SS0005FN3,missing_explicit_survival_coupon
51074,KR6SY0002Y01,missing_explicit_survival_coupon
51075,KR6SS0005FR4,missing_explicit_survival_coupon
51076,KR6SS0005FQ6,missing_explicit_survival_coupon
51092,KR6SS0005F17,payment_lag_not_identifiable_from_maturity
51093,KR6KS0004PE1,extra_formula_or_level_PMT_EXTRA
51097,KR6SS0005F25,payment_lag_not_identifiable_from_maturity
51104,KR6SS0005F09,payment_lag_not_identifiable_from_maturity
51105,KR6KS0004QB5,missing_explicit_survival_coupon
51111,KR6KW0002PN8,missing_explicit_survival_coupon
51123,KR6KW0002PV1,averaging_not_supported
51124,KR6KW0002PT5,averaging_not_supported
51134,KR6SH0005Q66,missing_explicit_survival_coupon
51142,KR6SS0005HF5,payment_lag_not_identifiable_from_maturity
51158,KR6SS0005HD0,payment_lag_not_identifiable_from_maturity
51164,KR6SS0005HE8,payment_lag_not_identifiable_from_maturity
51169,KR6KS0004QL4,extra_formula_or_level_PMT_EXTRA
51170,KR6SS0005GT8,missing_explicit_survival_coupon
51171,KR6SS0005GS0,missing_explicit_survival_coupon
51176,KR6SS0005HG3,payment_lag_not_identifiable_from_maturity
51177,KR6SS0005GR2,missing_explicit_survival_coupon
51184,KR6SS0005GM3,missing_explicit_survival_coupon
51185,KR6SS0005GQ4,missing_explicit_survival_coupon
51197,KR6KW0002QD7,missing_explicit_survival_coupon
51199,KR6KW0002QK2,averaging_not_supported
51201,KR6HH0001B45,missing_explicit_survival_coupon
51204,KR6KW0002QL0,averaging_not_supported
51224,KR6YT0001TV2,unsupported_ki_window
51241,KR6SS0005G99,payment_lag_not_identifiable_from_maturity
51244,KR6SS0005G81,payment_lag_not_identifiable_from_maturity
51248,KR6KS0004RP3,extra_formula_or_level_PMT_EXTRA
51251,KR6SS0005GB6,payment_lag_not_identifiable_from_maturity
51253,KR6SS0005GC4,payment_lag_not_identifiable_from_maturity
51254,KR6SS0005GD2,payment_lag_not_identifiable_from_maturity
51259,KR6SS0005GA8,payment_lag_not_identifiable_from_maturity
51260,KR6SS0005HP4,missing_explicit_survival_coupon
51261,KR6SS0005HT6,missing_explicit_survival_coupon
51267,KR6SS0005HX8,missing_explicit_survival_coupon
51276,KR6KS0004S94,missing_explicit_survival_coupon
51283,KR6KS0004SA3,missing_explicit_survival_coupon
51293,KR6HH0001BA4,missing_explicit_survival_coupon
51296,KR6KW0002RE3,averaging_not_supported
51313,KR6KW0002R83,missing_explicit_survival_coupon
51317,KR6KW0002RF0,averaging_not_supported
51327,KR6YT0001VC8,unsupported_ki_window
51333,KR6SS0005H64,payment_lag_not_identifiable_from_maturity
51335,KR6SS0005H49,payment_lag_not_identifiable_from_maturity
51338,KR6SS0005H31,payment_lag_not_identifiable_from_maturity
51339,KR6MD0005KQ1,extra_formula_or_level_PMT_EXTRA
51354,KR6SS0005JN5,payment_lag_not_identifiable_from_maturity
51363,KR6SS0005H56,payment_lag_not_identifiable_from_maturity
51365,KR6SS0005JF1,missing_explicit_survival_coupon
51367,KR6SS0005JB0,missing_explicit_survival_coupon
51372,KR6SS0005JE4,missing_explicit_survival_coupon
51390,KR6KS0004TB9,missing_explicit_survival_coupon
51408,KR6HH0001BG1,missing_explicit_survival_coupon
51411,KR6KW0002RZ8,missing_explicit_survival_coupon
51424,KR6KW0002S74,averaging_not_supported
51425,KR6KW0002S66,averaging_not_supported
51454,KR6SS0005J39,payment_lag_not_identifiable_from_maturity
51457,KR6SS0005J47,payment_lag_not_identifiable_from_maturity
51459,KR6MD0005LP1,extra_formula_or_level_PMT_EXTRA
51480,KR6SS0005K85,missing_explicit_survival_coupon
51481,KR6SS0005K93,missing_explicit_survival_coupon
51483,KR6SS0005KB8,missing_explicit_survival_coupon
51500,KR6MD0005MW5,missing_explicit_survival_coupon
51502,KR6KW0002SZ6,averaging_not_supported
51504,KR6KW0002T08,averaging_not_supported
51505,KR6KW0002SS1,missing_explicit_survival_coupon
51533,KR6SS0005JQ8,payment_lag_not_identifiable_from_maturity
51542,KR6SS0005JR6,payment_lag_not_identifiable_from_maturity
51567,KR6SS0005L43,missing_explicit_survival_coupon
51568,KR6YT0001X51,unsupported_ki_window
51569,KR6KS0004WB3,missing_explicit_survival_coupon
51571,KR6KS0004WA5,missing_explicit_survival_coupon
51572,KR6SS0005L50,missing_explicit_survival_coupon
51573,KR6SS0005L35,missing_explicit_survival_coupon
51579,KR6SS0005L01,missing_explicit_survival_coupon
51606,KR6KW0002TP5,missing_explicit_survival_coupon
51612,KR6KW0002TY7,averaging_not_supported
51618,KR6KW0002TX9,averaging_not_supported
51641,KR6KS0004X89,missing_explicit_survival_coupon
51642,KR6KS0004X14,missing_explicit_survival_coupon
51650,KR6KS0004X22,missing_explicit_survival_coupon
51657,KR6SS0005M00,missing_explicit_survival_coupon
51658,KR6SS0005LY8,missing_explicit_survival_coupon
51660,KR6SS0005LW2,missing_explicit_survival_coupon
51661,KR6SS0005LV4,missing_explicit_survival_coupon
51663,KR6MD0005QB0,missing_explicit_survival_coupon
51667,KR6KW0002VM8,averaging_not_supported
51677,KR6KW0002VE5,missing_explicit_survival_coupon
51684,KR6KW0002VN6,averaging_not_supported
51695,KR6SS0005LH3,payment_lag_not_identifiable_from_maturity
51707,KR6KS0004Y88,missing_explicit_survival_coupon
51731,KR6KW0002WB9,missing_explicit_survival_coupon
51736,KR6KW0002WH6,averaging_not_supported
51737,KR6HH0001BS6,missing_explicit_survival_coupon
51738,KR6KW0002WJ2,averaging_not_supported
51765,KR6SS0005MW0,missing_explicit_survival_coupon
51767,KR6SS0005MY6,missing_explicit_survival_coupon
51770,KR6SS0005MT6,missing_explicit_survival_coupon
51771,KR6SS0005MS8,missing_explicit_survival_coupon
51790,KR6KW0002XC5,averaging_not_supported
51793,KR6KW0002XE1,averaging_not_supported
51796,KR6KW0002XD3,averaging_not_supported
51798,KR6KW0002X77,missing_explicit_survival_coupon
51828,KR6HH0001BW8,missing_explicit_survival_coupon
51845,KR6SS0005NZ1,missing_explicit_survival_coupon
51846,KR6SS0005P15,missing_explicit_survival_coupon
51847,KR6SS0005P23,missing_explicit_survival_coupon
51848,KR6SS0005P31,missing_explicit_survival_coupon
51862,KR6SS0005PB7,payment_lag_not_identifiable_from_maturity
51864,KR6SS0005PW3,missing_explicit_survival_coupon
51865,KR6SS0005Q06,missing_explicit_survival_coupon
51869,20240326000554_29474,missing_explicit_survival_coupon
51874,KR6KW0002YN0,averaging_not_supported
51877,KR6KW0002YP5,averaging_not_supported
51878,KR6KW0002YQ3,averaging_not_supported
51885,KR6SY00030T9,missing_explicit_survival_coupon
51888,KR6KS00050P1,missing_explicit_survival_coupon
51902,KR6SS0005PH4,payment_lag_not_identifiable_from_maturity
51903,KR6SS0005PG6,payment_lag_not_identifiable_from_maturity
51913,KR6SS0005QT7,missing_explicit_survival_coupon
51914,KR6SS0005QM2,payment_lag_not_identifiable_from_maturity
51915,KR6SS0005PK8,payment_lag_not_identifiable_from_maturity
51916,KR6SS0005QP5,missing_explicit_survival_coupon
51917,KR6SS0005QQ3,missing_explicit_survival_coupon
51918,KR6SS0005QS9,missing_explicit_survival_coupon
51923,KR6KW0002Z34,averaging_not_supported
51926,KR6KW0002Z26,averaging_not_supported
51939,KR6KW0002YX9,missing_explicit_survival_coupon
51946,KR6KW0002Z18,averaging_not_supported
51970,KR6SS0005QA7,payment_lag_not_identifiable_from_maturity
51981,KR6KW0003015,averaging_not_supported
51982,KR6SS0005RA5,missing_explicit_survival_coupon
51985,KR6KW0002ZZ1,averaging_not_supported
51988,KR6KW0003007,averaging_not_supported
51989,KR6HH0001BY4,missing_explicit_survival_coupon
51991,KR6KW0002ZV0,missing_explicit_survival_coupon
51996,KR6SS0005R62,missing_explicit_survival_coupon
51997,KR6SS0005R54,payment_lag_not_identifiable_from_maturity
51998,KR6SS0005R70,missing_explicit_survival_coupon
51999,KR6SS0005RC1,missing_explicit_survival_coupon
52005,KR6YT0001YT6,unsupported_ki_window
52048,KR6SS0005S61,missing_explicit_survival_coupon
52049,KR6SS0005S53,missing_explicit_survival_coupon
52051,KR6KW00030M4,missing_explicit_survival_coupon
52053,KR6KW00030T9,averaging_not_supported
52058,KR6SS0005S20,missing_explicit_survival_coupon
52059,KR6SS0005S04,missing_explicit_survival_coupon
52060,KR6KW00030R3,averaging_not_supported
52061,KR6KW00030S1,averaging_not_supported
52062,KR6ZW0002E99,payment_lag_not_identifiable_from_maturity
52063,KR6SS0005S79,missing_explicit_survival_coupon
52067,KR6MD0005W35,missing_explicit_survival_coupon
52070,KR6SH0006426,payment_lag_not_identifiable_from_maturity
52075,KR6YT0001Z42,unsupported_ki_window
52077,KR6SH0006400,payment_lag_not_identifiable_from_maturity
52109,KR6SS0005SX5,missing_explicit_survival_coupon
52110,KR6SS0005SV9,missing_explicit_survival_coupon
52111,KR6SS0005SW7,missing_explicit_survival_coupon
52113,KR6SS0005SN6,missing_explicit_survival_coupon
52115,KR6SS0005SQ9,missing_explicit_survival_coupon
52118,KR6KW00031H2,averaging_not_supported
52119,KR6KW00031J8,averaging_not_supported
52123,KR6KW00031B5,missing_explicit_survival_coupon
52132,KR6SS0005SA3,payment_lag_not_identifiable_from_maturity
52135,KR6HH0001C36,missing_explicit_survival_coupon
52136,KR6HH0001C10,missing_explicit_survival_coupon
52138,KR6HN00053C3,payment_lag_not_identifiable_from_maturity
52140,KR6HN00053D1,payment_lag_not_identifiable_from_maturity
52148,KR6NH0003WE6,payment_lag_not_identifiable_from_maturity
52149,KR6DS0000XE8,payment_lag_not_identifiable_from_maturity
52151,KR6NH0003WF3,payment_lag_not_identifiable_from_maturity
52172,KR6KW00032H0,averaging_not_supported
52175,KR6KW00032A5,missing_explicit_survival_coupon
52176,KR6KW00032G2,averaging_not_supported
52190,KR6YT0001ZW7,unsupported_ki_window
52206,KR6SS0005TJ2,missing_explicit_survival_coupon
52209,KR6SS0005TG8,missing_explicit_survival_coupon
52211,KR6SS0005TE3,missing_explicit_survival_coupon
52212,KR6MD0005XH3,missing_explicit_survival_coupon
52214,KR6HH0001C44,missing_explicit_survival_coupon
52222,KR6HH0001C51,missing_explicit_survival_coupon
52231,KR6SS0005TL8,missing_explicit_survival_coupon
52232,KR6SS0005TM6,missing_explicit_survival_coupon
52239,KR6SS0005TS3,payment_lag_not_identifiable_from_maturity
52247,KR6YT0002063,unsupported_ki_window
52269,KR6KW0003353,missing_explicit_survival_coupon
52273,KR6SS0005VV3,missing_explicit_survival_coupon
52274,KR6SS0005VT7,missing_explicit_survival_coupon
52277,KR6KW00033B1,averaging_not_supported
52281,KR6SS0005VS9,missing_explicit_survival_coupon
52282,KR6SS0005VP5,missing_explicit_survival_coupon
52284,KR6KW00033C9,averaging_not_supported
52303,KR6YT0002089,unsupported_ki_window
52308,KR6SS0005W24,payment_lag_not_identifiable_from_maturity
52309,KR6HH0001C77,missing_explicit_survival_coupon
52316,KR6HH0001C69,missing_explicit_survival_coupon
52331,KR6MD0005YS8,missing_explicit_survival_coupon
52340,KR6SS0005WT5,missing_explicit_survival_coupon
52341,KR6SS0005WV1,missing_explicit_survival_coupon
52358,KR6KW0003478,averaging_not_supported
52359,KR6SS0005WR9,missing_explicit_survival_coupon
52361,KR6SS0005WP3,missing_explicit_survival_coupon
52366,KR6HH0001C85,missing_explicit_survival_coupon
52381,KR6SY00034F0,missing_explicit_survival_coupon
52383,KR6KW00035A8,averaging_not_supported
52392,KR6KW0003593,averaging_not_supported
52401,20240531002032_509,missing_explicit_survival_coupon
52404,KR6MD0005ZM8,missing_explicit_survival_coupon
52405,KR6SS0005XN6,missing_explicit_survival_coupon
52408,KR6SS0005XG0,missing_explicit_survival_coupon
52409,KR6SS0005XH8,missing_explicit_survival_coupon
52410,KR6SS0005XL0,missing_explicit_survival_coupon
52411,KR6SS0005XF2,missing_explicit_survival_coupon
52434,KR6SS0005WY5,payment_lag_not_identifiable_from_maturity
52438,KR6HH0001C93,missing_explicit_survival_coupon
52450,20240612000123_29597,missing_explicit_survival_coupon
52454,KR6MD00060B5,missing_explicit_survival_coupon
52463,KR6SS0005Y06,missing_explicit_survival_coupon
52464,KR6KW0003668,averaging_not_supported
52467,KR6KW0003650,averaging_not_supported
52468,KR6SS0005Y14,missing_explicit_survival_coupon
52472,KR6SS0005XZ0,missing_explicit_survival_coupon
52474,KR6SS0005Y48,missing_explicit_survival_coupon
52489,20240610000241_5279,averaging_not_supported
52490,20240610000241_5280,unsupported_ki_window
52508,KR6HH0001CA2,missing_explicit_survival_coupon
52521,KR6SS0005YX3,missing_explicit_survival_coupon
52528,KR6SS0005Z21,missing_explicit_survival_coupon
52529,KR6SS0005Z47,missing_explicit_survival_coupon
52534,KR6KW0003718,averaging_not_supported
52535,KR6KW0003700,averaging_not_supported
52537,KR6SS0005YY1,missing_explicit_survival_coupon
52559,KR6SY00034J2,missing_explicit_survival_coupon
52575,KR6HH0001CB0,missing_explicit_survival_coupon
52586,KR6SS0005ZV4,missing_explicit_survival_coupon
52588,KR6SS0005ZR2,missing_explicit_survival_coupon
52589,KR6KW0003809,averaging_not_supported
52590,KR6SS0005ZQ4,missing_explicit_survival_coupon
52591,KR6SS0005ZN1,missing_explicit_survival_coupon
52607,KR6SS0005ZW2,missing_explicit_survival_coupon
52641,KR6HH0001CD6,missing_explicit_survival_coupon
52648,KR6KW00038V8,averaging_not_supported
52650,KR6MD00062Q9,missing_explicit_survival_coupon
52659,KR6KW00038T2,averaging_not_supported
52667,KR6KW00038L9,missing_explicit_survival_coupon
52670,KR6SS00060C0,missing_explicit_survival_coupon
52672,KR6SS00060B2,missing_explicit_survival_coupon
52676,KR6SY0003501,missing_explicit_survival_coupon
52678,KR6SS0006092,missing_explicit_survival_coupon
52679,KR6SS00060A4,missing_explicit_survival_coupon
52683,KR6SS00060F3,missing_explicit_survival_coupon
52688,KR6SS0005ZJ9,payment_lag_not_identifiable_from_maturity
52702,KR6HN0005CV7,payment_lag_not_identifiable_from_maturity
52704,KR6SH0006HZ4,payment_lag_not_identifiable_from_maturity
52705,KR6SH0006GT9,payment_lag_not_identifiable_from_maturity
52707,KR6ZW0002L25,payment_lag_not_identifiable_from_maturity
52708,KR6HN0005CW5,payment_lag_not_identifiable_from_maturity
52709,KR6ZY00031Q4,payment_lag_not_identifiable_from_maturity
52712,KR6ZW0002L33,payment_lag_not_identifiable_from_maturity
52713,KR6HN0005CP9,payment_lag_not_identifiable_from_maturity
52719,KR6KW00039K9,averaging_not_supported
52728,KR6MD00063P9,missing_explicit_survival_coupon
52731,KR6KW00039L7,averaging_not_supported
52739,KR6SH0006K95,payment_lag_not_identifiable_from_maturity
52744,KR6SH0006K87,payment_lag_not_identifiable_from_maturity
52745,KR6YT00023A3,unsupported_ki_window
52748,KR6SY00035F7,missing_explicit_survival_coupon
52749,KR6MD0006352,payment_lag_not_identifiable_from_maturity
52754,KR6DS0000YA4,payment_lag_not_identifiable_from_maturity
52760,KR6HN0005CL8,payment_lag_not_identifiable_from_maturity
52765,KR6SS00061B0,missing_explicit_survival_coupon
52766,KR6SS00061J3,missing_explicit_survival_coupon
52767,KR6SS00061D6,missing_explicit_survival_coupon
52768,KR6SS00061E4,missing_explicit_survival_coupon
52771,KR6MD0006360,payment_lag_not_identifiable_from_maturity
52773,KR6SS00061H7,missing_explicit_survival_coupon
52784,KR6KW0003AD9,averaging_not_supported
52788,KR6KW0003AC1,averaging_not_supported
52802,KR6MD00064G6,missing_explicit_survival_coupon
52807,KR6YT0002311,unsupported_ki_window
52808,KR6SY00035L5,missing_explicit_survival_coupon
52818,KR6SS00060Z1,payment_lag_not_identifiable_from_maturity
52837,KR6SS00062G7,missing_explicit_survival_coupon
52838,KR6SS00062F9,missing_explicit_survival_coupon
52842,KR6SS0006282,missing_explicit_survival_coupon
52843,KR6SS00062D4,missing_explicit_survival_coupon
52845,KR6SS00062E2,missing_explicit_survival_coupon
52852,KR6KW0003B80,averaging_not_supported
52857,KR6MD00065B4,missing_explicit_survival_coupon
52865,KR6KW0003B07,missing_explicit_survival_coupon
52871,KR6YT00023C9,unsupported_ki_window
52898,KR6SS00063J9,missing_explicit_survival_coupon
52899,KR6SS00063H3,missing_explicit_survival_coupon
52900,KR6SS00063D2,missing_explicit_survival_coupon
52901,KR6SS00063C4,missing_explicit_survival_coupon
52905,KR6SS00063A8,missing_explicit_survival_coupon
52908,KR6SS0006399,missing_explicit_survival_coupon
52911,KR6SS00063G5,missing_explicit_survival_coupon
52912,KR6SS00063F7,missing_explicit_survival_coupon
52915,KR6SY00035Y8,missing_explicit_survival_coupon
52922,KR6KW0003C22,averaging_not_supported
52937,KR6MD00066E6,missing_explicit_survival_coupon
52953,KR6KS0005F49,missing_explicit_survival_coupon
52958,KR6SS0006407,missing_explicit_survival_coupon
52959,KR6SS0006464,missing_explicit_survival_coupon
52960,KR6SS0006456,missing_explicit_survival_coupon
52961,KR6SS0006480,missing_explicit_survival_coupon
52963,KR6SS0006423,missing_explicit_survival_coupon
52964,KR6SS0006498,missing_explicit_survival_coupon
52965,KR6SS0006472,missing_explicit_survival_coupon
52972,KR6SS0006431,missing_explicit_survival_coupon
52973,KR6SS0006415,missing_explicit_survival_coupon
52976,KR6YT00024J2,unsupported_ki_window
52996,KR6MD00066Y4,missing_explicit_survival_coupon
53001,KR6SS00062V6,payment_lag_not_identifiable_from_maturity
53022,KR6SS0006548,missing_explicit_survival_coupon
53027,KR6SS0006563,missing_explicit_survival_coupon
53028,KR6SS0006555,missing_explicit_survival_coupon
53031,KR6SS0006589,missing_explicit_survival_coupon
53032,KR6KW0003D47,averaging_not_supported
53033,KR6SS00065A3,missing_explicit_survival_coupon
53034,KR6SS00065B1,missing_explicit_survival_coupon
53044,KR6SY00037P2,missing_explicit_survival_coupon
53064,KR6SS00065F2,payment_lag_not_identifiable_from_maturity
53084,KR6MD0006808,missing_explicit_survival_coupon
53088,KR6KW0003E04,averaging_not_supported
53108,KR6SS00065Y3,missing_explicit_survival_coupon
53109,KR6SS00065Z0,missing_explicit_survival_coupon
53110,KR6SS00065S5,missing_explicit_survival_coupon
53111,KR6SS00065T3,missing_explicit_survival_coupon
53114,KR6SS0006605,missing_explicit_survival_coupon
53126,KR6SS00065V9,missing_explicit_survival_coupon
53127,KR6SS00065G0,payment_lag_not_identifiable_from_maturity
53169,KR6KW0003F03,averaging_not_supported
53191,KR6SS0006696,payment_lag_not_identifiable_from_maturity
53193,KR6SS00066T1,missing_explicit_survival_coupon
53195,KR6SS00066Y1,missing_explicit_survival_coupon
53203,KR6SS00066R5,missing_explicit_survival_coupon
53204,KR6SS00066Q7,missing_explicit_survival_coupon
53206,KR6SS00066X3,missing_explicit_survival_coupon
53207,KR6SS00066S3,missing_explicit_survival_coupon
53224,KR6HH0001CP0,missing_explicit_survival_coupon
53256,KR6SS00066H6,payment_lag_not_identifiable_from_maturity
53264,KR6KW0003FW8,averaging_not_supported
53280,KR6SS00067T9,missing_explicit_survival_coupon
53281,KR6SS0006803,missing_explicit_survival_coupon
53285,KR6SS0006837,missing_explicit_survival_coupon
53286,KR6SS00067Y9,missing_explicit_survival_coupon
53297,KR6YT0002600,unsupported_ki_window
53298,KR6SS0006811,missing_explicit_survival_coupon
53299,KR6SS00067W3,missing_explicit_survival_coupon
53300,KR6SS0006829,missing_explicit_survival_coupon
53301,KR6SS00067X1,missing_explicit_survival_coupon
53302,KR6SS00067V5,missing_explicit_survival_coupon
53305,KR6MD0006A97,missing_explicit_survival_coupon
53319,KR6SS00067K8,payment_lag_not_identifiable_from_maturity
53327,KR6YT0002691,unsupported_ki_window
53357,KR6SS0006944,missing_explicit_survival_coupon
53359,KR6SS00068Z4,missing_explicit_survival_coupon
53360,KR6SS0006910,missing_explicit_survival_coupon
53361,KR6SS00068Y7,missing_explicit_survival_coupon
53362,KR6SS00068X9,missing_explicit_survival_coupon
53367,KR6SS0006951,missing_explicit_survival_coupon
53368,KR6SS0006902,missing_explicit_survival_coupon
53376,KR6MD0006AV0,missing_explicit_survival_coupon
53394,KR6KW0003GT2,averaging_not_supported
53397,KR6HH0001CV8,missing_explicit_survival_coupon
53414,KR6SS00068M2,payment_lag_not_identifiable_from_maturity
53439,KR6SS00069K4,missing_explicit_survival_coupon
53440,KR6SS00069L2,missing_explicit_survival_coupon
53441,KR6SS00069S7,missing_explicit_survival_coupon
53442,KR6SS00069T5,missing_explicit_survival_coupon
53443,KR6SS00069V1,missing_explicit_survival_coupon
53444,KR6SS00069M0,missing_explicit_survival_coupon
53445,KR6SS00069R9,missing_explicit_survival_coupon
53446,KR6SS00069N8,missing_explicit_survival_coupon
53452,KR6KS0005N56,missing_explicit_survival_coupon
53461,KR6MD0006BD6,missing_explicit_survival_coupon
53467,KR6KW0003JE8,averaging_not_supported
53468,KR6KW0003J66,missing_explicit_survival_coupon
53470,KR6KW0003JD0,averaging_not_supported
53491,KR6SS00069Z2,payment_lag_not_identifiable_from_maturity
53502,KR6HH0001CZ9,missing_explicit_survival_coupon
53513,KR6SS0006AE1,missing_explicit_survival_coupon
53514,KR6SS0006AH4,missing_explicit_survival_coupon
53515,KR6SS0006AD3,missing_explicit_survival_coupon
53516,KR6SS0006AC5,missing_explicit_survival_coupon
53517,KR6SS0006AJ0,missing_explicit_survival_coupon
53518,KR6SS0006AK8,missing_explicit_survival_coupon
53519,KR6SS0006AB7,missing_explicit_survival_coupon
53523,KR6MD0006C61,missing_explicit_survival_coupon
53539,KR6KW0003JW0,averaging_not_supported
53541,KR6KW0003JV2,averaging_not_supported
53568,KR6SS0006A29,payment_lag_not_identifiable_from_maturity
53583,KR6HH0001D19,missing_explicit_survival_coupon
53584,KR6SS0006BA7,missing_explicit_survival_coupon
53585,KR6SS0006B69,missing_explicit_survival_coupon
53586,KR6SS0006BB5,missing_explicit_survival_coupon
53587,KR6SS0006B44,missing_explicit_survival_coupon
53588,KR6SS0006B77,missing_explicit_survival_coupon
53589,KR6SS0006BC3,missing_explicit_survival_coupon
53590,KR6SS0006B51,missing_explicit_survival_coupon
53594,KR6YT00027P2,unsupported_ki_window
53595,KR6KW0003KV0,averaging_not_supported
53617,KR6YT00027Q0,unsupported_ki_window
53650,KR6SS0006C27,missing_explicit_survival_coupon
53651,KR6SS0006C35,missing_explicit_survival_coupon
53652,KR6SS0006BY7,missing_explicit_survival_coupon
53653,KR6SS0006BV3,missing_explicit_survival_coupon
53654,KR6SS0006BW1,missing_explicit_survival_coupon
53655,KR6SS0006C43,missing_explicit_survival_coupon
53656,KR6SS0006C50,missing_explicit_survival_coupon
53657,KR6KW0003M12,averaging_not_supported
53659,KR6KW0003M04,averaging_not_supported
53663,KR6KW0003LR6,missing_explicit_survival_coupon
53713,KR6HH0001D43,missing_explicit_survival_coupon
53715,KR6SS0006CX7,missing_explicit_survival_coupon
53716,KR6SS0006D59,missing_explicit_survival_coupon
53731,KR6SS0006CY5,missing_explicit_survival_coupon
53732,KR6SS0006D42,missing_explicit_survival_coupon
53733,KR6SS0006D34,missing_explicit_survival_coupon
53736,KR6SS0006CZ2,missing_explicit_survival_coupon
53749,KR6MD0006E44,missing_explicit_survival_coupon
53758,KR6SS0006CF4,payment_lag_not_identifiable_from_maturity
53795,KR6SS0006E41,missing_explicit_survival_coupon
53796,KR6SS0006E17,missing_explicit_survival_coupon
53797,KR6SS0006E66,missing_explicit_survival_coupon
53799,KR6SS0006E58,missing_explicit_survival_coupon
53800,KR6SS0006DY3,missing_explicit_survival_coupon
53801,KR6YT00028N5,unsupported_ki_window
53807,KR6SS0006E09,missing_explicit_survival_coupon
53829,KR6HH0001D84,missing_explicit_survival_coupon
53833,KR6MD0006EY6,missing_explicit_survival_coupon
53834,KR6SS0006ET1,missing_explicit_survival_coupon
53839,KR6SS0006F08,missing_explicit_survival_coupon
53840,KR6SS0006EV7,missing_explicit_survival_coupon
53841,KR6SS0006EW5,missing_explicit_survival_coupon
53842,KR6SS0006EY1,missing_explicit_survival_coupon
53843,KR6SS0006ES3,missing_explicit_survival_coupon
53846,KR6KW0003N60,averaging_not_supported
53847,KR6SS0006EZ8,missing_explicit_survival_coupon
53849,KR6KW0003N52,averaging_not_supported
53901,KR6MD0006FN6,missing_explicit_survival_coupon
53915,KR6KW0003PH8,averaging_not_supported
53918,KR6KW0003PG0,averaging_not_supported
53956,KR6SS0006FM3,missing_explicit_survival_coupon
53959,KR6SS0006FS0,missing_explicit_survival_coupon
53964,KR6SS0006FT8,missing_explicit_survival_coupon
53965,KR6SS0006FN1,missing_explicit_survival_coupon
53967,KR6SS0006FP6,missing_explicit_survival_coupon
53977,KR6MD0006GK0,missing_explicit_survival_coupon
53985,KR6KW0003Q91,averaging_not_supported
54001,20241209000382_5380,unsupported_ki_window
54026,KR6HH0001DB8,missing_explicit_survival_coupon
54030,KR6KW0003QY1,averaging_not_supported
54032,KR6SS0006GF5,missing_explicit_survival_coupon
54038,KR6SS0006GB4,missing_explicit_survival_coupon
54043,KR6SS0006GC2,missing_explicit_survival_coupon
54045,KR6SS0006GG3,missing_explicit_survival_coupon
54047,KR6SS0006GD0,missing_explicit_survival_coupon
54073,KR6HH0001DE2,missing_explicit_survival_coupon
54097,KR6SS0006GK5,payment_lag_not_identifiable_from_maturity
54110,KR6MD0006JK4,missing_explicit_survival_coupon
54146,KR6SS0006HA4,missing_explicit_survival_coupon
54147,KR6SS0006HB2,missing_explicit_survival_coupon
54148,KR6SS0006HC0,missing_explicit_survival_coupon
54149,KR6KW0003RS1,averaging_not_supported
54155,KR6SS0006HE6,missing_explicit_survival_coupon
54156,KR6KW0003RM4,missing_explicit_survival_coupon
54161,KR6YT0002AX6,unsupported_ki_window
54162,KR6SS0006GL3,payment_lag_not_identifiable_from_maturity
54164,KR6SS0006GM1,payment_lag_not_identifiable_from_maturity
54165,KR6SS0006HF3,missing_explicit_survival_coupon
54180,KR6MD0006KM8,missing_explicit_survival_coupon
54189,KR6KW0003S99,averaging_not_supported
54192,KR6KW0003SA7,averaging_not_supported
54203,KR6YT0002B72,unsupported_ki_window
54204,KR6SS0006JB8,missing_explicit_survival_coupon
54206,KR6SS0006JD4,missing_explicit_survival_coupon
54207,KR6SS0006JC6,missing_explicit_survival_coupon
54214,KR6SS0006J87,missing_explicit_survival_coupon
54215,KR6SS0006J61,missing_explicit_survival_coupon
54216,KR6SS0006J79,missing_explicit_survival_coupon
54225,KR6SS0006HP2,payment_lag_not_identifiable_from_maturity
54232,KR6SS0006HQ0,payment_lag_not_identifiable_from_maturity
54241,KR6YT0002BR6,unsupported_ki_window
54242,KR6MD0006LJ2,missing_explicit_survival_coupon
54261,KR6KW0003T49,averaging_not_supported
54262,KR6KW0003T56,averaging_not_supported
54278,KR6SS0006K35,missing_explicit_survival_coupon
54280,KR6SS0006K27,payment_lag_not_identifiable_from_maturity
54291,KR6YT0002BG9,unsupported_ki_window
54292,KR6SS0006K84,missing_explicit_survival_coupon
54293,KR6SS0006K43,missing_explicit_survival_coupon
54297,KR6SS0006K50,missing_explicit_survival_coupon
54298,KR6SS0006K92,missing_explicit_survival_coupon
54310,KR6SS0006J04,payment_lag_not_identifiable_from_maturity
54355,KR6KW0003V11,averaging_not_supported
54356,KR6KW0003V29,averaging_not_supported
54368,KR6SS0006KQ4,missing_explicit_survival_coupon
54369,KR6SS0006KV4,missing_explicit_survival_coupon
54386,KR6SS0006KN1,missing_explicit_survival_coupon
54395,KR6SS0006JV6,payment_lag_not_identifiable_from_maturity
54396,KR6SS0006KT8,missing_explicit_survival_coupon
54398,KR6SS0006KP6,missing_explicit_survival_coupon
54399,KR6SS0006JT0,payment_lag_not_identifiable_from_maturity
54408,KR6SS0006JS2,payment_lag_not_identifiable_from_maturity
54425,KR6MD0006NC3,missing_explicit_survival_coupon
54439,KR6KW0003VV7,missing_explicit_survival_coupon
54441,KR6KW0003W10,averaging_not_supported
54442,KR6KW0003W28,averaging_not_supported
54451,KR6YT0002BW6,unsupported_ki_window
54468,KR6SS0006L18,payment_lag_not_identifiable_from_maturity
54485,KR6SS0006LQ2,missing_explicit_survival_coupon
54486,KR6SS0006LR0,missing_explicit_survival_coupon
54487,KR6SS0006LW0,missing_explicit_survival_coupon
54488,KR6SS0006LX8,missing_explicit_survival_coupon
54491,KR6KW0003WS1,averaging_not_supported
54505,KR6MD0006PD6,missing_explicit_survival_coupon
54509,KR6KW0003WT9,averaging_not_supported
54538,KR6SS0006LE8,payment_lag_not_identifiable_from_maturity
54547,KR6SS0006LF5,payment_lag_not_identifiable_from_maturity
54552,KR6SS0006MT4,missing_explicit_survival_coupon
54553,KR6SS0006N16,missing_explicit_survival_coupon
54554,KR6SS0006MZ1,missing_explicit_survival_coupon
54555,KR6SS0006N08,missing_explicit_survival_coupon
54556,KR6SS0006MV0,missing_explicit_survival_coupon
54558,KR6SS0006MS6,missing_explicit_survival_coupon
54561,KR6SS0006MR8,missing_explicit_survival_coupon
54575,KR6KW0003XM2,averaging_not_supported
54589,KR6KW0003XL4,averaging_not_supported
54591,KR6MD0006QD4,missing_explicit_survival_coupon
54611,KR6YT0002CJ1,unsupported_ki_window
54628,KR6SS0006MD8,payment_lag_not_identifiable_from_maturity
54630,KR6SS0006MB2,payment_lag_not_identifiable_from_maturity
54631,KR6SS0006MC0,payment_lag_not_identifiable_from_maturity
54635,KR6SS0006NJ3,missing_explicit_survival_coupon
54636,KR6SS0006NP0,missing_explicit_survival_coupon
54637,KR6SS0006NK1,missing_explicit_survival_coupon
54639,KR6SS0006NQ8,missing_explicit_survival_coupon
54643,KR6SS0006N73,payment_lag_not_identifiable_from_maturity
54645,KR6MD0006R56,missing_explicit_survival_coupon
54658,KR6KW0003YG2,averaging_not_supported
54682,KR6KW0003Y83,missing_explicit_survival_coupon
54715,KR6YT0002D47,unsupported_ki_window
54724,KR6KW0003ZC8,averaging_not_supported
54731,KR6KW0003ZB0,averaging_not_supported
54732,KR6MD0006SB4,missing_explicit_survival_coupon
54801,KR6MD0006T88,missing_explicit_survival_coupon
54817,KR6SS0006PK6,missing_explicit_survival_coupon
54818,KR6SS0006PR1,missing_explicit_survival_coupon
54825,KR6SS0006PH2,missing_explicit_survival_coupon
54827,KR6SS0006PS9,missing_explicit_survival_coupon
54829,KR6SS0006PT7,missing_explicit_survival_coupon
54850,KR6KS0006917,missing_explicit_survival_coupon
54861,KR6SS0006PW1,payment_lag_not_identifiable_from_maturity
54868,KR6SS0006QR9,payment_lag_not_identifiable_from_maturity
54874,KR6SS0006Q62,payment_lag_not_identifiable_from_maturity
54875,KR6SS0006QV1,missing_explicit_survival_coupon
54876,KR6SS0006QW9,missing_explicit_survival_coupon
54881,KR6SS0006R20,missing_explicit_survival_coupon
54882,KR6SS0006Q21,payment_lag_not_identifiable_from_maturity
54883,KR6SS0006R38,missing_explicit_survival_coupon
54884,KR6SS0006Q39,payment_lag_not_identifiable_from_maturity
54886,KR6SS0006PZ4,payment_lag_not_identifiable_from_maturity
54887,KR6SS0006PX9,payment_lag_not_identifiable_from_maturity
54888,KR6SS0006QX7,missing_explicit_survival_coupon
54894,KR6SS0006Q05,payment_lag_not_identifiable_from_maturity
54897,KR6SS0006Q13,payment_lag_not_identifiable_from_maturity
54898,KR6SS0006PY7,payment_lag_not_identifiable_from_maturity
54899,KR6YT0002E87,unsupported_ki_window
54907,KR6KW0004062,averaging_not_supported
54913,KR6KW0004070,averaging_not_supported
54919,KR6MD0006V43,missing_explicit_survival_coupon
54928,KR6SS0006QN8,payment_lag_not_identifiable_from_maturity
54933,KR6SS0006RZ0,missing_explicit_survival_coupon
54935,KR6SS0006QM0,payment_lag_not_identifiable_from_maturity
54937,KR6SS0006RQ9,missing_explicit_survival_coupon
54938,KR6SS0006QL2,payment_lag_not_identifiable_from_maturity
54939,KR6SY0003K30,missing_explicit_survival_coupon
54940,KR6SS0006QK4,payment_lag_not_identifiable_from_maturity
54946,KR6SS0006RY3,missing_explicit_survival_coupon
54947,KR6SS0006RS5,missing_explicit_survival_coupon
54948,KR6SS0006RR7,missing_explicit_survival_coupon
54964,KR6KW0004138,averaging_not_supported
54968,KR6SY0003K97,missing_explicit_survival_coupon
54971,KR6KW0004120,averaging_not_supported
54983,KR6MD0006W67,missing_explicit_survival_coupon
54991,KR6KW00040T8,missing_explicit_survival_coupon
55012,KR6YT0002EA6,unsupported_ki_window
55018,KR6SS0006ST1,missing_explicit_survival_coupon
55021,KR6SS0006SV7,missing_explicit_survival_coupon
55023,KR6SS0006SN4,missing_explicit_survival_coupon
55027,KR6SS0006SM6,missing_explicit_survival_coupon
55028,KR6SS0006SL8,missing_explicit_survival_coupon
55035,KR6SS0006RH8,payment_lag_not_identifiable_from_maturity
55050,KR6YT0002EY6,unsupported_ki_window
55055,KR6KW0004237,averaging_not_supported
55056,KR6KW0004229,averaging_not_supported
55068,KR6KW00041V2,missing_explicit_survival_coupon
55076,KR6MD0006XB4,missing_explicit_survival_coupon
55114,KR6SS0006SA1,payment_lag_not_identifiable_from_maturity
55121,KR6SS0006TF8,missing_explicit_survival_coupon
55124,KR6SS0006T77,missing_explicit_survival_coupon
55130,KR6SS0006T85,missing_explicit_survival_coupon
55131,KR6SS0006T93,missing_explicit_survival_coupon
55132,KR6SS0006TE1,missing_explicit_survival_coupon
55145,KR6YT0002FB1,unsupported_ki_window
55160,KR6KW00042Q0,missing_explicit_survival_coupon
55165,KR6KW00042W8,averaging_not_supported
55166,KR6KW00042V0,averaging_not_supported
55192,KR6YT0002FH8,unsupported_ki_window
55214,KR6SS0006TN2,payment_lag_not_identifiable_from_maturity
55215,KR6SS0006TM4,payment_lag_not_identifiable_from_maturity
55242,KR6SS0006VE7,payment_lag_not_identifiable_from_maturity
55252,KR6SS0006VN8,missing_explicit_survival_coupon
55253,KR6SS0006VH0,missing_explicit_survival_coupon
55258,KR6SS0006VG2,missing_explicit_survival_coupon
55259,KR6SS0006VF4,missing_explicit_survival_coupon
55260,KR6SS0006VM0,missing_explicit_survival_coupon
55277,KR6KW00043M7,averaging_not_supported
55280,KR6KW00043N5,averaging_not_supported
55287,KR6KW00043D6,missing_explicit_survival_coupon
55318,KR6SS0006TX1,payment_lag_not_identifiable_from_maturity
55323,KR6MD0006ZS3,missing_explicit_survival_coupon
55330,KR6SS0006TY9,payment_lag_not_identifiable_from_maturity
55380,KR6YT0002G51,unsupported_ki_window
55381,KR6SS0006WG0,missing_explicit_survival_coupon
55385,KR6SS0006WM8,missing_explicit_survival_coupon
55387,KR6SS0006WN6,missing_explicit_survival_coupon
55394,KR6SS0006WD7,payment_lag_not_identifiable_from_maturity
55396,KR6SS0006WE5,missing_explicit_survival_coupon
55397,KR6SS0006WF2,missing_explicit_survival_coupon
55407,KR6MD00070P4,missing_explicit_survival_coupon
55423,KR6SS0006VX7,payment_lag_not_identifiable_from_maturity
55424,KR6SS0006VV1,payment_lag_not_identifiable_from_maturity
55425,KR6SS0006VW9,payment_lag_not_identifiable_from_maturity
55438,KR6SS0006Y13,missing_explicit_survival_coupon
55440,KR6SS0006XV7,missing_explicit_survival_coupon
55441,KR6SS0006Y05,missing_explicit_survival_coupon
55442,KR6SS0006XT1,missing_explicit_survival_coupon
55445,KR6SS0006XS3,missing_explicit_survival_coupon
55446,KR6SS0006XW5,missing_explicit_survival_coupon
55451,KR6KW00044G7,averaging_not_supported
55452,KR6KW00044H5,averaging_not_supported
55471,KR6YT0002GP9,unsupported_ki_window
55529,KR6SS0006YM4,missing_explicit_survival_coupon
55530,KR6SS0006YN2,missing_explicit_survival_coupon
55533,KR6SS0006YW3,missing_explicit_survival_coupon
55541,KR6SS0006YP7,missing_explicit_survival_coupon
55542,KR6YT0002H01,unsupported_ki_window
55543,KR6SS0006YX1,missing_explicit_survival_coupon
55558,KR6SS0006Y62,payment_lag_not_identifiable_from_maturity
55560,KR6SS0006Y70,payment_lag_not_identifiable_from_maturity
55577,KR6KW0004583,averaging_not_supported
55586,KR6KW0004591,averaging_not_supported
55589,KR6MD0007202,missing_explicit_survival_coupon
55600,KR6KW0004526,missing_explicit_survival_coupon
55632,KR6SS0006ZW0,missing_explicit_survival_coupon
55633,KR6SS0006ZP4,missing_explicit_survival_coupon
55634,KR6SS0006Z87,payment_lag_not_identifiable_from_maturity
55635,KR6SS0006Z12,payment_lag_not_identifiable_from_maturity
55636,KR6SS0006Z04,payment_lag_not_identifiable_from_maturity
55645,KR6SS0006ZM1,missing_explicit_survival_coupon
55646,KR6SS0006ZN9,missing_explicit_survival_coupon
55647,KR6SS0006ZX8,missing_explicit_survival_coupon
55659,KR6MD0007327,missing_explicit_survival_coupon
55668,KR6KW00046C1,averaging_not_supported
55679,KR6KW00046D9,averaging_not_supported
55694,KR6SS0007157,missing_explicit_survival_coupon
55708,KR6SS0007074,payment_lag_not_identifiable_from_maturity
55709,KR6SS00070W7,missing_explicit_survival_coupon
55710,KR6SS00070X5,missing_explicit_survival_coupon
55711,KR6SS0007140,missing_explicit_survival_coupon
55712,KR6SS00070Y3,missing_explicit_survival_coupon
55715,KR6SS0007090,payment_lag_not_identifiable_from_maturity
55716,KR6SS0007082,payment_lag_not_identifiable_from_maturity
55720,KR6YT0002J17,unsupported_ki_window
55737,KR6KW0004740,missing_explicit_survival_coupon
55738,KR6KW00047A3,averaging_not_supported
55743,KR6KW00047B1,averaging_not_supported
55761,KR6YT0002HV5,unsupported_ki_window
55772,KR6SS00071K0,missing_explicit_survival_coupon
55773,KR6SS00071S3,missing_explicit_survival_coupon
55778,KR6SS00071M6,missing_explicit_survival_coupon
55783,KR6SS00071L8,missing_explicit_survival_coupon
55785,KR6SS00071T1,missing_explicit_survival_coupon
55795,KR6SS00070F2,payment_lag_not_identifiable_from_maturity
55810,KR6KW00048C7,averaging_not_supported
55828,KR6KW00048D5,averaging_not_supported
55838,KR6MD00074Y8,missing_explicit_survival_coupon
55868,KR6SS00072J0,missing_explicit_survival_coupon
55869,KR6SS00072Q5,missing_explicit_survival_coupon
55870,KR6SS00071D5,payment_lag_not_identifiable_from_maturity
55872,KR6SS00072P7,missing_explicit_survival_coupon
55874,KR6SS00072H4,missing_explicit_survival_coupon
55876,KR6SS00072G6,missing_explicit_survival_coupon
55900,KR6KW00049B7,averaging_not_supported
55902,KR6KW00049C5,averaging_not_supported
55903,KR6MD0007640,missing_explicit_survival_coupon
55933,KR6YT0002JE7,unsupported_ki_window
55946,KR6SS00073B5,missing_explicit_survival_coupon
55947,KR6SS00073A7,missing_explicit_survival_coupon
55948,KR6SS0007355,missing_explicit_survival_coupon
55952,KR6SS0007348,missing_explicit_survival_coupon
55953,KR6SS0007330,missing_explicit_survival_coupon
55966,KR6MD00077A1,payment_lag_not_identifiable_from_maturity
55967,KR6KS0006PE6,payment_lag_not_identifiable_from_maturity
55971,KR6KS0006PD8,payment_lag_not_identifiable_from_maturity
55972,KR6MD00077D5,missing_explicit_survival_coupon
55973,KR6MD00077B9,payment_lag_not_identifiable_from_maturity
55975,KR6KW0004AD7,averaging_not_supported
55976,KR6NH00052C5,payment_lag_not_identifiable_from_maturity
55979,KR6KS0006PF3,payment_lag_not_identifiable_from_maturity
55980,KR6KS0006PG1,payment_lag_not_identifiable_from_maturity
55982,KR6KW0004A23,missing_explicit_survival_coupon
55990,KR6SY0003R90,payment_lag_not_identifiable_from_maturity
55991,KR6SS0007223,payment_lag_not_identifiable_from_maturity
55996,KR6MD00077F0,payment_lag_not_identifiable_from_maturity
55997,KR6MD0007780,payment_lag_not_identifiable_from_maturity
55998,KR6MD0007798,payment_lag_not_identifiable_from_maturity
55999,KR6MD0007764,payment_lag_not_identifiable_from_maturity
56000,KR6MD00077G8,payment_lag_not_identifiable_from_maturity
56002,KR6MD0007772,payment_lag_not_identifiable_from_maturity
56003,KR6SY0003R74,payment_lag_not_identifiable_from_maturity
56029,KR6SS00073V3,missing_explicit_survival_coupon
56030,KR6SS00073T7,missing_explicit_survival_coupon
56031,KR6SS0007421,missing_explicit_survival_coupon
56032,KR6SS0007413,missing_explicit_survival_coupon
56036,KR6SS00073W1,missing_explicit_survival_coupon
56055,KR6KW0004BB9,averaging_not_supported
56067,KR6MD0007889,missing_explicit_survival_coupon
56109,KR6SS00074G2,missing_explicit_survival_coupon
56110,KR6SS00074F4,missing_explicit_survival_coupon
56111,KR6SS00074H0,missing_explicit_survival_coupon
56112,KR6SS00074N8,missing_explicit_survival_coupon
56114,KR6SS00074P3,missing_explicit_survival_coupon
56132,KR6KW0004C96,averaging_not_supported
56171,KR6SS00073G4,payment_lag_not_identifiable_from_maturity
56183,KR6SS00075H7,missing_explicit_survival_coupon
56187,KR6SS00075K1,missing_explicit_survival_coupon
56188,KR6SS00075J3,missing_explicit_survival_coupon
56189,KR6SS00075Q8,missing_explicit_survival_coupon
56195,KR6SS00075R6,missing_explicit_survival_coupon
56224,KR6MD00079Z4,missing_explicit_survival_coupon
56234,KR6KW0004D46,averaging_not_supported
56271,KR6SS0007678,missing_explicit_survival_coupon
56272,KR6SS0007686,missing_explicit_survival_coupon
56284,KR6SS00076F9,missing_explicit_survival_coupon
56285,KR6SS00076E2,missing_explicit_survival_coupon
56286,KR6SS0007694,missing_explicit_survival_coupon
56293,KR6SS0007629,payment_lag_not_identifiable_from_maturity
56328,KR6MD0007AG9,missing_explicit_survival_coupon
56334,KR6KW0004EA5,averaging_not_supported
56360,KR6SS00077S0,missing_explicit_survival_coupon
56363,KR6MD0007BG7,missing_explicit_survival_coupon
56365,KR6YT0002L47,unsupported_ki_window
56377,KR6SS00077R2,missing_explicit_survival_coupon
56394,KR6SS00077Z5,missing_explicit_survival_coupon
56395,KR6SS00077T8,missing_explicit_survival_coupon
56396,KR6SS0007801,missing_explicit_survival_coupon
56409,KR6MD0007CF7,missing_explicit_survival_coupon
56414,KR6KW0004FB0,averaging_not_supported
56433,KR6SS0007868,payment_lag_not_identifiable_from_maturity
56434,KR6SS00078Z3,missing_explicit_survival_coupon
56435,KR6SS00078R0,missing_explicit_survival_coupon
56440,KR6SS00078Q2,missing_explicit_survival_coupon
56443,KR6SS00078Y6,missing_explicit_survival_coupon
56448,KR6YT0002LC7,unsupported_ki_window
56457,KR6SS00078P4,missing_explicit_survival_coupon
56500,KR6MD0007D85,missing_explicit_survival_coupon
56505,KR6KW0004GA0,averaging_not_supported
56518,KR6SS00079W8,missing_explicit_survival_coupon
56519,KR6SS00079T4,missing_explicit_survival_coupon
56520,KR6SS0007A36,missing_explicit_survival_coupon
56521,KR6SS0007A28,missing_explicit_survival_coupon
56522,KR6SS00079V0,missing_explicit_survival_coupon
56553,KR6SS00078F5,payment_lag_not_identifiable_from_maturity
56557,KR6SS00078G3,payment_lag_not_identifiable_from_maturity
56567,KR6KW0004H83,averaging_not_supported
56572,KR6KW0004H75,averaging_not_supported
56590,KR6MD0007E27,missing_explicit_survival_coupon
56601,KR6YT0002LR5,unsupported_ki_window
56628,KR6SS00079L1,payment_lag_not_identifiable_from_maturity
56635,KR6SS00079H9,payment_lag_not_identifiable_from_maturity
56636,KR6SS0007AV3,missing_explicit_survival_coupon
56639,KR6SS0007AW1,missing_explicit_survival_coupon
56642,KR6SS0007B43,missing_explicit_survival_coupon
56647,KR6SS0007AX9,missing_explicit_survival_coupon
56648,KR6SS0007B35,missing_explicit_survival_coupon
56651,KR6KW0004JK3,averaging_not_supported
56654,KR6KW0004JB2,missing_explicit_survival_coupon
56687,KR6YT0002LZ8,unsupported_ki_window
56703,KR6SS0007AR1,payment_lag_not_identifiable_from_maturity
56704,KR6SS0007AS9,payment_lag_not_identifiable_from_maturity
56709,KR6SS0007C83,missing_explicit_survival_coupon
56716,KR6SS0007CH8,missing_explicit_survival_coupon
56717,KR6SS0007CA3,missing_explicit_survival_coupon
56718,KR6SS0007CG0,missing_explicit_survival_coupon
56720,KR6SS0007C91,missing_explicit_survival_coupon
56731,KR6SS0007BM0,payment_lag_not_identifiable_from_maturity
56739,KR6SS0007BP3,payment_lag_not_identifiable_from_maturity
56740,KR6SS0007BQ1,payment_lag_not_identifiable_from_maturity
56766,KR6MD0007FT1,missing_explicit_survival_coupon
56769,KR6SS0007BN8,payment_lag_not_identifiable_from_maturity
56784,KR6KW0004K05,averaging_not_supported
56794,KR6SS0007BR9,payment_lag_not_identifiable_from_maturity
56815,KR6SS0007CT3,payment_lag_not_identifiable_from_maturity
56816,KR6KW0004LF9,averaging_not_supported
56827,KR6SS0007DA1,missing_explicit_survival_coupon
56828,KR6KW0004LE2,averaging_not_supported
56829,KR6SS0007DJ2,missing_explicit_survival_coupon
56830,KR6SS0007DH6,missing_explicit_survival_coupon
56831,KR6SS0007DB9,missing_explicit_survival_coupon
56832,KR6SS0007CS5,payment_lag_not_identifiable_from_maturity
56833,KR6SS0007CR7,payment_lag_not_identifiable_from_maturity
56836,KR6SS0007D90,missing_explicit_survival_coupon
56879,KR6SS0007ED3,missing_explicit_survival_coupon
56880,KR6SS0007E57,missing_explicit_survival_coupon
56882,KR6MD0007H81,missing_explicit_survival_coupon
56888,KR6SS0007EE1,missing_explicit_survival_coupon
56890,KR6SS0007E73,missing_explicit_survival_coupon
56892,KR6SS0007E65,missing_explicit_survival_coupon
56898,KR6KW0004M60,averaging_not_supported
56903,KR6KW0004M78,averaging_not_supported
56913,KR6SS0007DS3,payment_lag_not_identifiable_from_maturity
56917,KR6SS0007DT1,payment_lag_not_identifiable_from_maturity
56923,KR6YT0002MP7,unsupported_ki_window
56927,KR6SS0007DR5,payment_lag_not_identifiable_from_maturity
56966,KR6SS0007EY9,missing_explicit_survival_coupon
56967,KR6SS0007EZ6,missing_explicit_survival_coupon
56968,KR6SS0007F64,missing_explicit_survival_coupon
56969,KR6SS0007F72,missing_explicit_survival_coupon
56984,KR6SS0007F07,missing_explicit_survival_coupon
56991,KR6KW0004NK5,missing_explicit_survival_coupon
56996,KR6KW0004NS8,averaging_not_supported
57029,KR6YT0002MR3,unsupported_ki_window
57031,KR6SS0007EJ0,payment_lag_not_identifiable_from_maturity
57054,KR6SS0007G30,missing_explicit_survival_coupon
57062,KR6SS0007GA4,missing_explicit_survival_coupon
57065,KR6SS0007G97,missing_explicit_survival_coupon
57069,KR6SS0007G22,missing_explicit_survival_coupon
57072,KR6KW0004PE3,averaging_not_supported
57073,KR6KW0004PD5,averaging_not_supported
57082,KR6SS0007G14,missing_explicit_survival_coupon
57086,KR6SS0007FD0,payment_lag_not_identifiable_from_maturity
57094,KR6SS0007FC2,payment_lag_not_identifiable_from_maturity
57095,KR6SS0007FB4,payment_lag_not_identifiable_from_maturity
57106,KR6KS0007931,missing_explicit_survival_coupon
57127,KR6SS0007H54,missing_explicit_survival_coupon
57128,KR6SS0007GZ1,missing_explicit_survival_coupon
57129,KR6SS0007GY4,missing_explicit_survival_coupon
57130,KR6SS0007GX6,missing_explicit_survival_coupon
57131,KR6SS0007H62,missing_explicit_survival_coupon
57140,KR6YT0002NB5,unsupported_ki_window
57147,KR6MD0007LJ0,missing_explicit_survival_coupon
57161,KR6SS0007GE6,payment_lag_not_identifiable_from_maturity
57172,KR6SS0007GF3,payment_lag_not_identifiable_from_maturity
57199,KR6KS0007A42,missing_explicit_survival_coupon
57220,KR6SS0007JB6,missing_explicit_survival_coupon
57224,KR6SS0007J52,missing_explicit_survival_coupon
57234,KR6KW0004R73,averaging_not_supported
57235,KR6KW0004R65,averaging_not_supported
57255,KR6SS0007JA8,missing_explicit_survival_coupon
57258,KR6SS0007J37,missing_explicit_survival_coupon
57259,KR6SS0007J29,missing_explicit_survival_coupon
57260,KR6SS0007J11,missing_explicit_survival_coupon
57261,KR6SS0007J45,missing_explicit_survival_coupon
57265,KR6KW0004R16,missing_explicit_survival_coupon
57289,KR6KW0004SA5,averaging_not_supported
57292,KR6KW0004S31,missing_explicit_survival_coupon
57297,KR6KW0004SB3,averaging_not_supported
57298,KR6SS0007JX0,missing_explicit_survival_coupon
57299,KR6SS0007K42,missing_explicit_survival_coupon
57301,KR6SS0007K34,missing_explicit_survival_coupon
57302,KR6SS0007JT8,missing_explicit_survival_coupon
57303,KR6SS0007JW2,missing_explicit_survival_coupon
57305,KR6SS0007JV4,missing_explicit_survival_coupon
57312,KR6MD0007NL2,missing_explicit_survival_coupon
57315,KR6SS0007JK7,payment_lag_not_identifiable_from_maturity
57334,KR6SS0007JE0,payment_lag_not_identifiable_from_maturity
57336,KR6SS0007JD2,payment_lag_not_identifiable_from_maturity
57343,KR6SS0007JJ9,payment_lag_not_identifiable_from_maturity
57344,KR6SS0007JG5,payment_lag_not_identifiable_from_maturity
57345,KR6SS0007JF7,payment_lag_not_identifiable_from_maturity
57348,KR6SS0007JH3,payment_lag_not_identifiable_from_maturity
57355,KR6KS0007D49,missing_explicit_survival_coupon
57371,KR6KW0004TJ4,averaging_not_supported
57379,KR6KW0004TA3,missing_explicit_survival_coupon
57381,KR6KW0004TH8,averaging_not_supported
57437,20251128000824_8358,payment_lag_not_identifiable_from_maturity
57458,KR6KW0004VJ0,missing_explicit_survival_coupon
57459,KR6SS0007L33,missing_explicit_survival_coupon
57463,KR6SS0007KW0,missing_explicit_survival_coupon
57464,KR6SS0007L25,missing_explicit_survival_coupon
57468,KR6KW0004VM4,averaging_not_supported
57472,KR6KW0004VN2,averaging_not_supported
57477,KR6SS0007KV2,missing_explicit_survival_coupon
57478,KR6SS0007KS8,missing_explicit_survival_coupon
57479,KR6SS0007KT6,missing_explicit_survival_coupon
57490,KR6MD0007QX0,missing_explicit_survival_coupon
57534,KR6SS0007L66,payment_lag_not_identifiable_from_maturity
57536,KR6SS0007L58,payment_lag_not_identifiable_from_maturity
57556,KR6KS0007GA1,missing_explicit_survival_coupon
57560,KR6SS0007LR8,missing_explicit_survival_coupon
57563,KR6SS0007LS6,missing_explicit_survival_coupon
57565,KR6SS0007LZ1,missing_explicit_survival_coupon
57566,KR6SS0007M08,missing_explicit_survival_coupon
57567,KR6SS0007LQ0,missing_explicit_survival_coupon
57574,KR6SS0007LP2,missing_explicit_survival_coupon
57579,KR6KS0007H29,missing_explicit_survival_coupon
57587,KR6SS0007LA4,payment_lag_not_identifiable_from_maturity
57588,KR6SS0007LB2,payment_lag_not_identifiable_from_maturity
57624,KR6SS0007ML9,payment_lag_not_identifiable_from_maturity
57626,KR6SS0007M57,payment_lag_not_identifiable_from_maturity
57632,KR6SS0007M40,payment_lag_not_identifiable_from_maturity
57657,KR6MD0007VE0,missing_explicit_survival_coupon
57667,KR6KS0007KG0,missing_explicit_survival_coupon
57679,KR6MD0007WP4,missing_explicit_survival_coupon
57685,KR6KW0004YB1,averaging_not_supported
57695,KR6KW0004Y66,missing_explicit_survival_coupon
57705,20260108000282_5659,unsupported_ki_window
57708,20260107000439_5652,unsupported_ki_window
57712,KR6YT0002RP6,unsupported_ki_window
57714,20260107000554_5652,unsupported_ki_window
57722,KR6SS0007ND4,payment_lag_not_identifiable_from_maturity
57723,KR6SS0007NA0,payment_lag_not_identifiable_from_maturity
57728,KR6SS0007NF9,payment_lag_not_identifiable_from_maturity
57735,KR6SS0007NE2,payment_lag_not_identifiable_from_maturity
57740,KR6SS0007P47,missing_explicit_survival_coupon
57741,KR6SS0007PG2,missing_explicit_survival_coupon
57742,KR6SS0007P21,missing_explicit_survival_coupon
57744,KR6SS0007PF4,missing_explicit_survival_coupon
57745,KR6SS0007P62,missing_explicit_survival_coupon
57746,KR6SS0007P39,missing_explicit_survival_coupon
57747,KR6SS0007P13,missing_explicit_survival_coupon
57756,KR6KS0007LM6,missing_explicit_survival_coupon
57760,KR6SS0007P54,missing_explicit_survival_coupon
57782,KR6KW0004ZQ6,missing_explicit_survival_coupon
57807,KR6SS0007NQ6,payment_lag_not_identifiable_from_maturity
57810,KR6SS0007NR4,payment_lag_not_identifiable_from_maturity
57824,KR6KS0007NA7,missing_explicit_survival_coupon
57829,KR6SS0007QF2,missing_explicit_survival_coupon
57830,KR6SS0007QE5,missing_explicit_survival_coupon
57831,KR6SS0007QP1,missing_explicit_survival_coupon
57832,KR6SS0007QB1,missing_explicit_survival_coupon
57833,KR6SS0007QA3,missing_explicit_survival_coupon
57834,KR6SS0007QN6,missing_explicit_survival_coupon
57835,KR6SS0007QD7,missing_explicit_survival_coupon
57836,KR6SS0007QC9,missing_explicit_survival_coupon
57863,KR6SS0007PT5,payment_lag_not_identifiable_from_maturity
57885,KR6SS0007PR9,payment_lag_not_identifiable_from_maturity
57886,KR6SS0007PS7,payment_lag_not_identifiable_from_maturity
57900,KR6KS0007PV8,missing_explicit_survival_coupon
57913,KR6MD00080G2,missing_explicit_survival_coupon
57928,KR6SS0007RM6,missing_explicit_survival_coupon
57929,KR6KW0005226,missing_explicit_survival_coupon
57930,KR6SS0007RH6,missing_explicit_survival_coupon
57931,KR6SS0007RV7,missing_explicit_survival_coupon
57941,KR6SS0007RL8,missing_explicit_survival_coupon
57942,KR6SS0007RW5,missing_explicit_survival_coupon
57943,KR6SS0007RK0,missing_explicit_survival_coupon
57944,KR6SS0007RJ2,missing_explicit_survival_coupon
57945,KR6SS0007RG8,missing_explicit_survival_coupon
57975,KR6SS0007QX5,payment_lag_not_identifiable_from_maturity
57978,KR6SS0007QY3,payment_lag_not_identifiable_from_maturity
58014,KR6KW00053B9,missing_explicit_survival_coupon
58028,KR6SS0007SM4,missing_explicit_survival_coupon
58042,KR6SS0007SL6,missing_explicit_survival_coupon
58055,KR6SS0007S36,payment_lag_not_identifiable_from_maturity
58056,KR6SS0007SK8,missing_explicit_survival_coupon
58067,KR6SS0007SQ5,missing_explicit_survival_coupon
58068,KR6SS0007SY9,missing_explicit_survival_coupon
58069,KR6SS0007SP7,missing_explicit_survival_coupon
58070,KR6SS0007SN2,missing_explicit_survival_coupon
58071,KR6SS0007SZ6,missing_explicit_survival_coupon
58091,KR6MD00082Y1,missing_explicit_survival_coupon
58129,KR6KW00054V5,missing_explicit_survival_coupon
58138,KR6MD00083L6,missing_explicit_survival_coupon
58141,KR6SS0007V72,missing_explicit_survival_coupon
58153,KR6SS0007TY7,missing_explicit_survival_coupon
58154,KR6SS0007TZ4,missing_explicit_survival_coupon
58155,KR6SS0007TT7,missing_explicit_survival_coupon
58156,KR6SS0007V80,missing_explicit_survival_coupon
58162,KR6SS0007TA7,payment_lag_not_identifiable_from_maturity
58190,KR6SS0007T92,payment_lag_not_identifiable_from_maturity
58191,KR6SS0007TV3,missing_explicit_survival_coupon
58193,KR6SS0007TX9,missing_explicit_survival_coupon
58194,KR6SS0007TW1,missing_explicit_survival_coupon
58197,KR6MD00084M2,missing_explicit_survival_coupon
58240,KR6SS0007TH2,payment_lag_not_identifiable_from_maturity
58253,KR6SS0007VT3,payment_lag_not_identifiable_from_maturity
58254,KR6SS0007VV9,payment_lag_not_identifiable_from_maturity
58291,KR6KS0007YY4,missing_explicit_survival_coupon
58302,KR6KS0007ZM6,missing_explicit_survival_coupon
58335,KR6SS0007XN2,missing_explicit_survival_coupon
58336,KR6SS0007XP7,missing_explicit_survival_coupon
58337,KR6SS0007XQ5,missing_explicit_survival_coupon
58338,KR6SS0007XR3,missing_explicit_survival_coupon
58339,KR6SS0007XT9,missing_explicit_survival_coupon
58340,KR6SS0007XS1,missing_explicit_survival_coupon
58341,KR6SS0007Y04,missing_explicit_survival_coupon
58342,KR6SS0007XZ6,missing_explicit_survival_coupon
58359,KR6MD00087J1,missing_explicit_survival_coupon
58365,KR6KW00058F9,missing_explicit_survival_coupon
58372,KR6SS0007Z29,missing_explicit_survival_coupon
58374,KR6SS0007Z37,missing_explicit_survival_coupon
58376,KR6SS0007YW1,missing_explicit_survival_coupon
58377,KR6SS0007YT7,missing_explicit_survival_coupon
58379,KR6SS0007YS9,missing_explicit_survival_coupon
58380,KR6SS0007YV3,missing_explicit_survival_coupon
58382,KR6SS0007Y61,payment_lag_not_identifiable_from_maturity
58383,KR6SS0007Y38,payment_lag_not_identifiable_from_maturity
58384,KR6SS0007Y53,payment_lag_not_identifiable_from_maturity
58385,KR6SS0007Y46,payment_lag_not_identifiable_from_maturity
58386,KR6SS0007Y12,payment_lag_not_identifiable_from_maturity
58395,KR6SS0007Y20,payment_lag_not_identifiable_from_maturity
58411,KR6SS0007YH2,payment_lag_not_identifiable_from_maturity
58417,KR6SS0007Y79,payment_lag_not_identifiable_from_maturity
58424,KR6KS00081H3,missing_explicit_survival_coupon
58432,KR6SS0007ZV0,missing_explicit_survival_coupon
58433,KR6SS0007ZY4,missing_explicit_survival_coupon
58434,KR6SS0007ZW8,missing_explicit_survival_coupon
58446,KR6SS0008007,missing_explicit_survival_coupon
58447,KR6SS0008072,missing_explicit_survival_coupon
58448,KR6SS0008080,missing_explicit_survival_coupon
58449,KR6SS0007ZT4,missing_explicit_survival_coupon
58455,KR6KW00059Y8,missing_explicit_survival_coupon
58459,KR6SS0007ZZ1,missing_explicit_survival_coupon
58474,KR6YT0002W69,unsupported_ki_window
58477,20260331003523_5717,unsupported_ki_window
58489,KR6KS0008327,missing_explicit_survival_coupon
58496,KR6SS0007Z60,payment_lag_not_identifiable_from_maturity
58498,KR6SS0007Z86,payment_lag_not_identifiable_from_maturity
58499,KR6SS0007Z78,payment_lag_not_identifiable_from_maturity
58513,KR6SS0007Z94,payment_lag_not_identifiable_from_maturity
58526,KR6KW0005AW4,missing_explicit_survival_coupon
58533,KR6SS00080T2,missing_explicit_survival_coupon
58535,KR6SS00080S4,missing_explicit_survival_coupon
58537,KR6SS00080X4,missing_explicit_survival_coupon
58538,KR6SS00080V8,missing_explicit_survival_coupon
58544,KR6MD00089W0,missing_explicit_survival_coupon
58549,KR6SS00080Y2,missing_explicit_survival_coupon
58550,KR6SS0008148,missing_explicit_survival_coupon
58551,KR6SS0008155,missing_explicit_survival_coupon
58552,KR6SS00080Z9,missing_explicit_survival_coupon
58571,KR6ZW00045S2,extra_formula_or_level_PMT_EXTRA
58580,KR6SS00080B0,payment_lag_not_identifiable_from_maturity
58581,KR6SS00080C8,payment_lag_not_identifiable_from_maturity
58582,KR6SS00080D6,payment_lag_not_identifiable_from_maturity
58610,KR6SS00081V6,missing_explicit_survival_coupon
58611,KR6SS0008239,missing_explicit_survival_coupon
58617,KR6KW0005CF5,missing_explicit_survival_coupon
58625,KR6SS00081T0,missing_explicit_survival_coupon
58626,KR6SS00081S2,missing_explicit_survival_coupon
58627,KR6SS00081Q6,missing_explicit_survival_coupon
58637,KR6SS00081R4,missing_explicit_survival_coupon
58638,KR6MD0008B11,missing_explicit_survival_coupon
58639,KR6SS00081W4,missing_explicit_survival_coupon
58640,KR6SS00081Y0,missing_explicit_survival_coupon
58641,KR6SS0008247,missing_explicit_survival_coupon
58642,KR6YT0002X35,unsupported_ki_window
58673,KR6SS0008197,payment_lag_not_identifiable_from_maturity
58675,KR6SS00081A0,payment_lag_not_identifiable_from_maturity
58692,20260422000307_30973,missing_explicit_survival_coupon
58694,20260422000307_30972,missing_explicit_survival_coupon
58700,20260422000307_30961,missing_explicit_survival_coupon
58702,20260422000307_30963,missing_explicit_survival_coupon
58703,20260422000307_30962,missing_explicit_survival_coupon
58718,20260422000307_30967,missing_explicit_survival_coupon
58728,20260422000603_3961,missing_explicit_survival_coupon
58734,KR6MD0008C02,missing_explicit_survival_coupon
58740,20260422000307_30965,missing_explicit_survival_coupon
58741,20260422000307_30964,missing_explicit_survival_coupon
58750,KR6SS0008288,payment_lag_not_identifiable_from_maturity
58775,20260422000411_30978,payment_lag_not_identifiable_from_maturity
58787,20260422000411_30977,payment_lag_not_identifiable_from_maturity
