item,i,case,monthly,structure,axis,h,mc,delta,delta_se,affected,seed_min,seed_max
KR6SH0001D24,35274,0,False,STEP no-KI,base,0.0,0.9543953915965998,0.0,0.0,0,0.0,0.0
KR6SH0001D24,35274,1,False,STEP no-KI,coupon_regular,-0.01,0.9454063846439077,-89.89006952691996,0.24808955187348997,104952,-90.18210193789751,-89.32432263525413
KR6SH0001D24,35274,2,False,STEP no-KI,coupon_regular,-0.005,0.9499008881202538,-44.94503476345992,0.1240447759367454,104952,-45.09105096894873,-44.662161317627024
KR6SH0001D24,35274,3,False,STEP no-KI,coupon_regular,-0.0025,0.9521481398584266,-22.47251738173049,0.06202238796837229,104952,-22.545525484474894,-22.331080658814045
KR6SH0001D24,35274,4,False,STEP no-KI,coupon_regular,-0.001,0.9534964909013305,-8.989006952691577,0.024808955187351003,104952,-9.018210193789336,-8.93243226352499
KR6SH0001D24,35274,5,False,STEP no-KI,coupon_regular,0.001,0.9552942922918691,8.989006952692675,0.02480895518734724,104952,8.932432263526097,9.018210193790434
KR6SH0001D24,35274,6,False,STEP no-KI,coupon_regular,0.0025,0.9566426433347727,22.472517381730523,0.06202238796837042,104952,22.331080658814074,22.545525484474915
KR6SH0001D24,35274,7,False,STEP no-KI,coupon_regular,0.005,0.9588898950729459,44.9450347634611,0.12404477593674205,104952,44.66216131762821,45.091050968949894
KR6SH0001D24,35274,8,False,STEP no-KI,coupon_regular,0.01,0.9633843985492918,89.89006952692152,0.24808955187348816,104952,89.32432263525571,90.1821019378991
KR6SH0001D24,35274,9,False,STEP no-KI,first_strike,-0.05,0.9726970963875196,183.01704790919658,2.90363131529034,25044,179.4706302894172,188.4342067328696
KR6SH0001D24,35274,10,False,STEP no-KI,first_strike,-0.025,0.9627561029293956,83.60711332795877,2.0049484516959004,13450,81.54907117488098,86.77138243719028
KR6SH0001D24,35274,11,False,STEP no-KI,first_strike,-0.01,0.9574914141970102,30.96022600410427,1.2329594364292709,5517,29.445499594593752,32.93885836546846
KR6SH0001D24,35274,12,False,STEP no-KI,first_strike,-0.005,0.9559255993654403,15.30207768840618,0.8683990814824869,2768,13.965178825699393,17.56349673357103
KR6SH0001D24,35274,13,False,STEP no-KI,first_strike,0.005,0.9527735211309167,-16.21870465683185,0.8876707696843131,2768,-18.733055088353005,-13.595033787499663
KR6SH0001D24,35274,14,False,STEP no-KI,first_strike,0.01,0.9513087163306074,-30.866752659922327,1.223601455257802,5567,-34.371754481425185,-27.191739283954107
KR6SH0001D24,35274,15,False,STEP no-KI,first_strike,0.025,0.9471102313067795,-72.85160289820305,1.89106678516487,14224,-77.5963721088066,-67.76855504708959
KR6SH0001D24,35274,16,False,STEP no-KI,first_strike,0.05,0.9420949670743355,-123.00424522264349,2.4709264447479784,27680,-126.4762859062857,-119.35261547026528
KR6SH0001D24,35274,17,False,STEP no-KI,last_strike,-0.05,0.9701064522559381,157.110606593383,2.3462404968316863,4327,152.45575688960332,161.74657578851665
KR6SH0001D24,35274,18,False,STEP no-KI,last_strike,-0.025,0.9623307056915074,79.35314094907622,1.6588814205136675,2246,75.7522160120991,84.86654523080921
KR6SH0001D24,35274,19,False,STEP no-KI,last_strike,-0.01,0.9576912921347478,32.95900538147955,1.0662505094611676,948,32.63565380138001,33.275534119069704
KR6SH0001D24,35274,20,False,STEP no-KI,last_strike,-0.005,0.9559816149268989,15.862233302992554,0.738975567263161,459,15.028908731551656,16.287278376311257
KR6SH0001D24,35274,21,False,STEP no-KI,last_strike,0.005,0.9528308252918456,-15.645663047542172,0.7296846847246242,458,-17.01748120019503,-14.851114670339097
KR6SH0001D24,35274,22,False,STEP no-KI,last_strike,0.01,0.9512750906611311,-31.20300935468697,1.0253728327628908,919,-32.810007918965375,-28.843646090069804
KR6SH0001D24,35274,23,False,STEP no-KI,last_strike,0.025,0.9469308925029608,-74.64499093638887,1.5636857005411564,2237,-78.79252743107183,-68.59674333833843
KR6SH0001D24,35274,24,False,STEP no-KI,last_strike,0.05,0.9403098827925072,-140.85508804092538,2.0982296399696936,4349,-146.81556371773596,-135.2494790848367
KR6SY0000L16,35275,0,True,STEP no-KI,base,0.0,0.9575894066683222,0.0,0.0,0,0.0,0.0
KR6SY0000L16,35275,1,True,STEP no-KI,coupon_regular,-0.01,0.9459289982079538,-116.60408460368359,0.22573980170496036,120000,-117.08806366135971,-115.73254108867938
KR6SY0000L16,35275,2,True,STEP no-KI,coupon_regular,-0.005,0.9517592024381379,-58.302042301841446,0.11286990085248132,120000,-58.5440318306795,-57.86627054433935
KR6SY0000L16,35275,3,True,STEP no-KI,coupon_regular,-0.0025,0.9546743045532302,-29.151021150920467,0.05643495042624062,120000,-29.2720159153395,-28.933135272169416
KR6SY0000L16,35275,4,True,STEP no-KI,coupon_regular,-0.001,0.9564233658222853,-11.660408460368032,0.02257398017049681,120000,-11.708806366135649,-11.57325410886761
KR6SY0000L16,35275,5,True,STEP no-KI,coupon_regular,0.001,0.9587554475143589,11.660408460368132,0.022573980170497106,120000,11.573254108867705,11.708806366135747
KR6SY0000L16,35275,6,True,STEP no-KI,coupon_regular,0.0025,0.9605045087834143,29.151021150920986,0.05643495042624075,120000,28.933135272169938,29.272015915340017
KR6SY0000L16,35275,7,True,STEP no-KI,coupon_regular,0.005,0.9634196108985063,58.302042301841404,0.11286990085248122,120000,57.8662705443393,58.54403183067947
KR6SY0000L16,35275,8,True,STEP no-KI,coupon_regular,0.01,0.9692498151286908,116.60408460368397,0.2257398017049603,120000,115.73254108867977,117.08806366136007
KR6SY0000L16,35275,9,True,STEP no-KI,first_strike,-0.05,0.9701663055277643,125.7689885944202,2.4847854209194167,26216,121.25543585328313,129.7815428300408
KR6SY0000L16,35275,10,True,STEP no-KI,first_strike,-0.025,0.9629576772634665,53.682705951443616,1.6753185899004959,13485,52.11771084072578,54.6921566272237
KR6SY0000L16,35275,11,True,STEP no-KI,first_strike,-0.01,0.9597251348744001,21.357282060778235,1.0535487694465242,5359,18.934459045843912,22.955860731989308
KR6SY0000L16,35275,12,True,STEP no-KI,first_strike,-0.005,0.958579500862407,9.900941940847684,0.7212961193045214,2660,9.1203853998006,11.048610289388169
KR6SY0000L16,35275,13,True,STEP no-KI,first_strike,0.005,0.9566885629039559,-9.008437643663122,0.6940780601166501,2685,-10.429275959880309,-6.339317255713203
KR6SY0000L16,35275,14,True,STEP no-KI,first_strike,0.01,0.9558897809393405,-16.996257289815265,0.9616978563117387,5373,-18.77451211072408,-14.023581029919558
KR6SY0000L16,35275,15,True,STEP no-KI,first_strike,0.025,0.9539239829522281,-36.65423716094053,1.4437486479993122,13073,-38.58763737160206,-34.30719532140625
KR6SY0000L16,35275,16,True,STEP no-KI,first_strike,0.05,0.9515955934355137,-59.93813232808437,1.8907998932214929,24751,-64.03350616471315,-54.94503950222173
KR6SY0000L16,35275,17,True,STEP no-KI,last_strike,-0.05,0.9717620821135265,141.72675445204396,2.0257315257605524,4710,137.42304211689935,147.35695830587014
KR6SY0000L16,35275,18,True,STEP no-KI,last_strike,-0.025,0.9644767545434018,68.87347875079722,1.401902737430571,2367,64.64629966688162,72.36262513282782
KR6SY0000L16,35275,19,True,STEP no-KI,last_strike,-0.01,0.9603449052938914,27.55498625569121,0.882564437107509,967,26.58999580337951,28.961237771235314
KR6SY0000L16,35275,20,True,STEP no-KI,last_strike,-0.005,0.9589588029564141,13.693962880921022,0.6212039905321675,484,12.139636029171475,15.614768293861719
KR6SY0000L16,35275,21,True,STEP no-KI,last_strike,0.005,0.9563785229553391,-12.108837129831873,0.5801985034426019,434,-12.970336480526829,-11.212900566955728
KR6SY0000L16,35275,22,True,STEP no-KI,last_strike,0.01,0.9551084196534309,-24.809870148912385,0.8257729174593086,896,-25.673275706379247,-23.58445953606786
KR6SY0000L16,35275,23,True,STEP no-KI,last_strike,0.025,0.9518281969844777,-57.61209683844318,1.2389619670191834,2125,-58.89464091672414,-56.64811306094261
KR6SY0000L16,35275,24,True,STEP no-KI,last_strike,0.05,0.9471009586136044,-104.88448054717693,1.6304597986630545,4008,-107.77296891740056,-102.63969562868826
KR6BK00004A9,35277,0,False,STEP KI,base,0.0,0.9838516502834551,0.0,0.0,0,0.0,0.0
KR6BK00004A9,35277,1,False,STEP KI,coupon_regular,-0.01,0.9763543364356129,-74.9731384784179,0.19483126188986252,112965,-75.75783723610094,-74.4378526262826
KR6BK00004A9,35277,2,False,STEP KI,coupon_regular,-0.005,0.980102993359534,-37.48656923920923,0.09741563094493212,112965,-37.87891861805076,-37.21892631314158
KR6BK00004A9,35277,3,False,STEP KI,coupon_regular,-0.0025,0.9819773218214946,-18.743284619604502,0.048707815472466644,112965,-18.939459309025267,-18.609463156570676
KR6BK00004A9,35277,4,False,STEP KI,coupon_regular,-0.001,0.9831019188986707,-7.49731384784201,0.01948312618898734,112965,-7.575783723610319,-7.443785262628476
KR6BK00004A9,35277,5,False,STEP KI,coupon_regular,0.001,0.9846013816682391,7.497313847841675,0.019483126188985993,112965,7.443785262628147,7.575783723609979
KR6BK00004A9,35277,6,False,STEP KI,coupon_regular,0.0025,0.9857259787454155,18.74328461960583,0.0487078154724625,112965,18.60946315657202,18.939459309026574
KR6BK00004A9,35277,7,False,STEP KI,coupon_regular,0.005,0.9876003072073758,37.48656923921029,0.09741563094492885,112965,37.21892631314266,37.8789186180518
KR6BK00004A9,35277,8,False,STEP KI,coupon_regular,0.01,0.9913489641312968,74.97313847841963,0.19483126188986158,112965,74.43785262628434,75.75783723610266
KR6BK00004A9,35277,9,False,STEP KI,ki_barrier,-0.05,0.9959703347388111,121.18684455356096,2.2944428963659336,2755,117.63561417432679,126.25211502334041
KR6BK00004A9,35277,10,False,STEP KI,ki_barrier,-0.025,0.9900849813932269,62.3333110977199,1.6362261299839638,1448,59.87716079904055,65.1328973556405
KR6BK00004A9,35277,11,False,STEP KI,ki_barrier,-0.01,0.9863583755370615,25.067252536066427,1.032714724674536,592,22.87100545824521,27.2498367451037
KR6BK00004A9,35277,12,False,STEP KI,ki_barrier,-0.005,0.9850079741947199,11.563239112649544,0.6999078087256124,275,9.69071201148358,13.839311919486143
KR6BK00004A9,35277,13,False,STEP KI,ki_barrier,0.005,0.9826143341984508,-12.373160850042463,0.7224466859921757,295,-13.79870682489915,-11.122366004142032
KR6BK00004A9,35277,14,False,STEP KI,ki_barrier,0.01,0.9813947961768412,-24.568541066136635,1.0127288466530902,591,-25.81747033770311,-23.122085976025772
KR6BK00004A9,35277,15,False,STEP KI,ki_barrier,0.025,0.9778342331267061,-60.174171567489125,1.5687933404653727,1467,-63.13265647782193,-56.71064252404718
KR6BK00004A9,35277,16,False,STEP KI,ki_barrier,0.05,0.9727445348039211,-111.07115479533692,2.098067098959995,2764,-114.08396889738134,-108.52823224804484
KR6BK00004A9,35277,17,False,STEP KI,first_strike,-0.05,0.9926401623930867,87.88512109631635,2.2898230550255296,17438,85.59072098211071,89.3616574780904
KR6BK00004A9,35277,18,False,STEP KI,first_strike,-0.025,0.9883108801592535,44.59229875798663,1.6427674347292502,9608,43.57634310372333,46.024051179701196
KR6BK00004A9,35277,19,False,STEP KI,first_strike,-0.01,0.9855415967290703,16.899464456153,1.0241563371503961,4030,14.188348910848914,19.251350927134116
KR6BK00004A9,35277,20,False,STEP KI,first_strike,-0.005,0.9847608446618947,9.09194378439707,0.7497093360037574,2117,7.850937441277361,10.200896678221476
KR6BK00004A9,35277,21,False,STEP KI,first_strike,0.005,0.9830680244403946,-7.836258430602055,0.713694358920269,2170,-9.56165188132925,-6.19339919746915
KR6BK00004A9,35277,22,False,STEP KI,first_strike,0.01,0.9823818515386759,-14.6979874477923,0.984554273008878,4324,-15.359855669231822,-13.445437930010861
KR6BK00004A9,35277,23,False,STEP KI,first_strike,0.025,0.980481181892003,-33.70468391451921,1.5083417745571386,11257,-34.227080992716466,-33.22484096384288
KR6BK00004A9,35277,24,False,STEP KI,first_strike,0.05,0.9780259006274474,-58.25749656007454,2.0296609119289006,23457,-60.009656978875036,-57.075654417198905
KR6BK00004A9,35277,25,False,STEP KI,last_strike,-0.05,0.9844823177725021,6.3066748904724035,0.45986805724296015,188,5.632925533940578,7.6385315237209985
KR6BK00004A9,35277,26,False,STEP KI,last_strike,-0.025,0.984127604330112,2.759540466571483,0.299254142674249,85,2.1357385465936125,3.5155344401949593
KR6BK00004A9,35277,27,False,STEP KI,last_strike,-0.01,0.9839213636638106,0.6971338035557173,0.14861984425672062,22,0.6650264857612289,0.75958846268998
KR6BK00004A9,35277,28,False,STEP KI,last_strike,-0.005,0.9838894656611882,0.3781537773329061,0.10915921008668522,12,0.2834555472278706,0.4726708911004191
KR6BK00004A9,35277,29,False,STEP KI,last_strike,0.005,0.9837894173277466,-0.6223295570844333,0.139147317713165,20,-0.8397769616607191,-0.2803622279521023
KR6BK00004A9,35277,30,False,STEP KI,last_strike,0.01,0.9837464425029073,-1.0520778054763484,0.1804103965416274,34,-1.2991239476079683,-0.74192904257362
KR6BK00004A9,35277,31,False,STEP KI,last_strike,0.025,0.9836476035544692,-2.040467289857233,0.24925796160437158,67,-2.6466887526397844,-1.190711884235288
KR6BK00004A9,35277,32,False,STEP KI,last_strike,0.05,0.9835571728964665,-2.9447738698849184,0.2960706496032892,99,-3.2352748578490456,-2.463575869026037
KR6MZ0000MW9,35279,0,False,LIZARD KI,base,0.0,0.9941081786689021,0.0,0.0,0,0.0,0.0
KR6MZ0000MW9,35279,1,False,LIZARD KI,coupon_regular,-0.01,0.9826668128174934,-114.41365851408762,0.28214383051627984,101215,-114.81258049728815,-113.90820032036765
KR6MZ0000MW9,35279,2,False,LIZARD KI,coupon_regular,-0.005,0.9883874957431976,-57.20682925704411,0.14107191525813845,101215,-57.40629024864438,-56.95410016018414
KR6MZ0000MW9,35279,3,False,LIZARD KI,coupon_regular,-0.0025,0.9912478372060498,-28.60341462852195,0.07053595762907118,101215,-28.703145124322088,-28.477050080091953
KR6MZ0000MW9,35279,4,False,LIZARD KI,coupon_regular,-0.001,0.9929640420837614,-11.441365851408506,0.028214383051628017,101215,-11.481258049728558,-11.390820032036508
KR6MZ0000MW9,35279,5,False,LIZARD KI,coupon_regular,0.001,0.9952523152540429,11.44136585140898,0.02821438305162812,101215,11.390820032036983,11.481258049729039
KR6MZ0000MW9,35279,6,False,LIZARD KI,coupon_regular,0.0025,0.9969685201317542,28.603414628521715,0.07053595762906976,101215,28.47705008009173,28.70314512432186
KR6MZ0000MW9,35279,7,False,LIZARD KI,coupon_regular,0.005,0.9998288615946064,57.20682925704366,0.1410719152581417,101215,56.95410016018367,57.406290248643934
KR6MZ0000MW9,35279,8,False,LIZARD KI,coupon_regular,0.01,1.0055495445203106,114.41365851408682,0.2821438305162821,101215,113.90820032036686,114.81258049728739
KR6MZ0000MW9,35279,9,False,LIZARD KI,ki_barrier,-0.05,1.009293112368009,151.84933699106918,2.582723509985966,3392,147.83640378225823,157.43530919246803
KR6MZ0000MW9,35279,10,False,LIZARD KI,ki_barrier,-0.025,1.00234932594052,82.41147271618112,1.8939540647655735,1881,80.34555926851998,85.27300721444956
KR6MZ0000MW9,35279,11,False,LIZARD KI,ki_barrier,-0.01,0.997690208782977,35.820301140749315,1.2466631405739865,827,33.49437539892074,37.412883234631536
KR6MZ0000MW9,35279,12,False,LIZARD KI,ki_barrier,-0.005,0.9958360672022192,17.27888533316969,0.8631028721111597,403,16.108650930978165,18.09852597555252
KR6MZ0000MW9,35279,13,False,LIZARD KI,ki_barrier,0.005,0.9922474737189241,-18.60704949978021,0.8913449611782899,438,-20.184229921362743,-16.97163893905495
KR6MZ0000MW9,35279,14,False,LIZARD KI,ki_barrier,0.01,0.9904663625254361,-36.41816143465959,1.240175503368264,864,-39.91821750104761,-33.25775782398391
KR6MZ0000MW9,35279,15,False,LIZARD KI,ki_barrier,0.025,0.9843755436808643,-97.32634988037671,2.0058202732243866,2329,-101.64292013253979,-94.24429436724088
KR6MZ0000MW9,35279,16,False,LIZARD KI,ki_barrier,0.05,0.9739673813803023,-201.40797288599828,2.8240930504390396,4921,-207.55239026085476,-195.46948838296316
KR6MZ0000MW9,35279,17,False,LIZARD KI,first_strike,-0.05,0.994912718120029,8.045394511270251,1.3644221764161957,18785,5.082829745662636,10.068355267553601
KR6MZ0000MW9,35279,18,False,LIZARD KI,first_strike,-0.025,0.9942762379788668,1.6805930996462384,0.7973073824191992,7530,0.5848228457585829,2.715904525418475
KR6MZ0000MW9,35279,19,False,LIZARD KI,first_strike,-0.01,0.9941200993804823,0.11920711580174619,0.43730208648531393,2642,-0.8605181934735284,1.6114539350499724
KR6MZ0000MW9,35279,20,False,LIZARD KI,first_strike,-0.005,0.9941356242128939,0.27445543991804294,0.31199486539521426,1232,-0.16122493977005015,0.8935750771611402
KR6MZ0000MW9,35279,21,False,LIZARD KI,first_strike,0.005,0.9941429337101837,0.347550412815141,0.2521182097686141,1129,0.05667203658105771,0.6114849213998164
KR6MZ0000MW9,35279,22,False,LIZARD KI,first_strike,0.01,0.9941057680803137,-0.0241058858846581,0.3957407811406415,2195,-0.3459461921603227,0.3199027870895871
KR6MZ0000MW9,35279,23,False,LIZARD KI,first_strike,0.025,0.9941382799986145,0.3010132971237617,0.5584770548181631,4718,0.04509949757729692,0.43801209041512346
KR6MZ0000MW9,35279,24,False,LIZARD KI,first_strike,0.05,0.9942194225830925,1.1124391419039164,0.6632356023036009,7382,0.1726912653549746,1.6449486368762682
KR6MZ0000MW9,35279,25,False,LIZARD KI,last_strike,-0.05,0.9947448468165204,6.366681476183722,0.46423352245275934,188,5.66108705733451,7.33075247315968
KR6MZ0000MW9,35279,26,False,LIZARD KI,last_strike,-0.025,0.9943565457572513,2.4836708834931174,0.28484971160953615,76,2.156403329258568,2.7484723238967312
KR6MZ0000MW9,35279,27,False,LIZARD KI,last_strike,-0.01,0.9941752463224086,0.6706765350656685,0.14634571056364543,21,0.5727434715674852,0.7701793288988323
KR6MZ0000MW9,35279,28,False,LIZARD KI,last_strike,-0.005,0.9941430791738043,0.3490050490231829,0.10522530122625678,11,0.09487955289325833,0.47655807373726605
KR6MZ0000MW9,35279,29,False,LIZARD KI,last_strike,0.005,0.9940454343423039,-0.6274432659814797,0.14029036953597185,20,-0.8465190759273303,-0.37690244946867657
KR6MZ0000MW9,35279,30,False,LIZARD KI,last_strike,0.01,0.9940206909906925,-0.8748767820962782,0.16532201326422727,28,-1.0318292994023213,-0.6553240514813261
KR6MZ0000MW9,35279,31,False,LIZARD KI,last_strike,0.025,0.9939302089649662,-1.7796970393583182,0.23367536829138086,58,-1.9347831565472413,-1.6682648816705212
KR6MZ0000MW9,35279,32,False,LIZARD KI,last_strike,0.05,0.9938355026081277,-2.726760607744475,0.2859377671054299,91,-3.1461615076264913,-2.2659532905224675
KR6MZ0000MX7,35281,0,False,LIZARD no-KI,base,0.0,0.9978423391101054,0.0,0.0,0,0.0,0.0
KR6MZ0000MX7,35281,1,False,LIZARD no-KI,coupon_regular,-0.01,0.9942831166598681,-35.59222450237393,0.1241193989272117,72843,-35.80288445616734,-35.38003474315215
KR6MZ0000MX7,35281,2,False,LIZARD no-KI,coupon_regular,-0.005,0.9960627278849866,-17.7961122511876,0.0620596994636065,72843,-17.901442228084306,-17.690017371576715
KR6MZ0000MX7,35281,3,False,LIZARD no-KI,coupon_regular,-0.0025,0.9969525334975463,-8.898056125593763,0.031029849731802648,72843,-8.950721114042114,-8.845008685788322
KR6MZ0000MX7,35281,4,False,LIZARD no-KI,coupon_regular,-0.001,0.9974864168650817,-3.5592224502380057,0.012411939892721477,72843,-3.5802884456173443,-3.538003474315829
KR6MZ0000MX7,35281,5,False,LIZARD no-KI,coupon_regular,0.001,0.998198261355129,3.5592224502367897,0.012411939892720906,72843,3.538003474314613,3.580288445616133
KR6MZ0000MX7,35281,6,False,LIZARD no-KI,coupon_regular,0.0025,0.9987321447226647,8.89805612559258,0.031029849731802606,72843,8.845008685787136,8.950721114040938
KR6MZ0000MX7,35281,7,False,LIZARD no-KI,coupon_regular,0.005,0.9996219503352242,17.796112251186376,0.06205969946360581,72843,17.69001737157549,17.901442228083084
KR6MZ0000MX7,35281,8,False,LIZARD no-KI,coupon_regular,0.01,1.0014015615603429,35.592224502372716,0.12411939892721119,72843,35.380034743150944,35.80288445616614
KR6MZ0000MX7,35281,9,False,LIZARD no-KI,first_strike,-0.05,0.9979257908504524,0.8345174034699403,0.2090436541637985,287,0.7566415331001035,0.9371118511736554
KR6MZ0000MX7,35281,10,False,LIZARD no-KI,first_strike,-0.025,0.9978546489513662,0.1230984126066893,0.0852156928380974,95,0.041331962293087304,0.1644065972032544
KR6MZ0000MX7,35281,11,False,LIZARD no-KI,first_strike,-0.01,0.9978519016047072,0.09562494601895337,0.06966766842027992,33,0.07965226317299046,0.1140072055934967
KR6MZ0000MX7,35281,12,False,LIZARD no-KI,first_strike,-0.005,0.9978445859346644,0.022468245590592406,0.03251240995290569,13,-0.010971687020421728,0.08667776891176465
KR6MZ0000MX7,35281,13,False,LIZARD no-KI,first_strike,0.005,0.9978432582560142,0.009191459086517714,0.003155081534252529,11,0.00622600883967428,0.013047023300313154
KR6MZ0000MX7,35281,14,False,LIZARD no-KI,first_strike,0.01,0.9978438116790221,0.014725689166228184,0.003712402346136246,19,0.01245201767934856,0.01927303213998743
KR6MZ0000MX7,35281,15,False,LIZARD no-KI,first_strike,0.025,0.9978455411259219,0.03202015816532341,0.005073385467700009,44,0.020753362798914265,0.048327740058467406
KR6MZ0000MX7,35281,16,False,LIZARD no-KI,first_strike,0.05,0.9978469938613179,0.046547512124563394,0.0059815990485354185,65,0.03528071675815425,0.06285509401770739
KR6MZ0000MX7,35281,17,False,LIZARD no-KI,last_strike,-0.05,1.000613809140485,27.714700303796434,0.9987096937168793,766,26.997584075163,28.935648861652417
KR6MZ0000MX7,35281,18,False,LIZARD no-KI,last_strike,-0.025,0.9991595419408613,13.17202830755835,0.6792282317509813,375,11.83229356799904,14.199443495937729
KR6MZ0000MX7,35281,19,False,LIZARD no-KI,last_strike,-0.01,0.9983779846860287,5.356455759231707,0.4299744739605163,155,3.939144020134989,6.321359332209934
KR6MZ0000MX7,35281,20,False,LIZARD no-KI,last_strike,-0.005,0.9980896067637277,2.472676536222763,0.29132329910728866,72,1.8571916714605494,3.090306760481581
KR6MZ0000MX7,35281,21,False,LIZARD no-KI,last_strike,0.005,0.9976184062951396,-2.2393281496584465,0.27556915138500665,66,-2.543241693829251,-1.8314831419944735
KR6MZ0000MX7,35281,22,False,LIZARD no-KI,last_strike,0.01,0.9974171363032973,-4.252028068081932,0.3786118479744637,126,-4.656001592906458,-3.6443491227391034
KR6MZ0000MX7,35281,23,False,LIZARD no-KI,last_strike,0.025,0.9967494180219277,-10.929210881777044,0.6008995005666687,330,-11.434501244401332,-10.521007450612458
KR6MZ0000MX7,35281,24,False,LIZARD no-KI,last_strike,0.05,0.9957703171434148,-20.720219666905077,0.8148044416433523,644,-22.963994566621878,-18.194751522125053
KR6MD0001HW4,36071,0,False,LIZARD no-KI,base,0.0,0.9548447758194378,0.0,0.0,0,0.0,0.0
KR6MD0001HW4,36071,1,False,LIZARD no-KI,coupon_regular,-0.01,0.9460091901622193,-88.35585657218621,0.26204999010529934,88240,-89.52984565239566,-87.6259712340044
KR6MD0001HW4,36071,2,False,LIZARD no-KI,coupon_regular,-0.005,0.9504269829908286,-44.177928286093014,0.13102499505265058,88240,-44.76492282619773,-43.81298561700211
KR6MD0001HW4,36071,3,False,LIZARD no-KI,coupon_regular,-0.0025,0.9526358794051333,-22.088964143045718,0.06551249752632517,88240,-22.382461413098078,-21.90649280850026
KR6MD0001HW4,36071,4,False,LIZARD no-KI,coupon_regular,-0.001,0.9539612172537161,-8.835585657218115,0.026204999010530493,88240,-8.952984565239063,-8.762597123399935
KR6MD0001HW4,36071,5,False,LIZARD no-KI,coupon_regular,0.001,0.9557283343851597,8.835585657218438,0.026204999010529476,88240,8.762597123400253,8.95298456523938
KR6MD0001HW4,36071,6,False,LIZARD no-KI,coupon_regular,0.0025,0.9570536722337426,22.08896414304661,0.06551249752632396,88240,21.906492808501163,22.382461413098966
KR6MD0001HW4,36071,7,False,LIZARD no-KI,coupon_regular,0.005,0.9592625686480473,44.177928286093504,0.13102499505264845,88240,43.81298561700262,44.76492282619822
KR6MD0001HW4,36071,8,False,LIZARD no-KI,coupon_regular,0.01,0.9636803614766565,88.35585657218647,0.26204999010529917,88240,87.62597123400465,89.5298456523959
KR6MD0001HW4,36071,9,False,LIZARD no-KI,first_strike,-0.05,0.9607042561326042,58.59480313166482,2.0647618851274063,26760,56.26371339112777,60.787502604736325
KR6MD0001HW4,36071,10,False,LIZARD no-KI,first_strike,-0.025,0.9568123253217645,19.67549502326572,1.3056309610495964,13150,19.274240786840746,20.160297154023638
KR6MD0001HW4,36071,11,False,LIZARD no-KI,first_strike,-0.01,0.9553698127901106,5.250369706727028,0.7504233115209804,5073,3.802482962456413,6.054093257135496
KR6MD0001HW4,36071,12,False,LIZARD no-KI,first_strike,-0.005,0.9550229996949999,1.7822387556213126,0.4951180261570109,2490,0.11714901002061434,3.367722578926732
KR6MD0001HW4,36071,13,False,LIZARD no-KI,first_strike,0.005,0.9546241406205203,-2.206351989175752,0.5017714174213093,2373,-2.4953616609140683,-1.7143929747262792
KR6MD0001HW4,36071,14,False,LIZARD no-KI,first_strike,0.01,0.9544606893333981,-3.840864860397814,0.6845631169939637,4721,-5.646841911421675,-2.340069523562569
KR6MD0001HW4,36071,15,False,LIZARD no-KI,first_strike,0.025,0.9541440471953107,-7.00728624127301,1.0065672768615854,11227,-8.740522712368815,-5.353902721014984
KR6MD0001HW4,36071,16,False,LIZARD no-KI,first_strike,0.05,0.953968889988385,-8.75885831052693,1.2802695965085766,20414,-10.060053658092782,-6.732301382016551
KR6MD0001HW4,36071,17,False,LIZARD no-KI,last_strike,-0.05,0.973406858921351,185.6208310191337,2.6074104412421413,4867,183.1113855324786,190.05944168746674
KR6MD0001HW4,36071,18,False,LIZARD no-KI,last_strike,-0.025,0.9638765210837473,90.31745264309609,1.8133841797162518,2431,88.71357282311601,91.5740139882243
KR6MD0001HW4,36071,19,False,LIZARD no-KI,last_strike,-0.01,0.9583978883221588,35.531125027209576,1.1350658432916796,972,33.88197396520127,37.2929432340692
KR6MD0001HW4,36071,20,False,LIZARD no-KI,last_strike,-0.005,0.9566366728260868,17.918970066489816,0.8053777510904867,493,16.894951908997903,18.5369169790779
KR6MD0001HW4,36071,21,False,LIZARD no-KI,last_strike,0.005,0.9531728316156188,-16.71944203818913,0.7738490081332182,465,-17.800352808759886,-15.963661150795232
KR6MD0001HW4,36071,22,False,LIZARD no-KI,last_strike,0.01,0.9514839461696946,-33.60829649743178,1.0919074370815105,940,-34.860406757995435,-32.29460650518871
KR6MD0001HW4,36071,23,False,LIZARD no-KI,last_strike,0.025,0.9464126180136851,-84.32157805752615,1.7045120046429427,2399,-86.12680041829873,-81.59810120277672
KR6MD0001HW4,36071,24,False,LIZARD no-KI,last_strike,0.05,0.9389216355725466,-159.23140246891168,2.2889387352469552,4657,-161.69327897104202,-156.2292622378443
KR6MZ0000RS6,36113,0,False,LIZARD KI,base,0.0,1.0075171211388718,0.0,0.0,0,0.0,0.0
KR6MZ0000RS6,36113,1,False,LIZARD KI,coupon_regular,-0.01,1.000073658135188,-74.43463003684009,0.22931399544999057,99266,-74.82304044077748,-73.90363399741814
KR6MZ0000RS6,36113,2,False,LIZARD KI,coupon_regular,-0.005,1.0037953896370302,-37.21731501841971,0.11465699772499353,99266,-37.41152022038841,-36.95181699870875
KR6MZ0000RS6,36113,3,False,LIZARD KI,coupon_regular,-0.0025,1.0056562553879511,-18.60865750921073,0.057328498862497294,99266,-18.70576011019508,-18.47590849935525
KR6MZ0000RS6,36113,4,False,LIZARD KI,coupon_regular,-0.001,1.0067727748385038,-7.443463003683871,0.02293139954499846,99266,-7.48230404407761,-7.390363399741681
KR6MZ0000RS6,36113,5,False,LIZARD KI,coupon_regular,0.001,1.0082614674392403,7.443463003682745,0.022931399545001233,99266,7.390363399740549,7.4823040440764865
KR6MZ0000RS6,36113,6,False,LIZARD KI,coupon_regular,0.0025,1.0093779868897932,18.608657509209383,0.05732849886249811,99266,18.4759084993539,18.705760110193733
KR6MZ0000RS6,36113,7,False,LIZARD KI,coupon_regular,0.005,1.011238852640714,37.217315018418674,0.11465699772499637,99266,36.9518169987077,37.411520220387374
KR6MZ0000RS6,36113,8,False,LIZARD KI,coupon_regular,0.01,1.0149605841425562,74.43463003684009,0.22931399544999043,99266,73.90363399741815,74.82304044077748
KR6MZ0000RS6,36113,9,False,LIZARD KI,ki_barrier,-0.05,1.0139491834269954,64.32062288123365,1.7145443634224742,1401,60.19277296326832,68.73094017378574
KR6MZ0000RS6,36113,10,False,LIZARD KI,ki_barrier,-0.025,1.0111367071836683,36.195860447962424,1.2744831648356163,807,32.68200303983595,38.733293117397096
KR6MZ0000RS6,36113,11,False,LIZARD KI,ki_barrier,-0.01,1.0091233332476872,16.062121088152438,0.84360097136823,364,14.367884265798162,18.292551211183877
KR6MZ0000RS6,36113,12,False,LIZARD KI,ki_barrier,-0.005,1.0083333298246941,8.162086858220574,0.6003143333155281,186,7.522064686542912,9.161783918105499
KR6MZ0000RS6,36113,13,False,LIZARD KI,ki_barrier,0.005,1.0067930692080174,-7.240519308545937,0.5636391978823359,166,-8.050522104125925,-5.802482610354785
KR6MZ0000RS6,36113,14,False,LIZARD KI,ki_barrier,0.01,1.0059749932886166,-15.42127850255407,0.8179326494642727,357,-17.311926104585158,-13.726659615216997
KR6MZ0000RS6,36113,15,False,LIZARD KI,ki_barrier,0.025,1.0033036692633421,-42.13451875529816,1.3412514271911742,986,-45.37777271436031,-40.26590281258892
KR6MZ0000RS6,36113,16,False,LIZARD KI,ki_barrier,0.05,0.9981068270981641,-94.10294040707804,1.967562263403422,2262,-97.9704208361936,-92.08323591380756
KR6MZ0000RS6,36113,17,False,LIZARD KI,first_strike,-0.05,1.0076860493264346,1.68928187562542,0.9864631444115453,10614,1.1903615224272661,2.1460231612579155
KR6MZ0000RS6,36113,18,False,LIZARD KI,first_strike,-0.025,1.0075015944410737,-0.15526697798160807,0.5487832611678851,3953,-0.39834473644840823,0.2749713044840204
KR6MZ0000RS6,36113,19,False,LIZARD KI,first_strike,-0.01,1.0075241416139893,0.07020475117311836,0.3120154731082623,1310,-0.21454495304496313,0.36483907341643673
KR6MZ0000RS6,36113,20,False,LIZARD KI,first_strike,-0.005,1.0075206702869528,0.03549148080862002,0.2106399337452531,624,-0.22241808954416517,0.19712913954514155
KR6MZ0000RS6,36113,21,False,LIZARD KI,first_strike,0.005,1.0075097868316483,-0.0733430722371597,0.20793313711519035,531,-0.1383068556132384,0.006574704172157192
KR6MZ0000RS6,36113,22,False,LIZARD KI,first_strike,0.01,1.0074625755346542,-0.5454560421768333,0.311912779880514,1002,-0.762925574506182,-0.39576862575012234
KR6MZ0000RS6,36113,23,False,LIZARD KI,first_strike,0.025,1.0074379028802618,-0.7921825861008555,0.4248081588068614,2039,-1.5419551221687102,-0.03750691300413189
KR6MZ0000RS6,36113,24,False,LIZARD KI,first_strike,0.05,1.0074839578722354,-0.33163266636602723,0.47642118362482305,3103,-1.1271468212061475,0.8884409811811503
KR6MZ0000RS6,36113,25,False,LIZARD KI,last_strike,-0.05,1.0076542276977294,1.371065588575192,0.21686744831135474,40,1.0229713238897893,1.7429336167425076
KR6MZ0000RS6,36113,26,False,LIZARD KI,last_strike,-0.025,1.0075632324767756,0.46111337903370486,0.12325625422558413,14,0.2987522883973152,0.6935776370602719
KR6MZ0000RS6,36113,27,False,LIZARD KI,last_strike,-0.01,1.0075299258046009,0.12804665729039647,0.0640228307166518,4,0.09582243780819036,0.1919907809363045
KR6MZ0000RS6,36113,28,False,LIZARD KI,last_strike,-0.005,1.0075299258046009,0.12804665729039647,0.0640228307166518,4,0.09582243780819036,0.1919907809363045
KR6MZ0000RS6,36113,29,False,LIZARD KI,last_strike,0.005,1.0075075818262431,-0.09539312628871233,0.055074804679157464,3,-0.19068185022931136,0.0
KR6MZ0000RS6,36113,30,False,LIZARD KI,last_strike,0.01,1.0075013248358193,-0.15796303052720545,0.07064455766925441,5,-0.2841191149800781,-0.09427244796471268
KR6MZ0000RS6,36113,31,False,LIZARD KI,last_strike,0.025,1.0074737829803782,-0.43338158493634094,0.11583993073238213,14,-0.5622957557676942,-0.2761138061018076
KR6MZ0000RS6,36113,32,False,LIZARD KI,last_strike,0.05,1.0074651292800192,-0.5199185885271395,0.12615383309015746,17,-0.649431897118578,-0.36121040146426364
KR6MZ0000TJ1,36872,0,False,LIZARD no-KI,base,0.0,1.0015453667545682,0.0,0.0,0,0.0,0.0
KR6MZ0000TJ1,36872,1,False,LIZARD no-KI,coupon_regular,-0.01,0.9974066534947753,-41.38713259792991,0.18707961783702995,58780,-41.52483214750582,-41.303396393096584
KR6MZ0000TJ1,36872,2,False,LIZARD no-KI,coupon_regular,-0.005,0.9994760101246719,-20.69356629896487,0.09353980891851427,58780,-20.762416073752824,-20.65169819654821
KR6MZ0000TJ1,36872,3,False,LIZARD no-KI,coupon_regular,-0.0025,1.00051068843962,-10.346783149482484,0.04676990445925767,58780,-10.381208036876458,-10.325849098274153
KR6MZ0000TJ1,36872,4,False,LIZARD no-KI,coupon_regular,-0.001,1.001131495428589,-4.138713259792327,0.01870796178370167,58780,-4.1524832147499176,-4.130339639309
KR6MZ0000TJ1,36872,5,False,LIZARD no-KI,coupon_regular,0.001,1.0019592380805475,4.1387132597933185,0.018707961783703125,58780,4.130339639309982,4.1524832147509105
KR6MZ0000TJ1,36872,6,False,LIZARD no-KI,coupon_regular,0.0025,1.0025800450695164,10.346783149482528,0.04676990445925794,58780,10.325849098274198,10.381208036876508
KR6MZ0000TJ1,36872,7,False,LIZARD no-KI,coupon_regular,0.005,1.0036147233844648,20.693566298964967,0.09353980891851482,58780,20.6516981965483,20.762416073752927
KR6MZ0000TJ1,36872,8,False,LIZARD no-KI,coupon_regular,0.01,1.0056840800143614,41.38713259793152,0.18707961783703053,58780,41.30339639309817,41.524832147507425
KR6MZ0000TJ1,36872,9,False,LIZARD no-KI,first_strike,-0.05,1.001595511644072,0.5014488950353386,0.3401295609146513,1854,-0.03491851446117061,1.0361227197379832
KR6MZ0000TJ1,36872,10,False,LIZARD no-KI,first_strike,-0.025,1.0015098537710925,-0.35512983475617826,0.11332307610383091,519,-0.5659322922260113,-0.09955322949196024
KR6MZ0000TJ1,36872,11,False,LIZARD no-KI,first_strike,-0.01,1.0015379634280028,-0.07403326565353596,0.06904933430448505,156,-0.21106357856449673,0.15787388054210133
KR6MZ0000TJ1,36872,12,False,LIZARD no-KI,first_strike,-0.005,1.0015370614776182,-0.08305276950074186,0.012469417485446433,64,-0.09362774087399506,-0.06670410817401595
KR6MZ0000TJ1,36872,13,False,LIZARD no-KI,first_strike,0.005,1.0015433916544914,-0.019751000769252174,0.05435994062971741,51,-0.0794126813313889,0.07088603358020401
KR6MZ0000TJ1,36872,14,False,LIZARD no-KI,first_strike,0.01,1.0015476722773373,0.023055227689843888,0.05491700340331195,87,-0.045688126350811376,0.11484843446042892
KR6MZ0000TJ1,36872,15,False,LIZARD no-KI,first_strike,0.025,1.00155261419175,0.07247437181639084,0.06531300027040517,168,-0.0347797388691681,0.22737600207339898
KR6MZ0000TJ1,36872,16,False,LIZARD no-KI,first_strike,0.05,1.0015582572684,0.128905138317417,0.07466899213427221,247,0.06687196971476664,0.20395010582175838
KR6MZ0000TJ1,36872,17,False,LIZARD no-KI,last_strike,-0.05,1.0082103402334228,66.64973478854553,1.5976392556048296,1717,63.366412295334555,70.87404212780405
KR6MZ0000TJ1,36872,18,False,LIZARD no-KI,last_strike,-0.025,1.0049153123149412,33.69945560372948,1.1255464450567534,890,31.461264735081777,35.87562997558756
KR6MZ0000TJ1,36872,19,False,LIZARD no-KI,last_strike,-0.01,1.0029062117724632,13.6084501789496,0.711231238911457,365,12.97361393980433,14.53494405929454
KR6MZ0000TJ1,36872,20,False,LIZARD no-KI,last_strike,-0.005,1.0021978711257393,6.5250437117102935,0.4914871355861856,176,5.448666828148209,7.562188466233016
KR6MZ0000TJ1,36872,21,False,LIZARD no-KI,last_strike,0.005,1.0008562130898222,-6.8915366474617255,0.5022272300578201,188,-7.806858101684146,-6.158574835121296
KR6MZ0000TJ1,36872,22,False,LIZARD no-KI,last_strike,0.01,1.0002071008419635,-13.38265912604773,0.6975164176034058,367,-14.223875730888352,-12.903303597480893
KR6MZ0000TJ1,36872,23,False,LIZARD no-KI,last_strike,0.025,0.9984126591046126,-31.327076499557855,1.0565415229709978,873,-32.4780147182354,-29.727057104196206
KR6MZ0000TJ1,36872,24,False,LIZARD no-KI,last_strike,0.05,0.9957789919737918,-57.66374780776425,1.4105649538243785,1650,-59.85730432801478,-56.17010464238194
KR6MZ0000Y08,37156,0,False,LIZARD KI,base,0.0,0.9783439138834926,0.0,0.0,0,0.0,0.0
KR6MZ0000Y08,37156,1,False,LIZARD KI,coupon_regular,-0.01,0.9720839502641828,-62.59963619309893,0.23178971857381572,106687,-62.68036664022527,-62.4464986869305
KR6MZ0000Y08,37156,2,False,LIZARD KI,coupon_regular,-0.005,0.9752139320738376,-31.299818096550066,0.11589485928690756,106687,-31.340183320113233,-31.22324934346585
KR6MZ0000Y08,37156,3,False,LIZARD KI,coupon_regular,-0.0025,0.9767789229786651,-15.649909048275413,0.057947429643453396,106687,-15.670091660057002,-15.611624671733308
KR6MZ0000Y08,37156,4,False,LIZARD KI,coupon_regular,-0.001,0.9777179175215616,-6.259963619310655,0.02317897185738004,106687,-6.268036664023287,-6.2446498686938146
KR6MZ0000Y08,37156,5,False,LIZARD KI,coupon_regular,0.001,0.9789699102454236,6.259963619308751,0.02317897185738269,106687,6.244649868691912,6.268036664021391
KR6MZ0000Y08,37156,6,False,LIZARD KI,coupon_regular,0.0025,0.97990890478832,15.649909048274829,0.05794742964345458,106687,15.611624671732722,15.670091660056418
KR6MZ0000Y08,37156,7,False,LIZARD KI,coupon_regular,0.005,0.9814738956931475,31.29981809654913,0.11589485928690886,106687,31.22324934346492,31.34018332011231
KR6MZ0000Y08,37156,8,False,LIZARD KI,coupon_regular,0.01,0.9846038775028025,62.59963619309917,0.23178971857381575,106687,62.44649868693075,62.68036664022552
KR6MZ0000Y08,37156,9,False,LIZARD KI,ki_barrier,-0.05,0.989274308723038,109.30394839545355,2.182865734361237,2487,106.15756166629811,113.38267111362138
KR6MZ0000Y08,37156,10,False,LIZARD KI,ki_barrier,-0.025,0.9838474581719944,55.03544288501887,1.541795744524285,1275,54.281188010414915,56.392597889613484
KR6MZ0000Y08,37156,11,False,LIZARD KI,ki_barrier,-0.01,0.9805665631799938,22.226492965010838,0.9760760566126074,522,20.83658957659629,22.973845560690894
KR6MZ0000Y08,37156,12,False,LIZARD KI,ki_barrier,-0.005,0.979394587955393,10.506740719004561,0.6729257959601881,246,9.879897615303339,10.89290390500913
KR6MZ0000Y08,37156,13,False,LIZARD KI,ki_barrier,0.005,0.9773076208643554,-10.362930191370436,0.6612432817910754,248,-10.951316673724158,-9.265031423329818
KR6MZ0000Y08,37156,14,False,LIZARD KI,ki_barrier,0.01,0.9762902889002217,-20.536249832708492,0.9280979570464779,493,-21.25743109529924,-19.98691126969282
KR6MZ0000Y08,37156,15,False,LIZARD KI,ki_barrier,0.025,0.9731300840662881,-52.138298172045175,1.470317448452411,1257,-53.25232970333984,-50.48602897877941
KR6MZ0000Y08,37156,16,False,LIZARD KI,ki_barrier,0.05,0.9686360729683593,-97.07840915133413,1.9805399227700085,2378,-97.71608330866479,-96.05288571004698
KR6MZ0000Y08,37156,17,False,LIZARD KI,first_strike,-0.05,0.9842045839055354,58.60670022042809,2.0285450450109743,33700,54.5046374740965,61.23439076712246
KR6MZ0000Y08,37156,18,False,LIZARD KI,first_strike,-0.025,0.9804819530619784,21.38039178485841,1.2625449997939397,18025,18.437561264480102,23.8066463326577
KR6MZ0000Y08,37156,19,False,LIZARD KI,first_strike,-0.01,0.9789989389267225,6.550250432299979,0.7186675390498205,7429,4.798440538500339,7.944330638712042
KR6MZ0000Y08,37156,20,False,LIZARD KI,first_strike,-0.005,0.9786509411128248,3.070272293321396,0.49688765181756916,3749,1.7412343878402576,3.9872492914683884
KR6MZ0000Y08,37156,21,False,LIZARD KI,first_strike,0.005,0.9780542706548608,-2.8964322863174115,0.47412354774968085,3669,-3.835331394793256,-1.6310630372450494
KR6MZ0000Y08,37156,22,False,LIZARD KI,first_strike,0.01,0.977745585170607,-5.983287128855784,0.6739631856303071,7365,-6.952293405483079,-4.461704167280059
KR6MZ0000Y08,37156,23,False,LIZARD KI,first_strike,0.025,0.9771628649792542,-11.81048904238331,0.9591117046460865,17759,-12.536953820889986,-11.096431916132952
KR6MZ0000Y08,37156,24,False,LIZARD KI,first_strike,0.05,0.9767725811570536,-15.713327264389353,1.139357130481626,32513,-16.746453093929603,-14.70872905706049
KR6MZ0000Y08,37156,25,False,LIZARD KI,last_strike,-0.05,0.9795027944250141,11.588805415215694,0.6297965101791068,338,10.81384985758242,12.090028757444882
KR6MZ0000Y08,37156,26,False,LIZARD KI,last_strike,-0.025,0.9788626035742307,5.186896907381712,0.4150780766807394,156,4.800204462436324,5.567409904389773
KR6MZ0000Y08,37156,27,False,LIZARD KI,last_strike,-0.01,0.9785098607445178,1.6594686102520788,0.23232868574307025,51,1.464544276785908,1.9517537832688587
KR6MZ0000Y08,37156,28,False,LIZARD KI,last_strike,-0.005,0.9784215230700444,0.7760918655175081,0.1584045476893902,24,0.679334622066594,0.9693271760838751
KR6MZ0000Y08,37156,29,False,LIZARD KI,last_strike,0.005,0.9782545217394883,-0.8939214400424965,0.16891763347592662,28,-1.0542629806197126,-0.7648329314758281
KR6MZ0000Y08,37156,30,False,LIZARD KI,last_strike,0.01,0.9781851978537905,-1.5871602970208443,0.2244190056798547,50,-1.9068956751365989,-1.2398794262330661
KR6MZ0000Y08,37156,31,False,LIZARD KI,last_strike,0.025,0.9779580379096221,-3.858759738704331,0.3464143814826826,124,-4.578022587670386,-2.805795485327108
KR6MZ0000Y08,37156,32,False,LIZARD KI,last_strike,0.05,0.9777307358579655,-6.131780255270198,0.43136985593838884,202,-7.114246126932906,-5.259570472361601
KR6YT0000EA0,37259,0,False,STEP no-KI,base,0.0,1.0026717858672354,0.0,0.0,0,0.0,0.0
KR6YT0000EA0,37259,1,False,STEP no-KI,coupon_regular,-0.01,0.9973034725745646,-53.68313292670956,0.08417351184590238,117877,-53.80453406355647,-53.53462366654542
KR6YT0000EA0,37259,2,False,STEP no-KI,coupon_regular,-0.005,0.9999876292209,-26.84156646335478,0.0420867559229511,117877,-26.902267031778234,-26.76731183327271
KR6YT0000EA0,37259,3,False,STEP no-KI,coupon_regular,-0.0025,1.0013297075440677,-13.420783231676353,0.021043377961476036,117877,-13.451133515888078,-13.383655916635316
KR6YT0000EA0,37259,4,False,STEP no-KI,coupon_regular,-0.001,1.0021349545379685,-5.368313292669687,0.008417351184590425,117877,-5.380453406354377,-5.353462366653273
KR6YT0000EA0,37259,5,False,STEP no-KI,coupon_regular,0.001,1.0032086171965027,5.368313292671811,0.008417351184589856,117877,5.353462366655396,5.3804534063565015
KR6YT0000EA0,37259,6,False,STEP no-KI,coupon_regular,0.0025,1.004013864190403,13.420783231678469,0.021043377961475384,117877,13.383655916637432,13.451133515890193
KR6YT0000EA0,37259,7,False,STEP no-KI,coupon_regular,0.005,1.0053559425135707,26.841566463354795,0.04208675592295121,117877,26.767311833272725,26.90226703177825
KR6YT0000EA0,37259,8,False,STEP no-KI,coupon_regular,0.01,1.008040099159907,53.683132926713775,0.08417351184590104,117877,53.534623666549635,53.80453406356067
KR6YT0000EA0,37259,9,False,STEP no-KI,first_strike,-0.05,1.007692711534231,50.20925666995424,1.521028175299168,4932,48.777042277090914,51.44866977351665
KR6YT0000EA0,37259,10,False,STEP no-KI,first_strike,-0.025,1.0055333283311536,28.615424639180947,1.1515133284919241,3122,27.47452110341925,29.63387904374279
KR6YT0000EA0,37259,11,False,STEP no-KI,first_strike,-0.01,1.003948896350629,12.77110483393562,0.7758279338898695,1473,11.134892700034094,14.16107916298258
KR6YT0000EA0,37259,12,False,STEP no-KI,first_strike,-0.005,1.0033095413542024,6.377554869668123,0.5480414242256958,767,6.154147214962105,6.576937241031938
KR6YT0000EA0,37259,13,False,STEP no-KI,first_strike,0.005,1.0020567276548396,-6.150582123958343,0.5495059302485127,852,-7.015704196446036,-4.632346974230899
KR6YT0000EA0,37259,14,False,STEP no-KI,first_strike,0.01,1.0013737761839012,-12.980096833342339,0.7915507578475284,1777,-15.2790597816193,-10.05913547698095
KR6YT0000EA0,37259,15,False,STEP no-KI,first_strike,0.025,0.9991818972925514,-34.89888574684177,1.2992252544264884,5184,-40.26644490768783,-30.36963897211992
KR6YT0000EA0,37259,16,False,STEP no-KI,first_strike,0.05,0.995439595865282,-72.32190001953566,1.8790946576383363,13055,-74.39996479581717,-69.11726103094651
KR6YT0000EA0,37259,17,False,STEP no-KI,last_strike,-0.05,1.0046468418374672,19.750559702317897,0.8588582145167692,527,19.37855996387873,20.36913296758586
KR6YT0000EA0,37259,18,False,STEP no-KI,last_strike,-0.025,1.0035488257833156,8.770399160800727,0.5644526815734102,241,8.203294449877255,9.151753872428465
KR6YT0000EA0,37259,19,False,STEP no-KI,last_strike,-0.01,1.0029903420970823,3.185562298468961,0.33755259913024527,89,2.8984018659654747,3.757166540075651
KR6YT0000EA0,37259,20,False,STEP no-KI,last_strike,-0.005,1.0028391021413212,1.6731627408577954,0.24401032381168314,47,1.2805743487160748,2.2434847726025984
KR6YT0000EA0,37259,21,False,STEP no-KI,last_strike,0.005,1.0025380917208322,-1.336941464032316,0.21684808980529666,38,-2.111512371093663,-0.8449886602906408
KR6YT0000EA0,37259,22,False,STEP no-KI,last_strike,0.01,1.0023745264671446,-2.972594000908796,0.32231650495405584,85,-3.8863991535612317,-1.9939767010754788
KR6YT0000EA0,37259,23,False,STEP no-KI,last_strike,0.025,1.0018846005551758,-7.871853120597064,0.5197602343887805,229,-9.107679167730542,-5.856171128956445
KR6YT0000EA0,37259,24,False,STEP no-KI,last_strike,0.05,1.0012131213160194,-14.586645512161597,0.6976935824152402,436,-15.562827988886632,-13.056803903500022
KR6ZY0000CD5,37262,0,True,STEP no-KI,base,0.0,1.0015578833155316,0.0,0.0,0,0.0,0.0
KR6ZY0000CD5,37262,1,True,STEP no-KI,coupon_regular,-0.01,0.9919719578557575,-95.85925459773956,0.2166559517379991,120000,-96.16957619444418,-95.40322142656686
KR6ZY0000CD5,37262,2,True,STEP no-KI,coupon_regular,-0.005,0.9967649205856447,-47.929627298869086,0.10832797586900071,120000,-48.0847880972214,-47.70161071328272
KR6ZY0000CD5,37262,3,True,STEP no-KI,coupon_regular,-0.0025,0.9991614019505881,-23.964813649434497,0.0541639879345001,120000,-24.042394048610657,-23.850805356641313
KR6ZY0000CD5,37262,4,True,STEP no-KI,coupon_regular,-0.001,1.0005992907695542,-9.585925459773856,0.0216655951738002,120000,-9.616957619444317,-9.540322142656585
KR6ZY0000CD5,37262,5,True,STEP no-KI,coupon_regular,0.001,1.0025164758615088,9.585925459773742,0.021665595173800203,120000,9.540322142656471,9.616957619444204
KR6ZY0000CD5,37262,6,True,STEP no-KI,coupon_regular,0.0025,1.0039543646804752,23.964813649434436,0.05416398793450034,120000,23.85080535664126,24.042394048610586
KR6ZY0000CD5,37262,7,True,STEP no-KI,coupon_regular,0.005,1.0063508460454185,47.92962729887043,0.10832797586899778,120000,47.701610713284076,48.08478809722273
KR6ZY0000CD5,37262,8,True,STEP no-KI,coupon_regular,0.01,1.0111438087753055,95.8592545977396,0.2166559517379991,120000,95.40322142656689,96.16957619444422
KR6ZY0000CD5,37262,9,True,STEP no-KI,first_strike,-0.05,1.0061742656078037,46.16382292271976,1.7940811978085807,25671,43.14881491749729,48.80469587075829
KR6ZY0000CD5,37262,10,True,STEP no-KI,first_strike,-0.025,1.0037626829244966,22.04799608964917,1.2969003110497521,14839,20.266895706529077,24.4819428988133
KR6ZY0000CD5,37262,11,True,STEP no-KI,first_strike,-0.01,1.002279568397313,7.2168508178110375,0.8028806400174517,6386,6.544960631383192,8.511817549842341
KR6ZY0000CD5,37262,12,True,STEP no-KI,first_strike,-0.005,1.0018455993207755,2.877160052438142,0.5461911083905415,3258,2.4409902568643815,3.4056740707718416
KR6ZY0000CD5,37262,13,True,STEP no-KI,first_strike,0.005,1.0011944571671565,-3.634261483752242,0.565397915843177,3286,-5.7602226962368706,-2.141643576568445
KR6ZY0000CD5,37262,14,True,STEP no-KI,first_strike,0.01,1.000950754264782,-6.071290507495718,0.7864599092085612,6766,-7.539465331226921,-5.163422444844853
KR6ZY0000CD5,37262,15,True,STEP no-KI,first_strike,0.025,1.000290780649574,-12.671026659576633,1.2070757323207841,17420,-16.502042842702476,-10.606654590070685
KR6ZY0000CD5,37262,16,True,STEP no-KI,first_strike,0.05,1.0003447663018135,-12.13117013718084,1.5619132856644986,35376,-17.11313369774747,-9.264855740881885
KR6ZY0000CD5,37262,17,True,STEP no-KI,last_strike,-0.05,1.0099367718149774,83.78888499445607,1.5643597659188615,2806,80.90677487405564,87.83612747255015
KR6ZY0000CD5,37262,18,True,STEP no-KI,last_strike,-0.025,1.0057864447853275,42.2856146979564,1.0989908792235843,1463,40.44523573316765,44.0997665365675
KR6ZY0000CD5,37262,19,True,STEP no-KI,last_strike,-0.01,1.0032486725486827,16.907892331509615,0.6902962580814807,597,15.296361381463678,18.359917243869837
KR6ZY0000CD5,37262,20,True,STEP no-KI,last_strike,-0.005,1.0024723964218678,9.145131063359857,0.5065994094025533,325,8.015895001803369,9.87508426364118
KR6ZY0000CD5,37262,21,True,STEP no-KI,last_strike,0.005,1.000717430992664,-8.404523228676544,0.4822232358138617,303,-9.569739537542677,-7.488887145844654
KR6ZY0000CD5,37262,22,True,STEP no-KI,last_strike,0.01,0.9998531801319397,-17.04703183591991,0.6834344997645537,619,-17.776350585882966,-16.017304220663835
KR6ZY0000CD5,37262,23,True,STEP no-KI,last_strike,0.025,0.9975651538937923,-39.92729421739423,1.031332721990943,1481,-40.996705008379934,-38.622138236326535
KR6ZY0000CD5,37262,24,True,STEP no-KI,last_strike,0.05,0.9941557210920585,-74.02162223473306,1.3721142844093273,2847,-74.79242892734018,-72.9238848832847
KR6KS0001D86,37280,0,False,STEP KI,base,0.0,0.9845906293006707,0.0,0.0,0,0.0,0.0
KR6KS0001D86,37280,1,False,STEP KI,coupon_regular,-0.01,0.9786464268044086,-59.44202496262142,0.18523594259097678,113481,-59.55619291435251,-59.38150761195466
KR6KS0001D86,37280,2,False,STEP KI,coupon_regular,-0.005,0.9816185280525394,-29.7210124813105,0.09261797129548809,113481,-29.778096457176048,-29.690753805977124
KR6KS0001D86,37280,3,False,STEP KI,coupon_regular,-0.0025,0.9831045786766051,-14.860506240655923,0.046308985647743606,113481,-14.889048228588699,-14.845376902989235
KR6KS0001D86,37280,4,False,STEP KI,coupon_regular,-0.001,0.9839962090510445,-5.944202496261783,0.018523594259099004,113481,-5.9556192914348935,-5.938150761195107
KR6KS0001D86,37280,5,False,STEP KI,coupon_regular,0.001,0.9851850495502966,5.9442024962615525,0.01852359425909891,113481,5.938150761194878,5.955619291434659
KR6KS0001D86,37280,6,False,STEP KI,coupon_regular,0.0025,0.986076679924736,14.86050624065441,0.04630898564774479,113481,14.845376902987722,14.889048228587178
KR6KS0001D86,37280,7,False,STEP KI,coupon_regular,0.005,0.9875627305488016,29.72101248131054,0.09261797129548818,113481,29.690753805977167,29.778096457176094
KR6KS0001D86,37280,8,False,STEP KI,coupon_regular,0.01,0.9905348317969324,59.4420249626198,0.1852359425909776,113481,59.381507611953054,59.55619291435088
KR6KS0001D86,37280,9,False,STEP KI,ki_barrier,-0.05,0.9932990942591018,87.08464958431176,1.9561911070480333,1973,85.71239396055267,88.28509074830852
KR6KS0001D86,37280,10,False,STEP KI,ki_barrier,-0.025,0.9889849654600477,43.94336159377108,1.3802422737021536,1017,40.06276785002924,46.06353595665273
KR6KS0001D86,37280,11,False,STEP KI,ki_barrier,-0.01,0.9861949579876806,16.043286870101237,0.8309157250357223,376,14.626217466805663,17.299098025888068
KR6KS0001D86,37280,12,False,STEP KI,ki_barrier,-0.005,0.985378098378364,7.874690776932376,0.5817583099350274,185,7.0310018607314895,8.563869367709351
KR6KS0001D86,37280,13,False,STEP KI,ki_barrier,0.005,0.9836549573414437,-9.356719592269362,0.6333312315938924,220,-10.194175031847447,-8.66157037320117
KR6KS0001D86,37280,14,False,STEP KI,ki_barrier,0.01,0.9829817692658753,-16.08860034795148,0.8281439631211778,380,-17.796848393554072,-14.888958834351744
KR6KS0001D86,37280,15,False,STEP KI,ki_barrier,0.025,0.98080086593937,-37.89763361300709,1.2594554867869623,908,-40.76506729434725,-34.70137330491114
KR6KS0001D86,37280,16,False,STEP KI,ki_barrier,0.05,0.9777730713444874,-68.17557956183114,1.6694219678419548,1661,-72.24318382069427,-65.50053070487799
KR6KS0001D86,37280,17,False,STEP KI,first_strike,-0.05,0.9922056728148299,76.15043514159198,2.237362224786805,21460,73.05744528822102,79.62824882966014
KR6KS0001D86,37280,18,False,STEP KI,first_strike,-0.025,0.9881000189091642,35.09389608493413,1.5575313080214737,12402,31.494019369319133,37.65972939213793
KR6KS0001D86,37280,19,False,STEP KI,first_strike,-0.01,0.9859406827977942,13.500534971235233,0.9774955169431659,5266,12.32274061064725,14.360987665173239
KR6KS0001D86,37280,20,False,STEP KI,first_strike,-0.005,0.9852367070559912,6.46077755320638,0.6802233715204746,2675,4.731120669225447,7.645788226971787
KR6KS0001D86,37280,21,False,STEP KI,first_strike,0.005,0.9838338875649958,-7.567417356748251,0.7164192765792209,2958,-8.612424746096853,-6.663836552111752
KR6KS0001D86,37280,22,False,STEP KI,first_strike,0.01,0.9832943651279812,-12.9626417268954,0.9672165298294669,5905,-15.004034078592099,-11.148272980064547
KR6KS0001D86,37280,23,False,STEP KI,first_strike,0.025,0.9817644775852256,-28.26151715444954,1.4752401229247916,15430,-31.522640196804154,-25.554324435587063
KR6KS0001D86,37280,24,False,STEP KI,first_strike,0.05,0.980294351224345,-42.96278076325616,1.9067430437312756,31941,-46.92158251606804,-37.85431387079643
KR6KS0001D86,37280,25,False,STEP KI,last_strike,-0.05,0.9855043894749084,9.137601742376992,0.5620877110233322,264,8.745205025149351,9.338162564712063
KR6KS0001D86,37280,26,False,STEP KI,last_strike,-0.025,0.9849445795502376,3.539502495670132,0.3436931684267784,106,3.0153503146682055,4.199646310893039
KR6KS0001D86,37280,27,False,STEP KI,last_strike,-0.01,0.9847214729825338,1.3084368186309432,0.2068528847258593,40,1.0812920021195824,1.4676842618360104
KR6KS0001D86,37280,28,False,STEP KI,last_strike,-0.005,0.9846687736685872,0.7814436791657616,0.1594971100084023,24,0.5868665555885175,1.073618398751485
KR6KS0001D86,37280,29,False,STEP KI,last_strike,0.005,0.9845262550322103,-0.6437426846041783,0.14393463295660125,20,-0.77211215177788,-0.483173636579739
KR6KS0001D86,37280,30,False,STEP KI,last_strike,0.01,0.9844531722673863,-1.3745703328444263,0.20958903787646815,43,-1.439366497502308,-1.2449959316367065
KR6KS0001D86,37280,31,False,STEP KI,last_strike,0.025,0.9842889694787565,-3.01659821914079,0.3078111429683043,96,-3.107399442154846,-2.9263724252385117
KR6KS0001D86,37280,32,False,STEP KI,last_strike,0.05,0.9840997963938797,-4.908329067910065,0.38801801714655,160,-5.2370686351052225,-4.700963084238017
KR6HN0001H58,38092,0,False,LIZARD no-KI,base,0.0,0.9628217546160451,0.0,0.0,0,0.0,0.0
KR6HN0001H58,38092,1,False,LIZARD no-KI,coupon_regular,-0.01,0.9543935407036275,-84.2821391241759,0.22275838691352864,104431,-84.66462725923711,-83.81744819510521
KR6HN0001H58,38092,2,False,LIZARD no-KI,coupon_regular,-0.005,0.9586076476598362,-42.141069562087985,0.11137919345676503,104431,-42.3323136296186,-41.908724097552636
KR6HN0001H58,38092,3,False,LIZARD no-KI,coupon_regular,-0.0025,0.9607147011379407,-21.070534781043932,0.05568959672838244,104431,-21.166156814809234,-20.954362048776257
KR6HN0001H58,38092,4,False,LIZARD no-KI,coupon_regular,-0.001,0.9619789332248032,-8.428213912417519,0.022275838691353023,104431,-8.46646272592364,-8.381744819510448
KR6HN0001H58,38092,5,False,LIZARD no-KI,coupon_regular,0.001,0.9636645760072869,8.428213912417824,0.02227583869135284,104431,8.381744819510756,8.466462725923945
KR6HN0001H58,38092,6,False,LIZARD no-KI,coupon_regular,0.0025,0.9649288080941495,21.07053478104408,0.05568959672838233,104431,20.95436204877641,21.166156814809387
KR6HN0001H58,38092,7,False,LIZARD no-KI,coupon_regular,0.005,0.9670358615722541,42.14106956208819,0.11137919345676431,104431,41.908724097552856,42.33231362961881
KR6HN0001H58,38092,8,False,LIZARD no-KI,coupon_regular,0.01,0.9712499685284627,84.28213912417613,0.22275838691352948,104431,83.81744819510543,84.66462725923735
KR6HN0001H58,38092,9,False,LIZARD no-KI,first_strike,-0.05,0.9767346926233755,139.12938007330237,2.914923582291726,22174,133.33823757019894,142.48245350175023
KR6HN0001H58,38092,10,False,LIZARD no-KI,first_strike,-0.025,0.9692578809104355,64.36126294390488,2.0277061672149617,11868,62.57536466862702,66.08304290877103
KR6HN0001H58,38092,11,False,LIZARD no-KI,first_strike,-0.01,0.9651782509259202,23.56496309875208,1.248248863892962,4908,22.27647158952614,25.700444220878534
KR6HN0001H58,38092,12,False,LIZARD no-KI,first_strike,-0.005,0.9638768921267831,10.551375107378076,0.8521121292565778,2451,8.986306951558586,11.47732644692621
KR6HN0001H58,38092,13,False,LIZARD no-KI,first_strike,0.005,0.9616088640713029,-12.128905447423353,0.8958853659154297,2513,-14.090406182715189,-10.494799204169162
KR6HN0001H58,38092,14,False,LIZARD no-KI,first_strike,0.01,0.9604542919780574,-23.67462637987784,1.257847869724766,5171,-26.375901209550094,-20.86977580691019
KR6HN0001H58,38092,15,False,LIZARD no-KI,first_strike,0.025,0.9576005228230394,-52.21231793005776,1.904198905873475,13062,-53.18345801681434,-50.40944667677218
KR6HN0001H58,38092,16,False,LIZARD no-KI,first_strike,0.05,0.9541998082506357,-86.21946365409512,2.5225897783071343,26129,-91.67375427358759,-82.59978643646008
KR6HN0001H58,38092,17,False,LIZARD no-KI,last_strike,-0.05,0.975286290323349,124.64535707303887,2.2289603306736137,3050,117.27408199651175,129.46975055185993
KR6HN0001H58,38092,18,False,LIZARD no-KI,last_strike,-0.025,0.969083538481142,62.61783865096925,1.5711376284570848,1568,57.49965311933005,67.55773446514827
KR6HN0001H58,38092,19,False,LIZARD no-KI,last_strike,-0.01,0.9650623265010031,22.405718849579067,0.936260242660508,570,20.869059524663133,24.76210020560491
KR6HN0001H58,38092,20,False,LIZARD no-KI,last_strike,-0.005,0.9638068390268472,9.850844108020922,0.6198980769944346,252,9.380085027036689,10.554044617908655
KR6HN0001H58,38092,21,False,LIZARD no-KI,last_strike,0.005,0.9616413277142221,-11.804269018231006,0.6750566566838745,305,-12.772285989120121,-10.916279474950617
KR6HN0001H58,38092,22,False,LIZARD no-KI,last_strike,0.01,0.9604652150610283,-23.56539555016738,0.9501630151812869,612,-24.364788457032255,-22.872908622401397
KR6HN0001H58,38092,23,False,LIZARD no-KI,last_strike,0.025,0.9572376764383894,-55.84078177655649,1.446666784491155,1472,-56.462113986393206,-55.06790491687761
KR6HN0001H58,38092,24,False,LIZARD no-KI,last_strike,0.05,0.952474293371908,-103.47461244137071,1.9342134755817488,2798,-106.61784452477005,-99.64627343377414
KR6KS0001KS8,38105,0,False,LIZARD KI,base,0.0,0.95592510890032,0.0,0.0,0,0.0,0.0
KR6KS0001KS8,38105,1,False,LIZARD KI,coupon_regular,-0.01,0.9471117572210683,-88.13351679251775,0.2693159300031881,87632,-88.66574285935584,-87.50677591450861
KR6KS0001KS8,38105,2,False,LIZARD KI,coupon_regular,-0.005,0.9515184330606942,-44.06675839625899,0.13465796500159372,87632,-44.332871429678036,-43.75338795725442
KR6KS0001KS8,38105,3,False,LIZARD KI,coupon_regular,-0.0025,0.9537217709805073,-22.033379198129552,0.06732898250079841,87632,-22.166435714839075,-21.87669397862726
KR6KS0001KS8,38105,4,False,LIZARD KI,coupon_regular,-0.001,0.955043773732395,-8.813351679251646,0.026931593000318412,87632,-8.866574285935448,-8.750677591450732
KR6KS0001KS8,38105,5,False,LIZARD KI,coupon_regular,0.001,0.9568064440682453,8.813351679251124,0.02693159300031782,87632,8.750677591450202,8.866574285934936
KR6KS0001KS8,38105,6,False,LIZARD KI,coupon_regular,0.0025,0.9581284468201331,22.033379198129083,0.0673289825007979,87632,21.876693978626786,22.166435714838613
KR6KS0001KS8,38105,7,False,LIZARD KI,coupon_regular,0.005,0.960331784739946,44.06675839625757,0.13465796500159377,87632,43.75338795725298,44.33287142967663
KR6KS0001KS8,38105,8,False,LIZARD KI,coupon_regular,0.01,0.9647384605795717,88.133516792517,0.2693159300031905,87632,87.50677591450784,88.66574285935513
KR6KS0001KS8,38105,9,False,LIZARD KI,ki_barrier,-0.05,0.9837732513895681,278.4814248924805,3.7308563624547433,5393,276.31054910147077,280.86661346528774
KR6KS0001KS8,38105,10,False,LIZARD KI,ki_barrier,-0.025,0.9694209440711284,134.95835170808348,2.603756166012175,2659,132.22506165226565,140.2423882641424
KR6KS0001KS8,38105,11,False,LIZARD KI,ki_barrier,-0.01,0.9611505519473389,52.254430470189334,1.6215076192364157,1041,50.81013920852128,54.01749016504366
KR6KS0001KS8,38105,12,False,LIZARD KI,ki_barrier,-0.005,0.9586130207620588,26.8791186173875,1.163943726297061,537,25.371318502611068,27.953742604271305
KR6KS0001KS8,38105,13,False,LIZARD KI,ki_barrier,0.005,0.9534610279473454,-24.640809529746353,1.106357074343005,500,-27.231808863474086,-23.32370771197634
KR6KS0001KS8,38105,14,False,LIZARD KI,ki_barrier,0.01,0.9509266067991773,-49.98502101142956,1.5720466198375966,1014,-52.83580762781251,-47.934192599333464
KR6KS0001KS8,38105,15,False,LIZARD KI,ki_barrier,0.025,0.9438723971828263,-120.52711717493776,2.417446724104071,2462,-128.769467984013,-113.30619633409874
KR6KS0001KS8,38105,16,False,LIZARD KI,ki_barrier,0.05,0.9335335290646651,-223.9157983565501,3.2386242245362005,4646,-232.36807082788812,-218.51260156879877
KR6KS0001KS8,38105,17,False,LIZARD KI,first_strike,-0.05,0.9636566876433662,77.31578743046201,2.869713295222001,16375,71.60350787144546,84.31513935814827
KR6KS0001KS8,38105,18,False,LIZARD KI,first_strike,-0.025,0.9593565727390363,34.3146383871627,1.891906629565398,7260,31.772708702632688,37.26021856811746
KR6KS0001KS8,38105,19,False,LIZARD KI,first_strike,-0.01,0.9570328577455286,11.077488452086019,1.1109568625764368,2622,9.193819179844327,13.72983715526196
KR6KS0001KS8,38105,20,False,LIZARD KI,first_strike,-0.005,0.9565636591824667,6.385502821466333,0.8073125139636488,1315,5.134992565439751,8.22427361066396
KR6KS0001KS8,38105,21,False,LIZARD KI,first_strike,0.005,0.9556060313078117,-3.190775925082816,0.6800185839264028,1182,-4.018297849730738,-2.0439818578294657
KR6KS0001KS8,38105,22,False,LIZARD KI,first_strike,0.01,0.9553089515739974,-6.161573263226074,0.9497474483349698,2310,-6.681957883498229,-5.790607294520939
KR6KS0001KS8,38105,23,False,LIZARD KI,first_strike,0.025,0.9544781709010931,-14.469379992270328,1.4238964645373235,5323,-17.15790468957034,-12.971467996899475
KR6KS0001KS8,38105,24,False,LIZARD KI,first_strike,0.05,0.9537682760517341,-21.56832848585844,1.7828865757613757,8871,-22.637805905380564,-19.741110523215504
KR6KS0001KS8,38105,25,False,LIZARD KI,last_strike,-0.05,0.9585427166400621,26.176077397420677,1.0134332894783655,664,24.92365083043135,28.268577314983666
KR6KS0001KS8,38105,26,False,LIZARD KI,last_strike,-0.025,0.9570171588813885,10.920499810684717,0.6461842453735903,285,10.353659483470262,11.731347650715605
KR6KS0001KS8,38105,27,False,LIZARD KI,last_strike,-0.01,0.956293868097918,3.687591975980324,0.37235927556722015,98,2.935098396832326,4.065582869826729
KR6KS0001KS8,38105,28,False,LIZARD KI,last_strike,-0.005,0.9561123016797748,1.8719277945474375,0.2646780657048294,50,1.5739413477053485,2.1318290657963286
KR6KS0001KS8,38105,29,False,LIZARD KI,last_strike,0.005,0.9557211489921268,-2.0395990819331966,0.2749589467675841,55,-2.3349721410656206,-1.6701720276297318
KR6KS0001KS8,38105,30,False,LIZARD KI,last_strike,0.01,0.955548879170272,-3.762297300480775,0.3723744404441412,102,-4.313265906864926,-3.1005502661954365
KR6KS0001KS8,38105,31,False,LIZARD KI,last_strike,0.025,0.9550536068859363,-8.715020143837332,0.562062760139157,240,-10.015534554859508,-7.30196663958276
KR6KS0001KS8,38105,32,False,LIZARD KI,last_strike,0.05,0.954555263201967,-13.698456983529796,0.6973586003538826,385,-15.176179114997534,-12.568160925349709
KR6KS0001PN8,38863,0,False,STEP no-KI,base,0.0,0.9922690499699788,0.0,0.0,0,0.0,0.0
KR6KS0001PN8,38863,1,False,STEP no-KI,coupon_regular,-0.01,0.9865480726421189,-57.209773278595456,0.11673650168083068,114528,-57.27111472770601,-57.118270945983845
KR6KS0001PN8,38863,2,False,STEP no-KI,coupon_regular,-0.005,0.9894085613060488,-28.6048866392987,0.05836825084041477,114528,-28.635557363853984,-28.5591354729929
KR6KS0001PN8,38863,3,False,STEP no-KI,coupon_regular,-0.0025,0.990838805638014,-14.302443319649312,0.029184125420207187,114528,-14.317778681926953,-14.279567736496407
KR6KS0001PN8,38863,4,False,STEP no-KI,coupon_regular,-0.001,0.9916969522371923,-5.720977327860541,0.011673650168082236,114528,-5.727111472771594,-5.711827094599383
KR6KS0001PN8,38863,5,False,STEP no-KI,coupon_regular,0.001,0.9928411477027648,5.720977327860565,0.011673650168083196,114528,5.711827094599402,5.727111472771621
KR6KS0001PN8,38863,6,False,STEP no-KI,coupon_regular,0.0025,0.9936992943019436,14.30244331965134,0.02918412542020719,114528,14.279567736498436,14.317778681928981
KR6KS0001PN8,38863,7,False,STEP no-KI,coupon_regular,0.005,0.9951295386339084,28.604886639298737,0.05836825084041574,114528,28.55913547299293,28.635557363854023
KR6KS0001PN8,38863,8,False,STEP no-KI,coupon_regular,0.01,0.9979900272978384,57.20977327859758,0.1167365016808319,114528,57.11827094598596,57.27111472770814
KR6KS0001PN8,38863,9,False,STEP no-KI,first_strike,-0.05,1.0014455967507083,91.76546780729753,2.2097572651572053,8201,90.13675714717631,93.1819644089764
KR6KS0001PN8,38863,10,False,STEP no-KI,first_strike,-0.025,0.9970577620086791,47.88712038700382,1.6017342344956047,4621,45.84453023025457,49.576404559676
KR6KS0001PN8,38863,11,False,STEP no-KI,first_strike,-0.01,0.9943314563753607,20.62406405382071,1.0596874913233423,2004,19.02322831530075,22.882435031169834
KR6KS0001PN8,38863,12,False,STEP no-KI,first_strike,-0.005,0.9932922576824373,10.232077124587528,0.74478954042474,1025,9.132156692706591,11.532139079301983
KR6KS0001PN8,38863,13,False,STEP no-KI,first_strike,0.005,0.9912336369155351,-10.354130544434588,0.747359349508326,1088,-11.198593356780378,-9.910910216814454
KR6KS0001PN8,38863,14,False,STEP no-KI,first_strike,0.01,0.9900792936528126,-21.897563171660188,1.083469303270258,2288,-22.153335610720113,-21.442749081202486
KR6KS0001PN8,38863,15,False,STEP no-KI,first_strike,0.025,0.9868334282261548,-54.35621743823756,1.707740467815409,6150,-56.10652506564033,-52.983288863758155
KR6KS0001PN8,38863,16,False,STEP no-KI,first_strike,0.05,0.981938364743282,-103.30685226696507,2.3769429112273817,13910,-106.03294692100648,-99.9584199156206
KR6KS0001PN8,38863,17,False,STEP no-KI,last_strike,-0.05,0.9956231142147451,33.54064244766466,1.1571327556837359,835,32.17019564991667,34.391669188479085
KR6KS0001PN8,38863,18,False,STEP no-KI,last_strike,-0.025,0.9937993098223651,15.302598523865072,0.7727054190831395,391,14.199317685737467,16.572177819186187
KR6KS0001PN8,38863,19,False,STEP no-KI,last_strike,-0.01,0.9928238155197207,5.547655497421114,0.4620384168959817,144,5.084763360649064,6.017949651551667
KR6KS0001PN8,38863,20,False,STEP no-KI,last_strike,-0.005,0.9925602663387424,2.9121636876384733,0.33394503762446814,76,2.527188790418645,3.2166680285200044
KR6KS0001PN8,38863,21,False,STEP no-KI,last_strike,0.005,0.9919427089262672,-3.263410437112762,0.3517796985372891,86,-4.097285063719775,-2.0495912491195387
KR6KS0001PN8,38863,22,False,STEP no-KI,last_strike,0.01,0.9916347970223244,-6.342529476543061,0.48900531910299766,168,-7.365849779173554,-4.526252660180908
KR6KS0001PN8,38863,23,False,STEP no-KI,last_strike,0.025,0.9907969103899241,-14.721395800544173,0.7386497969173579,396,-15.300230697078472,-14.005044929437958
KR6KS0001PN8,38863,24,False,STEP no-KI,last_strike,0.05,0.9895159136668316,-27.53136303147022,0.9960005513105207,760,-29.113828783900534,-26.68019458414818
KR6KB0002KE2,39199,0,True,STEP no-KI,base,0.0,1.0121702852521115,0.0,0.0,0,0.0,0.0
KR6KB0002KE2,39199,1,True,STEP no-KI,coupon_regular,-0.01,1.0012239856224328,-109.46299629678958,0.2041941547641418,120000,-109.77645960623926,-109.20203232210123
KR6KB0002KE2,39199,2,True,STEP no-KI,coupon_regular,-0.005,1.006697135437272,-54.73149814839462,0.10209707738207019,120000,-54.88822980311947,-54.601016161050445
KR6KB0002KE2,39199,3,True,STEP no-KI,coupon_regular,-0.0025,1.009433710344692,-27.36574907419689,0.05104853869103616,120000,-27.44411490155932,-27.300508080524807
KR6KB0002KE2,39199,4,True,STEP no-KI,coupon_regular,-0.001,1.0110756552891438,-10.946299629678126,0.020419415476415015,120000,-10.977645960623098,-10.92020323220929
KR6KB0002KE2,39199,5,True,STEP no-KI,coupon_regular,0.001,1.0132649152150794,10.94629962968021,0.02041941547641412,120000,10.92020323221137,10.977645960625178
KR6KB0002KE2,39199,6,True,STEP no-KI,coupon_regular,0.0025,1.0149068601595315,27.36574907419886,0.051048538691035025,120000,27.300508080526765,27.444114901561285
KR6KB0002KE2,39199,7,True,STEP no-KI,coupon_regular,0.005,1.0176434350669512,54.731498148396724,0.10209707738207004,120000,54.60101616105254,54.88822980312156
KR6KB0002KE2,39199,8,True,STEP no-KI,coupon_regular,0.01,1.0231165848817907,109.46299629679152,0.2041941547641407,120000,109.20203232210315,109.77645960624119
KR6KB0002KE2,39199,9,True,STEP no-KI,first_strike,-0.05,1.0101009310409563,-20.693542111554347,1.2528813841797617,24341,-21.10917453515202,-20.300225652870946
KR6KB0002KE2,39199,10,True,STEP no-KI,first_strike,-0.025,1.0108315721877164,-13.387130643953881,0.800004235942134,12410,-14.184591535846085,-12.982202779115365
KR6KB0002KE2,39199,11,True,STEP no-KI,first_strike,-0.01,1.0115078111858002,-6.624740663115305,0.44396178023343597,4905,-7.7583450431452405,-6.051323493912633
KR6KB0002KE2,39199,12,True,STEP no-KI,first_strike,-0.005,1.0118741505519397,-2.9613470017194063,0.3267309189249348,2434,-3.5319421657264756,-2.405340169472788
KR6KB0002KE2,39199,13,True,STEP no-KI,first_strike,0.005,1.0124765234141884,3.062381620766503,0.30994856428310563,2439,2.818216484711548,3.5080166471883962
KR6KB0002KE2,39199,14,True,STEP no-KI,first_strike,0.01,1.012718551486653,5.482662345414,0.45015177407457413,4796,4.196397824154033,6.503083964648162
KR6KB0002KE2,39199,15,True,STEP no-KI,first_strike,0.025,1.0135081252735167,13.378400214051412,0.6848156002493226,11545,12.232212620721526,14.29431987618643
KR6KB0002KE2,39199,16,True,STEP no-KI,first_strike,0.05,1.0147914627572328,26.211775051211184,0.8875208821213546,21649,23.081796001150373,29.317226303565963
KR6KB0002KE2,39199,17,True,STEP no-KI,last_strike,-0.05,1.0214858736529686,93.15588400857078,1.8456371438088879,2497,90.79385168546028,95.1208462849481
KR6KB0002KE2,39199,18,True,STEP no-KI,last_strike,-0.025,1.0170414303370316,48.711450849198776,1.323909868935508,1339,47.175876648321605,49.986775748804604
KR6KB0002KE2,39199,19,True,STEP no-KI,last_strike,-0.01,1.0141539822949623,19.836970428505214,0.8408645311264388,554,18.361779272629178,21.384566344595008
KR6KB0002KE2,39199,20,True,STEP no-KI,last_strike,-0.005,1.013224840138975,10.545548868632347,0.6121968091031559,296,10.365015566125305,10.795710514093033
KR6KB0002KE2,39199,21,True,STEP no-KI,last_strike,0.005,1.0113144849060645,-8.558003460470589,0.5484451263888369,243,-8.768354942807441,-8.34608737699018
KR6KB0002KE2,39199,22,True,STEP no-KI,last_strike,0.01,1.010489229626081,-16.81055626030634,0.7657769163645864,480,-17.121748407085974,-16.603703953232525
KR6KB0002KE2,39199,23,True,STEP no-KI,last_strike,0.025,1.007922175184231,-42.48110067880579,1.2032461993945023,1234,-43.46583498511282,-41.62353815461222
KR6KB0002KE2,39199,24,True,STEP no-KI,last_strike,0.05,1.0037732721230441,-83.97013129067493,1.659060485672744,2511,-87.91997830269888,-81.63052971645732
KR6KW0000LS0,39200,0,False,STEP KI,base,0.0,1.0540155493775676,0.0,0.0,0,0.0,0.0
KR6KW0000LS0,39200,1,False,STEP KI,coupon_regular,-0.01,1.0411850633468647,-128.30486030703045,0.2518852569931857,119501,-129.06262253675646,-127.92510092293645
KR6KW0000LS0,39200,2,False,STEP KI,coupon_regular,-0.005,1.0476003063622163,-64.15243015351521,0.125942628496592,119501,-64.5313112683782,-63.9625504614682
KR6KW0000LS0,39200,3,False,STEP KI,coupon_regular,-0.0025,1.0508079278698919,-32.0762150767573,0.06297131424829651,119501,-32.2656556341888,-31.981275230733793
KR6KW0000LS0,39200,4,False,STEP KI,coupon_regular,-0.001,1.0527325007744974,-12.830486030702732,0.025188525699320872,119501,-12.906262253675335,-12.792510092293332
KR6KW0000LS0,39200,5,False,STEP KI,coupon_regular,0.001,1.0552985979806382,12.830486030704076,0.02518852569931502,119501,12.792510092294675,12.906262253676665
KR6KW0000LS0,39200,6,False,STEP KI,coupon_regular,0.0025,1.0572231708852433,32.07621507675814,0.06297131424829472,119501,31.98127523073463,32.265655634189635
KR6KW0000LS0,39200,7,False,STEP KI,coupon_regular,0.005,1.0604307923929193,64.15243015351604,0.1259426284965909,119501,63.96255046146902,64.53131126837903
KR6KW0000LS0,39200,8,False,STEP KI,coupon_regular,0.01,1.0668460354082707,128.30486030703148,0.25188525699318215,119501,127.92510092293743,129.06262253675746
KR6KW0000LS0,39200,9,False,STEP KI,ki_barrier,-0.05,1.0564816886906498,24.66139313082239,1.2276122650935366,403,20.920525116707815,26.791466274211444
KR6KW0000LS0,39200,10,False,STEP KI,ki_barrier,-0.025,1.055617760625531,16.022112479634007,0.9838902275748386,265,13.016285753372305,17.984126956977263
KR6KW0000LS0,39200,11,False,STEP KI,ki_barrier,-0.01,1.054757898589935,7.423492123672877,0.6668425138304245,124,6.128752042092691,8.444297572397655
KR6KW0000LS0,39200,12,False,STEP KI,ki_barrier,-0.005,1.0544158222774287,4.002728998610431,0.4892571409525533,67,3.2628448635763583,4.633327793975041
KR6KW0000LS0,39200,13,False,STEP KI,ki_barrier,0.005,1.0536458908239166,-3.696585536511319,0.4661017801696523,63,-4.269459731884631,-3.143225601858922
KR6KW0000LS0,39200,14,False,STEP KI,ki_barrier,0.01,1.053153457941483,-8.620914360845601,0.71135642944739,147,-9.370824449463276,-7.378226633917457
KR6KW0000LS0,39200,15,False,STEP KI,ki_barrier,0.025,1.0515704245672022,-24.451248103654397,1.1898661763788512,422,-24.729099097978818,-23.927352256457194
KR6KW0000LS0,39200,16,False,STEP KI,ki_barrier,0.05,1.0479438776577386,-60.71671719829067,1.84474909275432,1078,-63.39912020758366,-58.801013599642786
KR6KW0000LS0,39200,17,False,STEP KI,first_strike,-0.05,1.04353314881894,-104.824005586275,0.8306405466415145,28664,-105.76224397021682,-103.28563344732723
KR6KW0000LS0,39200,18,False,STEP KI,first_strike,-0.025,1.049077943754973,-49.37605622594621,0.5730474177863814,14398,-49.55902767897139,-49.281711046787926
KR6KW0000LS0,39200,19,False,STEP KI,first_strike,-0.01,1.0520651403599064,-19.50409017661184,0.3582614196062773,5862,-19.76114152924071,-19.136245553152143
KR6KW0000LS0,39200,20,False,STEP KI,first_strike,-0.005,1.0530318322496994,-9.83717127868304,0.24254242344231572,2975,-10.153753290923909,-9.350786585355852
KR6KW0000LS0,39200,21,False,STEP KI,first_strike,0.005,1.054938099254602,9.225498770343066,0.24470828453785473,2835,8.651899413443758,9.557331048499641
KR6KW0000LS0,39200,22,False,STEP KI,first_strike,0.01,1.0558227920510437,18.07242673475961,0.3204529388270027,5568,17.513761307778985,18.389763963626145
KR6KW0000LS0,39200,23,False,STEP KI,first_strike,0.025,1.0581923415495147,41.76792171947193,0.4936366437621678,13566,41.26875564296689,42.0334471670874
KR6KW0000LS0,39200,24,False,STEP KI,first_strike,0.05,1.0614442246146025,74.28675237034791,0.6178351224064255,25208,73.96697335665645,74.61848017889466
KR6KW0000LS0,39200,25,False,STEP KI,last_strike,-0.05,1.0540155493775676,0.0,0.0,0,0.0,0.0
KR6KW0000LS0,39200,26,False,STEP KI,last_strike,-0.025,1.0540155493775676,0.0,0.0,0,0.0,0.0
KR6KW0000LS0,39200,27,False,STEP KI,last_strike,-0.01,1.0540155493775676,0.0,0.0,0,0.0,0.0
KR6KW0000LS0,39200,28,False,STEP KI,last_strike,-0.005,1.0540155493775676,0.0,0.0,0,0.0,0.0
KR6KW0000LS0,39200,29,False,STEP KI,last_strike,0.005,1.0540155493775676,0.0,0.0,0,0.0,0.0
KR6KW0000LS0,39200,30,False,STEP KI,last_strike,0.01,1.0540155493775676,0.0,0.0,0,0.0,0.0
KR6KW0000LS0,39200,31,False,STEP KI,last_strike,0.025,1.0540155493775676,0.0,0.0,0,0.0,0.0
KR6KW0000LS0,39200,32,False,STEP KI,last_strike,0.05,1.0540155493775676,0.0,0.0,0,0.0,0.0
KR6MZ0001984,39378,0,False,LIZARD KI,base,0.0,0.9727519502281956,0.0,0.0,0,0.0,0.0
KR6MZ0001984,39378,1,False,LIZARD KI,coupon_regular,-0.01,0.9655591524164341,-71.92797811761587,0.24995561181808407,106439,-72.17882031848725,-71.74191458583034
KR6MZ0001984,39378,2,False,LIZARD KI,coupon_regular,-0.005,0.9691555513223148,-35.963989058807876,0.12497780590904302,106439,-36.08941015924357,-35.870957292915115
KR6MZ0001984,39378,3,False,LIZARD KI,coupon_regular,-0.0025,0.9709537507752554,-17.981994529403984,0.062488902954521,106439,-18.044705079621835,-17.935478646457597
KR6MZ0001984,39378,4,False,LIZARD KI,coupon_regular,-0.001,0.9720326704470196,-7.192797811761638,0.024995561181808335,106439,-7.217882031848781,-7.174191458583081
KR6MZ0001984,39378,5,False,LIZARD KI,coupon_regular,0.001,0.9734712300093717,7.192797811761366,0.024995561181808047,106439,7.174191458582822,7.217882031848504
KR6MZ0001984,39378,6,False,LIZARD KI,coupon_regular,0.0025,0.9745501496811361,17.981994529404094,0.06248890295452169,106439,17.935478646457717,18.044705079621938
KR6MZ0001984,39378,7,False,LIZARD KI,coupon_regular,0.005,0.9763483491340765,35.963989058807876,0.12497780590904048,106439,35.870957292915136,36.08941015924357
KR6MZ0001984,39378,8,False,LIZARD KI,coupon_regular,0.01,0.9799447480399572,71.9279781176158,0.2499556118180833,106439,71.74191458583027,72.17882031848717
KR6MZ0001984,39378,9,False,LIZARD KI,ki_barrier,-0.05,0.9913633589133025,186.11408685106886,2.917787785265423,3972,179.84496264975823,193.00331870787224
KR6MZ0001984,39378,10,False,LIZARD KI,ki_barrier,-0.025,0.9821329258656817,93.80975637485973,2.0649422730728633,2047,91.05004704959643,96.82985825480239
KR6MZ0001984,39378,11,False,LIZARD KI,ki_barrier,-0.01,0.9765515698545736,37.99619626377966,1.3136555582204805,838,35.26832350673716,41.71019433406522
KR6MZ0001984,39378,12,False,LIZARD KI,ki_barrier,-0.005,0.974647446644019,18.954964158233317,0.9272967235296539,420,18.19587088879654,19.926163119448912
KR6MZ0001984,39378,13,False,LIZARD KI,ki_barrier,0.005,0.9709101551140578,-18.417951141378435,0.91308945815062,409,-19.364506262628932,-17.489082057546746
KR6MZ0001984,39378,14,False,LIZARD KI,ki_barrier,0.01,0.9689835419094751,-37.68408318720352,1.2973213172768798,845,-39.42502111112354,-36.300566844094135
KR6MZ0001984,39378,15,False,LIZARD KI,ki_barrier,0.025,0.9637404480726177,-90.11502155578052,1.9844834258760113,2044,-91.30037988533181,-88.7763148749536
KR6MZ0001984,39378,16,False,LIZARD KI,ki_barrier,0.05,0.955809758607449,-169.421916207467,2.6724540953605262,3920,-175.06467334627854,-164.35135407499874
KR6MZ0001984,39378,17,False,LIZARD KI,first_strike,-0.05,0.9785063703273534,57.54420099157711,2.1294164001692195,30386,54.02106100440564,60.62893330479568
KR6MZ0001984,39378,18,False,LIZARD KI,first_strike,-0.025,0.974824388988241,20.7243876004532,1.31761544290634,15168,18.322929736569726,24.297317232785844
KR6MZ0001984,39378,19,False,LIZARD KI,first_strike,-0.01,0.9733604858042716,6.0853557607584525,0.7440306022108311,5970,5.268421250741536,6.965213262708913
KR6MZ0001984,39378,20,False,LIZARD KI,first_strike,-0.005,0.9729967145572616,2.447643290659171,0.4873168108888682,2986,1.990510637798515,2.983614510483179
KR6MZ0001984,39378,21,False,LIZARD KI,first_strike,0.005,0.9724497895746989,-3.02160653496708,0.5030551852388386,2980,-3.6719912953873113,-2.512930904746053
KR6MZ0001984,39378,22,False,LIZARD KI,first_strike,0.01,0.9722118996442578,-5.400505839378292,0.6734913790607697,5802,-5.6795611944161575,-4.868278422851565
KR6MZ0001984,39378,23,False,LIZARD KI,first_strike,0.025,0.9717035791926679,-10.483710355278903,0.9611520735144241,13695,-10.932852914664782,-9.834056088802337
KR6MZ0001984,39378,24,False,LIZARD KI,first_strike,0.05,0.9715662264914108,-11.857237367849107,1.1108095365153943,24831,-11.99141126918633,-11.714868905494255
KR6MZ0001984,39378,25,False,LIZARD KI,last_strike,-0.05,0.9739435767510983,11.916265229027978,0.6614529466923154,324,11.208379802409963,12.79659874042952
KR6MZ0001984,39378,26,False,LIZARD KI,last_strike,-0.025,0.9732359574087668,4.840071805711031,0.41485301789084045,136,3.738396340592128,5.548263952758962
KR6MZ0001984,39378,27,False,LIZARD KI,last_strike,-0.01,0.9729231888264819,1.71238598286215,0.24458209106767978,49,1.0474545962012545,2.2034938985610957
KR6MZ0001984,39378,28,False,LIZARD KI,last_strike,-0.005,0.9728318832363143,0.7993300811872448,0.16665735691048883,23,0.5215411018290939,1.043218881792478
KR6MZ0001984,39378,29,False,LIZARD KI,last_strike,0.005,0.9726660665435283,-0.85883684667388,0.1717511488430879,25,-1.1335934645598829,-0.41292058329187065
KR6MZ0001984,39378,30,False,LIZARD KI,last_strike,0.01,0.9725947918473772,-1.5715838081835574,0.2316796035096667,46,-2.152017862564672,-1.2335828580840835
KR6MZ0001984,39378,31,False,LIZARD KI,last_strike,0.025,0.9723559786932197,-3.959715349760896,0.36439449405437546,118,-4.438698639532923,-3.6174270521110024
KR6MZ0001984,39378,32,False,LIZARD KI,last_strike,0.05,0.9721126562441025,-6.392939840932445,0.45769712014969255,195,-6.527066866784761,-6.174211920987117
KR6MD0002922,39491,0,False,LIZARD no-KI,base,0.0,1.004609840741968,0.0,0.0,0,0.0,0.0
KR6MD0002922,39491,1,False,LIZARD no-KI,coupon_regular,-0.01,1.000807004383988,-38.02836357979667,0.11777690338621898,78407,-38.07700050549887,-37.936224654070635
KR6MD0002922,39491,2,False,LIZARD no-KI,coupon_regular,-0.005,1.0027084225629779,-19.014181789898323,0.05888845169310932,78407,-19.038500252749426,-18.96811232703531
KR6MD0002922,39491,3,False,LIZARD no-KI,coupon_regular,-0.0025,1.003659131652473,-9.507090894949124,0.029444225846554362,78407,-9.519250126374676,-9.48405616351762
KR6MD0002922,39491,4,False,LIZARD no-KI,coupon_regular,-0.001,1.00422955710617,-3.802836357979142,0.011777690338621407,78407,-3.8077000505493634,-3.793622465406535
KR6MD0002922,39491,5,False,LIZARD no-KI,coupon_regular,0.001,1.0049901243777661,3.802836357980455,0.011777690338622738,78407,3.7936224654078576,3.8077000505506735
KR6MD0002922,39491,6,False,LIZARD no-KI,coupon_regular,0.0025,1.0055605498314628,9.507090894950494,0.029444225846555927,78407,9.484056163518996,9.519250126376043
KR6MD0002922,39491,7,False,LIZARD no-KI,coupon_regular,0.005,1.0065112589209577,19.014181789899645,0.05888845169311069,78407,18.968112327036636,19.038500252750744
KR6MD0002922,39491,8,False,LIZARD no-KI,coupon_regular,0.01,1.0084126770999478,38.02836357979942,0.11777690338622218,78407,37.9362246540734,38.07700050550162
KR6MD0002922,39491,9,False,LIZARD no-KI,first_strike,-0.05,1.0046938253807942,0.8398463882646765,0.29686402320324407,1152,0.722168965193035,0.9951502108674649
KR6MD0002922,39491,10,False,LIZARD no-KI,first_strike,-0.025,1.004632182157517,0.22341415548982266,0.15789946213283612,345,0.029931101999867954,0.6063962720939917
KR6MD0002922,39491,11,False,LIZARD no-KI,first_strike,-0.01,1.004601914732857,-0.07926009110747993,0.03798320712855925,109,-0.10170552185611124,-0.04035190736645916
KR6MD0002922,39491,12,False,LIZARD no-KI,first_strike,-0.005,1.0046087591739872,-0.010815679806908543,0.036691183232803286,48,-0.05982677756241839,0.05729312692290195
KR6MD0002922,39491,13,False,LIZARD no-KI,first_strike,0.005,1.0046097103109923,-0.0013043097543877595,0.034261120263149696,30,-0.04878301243497707,0.02393071102496736
KR6MD0002922,39491,14,False,LIZARD no-KI,first_strike,0.01,1.004609095098596,-0.007456433719076283,0.0493199742307134,60,-0.0543524384315166,0.05982677756241839
KR6MD0002922,39491,15,False,LIZARD no-KI,first_strike,0.025,1.004612531886361,0.02691144393164141,0.06304131686975588,125,-0.0736930771308848,0.13424594419025654
KR6MD0002922,39491,16,False,LIZARD no-KI,first_strike,0.05,1.0046189688110125,0.0912806904457427,0.06361888620056755,187,-0.01984897732470825,0.21368280636396547
KR6MD0002922,39491,17,False,LIZARD no-KI,last_strike,-0.05,1.007240494114579,26.306533726110814,1.0176948672444,665,25.97939931069856,26.69063339364103
KR6MD0002922,39491,18,False,LIZARD no-KI,last_strike,-0.025,1.0058440201257164,12.34179383748436,0.6890833766776812,320,11.083010226845472,13.452745166017959
KR6MD0002922,39491,19,False,LIZARD no-KI,last_strike,-0.01,1.005027010874804,4.171701328362353,0.39758229078889357,110,3.985703695216108,4.43979774348756
KR6MD0002922,39491,20,False,LIZARD no-KI,last_strike,-0.005,1.0048325342863267,2.2269354435888764,0.2898534581681509,59,1.6983519069112616,2.945701657243614
KR6MD0002922,39491,21,False,LIZARD no-KI,last_strike,0.005,1.0043446247140315,-2.6521602793625285,0.3146632609716659,71,-2.9146082100461688,-2.353800772524565
KR6MD0002922,39491,22,False,LIZARD no-KI,last_strike,0.01,1.0041118313964061,-4.980093455616849,0.4299844834168139,134,-5.241319593757049,-4.794167177142266
KR6MD0002922,39491,23,False,LIZARD no-KI,last_strike,0.025,1.003447165454587,-11.626752873809988,0.6512195210557427,318,-12.047824628766156,-11.29878267037365
KR6MD0002922,39491,24,False,LIZARD no-KI,last_strike,0.05,1.0026409057309826,-19.689350109851908,0.837289725086658,551,-20.54510887950299,-18.480311402581926
KR6SH0002VM2,40628,0,False,STEP no-KI,base,0.0,1.0016043442919138,0.0,0.0,0,0.0,0.0
KR6SH0002VM2,40628,1,False,STEP no-KI,coupon_regular,-0.01,0.9964110502349879,-51.932940569263735,0.066219885825419,117737,-51.99155814677475,-51.8528200418043
KR6SH0002VM2,40628,2,False,STEP no-KI,coupon_regular,-0.005,0.9990076972634505,-25.966470284629782,0.03310994291271047,117737,-25.995779073385293,-25.92641002090006
KR6SH0002VM2,40628,3,False,STEP no-KI,coupon_regular,-0.0025,1.0003060207776824,-12.983235142314864,0.016554971456355053,117737,-12.99788953669262,-12.963205010450007
KR6SH0002VM2,40628,4,False,STEP no-KI,coupon_regular,-0.001,1.0010850148862214,-5.193294056925127,0.006621988582542538,117737,-5.19915581467623,-5.185282004179182
KR6SH0002VM2,40628,5,False,STEP no-KI,coupon_regular,0.001,1.0021236736976062,5.193294056925121,0.006621988582542521,117737,5.185282004179175,5.199155814676225
KR6SH0002VM2,40628,6,False,STEP no-KI,coupon_regular,0.0025,1.0029026678061455,12.983235142314879,0.016554971456354966,117737,12.963205010450014,12.997889536692632
KR6SH0002VM2,40628,7,False,STEP no-KI,coupon_regular,0.005,1.004200991320377,25.966470284629757,0.03310994291271009,117737,25.926410020900033,25.995779073385272
KR6SH0002VM2,40628,8,False,STEP no-KI,coupon_regular,0.01,1.00679763834884,51.93294056925953,0.06621988582542034,117737,51.85282004180009,51.99155814677055
KR6SH0002VM2,40628,9,False,STEP no-KI,first_strike,-0.05,1.0078649899361565,62.60645644242764,1.7341944581121844,4405,58.44220673934269,65.10226839530529
KR6SH0002VM2,40628,10,False,STEP no-KI,first_strike,-0.025,1.0052752995782808,36.709552863669934,1.3319536195767407,2790,36.10979632662055,37.08164787208006
KR6SH0002VM2,40628,11,False,STEP no-KI,first_strike,-0.01,1.0031655090733922,15.611647814784321,0.8708871969758962,1301,15.033580216613377,16.467474902536274
KR6SH0002VM2,40628,12,False,STEP no-KI,first_strike,-0.005,1.0024002388247906,7.958945328768577,0.6230577119381397,683,7.569619254341392,8.200129976999252
KR6SH0002VM2,40628,13,False,STEP no-KI,first_strike,0.005,1.000775162609523,-8.291816823909093,0.6332040246123799,763,-8.533568970504472,-7.966917643233697
KR6SH0002VM2,40628,14,False,STEP no-KI,first_strike,0.01,0.9998616182129304,-17.427260789834154,0.9178144833315068,1573,-18.391190756242153,-16.49973497970693
KR6SH0002VM2,40628,15,False,STEP no-KI,first_strike,0.025,0.9970058063161124,-45.98537975801372,1.4964069481709479,4345,-46.99773531195652,-44.90410441919356
KR6SH0002VM2,40628,16,False,STEP no-KI,first_strike,0.05,0.9916789927609484,-99.25351530965422,2.195167828717372,10531,-101.17600144321608,-96.35706633450228
KR6SH0002VM2,40628,17,False,STEP no-KI,last_strike,-0.05,1.002947003384576,13.426590926622293,0.7179536447294688,349,13.144970819495434,13.940551013506653
KR6SH0002VM2,40628,18,False,STEP no-KI,last_strike,-0.025,1.0022495750950342,6.4523080312029535,0.4916810702284478,172,6.09378657638529,6.635466205637567
KR6SH0002VM2,40628,19,False,STEP no-KI,last_strike,-0.01,1.0018258601285188,2.2151583660509533,0.2859101519729099,60,1.3294790268765655,2.9964321665239506
KR6SH0002VM2,40628,20,False,STEP no-KI,last_strike,-0.005,1.0016924083035148,0.8806401160105319,0.17974337997703216,24,0.5506649825733683,1.5405819755839767
KR6SH0002VM2,40628,21,False,STEP no-KI,last_strike,0.005,1.0015244592920602,-0.798849998535155,0.1703012716258204,22,-0.8723268327440524,-0.6531209977819281
KR6SH0002VM2,40628,22,False,STEP no-KI,last_strike,0.01,1.0014167814426571,-1.875628492567674,0.2600530875300591,52,-2.0561709796968755,-1.7295557833089612
KR6SH0002VM2,40628,23,False,STEP no-KI,last_strike,0.025,1.0011500557893178,-4.542885025960604,0.401374628927872,128,-4.901904137834966,-3.9433041891383938
KR6SH0002VM2,40628,24,False,STEP no-KI,last_strike,0.05,1.000796709948262,-8.076343436518671,0.5288401845907541,233,-8.609743785572334,-7.265127538781026
KR6KW0000TD5,40971,0,False,STEP KI,base,0.0,1.0340902822277105,0.0,0.0,0,0.0,0.0
KR6KW0000TD5,40971,1,False,STEP KI,coupon_regular,-0.01,1.0214364992148068,-126.53783012903726,0.2865409756028727,111387,-127.08077988978914,-125.61483207441796
KR6KW0000TD5,40971,2,False,STEP KI,coupon_regular,-0.005,1.0277633907212584,-63.26891506451989,0.14327048780143667,111387,-63.54038994489582,-62.80741603721023
KR6KW0000TD5,40971,3,False,STEP KI,coupon_regular,-0.0025,1.0309268364744846,-31.634457532259596,0.07163524390072004,111387,-31.770194972447552,-31.40370801860476
KR6KW0000TD5,40971,4,False,STEP KI,coupon_regular,-0.001,1.0328249039264201,-12.653783012904725,0.02865409756028943,111387,-12.708077988979912,-12.561483207442786
KR6KW0000TD5,40971,5,False,STEP KI,coupon_regular,0.001,1.0353556605290009,12.653783012903407,0.02865409756028716,111387,12.561483207441473,12.708077988978602
KR6KW0000TD5,40971,6,False,STEP KI,coupon_regular,0.0025,1.0372537279809362,31.634457532258548,0.07163524390071806,111387,31.403708018603727,31.77019497244652
KR6KW0000TD5,40971,7,False,STEP KI,coupon_regular,0.005,1.0404171737341623,63.26891506451909,0.14327048780143667,111387,62.80741603720942,63.54038994489503
KR6KW0000TD5,40971,8,False,STEP KI,coupon_regular,0.01,1.0467440652406141,126.53783012903682,0.2865409756028727,111387,125.6148320744175,127.08077988978869
KR6KW0000TD5,40971,9,False,STEP KI,ki_barrier,-0.05,1.059313722894475,252.23440666764216,3.8023728365075664,4272,244.86269681822455,262.81541539715795
KR6KW0000TD5,40971,10,False,STEP KI,ki_barrier,-0.025,1.0479633267964934,138.73044568782865,2.818165383282731,2391,131.93864819807462,145.82885048477334
KR6KW0000TD5,40971,11,False,STEP KI,ki_barrier,-0.01,1.0397953551331587,57.05072905448127,1.8031346734523357,1000,55.68245277233247,58.03724934808338
KR6KW0000TD5,40971,12,False,STEP KI,ki_barrier,-0.005,1.0368266388038851,27.3635657617481,1.2486001083131775,482,26.71740486766989,27.97413293717608
KR6KW0000TD5,40971,13,False,STEP KI,ki_barrier,0.005,1.0310389661069987,-30.513161207116966,1.3149109866277624,540,-35.268887814978854,-24.113528089372647
KR6KW0000TD5,40971,14,False,STEP KI,ki_barrier,0.01,1.0281972080502033,-58.93074177507238,1.8208389164559968,1046,-62.11112748674978,-54.792503867108564
KR6KW0000TD5,40971,15,False,STEP KI,ki_barrier,0.025,1.0183226456965073,-157.67636531203138,2.939167458490068,2832,-158.592093537184,-156.0677809418529
KR6KW0000TD5,40971,16,False,STEP KI,ki_barrier,0.05,1.0013560192375903,-327.3426299012016,4.134055662104225,6008,-328.4718365894739,-326.3434196423394
KR6KW0000TD5,40971,17,False,STEP KI,first_strike,-0.05,1.0282069865631944,-58.83295664516054,2.257527782568755,22656,-61.0513626065922,-57.524839459265316
KR6KW0000TD5,40971,18,False,STEP KI,first_strike,-0.025,1.0310516927187399,-30.38589508970486,1.5297705716584842,11313,-33.266139219622104,-25.927402192819734
KR6KW0000TD5,40971,19,False,STEP KI,first_strike,-0.01,1.0329831521626018,-11.07130065108684,0.9563261164925226,4488,-11.929373854389794,-10.297153515969526
KR6KW0000TD5,40971,20,False,STEP KI,first_strike,-0.005,1.03353478536272,-5.5549686499067725,0.6474378780315876,2177,-6.4385166464419985,-4.426932193121516
KR6KW0000TD5,40971,21,False,STEP KI,first_strike,0.005,1.034755562666805,6.652804390945991,0.6189918225097841,2238,6.044989134153793,7.131550388227452
KR6KW0000TD5,40971,22,False,STEP KI,first_strike,0.01,1.035419190293497,13.289080657867341,0.8587374848246453,4399,12.064695197371808,14.38405672675234
KR6KW0000TD5,40971,23,False,STEP KI,first_strike,0.025,1.037183437463901,30.931552361905943,1.3085358880747509,10541,29.870493949856474,32.64478038062748
KR6KW0000TD5,40971,24,False,STEP KI,first_strike,0.05,1.0402658169093102,61.75534681599579,1.6952190140330143,20045,60.41163342415754,63.17091468917282
KR6KW0000TD5,40971,25,False,STEP KI,last_strike,-0.05,1.0342417396959198,1.5145746820950103,0.2490391007501523,37,1.2213283818681937,1.8555506255008583
KR6KW0000TD5,40971,26,False,STEP KI,last_strike,-0.025,1.0341581163515323,0.6783412382175898,0.1645219660589312,17,0.47299620031127754,0.964235217507329
KR6KW0000TD5,40971,27,False,STEP KI,last_strike,-0.01,1.0341020017823361,0.11719554625774971,0.0676634198561758,3,0.0,0.23485388487515427
KR6KW0000TD5,40971,28,False,STEP KI,last_strike,-0.005,1.0340980637139647,0.07781486254418614,0.05502318793641317,2,0.0,0.11673275389809483
KR6KW0000TD5,40971,29,False,STEP KI,last_strike,0.005,1.034078739476036,-0.11542751674365818,0.06664181791544392,3,-0.11587999070874674,-0.11512621212479368
KR6KW0000TD5,40971,30,False,STEP KI,last_strike,0.01,1.0340673000821463,-0.22982145564075424,0.09382359983468415,6,-0.2304524555784414,-0.22919938843600213
KR6KW0000TD5,40971,31,False,STEP KI,last_strike,0.025,1.0340412005896278,-0.49081638082702045,0.13613737046672755,13,-0.5667524935298258,-0.4527952448726527
KR6KW0000TD5,40971,32,False,STEP KI,last_strike,0.05,1.0340269826622028,-0.6329956550767067,0.15358077238936324,17,-0.6757958738455803,-0.5597857590803011
KR6MZ0001GL2,41027,0,False,LIZARD KI,base,0.0,0.9871580052725819,0.0,0.0,0,0.0,0.0
KR6MZ0001GL2,41027,1,False,LIZARD KI,coupon_regular,-0.01,0.9820037590495025,-51.54246223079416,0.20127450845959452,74145,-51.80309989228641,-51.34859326083646
KR6MZ0001GL2,41027,2,False,LIZARD KI,coupon_regular,-0.005,0.9845808821610423,-25.77123111539649,0.1006372542297964,74145,-25.901549946142623,-25.67429663041764
KR6MZ0001GL2,41027,3,False,LIZARD KI,coupon_regular,-0.0025,0.9858694437168121,-12.885615557698726,0.0503186271148978,74145,-12.950774973071788,-12.837148315209308
KR6MZ0001GL2,41027,4,False,LIZARD KI,coupon_regular,-0.001,0.9866425806502738,-5.154246223079572,0.020127450845959457,74145,-5.180309989228797,-5.134859326083806
KR6MZ0001GL2,41027,5,False,LIZARD KI,coupon_regular,0.001,0.9876734298948899,5.15424622307951,0.020127450845959686,74145,5.13485932608374,5.180309989228737
KR6MZ0001GL2,41027,6,False,LIZARD KI,coupon_regular,0.0025,0.9884465668283519,12.885615557698943,0.05031862711489975,74145,12.837148315209518,12.950774973072011
KR6MZ0001GL2,41027,7,False,LIZARD KI,coupon_regular,0.005,0.9897351283841218,25.771231115397654,0.10063725422979798,74145,25.674296630418805,25.901549946143785
KR6MZ0001GL2,41027,8,False,LIZARD KI,coupon_regular,0.01,0.9923122514956614,51.54246223079414,0.20127450845959435,74145,51.348593260836445,51.803099892286404
KR6MZ0001GL2,41027,9,False,LIZARD KI,ki_barrier,-0.05,1.0018763188342952,147.18313561713256,2.706305097243788,2911,144.998695278811,151.07115586109256
KR6MZ0001GL2,41027,10,False,LIZARD KI,ki_barrier,-0.025,0.9943848006280377,72.26795355455666,1.889286182016829,1457,67.75380969498775,75.00496697823915
KR6MZ0001GL2,41027,11,False,LIZARD KI,ki_barrier,-0.01,0.9898239172188652,26.659119462832713,1.1456124124760985,543,24.57982896650331,28.774380564554335
KR6MZ0001GL2,41027,12,False,LIZARD KI,ki_barrier,-0.005,0.9884495767779738,12.915715053919373,0.7953795346332138,265,12.287551599768998,13.565212488300721
KR6MZ0001GL2,41027,13,False,LIZARD KI,ki_barrier,0.005,0.9858451293522107,-13.128759203713447,0.7996414584028149,271,-15.180387635361438,-11.754135355684854
KR6MZ0001GL2,41027,14,False,LIZARD KI,ki_barrier,0.01,0.9844445250164361,-27.134802561457555,1.1462539513991878,562,-29.726524983386504,-24.136052048400217
KR6MZ0001GL2,41027,15,False,LIZARD KI,ki_barrier,0.025,0.9809153864483475,-62.426188242343216,1.7241463786541784,1306,-63.79294879318475,-61.360011151299204
KR6MZ0001GL2,41027,16,False,LIZARD KI,ki_barrier,0.05,0.9758362635027683,-113.21741769813629,2.2932958492580284,2405,-115.26644646610774,-111.55805351180092
KR6MZ0001GL2,41027,17,False,LIZARD KI,first_strike,-0.05,0.9879737983544215,8.157930818395105,0.9544002726999423,4011,6.693808188202218,9.2277401799559
KR6MZ0001GL2,41027,18,False,LIZARD KI,first_strike,-0.025,0.9874161372008571,2.5813192827518345,0.5638179276201877,1561,2.1457622757102155,3.3105479349953995
KR6MZ0001GL2,41027,19,False,LIZARD KI,first_strike,-0.01,0.9872222277676979,0.6422249511603415,0.31293291848157706,549,0.34391124848190635,0.9664987076999797
KR6MZ0001GL2,41027,20,False,LIZARD KI,first_strike,-0.005,0.9871742764121302,0.16271139548277921,0.19594584491255077,252,-0.08316062604928987,0.45558997418667174
KR6MZ0001GL2,41027,21,False,LIZARD KI,first_strike,0.005,0.9871180098365196,-0.3999543606216798,0.20698689867895168,219,-1.0028384326446802,0.22296097046846713
KR6MZ0001GL2,41027,22,False,LIZARD KI,first_strike,0.01,0.9871151462911079,-0.4285898147412911,0.25623282587042395,418,-0.9225990735163593,0.1581648779693953
KR6MZ0001GL2,41027,23,False,LIZARD KI,first_strike,0.025,0.9871068445547134,-0.5116071786852883,0.35739808861555455,910,-0.8639088389374127,-0.09541742560393349
KR6MZ0001GL2,41027,24,False,LIZARD KI,first_strike,0.05,0.9871593582669008,0.013529943188725838,0.40098218320279005,1463,-0.6521627131843429,0.9636688045664638
KR6MZ0001GL2,41027,25,False,LIZARD KI,last_strike,-0.05,0.9885882027937,14.301975211179373,0.7647330485651285,349,13.306618661389455,15.023357563784362
KR6MZ0001GL2,41027,26,False,LIZARD KI,last_strike,-0.025,0.9877030375166911,5.4503224410917825,0.4654287733936776,137,5.014652013450753,5.957415611130107
KR6MZ0001GL2,41027,27,False,LIZARD KI,last_strike,-0.01,0.9873421954790149,1.8419020643308472,0.26862187209964233,47,1.5295128966308726,2.2322876994509313
KR6MZ0001GL2,41027,28,False,LIZARD KI,last_strike,-0.005,0.9872516003329743,0.9359506039233988,0.19103252860361325,24,0.702268428585521,1.2867187857084215
KR6MZ0001GL2,41027,29,False,LIZARD KI,last_strike,0.005,0.9870730465532677,-0.8495871931421898,0.18111766575046157,22,-1.0424531033502658,-0.6952577063133424
KR6MZ0001GL2,41027,30,False,LIZARD KI,last_strike,0.01,0.9869927405739115,-1.6526469867044629,0.25198652031182384,43,-1.8462905499590812,-1.3845786531339788
KR6MZ0001GL2,41027,31,False,LIZARD KI,last_strike,0.025,0.9867195121316955,-4.384931408864668,0.4069831610105474,116,-4.654279976761529,-4.077193645199036
KR6MZ0001GL2,41027,32,False,LIZARD KI,last_strike,0.05,0.9864351384369666,-7.228668356152791,0.5174401398935166,195,-8.527685989732117,-5.805092034004431
KR6SH0003043,41039,0,False,LIZARD no-KI,base,0.0,0.9869929618218104,0.0,0.0,0,0.0,0.0
KR6SH0003043,41039,1,False,LIZARD no-KI,coupon_regular,-0.01,0.9825585844879301,-44.34377333880352,0.13517518429636358,86614,-44.47291090816343,-44.152177654960354
KR6SH0003043,41039,2,False,LIZARD no-KI,coupon_regular,-0.005,0.9847757731548701,-22.17188666940326,0.06758759214818263,86614,-22.23645545408322,-22.07608882748166
KR6SH0003043,41039,3,False,LIZARD no-KI,coupon_regular,-0.0025,0.9858843674883402,-11.08594333470164,0.033793796074091505,86614,-11.11822772704162,-11.038044413740842
KR6SH0003043,41039,4,False,LIZARD no-KI,coupon_regular,-0.001,0.9865495240884221,-4.434377333882112,0.013517518429637018,86614,-4.447291090818111,-4.415217765497782
KR6SH0003043,41039,5,False,LIZARD no-KI,coupon_regular,0.001,0.9874363995551981,4.434377333879192,0.013517518429635925,86614,4.415217765494886,4.447291090815181
KR6SH0003043,41039,6,False,LIZARD no-KI,coupon_regular,0.0025,0.9881015561552803,11.085943334700168,0.033793796074090686,86614,11.038044413739382,11.118227727040146
KR6SH0003043,41039,7,False,LIZARD no-KI,coupon_regular,0.005,0.9892101504887503,22.171886669400294,0.06758759214818107,86614,22.076088827478724,22.23645545408024
KR6SH0003043,41039,8,False,LIZARD no-KI,coupon_regular,0.01,0.9914273391556903,44.3437733388006,0.13517518429636285,86614,44.15217765495746,44.472910908160515
KR6SH0003043,41039,9,False,LIZARD no-KI,first_strike,-0.05,0.9884228397079036,14.298778860932067,0.9089818547064853,1715,12.354245998390159,15.401262490824394
KR6SH0003043,41039,10,False,LIZARD no-KI,first_strike,-0.025,0.9874211502750582,4.28188453247735,0.5051081625899347,650,3.699666019391813,4.66136662634538
KR6SH0003043,41039,11,False,LIZARD no-KI,first_strike,-0.01,0.987106936190663,1.1397436885278571,0.26433446061110216,180,1.0688678070215694,1.2234964133604167
KR6SH0003043,41039,12,False,LIZARD no-KI,first_strike,-0.005,0.9870316559278262,0.3869410601580058,0.16363512333752936,83,0.28216021859441803,0.5945509825456136
KR6SH0003043,41039,13,False,LIZARD no-KI,first_strike,0.005,0.9869638494077141,-0.29112414096222,0.13981474831432975,81,-0.5272638043205422,-0.011792545923219766
KR6SH0003043,41039,14,False,LIZARD no-KI,first_strike,0.01,0.9869156309269339,-0.7733089487629767,0.2183981569724723,160,-0.912920752449572,-0.6529712699877259
KR6SH0003043,41039,15,False,LIZARD no-KI,first_strike,0.025,0.9868536413824848,-1.393204393255105,0.30958894516073043,351,-1.4584410731691824,-1.3224814027576142
KR6SH0003043,41039,16,False,LIZARD no-KI,first_strike,0.05,0.986796645928439,-1.9631589337134472,0.3706029072648073,535,-2.252880497516297,-1.6317335781480313
KR6SH0003043,41039,17,False,LIZARD no-KI,last_strike,-0.05,0.9915126419774943,45.196801556838835,1.3721403142070432,1076,44.094121648340234,47.14686531165573
KR6SH0003043,41039,18,False,LIZARD no-KI,last_strike,-0.025,0.9891217318743738,21.28770052563421,0.9324952845593397,519,20.929220690305574,21.66822871218986
KR6SH0003043,41039,19,False,LIZARD no-KI,last_strike,-0.01,0.9878626111716001,8.696493497898683,0.5925758579790261,215,8.375602390047327,8.864835236450565
KR6SH0003043,41039,20,False,LIZARD no-KI,last_strike,-0.005,0.9873832738258357,3.903120040253308,0.3961448201832453,97,3.379570425916878,4.948452647012761
KR6SH0003043,41039,21,False,LIZARD no-KI,last_strike,0.005,0.98667377964863,-3.191821731805783,0.3567404280776612,80,-4.306755729175476,-1.9161056857812535
KR6SH0003043,41039,22,False,LIZARD no-KI,last_strike,0.01,0.9862750911885457,-7.178706332645338,0.533198443826998,181,-8.216184166623266,-5.704463307903014
KR6SH0003043,41039,23,False,LIZARD no-KI,last_strike,0.025,0.9852955971381799,-16.973646836303306,0.8133714342979922,434,-17.72647173805248,-16.280973036678205
KR6SH0003043,41039,24,False,LIZARD no-KI,last_strike,0.05,0.9838151160672652,-31.778457545450735,1.098364236564845,832,-32.3237199916651,-31.416578462275254
KR6KS0002817,41152,0,True,STEP no-KI,base,0.0,0.9503628095726264,0.0,0.0,0,0.0,0.0
KR6KS0002817,41152,1,True,STEP no-KI,coupon_regular,-0.01,0.9363750842710268,-139.8772530159972,0.23894468844661612,120000,-140.34699178047364,-139.63687632617362
KR6KS0002817,41152,2,True,STEP no-KI,coupon_regular,-0.005,0.9433689469218265,-69.93862650799838,0.11947234422330734,120000,-70.1734958902366,-69.81843816308658
KR6KS0002817,41152,3,True,STEP no-KI,coupon_regular,-0.0025,0.9468658782472267,-34.96931325399941,0.05973617211165355,120000,-35.086747945118525,-34.90921908154351
KR6KS0002817,41152,4,True,STEP no-KI,coupon_regular,-0.001,0.9489640370424665,-13.987725301599637,0.023894468844662224,120000,-14.03469917804728,-13.963687632617276
KR6KS0002817,41152,5,True,STEP no-KI,coupon_regular,0.001,0.9517615821027864,13.987725301599601,0.023894468844661673,120000,13.963687632617248,14.034699178047244
KR6KS0002817,41152,6,True,STEP no-KI,coupon_regular,0.0025,0.9538597408980265,34.96931325399918,0.05973617211165422,120000,34.90921908154329,35.08674794511829
KR6KS0002817,41152,7,True,STEP no-KI,coupon_regular,0.005,0.9573566722234262,69.93862650799868,0.1194723442233079,120000,69.8184381630869,70.1734958902369
KR6KS0002817,41152,8,True,STEP no-KI,coupon_regular,0.01,0.9643505348742261,139.87725301599704,0.23894468844661498,120000,139.63687632617345,140.34699178047345
KR6KS0002817,41152,9,True,STEP no-KI,first_strike,-0.05,0.9559373455752888,55.74536002662385,2.2536442169154585,17673,53.33129081498843,59.14596776817701
KR6KS0002817,41152,10,True,STEP no-KI,first_strike,-0.025,0.9524978582936504,21.35048721023814,1.4722922772156803,8415,18.96383910161469,23.35757695630173
KR6KS0002817,41152,11,True,STEP no-KI,first_strike,-0.01,0.9509653177987142,6.025082260875882,0.8624775930313747,3274,4.640284777198579,7.375563485096112
KR6KS0002817,41152,12,True,STEP no-KI,first_strike,-0.005,0.9507259180441009,3.6310847147435155,0.6313344289934529,1659,2.588620862130842,4.724509321167304
KR6KS0002817,41152,13,True,STEP no-KI,first_strike,0.005,0.9500063559022262,-3.5645367040030926,0.6179424236576984,1556,-4.175720777571802,-2.8763430196407223
KR6KS0002817,41152,14,True,STEP no-KI,first_strike,0.01,0.9497196694144096,-6.431401582169249,0.8591219276835281,3122,-7.907924146907056,-5.51461125532309
KR6KS0002817,41152,15,True,STEP no-KI,first_strike,0.025,0.9488317379453944,-15.310716272319976,1.3224049301772636,7566,-17.897881720179896,-13.713338130692184
KR6KS0002817,41152,16,True,STEP no-KI,first_strike,0.05,0.9480578637961139,-23.04945776512659,1.7373740827409985,14256,-28.9532653361067,-19.232899881465514
KR6KS0002817,41152,17,True,STEP no-KI,last_strike,-0.05,0.9720970552651442,217.34245692517752,2.7636672553161996,5887,212.7167188725337,224.0214680809437
KR6KS0002817,41152,18,True,STEP no-KI,last_strike,-0.025,0.9610877832902576,107.24973717631183,1.93970208018006,2982,105.30951236721853,108.61106225467765
KR6KS0002817,41152,19,True,STEP no-KI,last_strike,-0.01,0.9545544681744597,41.91658601833111,1.211663949295984,1185,40.55245939134302,44.12336098139706
KR6KS0002817,41152,20,True,STEP no-KI,last_strike,-0.005,0.9525409590656309,21.781494930043355,0.8732193246614905,619,19.528625838275687,24.38238931725094
KR6KS0002817,41152,21,True,STEP no-KI,last_strike,0.005,0.9481810186520888,-21.817909205377145,0.8690521976739641,627,-22.134333345345386,-21.501064400295732
KR6KS0002817,41152,22,True,STEP no-KI,last_strike,0.01,0.9461819143751745,-41.80895197451833,1.1968777590974733,1208,-44.32726966157369,-40.28574119197948
KR6KS0002817,41152,23,True,STEP no-KI,last_strike,0.025,0.94012798118004,-102.34828392586476,1.842858755702743,3008,-106.35868021850614,-100.23123383150387
KR6KS0002817,41152,24,True,STEP no-KI,last_strike,0.05,0.9308314428770029,-195.31366695623547,2.479867565705422,5905,-196.17986287239995,-194.7122759469229
KR6SY0001LL2,42191,0,False,STEP no-KI,base,0.0,0.9599116437386195,0.0,0.0,0,0.0,0.0
KR6SY0001LL2,42191,1,False,STEP no-KI,coupon_regular,-0.01,0.9539154667379087,-59.96177000710865,0.14907876460855152,106897,-60.06006964889798,-59.800947555089955
KR6SY0001LL2,42191,2,False,STEP no-KI,coupon_regular,-0.005,0.956913555238264,-29.980885003556,0.07453938230427502,106897,-30.03003482445066,-29.900473777546658
KR6SY0001LL2,42191,3,False,STEP no-KI,coupon_regular,-0.0025,0.9584125994884417,-14.990442501777103,0.037269691152138025,106897,-15.015017412224438,-14.95023688877243
KR6SY0001LL2,42191,4,False,STEP no-KI,coupon_regular,-0.001,0.959312026038548,-5.996177000712846,0.014907876460854334,106897,-6.006006964891777,-5.9800947555109785
KR6SY0001LL2,42191,5,False,STEP no-KI,coupon_regular,0.001,0.9605112614386903,5.996177000709626,0.014907876460855982,106897,5.9800947555077535,6.006006964888558
KR6SY0001LL2,42191,6,False,STEP no-KI,coupon_regular,0.0025,0.9614106879887971,14.990442501775494,0.037269691152138226,106897,14.950236888770815,15.015017412222825
KR6SY0001LL2,42191,7,False,STEP no-KI,coupon_regular,0.005,0.9629097322389748,29.98088500355277,0.07453938230427677,106897,29.900473777543425,30.030034824447434
KR6SY0001LL2,42191,8,False,STEP no-KI,coupon_regular,0.01,0.9659078207393298,59.961770007105265,0.1490787646085533,106897,59.800947555086566,60.060069648894604
KR6SY0001LL2,42191,9,False,STEP no-KI,first_strike,-0.05,0.9816205086261042,217.08864887484643,3.397480219642477,13693,215.77952890538228,218.66912909374292
KR6SY0001LL2,42191,10,False,STEP no-KI,first_strike,-0.025,0.9708473971824978,109.3575344387834,2.436893974008738,7450,108.4099404923085,110.76522697096735
KR6SY0001LL2,42191,11,False,STEP no-KI,first_strike,-0.01,0.9643927565553694,44.81112816750051,1.5751454716406241,3065,41.43287080565862,47.61897783978849
KR6SY0001LL2,42191,12,False,STEP no-KI,first_strike,-0.005,0.9623005562804451,23.8891254182565,1.149209008076556,1588,21.599571307306356,25.481116569498475
KR6SY0001LL2,42191,13,False,STEP no-KI,first_strike,0.005,0.9577797009855697,-21.319427530496718,1.0839947518143949,1632,-22.329789423605533,-19.806021160762324
KR6SY0001LL2,42191,14,False,STEP no-KI,first_strike,0.01,0.9556546216787944,-42.570220598250984,1.5323052035968003,3312,-44.60647308526443,-39.40930536662324
KR6SY0001LL2,42191,15,False,STEP no-KI,first_strike,0.025,0.9492514065191465,-106.60237219472849,2.4174576726102623,8657,-111.71062177657505,-103.82321963711819
KR6SY0001LL2,42191,16,False,STEP no-KI,first_strike,0.05,0.9401089958256739,-198.0264791294551,3.2867567666931863,17776,-201.67160172235026,-191.06813178092344
KR6SY0001LL2,42191,17,False,STEP no-KI,last_strike,-0.05,0.9665586219081024,66.46978169482867,1.674135356456236,1557,60.13249803917017,72.31510890769168
KR6SY0001LL2,42191,18,False,STEP no-KI,last_strike,-0.025,0.9628011891199006,28.8954538128122,1.0937841940610114,694,26.147686765161836,32.08654743776533
KR6SY0001LL2,42191,19,False,STEP no-KI,last_strike,-0.01,0.9609574708551268,10.458271165072698,0.6542389654268638,255,7.262890363974639,12.551126542630806
KR6SY0001LL2,42191,20,False,STEP no-KI,last_strike,-0.005,0.9604709671748961,5.593234362767063,0.47759304233381145,137,3.4293065137829197,6.737666853920723
KR6SY0001LL2,42191,21,False,STEP no-KI,last_strike,0.005,0.9593411975715167,-5.704461671027601,0.48012387082436686,141,-7.525010842418554,-4.733025382161743
KR6SY0001LL2,42191,22,False,STEP no-KI,last_strike,0.01,0.9587802157926354,-11.31427945983973,0.6741758616787192,281,-13.054541125172026,-10.143673211189983
KR6SY0001LL2,42191,23,False,STEP no-KI,last_strike,0.025,0.9572354976207956,-26.76146117823811,1.028020565595601,674,-28.499440669985788,-25.61328135430815
KR6SY0001LL2,42191,24,False,STEP no-KI,last_strike,0.05,0.9550931814285024,-48.184623101169066,1.3612732174079176,1241,-48.50907453798186,-47.98030078527311
KR6KS0002JR0,42646,0,False,STEP KI,base,0.0,0.972117386214588,0.0,0.0,0,0.0,0.0
KR6KS0002JR0,42646,1,False,STEP KI,coupon_regular,-0.01,0.9635937313701265,-85.23654844461517,0.23404537102711423,107343,-85.60738873835156,-85.0296982546491
KR6KS0002JR0,42646,2,False,STEP KI,coupon_regular,-0.005,0.9678555587923572,-42.618274222307846,0.11702268551355764,107343,-42.80369436917604,-42.51484912732482
KR6KS0002JR0,42646,3,False,STEP KI,coupon_regular,-0.0025,0.9699864725034725,-21.309137111153884,0.05851134275677881,107343,-21.40184718458798,-21.25742456366237
KR6KS0002JR0,42646,4,False,STEP KI,coupon_regular,-0.001,0.971265020730142,-8.523654844461934,0.023404537102711356,107343,-8.560738873835573,-8.502969825465332
KR6KS0002JR0,42646,5,False,STEP KI,coupon_regular,0.001,0.9729697516990341,8.52365484446162,0.02340453710271019,107343,8.502969825465009,8.560738873835255
KR6KS0002JR0,42646,6,False,STEP KI,coupon_regular,0.0025,0.9742482999257034,21.309137111153643,0.05851134275677794,107343,21.257424563662124,21.40184718458774
KR6KS0002JR0,42646,7,False,STEP KI,coupon_regular,0.005,0.9763792136368189,42.61827422230881,0.11702268551355507,107343,42.514849127325775,42.80369436917701
KR6KS0002JR0,42646,8,False,STEP KI,coupon_regular,0.01,0.9806410410590499,85.23654844461632,0.2340453710271116,107343,85.02969825465024,85.60738873835268
KR6KS0002JR0,42646,9,False,STEP KI,ki_barrier,-0.05,0.995951234956576,238.33848741987924,3.5230568950945655,4452,234.91018892971562,242.32961994600646
KR6KS0002JR0,42646,10,False,STEP KI,ki_barrier,-0.025,0.98397049231564,118.53106101051817,2.4844465606826267,2255,113.51136904229146,123.92189534985013
KR6KS0002JR0,42646,11,False,STEP KI,ki_barrier,-0.01,0.976739921353747,46.22535139159052,1.5485687077300812,893,45.62631118400458,47.33158695153622
KR6KS0002JR0,42646,12,False,STEP KI,ki_barrier,-0.005,0.9743622761250427,22.448899104546104,1.0786041308041516,436,21.255017018675794,23.657816626530817
KR6KS0002JR0,42646,13,False,STEP KI,ki_barrier,0.005,0.9699596039758774,-21.577822387107265,1.06023408793493,416,-22.03868439669447,-20.75861373900629
KR6KS0002JR0,42646,14,False,STEP KI,ki_barrier,0.01,0.9675652721782654,-45.52114036322639,1.5277559226809991,889,-47.605471322976115,-43.57288976800794
KR6KS0002JR0,42646,15,False,STEP KI,ki_barrier,0.025,0.9607942737351313,-113.23112479456823,2.382198793687053,2237,-114.06744043208894,-112.69106757563634
KR6KS0002JR0,42646,16,False,STEP KI,ki_barrier,0.05,0.9510385136123373,-210.78872602250718,3.1958491144850334,4235,-211.44131936497172,-209.69548083652663
KR6KS0002JR0,42646,17,False,STEP KI,first_strike,-0.05,0.9835587100259652,114.41323811377038,3.043264650501986,17115,112.6736412106485,117.54215027302354
KR6KS0002JR0,42646,18,False,STEP KI,first_strike,-0.025,0.9774863036330927,53.68917418504719,2.1332592699413264,9032,51.47417322983242,56.474155671114104
KR6KS0002JR0,42646,19,False,STEP KI,first_strike,-0.01,0.9743381390305027,22.207528159145053,1.3716394024401122,3758,19.882080486287357,24.260935477717144
KR6KS0002JR0,42646,20,False,STEP KI,first_strike,-0.005,0.9732544109213995,11.370247068115097,0.9806374531737949,1928,10.333071335871509,12.596516638004504
KR6KS0002JR0,42646,21,False,STEP KI,first_strike,0.005,0.9712194555416683,-8.979306729197415,0.9063359820109983,1897,-12.726951535921454,-6.507631159090526
KR6KS0002JR0,42646,22,False,STEP KI,first_strike,0.01,0.9703324395005303,-17.849467140578938,1.2864788430929446,3780,-19.582350552518854,-14.817706712965839
KR6KS0002JR0,42646,23,False,STEP KI,first_strike,0.025,0.9681887562274945,-39.28629987093571,1.9495209761381154,9416,-42.31558376015184,-36.54950431781991
KR6KS0002JR0,42646,24,False,STEP KI,first_strike,0.05,0.9652662538817468,-68.51132332841281,2.637393430096672,18845,-71.5349535430095,-64.72970121328086
KR6KS0002JR0,42646,25,False,STEP KI,last_strike,-0.05,0.9732753415534486,11.579553388604676,0.6877833982101363,283,10.929960708008531,12.736734356971008
KR6KS0002JR0,42646,26,False,STEP KI,last_strike,-0.025,0.9725702274951505,4.52841280562469,0.4239647182983464,114,3.9445591658122243,5.595730953812544
KR6KS0002JR0,42646,27,False,STEP KI,last_strike,-0.01,0.9723094375602892,1.9205134570113755,0.27430768420259904,49,1.5293924846796945,2.3511356175516025
KR6KS0002JR0,42646,28,False,STEP KI,last_strike,-0.005,0.9722071180115821,0.8973179699397221,0.18708726140034346,23,0.7022688050760844,1.0547863300163454
KR6KS0002JR0,42646,29,False,STEP KI,last_strike,0.005,0.9720361633280008,-0.8122288658706303,0.17722887348871513,21,-0.9285165609433458,-0.6961340389942487
KR6KS0002JR0,42646,30,False,STEP KI,last_strike,0.01,0.9719787350726599,-1.386511419281773,0.23105526496961462,36,-1.7332432997352285,-0.810921313255049
KR6KS0002JR0,42646,31,False,STEP KI,last_strike,0.025,0.9718660066039643,-2.5137961062377294,0.30937498408052283,66,-3.0897137379282245,-2.1777130125228377
KR6KS0002JR0,42646,32,False,STEP KI,last_strike,0.05,0.971682416508872,-4.349697057160916,0.4021360615539565,117,-5.0284775019113646,-3.577974208188133
KR6SH0003EA1,42847,0,False,LIZARD no-KI,base,0.0,0.9638415911638245,0.0,0.0,0,0.0,0.0
KR6SH0003EA1,42847,1,False,LIZARD no-KI,coupon_regular,-0.01,0.9589678236710043,-48.73767492820079,0.15478362215881264,86178,-48.93485931362554,-48.504402186311964
KR6SH0003EA1,42847,2,False,LIZARD no-KI,coupon_regular,-0.005,0.9614047074174142,-24.368837464100395,0.07739181107940679,86178,-24.467429656812772,-24.252201093155975
KR6SH0003EA1,42847,3,False,LIZARD no-KI,coupon_regular,-0.0025,0.9626231492906195,-12.18441873205085,0.03869590553970334,86178,-12.23371482840704,-12.126100546578638
KR6SH0003EA1,42847,4,False,LIZARD no-KI,coupon_regular,-0.001,0.9633542144145424,-4.873767492819807,0.01547836221588198,86178,-4.893485931362289,-4.850440218630917
KR6SH0003EA1,42847,5,False,LIZARD no-KI,coupon_regular,0.001,0.9643289679131065,4.8737674928198365,0.015478362215881024,86178,4.850440218630961,4.893485931362304
KR6SH0003EA1,42847,6,False,LIZARD no-KI,coupon_regular,0.0025,0.9650600330370295,12.184418732049508,0.03869590553970311,86178,12.126100546577302,12.233714828405692
KR6SH0003EA1,42847,7,False,LIZARD no-KI,coupon_regular,0.005,0.9662784749102342,24.36883746409907,0.07739181107940606,86178,24.252201093154667,24.467429656811433
KR6SH0003EA1,42847,8,False,LIZARD no-KI,coupon_regular,0.01,0.9687153586566445,48.73767492820082,0.15478362215881242,86178,48.50440218631201,48.934859313625566
KR6SH0003EA1,42847,9,False,LIZARD no-KI,first_strike,-0.05,0.9671486750481626,33.07083884338107,1.3872815842346236,3274,31.328574788454937,34.88283079783355
KR6SH0003EA1,42847,10,False,LIZARD no-KI,first_strike,-0.025,0.9649560284052876,11.144372414630421,0.8136784020038684,1281,10.404117556579289,12.360252540445845
KR6SH0003EA1,42847,11,False,LIZARD no-KI,first_strike,-0.01,0.9642055364879777,3.639453241531683,0.4662069087707029,477,2.65886823095813,4.533098406188046
KR6SH0003EA1,42847,12,False,LIZARD no-KI,first_strike,-0.005,0.9639864124075462,1.4482124372176073,0.2990978569984064,226,1.0235844741097697,2.1576565922476414
KR6SH0003EA1,42847,13,False,LIZARD no-KI,first_strike,0.005,0.9636218663895888,-2.1972477423556858,0.35250071766853774,199,-2.452346069147159,-1.876801969755522
KR6SH0003EA1,42847,14,False,LIZARD no-KI,first_strike,0.01,0.9634475544010584,-3.9403676276592514,0.4726958171679746,395,-4.2958187550988,-3.339917352832436
KR6SH0003EA1,42847,15,False,LIZARD no-KI,first_strike,0.025,0.9631419519119396,-6.996392518848119,0.6374591254858701,828,-7.573063148945477,-6.646527985353479
KR6SH0003EA1,42847,16,False,LIZARD no-KI,first_strike,0.05,0.9628284884647653,-10.131026990591444,0.7746436845397262,1312,-11.18991406200837,-9.55302092554551
KR6SH0003EA1,42847,17,False,LIZARD no-KI,last_strike,-0.05,0.9698415275669212,59.99936403096804,1.5918098881464957,1405,57.66119675644717,63.47848993574374
KR6SH0003EA1,42847,18,False,LIZARD no-KI,last_strike,-0.025,0.9665865733323094,27.449821684850814,1.0672644312522137,658,26.502575945504734,28.91629335224828
KR6SH0003EA1,42847,19,False,LIZARD no-KI,last_strike,-0.01,0.9649194959547015,10.779047908771203,0.6652156678418234,262,9.880851912195878,11.352445856522557
KR6SH0003EA1,42847,20,False,LIZARD no-KI,last_strike,-0.005,0.9643699807136734,5.283895498489078,0.4649744352590925,129,4.42613992088819,5.8976373604504815
KR6SH0003EA1,42847,21,False,LIZARD no-KI,last_strike,0.005,0.9633950394342377,-4.465517295867068,0.4255784676296819,110,-4.751393860109089,-4.01857295427326
KR6SH0003EA1,42847,22,False,LIZARD no-KI,last_strike,0.01,0.9629285978436143,-9.129933202102226,0.6067536735189182,226,-9.576480635166332,-8.601190660514888
KR6SH0003EA1,42847,23,False,LIZARD no-KI,last_strike,0.025,0.9615068026738939,-23.34788489930631,0.9622216392802962,586,-24.492052424927202,-21.990732345344732
KR6SH0003EA1,42847,24,False,LIZARD no-KI,last_strike,0.05,0.959651623371019,-41.89967792805605,1.273263115432021,1074,-43.33594935082474,-41.018442077025455
KR6KS0002LN5,42935,0,True,STEP no-KI,base,0.0,0.9289300914497083,0.0,0.0,0,0.0,0.0
KR6KS0002LN5,42935,1,True,STEP no-KI,coupon_regular,-0.01,0.9190576609026441,-98.72430547064155,0.17206057773336708,120000,-98.92845895178665,-98.37153667259305
KR6KS0002LN5,42935,2,True,STEP no-KI,coupon_regular,-0.005,0.9239938761761761,-49.3621527353214,0.0860302888666828,120000,-49.464229475893944,-49.18576833629716
KR6KS0002LN5,42935,3,True,STEP no-KI,coupon_regular,-0.0025,0.9264619838129422,-24.681076367660946,0.04301514443334166,120000,-24.732114737947214,-24.592884168148814
KR6KS0002LN5,42935,4,True,STEP no-KI,coupon_regular,-0.001,0.9279428483950016,-9.87243054706488,0.017206057773335302,120000,-9.892845895179384,-9.837153667260033
KR6KS0002LN5,42935,5,True,STEP no-KI,coupon_regular,0.001,0.9299173345044146,9.872430547063727,0.017206057773337165,120000,9.837153667258875,9.892845895178237
KR6KS0002LN5,42935,6,True,STEP no-KI,coupon_regular,0.0025,0.9313981990864741,24.681076367659752,0.04301514443334331,120000,24.592884168147616,24.732114737946024
KR6KS0002LN5,42935,7,True,STEP no-KI,coupon_regular,0.005,0.9338663067232402,49.36215273532022,0.08603028886668451,120000,49.185768336295965,49.464229475892765
KR6KS0002LN5,42935,8,True,STEP no-KI,coupon_regular,0.01,0.9388025219967725,98.72430547064144,0.17206057773336642,120000,98.37153667259291,98.92845895178652
KR6KS0002LN5,42935,9,True,STEP no-KI,first_strike,-0.05,0.942606106970606,136.76015520897647,2.626852201591741,18010,132.42157362544975,142.02125699514482
KR6KS0002LN5,42935,10,True,STEP no-KI,first_strike,-0.025,0.9350032239416579,60.73132491949684,1.776457527997663,9038,59.45475959951766,61.96916804672664
KR6KS0002LN5,42935,11,True,STEP no-KI,first_strike,-0.01,0.9313116993771805,23.81607927472164,1.1284932976226723,3698,21.760624482046456,26.624588764854998
KR6KS0002LN5,42935,12,True,STEP no-KI,first_strike,-0.005,0.9300958369636196,11.657455139112725,0.7865089952981724,1840,10.827984373512805,12.487449416083855
KR6KS0002LN5,42935,13,True,STEP no-KI,first_strike,0.005,0.9279010545687902,-10.290368809179927,0.7451039448579456,1798,-10.934112061914893,-9.361364317681218
KR6KS0002LN5,42935,14,True,STEP no-KI,first_strike,0.01,0.9270350083583372,-18.950830913709915,1.0165298726720402,3565,-20.358605093918307,-17.361902697131313
KR6KS0002LN5,42935,15,True,STEP no-KI,first_strike,0.025,0.9244491041779355,-44.80987271772878,1.5684244625755217,8623,-46.97517466059124,-40.481787130547
KR6KS0002LN5,42935,16,True,STEP no-KI,first_strike,0.05,0.9211936987956457,-77.36392654062618,2.082145242636329,16440,-80.44177408125898,-73.35613791742165
KR6KS0002LN5,42935,17,True,STEP no-KI,last_strike,-0.05,0.9382688626445767,93.3877119486841,1.5964502407102388,3332,92.0406856216052,94.7820145698577
KR6KS0002LN5,42935,18,True,STEP no-KI,last_strike,-0.025,0.9331549281298076,42.24836680099285,1.0618778132982385,1563,41.82553688379647,42.79888020212175
KR6KS0002LN5,42935,19,True,STEP no-KI,last_strike,-0.01,0.9305382026201826,16.081111704742245,0.6505450787812804,608,15.564679773594765,16.497204731619746
KR6KS0002LN5,42935,20,True,STEP no-KI,last_strike,-0.005,0.9296730086566731,7.429172069648865,0.44110322818098,283,6.538354250913545,8.191084277040035
KR6KS0002LN5,42935,21,True,STEP no-KI,last_strike,0.005,0.9281483248638074,-7.817665859010222,0.44929547956334465,302,-8.92810504473191,-7.069469543854588
KR6KS0002LN5,42935,22,True,STEP no-KI,last_strike,0.01,0.9274010838929768,-15.290075567314913,0.6253015624975022,595,-16.12139803384177,-13.953492624808757
KR6KS0002LN5,42935,23,True,STEP no-KI,last_strike,0.025,0.9254732022272818,-34.56889222426456,0.9277967996652919,1373,-35.94524084312883,-32.02468309398026
KR6KS0002LN5,42935,24,True,STEP no-KI,last_strike,0.05,0.9228812042713124,-60.48887178395819,1.2017619217258473,2486,-63.64548451702869,-56.64860478374419
KR6HN0002MG4,43527,0,False,STEP no-KI,base,0.0,0.9377829439377053,0.0,0.0,0,0.0,0.0
KR6HN0002MG4,43527,1,False,STEP no-KI,coupon_regular,-0.01,0.9311197667115121,-66.63177226193262,0.18138319626408966,101021,-66.71317913009958,-66.57443398631487
KR6HN0002MG4,43527,2,False,STEP no-KI,coupon_regular,-0.005,0.9344513553246089,-33.31588613096489,0.09069159813204541,101021,-33.356589565048374,-33.28721699315601
KR6HN0002MG4,43527,3,False,STEP no-KI,coupon_regular,-0.0025,0.9361171496311572,-16.657943065482524,0.04534579906602311,101021,-16.678294782524265,-16.64360849657808
KR6HN0002MG4,43527,4,False,STEP no-KI,coupon_regular,-0.001,0.9371166262150861,-6.6631772261925075,0.01813831962640962,101021,-6.671317913009207,-6.6574433986307255
KR6HN0002MG4,43527,5,False,STEP no-KI,coupon_regular,0.001,0.9384492616603246,6.663177226192255,0.018138319626409466,101021,6.657443398630475,6.671317913008954
KR6HN0002MG4,43527,6,False,STEP no-KI,coupon_regular,0.0025,0.9394487382442538,16.657943065482524,0.04534579906602311,101021,16.64360849657808,16.678294782524265
KR6HN0002MG4,43527,7,False,STEP no-KI,coupon_regular,0.005,0.9411145325508018,33.315886130964714,0.09069159813204528,101021,33.28721699315582,33.356589565048196
KR6HN0002MG4,43527,8,False,STEP no-KI,coupon_regular,0.01,0.9444461211638986,66.63177226193133,0.18138319626409072,101021,66.57443398631358,66.7131791300983
KR6HN0002MG4,43527,9,False,STEP no-KI,first_strike,-0.05,0.9597799948406358,219.97050902930346,3.5359539259467923,16745,212.8210530357922,225.8780451107828
KR6HN0002MG4,43527,10,False,STEP no-KI,first_strike,-0.025,0.9483369944587335,105.54050521028216,2.486369749534192,8791,99.93935598680827,108.89074129253703
KR6HN0002MG4,43527,11,False,STEP no-KI,first_strike,-0.01,0.9417435099757249,39.60566038019521,1.5386471079414525,3576,36.22983422433274,41.73208999766208
KR6HN0002MG4,43527,12,False,STEP no-KI,first_strike,-0.005,0.9397967460924583,20.13802154752976,1.0979518420340866,1814,18.827818268264295,21.030337723067237
KR6HN0002MG4,43527,13,False,STEP no-KI,first_strike,0.005,0.9357394116564389,-20.435322812664253,1.1038637586351685,1863,-23.132109382456477,-17.77087934934128
KR6HN0002MG4,43527,14,False,STEP no-KI,first_strike,0.01,0.9338132970549385,-39.696468827668596,1.5381764785890526,3641,-42.24176801599452,-36.83834103689544
KR6HN0002MG4,43527,15,False,STEP no-KI,first_strike,0.025,0.9285543945489928,-92.28549388712638,2.348915519554884,9114,-94.14948330396169,-88.59180678371003
KR6HN0002MG4,43527,16,False,STEP no-KI,first_strike,0.05,0.9210578471163281,-167.25096821377522,3.1747487259265763,18340,-170.54549937356597,-162.14780717298032
KR6HN0002MG4,43527,17,False,STEP no-KI,last_strike,-0.05,0.9484935901934886,107.10646255783168,2.174699532295954,2379,104.01841524253956,109.26025578296749
KR6HN0002MG4,43527,18,False,STEP no-KI,last_strike,-0.025,0.942602672623495,48.19728685789508,1.4499759048183336,1095,47.27926058845583,49.9820399568844
KR6HN0002MG4,43527,19,False,STEP no-KI,last_strike,-0.01,0.9395280875246846,17.451435869793773,0.8689541819558187,402,15.752985576429063,19.794397735423626
KR6HN0002MG4,43527,20,False,STEP no-KI,last_strike,-0.005,0.9385952169335436,8.122729958382163,0.5919508639968935,188,6.871318058386817,9.590103579720594
KR6HN0002MG4,43527,21,False,STEP no-KI,last_strike,0.005,0.9368964340689858,-8.865098687196589,0.6156399668270486,207,-9.254663068430474,-8.348004401771735
KR6HN0002MG4,43527,22,False,STEP no-KI,last_strike,0.01,0.9360179543442314,-17.649895934741586,0.8659629334768547,414,-19.059927408189935,-15.987958050964759
KR6HN0002MG4,43527,23,False,STEP no-KI,last_strike,0.025,0.9339416411858861,-38.41302751819337,1.2672536869360225,912,-38.70516334524744,-37.996514949319575
KR6HN0002MG4,43527,24,False,STEP no-KI,last_strike,0.05,0.9306435645574785,-71.39379380226939,1.7036754574067066,1732,-73.17579524459556,-70.0891255962125
KR6MZ00022X3,44138,0,False,LIZARD KI,base,0.0,0.9891165402982107,0.0,0.0,0,0.0,0.0
KR6MZ00022X3,44138,1,False,LIZARD KI,coupon_regular,-0.01,0.9867770241691866,-23.395161290243408,0.11107884608278694,76256,-23.694912948777983,-23.212066600084547
KR6MZ00022X3,44138,2,False,LIZARD KI,coupon_regular,-0.005,0.9879467822336986,-11.697580645121699,0.05553942304139364,76256,-11.847456474388986,-11.606033300042267
KR6MZ00022X3,44138,3,False,LIZARD KI,coupon_regular,-0.0025,0.9885316612659546,-5.84879032256084,0.027769711520696294,76256,-5.923728237194483,-5.803016650021126
KR6MZ00022X3,44138,4,False,LIZARD KI,coupon_regular,-0.001,0.9888825886853084,-2.3395161290231092,0.011107884608278258,76256,-2.369491294876573,-2.321206660007213
KR6MZ00022X3,44138,5,False,LIZARD KI,coupon_regular,0.001,0.9893504919111132,2.3395161290244304,0.011107884608279182,76256,2.321206660008542,2.3694912948778857
KR6MZ00022X3,44138,6,False,LIZARD KI,coupon_regular,0.0025,0.9897014193304672,5.848790322562199,0.027769711520697474,76256,5.803016650022492,5.923728237195833
KR6MZ00022X3,44138,7,False,LIZARD KI,coupon_regular,0.005,0.9902862983627231,11.697580645121743,0.0555394230413938,76256,11.606033300042313,11.84745647438903
KR6MZ00022X3,44138,8,False,LIZARD KI,coupon_regular,0.01,0.9914560564272352,23.395161290243532,0.11107884608278794,76256,23.212066600084665,23.694912948778107
KR6MZ00022X3,44138,9,False,LIZARD KI,ki_barrier,-0.05,0.993865954328563,47.4941403035221,1.5062585555098689,995,44.323620368722516,50.131691754552676
KR6MZ00022X3,44138,10,False,LIZARD KI,ki_barrier,-0.025,0.9912680516594058,21.515113611950973,1.0075077481210806,458,20.554032443057263,23.382029092517
KR6MZ00022X3,44138,11,False,LIZARD KI,ki_barrier,-0.01,0.9899353528612073,8.188125629964103,0.6225901760883241,174,7.976270903966496,8.327254792923952
KR6MZ00022X3,44138,12,False,LIZARD KI,ki_barrier,-0.005,0.9895107321532284,3.9419185501771934,0.4313489470018116,84,3.649913085907052,4.105407753234387
KR6MZ00022X3,44138,13,False,LIZARD KI,ki_barrier,0.005,0.9887595218219629,-3.5701847624790846,0.4057255639652562,78,-4.071576453098212,-3.1057744376070726
KR6MZ00022X3,44138,14,False,LIZARD KI,ki_barrier,0.01,0.9884132474306851,-7.032928675254622,0.5704316645937161,153,-7.59036395730747,-6.407776346563695
KR6MZ00022X3,44138,15,False,LIZARD KI,ki_barrier,0.025,0.9873994410260728,-17.170992721377957,0.8850432174268301,378,-18.659740883111862,-15.259704619446016
KR6MZ00022X3,44138,16,False,LIZARD KI,ki_barrier,0.05,0.9862576622961434,-28.588780020673575,1.1328991864042568,638,-30.99374923358925,-25.521959342982875
KR6MZ00022X3,44138,17,False,LIZARD KI,first_strike,-0.05,0.9895230550495074,4.0651475129667896,0.5300293763665981,1543,3.81711835237721,4.40399932833981
KR6MZ00022X3,44138,18,False,LIZARD KI,first_strike,-0.025,0.9892297709867085,1.1323068849778295,0.28891044817184786,535,0.6336254103094509,1.8388164332744399
KR6MZ00022X3,44138,19,False,LIZARD KI,first_strike,-0.01,0.9891457011301892,0.29160831978442453,0.14832191806362488,175,0.0052690169802274145,0.5808413032015891
KR6MZ00022X3,44138,20,False,LIZARD KI,first_strike,-0.005,0.9891091139909215,-0.07426307289238784,0.011633324122148118,85,-0.08758825705444769,-0.0598806996678623
KR6MZ00022X3,44138,21,False,LIZARD KI,first_strike,0.005,0.989116771257304,0.0023095909328913382,0.04978889231122253,59,-0.0762129188541942,0.04933945009787155
KR6MZ00022X3,44138,22,False,LIZARD KI,first_strike,0.01,0.9891158307945176,-0.007095036932457277,0.07083920456632717,115,-0.19977020121965555,0.092037070009517
KR6MZ00022X3,44138,23,False,LIZARD KI,first_strike,0.025,0.9890894245647817,-0.27115733429121835,0.14803466519469644,226,-0.3569257688291361,-0.11351496032514871
KR6MZ00022X3,44138,24,False,LIZARD KI,first_strike,0.05,0.9890863240745598,-0.302162236510889,0.16692582796988764,348,-0.5953086087204127,-0.038734963567584074
KR6MZ00022X3,44138,25,False,LIZARD KI,last_strike,-0.05,0.9898052079856987,6.886676874878541,0.5218711820887921,174,6.417064952751378,7.337136903327211
KR6MZ00022X3,44138,26,False,LIZARD KI,last_strike,-0.025,0.989402052281164,2.8551198295311373,0.33183943667302696,74,2.5477701163607,3.350668547466177
KR6MZ00022X3,44138,27,False,LIZARD KI,last_strike,-0.01,0.9892226763639882,1.0613606577746986,0.20055806933366527,28,0.9115489439112674,1.249117842135609
KR6MZ00022X3,44138,28,False,LIZARD KI,last_strike,-0.005,0.989176964443993,0.6042414578224058,0.15105128903737433,16,0.4539615612792938,0.7928135020089473
KR6MZ00022X3,44138,29,False,LIZARD KI,last_strike,0.005,0.9890716059388727,-0.4493435933812379,0.12970871499091968,12,-0.674123376603865,0.0
KR6MZ00022X3,44138,30,False,LIZARD KI,last_strike,0.01,0.98903828495195,-0.782553462607211,0.17075617650486322,21,-1.1182833546459419,-0.3331609649378467
KR6MZ00022X3,44138,31,False,LIZARD KI,last_strike,0.025,0.9889332906573078,-1.832496409029454,0.2591352867455378,50,-2.3084839407814055,-1.4174928706748746
KR6MZ00022X3,44138,32,False,LIZARD KI,last_strike,0.05,0.9887801067538203,-3.3643354439037743,0.3470251459864672,94,-3.446501876595517,-3.251640738096489
KR6KS00030E7,44294,0,False,STEP KI,base,0.0,0.9426047896667745,0.0,0.0,0,0.0,0.0
KR6KS00030E7,44294,1,False,STEP KI,coupon_regular,-0.01,0.9332551557418489,-93.49633924925624,0.24824337647176367,99383,-93.71964384590811,-93.19258610505439
KR6KS00030E7,44294,2,False,STEP KI,coupon_regular,-0.005,0.9379299727043118,-46.74816962462802,0.12412168823588417,99383,-46.859821922953955,-46.59629305252709
KR6KS00030E7,44294,3,False,STEP KI,coupon_regular,-0.0025,0.9402673811855431,-23.374084812314003,0.062060844117941084,99383,-23.429910961476967,-23.298146526263544
KR6KS00030E7,44294,4,False,STEP KI,coupon_regular,-0.001,0.9416698262742818,-9.34963392492614,0.024824337647177654,99383,-9.371964384591323,-9.319258610505958
KR6KS00030E7,44294,5,False,STEP KI,coupon_regular,0.001,0.943539753059267,9.349633924925161,0.024824337647175673,99383,9.319258610504972,9.37196438459035
KR6KS00030E7,44294,6,False,STEP KI,coupon_regular,0.0025,0.9449421981480058,23.374084812313612,0.062060844117941646,99383,23.29814652626314,23.429910961476587
KR6KS00030E7,44294,7,False,STEP KI,coupon_regular,0.005,0.9472796066292373,46.748169624627145,0.1241216882358824,99383,46.59629305252622,46.859821922953095
KR6KS00030E7,44294,8,False,STEP KI,coupon_regular,0.01,0.9519544235916998,93.4963392492542,0.2482433764717669,99383,93.19258610505234,93.71964384590608
KR6KS00030E7,44294,9,False,STEP KI,ki_barrier,-0.05,0.9779054705020316,353.00680835256935,4.357592294888976,6290,351.5631780320986,354.23266493438683
KR6KS00030E7,44294,10,False,STEP KI,ki_barrier,-0.025,0.960075093458432,174.70303791657594,3.0781134389609632,3171,171.74031478756626,178.69722029640639
KR6KS00030E7,44294,11,False,STEP KI,ki_barrier,-0.01,0.9493004574378848,66.95667771110296,1.911236952341802,1228,65.24602584177845,68.23720972813744
KR6KS00030E7,44294,12,False,STEP KI,ki_barrier,-0.005,0.9459610495248364,33.56259858062008,1.351065589897891,621,32.0426573684006,35.9090033887867
KR6KS00030E7,44294,13,False,STEP KI,ki_barrier,0.005,0.9392232329545515,-33.81556712223038,1.3541615262165592,627,-36.41318014506518,-31.97942858079764
KR6KS00030E7,44294,14,False,STEP KI,ki_barrier,0.01,0.935782624940244,-68.22164726530407,1.9158018631001823,1268,-73.0474194949054,-65.43307722942694
KR6KS00030E7,44294,15,False,STEP KI,ki_barrier,0.025,0.9265214655154579,-160.83324151316498,2.905267217423692,3020,-166.32909273466598,-157.8786832301191
KR6KS00030E7,44294,16,False,STEP KI,ki_barrier,0.05,0.9127262721678605,-298.78517498914096,3.8828263379857715,5703,-301.3772762547134,-296.87464507310415
KR6KS00030E7,44294,17,False,STEP KI,first_strike,-0.05,0.9526479545340715,100.43164867297017,3.0068193114382,17436,99.27483431463313,102.09694556705341
KR6KS00030E7,44294,18,False,STEP KI,first_strike,-0.025,0.946900958396723,42.96168729948573,2.014332583541865,8520,40.599759418616145,46.41156653392282
KR6KS00030E7,44294,19,False,STEP KI,first_strike,-0.01,0.9441712140141891,15.664243474147474,1.2267114080441714,3342,14.321557690628456,18.232463259475928
KR6KS00030E7,44294,20,False,STEP KI,first_strike,-0.005,0.9433847195398832,7.799298731088343,0.8631452832805014,1676,6.248227895822867,9.960166153922552
KR6KS00030E7,44294,21,False,STEP KI,first_strike,0.005,0.9419221689977298,-6.826206690446114,0.847634969740466,1668,-7.223741787674111,-6.377015666806959
KR6KS00030E7,44294,22,False,STEP KI,first_strike,0.01,0.9412845517378567,-13.202379289178335,1.175714478570446,3298,-15.228900326235792,-10.527798747697272
KR6KS00030E7,44294,23,False,STEP KI,first_strike,0.025,0.939303907775103,-33.00881891671505,1.8384887038621636,8049,-34.17206336179248,-31.331461922448153
KR6KS00030E7,44294,24,False,STEP KI,first_strike,0.05,0.9373221545369568,-52.82635129817728,2.419455526824794,15420,-53.82939436873112,-51.47561893223585
KR6KS00030E7,44294,25,False,STEP KI,last_strike,-0.05,0.9439759172938672,13.711276270927684,0.7528443450422689,331,12.74568678623101,15.452515890884758
KR6KS00030E7,44294,26,False,STEP KI,last_strike,-0.025,0.9431411616875208,5.3637202074620065,0.4648792096734763,133,4.588492808838652,6.164121739532178
KR6KS00030E7,44294,27,False,STEP KI,last_strike,-0.01,0.9427873631348821,1.8257346810761907,0.269142200178378,46,1.5491142971922953,2.142511402730044
KR6KS00030E7,44294,28,False,STEP KI,last_strike,-0.005,0.9427195596699977,1.1477000322307103,0.21309835050882983,29,0.9504226215702003,1.3048395250668343
KR6KS00030E7,44294,29,False,STEP KI,last_strike,0.005,0.9425029198373928,-1.0186982938176705,0.19976314741994375,26,-1.1765298426703625,-0.9394489737991144
KR6KS00030E7,44294,30,False,STEP KI,last_strike,0.01,0.9424214303054501,-1.8335936132434785,0.2674099269727582,47,-2.219158976746046,-1.6393213415848544
KR6KS00030E7,44294,31,False,STEP KI,last_strike,0.025,0.9421701045360908,-4.3468513068357595,0.40876533747179666,113,-4.506893815408798,-4.1447512189438385
KR6KS00030E7,44294,32,False,STEP KI,last_strike,0.05,0.9418808880195364,-7.239016472381389,0.5222185381408682,192,-7.6743898710413,-6.564486583825695
KR6SH0003X36,44399,0,True,STEP no-KI,base,0.0,0.9536743100434685,0.0,0.0,0,0.0,0.0
KR6SH0003X36,44399,1,True,STEP no-KI,coupon_regular,-0.01,0.942171178116899,-115.03131926569434,0.19011205205016457,120000,-115.31307010236205,-114.6586172075503
KR6SH0003X36,44399,2,True,STEP no-KI,coupon_regular,-0.005,0.9479227440801837,-57.515659632847296,0.09505602602508208,120000,-57.656535051181166,-57.32930860377529
KR6SH0003X36,44399,3,True,STEP no-KI,coupon_regular,-0.0025,0.950798527061826,-28.757829816424078,0.04752801301253989,120000,-28.828267525591002,-28.66465430188807
KR6SH0003X36,44399,4,True,STEP no-KI,coupon_regular,-0.001,0.9525239968508113,-11.503131926569937,0.01901120520501501,120000,-11.531307010236707,-11.465861720755534
KR6SH0003X36,44399,5,True,STEP no-KI,coupon_regular,0.001,0.9548246232361254,11.50313192656992,0.019011205205016056,120000,11.46586172075552,11.531307010236691
KR6SH0003X36,44399,6,True,STEP no-KI,coupon_regular,0.0025,0.9565500930251107,28.757829816423694,0.047528013012540074,120000,28.66465430188769,28.82826752559062
KR6SH0003X36,44399,7,True,STEP no-KI,coupon_regular,0.005,0.9594258760067531,57.515659632847054,0.09505602602508269,120000,57.32930860377504,57.65653505118092
KR6SH0003X36,44399,8,True,STEP no-KI,coupon_regular,0.01,0.965177441970038,115.03131926569387,0.19011205205016432,120000,114.65861720754984,115.31307010236156
KR6SH0003X36,44399,9,True,STEP no-KI,first_strike,-0.05,0.9606259163132279,69.51606269759573,2.091516876906955,18910,63.29744584775865,74.02094090962768
KR6SH0003X36,44399,10,True,STEP no-KI,first_strike,-0.025,0.9566628860429575,29.885759994889444,1.4084466008546712,9326,28.07687752224345,32.257862377503415
KR6SH0003X36,44399,11,True,STEP no-KI,first_strike,-0.01,0.9546736923153806,9.993822719122218,0.8438534848660639,3683,8.247699085238388,10.90842877301884
KR6SH0003X36,44399,12,True,STEP no-KI,first_strike,-0.005,0.9541348853993875,4.605753559191344,0.5766104114965633,1779,4.100276235577644,5.113387160811226
KR6SH0003X36,44399,13,True,STEP no-KI,first_strike,0.005,0.9532223337499961,-4.519762934722615,0.5831334699187132,1834,-5.24549989552388,-3.894008470905782
KR6SH0003X36,44399,14,True,STEP no-KI,first_strike,0.01,0.952829300659734,-8.450093837343196,0.8002530011002708,3546,-10.436221123780074,-7.199493754665059
KR6SH0003X36,44399,15,True,STEP no-KI,first_strike,0.025,0.9519245228494709,-17.497871939974686,1.1848248042970522,8474,-19.783648392753733,-14.624027579392903
KR6SH0003X36,44399,16,True,STEP no-KI,first_strike,0.05,0.9506100553572192,-30.642546862492594,1.5839232698432109,15848,-33.00104993687275,-26.56783563962784
KR6SH0003X36,44399,17,True,STEP no-KI,last_strike,-0.05,0.9646661152900892,109.91805246620727,1.7160681249618197,3973,106.87498627662792,112.23022079436747
KR6SH0003X36,44399,18,True,STEP no-KI,last_strike,-0.025,0.9587247777409382,50.504676974698576,1.152155352929998,1892,49.34872062260645,51.745797490677575
KR6SH0003X36,44399,19,True,STEP no-KI,last_strike,-0.01,0.9556311729282118,19.568628847433477,0.712814560311924,749,18.72713220215502,19.98939408248284
KR6SH0003X36,44399,20,True,STEP no-KI,last_strike,-0.005,0.9546862088555241,10.118988120556699,0.5115680713790933,390,9.960347329928615,10.434470292060727
KR6SH0003X36,44399,21,True,STEP no-KI,last_strike,0.005,0.9526612659403103,-10.130441031581901,0.5082396039690487,396,-11.896874093088028,-8.748711087050491
KR6SH0003X36,44399,22,True,STEP no-KI,last_strike,0.01,0.9517736666114435,-19.006434320249312,0.6928016807735967,748,-21.193364764315355,-17.30311946224673
KR6SH0003X36,44399,23,True,STEP no-KI,last_strike,0.025,0.9494636518424582,-42.10658201010251,1.0166549205381783,1692,-43.66976333648134,-40.85193890972478
KR6SH0003X36,44399,24,True,STEP no-KI,last_strike,0.05,0.9460207475423832,-76.5356250108524,1.338784510194078,3188,-77.37799899438158,-75.89808494404483
KR6SH0003YZ6,44653,0,False,LIZARD no-KI,base,0.0,0.981445051170489,0.0,0.0,0,0.0,0.0
KR6SH0003YZ6,44653,1,False,LIZARD no-KI,coupon_regular,-0.01,0.9756783680116169,-57.66683158872147,0.1264372054948758,111329,-57.85700930488436,-57.56296618602956
KR6SH0003YZ6,44653,2,False,LIZARD no-KI,coupon_regular,-0.005,0.9785617095910529,-28.833415794359837,0.06321860274743792,111329,-28.928504652441276,-28.78148309301388
KR6SH0003YZ6,44653,3,False,LIZARD no-KI,coupon_regular,-0.0025,0.9800033803807711,-14.416707897179045,0.03160930137371979,111329,-14.464252326219764,-14.390741546506062
KR6SH0003YZ6,44653,4,False,LIZARD no-KI,coupon_regular,-0.001,0.9808683828546018,-5.766683158871277,0.012643720549487834,111329,-5.7857009304875655,-5.756296618602086
KR6SH0003YZ6,44653,5,False,LIZARD no-KI,coupon_regular,0.001,0.9820217194863761,5.766683158871191,0.01264372054948799,111329,5.7562966186019935,5.785700930487482
KR6SH0003YZ6,44653,6,False,LIZARD no-KI,coupon_regular,0.0025,0.9828867219602072,14.416707897180869,0.03160930137371907,111329,14.39074154650789,14.464252326221592
KR6SH0003YZ6,44653,7,False,LIZARD no-KI,coupon_regular,0.005,0.9843283927499249,28.833415794359848,0.06321860274743824,111329,28.78148309301389,28.92850465244129
KR6SH0003YZ6,44653,8,False,LIZARD no-KI,coupon_regular,0.01,0.9872117343293607,57.66683158871976,0.12643720549487708,111329,57.562966186027836,57.85700930488265
KR6SH0003YZ6,44653,9,False,LIZARD no-KI,first_strike,-0.05,0.9973190522450454,158.74001074556188,2.942997328655169,11572,151.67901073993698,163.162744301029
KR6SH0003YZ6,44653,10,False,LIZARD no-KI,first_strike,-0.025,0.9897220852274967,82.7703405700759,2.142911834423811,6425,80.48704328879442,84.93764186983728
KR6SH0003YZ6,44653,11,False,LIZARD no-KI,first_strike,-0.01,0.9846813562275866,32.363050570975965,1.3498822355164446,2772,28.95627232172246,37.03677121524597
KR6SH0003YZ6,44653,12,False,LIZARD no-KI,first_strike,-0.005,0.9829946992357245,15.496480652353766,0.935769181721536,1368,12.903211554276998,19.321200681758498
KR6SH0003YZ6,44653,13,False,LIZARD no-KI,first_strike,0.005,0.9798340189597162,-16.11032210772973,0.958739231870226,1491,-16.860813567124207,-15.421408370843134
KR6SH0003YZ6,44653,14,False,LIZARD no-KI,first_strike,0.01,0.9782791926827645,-31.65858487724398,1.3447422296012026,3035,-33.109558488823026,-30.12454741003574
KR6SH0003YZ6,44653,15,False,LIZARD no-KI,first_strike,0.025,0.974013745886084,-74.31305284405006,2.0675295831104727,7879,-76.76423041046795,-72.60640323455739
KR6SH0003YZ6,44653,16,False,LIZARD no-KI,first_strike,0.05,0.9668998767866803,-145.4517438380883,2.8909883457749523,16802,-148.179383383447,-142.35606961638237
KR6SH0003YZ6,44653,17,False,LIZARD no-KI,last_strike,-0.05,0.9873770550649511,59.320038944620876,1.624802785526788,1319,57.829099298372725,60.318343447542055
KR6SH0003YZ6,44653,18,False,LIZARD no-KI,last_strike,-0.025,0.9841420481474841,26.969969769949643,1.086604592661465,613,25.338551597997824,27.840918399648057
KR6SH0003YZ6,44653,19,False,LIZARD no-KI,last_strike,-0.01,0.9825007232857428,10.556721152536333,0.6765392199197514,243,10.30233227589108,10.68678794193237
KR6SH0003YZ6,44653,20,False,LIZARD no-KI,last_strike,-0.005,0.9819640673679535,5.19016197464467,0.4735611057676618,120,4.671212115978715,5.838672377585917
KR6SH0003YZ6,44653,21,False,LIZARD no-KI,last_strike,0.005,0.9808573031373632,-5.877480331259225,0.5018636908300165,137,-6.307531461984424,-5.405412594361781
KR6SH0003YZ6,44653,22,False,LIZARD no-KI,last_strike,0.01,0.9803384481261227,-11.06603044366508,0.6868785367947166,259,-12.175708628520187,-9.99856290422347
KR6SH0003YZ6,44653,23,False,LIZARD no-KI,last_strike,0.025,0.9790384226943913,-24.066284760978547,1.005713424137487,570,-24.452077379077835,-23.538769122385048
KR6SH0003YZ6,44653,24,False,LIZARD no-KI,last_strike,0.05,0.9772589977673549,-41.86053403134156,1.3114152569126984,1011,-43.12010389850141,-40.888012350694936
KR6HH0000VN7,44850,0,False,STEP no-KI,base,0.0,1.0001454430011758,0.0,0.0,0,0.0,0.0
KR6HH0000VN7,44850,1,False,STEP no-KI,coupon_regular,-0.01,0.9951524336922261,-49.93009308949344,0.04221961309170678,118608,-49.97398802118322,-49.86504814043613
KR6HH0000VN7,44850,2,False,STEP no-KI,coupon_regular,-0.005,0.997648938346701,-24.965046544747793,0.02110980654585302,118608,-24.986994010592674,-24.932524070219138
KR6HH0000VN7,44850,3,False,STEP no-KI,coupon_regular,-0.0025,0.9988971906739383,-12.482523272373896,0.01055490327292651,118608,-12.493497005296337,-12.466262035109569
KR6HH0000VN7,44850,4,False,STEP no-KI,coupon_regular,-0.001,0.9996461420702804,-4.993009308951715,0.004221961309170273,118608,-4.997398802120689,-4.986504814045983
KR6HH0000VN7,44850,5,False,STEP no-KI,coupon_regular,0.001,1.0006447439320703,4.993009308947416,0.004221961309171152,118608,4.986504814041686,4.997398802116394
KR6HH0000VN7,44850,6,False,STEP no-KI,coupon_regular,0.0025,1.0013936953284126,12.482523272371756,0.010554903272927142,118608,12.466262035107432,12.493497005294198
KR6HH0000VN7,44850,7,False,STEP no-KI,coupon_regular,0.005,1.00264194765565,24.96504654474565,0.021109806545853566,118608,24.932524070216992,24.986994010590532
KR6HH0000VN7,44850,8,False,STEP no-KI,coupon_regular,0.01,1.0051384523101243,49.93009308949127,0.042219613091706985,118608,49.86504814043397,49.97398802118105
KR6HH0000VN7,44850,9,False,STEP no-KI,first_strike,-0.05,1.00451781584398,43.72372842804219,1.4982300792445347,2462,41.48902576066881,45.50374271540076
KR6HH0000VN7,44850,10,False,STEP no-KI,first_strike,-0.025,1.0027050830151178,25.596400139420812,1.1483249250642966,1530,24.806180331346773,26.73708315059223
KR6HH0000VN7,44850,11,False,STEP no-KI,first_strike,-0.01,1.0013068635798634,11.61420578687858,0.7731123310714492,733,11.224248778698728,12.318900968776761
KR6HH0000VN7,44850,12,False,STEP no-KI,first_strike,-0.005,1.000680365436256,5.34922435080356,0.5248519511731392,369,4.72573527150048,6.479412114305409
KR6HH0000VN7,44850,13,False,STEP no-KI,first_strike,0.005,0.9995288443371932,-6.16598663982477,0.5615737826677502,391,-7.508822281530823,-4.663821761078232
KR6HH0000VN7,44850,14,False,STEP no-KI,first_strike,0.01,0.9989656959042391,-11.797470969364992,0.780724602999462,808,-13.396372756425563,-10.496491903127634
KR6HH0000VN7,44850,15,False,STEP no-KI,first_strike,0.025,0.9969610229929982,-31.844200081773696,1.2764951159470272,2368,-33.54288135191851,-30.56424739703755
KR6HH0000VN7,44850,16,False,STEP no-KI,first_strike,0.05,0.9930830779227224,-70.62365078453212,1.8963905356501727,5820,-72.79515726149984,-67.83074273957163
KR6HH0000VN7,44850,17,False,STEP no-KI,last_strike,-0.05,1.0006970560597068,5.516130585311652,0.469451222697703,138,4.807793264633967,6.084408730765595
KR6HH0000VN7,44850,18,False,STEP no-KI,last_strike,-0.025,1.0003513567234166,2.0591372224081312,0.2828080963770378,53,1.6307420917133493,2.79279401692643
KR6HH0000VN7,44850,19,False,STEP no-KI,last_strike,-0.01,1.000206567518979,0.6112451780328743,0.1528039138813719,16,0.3434784551046027,1.0315051894029228
KR6HH0000VN7,44850,20,False,STEP no-KI,last_strike,-0.005,1.0001835095690534,0.3806656787772699,0.1203729687752612,10,0.22790777389101236,0.6856506775450113
KR6HH0000VN7,44850,21,False,STEP no-KI,last_strike,0.005,1.0001115157373766,-0.33927263799163926,0.11308761538042479,9,-0.45164551747240006,-0.22647541055050516
KR6HH0000VN7,44850,22,False,STEP no-KI,last_strike,0.01,1.0000667046883431,-0.7873831283254911,0.17180928656665526,21,-1.0126849321878488,-0.45020926304942954
KR6HH0000VN7,44850,23,False,STEP no-KI,last_strike,0.025,0.9999938008206434,-1.5164218053238738,0.23681433213604006,41,-1.777887185011826,-0.9970636676170255
KR6HH0000VN7,44850,24,False,STEP no-KI,last_strike,0.05,0.999849806659274,-2.9563634190167463,0.32650912020833306,82,-3.2533306360772807,-2.5116776449989024
KR6YT0001792,45819,0,True,STEP no-KI,base,0.0,0.9825925043218829,0.0,0.0,0,0.0,0.0
KR6YT0001792,45819,1,True,STEP no-KI,coupon_regular,-0.01,0.9738826938103855,-87.09810511497389,0.16954245333826207,120000,-87.34520790506372,-86.96368589505006
KR6YT0001792,45819,2,True,STEP no-KI,coupon_regular,-0.005,0.9782375990661344,-43.54905255748696,0.08477122666913099,120000,-43.672603952531865,-43.481842947525045
KR6YT0001792,45819,3,True,STEP no-KI,coupon_regular,-0.0025,0.9804150516940087,-21.774526278742993,0.0423856133345666,120000,-21.836301976265446,-21.740921473762025
KR6YT0001792,45819,4,True,STEP no-KI,coupon_regular,-0.001,0.9817215232707334,-8.709810511497263,0.01695424533382648,120000,-8.734520790506245,-8.696368589504878
KR6YT0001792,45819,5,True,STEP no-KI,coupon_regular,0.001,0.9834634853730325,8.709810511497036,0.016954245333826664,120000,8.696368589504655,8.734520790506018
KR6YT0001792,45819,6,True,STEP no-KI,coupon_regular,0.0025,0.9847699569497573,21.77452627874394,0.042385613334564295,120000,21.740921473762988,21.836301976266398
KR6YT0001792,45819,7,True,STEP no-KI,coupon_regular,0.005,0.9869474095776318,43.54905255748827,0.08477122666912874,120000,43.48184294752635,43.67260395253318
KR6YT0001792,45819,8,True,STEP no-KI,coupon_regular,0.01,0.9913023148333804,87.09810511497481,0.16954245333825932,120000,86.96368589505096,87.34520790506463
KR6YT0001792,45819,9,True,STEP no-KI,first_strike,-0.05,0.9882891707953609,56.96666473477836,2.1490054156698473,22542,55.610994395099254,58.76277116067011
KR6YT0001792,45819,10,True,STEP no-KI,first_strike,-0.025,0.9847045056828742,21.12001360991153,1.4405274528814835,11632,19.089066678072726,23.59844672737457
KR6YT0001792,45819,11,True,STEP no-KI,first_strike,-0.01,0.9832377039434044,6.451996215214425,0.8685521742080147,4753,3.943972806818494,10.021234267507104
KR6YT0001792,45819,12,True,STEP no-KI,first_strike,-0.005,0.9828434802868528,2.5097596496995167,0.5961828164169113,2433,1.3269485758324011,3.9966519303053323
KR6YT0001792,45819,13,True,STEP no-KI,first_strike,0.005,0.9822233120677845,-3.6919225409847023,0.6218616954449437,2349,-4.576209988545907,-2.587096297037409
KR6YT0001792,45819,14,True,STEP no-KI,first_strike,0.01,0.981918274909573,-6.74229412309993,0.8644412281867699,4681,-8.985326426135307,-4.092445657513332
KR6YT0001792,45819,15,True,STEP no-KI,first_strike,0.025,0.9812520465169516,-13.404578049313775,1.3094860461569213,11622,-15.640945405595563,-10.349064318165244
KR6YT0001792,45819,16,True,STEP no-KI,first_strike,0.05,0.9808719821516774,-17.20522170205511,1.7145343044059296,22565,-20.879492935416685,-14.423246482372168
KR6YT0001792,45819,17,True,STEP no-KI,last_strike,-0.05,0.9898377212170113,72.45216895128371,1.4213537504777443,2547,71.33672398229704,73.92549941366981
KR6YT0001792,45819,18,True,STEP no-KI,last_strike,-0.025,0.985975243154818,33.82738832935024,0.9593830088873412,1231,32.29298451630232,34.9417673684977
KR6YT0001792,45819,19,True,STEP no-KI,last_strike,-0.01,0.9838201173459697,12.276130240868037,0.5731794073413522,457,11.357068045645509,12.98086007191625
KR6YT0001792,45819,20,True,STEP no-KI,last_strike,-0.005,0.9832410463094908,6.485419876077306,0.41562375202025426,243,6.406766222753438,6.567287460734278
KR6YT0001792,45819,21,True,STEP no-KI,last_strike,0.005,0.9819977442237238,-5.947600981591599,0.39526076706323404,226,-7.02233674489529,-5.292358689445345
KR6YT0001792,45819,22,True,STEP no-KI,last_strike,0.01,0.9813856708236296,-12.068334982533525,0.5604100955024078,462,-14.255283865540303,-10.119116123385822
KR6YT0001792,45819,23,True,STEP no-KI,last_strike,0.025,0.9800019783957056,-25.905259261774013,0.8114730296630659,1011,-28.77871593605672,-23.656180468492757
KR6YT0001792,45819,24,True,STEP no-KI,last_strike,0.05,0.9780812241357456,-45.11280186137351,1.0498909209010847,1822,-48.17517533076487,-43.23085998373786
KR6KS0003B52,45988,0,False,STEP KI,base,0.0,0.9480655596416974,0.0,0.0,0,0.0,0.0
KR6KS0003B52,45988,1,False,STEP KI,coupon_regular,-0.01,0.9380733796399329,-99.92180001764399,0.26202819900433594,102284,-100.2617562212104,-99.71392051132436
KR6KS0003B52,45988,2,False,STEP KI,coupon_regular,-0.005,0.9430694696408152,-49.96090000882082,0.13101409950216755,102284,-50.13087811060404,-49.85696025566103
KR6KS0003B52,45988,3,False,STEP KI,coupon_regular,-0.0025,0.9455675146412564,-24.980450004410425,0.06550704975108364,102284,-25.06543905530202,-24.928480127830518
KR6KS0003B52,45988,4,False,STEP KI,coupon_regular,-0.001,0.947066341641521,-9.992180001763867,0.026202819900431946,102284,-10.02617562212051,-9.971392051131907
KR6KS0003B52,45988,5,False,STEP KI,coupon_regular,0.001,0.9490647776418739,9.99218000176417,0.02620281990043383,102284,9.97139205113221,10.02617562212081
KR6KS0003B52,45988,6,False,STEP KI,coupon_regular,0.0025,0.9505636046421384,24.98045000441077,0.06550704975108587,102284,24.928480127830863,25.065439055302377
KR6KS0003B52,45988,7,False,STEP KI,coupon_regular,0.005,0.9530616496425797,49.96090000882203,0.13101409950216786,102284,49.856960255662216,50.130878110605245
KR6KS0003B52,45988,8,False,STEP KI,coupon_regular,0.01,0.9580577396434616,99.92180001764328,0.26202819900433755,102284,99.71392051132365,100.2617562212097
KR6KS0003B52,45988,9,False,STEP KI,ki_barrier,-0.05,0.9774965732243783,294.3101358268076,4.066491739210611,5090,287.7125387968292,300.52278324339284
KR6KS0003B52,45988,10,False,STEP KI,ki_barrier,-0.025,0.9627566892686753,146.9112962697795,2.8748801282042997,2592,145.6088329731615,147.60024894766008
KR6KS0003B52,45988,11,False,STEP KI,ki_barrier,-0.01,0.9541792949271503,61.137352854529134,1.8587619654842995,1087,58.473482976593736,63.22930441136053
KR6KS0003B52,45988,12,False,STEP KI,ki_barrier,-0.005,0.9510657749328676,30.00215291170217,1.3046114073994042,534,27.253608553471416,33.42139597896934
KR6KS0003B52,45988,13,False,STEP KI,ki_barrier,0.005,0.9451136808026322,-29.5187883906529,1.291007106764194,527,-30.996624422439208,-27.18349532586199
KR6KS0003B52,45988,14,False,STEP KI,ki_barrier,0.01,0.9423683983452302,-56.97161296467008,1.785343382111335,1023,-59.17201182184568,-54.50744134159956
KR6KS0003B52,45988,15,False,STEP KI,ki_barrier,0.025,0.9341869496098972,-138.78610031800264,2.7539943558443,2521,-140.49655416511064,-136.65384487542556
KR6KS0003B52,45988,16,False,STEP KI,ki_barrier,0.05,0.9207756561028018,-272.8990353889543,3.7885577766738505,5043,-276.3452184971093,-269.97107630668927
KR6KS0003B52,45988,17,False,STEP KI,first_strike,-0.05,0.9559938905923426,79.28330950645129,2.9716968334870457,17985,75.59969335049348,83.09387835643449
KR6KS0003B52,45988,18,False,STEP KI,first_strike,-0.025,0.9520437087042858,39.781490625883514,2.0871955037928487,9057,38.19412553165096,42.34709038649916
KR6KS0003B52,45988,19,False,STEP KI,first_strike,-0.01,0.9495510105324616,14.85450890764239,1.2880259042721545,3585,14.519584024508768,15.096341302862827
KR6KS0003B52,45988,20,False,STEP KI,first_strike,-0.005,0.9488101620910245,7.44602449327317,0.9159167412489198,1814,6.088438835931707,8.928069871787166
KR6KS0003B52,45988,21,False,STEP KI,first_strike,0.005,0.9475808660839918,-4.846935577055442,0.824087942843448,1772,-5.364438243099302,-4.272157367442462
KR6KS0003B52,45988,22,False,STEP KI,first_strike,0.01,0.9470614832832227,-10.040763584746678,1.1798215552294338,3641,-12.358343452171344,-7.7202025217450245
KR6KS0003B52,45988,23,False,STEP KI,first_strike,0.025,0.9453498380644335,-27.157215772638825,1.8702551331176034,8998,-31.22328252385356,-22.203108194365768
KR6KS0003B52,45988,24,False,STEP KI,first_strike,0.05,0.943597795084164,-44.677645575333734,2.4905134643732656,17360,-50.54263482334864,-36.4819078776994
KR6KS0003B52,45988,25,False,STEP KI,last_strike,-0.05,0.9488220127138408,7.56453072143365,0.5428690967616009,194,6.681532668324948,8.75429012193008
KR6KS0003B52,45988,26,False,STEP KI,last_strike,-0.025,0.9484544363552042,3.8887671350680932,0.38492187211230844,102,3.2064069826020933,4.796340820126865
KR6KS0003B52,45988,27,False,STEP KI,last_strike,-0.01,0.9481928706661852,1.2731102448761444,0.21831012071990852,34,1.0094959948634046,1.6836882677252039
KR6KS0003B52,45988,28,False,STEP KI,last_strike,-0.005,0.9481289055411415,0.6334589944412786,0.1536269010212176,17,0.44805172377234326,0.8932236432251568
KR6KS0003B52,45988,29,False,STEP KI,last_strike,0.005,0.9480249844427963,-0.405751989012974,0.12233419763612494,11,-0.664077286903646,0.0
KR6KS0003B52,45988,30,False,STEP KI,last_strike,0.01,0.9479920604827622,-0.7349915893514151,0.16433817295335626,20,-0.9918130958451603,-0.32930485293435824
KR6KS0003B52,45988,31,False,STEP KI,last_strike,0.025,0.9478774849220775,-1.8807471962002689,0.2607851270913514,52,-2.386926195437465,-1.6182787883069194
KR6KS0003B52,45988,32,False,STEP KI,last_strike,0.05,0.9477197903424939,-3.4576929920347763,0.34930178075301915,98,-3.83154942299683,-2.978543982557516
KR6SY0002529,46075,0,False,STEP no-KI,base,0.0,0.9859014113287203,0.0,0.0,0,0.0,0.0
KR6SY0002529,46075,1,False,STEP no-KI,coupon_regular,-0.01,0.9791998776642573,-67.01533664463372,0.1642406419583319,110334,-67.30889156849598,-66.7811132787207
KR6SY0002529,46075,2,False,STEP no-KI,coupon_regular,-0.005,0.9825506444964889,-33.507668322316036,0.08212032097916636,110334,-33.654445784247166,-33.39055663935952
KR6SY0002529,46075,3,False,STEP no-KI,coupon_regular,-0.0025,0.9842260279126046,-16.753834161158768,0.04106016048958264,110334,-16.827222892124336,-16.69527831968052
KR6SY0002529,46075,4,False,STEP no-KI,coupon_regular,-0.001,0.9852312579622742,-6.701533664463537,0.016424064195832474,110334,-6.730889156849765,-6.678111327872235
KR6SY0002529,46075,5,False,STEP no-KI,coupon_regular,0.001,0.9865715646951666,6.701533664461897,0.01642406419583451,110334,6.678111327870588,6.730889156848126
KR6SY0002529,46075,6,False,STEP no-KI,coupon_regular,0.0025,0.9875767947448362,16.753834161157343,0.04106016048958472,110334,16.695278319679087,16.827222892122915
KR6SY0002529,46075,7,False,STEP no-KI,coupon_regular,0.005,0.989252178160952,33.507668322316114,0.08212032097916734,110334,33.3905566393596,33.65444578424725
KR6SY0002529,46075,8,False,STEP no-KI,coupon_regular,0.01,0.9926029449931837,67.01533664463234,0.16424064195833435,110334,66.78111327871932,67.3088915684946
KR6SY0002529,46075,9,False,STEP no-KI,first_strike,-0.05,0.9988038597925871,129.02448463866767,2.8695623329579445,17500,125.32761787882964,132.88028396761985
KR6SY0002529,46075,10,False,STEP no-KI,first_strike,-0.025,0.9920922722453501,61.90860916629731,2.030543644546443,9635,61.03295176991697,62.51996814865336
KR6SY0002529,46075,11,False,STEP no-KI,first_strike,-0.01,0.9882395467440862,23.381354153656982,1.2738092539536057,4079,20.554122288354392,25.87349561014799
KR6SY0002529,46075,12,False,STEP no-KI,first_strike,-0.005,0.9870463693587358,11.449580300153123,0.8948908547933899,2070,10.892222220346296,12.47154126639061
KR6SY0002529,46075,13,False,STEP no-KI,first_strike,0.005,0.9847778699677523,-11.235413609682926,0.90232950487177,2181,-12.264670805650233,-10.71615863888168
KR6SY0002529,46075,14,False,STEP no-KI,first_strike,0.01,0.9837002329984937,-22.011783302267585,1.263682273866381,4384,-22.05051973331689,-21.961650432360393
KR6SY0002529,46075,15,False,STEP no-KI,first_strike,0.025,0.9807240772521844,-51.7733407653617,1.9592707417711381,11307,-54.78070373698682,-49.870090029814115
KR6SY0002529,46075,16,False,STEP no-KI,first_strike,0.05,0.9764125590070556,-94.88852321664793,2.695260505487252,23649,-95.56168904853337,-94.45239856993553
KR6SY0002529,46075,17,False,STEP no-KI,last_strike,-0.05,0.9960080450007307,101.0663367201028,2.136997058972792,2197,99.27140332056885,103.93919395309635
KR6SY0002529,46075,18,False,STEP no-KI,last_strike,-0.025,0.9907249562815249,48.23544952804482,1.4674357314588242,1071,46.34305839670152,49.86879678395867
KR6SY0002529,46075,19,False,STEP no-KI,last_strike,-0.01,0.9877328451967796,18.314338680591895,0.9007473586107817,412,17.343451963837122,19.33330701422492
KR6SY0002529,46075,20,False,STEP no-KI,last_strike,-0.005,0.98682656325766,9.2515192893964,0.6393880343273276,209,7.969064186224845,10.091360519098327
KR6SY0002529,46075,21,False,STEP no-KI,last_strike,0.005,0.9849797901304533,-9.216211982671206,0.6354270486930571,210,-10.792765824465889,-7.902315928818115
KR6SY0002529,46075,22,False,STEP no-KI,last_strike,0.01,0.9840269791134482,-18.74432215272271,0.903380448673259,429,-19.5289943921867,-17.428466955735065
KR6SY0002529,46075,23,False,STEP no-KI,last_strike,0.025,0.9814691018468051,-44.323094819153866,1.377255070156364,1027,-44.7996573042081,-43.74034390643545
KR6SY0002529,46075,24,False,STEP no-KI,last_strike,0.05,0.978227962660107,-76.73448668613403,1.7895790171652115,1812,-77.85713858455867,-75.94908419383222
KR6MD0004A32,46770,0,False,LIZARD no-KI,base,0.0,0.9146545107376534,0.0,0.0,0,0.0,0.0
KR6MD0004A32,46770,1,False,LIZARD no-KI,coupon_regular,-0.01,0.9088826765402169,-57.71834197436431,0.21673206169907347,70417,-57.97642625257316,-57.23670237127186
KR6MD0004A32,46770,2,False,LIZARD no-KI,coupon_regular,-0.005,0.911768593638935,-28.85917098718276,0.10836603084953729,70417,-28.988213126287178,-28.618351185636534
KR6MD0004A32,46770,3,False,LIZARD no-KI,coupon_regular,-0.0025,0.9132115521882942,-14.42958549359093,0.054183015424768485,70417,-14.494106563143145,-14.309175592817816
KR6MD0004A32,46770,4,False,LIZARD no-KI,coupon_regular,-0.001,0.9140773273179098,-5.771834197436793,0.021673206169907328,70417,-5.797642625257677,-5.723670237127549
KR6MD0004A32,46770,5,False,LIZARD no-KI,coupon_regular,0.001,0.9152316941573971,5.771834197436483,0.021673206169906367,70417,5.723670237127243,5.797642625257363
KR6MD0004A32,46770,6,False,LIZARD no-KI,coupon_regular,0.0025,0.9160974692870125,14.429585493590636,0.05418301542476746,70417,14.309175592817521,14.494106563142848
KR6MD0004A32,46770,7,False,LIZARD no-KI,coupon_regular,0.005,0.9175404278363718,28.859170987183187,0.10836603084953558,70417,28.618351185636975,28.988213126287597
KR6MD0004A32,46770,8,False,LIZARD no-KI,coupon_regular,0.01,0.9204263449350898,57.71834197436465,0.2167320616990708,70417,57.236702371272216,57.97642625257349
KR6MD0004A32,46770,9,False,LIZARD no-KI,first_strike,-0.05,0.9201977567470699,55.43246009416545,1.8582213054231902,4658,52.577535182878286,57.37280070433903
KR6MD0004A32,46770,10,False,LIZARD no-KI,first_strike,-0.025,0.9167740296329328,21.195188952793416,1.1634397115299375,1883,18.194012219450954,24.123491305542803
KR6MD0004A32,46770,11,False,LIZARD no-KI,first_strike,-0.01,0.9152834726364893,6.289618988360185,0.6431795200694533,679,5.847923764734733,6.933507528481662
KR6MD0004A32,46770,12,False,LIZARD no-KI,first_strike,-0.005,0.9148916534169494,2.371426792960426,0.4071094866314585,321,1.407925295403471,3.313586850246932
KR6MD0004A32,46770,13,False,LIZARD no-KI,first_strike,0.005,0.9142753885418685,-3.791221957849939,0.49489659567991556,336,-3.9461296154890966,-3.667349957547147
KR6MD0004A32,46770,14,False,LIZARD no-KI,first_strike,0.01,0.9139236995800867,-7.308111575667865,0.6801502734086414,632,-8.065937989621284,-6.410294056099145
KR6MD0004A32,46770,15,False,LIZARD no-KI,first_strike,0.025,0.9132760173812865,-13.784933563668222,0.9432662489535374,1344,-14.843513992023022,-13.25424876256835
KR6MD0004A32,46770,16,False,LIZARD no-KI,first_strike,0.05,0.9125808037404398,-20.737069972136318,1.1679296213955264,2268,-21.392042266337732,-19.95912580044595
KR6MD0004A32,46770,17,False,LIZARD no-KI,last_strike,-0.05,0.9275260675497494,128.7155681209591,2.386422345530497,2842,122.91525182479003,133.6098981267111
KR6MD0004A32,46770,18,False,LIZARD no-KI,last_strike,-0.025,0.9204702693268331,58.15758589179668,1.5957069229313643,1314,53.781047322403545,62.318150608631484
KR6MD0004A32,46770,19,False,LIZARD no-KI,last_strike,-0.01,0.9168862375417006,22.317268040472776,0.9851698908110432,511,19.64771620172111,24.1133504381187
KR6MD0004A32,46770,20,False,LIZARD no-KI,last_strike,-0.005,0.9158114393833356,11.569286456823214,0.7085769748354414,266,9.913400829813705,12.919090412988188
KR6MD0004A32,46770,21,False,LIZARD no-KI,last_strike,0.005,0.9135852737158348,-10.692370218187603,0.6782691313957239,248,-11.642494983181685,-9.049660211600127
KR6MD0004A32,46770,22,False,LIZARD no-KI,last_strike,0.01,0.9125769950047808,-20.775157328725125,0.9424356595542251,484,-22.92300943088202,-17.890039487557818
KR6MD0004A32,46770,23,False,LIZARD no-KI,last_strike,0.025,0.9096616526941224,-49.92858043531038,1.4476745003525116,1178,-52.398260880979336,-45.12445175132048
KR6MD0004A32,46770,24,False,LIZARD no-KI,last_strike,0.05,0.9055915125223941,-90.6299821525932,1.9226985550285216,2183,-95.90101274835425,-84.34840677715121
KR6KS0003LQ6,47068,0,True,STEP KI,base,0.0,0.9537331468890298,0.0,0.0,0,0.0,0.0
KR6KS0003LQ6,47068,1,True,STEP KI,coupon_regular,-0.01,0.9424389097897663,-112.94237099263411,0.218529899390507,120000,-113.14757428223302,-112.65577197366432
KR6KS0003LQ6,47068,2,True,STEP KI,coupon_regular,-0.005,0.9480860283393979,-56.47118549631695,0.10926494969525324,120000,-56.57378714111642,-56.32788598683206
KR6KS0003LQ6,47068,3,True,STEP KI,coupon_regular,-0.0025,0.9509095876142136,-28.235592748158908,0.05463247484762581,120000,-28.286893570558643,-28.16394299341647
KR6KS0003LQ6,47068,4,True,STEP KI,coupon_regular,-0.001,0.9526037231791032,-11.294237099263448,0.021852989939050372,120000,-11.314757428223341,-11.265577197366476
KR6KS0003LQ6,47068,5,True,STEP KI,coupon_regular,0.001,0.9548625705989561,11.294237099263833,0.02185298993905061,120000,11.26557719736686,11.314757428223734
KR6KS0003LQ6,47068,6,True,STEP KI,coupon_regular,0.0025,0.9565567061638455,28.235592748158155,0.05463247484762809,120000,28.16394299341571,28.28689357055789
KR6KS0003LQ6,47068,7,True,STEP KI,coupon_regular,0.005,0.9593802654386613,56.47118549631738,0.10926494969525388,120000,56.32788598683249,56.57378714111685
KR6KS0003LQ6,47068,8,True,STEP KI,coupon_regular,0.01,0.965027383988293,112.94237099263444,0.21852989939050702,120000,112.65577197366466,113.14757428223336
KR6KS0003LQ6,47068,9,True,STEP KI,ki_barrier,-0.05,0.9694908498533101,157.57702964280546,2.2570135733417676,4817,154.14789445152851,161.47824206551746
KR6KS0003LQ6,47068,10,True,STEP KI,ki_barrier,-0.025,0.9616322415716084,78.990946825788,1.5953499942661875,2466,76.8034228523867,80.52206001116534
KR6KS0003LQ6,47068,11,True,STEP KI,ki_barrier,-0.01,0.9569346250105734,32.01478121543838,1.0148596912630738,1013,30.221712383308564,33.903892109664845
KR6KS0003LQ6,47068,12,True,STEP KI,ki_barrier,-0.005,0.9553233699210061,15.902230319763808,0.7138264425886699,507,14.141301312280017,17.234672716847008
KR6KS0003LQ6,47068,13,True,STEP KI,ki_barrier,0.005,0.9524671901510936,-12.659567379359013,0.6320726862776276,410,-13.070960017245357,-12.118473137899006
KR6KS0003LQ6,47068,14,True,STEP KI,ki_barrier,0.01,0.9510164086243258,-27.167382647038608,0.9222021017103524,884,-27.78598323841576,-26.848953747860342
KR6KS0003LQ6,47068,15,True,STEP KI,ki_barrier,0.025,0.9469796271035378,-67.53519785491764,1.4358819390894029,2227,-68.94771799235193,-65.33739884786563
KR6KS0003LQ6,47068,16,True,STEP KI,ki_barrier,0.05,0.9409953269182236,-127.37819970806042,1.9337447224319286,4290,-128.36281774999085,-125.87403647721685
KR6KS0003LQ6,47068,17,True,STEP KI,first_strike,-0.05,0.9633627979328954,96.29651043865928,2.729039115315527,20202,92.66051222678051,98.40074845591056
KR6KS0003LQ6,47068,18,True,STEP KI,first_strike,-0.025,0.9580957142439366,43.62567354906859,1.8771441512017248,10231,41.2192120680624,46.40946247467334
KR6KS0003LQ6,47068,19,True,STEP KI,first_strike,-0.01,0.9552391054344851,15.059585454554139,1.1439561905381992,4103,14.015672524607506,15.786734434375358
KR6KS0003LQ6,47068,20,True,STEP KI,first_strike,-0.005,0.9545288007785406,7.956538895110256,0.8291660720673547,2129,7.155449104588583,8.60764576542294
KR6KS0003LQ6,47068,21,True,STEP KI,first_strike,0.005,0.9528808095306137,-8.523373584158522,0.8302408581265989,2115,-10.214932265768827,-6.641338969509189
KR6KS0003LQ6,47068,22,True,STEP KI,first_strike,0.01,0.9522346779940613,-14.984688949684374,1.1297307250719035,4114,-17.0595565892677,-13.100420339690917
KR6KS0003LQ6,47068,23,True,STEP KI,first_strike,0.025,0.9505191633129101,-32.13983576119495,1.72048707750284,10186,-36.85142137401517,-29.736100098989596
KR6KS0003LQ6,47068,24,True,STEP KI,first_strike,0.05,0.9484676129618549,-52.6553392717478,2.288505832417693,19624,-58.21279481335277,-47.98828307397625
KR6KS0003LQ6,47068,25,True,STEP KI,last_strike,-0.05,0.954995894872023,12.627479829934154,0.5127836021653257,605,11.370296140225815,14.185745926374953
KR6KS0003LQ6,47068,26,True,STEP KI,last_strike,-0.025,0.9543038503445792,5.7070345554962545,0.336606808788307,287,4.8379451332192005,7.111455400339529
KR6KS0003LQ6,47068,27,True,STEP KI,last_strike,-0.01,0.9539452790314293,2.1213214239957545,0.20218075942680602,110,1.6784505065244202,2.429615859465945
KR6KS0003LQ6,47068,28,True,STEP KI,last_strike,-0.005,0.9538305005840777,0.9735369504808661,0.13629634165306892,51,0.744947496858989,1.2606535825747156
KR6KS0003LQ6,47068,29,True,STEP KI,last_strike,0.005,0.9536695521500819,-0.6359473894764611,0.10905066348061675,34,-0.6723823659339021,-0.6164558129907651
KR6KS0003LQ6,47068,30,True,STEP KI,last_strike,0.01,0.9535668322094526,-1.6631467957712929,0.17525675868380747,90,-1.8274842072449955,-1.5563471558144646
KR6KS0003LQ6,47068,31,True,STEP KI,last_strike,0.025,0.9533311501551209,-4.0199673390865245,0.2684576699247991,224,-4.355220950588971,-3.7809613488207225
KR6KS0003LQ6,47068,32,True,STEP KI,last_strike,0.05,0.9530804337261956,-6.52713162834047,0.33493871995297314,380,-6.633019087262422,-6.439491281689731
KR6SH0004P19,47099,0,True,STEP no-KI,base,0.0,0.9965105424661311,0.0,0.0,0,0.0,0.0
KR6SH0004P19,47099,1,True,STEP no-KI,coupon_regular,-0.01,0.9838958565413592,-126.14685924771882,0.2116773821346173,120000,-126.69567274060844,-125.8179354179459
KR6SH0004P19,47099,2,True,STEP no-KI,coupon_regular,-0.005,0.9902031995037455,-63.07342962385927,0.10583869106730909,120000,-63.34783637030408,-62.908967708972796
KR6SH0004P19,47099,3,True,STEP no-KI,coupon_regular,-0.0025,0.9933568709849382,-31.536714811929794,0.052919345533653975,120000,-31.673918185152196,-31.45448385448656
KR6SH0004P19,47099,4,True,STEP no-KI,coupon_regular,-0.001,0.9952490738736542,-12.614685924771539,0.02116773821346211,120000,-12.669567274060496,-12.581793541794244
KR6SH0004P19,47099,5,True,STEP no-KI,coupon_regular,0.001,0.9977720110586084,12.614685924771882,0.021167738213462548,120000,12.581793541794584,12.669567274060846
KR6SH0004P19,47099,6,True,STEP no-KI,coupon_regular,0.0025,0.9996642139473242,31.536714811929425,0.052919345533654745,120000,31.45448385448618,31.673918185151834
KR6SH0004P19,47099,7,True,STEP no-KI,coupon_regular,0.005,1.0028178854285172,63.07342962385937,0.10583869106730934,120000,62.908967708972895,63.34783637030418
KR6SH0004P19,47099,8,True,STEP no-KI,coupon_regular,0.01,1.0091252283909034,126.14685924771841,0.21167738213461781,120000,125.81793541794544,126.69567274060803
KR6SH0004P19,47099,9,True,STEP no-KI,first_strike,-0.05,0.9973871785739109,8.766361077796681,1.6885233645958964,28467,4.405134837634629,12.680479158925275
KR6SH0004P19,47099,10,True,STEP no-KI,first_strike,-0.025,0.9964931538021514,-0.17388663979748786,1.0852958727135693,13809,-3.9237334042527183,1.7209737389624749
KR6SH0004P19,47099,11,True,STEP no-KI,first_strike,-0.01,0.9964693107432996,-0.41231722831595574,0.6591864519256693,5356,-1.7114037852636734,0.7643257130294453
KR6SH0004P19,47099,12,True,STEP no-KI,first_strike,-0.005,0.9965049806422892,-0.055618238420095056,0.4500882457334604,2565,-0.6568277960241202,0.5721484776252865
KR6SH0004P19,47099,13,True,STEP no-KI,first_strike,0.005,0.9965391925086534,0.28650042522130614,0.4457834324880687,2608,0.23406215185862295,0.34828959000436
KR6SH0004P19,47099,14,True,STEP no-KI,first_strike,0.01,0.9966649387102009,1.5439624406963735,0.5982811696784958,5146,1.0082893659093743,2.4803965592283266
KR6SH0004P19,47099,15,True,STEP no-KI,first_strike,0.025,0.9970682617394262,5.577192732948855,0.8781862192267612,12317,3.3056662675814983,7.607524766809449
KR6SH0004P19,47099,16,True,STEP no-KI,first_strike,0.05,0.9979287830799716,14.182406138403389,1.0808634594100897,21813,13.078005028355783,15.109649175579644
KR6SH0004P19,47099,17,True,STEP no-KI,last_strike,-0.05,1.0086924846097927,121.81942143661475,1.8250962156571953,4302,117.54575679668402,124.14548136549733
KR6SH0004P19,47099,18,True,STEP no-KI,last_strike,-0.025,1.002549856670348,60.393142042165415,1.2748097538777088,2204,59.33030812005735,61.16009123673453
KR6SH0004P19,47099,19,True,STEP no-KI,last_strike,-0.01,0.9989129140568112,24.023715906799065,0.8000535803264365,895,22.705203953974966,25.043487318160047
KR6SH0004P19,47099,20,True,STEP no-KI,last_strike,-0.005,0.9977020157670052,11.914733008740653,0.562503873064488,447,11.274902802200707,12.477515288871285
KR6SH0004P19,47099,21,True,STEP no-KI,last_strike,0.005,0.9953961999866743,-11.143424794568263,0.5402226616689956,424,-11.908754571814617,-10.327802783380228
KR6SH0004P19,47099,22,True,STEP no-KI,last_strike,0.01,0.9942562820462929,-22.54260419838302,0.764178764256309,864,-22.69418913213103,-22.371118796456713
KR6SH0004P19,47099,23,True,STEP no-KI,last_strike,0.025,0.9909858454298168,-55.24697036314229,1.1768730812169967,2165,-57.08393328782925,-52.45657825396027
KR6SH0004P19,47099,24,True,STEP no-KI,last_strike,0.05,0.9864757961642098,-100.34746301921572,1.5473573383220336,4071,-103.14403675939968,-96.69324305881624
KR6HN0003PV4,47386,0,False,STEP no-KI,base,0.0,0.9994657446373526,0.0,0.0,0,0.0,0.0
KR6HN0003PV4,47386,1,False,STEP no-KI,coupon_regular,-0.01,0.9930314069996616,-64.34337637690622,0.14471381547670661,115165,-64.6441085008947,-64.1650192963493
KR6HN0003PV4,47386,2,False,STEP no-KI,coupon_regular,-0.005,0.996248575818507,-32.171688188453146,0.07235690773835374,115165,-32.32205425044738,-32.08250964817468
KR6HN0003PV4,47386,3,False,STEP no-KI,coupon_regular,-0.0025,0.9978571602279294,-16.08584409422751,0.036178453869176015,115165,-16.16102712522463,-16.041254824088277
KR6HN0003PV4,47386,4,False,STEP no-KI,coupon_regular,-0.001,0.9988223108735833,-6.4343376376902395,0.014471381547671438,115165,-6.464410850089087,-6.416501929634546
KR6HN0003PV4,47386,5,False,STEP no-KI,coupon_regular,0.001,1.0001091784011216,6.434337637690292,0.014471381547670794,115165,6.416501929634599,6.464410850089139
KR6HN0003PV4,47386,6,False,STEP no-KI,coupon_regular,0.0025,1.0010743290467747,16.085844094227397,0.036178453869175786,115165,16.041254824088163,16.161027125224514
KR6HN0003PV4,47386,7,False,STEP no-KI,coupon_regular,0.005,1.0026829134561976,32.17168818845307,0.0723569077383529,115165,32.08250964817461,32.32205425044731
KR6HN0003PV4,47386,8,False,STEP no-KI,coupon_regular,0.01,1.005900082275043,64.34337637690791,0.14471381547670398,115165,64.16501929635098,64.64410850089641
KR6HN0003PV4,47386,9,False,STEP no-KI,first_strike,-0.05,1.0068967197609566,74.30975123604107,2.1622668788445103,15050,67.88715109088854,82.93463962168443
KR6HN0003PV4,47386,10,False,STEP no-KI,first_strike,-0.025,1.003315755495803,38.50010858450445,1.5918713617385243,9049,35.96662588053708,43.49901445309748
KR6HN0003PV4,47386,11,False,STEP no-KI,first_strike,-0.01,1.001072812049174,16.07067411821542,1.0362306294808878,4033,14.16844439879362,17.91279435991885
KR6HN0003PV4,47386,12,False,STEP no-KI,first_strike,-0.005,1.0003207347526861,8.549901153334817,0.7420354235941458,2048,6.8364584656308205,10.812975642791773
KR6HN0003PV4,47386,13,False,STEP no-KI,first_strike,0.005,0.9986643622772368,-8.01382360115752,0.7469868140900477,2172,-10.741901196892618,-5.810857678610291
KR6HN0003PV4,47386,14,False,STEP no-KI,first_strike,0.01,0.9980435060130107,-14.222386243417295,1.0129687804538323,4331,-16.007749255690953,-12.937999973901679
KR6HN0003PV4,47386,15,False,STEP no-KI,first_strike,0.025,0.9960282920741532,-34.37452563199305,1.5977492741650743,11728,-35.706323034968925,-33.03449488206364
KR6HN0003PV4,47386,16,False,STEP no-KI,first_strike,0.05,0.9935621549224996,-59.03589714852822,2.180827280834116,25776,-59.26658041570402,-58.80740305794231
KR6HN0003PV4,47386,17,False,STEP no-KI,last_strike,-0.05,1.0063014199738014,68.35675336449013,1.7067052389059094,1584,63.94300041545621,74.01456718172811
KR6HN0003PV4,47386,18,False,STEP no-KI,last_strike,-0.025,1.0028918945624736,34.26149925121096,1.1991212777716187,811,29.79802895028427,37.63319677603586
KR6HN0003PV4,47386,19,False,STEP no-KI,last_strike,-0.01,1.0008494072777112,13.836626403587292,0.758345697300747,332,11.37809450879122,15.384203809275736
KR6HN0003PV4,47386,20,False,STEP no-KI,last_strike,-0.005,1.0001502893617236,6.8454472437100735,0.5325548705013975,165,5.974519624044867,7.46757691231208
KR6HN0003PV4,47386,21,False,STEP no-KI,last_strike,0.005,0.9989147884440064,-5.509561933459786,0.47569161675069244,134,-6.047874676087586,-4.438401884778906
KR6HN0003PV4,47386,22,False,STEP no-KI,last_strike,0.01,0.9982264314163993,-12.393132209531359,0.711080743218383,303,-12.624065326152506,-12.157357166561887
KR6HN0003PV4,47386,23,False,STEP no-KI,last_strike,0.025,0.9964357239427166,-30.30020694635797,1.1023101379969633,751,-32.19177299168629,-28.687998486806055
KR6HN0003PV4,47386,24,False,STEP no-KI,last_strike,0.05,0.9938924075514919,-55.73337085860611,1.4750087796436055,1412,-57.828325740109605,-54.321110521487334
20230511000322_11566,47588,0,False,STEP KI,base,0.0,0.9927618518072003,0.0,0.0,0,0.0,0.0
20230511000322_11566,47588,1,False,STEP KI,coupon_regular,-0.01,0.9839090684188523,-88.5278338834806,0.22652192084121792,112467,-89.23205412860202,-87.93837877335821
20230511000322_11566,47588,2,False,STEP KI,coupon_regular,-0.005,0.9883354601130262,-44.263916941741144,0.1132609604206078,112467,-44.61602706430184,-43.96918938667996
20230511000322_11566,47588,3,False,STEP KI,coupon_regular,-0.0025,0.9905486559601132,-22.13195847087071,0.056630480210304604,112467,-22.308013532151058,-21.98459469334011
20230511000322_11566,47588,4,False,STEP KI,coupon_regular,-0.001,0.9918765734683652,-8.852783388348053,0.022652192084121964,112467,-8.923205412860192,-8.793837877335811
20230511000322_11566,47588,5,False,STEP KI,coupon_regular,0.001,0.993647130146035,8.852783388349188,0.022652192084119487,112467,8.793837877336957,8.923205412861325
20230511000322_11566,47588,6,False,STEP KI,coupon_regular,0.0025,0.9949750476542872,22.131958470870348,0.0566304802103041,112467,21.98459469333975,22.308013532150696
20230511000322_11566,47588,7,False,STEP KI,coupon_regular,0.005,0.9971882435013746,44.263916941742224,0.11326096042060552,112467,43.96918938668104,44.61602706430291
20230511000322_11566,47588,8,False,STEP KI,coupon_regular,0.01,1.0016146351955486,88.52783388348185,0.22652192084121534,112467,87.93837877335946,89.23205412860324
20230511000322_11566,47588,9,False,STEP KI,ki_barrier,-0.05,1.0072345037321928,144.72651924992527,2.7556857696441903,2722,144.03707404005667,145.1960627137505
20230511000322_11566,47588,10,False,STEP KI,ki_barrier,-0.025,1.000192820505611,74.30968698410636,1.9671999734106131,1423,72.98349934431529,75.43212237730009
20230511000322_11566,47588,11,False,STEP KI,ki_barrier,-0.01,0.9957848726043576,30.230207971574334,1.2516169762767377,586,29.13673399589586,30.97071593196446
20230511000322_11566,47588,12,False,STEP KI,ki_barrier,-0.005,0.9943725188532332,16.106670460330758,0.9145292790419387,312,15.675096386601293,16.67095040371116
20230511000322_11566,47588,13,False,STEP KI,ki_barrier,0.005,0.9910627713309067,-16.99080476293518,0.9382068290964691,330,-19.512553962270466,-14.574516343139326
20230511000322_11566,47588,14,False,STEP KI,ki_barrier,0.01,0.9893675387854516,-33.94313021748736,1.3204737309950747,663,-37.32878776305479,-31.4406789434005
20230511000322_11566,47588,15,False,STEP KI,ki_barrier,0.025,0.9846580740583404,-81.03777748859937,2.0248804873933888,1594,-84.86820728391034,-78.62584562042815
20230511000322_11566,47588,16,False,STEP KI,ki_barrier,0.05,0.9770193462937149,-157.42505513485403,2.7793138266950597,3151,-164.0906443292407,-153.49731868615248
20230511000322_11566,47588,17,False,STEP KI,first_strike,-0.05,0.9970082832220541,42.46431414853946,2.4316417284537133,19240,34.13017955700777,49.799800082378084
20230511000322_11566,47588,18,False,STEP KI,first_strike,-0.025,0.9946026722285246,18.40820421324311,1.6945151821064457,10230,17.1574949399839,19.21402880127419
20230511000322_11566,47588,19,False,STEP KI,first_strike,-0.01,0.9932955450237076,5.336932165074217,1.0269388134649249,4191,3.8016810588113303,6.6307249490123565
20230511000322_11566,47588,20,False,STEP KI,first_strike,-0.005,0.9931211773703604,3.5932556316031095,0.7507062909785025,2082,2.9365837904016923,4.398339532376397
20230511000322_11566,47588,21,False,STEP KI,first_strike,0.005,0.9922569311483972,-5.049206588030385,0.8237703747335893,2331,-5.934056975897845,-4.5567265140493864
20230511000322_11566,47588,22,False,STEP KI,first_strike,0.01,0.9919718181540781,-7.900336531222669,1.1111699574609335,4659,-8.780781420133916,-6.1621443373266604
20230511000322_11566,47588,23,False,STEP KI,first_strike,0.025,0.9912447083554647,-15.17143451735586,1.6729515229283245,11684,-17.133912918790646,-12.34818916642028
20230511000322_11566,47588,24,False,STEP KI,first_strike,0.05,0.9904907116116161,-22.711401955843183,2.239682077940591,23467,-25.663615490302384,-18.822582050997454
20230511000322_11566,47588,25,False,STEP KI,last_strike,-0.05,0.9934480920956779,6.862402884775541,0.5277040460953647,169,6.352255881516722,7.328148755979431
20230511000322_11566,47588,26,False,STEP KI,last_strike,-0.025,0.9930503015381031,2.8844973090294763,0.3375396817626261,73,2.492378895668958,3.3091856541603013
20230511000322_11566,47588,27,False,STEP KI,last_strike,-0.01,0.9928864892768162,1.2463746961595672,0.22030479115401627,32,0.9337994175723023,1.8697752093889015
20230511000322_11566,47588,28,False,STEP KI,last_strike,-0.005,0.9928161004345892,0.5424862738881672,0.14497838987551073,14,0.3490079509033909,0.8138395000745255
20230511000322_11566,47588,29,False,STEP KI,last_strike,0.005,0.9927273795390752,-0.3447226812496867,0.11490434748444345,9,-0.4596495333067945,-0.2303664372458327
20230511000322_11566,47588,30,False,STEP KI,last_strike,0.01,0.9926628133662945,-0.9903844090570116,0.19421244717248815,26,-1.1431739249425783,-0.8007610135454841
20230511000322_11566,47588,31,False,STEP KI,last_strike,0.025,0.9925549281444664,-2.069236627337645,0.278981032526604,55,-2.4874698747888018,-1.6976102639058193
20230511000322_11566,47588,32,False,STEP KI,last_strike,0.05,0.9923943475820357,-3.675042251645093,0.3675154556964698,100,-4.1985491829853006,-2.655867255174067
KR6SH00050S0,48531,0,False,LIZARD no-KI,base,0.0,1.0003181824782876,0.0,0.0,0,0.0,0.0
KR6SH00050S0,48531,1,False,LIZARD no-KI,coupon_regular,-0.01,0.994898235990492,-54.19946487795629,0.1516877069618741,97413,-54.370538631085104,-54.09540866122828
KR6SH00050S0,48531,2,False,LIZARD no-KI,coupon_regular,-0.005,0.9976082092343899,-27.09973243897734,0.07584385348093763,97413,-27.185269315541753,-27.047704330613342
KR6SH00050S0,48531,3,False,LIZARD no-KI,coupon_regular,-0.0025,0.9989631958563385,-13.549866219489534,0.037921926740469146,97413,-13.592634657771741,-13.523852165307531
KR6SH00050S0,48531,4,False,LIZARD no-KI,coupon_regular,-0.001,0.9997761878295081,-5.419946487795522,0.015168770696187904,97413,-5.437053863108407,-5.409540866122722
KR6SH00050S0,48531,5,False,LIZARD no-KI,coupon_regular,0.001,1.0008601771270673,5.419946487795408,0.015168770696186419,97413,5.409540866122609,5.437053863108291
KR6SH00050S0,48531,6,False,LIZARD no-KI,coupon_regular,0.0025,1.0016731691002365,13.54986621948932,0.03792192674046806,97413,13.523852165307321,13.59263465777153
KR6SH00050S0,48531,7,False,LIZARD no-KI,coupon_regular,0.005,1.0030281557221856,27.099732438978926,0.07584385348093632,97413,27.047704330614923,27.185269315543337
KR6SH00050S0,48531,8,False,LIZARD no-KI,coupon_regular,0.01,1.0057381289660834,54.199464877957745,0.15168770696187292,97413,54.09540866122974,54.37053863108657
KR6SH00050S0,48531,9,False,LIZARD no-KI,first_strike,-0.05,1.002229407279565,19.112248012771996,1.3779625751781963,22117,17.709012848431435,20.426025711435166
KR6SH00050S0,48531,10,False,LIZARD no-KI,first_strike,-0.025,1.0009233255394943,6.051430612065333,0.9172416583270174,12478,4.25422643850377,7.534150077992288
KR6SH00050S0,48531,11,False,LIZARD no-KI,first_strike,-0.01,1.0005353485159214,2.1716603763389597,0.5769443311249152,5246,0.5727585704390059,3.0558773568747255
KR6SH00050S0,48531,12,False,LIZARD no-KI,first_strike,-0.005,1.0004239895743852,1.0580709609753771,0.40686604014088523,2636,-0.04058474131836337,1.6313465792675732
KR6SH00050S0,48531,13,False,LIZARD no-KI,first_strike,0.005,1.0002571540315472,-0.6102844674039951,0.3896398976344053,2804,-0.9539823662066451,-0.15764715849304634
KR6SH00050S0,48531,14,False,LIZARD no-KI,first_strike,0.01,1.0002479397820931,-0.7024269619467134,0.534117525740004,5685,-1.421233869378033,0.24763391706373855
KR6SH00050S0,48531,15,False,LIZARD no-KI,first_strike,0.025,1.000525768053115,2.075855748275053,0.7386312492227755,14582,0.19805730363591106,3.0460571660078415
KR6SH00050S0,48531,16,False,LIZARD no-KI,first_strike,0.05,1.0012313944746931,9.132119964054153,0.922721803791752,29496,7.142616402771881,10.874616220379599
KR6SH00050S0,48531,17,False,LIZARD no-KI,last_strike,-0.05,1.0058235718721311,55.053893938433774,1.5080480807182062,1319,53.7740906645499,55.99478608793491
KR6SH00050S0,48531,18,False,LIZARD no-KI,last_strike,-0.025,1.003165711565681,28.475290873933435,1.0755413585615086,697,27.810546847558324,29.54361319684395
KR6SH00050S0,48531,19,False,LIZARD no-KI,last_strike,-0.01,1.0015115295426062,11.933470643184767,0.6927761122054212,296,11.731439633346598,12.101425337390836
KR6SH00050S0,48531,20,False,LIZARD no-KI,last_strike,-0.005,1.0008757781321187,5.57595653831169,0.47267624409580006,139,4.208185197069679,6.5010603664599245
KR6SH00050S0,48531,21,False,LIZARD no-KI,last_strike,0.005,0.9996943155026253,-6.238669756622822,0.4975780854188461,157,-6.795277919758729,-5.722633590890939
KR6SH00050S0,48531,22,False,LIZARD no-KI,last_strike,0.01,0.9991156888630905,-12.02493615197142,0.6888163376904858,304,-13.054480594046545,-11.033776456781055
KR6SH00050S0,48531,23,False,LIZARD no-KI,last_strike,0.025,0.9975406559736009,-27.775265046868657,1.0379364957270099,712,-28.775924015754818,-26.305379341401874
KR6SH00050S0,48531,24,False,LIZARD no-KI,last_strike,0.05,0.99503212441015,-52.86058068137754,1.4112181802120884,1388,-54.81775927787173,-51.29422398898494
KR6SH0005170,48638,0,True,STEP no-KI,base,0.0,0.9782749493261407,0.0,0.0,0,0.0,0.0
KR6SH0005170,48638,1,True,STEP no-KI,coupon_regular,-0.01,0.968799171602718,-94.75777723422681,0.20031631092894234,120000,-95.10284332247079,-94.26555588651921
KR6SH0005170,48638,2,True,STEP no-KI,coupon_regular,-0.005,0.9735370604644293,-47.37888861711333,0.10015815546447111,120000,-47.55142166123532,-47.132777943259526
KR6SH0005170,48638,3,True,STEP no-KI,coupon_regular,-0.0025,0.975906004895285,-23.689444308556784,0.050079077732235515,120000,-23.775710830617776,-23.566388971629884
KR6SH0005170,48638,4,True,STEP no-KI,coupon_regular,-0.001,0.9773273715537983,-9.475777723422883,0.02003163109289345,120000,-9.510284332247279,-9.426555588652125
KR6SH0005170,48638,5,True,STEP no-KI,coupon_regular,0.001,0.9792225270984828,9.475777723423061,0.020031631092894065,120000,9.426555588652299,9.510284332247458
KR6SH0005170,48638,6,True,STEP no-KI,coupon_regular,0.0025,0.9806438937569965,23.689444308556528,0.05007907773223535,120000,23.56638897162962,23.77571083061752
KR6SH0005170,48638,7,True,STEP no-KI,coupon_regular,0.005,0.9830128381878522,47.37888861711486,0.10015815546446913,120000,47.13277794326106,47.551421661236844
KR6SH0005170,48638,8,True,STEP no-KI,coupon_regular,0.01,0.9877507270495636,94.75777723422829,0.2003163109289402,120000,94.26555588652067,95.10284332247227
KR6SH0005170,48638,9,True,STEP no-KI,first_strike,-0.05,0.9846811482604976,64.06198934357018,1.8943215427067837,19453,62.51055527196196,65.63298578965637
KR6SH0005170,48638,10,True,STEP no-KI,first_strike,-0.025,0.9812367698621032,29.618205359625772,1.3151393384742647,10499,26.135240011581562,31.77259773753269
KR6SH0005170,48638,11,True,STEP no-KI,first_strike,-0.01,0.9793944862827975,11.195369566569846,0.813048403337716,4464,9.29526369836951,12.17476625331226
KR6SH0005170,48638,12,True,STEP no-KI,first_strike,-0.005,0.9788262186711322,5.512693449914158,0.5718241875068362,2278,4.729242084222917,6.158505975116931
KR6SH0005170,48638,13,True,STEP no-KI,first_strike,0.005,0.977775615612514,-4.993337136265226,0.5748612007102957,2337,-6.000621418382722,-4.206166711182237
KR6SH0005170,48638,14,True,STEP no-KI,first_strike,0.01,0.9773869796647304,-8.879696614101602,0.7755167213467353,4629,-9.870863530751704,-7.841689579228351
KR6SH0005170,48638,15,True,STEP no-KI,first_strike,0.025,0.9761897309740201,-20.852183521206857,1.1973326326376013,11803,-22.330874668873633,-18.63346850096727
KR6SH0005170,48638,16,True,STEP no-KI,first_strike,0.05,0.9749841292602711,-32.908200658696074,1.58326039562976,24337,-35.49253024731952,-31.1627701218116
KR6SH0005170,48638,17,True,STEP no-KI,last_strike,-0.05,0.9837685517388937,54.93602412753096,1.2338741497872412,1953,52.12721339111458,57.15725727893295
KR6SH0005170,48638,18,True,STEP no-KI,last_strike,-0.025,0.9807799762861826,25.050269600421082,0.8215328048490337,923,22.148963486024947,26.6515581316064
KR6SH0005170,48638,19,True,STEP no-KI,last_strike,-0.01,0.9793068563679852,10.319070418446847,0.523044049990512,388,8.692472487330669,11.483858689624487
KR6SH0005170,48638,20,True,STEP no-KI,last_strike,-0.005,0.9788377356257324,5.627862995917768,0.38527749825269286,213,4.834601719997755,6.498221769938048
KR6SH0005170,48638,21,True,STEP no-KI,last_strike,0.005,0.9777877948017951,-4.871545243455229,0.35596985800917536,187,-5.704268736833229,-4.066500155679504
KR6SH0005170,48638,22,True,STEP no-KI,last_strike,0.01,0.9773129681173549,-9.61981208785644,0.49801081053296536,372,-10.24824280579844,-9.301275023793899
KR6SH0005170,48638,23,True,STEP no-KI,last_strike,0.025,0.9760340244531576,-22.409248729830338,0.750669513329066,885,-23.033661119036644,-21.504294132071347
KR6SH0005170,48638,24,True,STEP no-KI,last_strike,0.05,0.9741699407793054,-41.05008546835139,0.9954690953927812,1680,-44.02105704803524,-38.513121224528305
KR6BK0000L86,48799,0,False,STEP no-KI,base,0.0,1.0021470221522488,0.0,0.0,0,0.0,0.0
KR6BK0000L86,48799,1,False,STEP no-KI,coupon_regular,-0.01,0.9965829189968907,-55.64103155358421,0.07519075162987482,118650,-55.690908670989984,-55.57085438767447
KR6BK0000L86,48799,2,False,STEP no-KI,coupon_regular,-0.005,0.99936497057457,-27.820515776791304,0.037595375814938804,118650,-27.84545433549419,-27.785427193836437
KR6BK0000L86,48799,3,False,STEP no-KI,coupon_regular,-0.0025,1.0007559963634094,-13.91025788839469,0.018797687907470436,118650,-13.922727167746135,-13.892713596917257
KR6BK0000L86,48799,4,False,STEP no-KI,coupon_regular,-0.001,1.0015906118367133,-5.564103155357199,0.007519075162989192,118650,-5.569090867097776,-5.557085438766227
KR6BK0000L86,48799,5,False,STEP no-KI,coupon_regular,0.001,1.002703432467785,5.564103155358972,0.007519075162986757,118650,5.557085438767996,5.5690908670995505
KR6BK0000L86,48799,6,False,STEP no-KI,coupon_regular,0.0025,1.0035380479410887,13.910257888396464,0.01879768790746789,118650,13.892713596919025,13.922727167747908
KR6BK0000L86,48799,7,False,STEP no-KI,coupon_regular,0.005,1.0049290737299286,27.820515776792877,0.0375953758149353,118650,27.785427193838004,27.845454335495766
KR6BK0000L86,48799,8,False,STEP no-KI,coupon_regular,0.01,1.0077111253076074,55.641031553584014,0.07519075162987358,118650,55.570854387674274,55.69090867098979
KR6BK0000L86,48799,9,False,STEP no-KI,first_strike,-0.05,1.0044399299789852,22.929078267365515,1.1400395798392335,10286,21.72543745597641,23.63769640476495
KR6BK0000L86,48799,10,False,STEP no-KI,first_strike,-0.025,1.0031954289353429,10.484067830940115,0.8033564409601001,6465,9.188679165761267,11.806515393369953
KR6BK0000L86,48799,11,False,STEP no-KI,first_strike,-0.01,1.002512730797696,3.657086454471158,0.49151174906874145,2919,2.557004159996141,4.7627728114614225
KR6BK0000L86,48799,12,False,STEP no-KI,first_strike,-0.005,1.0023060505549588,1.5902840271014422,0.3308827579061147,1484,1.3015219590815026,1.881106260126633
KR6BK0000L86,48799,13,False,STEP no-KI,first_strike,0.005,1.0019597245124925,-1.8729763975636662,0.3595297591670093,1629,-2.3838104922288577,-1.3815042404793028
KR6BK0000L86,48799,14,False,STEP no-KI,first_strike,0.01,1.0018278793535893,-3.1914279865938844,0.48627706703803286,3456,-4.451745975643492,-2.4308548145475113
KR6BK0000L86,48799,15,False,STEP no-KI,first_strike,0.025,1.001455744190481,-6.9127796176776535,0.749335621791966,9685,-8.814565291965646,-5.925782508777919
KR6BK0000L86,48799,16,False,STEP no-KI,first_strike,0.05,1.0011957721914062,-9.512499608428735,0.993423219739181,22244,-11.604885830613377,-8.010216586205708
KR6BK0000L86,48799,17,False,STEP no-KI,last_strike,-0.05,1.0036563910105958,15.093688583467806,0.7774654305054649,376,14.087394675540473,15.663632537830825
KR6BK0000L86,48799,18,False,STEP no-KI,last_strike,-0.025,1.002795758048124,6.487358958752048,0.5032188408578865,166,6.094174318587459,6.7991630133017456
KR6BK0000L86,48799,19,False,STEP no-KI,last_strike,-0.01,1.0024128852867547,2.658631345058344,0.31997528176728923,69,2.543832575245034,2.775557635122489
KR6BK0000L86,48799,20,False,STEP no-KI,last_strike,-0.005,1.002285125288087,1.3810313583821425,0.23013898005120803,36,1.265458739341356,1.4981768832189406
KR6BK0000L86,48799,21,False,STEP no-KI,last_strike,0.005,1.0019951430786973,-1.5187907355150507,0.2401038890572903,40,-1.7084041056091435,-1.2515119982785055
KR6BK0000L86,48799,22,False,STEP no-KI,last_strike,0.01,1.0018597535008051,-2.8726865144383424,0.32942201816338096,76,-3.056189662029702,-2.6106587987866052
KR6BK0000L86,48799,23,False,STEP no-KI,last_strike,0.025,1.001491377331542,-6.556448207067472,0.49390599991076617,176,-7.247667180235915,-6.039901637838203
KR6BK0000L86,48799,24,False,STEP no-KI,last_strike,0.05,1.0010942342200133,-10.527879322354918,0.6198673857790108,288,-11.08035383239175,-9.456703396424697
KR6SY0002NQ5,49118,0,False,STEP KI,base,0.0,1.0072554004650558,0.0,0.0,0,0.0,0.0
KR6SY0002NQ5,49118,1,False,STEP KI,coupon_regular,-0.01,1.000823878463613,-64.3152200144241,0.1413736106574322,118973,-64.53192254399949,-64.13422065731433
KR6SY0002NQ5,49118,2,False,STEP KI,coupon_regular,-0.005,1.0040396394643343,-32.15761000721097,0.07068680532871635,118973,-32.26596127199866,-32.067110328656085
KR6SY0002NQ5,49118,3,False,STEP KI,coupon_regular,-0.0025,1.005647519964695,-16.07880500360559,0.03534340266435921,118973,-16.132980635999438,-16.03355516432815
KR6SY0002NQ5,49118,4,False,STEP KI,coupon_regular,-0.001,1.0066122482649116,-6.431522001441773,0.014137361065744364,118973,-6.453192254399314,-6.413422065730797
KR6SY0002NQ5,49118,5,False,STEP KI,coupon_regular,0.001,1.0078985526651998,6.4315220014437,0.014137361065741039,118973,6.413422065732726,6.4531922544012374
KR6SY0002NQ5,49118,6,False,STEP KI,coupon_regular,0.0025,1.0088632809654163,16.078805003607574,0.03534340266435665,118973,16.03355516433014,16.132980636001417
KR6SY0002NQ5,49118,7,False,STEP KI,coupon_regular,0.005,1.0104711614657769,32.157610007213044,0.0706868053287149,118973,32.067110328658174,32.26596127200074
KR6SY0002NQ5,49118,8,False,STEP KI,coupon_regular,0.01,1.0136869224664984,64.31522001442794,0.14137361065742773,118973,64.13422065731817,64.53192254400332
KR6SY0002NQ5,49118,9,False,STEP KI,ki_barrier,-0.05,1.0103652443993871,31.098439343315636,1.2276731775524639,641,30.561503561771076,31.70664482474939
KR6SY0002NQ5,49118,10,False,STEP KI,ki_barrier,-0.025,1.009071582025916,18.161815608602296,0.9308922544021717,381,17.703375539277797,18.442429838012742
KR6SY0002NQ5,49118,11,False,STEP KI,ki_barrier,-0.01,1.0080496264605494,7.942259954937179,0.613499437403818,168,7.844600367554232,8.112043788275734
KR6SY0002NQ5,49118,12,False,STEP KI,ki_barrier,-0.005,1.0076523625425877,3.9696207753206636,0.43349116230441753,84,3.659194739894225,4.137543995990339
KR6SY0002NQ5,49118,13,False,STEP KI,ki_barrier,0.005,1.006865007974546,-3.9039249050961073,0.42694753880762465,84,-4.925879877666216,-3.0553382835853293
KR6SY0002NQ5,49118,14,False,STEP KI,ki_barrier,0.01,1.0064725872858697,-7.828131791859997,0.6031905810676819,169,-8.803435832329995,-7.1944106219562505
KR6SY0002NQ5,49118,15,False,STEP KI,ki_barrier,0.025,1.0051419505036394,-21.134499614162095,0.9807241627387913,465,-22.77135816236463,-18.336019170166708
KR6SY0002NQ5,49118,16,False,STEP KI,ki_barrier,0.05,1.002645070493996,-46.10329971059652,1.4279340114618173,1039,-49.5098678082686,-43.211740860508826
KR6SY0002NQ5,49118,17,False,STEP KI,first_strike,-0.05,1.0079019086680354,6.465082029797627,1.1194771410185924,10870,5.244241933712501,7.381391626833359
KR6SY0002NQ5,49118,18,False,STEP KI,first_strike,-0.025,1.0074059980176617,1.5059755260598247,0.7878079490975752,6629,0.8783424215980121,2.453706614423216
KR6SY0002NQ5,49118,19,False,STEP KI,first_strike,-0.01,1.0072495588452124,-0.05841619843231233,0.48899856467701647,2980,-0.6914792432114194,0.48319756315423085
KR6SY0002NQ5,49118,20,False,STEP KI,first_strike,-0.005,1.0072275264042831,-0.27874060772470327,0.32697889958730575,1514,-0.8157837913075124,0.033411520612168844
KR6SY0002NQ5,49118,21,False,STEP KI,first_strike,0.005,1.00726252029477,0.07119829714562916,0.3621131517122066,1698,-0.9876877383529722,0.6957872852104672
KR6SY0002NQ5,49118,22,False,STEP KI,first_strike,0.01,1.0072902669645085,0.3486649945280867,0.5032804418598492,3515,-0.09965981503240084,1.1849684706682637
KR6SY0002NQ5,49118,23,False,STEP KI,first_strike,0.025,1.007430427213974,1.750267489183503,0.784866803091083,9493,0.6420390305757471,3.6717962217664017
KR6SY0002NQ5,49118,24,False,STEP KI,first_strike,0.05,1.0078826351455776,6.2723468052211775,1.0880491479616645,21634,4.5962175736974125,9.118887680466825
KR6SY0002NQ5,49118,25,False,STEP KI,last_strike,-0.05,1.0073044768667463,0.4907640169061576,0.13614129971302033,13,0.343767189208674,0.6796216452908459
KR6SY0002NQ5,49118,26,False,STEP KI,last_strike,-0.025,1.0072626145880512,0.07214122995479098,0.05101167185489082,2,0.0,0.10860196292968619
KR6SY0002NQ5,49118,27,False,STEP KI,last_strike,-0.01,1.0072554004650558,0.0,0.0,0,0.0,0.0
KR6SY0002NQ5,49118,28,False,STEP KI,last_strike,-0.005,1.0072554004650558,0.0,0.0,0,0.0,0.0
KR6SY0002NQ5,49118,29,False,STEP KI,last_strike,0.005,1.0072518923659148,-0.03508099140905554,0.03508099140905554,1,-0.10524297422716661,0.0
KR6SY0002NQ5,49118,30,False,STEP KI,last_strike,0.01,1.0072518923659148,-0.03508099140905554,0.03508099140905554,1,-0.10524297422716661,0.0
KR6SY0002NQ5,49118,31,False,STEP KI,last_strike,0.025,1.0072518923659148,-0.03508099140905554,0.03508099140905554,1,-0.10524297422716661,0.0
KR6SY0002NQ5,49118,32,False,STEP KI,last_strike,0.05,1.0072485816954824,-0.06818769573183894,0.04823598731511179,2,-0.10524297422716661,0.0
KR6KS0004D75,49908,0,True,STEP no-KI,base,0.0,1.0065538480093965,0.0,0.0,0,0.0,0.0
KR6KS0004D75,49908,1,True,STEP no-KI,coupon_regular,-0.01,1.0008185976806485,-57.3525032874784,0.08645614461435498,120000,-57.50099123972079,-57.14699807152294
KR6KS0004D75,49908,2,True,STEP no-KI,coupon_regular,-0.005,1.0036862228450223,-28.676251643738183,0.04322807230717827,120000,-28.750495619859386,-28.573499035760452
KR6KS0004D75,49908,3,True,STEP no-KI,coupon_regular,-0.0025,1.0051200354272094,-14.338125821869099,0.02161403615358928,120000,-14.3752478099297,-14.286749517880233
KR6KS0004D75,49908,4,True,STEP no-KI,coupon_regular,-0.001,1.0059803229765214,-5.7352503287468295,0.008645614461436173,120000,-5.75009912397107,-5.714699807151282
KR6KS0004D75,49908,5,True,STEP no-KI,coupon_regular,0.001,1.007127373042271,5.735250328748769,0.008645614461434395,120000,5.714699807153223,5.7500991239730075
KR6KS0004D75,49908,6,True,STEP no-KI,coupon_regular,0.0025,1.0079876605915834,14.338125821871134,0.021614036153587677,120000,14.28674951788227,14.375247809931732
KR6KS0004D75,49908,7,True,STEP no-KI,coupon_regular,0.005,1.0094214731737703,28.676251643740233,0.04322807230717695,120000,28.573499035762502,28.750495619861432
KR6KS0004D75,49908,8,True,STEP no-KI,coupon_regular,0.01,1.012289098338144,57.35250328747842,0.08645614461435512,120000,57.14699807152296,57.50099123972082
KR6KS0004D75,49908,9,True,STEP no-KI,first_strike,-0.05,1.0080917380517178,15.37890042321374,0.9008976437936895,8246,14.425302231347663,16.711358020745415
KR6KS0004D75,49908,10,True,STEP no-KI,first_strike,-0.025,1.007358230296716,8.043822873193161,0.6705072860630131,5317,7.172407233483899,9.322608840011139
KR6KS0004D75,49908,11,True,STEP no-KI,first_strike,-0.01,1.0068590965487902,3.0524853939387304,0.43663462081255905,2463,2.4051887862081225,3.7139020427505116
KR6KS0004D75,49908,12,True,STEP no-KI,first_strike,-0.005,1.0067009514100567,1.4710340066013519,0.30723205275502236,1292,1.071545828249876,1.97589315367815
KR6KS0004D75,49908,13,True,STEP no-KI,first_strike,0.005,1.0064706798243936,-0.8316818500286187,0.27340426857396194,1402,-1.0732497114157278,-0.5761322261067305
KR6KS0004D75,49908,14,True,STEP no-KI,first_strike,0.01,1.0062899617298182,-2.638862795784391,0.43060530555699067,2966,-3.2143677769233547,-2.0802239252918593
KR6KS0004D75,49908,15,True,STEP no-KI,first_strike,0.025,1.0059768580113226,-5.769899980739187,0.6766196902518912,8383,-6.620801875177232,-4.595117228389615
KR6KS0004D75,49908,16,True,STEP no-KI,first_strike,0.05,1.0058799853069742,-6.738627024222554,0.9126455473664896,20089,-7.110692570704469,-6.063711492301801
KR6KS0004D75,49908,17,True,STEP no-KI,last_strike,-0.05,1.0077064286180675,11.525806086709366,0.5659263695513435,414,11.269753670376323,11.938018578930905
KR6KS0004D75,49908,18,True,STEP no-KI,last_strike,-0.025,1.0070603186701739,5.064706607775097,0.36818634561522223,189,4.7359473824707585,5.395375322196232
KR6KS0004D75,49908,19,True,STEP no-KI,last_strike,-0.01,1.00676136023047,2.075122210733661,0.23340016549352216,79,1.8904947112907944,2.2105130126616435
KR6KS0004D75,49908,20,True,STEP no-KI,last_strike,-0.005,1.0066503614621958,0.9651345279931588,0.15864438321180846,37,0.8597680922933051,1.1737659440026795
KR6KS0004D75,49908,21,True,STEP no-KI,last_strike,0.005,1.0064639037343568,-0.8994427503965652,0.1520133608792213,35,-1.0022496212699417,-0.770658769911057
KR6KS0004D75,49908,22,True,STEP no-KI,last_strike,0.01,1.0063752535459936,-1.7859446340297325,0.21340743990421496,70,-1.9142279437411032,-1.6049339738414665
KR6KS0004D75,49908,23,True,STEP no-KI,last_strike,0.025,1.0061171709417618,-4.366770676347951,0.32993525201340385,175,-4.712432824029708,-3.8291603308571824
KR6KS0004D75,49908,24,True,STEP no-KI,last_strike,0.05,1.0057392920422321,-8.14555967164253,0.4428458662833098,338,-8.469694107834584,-7.743941608926212
KR6MD00057W7,50113,0,False,STEP no-KI,base,0.0,1.0052382008174687,0.0,0.0,0,0.0,0.0
KR6MD00057W7,50113,1,False,STEP no-KI,coupon_regular,-0.01,1.000164317667291,-50.738831501775444,0.04577471470591437,119551,-50.79714100289988,-50.70104770655604
KR6MD00057W7,50113,2,False,STEP no-KI,coupon_regular,-0.005,1.0027012592423792,-25.369415750888784,0.0228873573529566,119551,-25.39857050145101,-25.350523853279093
KR6MD00057W7,50113,3,False,STEP no-KI,coupon_regular,-0.0025,1.003969730029924,-12.68470787544332,0.011443678676478964,119551,-12.69928525072443,-12.675261926638466
KR6MD00057W7,50113,4,False,STEP no-KI,coupon_regular,-0.001,1.0047308125024508,-5.073883150176894,0.004577471470591771,119551,-5.07971410028934,-5.070104770654956
KR6MD00057W7,50113,5,False,STEP no-KI,coupon_regular,0.001,1.0057455891324858,5.073883150176902,0.004577471470591613,119551,5.070104770654963,5.079714100289346
KR6MD00057W7,50113,6,False,STEP no-KI,coupon_regular,0.0025,1.0065066716050128,12.684707875445492,0.01144367867647813,119551,12.675261926640644,12.699285250726604
KR6MD00057W7,50113,7,False,STEP no-KI,coupon_regular,0.005,1.0077751423925574,25.36941575088881,0.02288735735295685,119551,25.350523853279114,25.398570501451033
KR6MD00057W7,50113,8,False,STEP no-KI,coupon_regular,0.01,1.0103120839676463,50.73883150177979,0.04577471470591323,119551,50.70104770656039,50.79714100290424
KR6MD00057W7,50113,9,False,STEP no-KI,first_strike,-0.05,1.006505431071172,12.672302537035003,0.7837570413532897,2302,10.612773284206916,14.620950952186652
KR6MD00057W7,50113,10,False,STEP no-KI,first_strike,-0.025,1.0060756654991174,8.374646816489829,0.6371331639245452,1609,7.495105270628664,9.178692757040729
KR6MD00057W7,50113,11,False,STEP no-KI,first_strike,-0.01,1.0056000200411945,3.6181922372620243,0.42345198672599066,812,2.4347371137463902,4.440156993636615
KR6MD00057W7,50113,12,False,STEP no-KI,first_strike,-0.005,1.0054188737129717,1.8067289550320238,0.2983277261407981,444,1.5091895912658757,2.2676852086902226
KR6MD00057W7,50113,13,False,STEP no-KI,first_strike,0.005,1.0049768750805845,-2.6132573688417042,0.3525892825208279,508,-3.2717617946547146,-1.8788323401295786
KR6MD00057W7,50113,14,False,STEP no-KI,first_strike,0.01,1.0047693488062615,-4.6885201120719335,0.4781557482086395,1056,-5.40062514200435,-3.7472118285670657
KR6MD00057W7,50113,15,False,STEP no-KI,first_strike,0.025,1.0040576864404334,-11.805143770351458,0.7680090992672592,3143,-13.140675897119923,-9.829926886451451
KR6MD00057W7,50113,16,False,STEP no-KI,first_strike,0.05,1.002557930288579,-26.802705288894167,1.166648986731971,8573,-28.65107578992934,-24.33364420407917
KR6MD00057W7,50113,17,False,STEP no-KI,last_strike,-0.05,1.0057467568261806,5.085560087122091,0.4476620044668891,129,4.9743218811806855,5.2022910391978545
KR6MD00057W7,50113,18,False,STEP no-KI,last_strike,-0.025,1.0054692536463854,2.3105282891684307,0.2982428201237852,60,2.085055550690634,2.5408600641599106
KR6MD00057W7,50113,19,False,STEP no-KI,last_strike,-0.01,1.0053254669254417,0.8726610797326755,0.18194796965666007,23,0.6820235240211231,1.139520942053156
KR6MD00057W7,50113,20,False,STEP no-KI,last_strike,-0.005,1.0052873481021107,0.4914728464216646,0.13630372646038685,13,0.4535532346979815,0.5668186066058554
KR6MD00057W7,50113,21,False,STEP no-KI,last_strike,0.005,1.0051746602862068,-0.6354053126163139,0.15409886708696555,17,-0.6729602738647165,-0.5610908597424695
KR6MD00057W7,50113,22,False,STEP no-KI,last_strike,0.01,1.0051487211415264,-0.8947967594212752,0.18263429960300773,24,-1.0057707679465182,-0.783411262810976
KR6MD00057W7,50113,23,False,STEP no-KI,last_strike,0.025,1.0049889061742927,-2.4929464317585714,0.30226221469242265,68,-2.852798392990437,-2.0932869056743053
KR6MD00057W7,50113,24,False,STEP no-KI,last_strike,0.05,1.0048213436192057,-4.1685719826269585,0.3870104776240233,116,-4.417370016629925,-3.7700305149685813
KR6KB0005T34,50153,0,False,LIZARD KI,base,0.0,1.0012374152567622,0.0,0.0,0,0.0,0.0
KR6KB0005T34,50153,1,False,LIZARD KI,coupon_regular,-0.01,0.9974220210615442,-38.153941952180425,0.12189953251485804,78254,-38.344809744653205,-37.86664459392601
KR6KB0005T34,50153,2,False,LIZARD KI,coupon_regular,-0.005,0.9993297181591534,-19.07697097608954,0.060949766257428505,78254,-19.172404872325934,-18.93332229696233
KR6KB0005T34,50153,3,False,LIZARD KI,coupon_regular,-0.0025,1.0002835667079577,-9.538485488045454,0.030474883128714915,78254,-9.586202436163651,-9.466661148481851
KR6KB0005T34,50153,4,False,LIZARD KI,coupon_regular,-0.001,1.0008558758372408,-3.8153941952179102,0.012189953251485384,78254,-3.83448097446519,-3.786664459392468
KR6KB0005T34,50153,5,False,LIZARD KI,coupon_regular,0.001,1.0016189546762841,3.8153941952179293,0.012189953251486115,78254,3.786664459392487,3.8344809744652064
KR6KB0005T34,50153,6,False,LIZARD KI,coupon_regular,0.0025,1.0021912638055666,9.538485488044092,0.03047488312871376,78254,9.46666114848049,9.586202436162285
KR6KB0005T34,50153,7,False,LIZARD KI,coupon_regular,0.005,1.003145112354371,19.07697097608956,0.06094976625742885,78254,18.933322296962352,19.172404872325952
KR6KB0005T34,50153,8,False,LIZARD KI,coupon_regular,0.01,1.0050528094519802,38.15394195217912,0.1218995325148577,78254,37.866644593924704,38.344809744651904
KR6KB0005T34,50153,9,False,LIZARD KI,ki_barrier,-0.05,1.0044861346451732,32.48719388411128,1.2599544838349759,665,32.04629532931665,32.93686048734543
KR6KB0005T34,50153,10,False,LIZARD KI,ki_barrier,-0.025,1.0026264005669758,13.889853102136168,0.819541746444215,288,13.776139418100186,14.088683727125767
KR6KB0005T34,50153,11,False,LIZARD KI,ki_barrier,-0.01,1.0017785280127793,5.411127560169929,0.5099719110379836,113,5.0928843056637385,6.023499758303778
KR6KB0005T34,50153,12,False,LIZARD KI,ki_barrier,-0.005,1.0015384281113051,3.0101285454277935,0.3800505754098805,63,2.465433829980457,3.7159675127670146
KR6KB0005T34,50153,13,False,LIZARD KI,ki_barrier,0.005,1.0009979583556303,-2.3945690113190037,0.33601161994246875,51,-2.956915611449511,-2.0915062200277967
KR6KB0005T34,50153,14,False,LIZARD KI,ki_barrier,0.01,1.0007564906298378,-4.80924626924397,0.4747354026212357,103,-5.350047537653193,-4.532971950832347
KR6KB0005T34,50153,15,False,LIZARD KI,ki_barrier,0.025,1.0001053502834787,-11.320649732834331,0.7256619755756556,244,-11.91241589097335,-10.476198593965961
KR6KB0005T34,50153,16,False,LIZARD KI,ki_barrier,0.05,0.9993551668066788,-18.822484500833802,0.9321631607881025,408,-20.71348928569506,-17.42337656057286
KR6KB0005T34,50153,17,False,LIZARD KI,first_strike,-0.05,1.0013038857371348,0.6647048037255957,0.2955290806173284,829,-0.25802715196127635,1.4549341087067766
KR6KB0005T34,50153,18,False,LIZARD KI,first_strike,-0.025,1.0012434129919228,0.05997735160497435,0.15347297693979436,333,-0.10850349763083432,0.3800882303339442
KR6KB0005T34,50153,19,False,LIZARD KI,first_strike,-0.01,1.0012343567868758,-0.030584698865173787,0.07843346307505453,113,-0.15777153683723744,0.20194214513358438
KR6KB0005T34,50153,20,False,LIZARD KI,first_strike,-0.005,1.001236127620499,-0.012876362632651572,0.05297778216972776,57,-0.08996215365424504,0.11699385323860927
KR6KB0005T34,50153,21,False,LIZARD KI,first_strike,0.005,1.001242378967586,0.04963710823754408,0.00862983952773196,41,0.039396472489391376,0.060414799287201504
KR6KB0005T34,50153,22,False,LIZARD KI,first_strike,0.01,1.0012482959963844,0.10880739622136507,0.013020312208428886,88,0.09834564354777858,0.12082959857440301
KR6KB0005T34,50153,23,False,LIZARD KI,first_strike,0.025,1.001260294156267,0.22878899504900205,0.01850909768875957,189,0.19683682477125705,0.24645469080789792
KR6KB0005T34,50153,24,False,LIZARD KI,first_strike,0.05,1.0012592640969136,0.21848840151253324,0.09650691874655445,323,0.1928044974356998,0.24527871028289688
KR6KB0005T34,50153,25,False,LIZARD KI,last_strike,-0.05,1.0022640724017557,10.266571449935507,0.6678348041800556,236,9.400459978357723,11.359282636797001
KR6KB0005T34,50153,26,False,LIZARD KI,last_strike,-0.025,1.0016272045041652,3.897892474030803,0.4062548474392817,92,3.6901655325110974,4.196985869982787
KR6KB0005T34,50153,27,False,LIZARD KI,last_strike,-0.01,1.0013628512914325,1.254360346703618,0.22898871005833246,30,1.1271345568716693,1.381884115435623
KR6KB0005T34,50153,28,False,LIZARD KI,last_strike,-0.005,1.0012831662485269,0.45750991764504617,0.1379390154792864,11,0.3743213299546213,0.49992224339047486
KR6KB0005T34,50153,29,False,LIZARD KI,last_strike,0.005,1.0011755630700683,-0.6185218669398086,0.15969285948399,15,-0.9907158847061662,-0.370416925407469
KR6KB0005T34,50153,30,False,LIZARD KI,last_strike,0.01,1.0010735211264408,-1.6389413032150428,0.25910137447585374,40,-2.0931795582277206,-1.1053947844620224
KR6KB0005T34,50153,31,False,LIZARD KI,last_strike,0.025,1.000788893488444,-4.485217683183001,0.42555808842071724,111,-5.0968465095761974,-3.8698141005969013
KR6KB0005T34,50153,32,False,LIZARD KI,last_strike,0.05,1.0004375649526729,-7.998503040893639,0.5624954335194676,202,-8.560131341660666,-7.61845431396533
KR6KS0004KK9,50720,0,False,STEP KI,base,0.0,0.999077904287686,0.0,0.0,0,0.0,0.0
KR6KS0004KK9,50720,1,False,STEP KI,coupon_regular,-0.01,0.9894989286316166,-95.7897565606925,0.19904025098444905,112780,-95.98227783896176,-95.68065268220168
KR6KS0004KK9,50720,2,False,STEP KI,coupon_regular,-0.005,0.9942884164596512,-47.8948782803463,0.09952012549222518,112780,-47.99113891948093,-47.840326341100905
KR6KS0004KK9,50720,3,False,STEP KI,coupon_regular,-0.0025,0.9966831603736684,-23.947439140173575,0.049760062746112284,112780,-23.995569459740896,-23.92016317055088
KR6KS0004KK9,50720,4,False,STEP KI,coupon_regular,-0.001,0.9981200067220789,-9.578975656069563,0.01990402509844422,112780,-9.59822778389649,-9.568065268220483
KR6KS0004KK9,50720,5,False,STEP KI,coupon_regular,0.001,1.0000358018532929,9.578975656069435,0.01990402509844237,112780,9.56806526822035,9.598227783896363
KR6KS0004KK9,50720,6,False,STEP KI,coupon_regular,0.0025,1.0014726482017033,23.947439140172424,0.04976006274611057,112780,23.920163170549728,23.995569459739748
KR6KS0004KK9,50720,7,False,STEP KI,coupon_regular,0.005,1.0038673921157206,47.89487828034693,0.09952012549222143,112780,47.840326341101544,47.99113891948158
KR6KS0004KK9,50720,8,False,STEP KI,coupon_regular,0.01,1.0086568799437554,95.789756560693,0.19904025098444583,112780,95.68065268220222,95.98227783896229
KR6KS0004KK9,50720,9,False,STEP KI,ki_barrier,-0.05,1.0142456375826219,151.67733294935863,2.832577137544364,2825,141.0066371869791,159.43876142366912
KR6KS0004KK9,50720,10,False,STEP KI,ki_barrier,-0.025,1.0071688105003744,80.90906212688576,2.0606091738500054,1535,75.880304939819,86.13940842162776
KR6KS0004KK9,50720,11,False,STEP KI,ki_barrier,-0.01,1.0024932016775132,34.152973898273224,1.339284410782947,652,31.07096923804346,35.94081476386016
KR6KS0004KK9,50720,12,False,STEP KI,ki_barrier,-0.005,1.0006947015694059,16.167972817200685,0.9209894342732377,310,13.53078998074092,17.64728241631822
KR6KS0004KK9,50720,13,False,STEP KI,ki_barrier,0.005,0.997454634700672,-16.23269587013853,0.916036957073701,316,-17.99914797847122,-14.797131510387365
KR6KS0004KK9,50720,14,False,STEP KI,ki_barrier,0.01,0.9958940413585176,-31.838629291683564,1.279140208345289,622,-34.43934340493155,-28.473826196208456
KR6KS0004KK9,50720,15,False,STEP KI,ki_barrier,0.025,0.9910996774294047,-79.78226858281131,2.0045238304382225,1578,-82.77453507224126,-74.78001076615288
KR6KS0004KK9,50720,16,False,STEP KI,ki_barrier,0.05,0.9840642360881969,-150.13668199488873,2.7133657328076954,3012,-153.3411595468487,-146.6284518431636
KR6KS0004KK9,50720,17,False,STEP KI,first_strike,-0.05,0.9984466338138213,-6.312704738646555,1.4869904241185392,23558,-10.255942176304439,-1.3842926665429265
KR6KS0004KK9,50720,18,False,STEP KI,first_strike,-0.025,0.9984732016925195,-6.04702595166131,0.9539538792354968,11745,-8.163964946171603,-4.035107459985773
KR6KS0004KK9,50720,19,False,STEP KI,first_strike,-0.01,0.9987413085353959,-3.3659575228995253,0.5436191364520454,4650,-3.5048209625614035,-3.2498997864114223
KR6KS0004KK9,50720,20,False,STEP KI,first_strike,-0.005,0.9988480654313897,-2.2983885629612097,0.3428075652534873,2312,-2.9435331884611093,-1.7424454094657666
KR6KS0004KK9,50720,21,False,STEP KI,first_strike,0.005,0.9991494526445227,0.7154835683676326,0.42922298872377096,2307,0.19166738067224331,1.0862517975780501
KR6KS0004KK9,50720,22,False,STEP KI,first_strike,0.01,0.9993577646517462,2.798603640602903,0.5383476575850332,4537,2.4490570557311866,2.999037288032227
KR6KS0004KK9,50720,23,False,STEP KI,first_strike,0.025,0.9998865754413255,8.086711536396198,0.7952263083586195,11183,7.257806577079016,8.906510153709135
KR6KS0004KK9,50720,24,False,STEP KI,first_strike,0.05,1.0007065189327273,16.286146450412815,1.0360824854699577,20888,14.767695478447381,18.369217015103494
KR6KS0004KK9,50720,25,False,STEP KI,last_strike,-0.05,0.9996494349394299,5.715306517441581,0.48640131291707256,138,5.4446013886682945,5.995782919041739
KR6KS0004KK9,50720,26,False,STEP KI,last_strike,-0.025,0.9992871874301538,2.0928314246795856,0.29019277159134094,52,1.9348032438705682,2.2919227115482923
KR6KS0004KK9,50720,27,False,STEP KI,last_strike,-0.01,0.9991651191718568,0.8721488417101562,0.18592947554041372,22,0.5931666805105458,1.0691214692228144
KR6KS0004KK9,50720,28,False,STEP KI,last_strike,-0.005,0.9991133545330563,0.35450245370360883,0.11816364677220345,9,0.11822889979807683,0.5909306536403409
KR6KS0004KK9,50720,29,False,STEP KI,last_strike,0.005,0.9990193375655603,-0.5856672212553583,0.1512103918113597,15,-0.8190482381162882,-0.23396937072649934
KR6KS0004KK9,50720,30,False,STEP KI,last_strike,0.01,0.9989768096736237,-1.0109461406208746,0.1982452363894963,26,-1.283712338505664,-0.6982256021991557
KR6KS0004KK9,50720,31,False,STEP KI,last_strike,0.025,0.9988781766007028,-1.9972768698315075,0.27694170101407817,52,-2.6448441018706608,-1.6138097703134968
KR6KS0004KK9,50720,32,False,STEP KI,last_strike,0.05,0.9987254061185084,-3.524981691774756,0.36360374797590067,94,-4.061678161509737,-3.027556304958376
KR6SH0005NM2,50939,0,False,LIZARD no-KI,base,0.0,1.004518545574919,0.0,0.0,0,0.0,0.0
KR6SH0005NM2,50939,1,False,LIZARD no-KI,coupon_regular,-0.01,0.9994955991003531,-50.22946474566065,0.08112948930897124,111515,-50.28272203556871,-50.14328113028417
KR6SH0005NM2,50939,2,False,LIZARD no-KI,coupon_regular,-0.005,1.002007072337636,-25.114732372831217,0.040564744654485244,111515,-25.141361017785247,-25.07164056514299
KR6SH0005NM2,50939,3,False,LIZARD no-KI,coupon_regular,-0.0025,1.0032628089562776,-12.557366186413663,0.020282372327242913,111515,-12.570680508890682,-12.53582028256954
KR6SH0005NM2,50939,4,False,LIZARD no-KI,coupon_regular,-0.001,1.0040162509274626,-5.022946474566223,0.00811294893089717,111515,-5.0282722035570275,-5.014328113028579
KR6SH0005NM2,50939,5,False,LIZARD no-KI,coupon_regular,0.001,1.005020840222376,5.022946474566294,0.008112948930897158,111515,5.014328113028645,5.028272203557101
KR6SH0005NM2,50939,6,False,LIZARD no-KI,coupon_regular,0.0025,1.0057742821935605,12.557366186413747,0.02028237232724324,111515,12.535820282569622,12.570680508890767
KR6SH0005NM2,50939,7,False,LIZARD no-KI,coupon_regular,0.005,1.007030018812202,25.11473237282943,0.04056474465448606,111515,25.071640565141184,25.141361017783467
KR6SH0005NM2,50939,8,False,LIZARD no-KI,coupon_regular,0.01,1.0095414920494854,50.229464745658696,0.0811294893089715,111515,50.14328113028221,50.28272203556676
KR6SH0005NM2,50939,9,False,LIZARD no-KI,first_strike,-0.05,1.0059212686002184,14.027230252993547,1.016550678608899,10450,13.267669649722773,14.70548782288872
KR6SH0005NM2,50939,10,False,LIZARD no-KI,first_strike,-0.025,1.0050794673167838,5.609217418648446,0.7062984035821281,6487,5.4582384150236285,5.768742284271054
KR6SH0005NM2,50939,11,False,LIZARD no-KI,first_strike,-0.01,1.0046753000304975,1.5675445557828704,0.42205546453199205,2870,1.0920671623751679,2.3065875201956234
KR6SH0005NM2,50939,12,False,LIZARD no-KI,first_strike,-0.005,1.0045745957897978,0.5605021487855559,0.29115638330522053,1511,0.09941308860808097,1.068065228058476
KR6SH0005NM2,50939,13,False,LIZARD no-KI,first_strike,0.005,1.004430683412515,-0.8786216240413008,0.32383793731547134,1680,-1.6487030265007605,-0.16017223059152902
KR6SH0005NM2,50939,14,False,LIZARD no-KI,first_strike,0.01,1.0043721973197115,-1.463482552076951,0.44212136789639056,3429,-2.116910525130995,-0.5472537299016453
KR6SH0005NM2,50939,15,False,LIZARD no-KI,first_strike,0.025,1.0043440139955138,-1.7453157940537247,0.6614031243672134,9579,-2.388557200392137,-0.467239184917257
KR6SH0005NM2,50939,16,False,LIZARD no-KI,first_strike,0.05,1.0046936387377636,1.7509316284455958,0.8636177415757922,22357,0.32120475283496264,4.393250802409312
KR6SH0005NM2,50939,17,False,LIZARD no-KI,last_strike,-0.05,1.0060559232329864,15.373776580671546,0.792949916196627,375,14.175597014272395,16.34814433716018
KR6SH0005NM2,50939,18,False,LIZARD no-KI,last_strike,-0.025,1.005242547589161,7.24002014241884,0.5377934786010635,181,5.888313580503004,8.137257346117709
KR6SH0005NM2,50939,19,False,LIZARD no-KI,last_strike,-0.01,1.004798420226025,2.7987465110570517,0.33205815027885927,71,2.126493499703556,3.7793907013617476
KR6SH0005NM2,50939,20,False,LIZARD no-KI,last_strike,-0.005,1.0046597922682567,1.4124669333759055,0.23537759440289097,36,0.47041614479474714,2.354141270176966
KR6SH0005NM2,50939,21,False,LIZARD no-KI,last_strike,0.005,1.004351472521872,-1.6707305304691324,0.25474039217908495,43,-1.8657985466903642,-1.5164263618596634
KR6SH0005NM2,50939,22,False,LIZARD no-KI,last_strike,0.01,1.0042359537487462,-2.8259182617296013,0.33065404100090234,73,-3.3665197371721423,-2.3257524337225832
KR6SH0005NM2,50939,23,False,LIZARD no-KI,last_strike,0.025,1.003866884678537,-6.516608963820927,0.4980432888024779,171,-6.977566294626149,-6.277759890136184
KR6SH0005NM2,50939,24,False,LIZARD no-KI,last_strike,0.05,1.0032903695294286,-12.281760454905292,0.6754491773186787,330,-12.820044783029818,-11.377405056213453
KR6ZY0002N88,51370,0,False,STEP no-KI,base,0.0,1.0032732382828173,0.0,0.0,0,0.0,0.0
KR6ZY0002N88,51370,1,False,STEP no-KI,coupon_regular,-0.01,0.9982979440780043,-49.75294204812972,0.030810522324986166,119687,-49.801215567113275,-49.70257375163153
KR6ZY0002N88,51370,2,False,STEP no-KI,coupon_regular,-0.005,1.0007855911804107,-24.87647102406486,0.015405261162493106,119687,-24.900607783556637,-24.851286875815767
KR6ZY0002N88,51370,3,False,STEP no-KI,coupon_regular,-0.0025,1.0020294147316138,-12.43823551203243,0.007702630581246515,119687,-12.450303891778319,-12.42564343790788
KR6ZY0002N88,51370,4,False,STEP no-KI,coupon_regular,-0.001,1.002775708862336,-4.97529420481429,0.00308105223249831,119687,-4.9801215567126444,-4.97025737516447
KR6ZY0002N88,51370,5,False,STEP no-KI,coupon_regular,0.001,1.0037707677032985,4.975294204814286,0.0030810522324982866,119687,4.970257375164467,4.980121556712641
KR6ZY0002N88,51370,6,False,STEP no-KI,coupon_regular,0.0025,1.0045170618340207,12.43823551203243,0.007702630581246615,119687,12.42564343790788,12.450303891778319
KR6ZY0002N88,51370,7,False,STEP no-KI,coupon_regular,0.005,1.0057608853852238,24.87647102406486,0.015405261162493154,119687,24.851286875815767,24.900607783556637
KR6ZY0002N88,51370,8,False,STEP no-KI,coupon_regular,0.01,1.0082485324876302,49.75294204812972,0.03081052232498661,119687,49.70257375163153,49.801215567113275
KR6ZY0002N88,51370,9,False,STEP no-KI,first_strike,-0.05,1.0042214533066371,9.482150238198587,0.6759050838733345,1032,8.595840820796028,10.506800081948786
KR6ZY0002N88,51370,10,False,STEP no-KI,first_strike,-0.025,1.003804189177865,5.30950895047857,0.5082604899238524,687,4.312535022134371,6.042937319435003
KR6ZY0002N88,51370,11,False,STEP no-KI,first_strike,-0.01,1.0035052155235786,2.3197724076140034,0.33479497110663,329,1.364051242308972,2.9257348720861733
KR6ZY0002N88,51370,12,False,STEP no-KI,first_strike,-0.005,1.0034075471950572,1.3430891223987902,0.2523475684686529,179,0.6167866412880275,1.8494550196548916
KR6ZY0002N88,51370,13,False,STEP no-KI,first_strike,0.005,1.0031190254075844,-1.5421287523306466,0.2669254797577422,198,-1.884169389776025,-1.351016849264221
KR6ZY0002N88,51370,14,False,STEP no-KI,first_strike,0.01,1.0029641476790534,-3.090906037637987,0.38253340588501883,449,-3.5008122989877415,-2.760230392667669
KR6ZY0002N88,51370,15,False,STEP no-KI,first_strike,0.025,1.0023785705677708,-8.946677150463758,0.6537026662066661,1426,-9.607965109967978,-7.924578771750916
KR6ZY0002N88,51370,16,False,STEP no-KI,first_strike,0.05,1.001259083825826,-20.141544569911712,0.9875351207881051,3923,-21.0820293894028,-19.581474230157703
KR6ZY0002N88,51370,17,False,STEP no-KI,last_strike,-0.05,1.0035639347093517,2.906964265343218,0.3357103927879556,75,2.32026814217253,3.239130736993679
KR6ZY0002N88,51370,18,False,STEP no-KI,last_strike,-0.025,1.0034012403132602,1.2800203044299594,0.21951064804688708,34,1.0169258814703936,1.8040368479326843
KR6ZY0002N88,51370,19,False,STEP no-KI,last_strike,-0.01,1.003336490866969,0.6325258415173014,0.15340227722138466,17,0.4464611627991351,0.8910263059111453
KR6ZY0002N88,51370,20,False,STEP no-KI,last_strike,-0.005,1.0033102906135318,0.3705233071451981,0.11716585137245737,10,0.2218163080962258,0.6667167258592858
KR6ZY0002N88,51370,21,False,STEP no-KI,last_strike,0.005,1.003265892382329,-0.07345900488262884,0.05194321833269879,2,-0.11037484549557372,0.0
KR6ZY0002N88,51370,22,False,STEP no-KI,last_strike,0.01,1.0032476901193854,-0.2554816343178447,0.09656149325515605,7,-0.3282606009155353,-0.2186468545687549
KR6ZY0002N88,51370,23,False,STEP no-KI,last_strike,0.025,1.0031838173806293,-0.8942090218804654,0.1788453651671949,25,-1.0743548967503438,-0.7520398374555766
KR6ZY0002N88,51370,24,False,STEP no-KI,last_strike,0.05,1.0030713339399286,-2.0190434288861723,0.26515866641105884,58,-2.3065279717429803,-1.6644419563906618
KR6ZY0002NF3,51431,0,True,STEP no-KI,base,0.0,1.01830091922938,0.0,0.0,0,0.0,0.0
KR6ZY0002NF3,51431,1,True,STEP no-KI,coupon_regular,-0.01,1.0079155485894191,-103.85370639960679,0.18593192447910156,120000,-103.93086353740684,-103.73160619340088
KR6ZY0002NF3,51431,2,True,STEP no-KI,coupon_regular,-0.005,1.0131082339093995,-51.92685319980375,0.09296596223954925,120000,-51.96543176870377,-51.86580309670078
KR6ZY0002NF3,51431,3,True,STEP no-KI,coupon_regular,-0.0025,1.0157045765693897,-25.963426599901318,0.04648298111977532,120000,-25.98271588435133,-25.932901548349832
KR6ZY0002NF3,51431,4,True,STEP no-KI,coupon_regular,-0.001,1.017262382165384,-10.385370639960911,0.018593192447908774,120000,-10.393086353740916,-10.373160619340318
KR6ZY0002NF3,51431,5,True,STEP no-KI,coupon_regular,0.001,1.019339456293376,10.38537063996021,0.018593192447911883,120000,10.373160619339616,10.393086353740213
KR6ZY0002NF3,51431,6,True,STEP no-KI,coupon_regular,0.0025,1.02089726188937,25.96342659990166,0.04648298111977653,120000,25.93290154835018,25.982715884351673
KR6ZY0002NF3,51431,7,True,STEP no-KI,coupon_regular,0.005,1.0234936045493601,51.9268531998031,0.0929659622395522,120000,51.865803096700134,51.96543176870313
KR6ZY0002NF3,51431,8,True,STEP no-KI,coupon_regular,0.01,1.0286862898693405,103.85370639960605,0.18593192447910398,120000,103.73160619340013,103.9308635374061
KR6ZY0002NF3,51431,9,True,STEP no-KI,first_strike,-0.05,1.0148780847600753,-34.22834469304532,1.1184287627683378,32124,-36.240392326780295,-31.22330745351249
KR6ZY0002NF3,51431,10,True,STEP no-KI,first_strike,-0.025,1.016412617452427,-18.883017769529843,0.7200782745494081,16344,-19.840444103375262,-17.971891471085527
KR6ZY0002NF3,51431,11,True,STEP no-KI,first_strike,-0.01,1.0175027616977697,-7.9815753161030205,0.42091997783098156,6525,-8.553914905140687,-7.244505657260396
KR6ZY0002NF3,51431,12,True,STEP no-KI,first_strike,-0.005,1.0178978792217885,-4.030400075915046,0.2877326468501468,3239,-4.77948328276471,-3.569023907184657
KR6ZY0002NF3,51431,13,True,STEP no-KI,first_strike,0.005,1.0187462257805915,4.453065512115852,0.2494794644785031,3243,4.190403268033393,4.707551796402336
KR6ZY0002NF3,51431,14,True,STEP no-KI,first_strike,0.01,1.019153781989584,8.52862760204121,0.3640604173910611,6366,8.05400333485171,9.202163237923699
KR6ZY0002NF3,51431,15,True,STEP no-KI,first_strike,0.025,1.0203172301338599,20.163109044798546,0.539390683226529,15130,19.440659867944394,20.612015874727113
KR6ZY0002NF3,51431,16,True,STEP no-KI,first_strike,0.05,1.0220309845424904,37.300653131103914,0.6715266601864568,27360,36.785316058074486,37.974216439387945
KR6ZY0002NF3,51431,17,True,STEP no-KI,last_strike,-0.05,1.0245704398609543,62.695206315743306,1.3217081286152859,2212,62.053656852193974,63.786777512208296
KR6ZY0002NF3,51431,18,True,STEP no-KI,last_strike,-0.025,1.0213955677577173,30.946485283374702,0.9168564407989858,1129,30.19069756839728,31.513383592939814
KR6ZY0002NF3,51431,19,True,STEP no-KI,last_strike,-0.01,1.0195331774014313,12.322581720513597,0.5740889475314509,459,12.07082678197219,12.63737989501412
KR6ZY0002NF3,51431,20,True,STEP no-KI,last_strike,-0.005,1.0189516921182875,6.507728889075336,0.41619607160226074,244,5.685013635667007,7.0402740339313326
KR6ZY0002NF3,51431,21,True,STEP no-KI,last_strike,0.005,1.0175879788521633,-7.129403772164901,0.4325964316632266,271,-7.260197597554503,-7.025562870189167
KR6ZY0002NF3,51431,22,True,STEP no-KI,last_strike,0.01,1.0169427830431452,-13.581361862347206,0.5943148765543361,520,-15.106873763325522,-12.390391121403374
KR6ZY0002NF3,51431,23,True,STEP no-KI,last_strike,0.025,1.0150006742462627,-33.00244983117103,0.9134192520270724,1292,-34.18367228078532,-31.87222449597226
KR6ZY0002NF3,51431,24,True,STEP no-KI,last_strike,0.05,1.0122318881661545,-60.69031063225353,1.211499478592266,2463,-61.810679261508746,-59.29828133959869
KR6SH00063G8,52007,0,True,LIZARD no-KI,base,0.0,1.0299936403507806,0.0,0.0,0,0.0,0.0
KR6SH00063G8,52007,1,True,LIZARD no-KI,coupon_regular,-0.01,1.020089680153249,-99.03960197531448,0.1708339580619481,120000,-99.28971515089334,-98.89899881264287
KR6SH00063G8,52007,2,True,LIZARD no-KI,coupon_regular,-0.005,1.0250416602520147,-49.51980098765772,0.08541697903097394,120000,-49.64485757544714,-49.44949940632193
KR6SH00063G8,52007,3,True,LIZARD no-KI,coupon_regular,-0.0025,1.0275176503013976,-24.75990049382839,0.0427084895154878,120000,-24.822428787723105,-24.724749703160494
KR6SH00063G8,52007,4,True,LIZARD no-KI,coupon_regular,-0.001,1.0290032443310273,-9.903960197531804,0.01708339580619525,120000,-9.928971515089689,-9.88989988126465
KR6SH00063G8,52007,5,True,LIZARD no-KI,coupon_regular,0.001,1.0309840363705336,9.90396019753172,0.017083395806193304,120000,9.88989988126456,9.928971515089607
KR6SH00063G8,52007,6,True,LIZARD no-KI,coupon_regular,0.0025,1.0324696304001635,24.75990049382922,0.04270848951548587,120000,24.724749703161326,24.822428787723936
KR6SH00063G8,52007,7,True,LIZARD no-KI,coupon_regular,0.005,1.0349456204495464,49.51980098765756,0.08541697903097163,120000,49.44949940632176,49.64485757544699
KR6SH00063G8,52007,8,True,LIZARD no-KI,coupon_regular,0.01,1.039897600548312,99.03960197531521,0.17083395806194568,120000,98.89899881264361,99.28971515089408
KR6SH00063G8,52007,9,True,LIZARD no-KI,first_strike,-0.05,1.0243761238189597,-56.175165318207746,0.5961394562250205,34051,-56.61791164491872,-55.86294125411458
KR6SH00063G8,52007,10,True,LIZARD no-KI,first_strike,-0.025,1.0271813805075558,-28.122598432245294,0.3861127380661643,17637,-28.264673840228276,-27.9820322825473
KR6SH00063G8,52007,11,True,LIZARD no-KI,first_strike,-0.01,1.028908831912578,-10.848084382023679,0.23115659047795606,6946,-10.982464244847632,-10.72909700602577
KR6SH00063G8,52007,12,True,LIZARD no-KI,first_strike,-0.005,1.0294569168252872,-5.367235254934293,0.16266247619423457,3431,-5.73875320443309,-5.099229640084307
KR6SH00063G8,52007,13,True,LIZARD no-KI,first_strike,0.005,1.0305454648356467,5.518244848662934,0.11408779952292412,3463,5.358901974746363,5.6209310197709765
KR6SH00063G8,52007,14,True,LIZARD no-KI,first_strike,0.01,1.0310742442559595,10.806039051790378,0.1901399873202178,6953,10.623932008331167,10.89810978739925
KR6SH00063G8,52007,15,True,LIZARD no-KI,first_strike,0.025,1.0324778028876502,24.84162536869561,0.2997995269044953,16375,24.672169760234638,25.151234235735316
KR6SH00063G8,52007,16,True,LIZARD no-KI,first_strike,0.05,1.0343678686662565,43.74228315475815,0.3681109133858,29128,43.52188702717791,44.12670955202175
KR6SH00063G8,52007,17,True,LIZARD no-KI,last_strike,-0.05,1.031832786602177,18.391462513964736,0.8478963058097448,469,17.790078455534037,19.313618216016117
KR6SH00063G8,52007,18,True,LIZARD no-KI,last_strike,-0.025,1.0311296592175094,11.360188667289652,0.6606698763771343,295,10.406061641984058,11.905911264815396
KR6SH00063G8,52007,19,True,LIZARD no-KI,last_strike,-0.01,1.0304952611611529,5.016208103722064,0.4363737076427704,132,4.21575924062506,5.469031553027201
KR6SH00063G8,52007,20,True,LIZARD no-KI,last_strike,-0.005,1.0302241830897914,2.3054273901082074,0.2951068750832695,61,1.9282753974359332,2.8349456429826163
KR6SH00063G8,52007,21,True,LIZARD no-KI,last_strike,0.005,1.0297093401448034,-2.843002059772531,0.32601406453918685,76,-3.0297231032342773,-2.6939636417535446
KR6SH00063G8,52007,22,True,LIZARD no-KI,last_strike,0.01,1.0294425400543064,-5.511002964742012,0.4527309678953987,148,-5.916018115325604,-4.809256634992964
KR6SH00063G8,52007,23,True,LIZARD no-KI,last_strike,0.025,1.0285797488207842,-14.138915299963804,0.718579072862182,386,-14.836337361354115,-13.280246209758872
KR6SH00063G8,52007,24,True,LIZARD no-KI,last_strike,0.05,1.0269573759063595,-30.362644444211604,1.036388216349698,853,-31.71544393422865,-29.115480637688368
KR6MD0005ZH8,52384,0,False,STEP KI,base,0.0,1.026535989666229,0.0,0.0,0,0.0,0.0
KR6MD0005ZH8,52384,1,False,STEP KI,coupon_regular,-0.01,1.0183575958739268,-81.78393792302067,0.20310712320884813,119590,-81.92361390865517,-81.55401675088513
KR6MD0005ZH8,52384,2,False,STEP KI,coupon_regular,-0.005,1.0224467927700778,-40.891968961511324,0.10155356160442298,119590,-40.961806954328566,-40.77700837544356
KR6MD0005ZH8,52384,3,False,STEP KI,coupon_regular,-0.0025,1.0244913912181535,-20.445984480754923,0.050776780802212686,119590,-20.48090347716355,-20.38850418772104
KR6MD0005ZH8,52384,4,False,STEP KI,coupon_regular,-0.001,1.0257181502869985,-8.178393792301383,0.02031071232088637,119590,-8.19236139086483,-8.155401675087827
KR6MD0005ZH8,52384,5,False,STEP KI,coupon_regular,0.001,1.0273538290454591,8.178393792304492,0.02031071232088108,119590,8.155401675090937,8.19236139086794
KR6MD0005ZH8,52384,6,False,STEP KI,coupon_regular,0.0025,1.0285805881143044,20.44598448075628,0.050776780802209986,119590,20.3885041877224,20.480903477164908
KR6MD0005ZH8,52384,7,False,STEP KI,coupon_regular,0.005,1.0306251865623803,40.891968961512774,0.10155356160442036,119590,40.777008375445,40.96180695433002
KR6MD0005ZH8,52384,8,False,STEP KI,coupon_regular,0.01,1.0347143834585313,81.78393792302386,0.20310712320884283,119590,81.55401675088832,81.92361390865833
KR6MD0005ZH8,52384,9,False,STEP KI,ki_barrier,-0.05,1.0281729029370539,16.36913270825184,0.9540438972001538,295,15.95859899761884,17.113523507754568
KR6MD0005ZH8,52384,10,False,STEP KI,ki_barrier,-0.025,1.027495140003211,9.59150336982294,0.7260339418204995,175,9.23959196283009,9.9521475368737
KR6MD0005ZH8,52384,11,False,STEP KI,ki_barrier,-0.01,1.0269014584617526,3.6546879552374287,0.44718327008984815,67,3.556287864075135,3.77379512178181
KR6MD0005ZH8,52384,12,False,STEP KI,ki_barrier,-0.005,1.0267255593317697,1.8956966554083743,0.3210489159326387,35,1.5940232235037268,2.3289447449164515
KR6MD0005ZH8,52384,13,False,STEP KI,ki_barrier,0.005,1.0262034969795895,-3.324926866393087,0.42292572840105946,62,-4.676643361960488,-1.781226070408776
KR6MD0005ZH8,52384,14,False,STEP KI,ki_barrier,0.01,1.0259758219560169,-5.601677102119469,0.547663425108825,105,-6.7779414190826275,-3.552455657372504
KR6MD0005ZH8,52384,15,False,STEP KI,ki_barrier,0.025,1.0250692051229229,-14.667845433059119,0.8795037419528077,279,-17.09637115177746,-12.711043444293795
KR6MD0005ZH8,52384,16,False,STEP KI,ki_barrier,0.05,1.0230020919932297,-35.33897672999044,1.3439440550013984,692,-40.23701427498246,-31.617598917827262
KR6MD0005ZH8,52384,17,False,STEP KI,first_strike,-0.05,1.0202550525077034,-62.80937158525439,0.8582058556482053,18060,-63.54345437638575,-61.44789347476928
KR6MD0005ZH8,52384,18,False,STEP KI,first_strike,-0.025,1.0229074121922916,-36.285774739372485,0.6278706807933919,10771,-36.44578119255502,-36.17995122448167
KR6MD0005ZH8,52384,19,False,STEP KI,first_strike,-0.01,1.0249670290404043,-15.689606258246664,0.3920983995492109,4753,-16.173677250648023,-15.388038538308521
KR6MD0005ZH8,52384,20,False,STEP KI,first_strike,-0.005,1.0257282686942337,-8.077209719950467,0.268469745767849,2444,-8.515738814641555,-7.49284410635212
KR6MD0005ZH8,52384,21,False,STEP KI,first_strike,0.005,1.0273644045867083,8.284149204794337,0.2769428880615473,2527,8.04768392383911,8.672663245246985
KR6MD0005ZH8,52384,22,False,STEP KI,first_strike,0.01,1.028189769649626,16.537799833973512,0.3853677892362093,5180,16.297226773510964,16.973593016842518
KR6MD0005ZH8,52384,23,False,STEP KI,first_strike,0.025,1.0308455088665875,43.09519200358686,0.6025577570830601,14131,42.750680139151065,43.44937006773533
KR6MD0005ZH8,52384,24,False,STEP KI,first_strike,0.05,1.0353341084265117,87.98118760282962,0.7953865328781262,31067,86.75246128904308,89.29990016223846
KR6MD0005ZH8,52384,25,False,STEP KI,last_strike,-0.05,1.026535989666229,0.0,0.0,0,0.0,0.0
KR6MD0005ZH8,52384,26,False,STEP KI,last_strike,-0.025,1.026535989666229,0.0,0.0,0,0.0,0.0
KR6MD0005ZH8,52384,27,False,STEP KI,last_strike,-0.01,1.026535989666229,0.0,0.0,0,0.0,0.0
KR6MD0005ZH8,52384,28,False,STEP KI,last_strike,-0.005,1.026535989666229,0.0,0.0,0,0.0,0.0
KR6MD0005ZH8,52384,29,False,STEP KI,last_strike,0.005,1.026535989666229,0.0,0.0,0,0.0,0.0
KR6MD0005ZH8,52384,30,False,STEP KI,last_strike,0.01,1.026535989666229,0.0,0.0,0,0.0,0.0
KR6MD0005ZH8,52384,31,False,STEP KI,last_strike,0.025,1.026535989666229,0.0,0.0,0,0.0,0.0
KR6MD0005ZH8,52384,32,False,STEP KI,last_strike,0.05,1.026535989666229,0.0,0.0,0,0.0,0.0
KR6SH0006BW4,52425,0,True,LIZARD no-KI,base,0.0,1.0213577535364808,0.0,0.0,0,0.0,0.0
KR6SH0006BW4,52425,1,True,LIZARD no-KI,coupon_regular,-0.01,1.0113301000471624,-100.27653489318311,0.1740220590679981,120000,-100.352345482365,-100.19888703083285
KR6SH0006BW4,52425,2,True,LIZARD no-KI,coupon_regular,-0.005,1.016343926791822,-50.13826744659149,0.08701102953399877,120000,-50.176172741182434,-50.09944351541637
KR6SH0006BW4,52425,3,True,LIZARD no-KI,coupon_regular,-0.0025,1.0188508401641514,-25.069133723296158,0.04350551476699905,120000,-25.088086370591633,-25.049721757708603
KR6SH0006BW4,52425,4,True,LIZARD no-KI,coupon_regular,-0.001,1.0203549881875493,-10.027653489317537,0.01740220590680059,120000,-10.035234548235723,-10.019888703082511
KR6SH0006BW4,52425,5,True,LIZARD no-KI,coupon_regular,0.001,1.0223605188854128,10.027653489318519,0.017402205906799292,120000,10.019888703083494,10.035234548236705
KR6SH0006BW4,52425,6,True,LIZARD no-KI,coupon_regular,0.0025,1.0238646669088105,25.069133723295483,0.04350551476700043,120000,25.049721757707918,25.088086370590954
KR6SH0006BW4,52425,7,True,LIZARD no-KI,coupon_regular,0.005,1.02637158028114,50.13826744659175,0.08701102953400036,120000,50.09944351541664,50.1761727411827
KR6SH0006BW4,52425,8,True,LIZARD no-KI,coupon_regular,0.01,1.0313854070257993,100.2765348931833,0.1740220590679995,120000,100.19888703083306,100.3523454823652
KR6SH0006BW4,52425,9,True,LIZARD no-KI,first_strike,-0.05,1.0173499468711518,-40.07806665329337,0.4928221572829839,33468,-41.43710898547798,-38.78074728515897
KR6SH0006BW4,52425,10,True,LIZARD no-KI,first_strike,-0.025,1.019396257007674,-19.61496528806961,0.3174025623372103,17013,-20.429199231570536,-19.091520625846556
KR6SH0006BW4,52425,11,True,LIZARD no-KI,first_strike,-0.01,1.0205942454981687,-7.635080383122994,0.19342819557882412,6789,-8.214483821771426,-7.099393645672528
KR6SH0006BW4,52425,12,True,LIZARD no-KI,first_strike,-0.005,1.0209674154707518,-3.9033806572930594,0.12885494590790017,3434,-4.135437233724645,-3.450817073105586
KR6SH0006BW4,52425,13,True,LIZARD no-KI,first_strike,0.005,1.0217090302237033,3.512766872222383,0.160909189990319,3397,2.926761846296632,3.8754878530276056
KR6SH0006BW4,52425,14,True,LIZARD no-KI,first_strike,0.01,1.0220732726081654,7.155190716842906,0.1913640097963201,6598,6.3856479182630475,7.698439330812046
KR6SH0006BW4,52425,15,True,LIZARD no-KI,first_strike,0.025,1.023061666309047,17.039127725661892,0.26395628881444494,15656,16.383400161373814,17.485412634057226
KR6SH0006BW4,52425,16,True,LIZARD no-KI,first_strike,0.05,1.0244026619635564,30.44908427075179,0.30347843011788483,28064,29.526954360108995,30.958778236731405
KR6SH0006BW4,52425,17,True,LIZARD no-KI,last_strike,-0.05,1.0232510053407866,18.932518043054785,0.8618420110051307,481,17.603687872737126,20.549794380211118
KR6SH0006BW4,52425,18,True,LIZARD no-KI,last_strike,-0.025,1.0225210277078498,11.632741713687995,0.6697264373734486,301,10.796105568162657,12.744423126017765
KR6SH0006BW4,52425,19,True,LIZARD no-KI,last_strike,-0.01,1.0218765380596484,5.187845231673714,0.4446113993732015,136,4.586182619346845,6.17398402436047
KR6SH0006BW4,52425,20,True,LIZARD no-KI,last_strike,-0.005,1.0216310670726103,2.733135361292827,0.32200889087590345,72,1.708920952847625,3.6431904703191913
KR6SH0006BW4,52425,21,True,LIZARD no-KI,last_strike,0.005,1.0211210575673777,-2.3669596910327457,0.29813303207650466,63,-2.593725074040745,-2.0259862047993202
KR6SH0006BW4,52425,22,True,LIZARD no-KI,last_strike,0.01,1.0208867609192083,-4.709926172726175,0.4193820771820371,126,-5.493543890524582,-4.035096118354382
KR6SH0006BW4,52425,23,True,LIZARD no-KI,last_strike,0.025,1.0200713346057912,-12.864189306897856,0.6866973255514859,350,-15.214626247421055,-10.914156018182709
KR6SH0006BW4,52425,24,True,LIZARD no-KI,last_strike,0.05,1.0184386051888927,-29.191483475883505,1.0176399209690747,818,-30.44853762932346,-26.823253166410407
KR6SH0006M02,52810,0,True,STEP no-KI,base,0.0,1.0055004876648053,0.0,0.0,0,0.0,0.0
KR6SH0006M02,52810,1,True,STEP no-KI,coupon_regular,-0.01,0.9943551276685609,-111.4535999624433,0.2081169262922798,120000,-111.65784788665206,-111.12189703891713
KR6SH0006M02,52810,2,True,STEP no-KI,coupon_regular,-0.005,0.9999278076666831,-55.72679998122079,0.104058463146141,120000,-55.82892394332517,-55.56094851945771
KR6SH0006M02,52810,3,True,STEP no-KI,coupon_regular,-0.0025,1.002714147665744,-27.863399990610098,0.052029231573070475,120000,-27.914461971662288,-27.780474259728553
KR6SH0006M02,52810,4,True,STEP no-KI,coupon_regular,-0.001,1.004385951665181,-11.14535999624414,0.020811692629227142,120000,-11.165784788665015,-11.112189703891525
KR6SH0006M02,52810,5,True,STEP no-KI,coupon_regular,0.001,1.0066150236644296,11.145359996244816,0.02081169262922726,120000,11.112189703892199,11.165784788665693
KR6SH0006M02,52810,6,True,STEP no-KI,coupon_regular,0.0025,1.0082868276638663,27.86339999061186,0.0520292315730686,120000,27.780474259730322,27.914461971664046
KR6SH0006M02,52810,7,True,STEP no-KI,coupon_regular,0.005,1.0110731676629274,55.726799981222584,0.1040584631461392,120000,55.56094851945949,55.828923943326956
KR6SH0006M02,52810,8,True,STEP no-KI,coupon_regular,0.01,1.0166458476610496,111.45359996244517,0.20811692629227835,120000,111.12189703891897,111.65784788665391
KR6SH0006M02,52810,9,True,STEP no-KI,first_strike,-0.05,1.0050414871427749,-4.590005220303106,1.4632929564444372,30393,-8.823802497342905,-0.315111363496086
KR6SH0006M02,52810,10,True,STEP no-KI,first_strike,-0.025,1.004959608307096,-5.40879357709203,0.9795722736336391,15732,-7.174858026923295,-3.6190518854012215
KR6SH0006M02,52810,11,True,STEP no-KI,first_strike,-0.01,1.0052745871580335,-2.259005067716851,0.5966216086711916,6241,-2.7870904533788927,-1.2893238882226388
KR6SH0006M02,52810,12,True,STEP no-KI,first_strike,-0.005,1.0054122916512351,-0.8819601357012751,0.4342948335956892,3143,-1.5936891505619448,-0.30611896303511044
KR6SH0006M02,52810,13,True,STEP no-KI,first_strike,0.005,1.0057138695348258,2.1338187002048583,0.3708483456261909,3032,1.0433435397600506,3.16329118003072
KR6SH0006M02,52810,14,True,STEP no-KI,first_strike,0.01,1.005954026396086,4.535387312808557,0.5234770879431071,6158,2.316791354585092,6.348383409838526
KR6SH0006M02,52810,15,True,STEP no-KI,first_strike,0.025,1.006541174895436,10.406872306308546,0.7986119395170814,15013,7.286616983400388,12.951869554975499
KR6SH0006M02,52810,16,True,STEP no-KI,first_strike,0.05,1.0077217766436128,22.212889788074857,1.0002535520208542,27938,20.029191192831902,24.847074405742504
KR6SH0006M02,52810,17,True,STEP no-KI,last_strike,-0.05,1.0139422560042104,84.41768339405256,1.534306351815377,2957,82.08641539890456,86.56297643179923
KR6SH0006M02,52810,18,True,STEP no-KI,last_strike,-0.025,1.0096759713883454,41.754837235401496,1.067611339316374,1511,39.72944542887126,43.50479981218186
KR6SH0006M02,52810,19,True,STEP no-KI,last_strike,-0.01,1.0071510605055243,16.50572840719188,0.6666223787585152,610,16.07932162860088,17.042330111502846
KR6SH0006M02,52810,20,True,STEP no-KI,last_strike,-0.005,1.0062819468568722,7.814591920671018,0.4575495981616377,291,7.171372707306345,8.297229993073199
KR6SH0006M02,52810,21,True,STEP no-KI,last_strike,0.005,1.0047166760796065,-7.838115851987052,0.45502491222211355,296,-9.060796672158414,-6.83270087013628
KR6SH0006M02,52810,22,True,STEP no-KI,last_strike,0.01,1.0038996656402308,-16.008220245745985,0.6470629887450515,609,-16.57915831572975,-15.610549824226553
KR6SH0006M02,52810,23,True,STEP no-KI,last_strike,0.025,1.001659272502099,-38.412151627062634,0.9881451655954808,1493,-39.602418254917396,-36.97191081279121
KR6SH0006M02,52810,24,True,STEP no-KI,last_strike,0.05,0.9982426019935252,-72.57885671279917,1.3261863532949962,2928,-73.52780905097703,-70.76743958558603
KR6KS0005DB0,52823,0,False,LIZARD KI,base,0.0,1.0104504475140534,0.0,0.0,0,0.0,0.0
KR6KS0005DB0,52823,1,False,LIZARD KI,coupon_regular,-0.01,1.0035561110616829,-68.94336452370736,0.21682699749323758,95152,-69.2503802314427,-68.67631508004877
KR6KS0005DB0,52823,2,False,LIZARD KI,coupon_regular,-0.005,1.0070032792878683,-34.47168226185368,0.108413498746618,95152,-34.62519011572135,-34.33815754002438
KR6KS0005DB0,52823,3,False,LIZARD KI,coupon_regular,-0.0025,1.008726863400961,-17.23584113092714,0.05420674937331009,95152,-17.312595057860975,-17.16907877001249
KR6KS0005DB0,52823,4,False,LIZARD KI,coupon_regular,-0.001,1.0097610138688164,-6.894336452371439,0.021682699749323717,95152,-6.925038023144973,-6.867631508005578
KR6KS0005DB0,52823,5,False,LIZARD KI,coupon_regular,0.001,1.0111398811592909,6.894336452371149,0.02168269974932439,95152,6.86763150800529,6.925038023144683
KR6KS0005DB0,52823,6,False,LIZARD KI,coupon_regular,0.0025,1.0121740316271464,17.23584113092673,0.054206749373309555,95152,17.169078770012078,17.312595057860563
KR6KS0005DB0,52823,7,False,LIZARD KI,coupon_regular,0.005,1.0138976157402388,34.47168226185346,0.10841349874661911,95152,34.338157540024156,34.625190115721125
KR6KS0005DB0,52823,8,False,LIZARD KI,coupon_regular,0.01,1.0173447839664242,68.9433645237071,0.21682699749323706,95152,68.67631508004851,69.25038023144243
KR6KS0005DB0,52823,9,False,LIZARD KI,ki_barrier,-0.05,1.0211194413670033,106.68993852949761,2.3995433899448417,1962,105.2493971652018,108.19172305455042
KR6KS0005DB0,52823,10,False,LIZARD KI,ki_barrier,-0.025,1.0161583243957473,57.07876881693803,1.7456265752861873,1069,54.175018974834636,58.692625907556476
KR6KS0005DB0,52823,11,False,LIZARD KI,ki_barrier,-0.01,1.0127707358459412,23.202883318878264,1.106918118917384,442,22.45362091004641,23.983959421526873
KR6KS0005DB0,52823,12,False,LIZARD KI,ki_barrier,-0.005,1.011574449793398,11.24002279344515,0.7709178404927252,214,9.978630436140739,12.025111072541543
KR6KS0005DB0,52823,13,False,LIZARD KI,ki_barrier,0.005,1.009272759523082,-11.776879909716339,0.786985117074989,226,-13.104711687597444,-10.165815599198332
KR6KS0005DB0,52823,14,False,LIZARD KI,ki_barrier,0.01,1.0080257086788598,-24.247388351937328,1.127720727416858,465,-26.313988660357637,-22.683731109245628
KR6KS0005DB0,52823,15,False,LIZARD KI,ki_barrier,0.025,1.0042219919316207,-62.284555824329935,1.7862611447381838,1215,-67.12923931337102,-59.09449952395536
KR6KS0005DB0,52823,16,False,LIZARD KI,ki_barrier,0.05,0.9980061109572659,-124.44336556787668,2.4806790502611453,2492,-130.68376842471594,-120.89542917314759
KR6KS0005DB0,52823,17,False,LIZARD KI,first_strike,-0.05,1.0091465728943532,-13.038746197002368,1.4039758735369134,21535,-16.066371028891254,-10.009392393226497
KR6KS0005DB0,52823,18,False,LIZARD KI,first_strike,-0.025,1.0095806917739572,-8.69755740096371,0.9548493940528401,11603,-10.52861773288113,-7.495333080828577
KR6KS0005DB0,52823,19,False,LIZARD KI,first_strike,-0.01,1.0100399062943275,-4.105412197259739,0.5764587302220899,4798,-5.334985790340128,-2.470902044340313
KR6KS0005DB0,52823,20,False,LIZARD KI,first_strike,-0.005,1.0102342772211184,-2.161702929352996,0.4033136166076409,2481,-2.903756898859424,-1.0658936607185214
KR6KS0005DB0,52823,21,False,LIZARD KI,first_strike,0.005,1.0105946819439664,1.4423442991283537,0.4415338440133767,2511,0.43324390411973934,2.448209005682924
KR6KS0005DB0,52823,22,False,LIZARD KI,first_strike,0.01,1.0108409578652742,3.905103512205872,0.5771040389403123,5074,3.0972859569452647,5.089099794336861
KR6KS0005DB0,52823,23,False,LIZARD KI,first_strike,0.025,1.0115033586124287,10.529110983751144,0.8633863502859911,12597,9.815726903618321,11.653709053194088
KR6KS0005DB0,52823,24,False,LIZARD KI,first_strike,0.05,1.0130829999989164,26.325524848628845,1.0737520190746288,25392,25.732296523070225,27.08059682849072
KR6KS0005DB0,52823,25,False,LIZARD KI,last_strike,-0.05,1.010565967247058,1.155197330043625,0.2075673422718446,31,0.7847940176651936,1.569636712579831
KR6KS0005DB0,52823,26,False,LIZARD KI,last_strike,-0.025,1.0104935215898767,0.4307407582323271,0.1243560538631233,12,0.21401728908078022,0.5404782825599154
KR6KS0005DB0,52823,27,False,LIZARD KI,last_strike,-0.01,1.0104752446097007,0.24797095647140346,0.09372412233184682,7,0.2123879525302943,0.3175076278031359
KR6KS0005DB0,52823,28,False,LIZARD KI,last_strike,-0.005,1.0104609913824039,0.10543868350227228,0.06087463343834341,3,0.0,0.21072160517475874
KR6KS0005DB0,52823,29,False,LIZARD KI,last_strike,0.005,1.0104504475140534,0.0,0.0,0,0.0,0.0
KR6KS0005DB0,52823,30,False,LIZARD KI,last_strike,0.01,1.0104400922497694,-0.10355264284142597,0.05978593218025326,3,-0.20754959179428745,0.0
KR6KS0005DB0,52823,31,False,LIZARD KI,last_strike,0.025,1.0104097531713208,-0.4069434273279845,0.1174801185856857,12,-0.5100215575440402,-0.3061687777559006
KR6KS0005DB0,52823,32,False,LIZARD KI,last_strike,0.05,1.010396959824294,-0.5348768975964266,0.1337699414165388,16,-0.6939391237488672,-0.4006700114963728
KR6SH0006NF4,52848,0,True,LIZARD no-KI,base,0.0,1.0209076218463935,0.0,0.0,0,0.0,0.0
KR6SH0006NF4,52848,1,True,LIZARD no-KI,coupon_regular,-0.01,1.0108703792824267,-100.37242563966915,0.1821789093370019,120000,-100.4468186334582,-100.31278312436234
KR6SH0006NF4,52848,2,True,LIZARD no-KI,coupon_regular,-0.005,1.0158890005644101,-50.18621281983493,0.09108945466850081,120000,-50.22340931672945,-50.156391562181526
KR6SH0006NF4,52848,3,True,LIZARD no-KI,coupon_regular,-0.0025,1.0183983112054018,-25.093106409917006,0.04554472733425153,120000,-25.111704658364268,-25.078195781090304
KR6SH0006NF4,52848,4,True,LIZARD no-KI,coupon_regular,-0.001,1.0199038975899968,-10.03724256396712,0.018217890933698792,120000,-10.044681863346018,-10.031278312436442
KR6SH0006NF4,52848,5,True,LIZARD no-KI,coupon_regular,0.001,1.0219113461027904,10.037242563967276,0.018217890933699615,120000,10.031278312436596,10.044681863346177
KR6SH0006NF4,52848,6,True,LIZARD no-KI,coupon_regular,0.0025,1.0234169324873854,25.093106409917944,0.0455447273342494,120000,25.07819578109124,25.111704658365205
KR6SH0006NF4,52848,7,True,LIZARD no-KI,coupon_regular,0.005,1.0259262431283769,50.18621281983436,0.09108945466850187,120000,50.15639156218096,50.22340931672888
KR6SH0006NF4,52848,8,True,LIZARD no-KI,coupon_regular,0.01,1.0309448644103603,100.37242563966916,0.18217890933700254,120000,100.31278312436238,100.44681863345824
KR6SH0006NF4,52848,9,True,LIZARD no-KI,first_strike,-0.05,1.016762517914219,-41.45103932174642,0.7178144880509533,30762,-43.05208162388274,-40.20514192999777
KR6SH0006NF4,52848,10,True,LIZARD no-KI,first_strike,-0.025,1.0187901458003163,-21.17476046077189,0.44840745484524713,15793,-21.76950741226966,-20.754409189311048
KR6SH0006NF4,52848,11,True,LIZARD no-KI,first_strike,-0.01,1.0200454806799677,-8.621411664256941,0.26780790246288205,6513,-8.808817313051241,-8.477292223482616
KR6SH0006NF4,52848,12,True,LIZARD no-KI,first_strike,-0.005,1.0204729914136863,-4.346304327069997,0.17443787576593167,3208,-4.497655848174309,-4.263238034848968
KR6SH0006NF4,52848,13,True,LIZARD no-KI,first_strike,0.005,1.0213309603821443,4.233385357507517,0.17905756404182932,3200,3.7524306823982796,4.478077739839167
KR6SH0006NF4,52848,14,True,LIZARD no-KI,first_strike,0.01,1.0217281922218822,8.205703754888265,0.24862788517989862,6276,7.874407719250912,8.425841611084419
KR6SH0006NF4,52848,15,True,LIZARD no-KI,first_strike,0.025,1.0228353415453257,19.27719698932392,0.38206147461659923,15130,18.989644470300323,19.49439774126809
KR6SH0006NF4,52848,16,True,LIZARD no-KI,first_strike,0.05,1.0244315869089136,35.239650625203275,0.46987547208840363,27955,34.88749088645364,35.66723957106966
KR6SH0006NF4,52848,17,True,LIZARD no-KI,last_strike,-0.05,1.023963863657547,30.56241811153511,1.0989813337445709,769,29.49434968509195,32.235621815807505
KR6SH0006NF4,52848,18,True,LIZARD no-KI,last_strike,-0.025,1.022772571898712,18.6495005231833,0.8513902338994987,478,17.681762971253093,19.536887339050836
KR6SH0006NF4,52848,19,True,LIZARD no-KI,last_strike,-0.01,1.0217124406771563,8.04818830762744,0.5562315193580372,209,7.624005906019402,8.658364249110104
KR6SH0006NF4,52848,20,True,LIZARD no-KI,last_strike,-0.005,1.0213176136228446,4.099917764512521,0.3961803224984164,107,3.5638851539239464,5.058808489238385
KR6SH0006NF4,52848,21,True,LIZARD no-KI,last_strike,0.005,1.0204977017612162,-4.0992008517715455,0.39427141070648286,108,-4.440744970268413,-3.4170609957218145
KR6SH0006NF4,52848,22,True,LIZARD no-KI,last_strike,0.01,1.0200134336683744,-8.941881780190844,0.5802772147875442,237,-9.734287999857301,-7.697197217753222
KR6SH0006NF4,52848,23,True,LIZARD no-KI,last_strike,0.025,1.0186780119666308,-22.296098797625845,0.9080585559961853,600,-23.74764923116978,-19.84309055731203
KR6SH0006NF4,52848,24,True,LIZARD no-KI,last_strike,0.05,1.0159249181293173,-49.82703717076102,1.3332354617749231,1382,-51.61851684355787,-46.687755674966475
KR6HN0005GX4,52967,0,False,STEP no-KI,base,0.0,0.9856512697597314,0.0,0.0,0,0.0,0.0
KR6HN0005GX4,52967,1,False,STEP no-KI,coupon_regular,-0.01,0.9790823541171403,-65.68915642591001,0.159683995103927,110886,-65.85797028415767,-65.37186050067407
KR6HN0005GX4,52967,2,False,STEP no-KI,coupon_regular,-0.005,0.9823668119384357,-32.84457821295665,0.07984199755196222,110886,-32.92898514208049,-32.68593025033868
KR6HN0005GX4,52967,3,False,STEP no-KI,coupon_regular,-0.0025,0.9840090408490834,-16.42228910647909,0.039920998775980286,110886,-16.464492571041013,-16.34296512517011
KR6HN0005GX4,52967,4,False,STEP no-KI,coupon_regular,-0.001,0.984994378195472,-6.5689156425929145,0.015968399510391435,110886,-6.585797028417689,-6.537186050069328
KR6HN0005GX4,52967,5,False,STEP no-KI,coupon_regular,0.001,0.9863081613239901,6.568915642589709,0.01596839951039319,110886,6.53718605006611,6.58579702841447
KR6HN0005GX4,52967,6,False,STEP no-KI,coupon_regular,0.0025,0.9872934986703792,16.42228910647747,0.039920998775981396,110886,16.34296512516849,16.464492571039386
KR6HN0005GX4,52967,7,False,STEP no-KI,coupon_regular,0.005,0.9889357275810268,32.84457821295334,0.07984199755196361,110886,32.68593025033537,32.928985142077174
KR6HN0005GX4,52967,8,False,STEP no-KI,coupon_regular,0.01,0.9922201854023222,65.6891564259082,0.15968399510392634,110886,65.37186050067224,65.85797028415587
KR6HN0005GX4,52967,9,False,STEP no-KI,first_strike,-0.05,0.9977565911764652,121.05321416733962,2.741665359918268,15554,117.53847265747278,124.64556862985486
KR6HN0005GX4,52967,10,False,STEP no-KI,first_strike,-0.025,0.9916614284621335,60.10158702402127,1.9713641062085148,8761,59.354785074886074,61.518483580287764
KR6HN0005GX4,52967,11,False,STEP no-KI,first_strike,-0.01,0.9881399662393021,24.88696479570877,1.2720750993969174,3804,23.45187694847433,27.508792896932103
KR6HN0005GX4,52967,12,False,STEP no-KI,first_strike,-0.005,0.9868707601528401,12.19490393108763,0.9041258749134817,1994,10.179355039145939,13.39847642607512
KR6HN0005GX4,52967,13,False,STEP no-KI,first_strike,0.005,0.9846085038777449,-10.42765881986308,0.8576839175763502,1959,-10.926603300968328,-9.79670905384263
KR6HN0005GX4,52967,14,False,STEP no-KI,first_strike,0.01,0.9835621215142506,-20.891482454809168,1.2110310747829869,3962,-21.84875820049023,-19.385058540554454
KR6HN0005GX4,52967,15,False,STEP no-KI,first_strike,0.025,0.9804385904802176,-52.126792795136616,1.9152346285335051,10325,-54.70300962919309,-49.864275384824495
KR6HN0005GX4,52967,16,False,STEP no-KI,first_strike,0.05,0.9761232375726745,-95.28032187056893,2.6342013866659215,21880,-96.57939377408472,-94.21501714909053
KR6HN0005GX4,52967,17,False,STEP no-KI,last_strike,-0.05,0.9943596349538539,87.08365194122686,1.9632300994934098,1937,85.8292538264138,88.89275538730013
KR6HN0005GX4,52967,18,False,STEP no-KI,last_strike,-0.025,0.9898259372021828,41.746674424515,1.3498972814861512,949,40.096238576819204,43.45544793997788
KR6HN0005GX4,52967,19,False,STEP no-KI,last_strike,-0.01,0.9872266660287455,15.753962690141291,0.8256307387115251,363,14.831873211847922,16.40983306913771
KR6HN0005GX4,52967,20,False,STEP no-KI,last_strike,-0.005,0.9864290539468442,7.777841871129806,0.5792953762271182,180,7.128646879513593,8.816813796438339
KR6HN0005GX4,52967,21,False,STEP no-KI,last_strike,0.005,0.9848548632517499,-7.964065079815532,0.5835051484294036,186,-8.862057818966896,-7.192116952534806
KR6HN0005GX4,52967,22,False,STEP no-KI,last_strike,0.01,0.9840739783154682,-15.77291444263163,0.8187439193766446,370,-17.393670198602443,-14.710833107832244
KR6HN0005GX4,52967,23,False,STEP no-KI,last_strike,0.025,0.9819284389179197,-37.228308418114196,1.246908370643601,885,-38.0688462315457,-35.84635160130178
KR6HN0005GX4,52967,24,False,STEP no-KI,last_strike,0.05,0.9789757258449322,-66.75543914799039,1.6479144764146478,1620,-67.83612003755658,-65.86288094999517
KR6SH0006YQ8,53312,0,True,LIZARD no-KI,base,0.0,0.9969284426257338,0.0,0.0,0,0.0,0.0
KR6SH0006YQ8,53312,1,True,LIZARD no-KI,coupon_regular,-0.01,0.9865663401993793,-103.62102426354409,0.2282902511664091,120000,-104.0095222158775,-103.2449332349971
KR6SH0006YQ8,53312,2,True,LIZARD no-KI,coupon_regular,-0.005,0.9917473914125564,-51.810512131771816,0.114145125583204,120000,-52.004761107938506,-51.62246661749832
KR6SH0006YQ8,53312,3,True,LIZARD no-KI,coupon_regular,-0.0025,0.994337917019145,-25.905256065886782,0.05707256279160096,120000,-26.002380553970127,-25.81123330875004
KR6SH0006YQ8,53312,4,True,LIZARD no-KI,coupon_regular,-0.001,0.9958922323830982,-10.362102426354996,0.022829025116640235,120000,-10.400952221588337,-10.324493323500295
KR6SH0006YQ8,53312,5,True,LIZARD no-KI,coupon_regular,0.001,0.9979646528683692,10.362102426354888,0.022829025116639933,120000,10.324493323500187,10.400952221588225
KR6SH0006YQ8,53312,6,True,LIZARD no-KI,coupon_regular,0.0025,0.9995189682323224,25.905256065886714,0.057072562791601195,120000,25.811233308749962,26.002380553970056
KR6SH0006YQ8,53312,7,True,LIZARD no-KI,coupon_regular,0.005,1.002109493838911,51.81051213177193,0.11414512558320493,120000,51.62246661749842,52.00476110793862
KR6SH0006YQ8,53312,8,True,LIZARD no-KI,coupon_regular,0.01,1.007290545052088,103.6210242635437,0.2282902511664088,120000,103.24493323499672,104.00952221587711
KR6SH0006YQ8,53312,9,True,LIZARD no-KI,first_strike,-0.05,0.999478145010103,25.497023843692556,1.9179712391510626,19741,23.397217060488995,27.601811271143088
KR6SH0006YQ8,53312,10,True,LIZARD no-KI,first_strike,-0.025,0.9980398164725429,11.11373846809172,1.3340234884063058,10458,8.61772172419326,13.178995388941788
KR6SH0006YQ8,53312,11,True,LIZARD no-KI,first_strike,-0.01,0.9972084491808572,2.800065551232426,0.8018631054800167,4315,1.5508416587803937,3.7863269041723626
KR6SH0006YQ8,53312,12,True,LIZARD no-KI,first_strike,-0.005,0.9970728546389112,1.4441201317730261,0.5603841540298516,2151,0.0696993088474232,2.135026874493292
KR6SH0006YQ8,53312,13,True,LIZARD no-KI,first_strike,0.005,0.9969221010122666,-0.06341613467140692,0.5175704558812828,2209,-0.5942281003557646,0.4324569064774643
KR6SH0006YQ8,53312,14,True,LIZARD no-KI,first_strike,0.01,0.9968695803190399,-0.5886230669393365,0.7406147911866111,4438,-1.7059522458307008,0.14074509491447607
KR6SH0006YQ8,53312,15,True,LIZARD no-KI,first_strike,0.025,0.9967233282020175,-2.051144237162795,1.165543873064361,11301,-2.6143524665952325,-1.0162466543474988
KR6SH0006YQ8,53312,16,True,LIZARD no-KI,first_strike,0.05,0.9969106092307847,-0.1783339494914146,1.5462661964759434,22459,-0.6533647649009805,0.3704926537649688
KR6SH0006YQ8,53312,17,True,LIZARD no-KI,last_strike,-0.05,1.0066019901512695,96.73547525535845,1.8545291121419683,2663,93.54121949284402,99.2346738747531
KR6SH0006YQ8,53312,18,True,LIZARD no-KI,last_strike,-0.025,1.0019412061744477,50.127635487138974,1.3248854889655484,1415,45.69822707319105,54.41182025538587
KR6SH0006YQ8,53312,19,True,LIZARD no-KI,last_strike,-0.01,0.9990776351186965,21.49192492962573,0.8637296558430589,616,18.9426052164955,23.551249256621524
KR6SH0006YQ8,53312,20,True,LIZARD no-KI,last_strike,-0.005,0.9979484034732886,10.199608475549386,0.5941297419071792,294,8.952842936749448,10.925504224035961
KR6SH0006YQ8,53312,21,True,LIZARD no-KI,last_strike,0.005,0.9959716557840284,-9.567868417054992,0.5721525451997365,279,-9.877831436366911,-9.051710231277323
KR6SH0006YQ8,53312,22,True,LIZARD no-KI,last_strike,0.01,0.9950119834086658,-19.164592170679416,0.8065348131981852,562,-20.76403623465927,-18.00266255258592
KR6SH0006YQ8,53312,23,True,LIZARD no-KI,last_strike,0.025,0.9923316859177497,-45.96756707984022,1.2349724234538952,1370,-46.77553199908466,-44.49671106675957
KR6SH0006YQ8,53312,24,True,LIZARD no-KI,last_strike,0.05,0.9880162279307939,-89.12214694939904,1.6856294174299606,2735,-89.57841515763093,-88.72736906044798
KR6KS0005QZ1,53685,0,False,STEP KI,base,0.0,0.9524584793319112,0.0,0.0,0,0.0,0.0
KR6KS0005QZ1,53685,1,False,STEP KI,coupon_regular,-0.01,0.9431919212422465,-92.66558089664629,0.2557544708033576,104313,-92.93821451465978,-92.23629313027939
KR6KS0005QZ1,53685,2,False,STEP KI,coupon_regular,-0.005,0.9478252002870787,-46.33279044832276,0.1278772354016796,104313,-46.46910725732951,-46.11814656513932
KR6KS0005QZ1,53685,3,False,STEP KI,coupon_regular,-0.0025,0.9501418398094948,-23.166395224162343,0.06393861770084058,104313,-23.23455362866571,-23.059073282570616
KR6KS0005QZ1,53685,4,False,STEP KI,coupon_regular,-0.001,0.9515318235229449,-9.266558089663917,0.025575447080336617,104313,-9.293821451465266,-9.223629313027232
KR6KS0005QZ1,53685,5,False,STEP KI,coupon_regular,0.001,0.9533851351408775,9.266558089664453,0.02557544708033491,104313,9.223629313027761,9.293821451465805
KR6KS0005QZ1,53685,6,False,STEP KI,coupon_regular,0.0025,0.9547751188543273,23.16639522416175,0.06393861770083917,104313,23.059073282570026,23.23455362866512
KR6KS0005QZ1,53685,7,False,STEP KI,coupon_regular,0.005,0.9570917583767434,46.33279044832321,0.1278772354016784,104313,46.11814656513976,46.46910725732995
KR6KS0005QZ1,53685,8,False,STEP KI,coupon_regular,0.01,0.9617250374215758,92.6655808966466,0.2557544708033567,104313,92.2362931302797,92.93821451466009
KR6KS0005QZ1,53685,9,False,STEP KI,ki_barrier,-0.05,0.9795216434176585,270.6316408574737,3.874047254307999,4744,268.58585106823216,272.6943156138884
KR6KS0005QZ1,53685,10,False,STEP KI,ki_barrier,-0.025,0.9660997050600583,136.41225728147185,2.7511101251845314,2438,133.15677291619227,139.91500136227904
KR6KS0005QZ1,53685,11,False,STEP KI,ki_barrier,-0.01,0.9578743077030046,54.15828371093599,1.727884761843662,987,52.68017285517422,56.18231526553904
KR6KS0005QZ1,53685,12,False,STEP KI,ki_barrier,-0.005,0.9551149501696239,26.564708377128532,1.2125209194085935,484,25.636452014883133,28.250769746529933
KR6KS0005QZ1,53685,13,False,STEP KI,ki_barrier,0.005,0.9498122785072174,-26.462008246937092,1.2125128888524601,480,-28.43308324480248,-24.95228998289012
KR6KS0005QZ1,53685,14,False,STEP KI,ki_barrier,0.01,0.9470033453842116,-54.551339476994755,1.7322193299641844,995,-58.205750585275034,-51.84814310937965
KR6KS0005QZ1,53685,15,False,STEP KI,ki_barrier,0.025,0.9394658458330611,-129.92633498849955,2.6416256504272373,2398,-137.14463306540284,-123.0712277614445
KR6KS0005QZ1,53685,16,False,STEP KI,ki_barrier,0.05,0.9278307655045335,-246.27713827377633,3.571934248380652,4624,-251.99705646521812,-238.87037811852665
KR6KS0005QZ1,53685,17,False,STEP KI,first_strike,-0.05,0.9586462572130978,61.87777881186771,2.6817040556090346,22109,58.105815968484904,66.23345985466895
KR6KS0005QZ1,53685,18,False,STEP KI,first_strike,-0.025,0.9550287593766706,25.70280044759567,1.7877729437660925,10991,22.628757229606265,29.152808347729387
KR6KS0005QZ1,53685,19,False,STEP KI,first_strike,-0.01,0.9532737870099854,8.153076780744769,1.0620331652750512,4350,6.8641024438433,9.244475993513431
KR6KS0005QZ1,53685,20,False,STEP KI,first_strike,-0.005,0.9527013757553564,2.4289642344522577,0.6825984184758596,2132,2.2260036487839736,2.7470917932878756
KR6KS0005QZ1,53685,21,False,STEP KI,first_strike,0.005,0.952184212354095,-2.7426697781608915,0.6901253783989542,2100,-4.005337580136073,-1.0904830756135373
KR6KS0005QZ1,53685,22,False,STEP KI,first_strike,0.01,0.951831195607287,-6.2728372462412425,0.9977911801397404,4242,-7.558780940673933,-3.881075378522579
KR6KS0005QZ1,53685,23,False,STEP KI,first_strike,0.025,0.9509875364724766,-14.709428594344912,1.5162726715604207,10223,-16.23735240850756,-12.968500966394354
KR6KS0005QZ1,53685,24,False,STEP KI,first_strike,0.05,0.9500958727703654,-23.626065615457954,1.9728799923230853,18802,-24.12923085441036,-22.82555585625581
KR6KS0005QZ1,53685,25,False,STEP KI,last_strike,-0.05,0.9534554488794487,9.969695475375744,0.6418047721301628,241,8.301069301281775,10.941271707224072
KR6KS0005QZ1,53685,26,False,STEP KI,last_strike,-0.025,0.952918028891903,4.595495599920003,0.4302425680505397,114,3.7390661321957643,5.326533192053072
KR6KS0005QZ1,53685,27,False,STEP KI,last_strike,-0.01,0.9526333795806062,1.7490024869513459,0.2636287033521117,44,1.552191188239845,1.9066882214367493
KR6KS0005QZ1,53685,28,False,STEP KI,last_strike,-0.005,0.952541538062422,0.8305873051076047,0.18123429014242615,21,0.5941523934742163,0.948944707780222
KR6KS0005QZ1,53685,29,False,STEP KI,last_strike,0.005,0.9523918722260183,-0.6660710589285361,0.16153583533547997,17,-0.8228317577290272,-0.4704455432044537
KR6KS0005QZ1,53685,30,False,STEP KI,last_strike,0.01,0.9523065027605626,-1.5197657134847564,0.24332254006493553,39,-1.638588497260166,-1.4041173647403278
KR6KS0005QZ1,53685,31,False,STEP KI,last_strike,0.025,0.9521849191706313,-2.7356016127980527,0.32459484252381393,71,-2.776824588540012,-2.6573225234643605
KR6KS0005QZ1,53685,32,False,STEP KI,last_strike,0.05,0.9520171392683997,-4.413400635114397,0.40801035486988957,117,-4.962209488628741,-3.966734387832835
KR6SH00073M5,53741,0,True,LIZARD no-KI,base,0.0,0.9662210178077982,0.0,0.0,0,0.0,0.0
KR6SH00073M5,53741,1,True,LIZARD no-KI,coupon_regular,-0.01,0.95576011028015,-104.60907527648314,0.17544563379357062,120000,-104.7764887792244,-104.3614720823174
KR6SH00073M5,53741,2,True,LIZARD no-KI,coupon_regular,-0.005,0.9609905640439742,-52.30453763824181,0.08772281689678449,120000,-52.388244389612424,-52.18073604115893
KR6SH00073M5,53741,3,True,LIZARD no-KI,coupon_regular,-0.0025,0.9636057909258862,-26.152268819121154,0.04386140844839149,120000,-26.19412219480646,-26.090368020579717
KR6SH00073M5,53741,4,True,LIZARD no-KI,coupon_regular,-0.001,0.9651749270550336,-10.46090752764859,0.017544563379356642,120000,-10.477648877922713,-10.436147208232015
KR6SH00073M5,53741,5,True,LIZARD no-KI,coupon_regular,0.001,0.9672671085605631,10.460907527648144,0.01754456337935857,120000,10.436147208231569,10.477648877922272
KR6SH00073M5,53741,6,True,LIZARD no-KI,coupon_regular,0.0025,0.9688362446897104,26.152268819120863,0.04386140844839362,120000,26.090368020579415,26.194122194806177
KR6SH00073M5,53741,7,True,LIZARD no-KI,coupon_regular,0.005,0.9714514715716226,52.30453763824149,0.08772281689678653,120000,52.18073604115861,52.38824438961212
KR6SH00073M5,53741,8,True,LIZARD no-KI,coupon_regular,0.01,0.9766819253354465,104.6090752764828,0.17544563379357245,120000,104.36147208231704,104.77648877922402
KR6SH00073M5,53741,9,True,LIZARD no-KI,first_strike,-0.05,0.9695153018959639,32.94284088165609,1.9770892313727575,20014,30.75016160693737,35.66832150969569
KR6SH00073M5,53741,10,True,LIZARD no-KI,first_strike,-0.025,0.9675440462655496,13.23028457751178,1.3262137906380034,10014,9.577669522897368,16.401149516661825
KR6SH00073M5,53741,11,True,LIZARD no-KI,first_strike,-0.01,0.9667139963649163,4.929785571180189,0.824658262031675,4028,3.398066411575516,6.962270784515662
KR6SH00073M5,53741,12,True,LIZARD no-KI,first_strike,-0.005,0.9664022422483581,1.8122444055973634,0.5635841716078945,2054,1.027319718081854,2.723647576425359
KR6SH00073M5,53741,13,True,LIZARD no-KI,first_strike,0.005,0.9661089804811154,-1.1203732668294268,0.5208381675787976,1973,-1.9205213806107455,-0.41182174921911435
KR6SH00073M5,53741,14,True,LIZARD no-KI,first_strike,0.01,0.9658688683202254,-3.5214948757297155,0.7715857410600288,3976,-4.685463135659565,-2.924230658429651
KR6SH00073M5,53741,15,True,LIZARD no-KI,first_strike,0.025,0.9654735865079613,-7.474312998369696,1.1697979983842097,9630,-11.0079092377201,-3.5710319127477894
KR6SH00073M5,53741,16,True,LIZARD no-KI,first_strike,0.05,0.9652691689043918,-9.518489034064842,1.520296343473321,18086,-13.244786497895713,-4.6360256163158065
KR6SH00073M5,53741,17,True,LIZARD no-KI,last_strike,-0.05,0.9789582913189837,127.37273511185367,2.2298318358943554,3179,124.08651697566334,133.18704032232748
KR6SH00073M5,53741,18,True,LIZARD no-KI,last_strike,-0.025,0.9724123915002788,61.91373692480537,1.5459997342073093,1583,61.31669995356894,62.46164214823614
KR6SH00073M5,53741,19,True,LIZARD no-KI,last_strike,-0.01,0.9687261823772584,25.05164569460024,0.9799620152178126,650,24.16333627278255,26.70521015609054
KR6SH00073M5,53741,20,True,LIZARD no-KI,last_strike,-0.005,0.9674981826472882,12.771648394898023,0.6989160598230882,333,11.733518023073632,14.154517093917578
KR6SH00073M5,53741,21,True,LIZARD no-KI,last_strike,0.005,0.964998373246965,-12.226445608332918,0.6804440288952558,322,-12.758180267525354,-11.73348364242694
KR6SH00073M5,53741,22,True,LIZARD no-KI,last_strike,0.01,0.9638177570109986,-24.032607967997627,0.9504456282056758,636,-25.164425054944527,-22.9027309337119
KR6SH00073M5,53741,23,True,LIZARD no-KI,last_strike,0.025,0.9603572391258012,-58.637786819971566,1.4675052770856727,1576,-59.37501127477002,-58.12339668508765
KR6SH00073M5,53741,24,True,LIZARD no-KI,last_strike,0.05,0.9544450282139653,-117.75989593833124,2.0378338244222935,3252,-122.68668191943115,-112.1802799433739
20241121000395_3379,53871,0,False,LIZARD no-KI,base,0.0,1.0003207067604556,0.0,0.0,0,0.0,0.0
20241121000395_3379,53871,1,False,LIZARD no-KI,coupon_regular,-0.01,0.9966526325772573,-36.68074183198253,0.1106788712785144,76967,-36.82911612900084,-36.592980272536686
20241121000395_3379,53871,2,False,LIZARD no-KI,coupon_regular,-0.005,0.9984866696688565,-18.340370915991215,0.05533943563925692,76967,-18.414558064500362,-18.29649013626829
20241121000395_3379,53871,3,False,LIZARD no-KI,coupon_regular,-0.0025,0.9994036882146559,-9.17018545799627,0.02766971781962932,76967,-9.207279032250845,-9.148245068134809
20241121000395_3379,53871,4,False,LIZARD no-KI,coupon_regular,-0.001,0.9999538993421356,-3.668074183197966,0.011067887127851258,76967,-3.6829116128997956,-3.6592980272533815
20241121000395_3379,53871,5,False,LIZARD no-KI,coupon_regular,0.001,1.0006875141787752,3.668074183198037,0.011067887127851266,76967,3.6592980272534494,3.682911612899868
20241121000395_3379,53871,6,False,LIZARD no-KI,coupon_regular,0.0025,1.001237725306255,9.170185457995006,0.027669717819627907,76967,9.148245068133539,9.20727903224958
20241121000395_3379,53871,7,False,LIZARD no-KI,coupon_regular,0.005,1.0021547438520546,18.340370915991315,0.05533943563925722,76967,18.296490136268385,18.41455806450046
20241121000395_3379,53871,8,False,LIZARD no-KI,coupon_regular,0.01,1.0039887809436538,36.68074183198384,0.11067887127851533,76967,36.592980272537986,36.82911612900213
20241121000395_3379,53871,9,False,LIZARD no-KI,first_strike,-0.05,1.0003912666951564,0.7055993470098105,0.2274678140107449,276,0.5419067506236034,0.8744541639327472
20241121000395_3379,53871,10,False,LIZARD no-KI,first_strike,-0.025,1.0003454935232805,0.24786762825126255,0.1349611410074277,99,0.15986838193169103,0.41016042050191437
20241121000395_3379,53871,11,False,LIZARD no-KI,first_strike,-0.01,1.0003296938180586,0.0898705760313674,0.07356441941039528,28,-0.04407255218351347,0.21077330816689904
20241121000395_3379,53871,12,False,LIZARD no-KI,first_strike,-0.005,1.000323307540533,0.026007800771544833,0.04109062213878114,9,-0.01836356340979728,0.1037323910883507
20241121000395_3379,53871,13,False,LIZARD no-KI,first_strike,0.005,1.0003226655405526,0.01958780097045043,0.004896644171106814,16,0.014690850727837823,0.022036276091756735
20241121000395_3379,53871,14,False,LIZARD no-KI,first_strike,0.01,1.000323277659333,0.02570898877371619,0.0056096937534826485,21,0.022036276091756735,0.0330544141376351
20241121000395_3379,53871,15,False,LIZARD no-KI,first_strike,0.025,1.0003271956286173,0.06488868161816262,0.009559400075196026,50,0.04774526486547293,0.08814510436702694
20241121000395_3379,53871,16,False,LIZARD no-KI,first_strike,0.05,1.000330133798763,0.09427038307383827,0.011283334704059752,74,0.07712696632114856,0.12119951850466204
20241121000395_3379,53871,17,False,LIZARD no-KI,last_strike,-0.05,1.0021984893821942,18.777826217387076,0.8888196803494458,445,17.429634713917057,20.447210143150972
20241121000395_3379,53871,18,False,LIZARD no-KI,last_strike,-0.025,1.0012151274528054,8.944206923499442,0.6066860972490733,217,8.511961039940074,9.18680185296644
20241121000395_3379,53871,19,False,LIZARD no-KI,last_strike,-0.01,1.000653584116695,3.328773562396743,0.36748335593244785,82,2.3148544707688785,3.901202575660255
20241121000395_3379,53871,20,False,LIZARD no-KI,last_strike,-0.005,1.0004944521909411,1.7374543048566171,0.2649140334054346,43,0.9697322793639556,2.3009894900275403
20241121000395_3379,53871,21,False,LIZARD no-KI,last_strike,0.005,1.0001646885899482,-1.5601817050725313,0.2497903486864562,39,-1.801212388770876,-1.200679693329592
20241121000395_3379,53871,22,False,LIZARD no-KI,last_strike,0.01,1.000037867840237,-2.828389202184922,0.33557512022145364,71,-3.108039339811741,-2.2710770764776558
20241121000395_3379,53871,23,False,LIZARD no-KI,last_strike,0.025,0.9996304880743432,-6.902186861123842,0.5199503316152015,176,-8.00182271445511,-6.3408007848358325
20241121000395_3379,53871,24,False,LIZARD no-KI,last_strike,0.05,0.9991225408916625,-11.981658687931485,0.6777168657525959,312,-12.933402887072983,-10.844762029802892
KR6MD0006FL0,53909,0,False,LIZARD KI,base,0.0,1.0125056339501977,0.0,0.0,0,0.0,0.0
KR6MD0006FL0,53909,1,False,LIZARD KI,coupon_regular,-0.01,1.0053086229682922,-71.97010981905322,0.2217144209110588,97304,-72.5331710508823,-71.64448374705725
KR6MD0006FL0,53909,2,False,LIZARD KI,coupon_regular,-0.005,1.008907128459245,-35.98505490952604,0.11085721045552968,97304,-36.26658552544058,-35.82224187352806
KR6MD0006FL0,53909,3,False,LIZARD KI,coupon_regular,-0.0025,1.0107063812047212,-17.992527454763774,0.05542860522776502,97304,-18.13329276272104,-17.91112093676478
KR6MD0006FL0,53909,4,False,LIZARD KI,coupon_regular,-0.001,1.011785932852007,-7.197010981904434,0.022171442091105952,97304,-7.253317105087342,-7.164448374704841
KR6MD0006FL0,53909,5,False,LIZARD KI,coupon_regular,0.001,1.013225335048388,7.1970109819056844,0.02217144209110555,97304,7.164448374706087,7.253317105088593
KR6MD0006FL0,53909,6,False,LIZARD KI,coupon_regular,0.0025,1.0143048866956739,17.992527454763525,0.055428605227764355,97304,17.91112093676453,18.133292762720792
KR6MD0006FL0,53909,7,False,LIZARD KI,coupon_regular,0.005,1.0161041394411503,35.98505490952729,0.11085721045552925,97304,35.82224187352931,36.26658552544184
KR6MD0006FL0,53909,8,False,LIZARD KI,coupon_regular,0.01,1.019702644932103,71.97010981905441,0.22171442091105723,97304,71.64448374705844,72.53317105088348
KR6MD0006FL0,53909,9,False,LIZARD KI,ki_barrier,-0.05,1.0235294627070664,110.23828756868893,2.456712073613262,1996,105.70358834417512,118.31261435059506
KR6MD0006FL0,53909,10,False,LIZARD KI,ki_barrier,-0.025,1.0183261446761447,58.205107259473415,1.7750889814010862,1074,56.75415306077365,60.428700456242325
KR6MD0006FL0,53909,11,False,LIZARD KI,ki_barrier,-0.01,1.0149028420302746,23.972080800771806,1.1372009757348092,446,23.21446727028568,25.084749714962136
KR6MD0006FL0,53909,12,False,LIZARD KI,ki_barrier,-0.005,1.0137818699004804,12.762359502827826,0.8280452667223633,239,11.885954886624273,14.495750572274382
KR6MD0006FL0,53909,13,False,LIZARD KI,ki_barrier,0.005,1.0111415201428846,-13.641138073129264,0.8517225168653424,258,-13.997589776282428,-13.08855601836547
KR6MD0006FL0,53909,14,False,LIZARD KI,ki_barrier,0.01,1.0098203686441949,-26.852653060024984,1.1911790086318885,510,-27.658420103497694,-25.712468122481482
KR6MD0006FL0,53909,15,False,LIZARD KI,ki_barrier,0.025,1.005876616380571,-66.29017569626365,1.853129398283872,1276,-67.67701653708306,-64.01888990754706
KR6MD0006FL0,53909,16,False,LIZARD KI,ki_barrier,0.05,0.9995247300567788,-129.80903893418704,2.560079530363718,2537,-133.6205065960845,-125.2795780809483
KR6MD0006FL0,53909,17,False,LIZARD KI,first_strike,-0.05,1.0120088441492439,-4.967898009536007,1.335750691013458,11595,-7.268008038275698,-2.9004240696273125
KR6MD0006FL0,53909,18,False,LIZARD KI,first_strike,-0.025,1.0122468349928018,-2.587989573956962,0.7900146724375279,4753,-2.8740207942013716,-2.0192599215354186
KR6MD0006FL0,53909,19,False,LIZARD KI,first_strike,-0.01,1.0124139652476183,-0.9166870257933604,0.46536508234850443,1681,-1.632238803425987,0.2027684135182198
KR6MD0006FL0,53909,20,False,LIZARD KI,first_strike,-0.005,1.0124154075626195,-0.9022638757806714,0.27537428581171963,751,-1.020231060363282,-0.8305439933903175
KR6MD0006FL0,53909,21,False,LIZARD KI,first_strike,0.005,1.0126182598966584,1.1262594646081763,0.22311774043019253,713,0.9127433720371687,1.3434054593173095
KR6MD0006FL0,53909,22,False,LIZARD KI,first_strike,0.01,1.0127035791336265,1.979451834288929,0.32713358504657625,1414,1.2172559598635686,2.9586547279256106
KR6MD0006FL0,53909,23,False,LIZARD KI,first_strike,0.025,1.0127834859115112,2.7785196131375844,0.5529837121935979,3084,2.5545846973840103,3.2173811462940893
KR6MD0006FL0,53909,24,False,LIZARD KI,first_strike,0.05,1.0130383288152056,5.326948650081019,0.6567092533706139,5062,4.702189161566885,6.320028284300082
KR6MD0006FL0,53909,25,False,LIZARD KI,last_strike,-0.05,1.0128030835456654,2.9744959546806613,0.3505621802790799,72,2.367048398723977,3.3374537842637473
KR6MD0006FL0,53909,26,False,LIZARD KI,last_strike,-0.025,1.0126428280886681,1.371941384707512,0.23527708256715663,34,0.7274521047728248,1.6991011183523685
KR6MD0006FL0,53909,27,False,LIZARD KI,last_strike,-0.01,1.0125653318310257,0.5969788082821835,0.1541337419382385,15,0.2389754276295707,0.9542314204700113
KR6MD0006FL0,53909,28,False,LIZARD KI,last_strike,-0.005,1.0125333050295728,0.276710793753637,0.10458454626276517,7,0.11911651169453974,0.47418627846003647
KR6MD0006FL0,53909,29,False,LIZARD KI,last_strike,0.005,1.0124821365001107,-0.23497450086734353,0.09592616353733194,6,-0.4699542910790836,0.0
KR6MD0006FL0,53909,30,False,LIZARD KI,last_strike,0.01,1.0124743674523013,-0.3126649789613148,0.11054141843589699,8,-0.4699542910790836,-0.116585567407846
KR6MD0006FL0,53909,31,False,LIZARD KI,last_strike,0.025,1.0124249155932723,-0.8071835692533579,0.17614792892374453,21,-1.039062432984436,-0.3442008511691313
KR6MD0006FL0,53909,32,False,LIZARD KI,last_strike,0.05,1.0123737967247999,-1.3183722539749496,0.22291461755265765,35,-1.4808053880491445,-1.2132444978367767
KR6SH0007689,54035,0,True,LIZARD no-KI,base,0.0,0.96959933781677,0.0,0.0,0,0.0,0.0
KR6SH0007689,54035,1,True,LIZARD no-KI,coupon_regular,-0.01,0.9600716661338197,-95.27671682950434,0.18003901373153916,120000,-95.67058816190644,-94.81743557273457
KR6SH0007689,54035,2,True,LIZARD no-KI,coupon_regular,-0.005,0.9648355019752948,-47.63835841475196,0.09001950686576868,120000,-47.835294080953005,-47.40871778636708
KR6SH0007689,54035,3,True,LIZARD no-KI,coupon_regular,-0.0025,0.9672174198960324,-23.81917920737585,0.045009753432884235,120000,-23.91764704047638,-23.70435889318341
KR6SH0007689,54035,4,True,LIZARD no-KI,coupon_regular,-0.001,0.9686465706484748,-9.527671682950801,0.018003901373152425,120000,-9.567058816191008,-9.481743557273827
KR6SH0007689,54035,5,True,LIZARD no-KI,coupon_regular,0.001,0.9705521049850652,9.527671682950968,0.018003901373153247,120000,9.481743557273994,9.567058816191176
KR6SH0007689,54035,6,True,LIZARD no-KI,coupon_regular,0.0025,0.9719812557375078,23.819179207376397,0.04500975343288559,120000,23.70435889318396,23.91764704047693
KR6SH0007689,54035,7,True,LIZARD no-KI,coupon_regular,0.005,0.9743631736582453,47.63835841475251,0.09001950686576995,120000,47.40871778636762,47.835294080953545
KR6SH0007689,54035,8,True,LIZARD no-KI,coupon_regular,0.01,0.9791270094997204,95.27671682950478,0.18003901373153994,120000,94.81743557273502,95.67058816190689
KR6SH0007689,54035,9,True,LIZARD no-KI,first_strike,-0.05,0.9752344876087872,56.35149792017166,2.0568994916007015,18697,55.62610436878022,57.23963275650328
KR6SH0007689,54035,10,True,LIZARD no-KI,first_strike,-0.025,0.972160194571636,25.60856754866044,1.4155853450824358,9560,22.375626828205924,27.61676716941054
KR6SH0007689,54035,11,True,LIZARD no-KI,first_strike,-0.01,0.9705123337059736,9.129958892035352,0.8614456233987029,3831,7.45401123162935,10.154054057403627
KR6SH0007689,54035,12,True,LIZARD no-KI,first_strike,-0.005,0.9699797562587388,3.8041844196864325,0.5815179223270469,1914,2.7316983497244154,4.47455346454131
KR6SH0007689,54035,13,True,LIZARD no-KI,first_strike,0.005,0.9692544485237459,-3.4488929302408162,0.5657116328213542,1955,-4.122106788420012,-2.9559098053974604
KR6SH0007689,54035,14,True,LIZARD no-KI,first_strike,0.01,0.9688553241268739,-7.440136898960544,0.8141115626438777,3973,-8.384858039600346,-6.211603229655094
KR6SH0007689,54035,15,True,LIZARD no-KI,first_strike,0.025,0.9679206786669383,-16.786591498316586,1.2507165478801898,9913,-17.09405862211498,-16.291366612404087
KR6SH0007689,54035,16,True,LIZARD no-KI,first_strike,0.05,0.9667158913569289,-28.83446459840995,1.6894664774139732,19522,-32.05689402706713,-26.115306393900628
KR6SH0007689,54035,17,True,LIZARD no-KI,last_strike,-0.05,0.98165872990735,120.59392090580111,2.1767385435846007,2995,115.01996320780361,129.50952183649164
KR6SH0007689,54035,18,True,LIZARD no-KI,last_strike,-0.025,0.9756824535731325,60.83115756362488,1.5372702263634528,1546,57.368542660383724,67.28113610580019
KR6SH0007689,54035,19,True,LIZARD no-KI,last_strike,-0.01,0.9718976961684611,22.983583516910915,0.9415074604947116,593,21.74298374545039,24.300937254176247
KR6SH0007689,54035,20,True,LIZARD no-KI,last_strike,-0.005,0.9707175865797001,11.182487629300274,0.6558697359841452,290,10.638983507284369,11.798236939055789
KR6SH0007689,54035,21,True,LIZARD no-KI,last_strike,0.005,0.9683542172020352,-12.45120614734808,0.6886769819519627,326,-13.178947225806901,-11.688539068133514
KR6SH0007689,54035,22,True,LIZARD no-KI,last_strike,0.01,0.9672048610161819,-23.94476800587989,0.9514953232976633,630,-26.677723570721533,-21.557771734755736
KR6SH0007689,54035,23,True,LIZARD no-KI,last_strike,0.025,0.9637494622846045,-58.49875532165609,1.470183969915161,1563,-60.80892049096831,-54.36391489403482
KR6SH0007689,54035,24,True,LIZARD no-KI,last_strike,0.05,0.9578169509930784,-117.82386823691616,2.0450605462785325,3233,-121.63856159799494,-112.66413390794148
KR6HN0006286,54081,0,True,STEP no-KI,base,0.0,0.9825386698699299,0.0,0.0,0,0.0,0.0
KR6HN0006286,54081,1,True,STEP no-KI,coupon_regular,-0.01,0.9705392793262554,-119.99390543674473,0.2056417043010714,120000,-120.1968905627675,-119.77604104506624
KR6HN0006286,54081,2,True,STEP no-KI,coupon_regular,-0.005,0.9765389745980927,-59.99695271837238,0.10282085215053585,120000,-60.09844528138377,-59.88802052253314
KR6HN0006286,54081,3,True,STEP no-KI,coupon_regular,-0.0025,0.9795388222340113,-29.998476359185712,0.05141042607526868,120000,-30.04922264069142,-29.944010261266094
KR6HN0006286,54081,4,True,STEP no-KI,coupon_regular,-0.001,0.9813387308155626,-11.999390543674716,0.020564170430107304,120000,-12.019689056276999,-11.97760410450687
KR6HN0006286,54081,5,True,STEP no-KI,coupon_regular,0.001,0.9837386089242975,11.999390543674265,0.020564170430107373,120000,11.977604104506412,12.01968905627654
KR6HN0006286,54081,6,True,STEP no-KI,coupon_regular,0.0025,0.9855385175058486,29.998476359186146,0.05141042607526687,120000,29.944010261266527,30.04922264069184
KR6HN0006286,54081,7,True,STEP no-KI,coupon_regular,0.005,0.9885383651417673,59.996952718372974,0.10282085215053445,120000,59.88802052253373,60.09844528138436
KR6HN0006286,54081,8,True,STEP no-KI,coupon_regular,0.01,0.9945380604136045,119.9939054367452,0.20564170430106943,120000,119.7760410450667,120.19689056276798
KR6HN0006286,54081,9,True,STEP no-KI,first_strike,-0.05,0.9852808887810244,27.42218911094433,1.9291614867886875,24481,20.66324242184654,30.93064329557437
KR6HN0006286,54081,10,True,STEP no-KI,first_strike,-0.025,0.9832540085081759,7.153386382460405,1.246422627356435,12015,3.2966081311052857,11.499234829152403
KR6HN0006286,54081,11,True,STEP no-KI,first_strike,-0.01,0.9827888667144067,2.501968444766853,0.7671214126539853,4754,0.9453517998757749,4.013485655219878
KR6HN0006286,54081,12,True,STEP no-KI,first_strike,-0.005,0.982653526627016,1.1485675708607195,0.5335286162542091,2351,-0.16289151164082805,1.9051942651005411
KR6HN0006286,54081,13,True,STEP no-KI,first_strike,0.005,0.9824634067571035,-0.7526311282642696,0.5178013007686398,2304,-1.283602006344796,0.14007079774595033
KR6HN0006286,54081,14,True,STEP no-KI,first_strike,0.01,0.9824311426146097,-1.075272553200625,0.710239024682302,4577,-2.79718239544726,0.9222579680678756
KR6HN0006286,54081,15,True,STEP no-KI,first_strike,0.025,0.9823644761905324,-1.7419367939762147,1.0698834242242166,10843,-3.770820129981079,1.403831834416643
KR6HN0006286,54081,16,True,STEP no-KI,first_strike,0.05,0.9828188813566838,2.8021148675384806,1.3538509416631945,20160,1.0882978234295317,4.576689010098916
KR6HN0006286,54081,17,True,STEP no-KI,last_strike,-0.05,0.9938421272182898,113.03457348359808,1.7760480395489977,3924,110.56470237895707,115.49208482199413
KR6HN0006286,54081,18,True,STEP no-KI,last_strike,-0.025,0.9880621209750737,55.23451105143891,1.2306352093109205,1982,54.49811523922967,56.579656857989896
KR6HN0006286,54081,19,True,STEP no-KI,last_strike,-0.01,0.9846037166608588,20.65046790928635,0.7482105142263893,757,19.397575853407126,21.589118672738746
KR6HN0006286,54081,20,True,STEP no-KI,last_strike,-0.005,0.9834835298655104,9.448599955803514,0.5050422974614448,349,8.776862111247322,10.715587598829984
KR6HN0006286,54081,21,True,STEP no-KI,last_strike,0.005,0.9815295739212,-10.090959487298976,0.5182114118650291,378,-10.731035868797433,-9.36738926723373
KR6HN0006286,54081,22,True,STEP no-KI,last_strike,0.01,0.9805559996824234,-19.826701875065588,0.7227013289188335,748,-20.834763804356385,-18.601860387766855
KR6HN0006286,54081,23,True,STEP no-KI,last_strike,0.025,0.9775503169673072,-49.88352902622689,1.1280596339677111,1925,-52.44775479817722,-48.02612132365614
KR6HN0006286,54081,24,True,STEP no-KI,last_strike,0.05,0.9735816778260413,-89.56992043888634,1.4765882592658102,3577,-94.03493958637559,-85.85544078238797
KR6KS00064V0,54520,0,False,LIZARD KI,base,0.0,0.9149493568698099,0.0,0.0,0,0.0,0.0
KR6KS00064V0,54520,1,False,LIZARD KI,coupon_regular,-0.01,0.9087472352476615,-62.02121622148396,0.18139379576749068,93579,-62.30703493878587,-61.795748889019805
KR6KS00064V0,54520,2,False,LIZARD KI,coupon_regular,-0.005,0.9118482960587357,-31.010608110741963,0.09069689788374595,93579,-31.15351746939291,-30.89787444450989
KR6KS00064V0,54520,3,False,LIZARD KI,coupon_regular,-0.0025,0.9133988264642728,-15.505304055370836,0.045348448941872496,93579,-15.576758734696309,-15.448937222254802
KR6KS00064V0,54520,4,False,LIZARD KI,coupon_regular,-0.001,0.9143291447075952,-6.202121622148314,0.018139379576749427,93579,-6.230703493878503,-6.179574888901899
KR6KS00064V0,54520,5,False,LIZARD KI,coupon_regular,0.001,0.9155695690320247,6.2021216221486055,0.018139379576750127,93579,6.179574888902189,6.230703493878799
KR6KS00064V0,54520,6,False,LIZARD KI,coupon_regular,0.0025,0.916499887275347,15.505304055371122,0.045348448941873516,93579,15.448937222255083,15.5767587346966
KR6KS00064V0,54520,7,False,LIZARD KI,coupon_regular,0.005,0.9180504176808839,31.010608110742044,0.09069689788374594,93579,30.897874444509966,31.153517469393
KR6KS00064V0,54520,8,False,LIZARD KI,coupon_regular,0.01,0.9211514784919583,62.02121622148423,0.18139379576749182,93579,61.79574888902006,62.30703493878613
KR6KS00064V0,54520,9,False,LIZARD KI,ki_barrier,-0.05,0.9196797603077288,47.304034379189154,1.7530803684741914,728,43.1364922178947,50.313596593397335
KR6KS00064V0,54520,10,False,LIZARD KI,ki_barrier,-0.025,0.9169061418766937,19.567850068838137,1.1222203949586798,305,17.94023859238768,21.053800447693533
KR6KS00064V0,54520,11,False,LIZARD KI,ki_barrier,-0.01,0.9156277160836466,6.783592138366723,0.6602642696527244,106,5.048123185191416,8.419891360330688
KR6KS00064V0,54520,12,False,LIZARD KI,ki_barrier,-0.005,0.915267517368241,3.1816049843087124,0.4511898949332687,50,2.5384336486356562,3.841984280867072
KR6KS00064V0,54520,13,False,LIZARD KI,ki_barrier,0.005,0.9146425728382311,-3.0678403157891623,0.4438247494663003,48,-3.5950071512722217,-2.5521005096975546
KR6KS00064V0,54520,14,False,LIZARD KI,ki_barrier,0.01,0.9143820853470124,-5.672715227976212,0.5991667591935589,90,-6.51180550382554,-4.734124620032065
KR6KS00064V0,54520,15,False,LIZARD KI,ki_barrier,0.025,0.9137178046620965,-12.315522077134048,0.8811485745686399,196,-13.812392238788268,-10.386195621947014
KR6KS00064V0,54520,16,False,LIZARD KI,ki_barrier,0.05,0.9129058180659647,-20.435388038452764,1.131192020463041,327,-21.880171319427756,-19.400435399498562
KR6KS00064V0,54520,17,False,LIZARD KI,first_strike,-0.05,0.9282063380174321,132.5698114762215,3.513694933618989,10471,129.12323015906355,134.89618578705654
KR6KS00064V0,54520,18,False,LIZARD KI,first_strike,-0.025,0.921139896412531,61.905395427211026,2.455635714411505,5586,56.602956985405285,64.7672660271096
KR6KS00064V0,54520,19,False,LIZARD KI,first_strike,-0.01,0.9173469149396646,23.975580698546807,1.5372389945601181,2297,19.96833243158696,27.308711282754476
KR6KS00064V0,54520,20,False,LIZARD KI,first_strike,-0.005,0.9161841207811414,12.34763911331462,1.1059315359068282,1213,10.042554851828918,13.743689610115705
KR6KS00064V0,54520,21,False,LIZARD KI,first_strike,0.005,0.9138705205101523,-10.788363596577883,1.0640681723221164,1207,-11.446332228267572,-9.902898537786783
KR6KS00064V0,54520,22,False,LIZARD KI,first_strike,0.01,0.9125526529631436,-23.967039066664597,1.5499311928031931,2455,-24.550164627429655,-23.043664807877782
KR6KS00064V0,54520,23,False,LIZARD KI,first_strike,0.025,0.909222015372348,-57.27341497461746,2.4428228917333263,6597,-59.4825076091158,-54.18170041786233
KR6KS00064V0,54520,24,False,LIZARD KI,first_strike,0.05,0.9047569232350443,-101.92433634765646,3.3558932353526507,14014,-103.99391489800352,-98.98384535941648
KR6KS00064V0,54520,25,False,LIZARD KI,last_strike,-0.05,0.9199139168098983,49.64559940088486,1.6891128310502819,858,49.10280128847265,50.55526934619825
KR6KS00064V0,54520,26,False,LIZARD KI,last_strike,-0.025,0.917142750204545,21.93393334735003,1.1146708565811447,386,21.45364934956674,22.49813046467144
KR6KS00064V0,54520,27,False,LIZARD KI,last_strike,-0.01,0.915747353315539,7.979964457290727,0.6692754807417735,142,6.746456409835904,9.099426308958018
KR6KS00064V0,54520,28,False,LIZARD KI,last_strike,-0.005,0.9153357474209215,3.8639055111137752,0.4650286798016913,69,2.8554173036555706,4.871045864926046
KR6KS00064V0,54520,29,False,LIZARD KI,last_strike,0.005,0.9144653273994595,-4.840294703505002,0.5187490370748316,87,-6.677672882443133,-3.168745827482881
KR6KS00064V0,54520,30,False,LIZARD KI,last_strike,0.01,0.9140675576121846,-8.817992576254078,0.6988573416688311,159,-11.64832729077496,-5.819286549138318
KR6KS00064V0,54520,31,False,LIZARD KI,last_strike,0.025,0.9127934361543143,-21.55920715495697,1.0857991776482023,393,-25.372363138175086,-18.728944268726814
KR6KS00064V0,54520,32,False,LIZARD KI,last_strike,0.05,0.9109968979656339,-39.52458904176097,1.456710736147785,732,-42.05655200814115,-38.05526027130122
KR6HN0006BE3,54608,0,False,STEP no-KI,base,0.0,1.0099428206332206,0.0,0.0,0,0.0,0.0
KR6HN0006BE3,54608,1,False,STEP no-KI,coupon_regular,-0.01,1.003221516166751,-67.21304466469351,0.1585591747959959,116417,-67.35274690652554,-67.09613217366673
KR6HN0006BE3,54608,2,False,STEP no-KI,coupon_regular,-0.005,1.0065821683999858,-33.60652233234766,0.0792795873979979,116417,-33.67637345326368,-33.54806608683427
KR6HN0006BE3,54608,3,False,STEP no-KI,coupon_regular,-0.0025,1.008262494516603,-16.803261166173773,0.03963979369899854,116417,-16.838186726631783,-16.77403304341707
KR6HN0006BE3,54608,4,False,STEP no-KI,coupon_regular,-0.001,1.0092706901865738,-6.7213044664682995,0.0158559174796003,116417,-6.7352746906515035,-6.709613217365619
KR6HN0006BE3,54608,5,False,STEP no-KI,coupon_regular,0.001,1.0106149510798672,6.72130446646852,0.015855917479600263,116417,6.709613217365845,6.735274690651722
KR6HN0006BE3,54608,6,False,STEP no-KI,coupon_regular,0.0025,1.011623146749838,16.803261166172092,0.03963979369900059,116417,16.7740330434154,16.838186726630102
KR6HN0006BE3,54608,7,False,STEP no-KI,coupon_regular,0.005,1.013303472866455,33.606522332345925,0.07927958739799919,116417,33.548066086832534,33.67637345326194
KR6HN0006BE3,54608,8,False,STEP no-KI,coupon_regular,0.01,1.0166641250996897,67.21304466469358,0.15855917479599632,116417,67.09613217366679,67.35274690652562
KR6HN0006BE3,54608,9,False,STEP no-KI,first_strike,-0.05,1.0128509902366003,29.08169603379825,1.9076764652905263,13916,26.110737862442683,33.599625798795984
KR6HN0006BE3,54608,10,False,STEP no-KI,first_strike,-0.025,1.0114752678253183,15.324471920977757,1.4330520613624271,8352,13.404082636726262,17.75349285678549
KR6HN0006BE3,54608,11,False,STEP no-KI,first_strike,-0.01,1.010409808863466,4.669882302456213,0.8938363679813986,3642,3.7546967919706282,5.190672955341827
KR6HN0006BE3,54608,12,False,STEP no-KI,first_strike,-0.005,1.0101836447798132,2.40824146592674,0.6344332282209957,1839,2.0130532977512834,3.132774752455821
KR6HN0006BE3,54608,13,False,STEP no-KI,first_strike,0.005,1.0096097903012489,-3.330303319714917,0.6526582421566459,1875,-4.488450472818276,-1.8276552445316223
KR6HN0006BE3,54608,14,False,STEP no-KI,first_strike,0.01,1.0092057965284094,-7.370241048110782,0.9681985378354818,4078,-8.970174230018722,-6.2270228550979825
KR6HN0006BE3,54608,15,False,STEP no-KI,first_strike,0.025,1.0087694786187729,-11.733420144475263,1.4646173297303635,11014,-12.265428424292136,-11.440326762338989
KR6HN0006BE3,54608,16,False,STEP no-KI,first_strike,0.05,1.0088223911968086,-11.204294364118821,1.9788633356627734,24392,-13.904298374378234,-7.64752859911458
KR6HN0006BE3,54608,17,False,STEP no-KI,last_strike,-0.05,1.0165253263015543,65.82505668333664,1.7635349441412032,1378,63.77863275608553,69.26403476271943
KR6HN0006BE3,54608,18,False,STEP no-KI,last_strike,-0.025,1.0134577149924562,35.14894359235721,1.27953660229301,750,34.022295652928356,35.86783984322169
KR6HN0006BE3,54608,19,False,STEP no-KI,last_strike,-0.01,1.0114062280227947,14.634073895741384,0.8221592528093054,316,13.750096856566048,15.97866574796871
KR6HN0006BE3,54608,20,False,STEP no-KI,last_strike,-0.005,1.0107038996986406,7.610790654202531,0.5920958897220503,165,6.9167957773678435,8.16736748135661
KR6HN0006BE3,54608,21,False,STEP no-KI,last_strike,0.005,1.009316033290493,-6.2678734272746945,0.5351984591737127,137,-7.686734645482625,-5.352986543016285
KR6HN0006BE3,54608,22,False,STEP no-KI,last_strike,0.01,1.0086447336667341,-12.980869664863404,0.7680193082924132,285,-15.033365187178855,-11.204724541490775
KR6HN0006BE3,54608,23,False,STEP no-KI,last_strike,0.025,1.0064963670400873,-34.464535931331305,1.2405600384318989,767,-36.28655733350155,-32.633249978727726
KR6HN0006BE3,54608,24,False,STEP no-KI,last_strike,0.05,1.0031376279954378,-68.05192637782591,1.7195500316768517,1547,-68.57773505019577,-67.67954334114418
KR6KW00040V4,54992,0,False,STEP KI,base,0.0,0.9956306487589468,0.0,0.0,0,0.0,0.0
KR6KW00040V4,54992,1,False,STEP KI,coupon_regular,-0.01,0.9831893259303576,-124.41322828589344,0.29716564104973947,105847,-124.47187906393108,-124.34626741619543
KR6KW00040V4,54992,2,False,STEP KI,coupon_regular,-0.005,0.9894099873446522,-62.20661414294686,0.14858282052487,105847,-62.23593953196568,-62.17313370809784
KR6KW00040V4,54992,3,False,STEP KI,coupon_regular,-0.0025,0.9925203180517996,-31.103307071472653,0.07429141026243467,105847,-31.11796976598206,-31.086566854048137
KR6KW00040V4,54992,4,False,STEP KI,coupon_regular,-0.001,0.9943865164760881,-12.44132282858844,0.029716564104975366,105847,-12.447187906392209,-12.434626741618633
KR6KW00040V4,54992,5,False,STEP KI,coupon_regular,0.001,0.9968747810418059,12.441322828589797,0.029716564104975144,105847,12.434626741619995,12.44718790639356
KR6KW00040V4,54992,6,False,STEP KI,coupon_regular,0.0025,0.9987409794660945,31.10330707147409,0.07429141026243492,105847,31.086566854049586,31.117969765983503
KR6KW00040V4,54992,7,False,STEP KI,coupon_regular,0.005,1.0018513101732416,62.20661414294749,0.14858282052487182,105847,62.17313370809847,62.2359395319663
KR6KW00040V4,54992,8,False,STEP KI,coupon_regular,0.01,1.0080719715875366,124.41322828589617,0.2971656410497401,105847,124.34626741619815,124.47187906393381
KR6KW00040V4,54992,9,False,STEP KI,ki_barrier,-0.05,1.034809001718342,391.7835295939509,4.8028110643388215,6356,383.71856803284044,401.33675166785383
KR6KW00040V4,54992,10,False,STEP KI,ki_barrier,-0.025,1.016455985021681,208.25336262734274,3.5158019324714838,3437,206.34866138449027,211.51009507554596
KR6KW00040V4,54992,11,False,STEP KI,ki_barrier,-0.01,1.0041135714439962,84.8292268504939,2.250257161535952,1417,83.41491023534017,86.92699250759007
KR6KW00040V4,54992,12,False,STEP KI,ki_barrier,-0.005,1.0001602192274,45.29570468453095,1.6442995011041543,761,41.56665233864304,49.00057612539507
KR6KW00040V4,54992,13,False,STEP KI,ki_barrier,0.005,0.991404825291574,-42.25823467372813,1.5842839199102445,713,-43.79129501079294,-40.136677071216724
KR6KW00040V4,54992,14,False,STEP KI,ki_barrier,0.01,0.9871564110498537,-84.74237709093089,2.2326102535331436,1436,-88.3160245877136,-81.47841009821511
KR6KW00040V4,54992,15,False,STEP KI,ki_barrier,0.025,0.9744899485249287,-211.40700234018178,3.4734418174122053,3627,-215.96056936290088,-205.03476003412823
KR6KW00040V4,54992,16,False,STEP KI,ki_barrier,0.05,0.9532405280547734,-423.90120704173444,4.791289795939904,7423,-427.21018794695067,-422.0999773296395
KR6KW00040V4,54992,17,False,STEP KI,first_strike,-0.05,0.9954039779529772,-2.266708059694808,2.6566738500545193,18629,-7.224542997239717,3.128397980133644
KR6KW00040V4,54992,18,False,STEP KI,first_strike,-0.025,0.9952777814294778,-3.5286732946909027,1.800730768610228,9199,-4.8034370111091444,-1.8076891197129776
KR6KW00040V4,54992,19,False,STEP KI,first_strike,-0.01,0.9955104105075201,-1.2023825142668674,1.1423361361617408,3723,-2.502268281167351,0.03014349379037995
KR6KW00040V4,54992,20,False,STEP KI,first_strike,-0.005,0.9956095572679623,-0.2109149098467674,0.7974034692704596,1794,-1.1187674023731513,0.7965449179896198
KR6KW00040V4,54992,21,False,STEP KI,first_strike,0.005,0.995660111253052,0.2946249410511614,0.786612040495127,1764,-0.779842976998951,0.9410522832138465
KR6KW00040V4,54992,22,False,STEP KI,first_strike,0.01,0.9958632097047905,2.3256094584370914,1.0473546876714364,3471,1.513453592076151,3.6163748730305274
KR6KW00040V4,54992,23,False,STEP KI,first_strike,0.025,0.9963862350063277,7.555862473810613,1.5909295504738374,8436,5.439000540293805,10.208169486516418
KR6KW00040V4,54992,24,False,STEP KI,first_strike,0.05,0.9973450910170442,17.144422580972027,2.1269921869062696,16024,13.619613877185722,22.246296675673022
KR6KW00040V4,54992,25,False,STEP KI,last_strike,-0.05,0.9957958914246006,1.6524266565365187,0.2581121154066701,41,1.089741845670712,2.4238563052938966
KR6KW00040V4,54992,26,False,STEP KI,last_strike,-0.025,0.995701275120004,0.7062636105707915,0.16647579402052645,18,0.4721931643306959,0.944669046719981
KR6KW00040V4,54992,27,False,STEP KI,last_strike,-0.01,0.9956576519370977,0.27003178150900814,0.10206154171484276,7,0.11563979575392293,0.34881498534634847
KR6KW00040V4,54992,28,False,STEP KI,last_strike,-0.005,0.9956537483284951,0.23099569548214652,0.09430213450551966,6,0.11563979575392293,0.3456405634267529
KR6KW00040V4,54992,29,False,STEP KI,last_strike,0.005,0.9956192164140245,-0.11432344922152007,0.06600415179248662,3,-0.22867116377415206,0.0
KR6KW00040V4,54992,30,False,STEP KI,last_strike,0.01,0.9956003277692813,-0.3032098966564363,0.10719876034693644,8,-0.4553447549905403,-0.11315825450053962
KR6KW00040V4,54992,31,False,STEP KI,last_strike,0.025,0.9955745782334885,-0.5607052545830831,0.1447849268891855,15,-1.0067709118747696,-0.22484308312756612
KR6KW00040V4,54992,32,False,STEP KI,last_strike,0.05,0.9955284415877639,-1.0220717118299896,0.19322038520582582,28,-1.4351288687160162,-0.645194775800086
KR6SH0007HX7,55088,0,True,LIZARD no-KI,base,0.0,0.9079780477468653,0.0,0.0,0,0.0,0.0
KR6SH0007HX7,55088,1,True,LIZARD no-KI,coupon_regular,-0.01,0.8963083010061672,-116.69746740698113,0.17593392661702772,120000,-116.79880640975877,-116.5812925068505
KR6SH0007HX7,55088,2,True,LIZARD no-KI,coupon_regular,-0.005,0.9021431743765161,-58.34873370349102,0.08796696330851282,120000,-58.39940320487983,-58.29064625342569
KR6SH0007HX7,55088,3,True,LIZARD no-KI,coupon_regular,-0.0025,0.9050606110616908,-29.174366851745376,0.043983481654256605,120000,-29.199701602439784,-29.145323126712714
KR6SH0007HX7,55088,4,True,LIZARD no-KI,coupon_regular,-0.001,0.9068110730727954,-11.669746740698043,0.01759339266170328,120000,-11.679880640975805,-11.658129250684985
KR6SH0007HX7,55088,5,True,LIZARD no-KI,coupon_regular,0.001,0.9091450224209351,11.66974674069808,0.017593392661703507,120000,11.65812925068502,11.679880640975842
KR6SH0007HX7,55088,6,True,LIZARD no-KI,coupon_regular,0.0025,0.9108954844320397,29.17436685174533,0.043983481654256466,120000,29.14532312671267,29.19970160243973
KR6SH0007HX7,55088,7,True,LIZARD no-KI,coupon_regular,0.005,0.9138129211172143,58.34873370349049,0.0879669633085145,120000,58.29064625342518,58.399403204879306
KR6SH0007HX7,55088,8,True,LIZARD no-KI,coupon_regular,0.01,0.9196477944875633,116.69746740698098,0.17593392661702753,120000,116.58129250685036,116.79880640975863
KR6SH0007HX7,55088,9,True,LIZARD no-KI,first_strike,-0.05,0.9148225317379838,68.4448399111871,2.195132364391832,14456,64.01382871371945,71.23646425034913
KR6SH0007HX7,55088,10,True,LIZARD no-KI,first_strike,-0.025,0.9108104539863974,28.32406239532052,1.4398750253843053,6818,26.4649647238122,30.7207969984118
KR6SH0007HX7,55088,11,True,LIZARD no-KI,first_strike,-0.01,0.9090066006372354,10.285528903702057,0.8739114638902535,2612,8.928214233430348,11.60393120373271
KR6SH0007HX7,55088,12,True,LIZARD no-KI,first_strike,-0.005,0.9085684458278497,5.903980809844013,0.6436781702438452,1309,4.994070894562155,6.82490308142365
KR6SH0007HX7,55088,13,True,LIZARD no-KI,first_strike,0.005,0.9075673703560422,-4.106773908230801,0.5760805219028664,1289,-5.032013296519986,-3.306701277075174
KR6SH0007HX7,55088,14,True,LIZARD no-KI,first_strike,0.01,0.9072221855976608,-7.558621492044935,0.7961194814676041,2529,-9.146666936111806,-6.530822418726698
KR6SH0007HX7,55088,15,True,LIZARD no-KI,first_strike,0.025,0.9063422186092412,-16.358291376238395,1.1874784449947702,5961,-17.33159353105052,-15.274328810113825
KR6SH0007HX7,55088,16,True,LIZARD no-KI,first_strike,0.05,0.9051799906988597,-27.98057048005532,1.575680669608599,11030,-28.613394191353,-26.93874802439594
KR6SH0007HX7,55088,17,True,LIZARD no-KI,last_strike,-0.05,0.9335718140796809,255.93766332815744,3.147360561765428,6272,252.96582920075875,260.72636023121765
KR6SH0007HX7,55088,18,True,LIZARD no-KI,last_strike,-0.025,0.92075047310958,127.72425362714648,2.2263601452211956,3204,125.50859858534683,128.87546631956155
KR6SH0007HX7,55088,19,True,LIZARD no-KI,last_strike,-0.01,0.9128879785795814,49.09930832716217,1.3815153308369321,1250,46.320312001853836,51.27037000579138
KR6SH0007HX7,55088,20,True,LIZARD no-KI,last_strike,-0.005,0.910369696932283,23.91649185417744,0.9643065583716682,612,21.10411562822557,25.791034971474883
KR6SH0007HX7,55088,21,True,LIZARD no-KI,last_strike,0.005,0.905699705932503,-22.783418143621862,0.9364756033586842,589,-24.716204903435568,-21.233339199849915
KR6SH0007HX7,55088,22,True,LIZARD no-KI,last_strike,0.01,0.9033209563795739,-46.570913672912994,1.3320800408526317,1210,-48.38775732305026,-44.33378530781729
KR6SH0007HX7,55088,23,True,LIZARD no-KI,last_strike,0.025,0.8963127289455199,-116.65318801345211,2.0757277963633958,3078,-118.35957509127013,-114.03457102598928
KR6SH0007HX7,55088,24,True,LIZARD no-KI,last_strike,0.05,0.8856786709903935,-222.9937675647155,2.7989587758513803,6034,-228.96250829277574,-212.987938282745
KR6KB00075J0,55479,0,False,LIZARD KI,base,0.0,0.9222056262793709,0.0,0.0,0,0.0,0.0
KR6KB00075J0,55479,1,False,LIZARD KI,coupon_regular,-0.01,0.91313985058122,-90.65775698150716,0.2723438607525213,88901,-91.15981300473793,-90.33101676095963
KR6KB00075J0,55479,2,False,LIZARD KI,coupon_regular,-0.005,0.9176727384302954,-45.32887849075347,0.1361719303762621,88901,-45.579906502368836,-45.16550838047967
KR6KB00075J0,55479,3,False,LIZARD KI,coupon_regular,-0.0025,0.9199391823548329,-22.664439245377302,0.06808596518813066,88901,-22.789953251184986,-22.582754190240408
KR6KB00075J0,55479,4,False,LIZARD KI,coupon_regular,-0.001,0.9212990487095557,-9.065775698150906,0.027234386075253865,88901,-9.11598130047398,-9.033101676096148
KR6KB00075J0,55479,5,False,LIZARD KI,coupon_regular,0.001,0.9231122038491858,9.065775698151135,0.027234386075251353,88901,9.033101676096386,9.11598130047421
KR6KB00075J0,55479,6,False,LIZARD KI,coupon_regular,0.0025,0.9244720702039083,22.66443924537694,0.06808596518812977,88901,22.58275419024005,22.789953251184638
KR6KB00075J0,55479,7,False,LIZARD KI,coupon_regular,0.005,0.9267385141284463,45.32887849075488,0.13617193037625955,88901,45.165508380481114,45.57990650237025
KR6KB00075J0,55479,8,False,LIZARD KI,coupon_regular,0.01,0.9312714019775215,90.65775698150782,0.2723438607525194,88901,90.33101676096027,91.15981300473857
KR6KB00075J0,55479,9,False,LIZARD KI,ki_barrier,-0.05,0.9619900546231676,397.8442834379688,4.722670832014493,6760,385.1696165396224,404.7224785190794
KR6KB00075J0,55479,10,False,LIZARD KI,ki_barrier,-0.025,0.9412338002887068,190.28174009336092,3.2864246194060733,3289,182.13827060071515,196.68732156382703
KR6KB00075J0,55479,11,False,LIZARD KI,ki_barrier,-0.01,0.929664667806663,74.5904152729241,2.0668718741938723,1299,70.9560687405949,78.81232445237322
KR6KB00075J0,55479,12,False,LIZARD KI,ki_barrier,-0.005,0.9259644289651763,37.58802685805656,1.4676086689671195,658,31.871939046917706,40.939208679881574
KR6KB00075J0,55479,13,False,LIZARD KI,ki_barrier,0.005,0.9184763629110552,-37.29263368315605,1.4544627615530727,659,-39.642578411895684,-36.00355155922887
KR6KB00075J0,55479,14,False,LIZARD KI,ki_barrier,0.01,0.9150553259780363,-71.5030030133442,2.0056663338300567,1268,-74.09848394505629,-66.50322512324098
KR6KB00075J0,55479,15,False,LIZARD KI,ki_barrier,0.025,0.9057221381089737,-164.83488170396896,3.015198782248762,2939,-173.67800421536336,-154.77437359647092
KR6KB00075J0,55479,16,False,LIZARD KI,ki_barrier,0.05,0.8913283391028772,-308.7728717649339,4.048290451162346,5592,-320.6004440571453,-291.74892497933155
KR6KB00075J0,55479,17,False,LIZARD KI,first_strike,-0.05,0.9320239235926172,98.18297313246428,3.1542768964679486,13775,92.43666005846248,101.32736959557599
KR6KB00075J0,55479,18,False,LIZARD KI,first_strike,-0.025,0.9262345489106447,40.289226312740766,2.0502455262139248,6126,33.42985987318682,44.36199315364747
KR6KB00075J0,55479,19,False,LIZARD KI,first_strike,-0.01,0.9235869207732307,13.812944938600642,1.2099009634488365,2268,11.551637638837263,16.89401474290178
KR6KB00075J0,55479,20,False,LIZARD KI,first_strike,-0.005,0.9228426792393465,6.37052959975779,0.8234949139308215,1086,4.836203202828141,9.343658108491557
KR6KB00075J0,55479,21,False,LIZARD KI,first_strike,0.005,0.9216846748427814,-5.209514365892755,0.7867377357058214,1070,-7.098851814885405,-3.3368246698095767
KR6KB00075J0,55479,22,False,LIZARD KI,first_strike,0.01,0.9211096765134326,-10.959497659380737,1.1218380943876112,2089,-14.251945201675609,-7.366809766775127
KR6KB00075J0,55479,23,False,LIZARD KI,first_strike,0.025,0.9195681710217389,-26.374552576317644,1.7071458801588402,4860,-32.16982708894126,-22.046323247906862
KR6KB00075J0,55479,24,False,LIZARD KI,first_strike,0.05,0.9180783895623499,-41.272367170207325,2.1934917222029706,8597,-47.21019892989613,-37.62560147249815
KR6KB00075J0,55479,25,False,LIZARD KI,last_strike,-0.05,0.9250138526061356,28.082263267647942,1.1391403923460175,605,26.58995519810082,29.75802599746409
KR6KB00075J0,55479,26,False,LIZARD KI,last_strike,-0.025,0.9233895930989046,11.839668195337316,0.732119810810786,261,10.625916033542094,14.021558417837218
KR6KB00075J0,55479,27,False,LIZARD KI,last_strike,-0.01,0.9226079979457188,4.023716663480428,0.4239854900273723,90,2.951224073851007,4.827299797924678
KR6KB00075J0,55479,28,False,LIZARD KI,last_strike,-0.005,0.9224014295732333,1.9580329386263187,0.29513276672081423,44,1.7383156736326288,2.1368990741023937
KR6KB00075J0,55479,29,False,LIZARD KI,last_strike,0.005,0.9220027951109053,-2.0283116846549674,0.29900288079694065,46,-3.0420388750219045,-1.3239206558929724
KR6KB00075J0,55479,30,False,LIZARD KI,last_strike,0.01,0.9217447482875746,-4.608779917961319,0.4495808853020149,105,-5.143114420622717,-4.209478734051142
KR6KB00075J0,55479,31,False,LIZARD KI,last_strike,0.025,0.9213066489911418,-8.989772882288849,0.6243453240109534,207,-9.265813177483668,-8.600769675962464
KR6KB00075J0,55479,32,False,LIZARD KI,last_strike,0.05,0.9207548975022777,-14.50728777093123,0.7859156200240284,340,-16.35174460470926,-13.208196873926953
KR6SH0007RT4,55673,0,True,LIZARD no-KI,base,0.0,0.9569349356676741,0.0,0.0,0,0.0,0.0
KR6SH0007RT4,55673,1,True,LIZARD no-KI,coupon_regular,-0.01,0.9449998104919141,-119.35125175759943,0.18420470446894735,120000,-119.65958963617267,-119.12193774710175
KR6SH0007RT4,55673,2,True,LIZARD no-KI,coupon_regular,-0.005,0.9509673730797941,-59.675625878800005,0.09210235223447383,120000,-59.829794818086626,-59.56096887355117
KR6SH0007RT4,55673,3,True,LIZARD no-KI,coupon_regular,-0.0025,0.953951154373734,-29.83781293939968,0.04605117611723851,120000,-29.914897409042993,-29.78048443677525
KR6SH0007RT4,55673,4,True,LIZARD no-KI,coupon_regular,-0.001,0.9557414231500979,-11.935125175760064,0.018420470446895272,120000,-11.96595896361739,-11.912193774710293
KR6SH0007RT4,55673,5,True,LIZARD no-KI,coupon_regular,0.001,0.95812844818525,11.935125175760374,0.018420470446892715,120000,11.912193774710607,11.965958963617691
KR6SH0007RT4,55673,6,True,LIZARD no-KI,coupon_regular,0.0025,0.959918716961614,29.837812939399925,0.0460511761172357,120000,29.780484436775502,29.914897409043228
KR6SH0007RT4,55673,7,True,LIZARD no-KI,coupon_regular,0.005,0.9629024982555539,59.675625878800474,0.0921023522344713,120000,59.56096887355162,59.82979481808709
KR6SH0007RT4,55673,8,True,LIZARD no-KI,coupon_regular,0.01,0.968870060843434,119.35125175759983,0.18420470446894524,120000,119.12193774710215,119.65958963617307
KR6SH0007RT4,55673,9,True,LIZARD no-KI,first_strike,-0.05,0.9603682468909461,34.33311223272089,1.8364876459823163,17360,31.16745005351289,37.39274547567145
KR6SH0007RT4,55673,10,True,LIZARD no-KI,first_strike,-0.025,0.9581607887178418,12.258530501677365,1.1766351676139284,8199,10.009859104135025,15.415601331178319
KR6SH0007RT4,55673,11,True,LIZARD no-KI,first_strike,-0.01,0.9573859411755148,4.51005507840743,0.715801891835538,3134,3.4204451066869117,6.522249589850114
KR6SH0007RT4,55673,12,True,LIZARD no-KI,first_strike,-0.005,0.9572445561005305,3.096204328564961,0.5381705744460635,1550,1.7567845163489055,4.9069067510297675
KR6SH0007RT4,55673,13,True,LIZARD no-KI,first_strike,0.005,0.9567272182131374,-2.0771745453654913,0.5014069056379131,1547,-2.527852056212811,-1.3581388494410562
KR6SH0007RT4,55673,14,True,LIZARD no-KI,first_strike,0.01,0.9564958428988898,-4.390927687842145,0.7047168684064765,2997,-4.737562936391819,-3.891198127390977
KR6SH0007RT4,55673,15,True,LIZARD no-KI,first_strike,0.025,0.9561077550450119,-8.27180622662255,1.0389831312348352,7207,-9.16925943232409,-7.664685634000852
KR6SH0007RT4,55673,16,True,LIZARD no-KI,first_strike,0.05,0.9560346373256173,-9.002983420568002,1.2884798481642947,13192,-10.569112912617683,-6.508584992381565
KR6SH0007RT4,55673,17,True,LIZARD no-KI,last_strike,-0.05,0.9780975119428192,211.62576275145187,2.867548270214331,5214,209.66551911420686,214.09874982215496
KR6SH0007RT4,55673,18,True,LIZARD no-KI,last_strike,-0.025,0.9675313133072729,105.9637763959883,2.0268038574743863,2673,101.44782773182347,110.11332097269614
KR6SH0007RT4,55673,19,True,LIZARD no-KI,last_strike,-0.01,0.961269496216837,43.345605491630685,1.2956029023643858,1109,41.74772923273517,45.26134308248826
KR6SH0007RT4,55673,20,True,LIZARD no-KI,last_strike,-0.005,0.9590350862604833,21.0015059280922,0.9017326584280494,540,19.244417753984887,22.173527256454932
KR6SH0007RT4,55673,21,True,LIZARD no-KI,last_strike,0.005,0.9547561309925658,-21.788046751081673,0.9136651569970833,566,-22.51947168471676,-20.43935982050027
KR6SH0007RT4,55673,22,True,LIZARD no-KI,last_strike,0.01,0.9525645431624643,-43.70392505209691,1.2876922641136956,1141,-44.468108167357705,-42.531236428830326
KR6SH0007RT4,55673,23,True,LIZARD no-KI,last_strike,0.025,0.9464690489351519,-104.65886732522215,1.964243038930837,2774,-106.36093521960083,-103.4725976869574
KR6SH0007RT4,55673,24,True,LIZARD no-KI,last_strike,0.05,0.9362259418457408,-207.08993821933217,2.6945044986097324,5635,-209.83121295816312,-203.8315662478881
KR6ZY0003XJ2,55800,0,True,STEP no-KI,base,0.0,0.9723041930901494,0.0,0.0,0,0.0,0.0
KR6ZY0003XJ2,55800,1,True,STEP no-KI,coupon_regular,-0.01,0.9606003209057955,-117.03872184353851,0.22095601585477326,120000,-117.29107305782492,-116.73196167247451
KR6ZY0003XJ2,55800,2,True,STEP no-KI,coupon_regular,-0.005,0.9664522569979724,-58.51936092176875,0.11047800792738789,120000,-58.64553652891195,-58.36598083623676
KR6ZY0003XJ2,55800,3,True,STEP no-KI,coupon_regular,-0.0025,0.9693782250440608,-29.259680460884834,0.05523900396369262,120000,-29.322768264456435,-29.182990418118834
KR6ZY0003XJ2,55800,4,True,STEP no-KI,coupon_regular,-0.001,0.9711338058717139,-11.703872184353369,0.0220956015854789,120000,-11.729107305782009,-11.673196167246969
KR6ZY0003XJ2,55800,5,True,STEP no-KI,coupon_regular,0.001,0.9734745803085847,11.703872184354315,0.02209560158547628,120000,11.673196167247916,11.729107305782957
KR6ZY0003XJ2,55800,6,True,STEP no-KI,coupon_regular,0.0025,0.9752301611362378,29.25968046088491,0.055239003963692836,120000,29.182990418118912,29.322768264456514
KR6ZY0003XJ2,55800,7,True,STEP no-KI,coupon_regular,0.005,0.9781561291823263,58.51936092176982,0.11047800792738582,120000,58.365980836237824,58.64553652891303
KR6ZY0003XJ2,55800,8,True,STEP no-KI,coupon_regular,0.01,0.9840080652745034,117.03872184353953,0.2209560158547711,120000,116.73196167247553,117.29107305782594
KR6ZY0003XJ2,55800,9,True,STEP no-KI,first_strike,-0.05,0.9786446243765191,63.404312863698976,2.2664661612168895,19394,61.363172054942126,64.45912418428948
KR6ZY0003XJ2,55800,10,True,STEP no-KI,first_strike,-0.025,0.9749043645457945,26.001714556451294,1.5377503328277282,9762,24.963189392324402,26.59758674379901
KR6ZY0003XJ2,55800,11,True,STEP no-KI,first_strike,-0.01,0.9732314111192114,9.272180290619922,0.9447850715173653,3944,8.524192882298166,9.664539087232058
KR6ZY0003XJ2,55800,12,True,STEP no-KI,first_strike,-0.005,0.9726972867215835,3.9309363143423655,0.6530494101320069,1941,1.822574241242302,6.620993660900409
KR6ZY0003XJ2,55800,13,True,STEP no-KI,first_strike,0.005,0.9720425868046445,-2.616062855049091,0.5886419455519161,1914,-3.3829228461203127,-1.8339184024666033
KR6ZY0003XJ2,55800,14,True,STEP no-KI,first_strike,0.01,0.9717410862966102,-5.631067935393495,0.84049331178938,3826,-6.571691326837835,-4.397559815239
KR6ZY0003XJ2,55800,15,True,STEP no-KI,first_strike,0.025,0.9706992017691839,-16.049913209655216,1.3328173187134948,9299,-18.26002920027434,-13.910939616150033
KR6ZY0003XJ2,55800,16,True,STEP no-KI,first_strike,0.05,0.969753640475048,-25.505526151013896,1.7792292934468636,17994,-28.135696569646534,-24.133400493581405
KR6ZY0003XJ2,55800,17,True,STEP no-KI,last_strike,-0.05,0.9871913489812629,148.8715589111362,2.3032297480553843,4041,147.39620921441394,151.00304793435936
KR6ZY0003XJ2,55800,18,True,STEP no-KI,last_strike,-0.025,0.9794694876908993,71.65294600749965,1.5898089485260982,1998,69.60612041237268,74.12469631840386
KR6ZY0003XJ2,55800,19,True,STEP no-KI,last_strike,-0.01,0.9751094821402243,28.052890500749537,0.9916573298591306,795,26.876869365840147,29.760751822190944
KR6ZY0003XJ2,55800,20,True,STEP no-KI,last_strike,-0.005,0.9735913571216628,12.87164031513501,0.6708719629243681,367,12.308078263923196,13.259028301347055
KR6ZY0003XJ2,55800,21,True,STEP no-KI,last_strike,0.005,0.9709581997102996,-13.459933798497389,0.682225155047925,388,-13.94359023667123,-12.698824958691818
KR6ZY0003XJ2,55800,22,True,STEP no-KI,last_strike,0.01,0.9696067635564548,-26.974295336945108,0.9614751803488791,782,-27.729066508737287,-25.774768774597547
KR6ZY0003XJ2,55800,23,True,STEP no-KI,last_strike,0.025,0.9659796548072823,-63.245382828670046,1.4540662129160649,1863,-64.9635065885322,-61.70589136719291
KR6ZY0003XJ2,55800,24,True,STEP no-KI,last_strike,0.05,0.9604707197212684,-118.33473368880998,1.9477919452253463,3585,-119.78948571363084,-116.6792414218295
KR6SH0007TH5,55853,0,False,LIZARD no-KI,base,0.0,0.9872806152060977,0.0,0.0,0,0.0,0.0
KR6SH0007TH5,55853,1,False,LIZARD no-KI,coupon_regular,-0.01,0.9791554200952686,-81.25195110829009,0.22522499769608958,110657,-81.4279407367672,-81.11616512100076
KR6SH0007TH5,55853,2,False,LIZARD no-KI,coupon_regular,-0.005,0.9832180176506833,-40.625975554144944,0.11261249884804332,110657,-40.713970368383485,-40.55808256050029
KR6SH0007TH5,55853,3,False,LIZARD no-KI,coupon_regular,-0.0025,0.9852493164283904,-20.312987777072372,0.05630624942402166,110657,-20.35698518419165,-20.27904128025004
KR6SH0007TH5,55853,4,False,LIZARD no-KI,coupon_regular,-0.001,0.9864680956950148,-8.125195110829532,0.022522499769607476,110657,-8.14279407367724,-8.111616512100598
KR6SH0007TH5,55853,5,False,LIZARD no-KI,coupon_regular,0.001,0.9880931347171805,8.125195110828043,0.02252249976961032,110657,8.111616512099111,8.142794073675752
KR6SH0007TH5,55853,6,False,LIZARD no-KI,coupon_regular,0.0025,0.9893119139838047,20.31298777707108,0.05630624942402483,110657,20.279041280248755,20.35698518419035
KR6SH0007TH5,55853,7,False,LIZARD no-KI,coupon_regular,0.005,0.991343212761512,40.6259755541433,0.11261249884804607,110657,40.55808256049864,40.713970368381844
KR6SH0007TH5,55853,8,False,LIZARD no-KI,coupon_regular,0.01,0.9954058103169267,81.25195110828838,0.22522499769609075,110657,81.11616512099906,81.42794073676546
KR6SH0007TH5,55853,9,False,LIZARD no-KI,first_strike,-0.05,0.9931148845956107,58.34269389512976,2.3248038611748285,14856,54.2498346767039,60.63551739319901
KR6SH0007TH5,55853,10,False,LIZARD no-KI,first_strike,-0.025,0.9900552046482991,27.74589442201392,1.62914502405764,7855,23.564709090898262,33.56247845173856
KR6SH0007TH5,55853,11,False,LIZARD no-KI,first_strike,-0.01,0.9883255054034404,10.448901973427047,1.012925901052464,3226,8.875134796950471,12.699711430590938
KR6SH0007TH5,55853,12,False,LIZARD no-KI,first_strike,-0.005,0.9878214269997834,5.408117936857253,0.7265159509465715,1662,4.060346356649238,7.517031356393776
KR6SH0007TH5,55853,13,False,LIZARD no-KI,first_strike,0.005,0.9866844910821294,-5.961241239683531,0.7292365994681083,1625,-6.763623205013672,-4.878820184278006
KR6SH0007TH5,55853,14,False,LIZARD no-KI,first_strike,0.01,0.9861696908596033,-11.109243464943575,1.0161948306483324,3333,-12.4173383627188,-9.774962836734119
KR6SH0007TH5,55853,15,False,LIZARD no-KI,first_strike,0.025,0.9848798426284154,-24.007725776823857,1.5426222869669064,8364,-25.673028547134702,-22.951054313545967
KR6SH0007TH5,55853,16,False,LIZARD no-KI,first_strike,0.05,0.9835695583788685,-37.11056827229117,2.033057859923842,17090,-39.658418299352675,-33.43781760191305
KR6SH0007TH5,55853,17,False,LIZARD no-KI,last_strike,-0.05,0.9998917098390943,126.11094632996593,2.5747689011141675,2353,124.79233561726878,126.94981951412215
KR6SH0007TH5,55853,18,False,LIZARD no-KI,last_strike,-0.025,0.9939100380034996,66.29422797401908,1.8593992155280223,1258,63.540252468998155,69.09391789157277
KR6SH0007TH5,55853,19,False,LIZARD no-KI,last_strike,-0.01,0.9899185323824518,26.37917176354116,1.1702375857867104,506,25.809588650120656,26.897729166272025
KR6SH0007TH5,55853,20,False,LIZARD no-KI,last_strike,-0.005,0.9885686970522578,12.880818461600743,0.8170925477337968,248,12.464972648439142,13.090279666307358
KR6SH0007TH5,55853,21,False,LIZARD no-KI,last_strike,0.005,0.98599239886169,-12.882163444076685,0.8138957968671126,250,-12.985751469858727,-12.676988565701016
KR6SH0007TH5,55853,22,False,LIZARD no-KI,last_strike,0.01,0.9846316415106485,-26.489736954490485,1.163651139709337,516,-29.101425958064784,-24.79752585254765
KR6SH0007TH5,55853,23,False,LIZARD no-KI,last_strike,0.025,0.980625651441986,-66.5496376411177,1.8280430967043657,1311,-68.79533092526455,-63.073650311430555
KR6SH0007TH5,55853,24,False,LIZARD no-KI,last_strike,0.05,0.9743538594416838,-129.26755764413875,2.510644359585494,2595,-133.32393985440567,-125.04006593643778
KR6KB0007AQ6,56094,0,False,LIZARD KI,base,0.0,0.9726093099396479,0.0,0.0,0,0.0,0.0
KR6KB0007AQ6,56094,1,False,LIZARD KI,coupon_regular,-0.01,0.9657672607261183,-68.42049213529725,0.22513147486713603,106138,-68.852969841934,-68.07271005279352
KR6KB0007AQ6,56094,2,False,LIZARD KI,coupon_regular,-0.005,0.9691882853328829,-34.21024606764919,0.11256573743356747,106138,-34.42648492096756,-34.03635502639733
KR6KB0007AQ6,56094,3,False,LIZARD KI,coupon_regular,-0.0025,0.9708987976362655,-17.10512303382392,0.056282868716783285,106138,-17.213242460483098,-17.018177513198
KR6KB0007AQ6,56094,4,False,LIZARD KI,coupon_regular,-0.001,0.9719251050182949,-6.842049213529611,0.022513147486712466,106138,-6.885296984193283,-6.807271005279244
KR6KB0007AQ6,56094,5,False,LIZARD KI,coupon_regular,0.001,0.9732935148610008,6.842049213528675,0.022513147486715058,106138,6.807271005278302,6.885296984192351
KR6KB0007AQ6,56094,6,False,LIZARD KI,coupon_regular,0.0025,0.9743198222430303,17.105123033824217,0.0562828687167857,106138,17.018177513198275,17.213242460483414
KR6KB0007AQ6,56094,7,False,LIZARD KI,coupon_regular,0.005,0.9760303345464127,34.21024606764805,0.11256573743356993,106138,34.03635502639618,34.42648492096643
KR6KB0007AQ6,56094,8,False,LIZARD KI,coupon_regular,0.01,0.9794513591531777,68.42049213529727,0.2251314748671368,106138,68.07271005279355,68.85296984193403
KR6KB0007AQ6,56094,9,False,LIZARD KI,ki_barrier,-0.05,0.9956300199068481,230.20709967200185,3.6140093683253496,3959,225.9443135425459,237.73268489592652
KR6KB0007AQ6,56094,10,False,LIZARD KI,ki_barrier,-0.025,0.9838845906800423,112.75280740394335,2.526976635823156,1975,109.48828427621214,117.23595422438221
KR6KB0007AQ6,56094,11,False,LIZARD KI,ki_barrier,-0.01,0.9773696388290339,47.603288893859585,1.640281278488152,843,44.71671763990663,50.17470895371893
KR6KB0007AQ6,56094,12,False,LIZARD KI,ki_barrier,-0.005,0.9750392759532686,24.299660136207567,1.1704134984963088,433,23.434738864186983,24.822599117782882
KR6KB0007AQ6,56094,13,False,LIZARD KI,ki_barrier,0.005,0.9705592963673038,-20.500135723443247,1.0698579793369396,369,-20.85260141201653,-19.897912953473103
KR6KB0007AQ6,56094,14,False,LIZARD KI,ki_barrier,0.01,0.9684483855092711,-41.60924430376805,1.5226120808763255,748,-45.06838617505209,-37.93077648713526
KR6KB0007AQ6,56094,15,False,LIZARD KI,ki_barrier,0.025,0.9628796745603281,-97.2963537931994,2.307191187516075,1766,-105.98958513360674,-90.22229635800666
KR6KB0007AQ6,56094,16,False,LIZARD KI,ki_barrier,0.05,0.9543809251872242,-182.28384752423753,3.1145925024633985,3356,-191.05295369013902,-173.68894417765267
KR6KB0007AQ6,56094,17,False,LIZARD KI,first_strike,-0.05,0.9814669786467112,88.57668707063355,3.1223065858740444,18600,87.04498499526741,89.97010232749608
KR6KB0007AQ6,56094,18,False,LIZARD KI,first_strike,-0.025,0.9764993944890346,38.90084549386713,2.1363807069909866,9581,33.516003898101175,42.660188478223
KR6KB0007AQ6,56094,19,False,LIZARD KI,first_strike,-0.01,0.9739389154056416,13.296054659936084,1.2920403361904713,3849,9.974979304182026,17.07950124318856
KR6KB0007AQ6,56094,20,False,LIZARD KI,first_strike,-0.005,0.973327787242133,7.184773024850607,0.927272106658871,1968,4.291285858106646,10.63736068362163
KR6KB0007AQ6,56094,21,False,LIZARD KI,first_strike,0.005,0.9720390742075122,-5.702357321356539,0.8957731520188702,2001,-7.038031258543894,-4.475924549058363
KR6KB0007AQ6,56094,22,False,LIZARD KI,first_strike,0.01,0.9714102988751326,-11.990110645153822,1.2667929840365433,3996,-12.598119277314437,-11.004100621885794
KR6KB0007AQ6,56094,23,False,LIZARD KI,first_strike,0.025,0.9697255966226435,-28.837133170044826,1.9810351996348705,10027,-31.819734441611963,-27.26626495987879
KR6KB0007AQ6,56094,24,False,LIZARD KI,first_strike,0.05,0.9675892308743423,-50.20079065305585,2.6747773541351507,19785,-54.83592292603554,-44.78182731067574
KR6KB0007AQ6,56094,25,False,LIZARD KI,last_strike,-0.05,0.9738834422471287,12.741323074807822,0.7580640223680789,282,11.629536185465604,14.936237049638905
KR6KB0007AQ6,56094,26,False,LIZARD KI,last_strike,-0.025,0.9732061840701894,5.968741305416039,0.5134609068987459,135,5.580734782394978,6.488990990033018
KR6KB0007AQ6,56094,27,False,LIZARD KI,last_strike,-0.01,0.9728184803515791,2.091704119312832,0.30185683420503184,48,1.9609305681453681,2.351489383146888
KR6KB0007AQ6,56094,28,False,LIZARD KI,last_strike,-0.005,0.9726872683265207,0.779583868727407,0.18373725900214383,18,0.6501167018625753,0.9079442543010381
KR6KB0007AQ6,56094,29,False,LIZARD KI,last_strike,0.005,0.9725191453166098,-0.9016462303808639,0.19673967249477117,21,-1.2889117414624605,-0.5151288823056361
KR6KB0007AQ6,56094,30,False,LIZARD KI,last_strike,0.01,0.9724638771971362,-1.4543274251171314,0.24938448682385775,34,-2.181832023667253,-0.7704165025392281
KR6KB0007AQ6,56094,31,False,LIZARD KI,last_strike,0.025,0.972212568527165,-3.967414124829442,0.40908089277336535,94,-5.082553462348679,-3.0246128822572436
KR6KB0007AQ6,56094,32,False,LIZARD KI,last_strike,0.05,0.9720119819883456,-5.973279513023792,0.4976634017915237,144,-6.895550792708622,-5.299589713937898
KR6KS0006T00,56220,0,False,STEP KI,base,0.0,1.0014742021440601,0.0,0.0,0,0.0,0.0
KR6KS0006T00,56220,1,False,STEP KI,coupon_regular,-0.01,0.9940289298618193,-74.45272282240879,0.20043133777313046,114609,-74.94318771156551,-74.10584027838826
KR6KS0006T00,56220,2,False,STEP KI,coupon_regular,-0.005,0.9977515660029397,-37.22636141120518,0.10021566888656361,114609,-37.47159385578354,-37.05292013919493
KR6KS0006T00,56220,3,False,STEP KI,coupon_regular,-0.0025,0.9996128840734998,-18.613180705603497,0.050107834443280964,114609,-18.73579692789267,-18.52646006959837
KR6KS0006T00,56220,4,False,STEP KI,coupon_regular,-0.001,1.000729674915836,-7.44527228224098,0.02004313377731156,114609,-7.494318771156648,-7.41058402783893
KR6KS0006T00,56220,5,False,STEP KI,coupon_regular,0.001,1.0022187293722842,7.445272282241237,0.020043133777314565,114609,7.410584027839182,7.494318771156913
KR6KS0006T00,56220,6,False,STEP KI,coupon_regular,0.0025,1.0033355202146204,18.61318070560355,0.05010783444328232,114609,18.52646006959842,18.73579692789273
KR6KS0006T00,56220,7,False,STEP KI,coupon_regular,0.005,1.0051968382851808,37.22636141120524,0.10021566888656497,114609,37.05292013919498,37.471593855783595
KR6KS0006T00,56220,8,False,STEP KI,coupon_regular,0.01,1.0089194744263013,74.45272282240893,0.20043133777313182,114609,74.1058402783884,74.94318771156566
KR6KS0006T00,56220,9,False,STEP KI,ki_barrier,-0.05,1.0152897421625142,138.15540018454277,2.8544757399460168,2319,136.29337097143457,140.46802600941245
KR6KS0006T00,56220,10,False,STEP KI,ki_barrier,-0.025,1.0085129462670157,70.38744122955609,2.0249797244830643,1208,67.44762244817787,72.27874981172215
KR6KS0006T00,56220,11,False,STEP KI,ki_barrier,-0.01,1.0043297001218325,28.554979777724895,1.286139633389239,496,27.333433445175395,29.52340341750657
KR6KS0006T00,56220,12,False,STEP KI,ki_barrier,-0.005,1.0029821916900665,15.079895460065677,0.9320863929711948,264,13.811385003841647,16.874693954559643
KR6KS0006T00,56220,13,False,STEP KI,ki_barrier,0.005,0.9999984511408087,-14.757510032513077,0.9176577390571173,261,-15.918706623199224,-13.589347736522576
KR6KS0006T00,56220,14,False,STEP KI,ki_barrier,0.01,0.9985483170830298,-29.258850610302044,1.289448001726691,518,-31.896357847851355,-24.225980539615552
KR6KS0006T00,56220,15,False,STEP KI,ki_barrier,0.025,0.9940023902683427,-74.71811875717295,2.0452655831298436,1334,-77.68428426656271,-72.43683877123827
KR6KS0006T00,56220,16,False,STEP KI,ki_barrier,0.05,0.9871751791848898,-142.99022959170202,2.7893619354243153,2602,-150.9811624381163,-136.53692055338678
KR6KS0006T00,56220,17,False,STEP KI,first_strike,-0.05,1.005651021794411,41.76819650351089,2.3424611892087093,11693,40.663396626440345,43.492000680544265
KR6KS0006T00,56220,18,False,STEP KI,first_strike,-0.025,1.0034395645838012,19.653624397413704,1.6527706142835672,6268,17.950769341146472,22.48138678444932
KR6KS0006T00,56220,19,False,STEP KI,first_strike,-0.01,1.0023412448297049,8.670426856449874,1.0852884272828407,2722,7.5230064815137165,10.597650119841521
KR6KS0006T00,56220,20,False,STEP KI,first_strike,-0.005,1.00199849983024,5.242976861800166,0.7897617641550576,1358,3.7453046045402667,6.525700999575003
KR6KS0006T00,56220,21,False,STEP KI,first_strike,0.005,1.001099845108741,-3.743570353189642,0.7392505758217418,1342,-5.5410159849014216,-2.6010619930398247
KR6KS0006T00,56220,22,False,STEP KI,first_strike,0.01,1.0008034963346133,-6.707058094466149,1.038696971161757,2766,-8.53931796617266,-3.625658761414888
KR6KS0006T00,56220,23,False,STEP KI,first_strike,0.025,0.9999339937768666,-15.402083671932841,1.6306910875278424,7238,-19.183661115074937,-11.649966820624153
KR6KS0006T00,56220,24,False,STEP KI,first_strike,0.05,0.9989047934836427,-25.69408660417296,2.2506059902631033,15180,-30.821570916979766,-20.503473255543383
KR6KS0006T00,56220,25,False,STEP KI,last_strike,-0.05,1.0015223846058428,0.48182461782574815,0.13368308012245644,13,0.3288175770871764,0.558916276486829
KR6KS0006T00,56220,26,False,STEP KI,last_strike,-0.025,1.001488445373741,0.1424322968092991,0.07121925986109591,4,0.10527682710321266,0.21439285362011104
KR6KS0006T00,56220,27,False,STEP KI,last_strike,-0.01,1.0014812528451607,0.07050701100514527,0.049856299274054564,2,0.0,0.10624420591222314
KR6KS0006T00,56220,28,False,STEP KI,last_strike,-0.005,1.0014777113716302,0.035092275701070895,0.035092275701070895,1,0.0,0.10527682710321266
KR6KS0006T00,56220,29,False,STEP KI,last_strike,0.005,1.0014707551469633,-0.03446997096756546,0.03446997096756546,1,-0.10340991290269638,0.0
KR6KS0006T00,56220,30,False,STEP KI,last_strike,0.01,1.0014707551469633,-0.03446997096756546,0.03446997096756546,1,-0.10340991290269638,0.0
KR6KS0006T00,56220,31,False,STEP KI,last_strike,0.025,1.0014674081945716,-0.06793949488406513,0.0480454857537773,2,-0.2038184846521954,0.0
KR6KS0006T00,56220,32,False,STEP KI,last_strike,0.05,1.0014674081945716,-0.06793949488406513,0.0480454857537773,2,-0.2038184846521954,0.0
KR6SH0007ZT7,56266,0,True,LIZARD no-KI,base,0.0,0.9910706692974326,0.0,0.0,0,0.0,0.0
KR6SH0007ZT7,56266,1,True,LIZARD no-KI,coupon_regular,-0.01,0.9804097496230262,-106.60919674406304,0.18693324767163152,120000,-106.92005210738257,-106.38217263671733
KR6SH0007ZT7,56266,2,True,LIZARD no-KI,coupon_regular,-0.005,0.9857402094602296,-53.304598372031265,0.09346662383581676,120000,-53.46002605369103,-53.191086318358394
KR6SH0007ZT7,56266,3,True,LIZARD no-KI,coupon_regular,-0.0025,0.9884054393788312,-26.65229918601503,0.046733311917910025,120000,-26.730013026844915,-26.595543159178593
KR6SH0007ZT7,56266,4,True,LIZARD no-KI,coupon_regular,-0.001,0.9900045773299919,-10.66091967440631,0.018693324767163504,120000,-10.692005210738264,-10.638217263671736
KR6SH0007ZT7,56266,5,True,LIZARD no-KI,coupon_regular,0.001,0.9921367612648733,10.660919674406225,0.01869332476716316,120000,10.638217263671649,10.692005210738177
KR6SH0007ZT7,56266,6,True,LIZARD no-KI,coupon_regular,0.0025,0.9937358992160341,26.652299186016325,0.04673331191790725,120000,26.595543159179893,26.730013026846212
KR6SH0007ZT7,56266,7,True,LIZARD no-KI,coupon_regular,0.005,0.9964011291346359,53.304598372032224,0.09346662383581451,120000,53.19108631835935,53.46002605369198
KR6SH0007ZT7,56266,8,True,LIZARD no-KI,coupon_regular,0.01,1.001731588971839,106.60919674406355,0.1869332476716316,120000,106.38217263671778,106.92005210738306
KR6SH0007ZT7,56266,9,True,LIZARD no-KI,first_strike,-0.05,0.991950057109554,8.793878121212334,1.5255014923443126,18518,6.2306965883393115,12.744181882810043
KR6SH0007ZT7,56266,10,True,LIZARD no-KI,first_strike,-0.025,0.9912978051101455,2.27135812712909,1.0111344557476247,9135,0.011368281148818132,4.369189336952153
KR6SH0007ZT7,56266,11,True,LIZARD no-KI,first_strike,-0.01,0.9911532284085587,0.8255911112596004,0.6307699111284748,3645,-1.4737732292943355,2.34020460290981
KR6SH0007ZT7,56266,12,True,LIZARD no-KI,first_strike,-0.005,0.9910715074416702,0.008381442374371181,0.4105377057523942,1714,-0.6613897700844393,0.8812931113568702
KR6SH0007ZT7,56266,13,True,LIZARD no-KI,first_strike,0.005,0.9911141985291027,0.43529231670117136,0.40575378506557386,1859,-0.9279326847284461,1.2653411459303656
KR6SH0007ZT7,56266,14,True,LIZARD no-KI,first_strike,0.01,0.9912396942131108,1.6902491567796403,0.5293288513820528,3651,0.5292257148689405,2.4655244601844144
KR6SH0007ZT7,56266,15,True,LIZARD no-KI,first_strike,0.025,0.9912733395509136,2.0267025348087047,0.8601339902341042,8671,1.0432207501273707,3.3279017663178774
KR6SH0007ZT7,56266,16,True,LIZARD no-KI,first_strike,0.05,0.9915502357180571,4.795664206245379,1.1488519911621846,16503,4.4678820389989795,4.986621206439181
KR6SH0007ZT7,56266,17,True,LIZARD no-KI,last_strike,-0.05,1.004785790680577,137.15121383144535,2.330760484279333,3368,135.9760543803788,139.23588239124277
KR6SH0007ZT7,56266,18,True,LIZARD no-KI,last_strike,-0.025,0.9980250841485976,69.54414851164945,1.651868351269713,1747,69.31852730377025,69.69607450423541
KR6SH0007ZT7,56266,19,True,LIZARD no-KI,last_strike,-0.01,0.9936777803753433,26.07111077910496,1.0082106673670395,665,23.997340975560345,27.87399402642512
KR6SH0007ZT7,56266,20,True,LIZARD no-KI,last_strike,-0.005,0.9924244093168856,13.537400194528942,0.7256800660456926,347,12.055205920287442,14.983267106349293
KR6SH0007ZT7,56266,21,True,LIZARD no-KI,last_strike,0.005,0.9898072381063662,-12.634311910665028,0.697732282028138,327,-13.904664809728626,-11.131159421008219
KR6SH0007ZT7,56266,22,True,LIZARD no-KI,last_strike,0.01,0.9883925235989685,-26.781456984642283,1.0114919584790516,697,-28.00829759725347,-25.129929421317957
KR6SH0007ZT7,56266,23,True,LIZARD no-KI,last_strike,0.025,0.984289929929946,-67.80739367486657,1.5899738968913835,1792,-69.69106550810676,-65.60280167166013
KR6SH0007ZT7,56266,24,True,LIZARD no-KI,last_strike,0.05,0.9773238075208911,-137.46861776541576,2.2163433650291724,3731,-141.20659011001038,-134.5258715889338
KR6SH00084Y7,56612,0,False,STEP no-KI,base,0.0,0.967200937138709,0.0,0.0,0,0.0,0.0
KR6SH00084Y7,56612,1,False,STEP no-KI,coupon_regular,-0.01,0.9584869833972733,-87.13953741435772,0.23954593300107557,102573,-87.91484563873783,-86.6368566707147
KR6SH00084Y7,56612,2,False,STEP no-KI,coupon_regular,-0.005,0.9628439602679914,-43.56976870717828,0.11977296650053786,102573,-43.95742281936833,-43.318428335356764
KR6SH00084Y7,56612,3,False,STEP no-KI,coupon_regular,-0.0025,0.9650224487033501,-21.78488435358989,0.05988648325026922,102573,-21.97871140968492,-21.65921416767914
KR6SH00084Y7,56612,4,False,STEP no-KI,coupon_regular,-0.001,0.9663295417645655,-8.713953741435855,0.023954593300107126,102573,-8.791484563873865,-8.663685667071551
KR6SH00084Y7,56612,5,False,STEP no-KI,coupon_regular,0.001,0.9680723325128529,8.713953741437196,0.023954593300106408,102573,8.663685667072905,8.791484563875201
KR6SH00084Y7,56612,6,False,STEP no-KI,coupon_regular,0.0025,0.969379425574068,21.78488435358965,0.05988648325026805,102573,21.659214167678904,21.978711409684667
KR6SH00084Y7,56612,7,False,STEP no-KI,coupon_regular,0.005,0.9715579140094273,43.569768707179705,0.11977296650053763,102573,43.318428335358206,43.95742281936976
KR6SH00084Y7,56612,8,False,STEP no-KI,coupon_regular,0.01,0.9759148908801449,87.13953741435783,0.2395459330010748,102573,86.63685667071482,87.91484563873793
KR6SH00084Y7,56612,9,False,STEP no-KI,first_strike,-0.05,0.981092010352433,138.91073213723817,3.1872071193401377,23503,130.22146601754054,144.6674630823368
KR6SH00084Y7,56612,10,False,STEP no-KI,first_strike,-0.025,0.9730824100865211,58.8147294781199,2.1672141315996987,12128,54.233835581063616,61.65325471854304
KR6SH00084Y7,56612,11,False,STEP no-KI,first_strike,-0.01,0.9693245078308483,21.23570692139004,1.3312148148324034,4900,19.36759105326348,22.44199293271153
KR6SH00084Y7,56612,12,False,STEP no-KI,first_strike,-0.005,0.9683411022504506,11.401651117412612,0.9533332635872023,2439,9.7948722941,12.796221163756101
KR6SH00084Y7,56612,13,False,STEP no-KI,first_strike,0.005,0.9660468003321463,-11.541368065628838,0.9670723975205621,2562,-11.984309312032426,-10.770342774849025
KR6SH00084Y7,56612,14,False,STEP no-KI,first_strike,0.01,0.964884991225307,-23.159459134022455,1.3605628220056678,5034,-25.020405171088655,-21.993294482774836
KR6SH00084Y7,56612,15,False,STEP no-KI,first_strike,0.025,0.9620480751670629,-51.528619716462345,2.059668090083902,12283,-52.50114993145345,-50.50043441911433
KR6SH00084Y7,56612,16,False,STEP no-KI,first_strike,0.05,0.9586099698056,-85.90967333108999,2.7392744206640742,24037,-90.90375975095039,-82.5457616236262
KR6SH00084Y7,56612,17,False,STEP no-KI,last_strike,-0.05,0.9881186806937021,209.17743554993,3.0220163103528153,4610,208.17117115940448,210.51836071308875
KR6SH00084Y7,56612,18,False,STEP no-KI,last_strike,-0.025,0.977563680121858,103.6274298314881,2.124666013036297,2333,101.78967735848585,105.37807128200485
KR6SH00084Y7,56612,19,False,STEP no-KI,last_strike,-0.01,0.9713314207494119,41.30483610702828,1.3405155845664172,942,39.06775357884383,44.869628708682846
KR6SH00084Y7,56612,20,False,STEP no-KI,last_strike,-0.005,0.9691910317318871,19.900945931780146,0.9301817997657391,456,18.590355824580282,20.559025774420604
KR6SH00084Y7,56612,21,False,STEP no-KI,last_strike,0.005,0.9652671079343678,-19.33829204341569,0.912971606120083,447,-19.47048986656004,-19.20921815884672
KR6SH00084Y7,56612,22,False,STEP no-KI,last_strike,0.01,0.9634023959576113,-37.98541181097887,1.2743493794500573,882,-40.690824117882684,-36.18248288535556
KR6SH00084Y7,56612,23,False,STEP no-KI,last_strike,0.025,0.9578217612124227,-93.7917592628653,1.9777590298138914,2208,-98.2751956868554,-91.07133953925114
KR6SH00084Y7,56612,24,False,STEP no-KI,last_strike,0.05,0.9498266596783516,-173.74277460357652,2.641099003787004,4180,-176.78931688518838,-170.37404614852417
KR6MD0007EV0,56663,0,False,LIZARD KI,base,0.0,1.0214917410052207,0.0,0.0,0,0.0,0.0
KR6MD0007EV0,56663,1,False,LIZARD KI,coupon_regular,-0.01,1.0130817009061621,-84.10040099058455,0.23558149833251033,105878,-84.64692911031611,-83.62778422422586
KR6MD0007EV0,56663,2,False,LIZARD KI,coupon_regular,-0.005,1.0172867209556915,-42.05020049529231,0.11779074916625541,105878,-42.32346455515809,-41.81389211211297
KR6MD0007EV0,56663,3,False,LIZARD KI,coupon_regular,-0.0025,1.0193892309804562,-21.025100247646133,0.05889537458312744,105878,-21.161732277579016,-20.906946056056462
KR6MD0007EV0,56663,4,False,LIZARD KI,coupon_regular,-0.001,1.020650736995315,-8.410040099057655,0.023558149833252114,105878,-8.46469291103081,-8.362778422421783
KR6MD0007EV0,56663,5,False,LIZARD KI,coupon_regular,0.001,1.0223327450151265,8.410040099059275,0.02355814983325191,105878,8.362778422423407,8.464692911032436
KR6MD0007EV0,56663,6,False,LIZARD KI,coupon_regular,0.0025,1.0235942510299854,21.025100247646336,0.058895374583129136,105878,20.90694605605667,21.161732277579233
KR6MD0007EV0,56663,7,False,LIZARD KI,coupon_regular,0.005,1.0256967610547498,42.050200495292586,0.11779074916625663,105878,41.81389211211324,42.32346455515837
KR6MD0007EV0,56663,8,False,LIZARD KI,coupon_regular,0.01,1.0299017811042792,84.10040099058611,0.23558149833250977,105878,83.6277842242274,84.64692911031767
KR6MD0007EV0,56663,9,False,LIZARD KI,ki_barrier,-0.05,1.0341873858839266,126.95644878706109,2.6698392463489626,2232,122.22603892926702,130.0128981186296
KR6MD0007EV0,56663,10,False,LIZARD KI,ki_barrier,-0.025,1.0284413076191554,69.49566613934846,1.9663287463538643,1243,63.50854913731254,73.98656981130571
KR6MD0007EV0,56663,11,False,LIZARD KI,ki_barrier,-0.01,1.0242897014935175,27.97960488297121,1.24437401949031,506,26.75738088768889,30.384850263189982
KR6MD0007EV0,56663,12,False,LIZARD KI,ki_barrier,-0.005,1.0229229887534015,14.31247748181092,0.8903933609598139,259,12.791944924485826,15.432645418001574
KR6MD0007EV0,56663,13,False,LIZARD KI,ki_barrier,0.005,1.0198766137431716,-16.15127262048891,0.9389006679962064,297,-17.515203384648522,-15.037653862788613
KR6MD0007EV0,56663,14,False,LIZARD KI,ki_barrier,0.01,1.018318859142022,-31.728818631983668,1.3135933219871185,584,-35.138944643942345,-28.537824686032323
KR6MD0007EV0,56663,15,False,LIZARD KI,ki_barrier,0.025,1.0132378370190849,-82.53903986135693,2.100277965369161,1534,-86.22937320636552,-79.74256899805613
KR6MD0007EV0,56663,16,False,LIZARD KI,ki_barrier,0.05,1.0047706334189364,-167.21107586284114,2.9400617543031555,3170,-174.46920402029346,-162.56634153846014
KR6MD0007EV0,56663,17,False,LIZARD KI,first_strike,-0.05,1.020093546435113,-13.981945701074814,1.4755540837814936,11100,-15.746072006299604,-12.607899004570587
KR6MD0007EV0,56663,18,False,LIZARD KI,first_strike,-0.025,1.0209125411571025,-5.791998481181565,0.9145543306255617,4654,-6.178330667600001,-5.297852773324074
KR6MD0007EV0,56663,19,False,LIZARD KI,first_strike,-0.01,1.021240969884615,-2.5077112060561495,0.5175861162376882,1644,-2.973831406308352,-1.7244179940818631
KR6MD0007EV0,56663,20,False,LIZARD KI,first_strike,-0.005,1.0213982461853839,-0.9349481983670125,0.3544413187724049,764,-1.1108909183285132,-0.7058692990386816
KR6MD0007EV0,56663,21,False,LIZARD KI,first_strike,0.005,1.0215806495733906,0.8890856816995883,0.3177851778555623,693,0.4424281542738586,1.5640887124751854
KR6MD0007EV0,56663,22,False,LIZARD KI,first_strike,0.01,1.0216812206786496,1.894796734291098,0.43242134164024243,1324,1.676423679552705,2.278356068307523
KR6MD0007EV0,56663,23,False,LIZARD KI,first_strike,0.025,1.0219543821256871,4.626411204667426,0.635270523391045,2992,4.258484917209745,5.1745411191546
KR6MD0007EV0,56663,24,False,LIZARD KI,first_strike,0.05,1.0222723712180146,7.806302127941219,0.7879477754975294,4930,7.314131390829207,8.780158747889057
KR6MD0007EV0,56663,25,False,LIZARD KI,last_strike,-0.05,1.0216664339702266,1.7469296500612188,0.27285841806082156,41,0.8972475707291956,2.3091895018559665
KR6MD0007EV0,56663,26,False,LIZARD KI,last_strike,-0.025,1.021541279771647,0.49538766426419834,0.1430114756125749,12,0.2516738559187364,0.7408813312436895
KR6MD0007EV0,56663,27,False,LIZARD KI,last_strike,-0.01,1.0215121076205593,0.20366615338686658,0.09108103179012209,5,0.0,0.3663007595010189
KR6MD0007EV0,56663,28,False,LIZARD KI,last_strike,-0.005,1.0214917410052207,0.0,0.0,0,0.0,0.0
KR6MD0007EV0,56663,29,False,LIZARD KI,last_strike,0.005,1.021471762662907,-0.1997834231360568,0.08934468405734165,5,-0.47925662043093026,0.0
KR6MD0007EV0,56663,30,False,LIZARD KI,last_strike,0.01,1.021471762662907,-0.1997834231360568,0.08934468405734165,5,-0.47925662043093026,0.0
KR6MD0007EV0,56663,31,False,LIZARD KI,last_strike,0.025,1.021448483052819,-0.4325795240158796,0.130439509448102,11,-0.7108489075130108,-0.23351301562094826
KR6MD0007EV0,56663,32,False,LIZARD KI,last_strike,0.05,1.0214224634092697,-0.6927759595092661,0.16335998065935087,18,-0.8237762504927968,-0.5690388613050534
KR6SH00085R8,56689,0,True,LIZARD no-KI,base,0.0,1.0045643840869931,0.0,0.0,0,0.0,0.0
KR6SH00085R8,56689,1,True,LIZARD no-KI,coupon_regular,-0.01,0.992586305302431,-119.78078784562149,0.19882656805296325,120000,-120.33719658804772,-119.30789184439676
KR6SH00085R8,56689,2,True,LIZARD no-KI,coupon_regular,-0.005,0.998575344694712,-59.89039392281083,0.09941328402648163,120000,-60.16859829402392,-59.65394592219845
KR6SH00085R8,56689,3,True,LIZARD no-KI,coupon_regular,-0.0025,1.0015698643908526,-29.945196961405728,0.049706642013240585,120000,-30.08429914701227,-29.826972961099543
KR6SH00085R8,56689,4,True,LIZARD no-KI,coupon_regular,-0.001,1.0033665762085369,-11.978078784562713,0.019882656805295155,120000,-12.033719658805325,-11.930789184440245
KR6SH00085R8,56689,5,True,LIZARD no-KI,coupon_regular,0.001,1.0057621919654494,11.978078784562138,0.019882656805296075,120000,11.930789184439663,12.033719658804763
KR6SH00085R8,56689,6,True,LIZARD no-KI,coupon_regular,0.0025,1.0075589037831336,29.945196961404918,0.04970664201324069,120000,29.82697296109873,30.08429914701147
KR6SH00085R8,56689,7,True,LIZARD no-KI,coupon_regular,0.005,1.0105534234792741,59.89039392281014,0.09941328402648208,120000,59.653945922197764,60.168598294023255
KR6SH00085R8,56689,8,True,LIZARD no-KI,coupon_regular,0.01,1.0165424628715554,119.7807878456209,0.19882656805296392,120000,119.30789184439615,120.3371965880471
KR6SH00085R8,56689,9,True,LIZARD no-KI,first_strike,-0.05,1.003280215509901,-12.84168577092265,1.25488584728323,24234,-14.48186074934031,-11.811222313780867
KR6SH00085R8,56689,10,True,LIZARD no-KI,first_strike,-0.025,1.0036683143936225,-8.960696933707348,0.7839586753266538,11886,-10.350315724953575,-7.972351484043844
KR6SH00085R8,56689,11,True,LIZARD no-KI,first_strike,-0.01,1.0042446670493754,-3.197170376176384,0.4860942878003397,4611,-3.5029248342171573,-2.911052328172948
KR6SH00085R8,56689,12,True,LIZARD no-KI,first_strike,-0.005,1.0044367817038924,-1.2760238310059258,0.36289367574915526,2340,-2.0044860629102264,-0.19337090807016208
KR6SH00085R8,56689,13,True,LIZARD no-KI,first_strike,0.005,1.004749947123985,1.8556303699181413,0.32106024106708825,2290,0.7435616527209354,2.7714928688527958
KR6SH00085R8,56689,14,True,LIZARD no-KI,first_strike,0.01,1.004892052764288,3.2766867729462255,0.46959155637161487,4530,1.5414494747472585,4.615177539335953
KR6SH00085R8,56689,15,True,LIZARD no-KI,first_strike,0.025,1.0054324590464254,8.680749594323899,0.6587209599109224,10440,6.83088368233086,10.207307446853756
KR6SH00085R8,56689,16,True,LIZARD no-KI,first_strike,0.05,1.0063099638807846,17.455797937914667,0.8197610183854559,18938,14.184230638391442,19.469598630311165
KR6SH00085R8,56689,17,True,LIZARD no-KI,last_strike,-0.05,1.016266462418886,117.02078331892795,2.1501029691722424,2893,110.92111902550312,123.64929550618913
KR6SH00085R8,56689,18,True,LIZARD no-KI,last_strike,-0.025,1.0108742188197375,63.09834732744355,1.570058391539432,1594,58.88077601318679,68.1722025609244
KR6SH00085R8,56689,19,True,LIZARD no-KI,last_strike,-0.01,1.0071708982893073,26.065142023141767,1.0056994231434326,668,25.05370098743168,27.980490062474544
KR6SH00085R8,56689,20,True,LIZARD no-KI,last_strike,-0.005,1.0059161426904104,13.517586034171435,0.7235732228254479,348,12.703503578640348,14.448141304967956
KR6SH00085R8,56689,21,True,LIZARD no-KI,last_strike,0.005,1.003291497128111,-12.728869588821127,0.6986823030616345,331,-13.151772678521894,-12.340557645558125
KR6SH00085R8,56689,22,True,LIZARD no-KI,last_strike,0.01,1.001982113117473,-25.822709695199432,0.9911386460189588,675,-27.42310622458348,-25.01910174886976
KR6SH00085R8,56689,23,True,LIZARD no-KI,last_strike,0.025,0.9978059518968622,-67.5843219013091,1.5834008037347345,1795,-69.38887133301151,-66.52743241624418
KR6SH00085R8,56689,24,True,LIZARD no-KI,last_strike,0.05,0.9903829052198053,-141.8147886718778,2.2430367234093254,3872,-147.3679913922203,-135.89269498020337
KR6SH00088N1,56940,0,True,LIZARD no-KI,base,0.0,1.0131501550910387,0.0,0.0,0,0.0,0.0
KR6SH00088N1,56940,1,True,LIZARD no-KI,coupon_regular,-0.01,1.005598463855635,-75.51691235403501,0.18699256372580675,120000,-75.90210547273782,-75.25725251283842
KR6SH00088N1,56940,2,True,LIZARD no-KI,coupon_regular,-0.005,1.0093743094733367,-37.758456177018275,0.09349628186290243,120000,-37.95105273636968,-37.62862625641998
KR6SH00088N1,56940,3,True,LIZARD no-KI,coupon_regular,-0.0025,1.0112622322821874,-18.879228088509112,0.04674814093145107,120000,-18.97552636818481,-18.814313128209967
KR6SH00088N1,56940,4,True,LIZARD no-KI,coupon_regular,-0.001,1.0123949859674983,-7.551691235403226,0.01869925637258083,120000,-7.590210547273506,-7.525725251283566
KR6SH00088N1,56940,5,True,LIZARD no-KI,coupon_regular,0.001,1.013905324214579,7.551691235403512,0.01869925637258115,120000,7.525725251283854,7.590210547273793
KR6SH00088N1,56940,6,True,LIZARD no-KI,coupon_regular,0.0025,1.0150380778998895,18.879228088508953,0.04674814093145179,120000,18.814313128209804,18.97552636818465
KR6SH00088N1,56940,7,True,LIZARD no-KI,coupon_regular,0.005,1.0169260007087406,37.75845617701705,0.0934962818629051,120000,37.628626256418755,37.95105273636847
KR6SH00088N1,56940,8,True,LIZARD no-KI,coupon_regular,0.01,1.020701846326442,75.51691235403499,0.18699256372580794,120000,75.25725251283839,75.90210547273779
KR6SH00088N1,56940,9,True,LIZARD no-KI,first_strike,-0.05,1.0095882319491003,-35.61923141938161,1.4581385219694993,34270,-37.40125431531883,-34.6036416093434
KR6SH00088N1,56940,10,True,LIZARD no-KI,first_strike,-0.025,1.0112823903554085,-18.6776473563011,0.9944491146160999,18351,-19.58243113054217,-16.946886592989202
KR6SH00088N1,56940,11,True,LIZARD no-KI,first_strike,-0.01,1.01240726630762,-7.428887834184053,0.6088637821213736,7582,-8.663248379554355,-5.738828431694213
KR6SH00088N1,56940,12,True,LIZARD no-KI,first_strike,-0.005,1.0127729807414207,-3.771743496177954,0.4206017134562166,3784,-4.8180406476974955,-2.4652956588905504
KR6SH00088N1,56940,13,True,LIZARD no-KI,first_strike,0.005,1.0135380372535456,3.8788216250708905,0.41051819099952447,3853,2.9768390670736897,4.50070075546188
KR6SH00088N1,56940,14,True,LIZARD no-KI,first_strike,0.01,1.0139418076425095,7.916525514709198,0.5527907024349553,7600,6.877360334098929,9.17019758266436
KR6SH00088N1,56940,15,True,LIZARD no-KI,first_strike,0.025,1.0150325311503428,18.823760593040202,0.8085275009375641,18413,17.65518772092082,20.642494004475626
KR6SH00088N1,56940,16,True,LIZARD no-KI,first_strike,0.05,1.0166134824438333,34.633273527948035,0.9770236386949508,33710,33.348819543484595,36.27803743569392
KR6SH00088N1,56940,17,True,LIZARD no-KI,last_strike,-0.05,1.019116004930562,59.65849839523552,1.5433460092805111,1477,55.92134742650047,63.363493690109
KR6SH00088N1,56940,18,True,LIZARD no-KI,last_strike,-0.025,1.0162695904174037,31.19435326365062,1.106300600553616,790,30.196409900069103,32.670675833279375
KR6SH00088N1,56940,19,True,LIZARD no-KI,last_strike,-0.01,1.0144624284869772,13.12273395938562,0.7138501367049267,337,12.267297568204954,14.369846731497178
KR6SH00088N1,56940,20,True,LIZARD no-KI,last_strike,-0.005,1.0138285249239836,6.783698329450952,0.5124297710697734,175,6.5151825449484395,7.207443085283095
KR6SH00088N1,56940,21,True,LIZARD no-KI,last_strike,0.005,1.0125206129853472,-6.295421056912062,0.49125789534418,164,-6.910418839710174,-5.296172160500305
KR6SH00088N1,56940,22,True,LIZARD no-KI,last_strike,0.01,1.0118368185770499,-13.13336513988768,0.707103485418325,344,-13.857325445909073,-12.24620611120409
KR6SH00088N1,56940,23,True,LIZARD no-KI,last_strike,0.025,1.0096437735323878,-35.063815586510216,1.1435932099188353,933,-35.96952115121089,-33.92264417035854
KR6SH00088N1,56940,24,True,LIZARD no-KI,last_strike,0.05,1.0057822191950998,-73.67935895938642,1.627893380275238,2016,-77.23113687264683,-71.6565341940778
KR6ZW0003M64,57113,0,False,LIZARD no-KI,base,0.0,0.9831115798288066,0.0,0.0,0,0.0,0.0
KR6ZW0003M64,57113,1,False,LIZARD no-KI,coupon_regular,-0.01,0.9781033301035456,-50.08249725261053,0.17938398546983528,77934,-50.29546736104113,-49.75510773987736
KR6ZW0003M64,57113,2,False,LIZARD no-KI,coupon_regular,-0.005,0.980607454966176,-25.041248626304185,0.0896919927349183,77934,-25.1477336805195,-24.8775538699376
KR6ZW0003M64,57113,3,False,LIZARD no-KI,coupon_regular,-0.0025,0.9818595173974913,-12.520624313152132,0.04484599636745905,77934,-12.57386684025979,-12.438776934968839
KR6ZW0003M64,57113,4,False,LIZARD no-KI,coupon_regular,-0.001,0.9826107548562805,-5.008249725261053,0.017938398546983696,77934,-5.029546736104116,-4.975510773987736
KR6ZW0003M64,57113,5,False,LIZARD no-KI,coupon_regular,0.001,0.9836124048013325,5.008249725261024,0.017938398546983144,77934,4.975510773987707,5.029546736104084
KR6ZW0003M64,57113,6,False,LIZARD no-KI,coupon_regular,0.0025,0.9843636422601216,12.520624313152064,0.04484599636745824,77934,12.438776934968773,12.573866840259718
KR6ZW0003M64,57113,7,False,LIZARD no-KI,coupon_regular,0.005,0.9856157046914371,25.041248626305222,0.089691992734917,77934,24.87755386993863,25.147733680520524
KR6ZW0003M64,57113,8,False,LIZARD no-KI,coupon_regular,0.01,0.9881198295540673,50.08249725260937,0.17938398546983475,77934,49.755107739876195,50.29546736103999
KR6ZW0003M64,57113,9,False,LIZARD no-KI,first_strike,-0.05,0.9845584394447581,14.46859615951534,1.0488981976431004,2970,12.822408512201509,16.20678621074226
KR6ZW0003M64,57113,10,False,LIZARD no-KI,first_strike,-0.025,0.9834519645289609,3.403847001543632,0.5579581591108254,1078,2.702852219566192,4.458054930430126
KR6ZW0003M64,57113,11,False,LIZARD no-KI,first_strike,-0.01,0.983241322358921,1.2974253011453345,0.3180894466290672,338,0.663057349329412,2.1063215225033294
KR6ZW0003M64,57113,12,False,LIZARD no-KI,first_strike,-0.005,0.983141636793797,0.3005696499041998,0.18296199373320932,155,-0.12958499447363672,0.7642086400755564
KR6ZW0003M64,57113,13,False,LIZARD no-KI,first_strike,0.005,0.9830558953149977,-0.5568451380899829,0.21233400227229368,149,-0.7644848135310759,-0.4207271173884136
KR6ZW0003M64,57113,14,False,LIZARD no-KI,first_strike,0.01,0.9829972096212839,-1.1437020752262443,0.3022228157022881,282,-1.9171947504135445,-0.7134544230869072
KR6ZW0003M64,57113,15,False,LIZARD no-KI,first_strike,0.025,0.9829810535311071,-1.3052629769947404,0.362796052343795,584,-1.9923484600997667,-0.6587238671125615
KR6ZW0003M64,57113,16,False,LIZARD no-KI,first_strike,0.05,0.9829350286458768,-1.7655118292965384,0.4314775752224394,898,-2.4317516456363903,-1.1938120292016885
KR6ZW0003M64,57113,17,False,LIZARD no-KI,last_strike,-0.05,0.9927468533517814,96.35273522974819,2.1026057033088805,2065,92.8265938984238,98.43919141328959
KR6ZW0003M64,57113,18,False,LIZARD no-KI,last_strike,-0.025,0.9875724528941344,44.608730653278315,1.4214446582430034,977,43.44351928299592,46.180454650147794
KR6ZW0003M64,57113,19,False,LIZARD no-KI,last_strike,-0.01,0.9848158140675396,17.04234238733107,0.875195778872918,378,15.692458766804132,19.475568711534194
KR6ZW0003M64,57113,20,False,LIZARD no-KI,last_strike,-0.005,0.9839195535600113,8.079737312048051,0.6017806353627443,180,7.140680851094055,9.01932974014644
KR6ZW0003M64,57113,21,False,LIZARD no-KI,last_strike,0.005,0.9823684656814231,-7.431141473834414,0.5746428176008801,167,-8.410585281584574,-6.540275442957374
KR6ZW0003M64,57113,22,False,LIZARD no-KI,last_strike,0.01,0.9815524368826217,-15.591429461847257,0.8298203234581079,352,-15.670360037490298,-15.547068884836705
KR6ZW0003M64,57113,23,False,LIZARD no-KI,last_strike,0.025,0.9794028934086639,-37.08686420142627,1.2691671480953446,848,-38.061112525873654,-35.15217440731615
KR6ZW0003M64,57113,24,False,LIZARD no-KI,last_strike,0.05,0.9765337540995289,-65.77825729277602,1.6692535152488264,1534,-66.51582093823693,-65.15709722819656
KR6SH0008BL3,57150,0,True,LIZARD no-KI,base,0.0,1.012215981466993,0.0,0.0,0,0.0,0.0
KR6SH0008BL3,57150,1,True,LIZARD no-KI,coupon_regular,-0.01,1.0046523591032863,-75.63622363706787,0.18429716064234608,120000,-75.85894612425459,-75.5083631669881
KR6SH0008BL3,57150,2,True,LIZARD no-KI,coupon_regular,-0.005,1.0084341702851396,-37.818111818534504,0.09214858032117186,120000,-37.929473062127855,-37.75418158349461
KR6SH0008BL3,57150,3,True,LIZARD no-KI,coupon_regular,-0.0025,1.0103250758760665,-18.909055909266684,0.04607429016058657,120000,-18.964736531063362,-18.87709079174674
KR6SH0008BL3,57150,4,True,LIZARD no-KI,coupon_regular,-0.001,1.0114596192306222,-7.563622363707201,0.018429716064233673,120000,-7.585894612425875,-7.550836316699221
KR6SH0008BL3,57150,5,True,LIZARD no-KI,coupon_regular,0.001,1.0129723437033638,7.563622363706953,0.018429716064234464,120000,7.550836316698975,7.585894612425621
KR6SH0008BL3,57150,6,True,LIZARD no-KI,coupon_regular,0.0025,1.0141068870579195,18.909055909266637,0.046074290160587734,120000,18.877090791746696,18.96473653106331
KR6SH0008BL3,57150,7,True,LIZARD no-KI,coupon_regular,0.005,1.0159977926488466,37.81811181853445,0.09214858032117254,120000,37.75418158349457,37.929473062127805
KR6SH0008BL3,57150,8,True,LIZARD no-KI,coupon_regular,0.01,1.0197796038306999,75.63622363706762,0.18429716064234677,120000,75.50836316698783,75.85894612425432
KR6SH0008BL3,57150,9,True,LIZARD no-KI,first_strike,-0.05,1.0093217429875272,-28.9423847946598,1.7903260348221544,30525,-32.722333218343444,-24.869424108361233
KR6SH0008BL3,57150,10,True,LIZARD no-KI,first_strike,-0.025,1.010561838097952,-16.54143369041257,1.2089462923850653,16144,-18.289067731308272,-14.704186447150848
KR6SH0008BL3,57150,11,True,LIZARD no-KI,first_strike,-0.01,1.0115604749811384,-6.555064858547453,0.7429228844177925,6608,-7.168424572419367,-6.209492098469332
KR6SH0008BL3,57150,12,True,LIZARD no-KI,first_strike,-0.005,1.0118645202491017,-3.5146121789138207,0.5113756713076222,3308,-3.7695335404067873,-3.330328438149695
KR6SH0008BL3,57150,13,True,LIZARD no-KI,first_strike,0.005,1.0125600625284294,3.4408106143628916,0.49694747822021546,3277,2.7310067853946123,4.400549625869375
KR6SH0008BL3,57150,14,True,LIZARD no-KI,first_strike,0.01,1.012889395692637,6.7341422564385995,0.695166839832372,6538,6.360701507210528,7.3402887841761055
KR6SH0008BL3,57150,15,True,LIZARD no-KI,first_strike,0.025,1.0141575639797313,19.415825127382337,0.977570694905447,15988,19.081843886347194,20.032104291852736
KR6SH0008BL3,57150,16,True,LIZARD no-KI,first_strike,0.05,1.0158575616762424,36.41580209249265,1.2489959505663164,30240,35.08094554199805,37.91658459629337
KR6SH0008BL3,57150,17,True,LIZARD no-KI,last_strike,-0.05,1.0203199927118922,81.04011244899019,1.7867476802995221,2024,79.32233475245752,82.55934929254784
KR6SH0008BL3,57150,18,True,LIZARD no-KI,last_strike,-0.025,1.0165387524337146,43.22770966721423,1.2957280789886154,1103,40.43096061074124,45.100954638614496
KR6SH0008BL3,57150,19,True,LIZARD no-KI,last_strike,-0.01,1.013942406444251,17.264249772579166,0.8150647815907546,447,16.21730589572759,19.353562606150177
KR6SH0008BL3,57150,20,True,LIZARD no-KI,last_strike,-0.005,1.013104015982788,8.880345157947259,0.5837258165988148,231,8.532573307154937,9.573340241822518
KR6SH0008BL3,57150,21,True,LIZARD no-KI,last_strike,0.005,1.0113750434266433,-8.409380403498417,0.5651595920704952,221,-9.591133494090297,-6.847987896960634
KR6SH0008BL3,57150,22,True,LIZARD no-KI,last_strike,0.01,1.0104777778785687,-17.38203588424349,0.8097861905344302,459,-18.64216204002884,-15.439367665956059
KR6SH0008BL3,57150,23,True,LIZARD no-KI,last_strike,0.025,1.007987258112424,-42.287233545690576,1.249947876407781,1134,-44.991027919169625,-40.78046561088145
KR6SH0008BL3,57150,24,True,LIZARD no-KI,last_strike,0.05,1.003793716123489,-84.22265343504064,1.7327872871754293,2319,-84.94400210030432,-83.43165054086555
KR6HN0007J84,57182,0,True,STEP no-KI,base,0.0,1.011136899135723,0.0,0.0,0,0.0,0.0
KR6HN0007J84,57182,1,True,STEP no-KI,coupon_regular,-0.01,0.9999885857544584,-111.48313381264761,0.20367877808031545,120000,-111.65875547796026,-111.26432993061388
KR6HN0007J84,57182,2,True,STEP no-KI,coupon_regular,-0.005,1.0055627424450906,-55.741566906323825,0.10183938904015773,120000,-55.82937773898014,-55.63216496530695
KR6HN0007J84,57182,3,True,STEP no-KI,coupon_regular,-0.0025,1.008349820790407,-27.87078345316126,0.05091969452007994,120000,-27.914688869489424,-27.81608248265283
KR6HN0007J84,57182,4,True,STEP no-KI,coupon_regular,-0.001,1.0100220677975966,-11.148313381263875,0.0203678778080327,120000,-11.165875547795139,-11.126432993060504
KR6HN0007J84,57182,5,True,STEP no-KI,coupon_regular,0.001,1.0122517304738494,11.148313381265186,0.02036787780803066,120000,11.126432993061819,11.165875547796452
KR6HN0007J84,57182,6,True,STEP no-KI,coupon_regular,0.0025,1.0139239774810391,27.870783453162623,0.05091969452007829,120000,27.816082482654195,27.91468886949079
KR6HN0007J84,57182,7,True,STEP no-KI,coupon_regular,0.005,1.0167110558263555,55.741566906323804,0.10183938904015771,120000,55.63216496530694,55.82937773898012
KR6HN0007J84,57182,8,True,STEP no-KI,coupon_regular,0.01,1.022285212516988,111.48313381264848,0.20367877808031257,120000,111.26432993061478,111.65875547796115
KR6HN0007J84,57182,9,True,STEP no-KI,first_strike,-0.05,1.0096799611745955,-14.569379611273861,1.6500680230777027,28605,-14.993841473442803,-14.135577384150366
KR6HN0007J84,57182,10,True,STEP no-KI,first_strike,-0.025,1.0102138161567347,-9.230829789883261,1.1278690743935555,14734,-11.179414533105025,-8.080861816655124
KR6HN0007J84,57182,11,True,STEP no-KI,first_strike,-0.01,1.0107742462742653,-3.62652861457759,0.6932020224943306,5874,-3.87412025499911,-3.151620748720277
KR6HN0007J84,57182,12,True,STEP no-KI,first_strike,-0.005,1.0109190538177613,-2.178453179617834,0.46206786855104015,2876,-2.849258343639507,-1.6034009243953502
KR6HN0007J84,57182,13,True,STEP no-KI,first_strike,0.005,1.0114007548193433,2.638556836203748,0.4712505553997204,3024,2.22672376434081,3.0144621277740478
KR6HN0007J84,57182,14,True,STEP no-KI,first_strike,0.01,1.011711284642935,5.743855072119412,0.6376982921434129,5978,4.9458007947613325,6.15791301033608
KR6HN0007J84,57182,15,True,STEP no-KI,first_strike,0.025,1.0126826083726634,15.457092369403775,0.9485572840307042,14634,14.461114478364994,17.0142353674035
KR6HN0007J84,57182,16,True,STEP no-KI,first_strike,0.05,1.0142148240809081,30.77924945184949,1.2193878230665982,27240,28.995390352372123,34.273422705468285
KR6HN0007J84,57182,17,True,STEP no-KI,last_strike,-0.05,1.0193395466259891,82.02647490266106,1.5157414416999533,2863,79.08177078702809,84.07881594739216
KR6HN0007J84,57182,18,True,STEP no-KI,last_strike,-0.025,1.0151964669096958,40.59567773972743,1.054712389897523,1464,40.36278051584017,40.837532754143936
KR6HN0007J84,57182,19,True,STEP no-KI,last_strike,-0.01,1.012692200527964,15.55301392240992,0.648207244196097,573,14.898024410430736,16.127006365532306
KR6HN0007J84,57182,20,True,STEP no-KI,last_strike,-0.005,1.0119131704669797,7.76271331256679,0.456878392795189,288,7.517724199008532,8.250411014527776
KR6HN0007J84,57182,21,True,STEP no-KI,last_strike,0.005,1.0103181471787956,-8.187519569274922,0.46593366373213513,308,-8.613010354807479,-7.974592245187717
KR6HN0007J84,57182,22,True,STEP no-KI,last_strike,0.01,1.009555646717858,-15.812524178652755,0.6444921234887327,599,-16.160379228702478,-15.442857975079015
KR6HN0007J84,57182,23,True,STEP no-KI,last_strike,0.025,1.00729585556294,-38.410435727828926,0.9897916104130685,1488,-40.396876964048786,-36.4190753183605
KR6HN0007J84,57182,24,True,STEP no-KI,last_strike,0.05,1.0040848091377856,-70.52089997937345,1.3112118210480934,2830,-72.44153038040204,-69.06674885708293
KR6KW0004VF8,57467,0,False,STEP KI,base,0.0,1.0309769925495829,0.0,0.0,0,0.0,0.0
KR6KW0004VF8,57467,1,False,STEP KI,coupon_regular,-0.01,1.0223887455276435,-85.8824702193922,0.2237444708809574,115014,-86.59094096303775,-85.3049049996251
KR6KW0004VF8,57467,2,False,STEP KI,coupon_regular,-0.005,1.0266828690386134,-42.94123510969615,0.11187223544047953,115014,-43.29547048151893,-42.6524524998126
KR6KW0004VF8,57467,3,False,STEP KI,coupon_regular,-0.0025,1.0288299307940982,-21.470617554847244,0.05593611772024061,115014,-21.64773524075864,-21.326226249905467
KR6KW0004VF8,57467,4,False,STEP KI,coupon_regular,-0.001,1.030118167847389,-8.588247021938555,0.02237444708809674,115014,-8.659094096303113,-8.530490499961841
KR6KW0004VF8,57467,5,False,STEP KI,coupon_regular,0.001,1.031835817251777,8.588247021940226,0.022374447088094496,115014,8.53049049996352,8.659094096304779
KR6KW0004VF8,57467,6,False,STEP KI,coupon_regular,0.0025,1.0331240543050675,21.470617554848875,0.055936117720238765,115014,21.3262262499071,21.647735240760262
KR6KW0004VF8,57467,7,False,STEP KI,coupon_regular,0.005,1.0352711160605528,42.941235109697885,0.11187223544047746,115014,42.65245249981434,43.29547048152067
KR6KW0004VF8,57467,8,False,STEP KI,coupon_regular,0.01,1.0395652395715225,85.88247021939571,0.22374447088095495,115014,85.30490499962863,86.59094096304128
KR6KW0004VF8,57467,9,False,STEP KI,ki_barrier,-0.05,1.0458340253104048,148.57032760821988,3.064416511927238,2322,142.223129574897,152.05380332813115
KR6KW0004VF8,57467,10,False,STEP KI,ki_barrier,-0.025,1.0387363223885493,77.59329838966386,2.2080953055168027,1231,74.41402397231673,80.7383552001347
KR6KW0004VF8,57467,11,False,STEP KI,ki_barrier,-0.01,1.0343191304679582,33.42137918375382,1.444372386565305,537,31.912467017252535,36.0374906223874
KR6KW0004VF8,57467,12,False,STEP KI,ki_barrier,-0.005,1.0326519727890964,16.749802395134967,1.0217938437037812,270,15.295104697796447,18.86445623656659
KR6KW0004VF8,57467,13,False,STEP KI,ki_barrier,0.005,1.0292509667207292,-17.260258288535624,1.0324290382972414,281,-17.95583407089046,-16.20931532909445
KR6KW0004VF8,57467,14,False,STEP KI,ki_barrier,0.01,1.0275045264417066,-34.72466107876323,1.4583440270688568,569,-35.0717251106511,-34.524323854730085
KR6KW0004VF8,57467,15,False,STEP KI,ki_barrier,0.025,1.02216236665122,-88.14625898362627,2.300185070948967,1464,-92.74337321799118,-82.8530212468065
KR6KW0004VF8,57467,16,False,STEP KI,ki_barrier,0.05,1.013209120938319,-177.67871611263993,3.214561201433072,3008,-190.09580995639516,-168.56911761187118
KR6KW0004VF8,57467,17,False,STEP KI,first_strike,-0.05,1.0286106753933644,-23.663171562184264,2.2489956102182673,14675,-25.562755897464474,-22.554874873224207
KR6KW0004VF8,57467,18,False,STEP KI,first_strike,-0.025,1.0293766459871114,-16.003465624713797,1.5912460223142912,8115,-18.008788916433677,-13.910155203699853
KR6KW0004VF8,57467,19,False,STEP KI,first_strike,-0.01,1.0302391030266613,-7.378895229213501,0.983186711110659,3373,-8.474762354449485,-6.017926753807538
KR6KW0004VF8,57467,20,False,STEP KI,first_strike,-0.005,1.0306154107170176,-3.6158183256527376,0.7049130046823135,1733,-4.321423964977031,-2.964978270211594
KR6KW0004VF8,57467,21,False,STEP KI,first_strike,0.005,1.0314371070941941,4.601145446113756,0.6897662659072795,1792,3.2736111012520546,6.166905347923789
KR6KW0004VF8,57467,22,False,STEP KI,first_strike,0.01,1.032010317787705,10.333252381218369,0.9464433825011297,3597,9.406335772508818,12.023594461161384
KR6KW0004VF8,57467,23,False,STEP KI,first_strike,0.025,1.0334703757493044,24.933831997213993,1.5168805494396507,9411,22.935798519844262,26.695366716231476
KR6KW0004VF8,57467,24,False,STEP KI,first_strike,0.05,1.036707548546146,57.305559965631105,2.0704535042627334,19961,50.85887846090594,60.87530576892876
KR6KW0004VF8,57467,25,False,STEP KI,last_strike,-0.05,1.0310805888949413,1.0359634535853148,0.2114997772663678,24,0.9114430403836123,1.1662016683176675
KR6KW0004VF8,57467,26,False,STEP KI,last_strike,-0.025,1.0310234762128463,0.46483663263386876,0.14016108414565398,11,0.38246602300680205,0.5060668975161197
KR6KW0004VF8,57467,27,False,STEP KI,last_strike,-0.01,1.0309936175305507,0.16624980967891992,0.08312469860348105,4,0.0,0.2494430795039594
KR6KW0004VF8,57467,28,False,STEP KI,last_strike,-0.005,1.0309852711568617,0.08278607278817615,0.058538420943457715,2,0.0,0.12437305945132152
KR6KW0004VF8,57467,29,False,STEP KI,last_strike,0.005,1.0309647225344738,-0.1227001510909628,0.07084040175438407,3,-0.24539049603364577,0.0
KR6KW0004VF8,57467,30,False,STEP KI,last_strike,0.01,1.0309566229665088,-0.20369583074021752,0.09109511403135034,5,-0.36691335567875893,0.0
KR6KW0004VF8,57467,31,False,STEP KI,last_strike,0.025,1.0309327149188279,-0.44277630754873215,0.13350808574302933,11,-0.7241345893915563,-0.24175569982374803
KR6KW0004VF8,57467,32,False,STEP KI,last_strike,0.05,1.0309020192492524,-0.7497330033040366,0.17204796959477936,19,-0.9384912063130664,-0.47369506447107784
KR6SH0008FE9,57610,0,True,LIZARD no-KI,base,0.0,0.997874088661779,0.0,0.0,0,0.0,0.0
KR6SH0008FE9,57610,1,True,LIZARD no-KI,coupon_regular,-0.01,0.9912189379182208,-66.55150743558106,0.15763894499469305,120000,-66.58334912288026,-66.50844516780376
KR6SH0008FE9,57610,2,True,LIZARD no-KI,coupon_regular,-0.005,0.9945465132899997,-33.27575371779042,0.0788194724973469,120000,-33.29167456144003,-33.25422258390177
KR6SH0008FE9,57610,3,True,LIZARD no-KI,coupon_regular,-0.0025,0.9962103009758891,-16.637876858895307,0.039409736248673694,120000,-16.64583728072011,-16.627111291950982
KR6SH0008FE9,57610,4,True,LIZARD no-KI,coupon_regular,-0.001,0.997208573587423,-6.655150743558593,0.01576389449946885,120000,-6.658334912288512,-6.650844516780866
KR6SH0008FE9,57610,5,True,LIZARD no-KI,coupon_regular,0.001,0.9985396037361346,6.655150743558372,0.015763894499468918,120000,6.650844516780642,6.658334912288291
KR6SH0008FE9,57610,6,True,LIZARD no-KI,coupon_regular,0.0025,0.9995378763476682,16.63787685889507,0.03940973624867362,120000,16.627111291950744,16.645837280719874
KR6SH0008FE9,57610,7,True,LIZARD no-KI,coupon_regular,0.005,1.001201664033558,33.275753717790224,0.07881947249734707,120000,33.254222583901566,33.291674561439834
KR6SH0008FE9,57610,8,True,LIZARD no-KI,coupon_regular,0.01,1.0045292394053371,66.55150743558083,0.15763894499469294,120000,66.50844516780353,66.58334912288004
KR6SH0008FE9,57610,9,True,LIZARD no-KI,first_strike,-0.05,0.9988599248652487,9.858362034698127,1.8212839090239585,29715,7.802189934976306,12.025849260458772
KR6SH0008FE9,57610,10,True,LIZARD no-KI,first_strike,-0.025,0.9978847804777768,0.10691815998022905,1.1903808682719117,15967,-1.5502171509863718,2.5712116708727075
KR6SH0008FE9,57610,11,True,LIZARD no-KI,first_strike,-0.01,0.9978270139140524,-0.4707474772658964,0.7282723726565997,6616,-2.0298263095577167,0.6375167356152777
KR6SH0008FE9,57610,12,True,LIZARD no-KI,first_strike,-0.005,0.99784083207293,-0.3325658884878946,0.5001941128479517,3289,-1.3225827947114683,0.4041592939227254
KR6SH0008FE9,57610,13,True,LIZARD no-KI,first_strike,0.005,0.9978890178679624,0.14929206183609206,0.5117333642033086,3331,-0.25211129641090113,0.5678029040006519
KR6SH0008FE9,57610,14,True,LIZARD no-KI,first_strike,0.01,0.9979275812255446,0.5349256376579419,0.7046847894618665,6627,0.3286470727932954,0.6516603917315557
KR6SH0008FE9,57610,15,True,LIZARD no-KI,first_strike,0.025,0.9983005678556605,4.264791938817039,1.0115435180393368,16241,3.1399071036406516,5.8242548408827135
KR6SH0008FE9,57610,16,True,LIZARD no-KI,first_strike,0.05,0.9989028267862364,10.287381244576347,1.299702398246012,30554,7.929225285207944,11.58844333940297
KR6SH0008FE9,57610,17,True,LIZARD no-KI,last_strike,-0.05,1.0055803258892921,77.06237227513371,1.7411133217674732,1929,74.68841393897166,79.49478201931007
KR6SH0008FE9,57610,18,True,LIZARD no-KI,last_strike,-0.025,1.0016970100427798,38.22921381001019,1.216322205144301,980,37.09262448449612,39.87111990519492
KR6SH0008FE9,57610,19,True,LIZARD no-KI,last_strike,-0.01,0.9994347699723672,15.606813105883521,0.7732576509107564,406,14.304876980770429,17.52719896229806
KR6SH0008FE9,57610,20,True,LIZARD no-KI,last_strike,-0.005,0.9986082611183195,7.34172456540566,0.5294237088332798,192,6.309283788369553,8.721709881425276
KR6SH0008FE9,57610,21,True,LIZARD no-KI,last_strike,0.005,0.9971963059546431,-6.777827071356202,0.5062250794336406,179,-7.1567524605368265,-6.133712804889553
KR6SH0008FE9,57610,22,True,LIZARD no-KI,last_strike,0.01,0.9965067076797902,-13.673809819885168,0.7166182436641678,363,-14.689240818082549,-12.544693660156925
KR6SH0008FE9,57610,23,True,LIZARD no-KI,last_strike,0.025,0.9943138665183132,-35.60222143465604,1.1445791446766465,960,-37.62409729486268,-34.170462090468575
KR6SH0008FE9,57610,24,True,LIZARD no-KI,last_strike,0.05,0.9906352769362518,-72.38811725527057,1.603814913202295,2005,-74.57847053938004,-70.5154547741462
KR6MD0007VJ9,57650,0,False,LIZARD KI,base,0.0,1.0101066222803838,0.0,0.0,0,0.0,0.0
KR6MD0007VJ9,57650,1,False,LIZARD KI,coupon_regular,-0.01,1.0015072157803875,-85.994064999962,0.2413455938894946,101176,-86.19583318097627,-85.72635314279125
KR6MD0007VJ9,57650,2,False,LIZARD KI,coupon_regular,-0.005,1.0058069190303855,-42.997032499981266,0.1206727969447481,101176,-43.097916590488396,-42.86317657139589
KR6MD0007VJ9,57650,3,False,LIZARD KI,coupon_regular,-0.0025,1.007956770655385,-21.498516249990576,0.060336398472373494,101176,-21.54895829524414,-21.431588285697885
KR6MD0007VJ9,57650,4,False,LIZARD KI,coupon_regular,-0.001,1.0092466816303842,-8.5994064999959,0.024134559388950438,101176,-8.619583318097327,-8.572635314278829
KR6MD0007VJ9,57650,5,False,LIZARD KI,coupon_regular,0.001,1.0109665629303834,8.599406499996643,0.024134559388947784,101176,8.572635314279562,8.619583318098066
KR6MD0007VJ9,57650,6,False,LIZARD KI,coupon_regular,0.0025,1.0122564739053828,21.498516249990196,0.060336398472372814,101176,21.431588285697504,21.548958295243754
KR6MD0007VJ9,57650,7,False,LIZARD KI,coupon_regular,0.005,1.0144063255303821,42.99703249998201,0.1206727969447454,101176,42.86317657139663,43.09791659048914
KR6MD0007VJ9,57650,8,False,LIZARD KI,coupon_regular,0.01,1.01870602878038,85.99406499996292,0.2413455938894918,101176,85.72635314279216,86.19583318097716
KR6MD0007VJ9,57650,9,False,LIZARD KI,ki_barrier,-0.05,1.0315562322150773,214.4960993469359,3.525451391898717,3619,210.87358482144128,218.43238327935836
KR6MD0007VJ9,57650,10,False,LIZARD KI,ki_barrier,-0.025,1.021168958890048,110.62336609664278,2.525427908372532,1903,109.32194159052966,112.80047802294439
KR6MD0007VJ9,57650,11,False,LIZARD KI,ki_barrier,-0.01,1.0145075268955939,44.00904615210046,1.5920797905384962,765,42.100671681166716,45.256908886380465
KR6MD0007VJ9,57650,12,False,LIZARD KI,ki_barrier,-0.005,1.0120356099586485,19.28987678264774,1.0531531295421852,337,18.998239977226632,19.715461578752773
KR6MD0007VJ9,57650,13,False,LIZARD KI,ki_barrier,0.005,1.0080993928134023,-20.07229466981221,1.0707125285599,353,-22.57723246367283,-18.342668462309703
KR6MD0007VJ9,57650,14,False,LIZARD KI,ki_barrier,0.01,1.00593538796946,-41.712343109239555,1.538480123725628,736,-42.91522314934545,-40.8487711316015
KR6MD0007VJ9,57650,15,False,LIZARD KI,ki_barrier,0.025,0.9996029641790309,-105.03658101352765,2.417990759250507,1871,-108.18852719129352,-102.64913784299897
KR6MD0007VJ9,57650,16,False,LIZARD KI,ki_barrier,0.05,0.9899453845665419,-201.61237713841797,3.2996441203167577,3647,-203.91636061864625,-199.82853234076094
KR6MD0007VJ9,57650,17,False,LIZARD KI,first_strike,-0.05,1.0105235687370007,4.1694645661678145,2.0630572912122047,11949,2.39091711745914,6.8223505863227984
KR6MD0007VJ9,57650,18,False,LIZARD KI,first_strike,-0.025,1.0101817542935392,0.7513201315552765,1.3058335453661918,5178,-0.6713637480071586,1.7677779765474428
KR6MD0007VJ9,57650,19,False,LIZARD KI,first_strike,-0.01,1.0102137637188076,1.071414384237182,0.7893226404738103,1892,0.5738130125233344,1.351073726328112
KR6MD0007VJ9,57650,20,False,LIZARD KI,first_strike,-0.005,1.0101615852730967,0.5496299271288735,0.5474559034337964,939,0.1745930149581501,1.2354105701576332
KR6MD0007VJ9,57650,21,False,LIZARD KI,first_strike,0.005,1.0100717982050793,-0.3482407530439643,0.5453677314245577,937,-1.1694654280014298,0.6518153249647013
KR6MD0007VJ9,57650,22,False,LIZARD KI,first_strike,0.01,1.0100370290079175,-0.6959327246620333,0.7552732995789093,1798,-1.3035350732532065,0.44966623003769435
KR6MD0007VJ9,57650,23,False,LIZARD KI,first_strike,0.025,1.0101717264923926,0.6510421200882746,1.0475991497220434,3896,-0.147724143836844,1.4017302558862008
KR6MD0007VJ9,57650,24,False,LIZARD KI,first_strike,0.05,1.0104341077431027,3.2748546271885743,1.3050954086274065,6692,2.319132425539139,3.86864146775355
KR6MD0007VJ9,57650,25,False,LIZARD KI,last_strike,-0.05,1.0111212468158128,10.14624535429113,0.6851718266791432,219,8.188217860039387,11.93378643316738
KR6MD0007VJ9,57650,26,False,LIZARD KI,last_strike,-0.025,1.0105463505646588,4.39728284274937,0.446329869601651,97,3.6589779178827455,5.58591407028254
KR6MD0007VJ9,57650,27,False,LIZARD KI,last_strike,-0.01,1.0102496203581786,1.4299807779497802,0.2527567781008685,32,1.0721630437606435,1.7422816126337348
KR6MD0007VJ9,57650,28,False,LIZARD KI,last_strike,-0.005,1.0101868070121818,0.8018473179810118,0.18898416561910494,18,0.534299914656463,1.2029704358914242
KR6MD0007VJ9,57650,29,False,LIZARD KI,last_strike,0.005,1.0100316349512013,-0.7498732918250114,0.1818593933518267,17,-0.7942555840251754,-0.6614942865380131
KR6MD0007VJ9,57650,30,False,LIZARD KI,last_strike,0.01,1.0099660658246645,-1.4055645571905613,0.2484421996136054,32,-1.58090014294087,-1.0554173109132823
KR6MD0007VJ9,57650,31,False,LIZARD KI,last_strike,0.025,1.0098368528139965,-2.697694663872505,0.3425437637963818,62,-3.387734739538137,-1.5722814363698001
KR6MD0007VJ9,57650,32,False,LIZARD KI,last_strike,0.05,1.0096165512127173,-4.900710676663103,0.4569320739350031,115,-5.751974735004635,-3.570686081046795
KR6SH0008NJ2,58052,0,True,LIZARD no-KI,base,0.0,0.9831098821111254,0.0,0.0,0,0.0,0.0
KR6SH0008NJ2,58052,1,True,LIZARD no-KI,coupon_regular,-0.01,0.976289983917633,-68.19898193492337,0.15258700024268385,120000,-68.38592400288016,-67.85953223730016
KR6SH0008NJ2,58052,2,True,LIZARD no-KI,coupon_regular,-0.005,0.9796999330143791,-34.09949096746167,0.0762935001213419,120000,-34.192962001440065,-33.92976611865006
KR6SH0008NJ2,58052,3,True,LIZARD no-KI,coupon_regular,-0.0025,0.9814049075627521,-17.049745483730813,0.03814675006067084,120000,-17.09648100072001,-16.964883059325008
KR6SH0008NJ2,58052,4,True,LIZARD no-KI,coupon_regular,-0.001,0.9824278922917763,-6.819898193491625,0.015258700024269394,120000,-6.838592400287308,-6.7859532237293
KR6SH0008NJ2,58052,5,True,LIZARD no-KI,coupon_regular,0.001,0.9837918719304745,6.819898193492791,0.015258700024267867,120000,6.785953223730471,6.83859240028847
KR6SH0008NJ2,58052,6,True,LIZARD no-KI,coupon_regular,0.0025,0.9848148566594984,17.04974548373084,0.03814675006067093,120000,16.96488305932504,17.09648100072004
KR6SH0008NJ2,58052,7,True,LIZARD no-KI,coupon_regular,0.005,0.9865198312078717,34.09949096746267,0.07629350012134008,120000,33.92976611865107,34.19296200144107
KR6SH0008NJ2,58052,8,True,LIZARD no-KI,coupon_regular,0.01,0.989929780304618,68.19898193492446,0.1525870002426821,120000,67.85953223730125,68.38592400288125
KR6SH0008NJ2,58052,9,True,LIZARD no-KI,first_strike,-0.05,0.9866231359756483,35.132538645231186,2.2334154429802338,26984,30.686930003693277,40.42008531571528
KR6SH0008NJ2,58052,10,True,LIZARD no-KI,first_strike,-0.025,0.9842525745151147,11.426924039892628,1.4783917347299274,14255,7.70160217003111,16.854318999956778
KR6SH0008NJ2,58052,11,True,LIZARD no-KI,first_strike,-0.01,0.9835603509623081,4.50468851182767,0.9349586571427061,5946,2.1251979275108552,7.243415181364295
KR6SH0008NJ2,58052,12,True,LIZARD no-KI,first_strike,-0.005,0.9832546695211897,1.447874100643305,0.6337892595678439,3043,1.3304704242423961,1.5875460845917528
KR6SH0008NJ2,58052,13,True,LIZARD no-KI,first_strike,0.005,0.9829568305547725,-1.530515563528549,0.614871231715452,2938,-1.9426386334456576,-1.1561847334040067
KR6SH0008NJ2,58052,14,True,LIZARD no-KI,first_strike,0.01,0.9828388710463676,-2.710110647577903,0.8495479614064733,5894,-3.8001106564889913,-0.8396821937688762
KR6SH0008NJ2,58052,15,True,LIZARD no-KI,first_strike,0.025,0.9827005031177851,-4.093789933402064,1.270601706603635,14435,-5.076117116526404,-2.7300840650394056
KR6SH0008NJ2,58052,16,True,LIZARD no-KI,first_strike,0.05,0.9827693361214281,-3.4054598969727286,1.6423845100238004,27156,-5.191470738497106,-0.18867629556411764
KR6SH0008NJ2,58052,17,True,LIZARD no-KI,last_strike,-0.05,0.9921993190587406,90.89436947615249,1.8831808924945264,2287,88.19724606454747,94.96968359929643
KR6SH0008NJ2,58052,18,True,LIZARD no-KI,last_strike,-0.025,0.9874579810083991,43.4809889727379,1.2927141292248234,1121,41.812958371812414,46.520482366360405
KR6SH0008NJ2,58052,19,True,LIZARD no-KI,last_strike,-0.01,0.9847182934620307,16.08411350905278,0.782531064508924,421,14.908994783692497,17.647115689703153
KR6SH0008NJ2,58052,20,True,LIZARD no-KI,last_strike,-0.005,0.9839006768035667,7.907946924414804,0.5478467480093006,208,6.845039688919472,8.667264360057667
KR6SH0008NJ2,58052,21,True,LIZARD no-KI,last_strike,0.005,0.9823759716305049,-7.339104806202926,0.5251414977410448,195,-7.565958965765921,-7.225482009362695
KR6SH0008NJ2,58052,22,True,LIZARD no-KI,last_strike,0.01,0.9815114497960474,-15.984323150777099,0.7721742657659167,427,-16.615921509276816,-15.614799186492203
KR6SH0008NJ2,58052,23,True,LIZARD no-KI,last_strike,0.025,0.9791532685425065,-39.56613568618811,1.2026017454431186,1073,-41.480419319015915,-38.1572392630049
KR6SH0008NJ2,58052,24,True,LIZARD no-KI,last_strike,0.05,0.9756377506775054,-74.72131433619967,1.6260503444077177,2077,-75.75172192591027,-73.02428544704469
KR6KS0007SG3,58064,0,False,LIZARD no-KI,base,0.0,0.9882795406803585,0.0,0.0,0,0.0,0.0
KR6KS0007SG3,58064,1,False,LIZARD no-KI,coupon_regular,-0.01,0.9805646671779015,-77.14873502456686,0.21076271413794104,100491,-77.50001488300951,-76.8422259637977
KR6KS0007SG3,58064,2,False,LIZARD no-KI,coupon_regular,-0.005,0.9844221039291298,-38.57436751228383,0.10538135706897002,100491,-38.75000744150515,-38.421112981899256
KR6KS0007SG3,58064,3,False,LIZARD no-KI,coupon_regular,-0.0025,0.9863508223047441,-19.28718375614097,0.05269067853448438,100491,-19.375003720751625,-19.210556490948683
KR6KS0007SG3,58064,4,False,LIZARD no-KI,coupon_regular,-0.001,0.9875080533301126,-7.7148735024569435,0.021076271413793733,100491,-7.750001488301206,-7.684222596380032
KR6KS0007SG3,58064,5,False,LIZARD no-KI,coupon_regular,0.001,0.989051028030604,7.714873502457466,0.02107627141379494,100491,7.684222596380547,7.750001488301732
KR6KS0007SG3,58064,6,False,LIZARD no-KI,coupon_regular,0.0025,0.9902082590559723,19.28718375614166,0.05269067853448604,100491,19.210556490949365,19.37500372075232
KR6KS0007SG3,58064,7,False,LIZARD no-KI,coupon_regular,0.005,0.9921369774315867,38.57436751228434,0.10538135706897118,100491,38.42111298189976,38.750007441505666
KR6KS0007SG3,58064,8,False,LIZARD no-KI,coupon_regular,0.01,0.995994414182815,77.1487350245683,0.21076271413794126,100491,76.84222596379917,77.50001488301095
KR6KS0007SG3,58064,9,False,LIZARD no-KI,first_strike,-0.05,0.991211062539566,29.315218592078168,2.487861080655645,18200,27.467432697892374,31.32211033065889
KR6KS0007SG3,58064,10,False,LIZARD no-KI,first_strike,-0.025,0.9895677915954815,12.88250915123138,1.7492691723604277,9606,12.607576350959095,13.246360630195044
KR6KS0007SG3,58064,11,False,LIZARD no-KI,first_strike,-0.01,0.9886845378038958,4.049971235374808,1.0622775049172675,3849,3.5675986999210223,4.649847732088819
KR6KS0007SG3,58064,12,False,LIZARD no-KI,first_strike,-0.005,0.9885525791821079,2.7303850174959954,0.7789423473167455,1949,1.636461198088028,3.4815665904487183
KR6KS0007SG3,58064,13,False,LIZARD no-KI,first_strike,0.005,0.9882563107514981,-0.232299288602042,0.6660355052174372,1988,-0.618895041440441,0.006970481628125524
KR6KS0007SG3,58064,14,False,LIZARD no-KI,first_strike,0.01,0.988145728728099,-1.3381195225935474,0.9793829938001167,4032,-1.8389991535580987,-0.8921786177484645
KR6KS0007SG3,58064,15,False,LIZARD no-KI,first_strike,0.025,0.9880024843473628,-2.7705633299532617,1.5308861538922072,10239,-5.266466025466727,0.6309582832278221
KR6KS0007SG3,58064,16,False,LIZARD no-KI,first_strike,0.05,0.9881286744098001,-1.5086627055814805,2.0686784921922015,20645,-4.810852504239565,2.8629866499414276
KR6KS0007SG3,58064,17,False,LIZARD no-KI,last_strike,-0.05,0.9907125524622029,24.330117818445967,1.1782818351061854,425,22.15878785701024,25.589901771966716
KR6KS0007SG3,58064,18,False,LIZARD no-KI,last_strike,-0.025,0.989360063110954,10.805224305958765,0.7792122951361617,192,9.115639142671007,11.995189727143075
KR6KS0007SG3,58064,19,False,LIZARD no-KI,last_strike,-0.01,0.9887031018011228,4.235611207643724,0.48570881958508644,76,3.675894393032468,4.851759487619995
KR6KS0007SG3,58064,20,False,LIZARD no-KI,last_strike,-0.005,0.9884517065125474,1.721658321890373,0.309180766879169,31,1.3325469735717488,2.1672099953773847
KR6KS0007SG3,58064,21,False,LIZARD no-KI,last_strike,0.005,0.9881141096061726,-1.6543107418569571,0.3019984617188532,30,-2.1497756611408105,-1.1582391830850434
KR6KS0007SG3,58064,22,False,LIZARD no-KI,last_strike,0.01,0.9879003488651997,-3.7919181515860783,0.45636678302986156,69,-4.4456889188872415,-2.970285108923828
KR6KS0007SG3,58064,23,False,LIZARD no-KI,last_strike,0.025,0.9873916501382252,-8.878905421331234,0.6950075402859061,163,-9.48090807331355,-8.012803190627952
KR6KS0007SG3,58064,24,False,LIZARD no-KI,last_strike,0.05,0.9867052737928873,-15.742668874709247,0.9187251891020105,293,-16.441329544967942,-14.99051510808182
KR6SH0008V25,58328,0,True,LIZARD no-KI,base,0.0,0.9484402930864807,0.0,0.0,0,0.0,0.0
KR6SH0008V25,58328,1,True,LIZARD no-KI,coupon_regular,-0.01,0.9415170312093144,-69.23261877166384,0.1591024249141017,120000,-69.3014103551566,-69.10248185961541
KR6SH0008V25,58328,2,True,LIZARD no-KI,coupon_regular,-0.005,0.9449786621478976,-34.616309385832245,0.07955121245705077,120000,-34.65070517757863,-34.55124092980803
KR6SH0008V25,58328,3,True,LIZARD no-KI,coupon_regular,-0.0025,0.9467094776171892,-17.308154692915842,0.0397756062285259,120000,-17.32535258878903,-17.27562046490374
KR6SH0008V25,58328,4,True,LIZARD no-KI,coupon_regular,-0.001,0.9477479668987641,-6.923261877166639,0.01591024249141039,120000,-6.930141035515918,-6.910248185961798
KR6SH0008V25,58328,5,True,LIZARD no-KI,coupon_regular,0.001,0.9491326192741973,6.923261877166452,0.015910242491409654,120000,6.9102481859616045,6.930141035515726
KR6SH0008V25,58328,6,True,LIZARD no-KI,coupon_regular,0.0025,0.9501711085557721,17.308154692915455,0.03977560622852656,120000,17.27562046490334,17.325352588788647
KR6SH0008V25,58328,7,True,LIZARD no-KI,coupon_regular,0.005,0.9519019240250639,34.61630938583135,0.07955121245705207,120000,34.55124092980713,34.650705177577734
KR6SH0008V25,58328,8,True,LIZARD no-KI,coupon_regular,0.01,0.955363554963647,69.23261877166355,0.15910242491410254,120000,69.10248185961512,69.30141035515629
KR6SH0008V25,58328,9,True,LIZARD no-KI,first_strike,-0.05,0.9524360519113902,39.957588249094954,2.227829530945533,21393,37.97025724276604,41.25785512609218
KR6SH0008V25,58328,10,True,LIZARD no-KI,first_strike,-0.025,0.9500482133217626,16.079202352821003,1.511939968277501,11392,11.700864243881195,19.87785062052982
KR6SH0008V25,58328,11,True,LIZARD no-KI,first_strike,-0.01,0.9489146370523411,4.743439658604363,0.897858002457964,4656,2.603195605227245,5.861853448617144
KR6SH0008V25,58328,12,True,LIZARD no-KI,first_strike,-0.005,0.9486107008746464,1.704077881657593,0.6127267298600915,2348,0.010096755297876653,2.85091262343627
KR6SH0008V25,58328,13,True,LIZARD no-KI,first_strike,0.005,0.9483406750377084,-0.9961804877233126,0.56571300158116,2358,-1.3749458885853731,-0.2517556845969875
KR6SH0008V25,58328,14,True,LIZARD no-KI,first_strike,0.01,0.9481899059842931,-2.5038710218751787,0.8302963054528829,4667,-3.1487985765852624,-1.5746966220460217
KR6SH0008V25,58328,15,True,LIZARD no-KI,first_strike,0.025,0.9477732282254386,-6.670648610420497,1.3062184664750536,11662,-8.38136780733888,-5.462827128577798
KR6SH0008V25,58328,16,True,LIZARD no-KI,first_strike,0.05,0.9477223722532331,-7.179208332476949,1.6885051451528212,22114,-9.343203810236426,-5.328554342063281
KR6SH0008V25,58328,17,True,LIZARD no-KI,last_strike,-0.05,0.9537284384308584,52.8814534437765,1.4289985433272145,1355,50.52977022398837,55.55226873135351
KR6SH0008V25,58328,18,True,LIZARD no-KI,last_strike,-0.025,0.951040044028256,25.997509417754124,0.9927652571518346,682,25.40467092560608,26.75787501356806
KR6SH0008V25,58328,19,True,LIZARD no-KI,last_strike,-0.01,0.9493860669948326,9.45773908352088,0.5951674722544045,252,8.666052690751375,10.019424958424615
KR6SH0008V25,58328,20,True,LIZARD no-KI,last_strike,-0.005,0.9489071468403152,4.668537538344327,0.4173527194102462,125,4.258122444505614,4.929140730920585
KR6SH0008V25,58328,21,True,LIZARD no-KI,last_strike,0.005,0.948033550315704,-4.067427707766059,0.3876396823190336,110,-4.65822322069211,-3.4382518874398156
KR6SH0008V25,58328,22,True,LIZARD no-KI,last_strike,0.01,0.9475650990902977,-8.751939961829413,0.5667535996463592,238,-9.046822011805965,-8.273106376537742
KR6SH0008V25,58328,23,True,LIZARD no-KI,last_strike,0.025,0.9462987370552699,-21.41556031210802,0.8788416839939311,591,-22.292682561328473,-19.679197796437492
KR6SH0008V25,58328,24,True,LIZARD no-KI,last_strike,0.05,0.9444276775340724,-40.126155524082016,1.185946660506517,1135,-40.873367088237885,-39.72313553292574
KR6MD0008BT8,58735,0,False,LIZARD KI,base,0.0,0.9043738375267972,0.0,0.0,0,0.0,0.0
KR6MD0008BT8,58735,1,False,LIZARD KI,coupon_regular,-0.01,0.896411392101658,-79.6244542513929,0.23674425306137878,90329,-79.71459494716646,-79.54667299763537
KR6MD0008BT8,58735,2,False,LIZARD KI,coupon_regular,-0.005,0.9003926148142275,-39.8122271256968,0.11837212653069093,90329,-39.85729747358358,-39.77333649881803
KR6MD0008BT8,58735,3,False,LIZARD KI,coupon_regular,-0.0025,0.9023832261705126,-19.906113562847995,0.05918606326534577,90329,-19.928648736791384,-19.886668249408615
KR6MD0008BT8,58735,4,False,LIZARD KI,coupon_regular,-0.001,0.9035775929842834,-7.962445425139326,0.02367442530613885,90329,-7.971459494716681,-7.954667299763575
KR6MD0008BT8,58735,5,False,LIZARD KI,coupon_regular,0.001,0.9051700820693112,7.962445425139667,0.023674425306135147,90329,7.95466729976391,7.971459494717023
KR6MD0008BT8,58735,6,False,LIZARD KI,coupon_regular,0.0025,0.9063644488830821,19.906113562848304,0.05918606326534219,90329,19.88666824940892,19.928648736791697
KR6MD0008BT8,58735,7,False,LIZARD KI,coupon_regular,0.005,0.9083550602393669,39.81222712569715,0.11837212653068724,90329,39.773336498818374,39.85729747358393
KR6MD0008BT8,58735,8,False,LIZARD KI,coupon_regular,0.01,0.9123362829519368,79.6244542513944,0.2367442530613742,90329,79.54667299763685,79.71459494716795
KR6MD0008BT8,58735,9,False,LIZARD KI,ki_barrier,-0.05,0.9296969551747953,253.23117647998217,4.023454892109544,3888,248.92168991607,261.0623781999409
KR6MD0008BT8,58735,10,False,LIZARD KI,ki_barrier,-0.025,0.9160743442770931,117.00506750296007,2.735092903558754,1827,110.99322918089557,124.70908843493514
KR6MD0008BT8,58735,11,False,LIZARD KI,ki_barrier,-0.01,0.9087088032279397,43.349657011423844,1.6650874873353436,683,37.387547005224214,47.98918839853671
KR6MD0008BT8,58735,12,False,LIZARD KI,ki_barrier,-0.005,0.906575751987951,22.019144611537296,1.1892888203458603,346,19.586817134584575,24.229751727816996
KR6MD0008BT8,58735,13,False,LIZARD KI,ki_barrier,0.005,0.9022424887986432,-21.313487281540855,1.1635972596872357,339,-21.916305711460083,-20.34365316124655
KR6MD0008BT8,58735,14,False,LIZARD KI,ki_barrier,0.01,0.9002142696995472,-41.595678272499526,1.6228154889588893,662,-43.151453916745766,-39.61990607668807
KR6MD0008BT8,58735,15,False,LIZARD KI,ki_barrier,0.025,0.8946060995450181,-97.67737981779106,2.4646078015807227,1571,-99.89059025171497,-93.71179300982054
KR6MD0008BT8,58735,16,False,LIZARD KI,ki_barrier,0.05,0.8869326564071334,-174.41181119663736,3.255329228564318,2840,-179.61555778085852,-167.21917759148468
KR6MD0008BT8,58735,17,False,LIZARD KI,first_strike,-0.05,0.9140564617601435,96.82624233346341,3.2108882985352483,11158,93.2281847122792,101.94923692111436
KR6MD0008BT8,58735,18,False,LIZARD KI,first_strike,-0.025,0.908653439278721,42.79601751923807,2.1634021397059384,5325,40.82722620559545,45.85762110673477
KR6MD0008BT8,58735,19,False,LIZARD KI,first_strike,-0.01,0.9061756953476775,18.018578208803742,1.368228427830977,2011,14.96406229307936,21.899342986333313
KR6MD0008BT8,58735,20,False,LIZARD KI,first_strike,-0.005,0.905284642818789,9.108052919916556,0.9602033279959723,1002,7.826800791061224,10.22357695385
KR6MD0008BT8,58735,21,False,LIZARD KI,first_strike,0.005,0.9035977182716306,-7.761192551666952,0.9268258819426414,984,-10.128050471061535,-4.661192867543308
KR6MD0008BT8,58735,22,False,LIZARD KI,first_strike,0.01,0.9028592426368164,-15.14594889980783,1.292791999204426,1947,-19.20381005664024,-10.283761882647532
KR6MD0008BT8,58735,23,False,LIZARD KI,first_strike,0.025,0.9009848240227172,-33.89013504080147,1.956997639855206,4722,-40.10353636088038,-30.238366846176394
KR6MD0008BT8,58735,24,False,LIZARD KI,first_strike,0.05,0.8984780396787528,-58.95797848044391,2.606948766739587,8786,-62.25043463742036,-55.812381826234244
KR6MD0008BT8,58735,25,False,LIZARD KI,last_strike,-0.05,0.9065818188700149,22.0798134321761,1.039128552935129,450,20.901787347870723,23.15284498926306
KR6MD0008BT8,58735,26,False,LIZARD KI,last_strike,-0.025,0.9053353017185687,9.614641917715009,0.6793334746956207,200,8.651083929715437,11.396058511820833
KR6MD0008BT8,58735,27,False,LIZARD KI,last_strike,-0.01,0.9046966641261067,3.228265993096364,0.39137957110698307,68,2.848943816680408,3.7023657532542615
KR6MD0008BT8,58735,28,False,LIZARD KI,last_strike,-0.005,0.9045013804449962,1.2754291819906889,0.24543033592920882,27,0.99240825046328,1.5589780663723718
KR6MD0008BT8,58735,29,False,LIZARD KI,last_strike,0.005,0.9041958280125252,-1.7800951427217562,0.28872561619772025,38,-2.529417655273975,-1.4039759705554236
KR6MD0008BT8,58735,30,False,LIZARD KI,last_strike,0.01,0.9040331757558654,-3.4066177093174925,0.39859876870858285,73,-4.064114515312493,-2.800797100846218
KR6MD0008BT8,58735,31,False,LIZARD KI,last_strike,0.025,0.9034844469692,-8.893905575971965,0.6397301814273293,193,-9.966927134725974,-8.160942609502179
KR6MD0008BT8,58735,32,False,LIZARD KI,last_strike,0.05,0.9027729788513907,-16.008586754066364,0.8498432116924696,354,-17.003245856713953,-15.454077380187144
20260423000247_27516,58764,0,True,LIZARD no-KI,base,0.0,0.9405724344968652,0.0,0.0,0,0.0,0.0
20260423000247_27516,58764,1,True,LIZARD no-KI,coupon_regular,-0.01,0.9343788112107433,-61.936232861219146,0.1588287893378064,120000,-62.33131022208417,-61.361002805543386
20260423000247_27516,58764,2,True,LIZARD no-KI,coupon_regular,-0.005,0.937475622853804,-30.968116430610053,0.07941439466890242,120000,-31.165655111042565,-30.68050140277218
20260423000247_27516,58764,3,True,LIZARD no-KI,coupon_regular,-0.0025,0.9390240286753349,-15.484058215304477,0.03970719733445254,120000,-15.582827555520733,-15.340250701385537
20260423000247_27516,58764,4,True,LIZARD no-KI,coupon_regular,-0.001,0.9399530721682529,-6.193623286121884,0.01588287893378099,120000,-6.233131022208386,-6.136100280554305
20260423000247_27516,58764,5,True,LIZARD no-KI,coupon_regular,0.001,0.9411917968254773,6.193623286121601,0.01588287893378096,120000,6.136100280554029,6.233131022208104
20260423000247_27516,58764,6,True,LIZARD no-KI,coupon_regular,0.0025,0.9421208403183956,15.48405821530432,0.03970719733445186,120000,15.340250701385381,15.582827555520574
20260423000247_27516,58764,7,True,LIZARD no-KI,coupon_regular,0.005,0.9436692461399262,30.968116430608706,0.07941439466890392,120000,30.680501402770826,31.16565511104122
20260423000247_27516,58764,8,True,LIZARD no-KI,coupon_regular,0.01,0.946766057782987,61.93623286121768,0.15882878933780842,120000,61.36100280554193,62.33131022208271
20260423000247_27516,58764,9,True,LIZARD no-KI,first_strike,-0.05,0.9485436044180834,79.71169921218113,2.586430442903685,15912,76.73622982068443,81.80278013704711
20260423000247_27516,58764,10,True,LIZARD no-KI,first_strike,-0.025,0.9442199274433081,36.47492946442612,1.7786500340407891,8478,33.41188703437366,39.93803615987559
20260423000247_27516,58764,11,True,LIZARD no-KI,first_strike,-0.01,0.9419504235147833,13.779890179181862,1.1128473479261969,3605,11.073270589824121,15.294492094572488
20260423000247_27516,58764,12,True,LIZARD no-KI,first_strike,-0.005,0.9412594181569942,6.869836601288061,0.7906106975491194,1856,5.976967076089431,7.734272412685538
20260423000247_27516,58764,13,True,LIZARD no-KI,first_strike,0.005,0.9399702444781174,-6.0219001874799005,0.7609584468250049,1891,-6.6872731655228765,-4.7695935481950436
20260423000247_27516,58764,14,True,LIZARD no-KI,first_strike,0.01,0.9393682500723805,-12.04184424484814,1.0686793590068642,3799,-12.861899385350684,-10.63606929021623
20260423000247_27516,58764,15,True,LIZARD no-KI,first_strike,0.025,0.937615959236653,-29.564752602123868,1.6759112627595765,9770,-31.386688741210726,-26.672190966391597
20260423000247_27516,58764,16,True,LIZARD no-KI,first_strike,0.05,0.9354094210165746,-51.63013480290553,2.2785891117062516,20475,-55.22287558935054,-48.18455366012378
20260423000247_27516,58764,17,True,LIZARD no-KI,last_strike,-0.05,0.9454944618194696,49.22027322604377,1.3831921748478702,1254,46.52990018301209,51.49197419786628
20260423000247_27516,58764,18,True,LIZARD no-KI,last_strike,-0.025,0.9429078015357987,23.353670389334166,0.9432514990443813,610,21.449380799724352,25.038085267314287
20260423000247_27516,58764,19,True,LIZARD no-KI,last_strike,-0.01,0.9414778117810271,9.053772841617674,0.5838452525818477,240,8.145415025457204,9.733834544194526
20260423000247_27516,58764,20,True,LIZARD no-KI,last_strike,-0.005,0.9410041022186392,4.316677217739184,0.40234247220808406,115,4.051775915101463,4.730889236954499
20260423000247_27516,58764,21,True,LIZARD no-KI,last_strike,0.005,0.9401709424011069,-4.014920957585324,0.38616521548400184,108,-4.681522556556385,-3.2344975738632997
20260423000247_27516,58764,22,True,LIZARD no-KI,last_strike,0.01,0.9397073288558486,-8.651056410165834,0.5649976625434268,234,-8.988817907483707,-8.089502411929633
20260423000247_27516,58764,23,True,LIZARD no-KI,last_strike,0.025,0.9384638249776593,-21.086095192060586,0.8742908154765874,579,-21.328729550806347,-20.94939937550926
20260423000247_27516,58764,24,True,LIZARD no-KI,last_strike,0.05,0.9368230329155939,-37.494015812715006,1.1503442948281595,1054,-38.66003621035428,-35.903496331947196
20260423000120_569,58768,0,False,STEP KI,base,0.0,0.9286368096661717,0.0,0.0,0,0.0,0.0
20260423000120_569,58768,1,False,STEP KI,coupon_regular,-0.01,0.9236176946365998,-50.19115029571668,0.17112517521997186,98399,-50.410856415775754,-49.89822142840491
20260423000120_569,58768,2,False,STEP KI,coupon_regular,-0.005,0.9261272521513857,-25.095575147859062,0.08556258760998542,98399,-25.2054282078886,-24.949110714203176
20260423000120_569,58768,3,False,STEP KI,coupon_regular,-0.0025,0.9273820309087786,-12.547787573930174,0.04278129380499194,98399,-12.60271410394494,-12.474555357102231
20260423000120_569,58768,4,False,STEP KI,coupon_regular,-0.001,0.9281348981632144,-5.01911502957272,0.01711251752199628,98399,-5.041085641578624,-4.98982214284154
20260423000120_569,58768,5,False,STEP KI,coupon_regular,0.001,0.9291387211691287,5.019115029571583,0.01711251752199788,98399,4.989822142840401,5.041085641577493
20260423000120_569,58768,6,False,STEP KI,coupon_regular,0.0025,0.9298915884235643,12.547787573927685,0.042781293804994146,98399,12.474555357099739,12.602714103942459
20260423000120_569,58768,7,False,STEP KI,coupon_regular,0.005,0.9311463671809571,25.095575147856493,0.08556258760998771,98399,24.949110714200604,25.205428207886044
20260423000120_569,58768,8,False,STEP KI,coupon_regular,0.01,0.9336559246957431,50.19115029571542,0.17112517521997325,98399,49.89822142840363,50.41085641577448
20260423000120_569,58768,9,False,STEP KI,ki_barrier,-0.05,0.9352464540515466,66.09644385375039,2.1290099964409706,961,65.40608951090397,66.8588875010787
20260423000120_569,58768,10,False,STEP KI,ki_barrier,-0.025,0.9313946267175413,27.578170513698122,1.3712056837059965,405,27.296360904603056,27.991051274545136
20260423000120_569,58768,11,False,STEP KI,ki_barrier,-0.01,0.9296167262347393,9.799165685677698,0.8148878502973375,145,8.85219382848543,10.958859676941195
20260423000120_569,58768,12,False,STEP KI,ki_barrier,-0.005,0.929103606819643,4.667971534712909,0.5629171567005277,69,3.6528013474686865,5.482598078499143
20260423000120_569,58768,13,False,STEP KI,ki_barrier,0.005,0.928232138448411,-4.046712177606157,0.523258110822512,60,-5.539243622045736,-3.2000120469710738
20260423000120_569,58768,14,False,STEP KI,ki_barrier,0.01,0.9277539853836457,-8.828242825258368,0.7724757706109207,131,-12.239756321435197,-6.997872027661002
20260423000120_569,58768,15,False,STEP KI,ki_barrier,0.025,0.9266278423249132,-20.089673412584037,1.1625354095900302,299,-25.062742937641303,-16.466509485179333
20260423000120_569,58768,16,False,STEP KI,ki_barrier,0.05,0.9251833903028817,-34.534193632899246,1.5166493156865826,518,-40.34603159938804,-30.086549039187965
20260423000120_569,58768,17,False,STEP KI,first_strike,-0.05,0.9456017487326833,169.6493906651178,3.9908928379200046,12493,157.44625169870582,178.87728810554935
20260423000120_569,58768,18,False,STEP KI,first_strike,-0.025,0.9365836208200398,79.46811153867996,2.777271409893607,6444,75.46687703936459,85.32749939745014
20260423000120_569,58768,19,False,STEP KI,first_strike,-0.01,0.9316338937274045,29.970840612328253,1.7365300944288753,2618,27.649408100998198,32.551864021623686
20260423000120_569,58768,20,False,STEP KI,first_strike,-0.005,0.9301017259954772,14.649163293056253,1.2252464090185653,1320,11.262738517478336,19.362916157814933
20260423000120_569,58768,21,False,STEP KI,first_strike,0.005,0.9271782174654586,-14.585922007129355,1.2284274343887027,1384,-15.733356816607097,-13.480251931488553
20260423000120_569,58768,22,False,STEP KI,first_strike,0.01,0.9259106950709769,-27.261145951947793,1.7000740759504243,2762,-30.798036454671852,-24.962161809481035
20260423000120_569,58768,23,False,STEP KI,first_strike,0.025,0.9215423231657955,-70.94486500376016,2.719915856764577,7067,-75.41109274619909,-67.17890595737607
20260423000120_569,58768,24,False,STEP KI,first_strike,0.05,0.9154101194675306,-132.26690198640927,3.735350731553864,14289,-141.47527819817694,-124.66472504940694
20260423000120_569,58768,25,False,STEP KI,last_strike,-0.05,0.9333454159658516,47.08606299679998,1.6950027517910364,767,43.70034970660825,50.45829922128917
20260423000120_569,58768,26,False,STEP KI,last_strike,-0.025,0.9307744128645585,21.376031983869762,1.1344953829934588,354,19.216070419972112,22.999611254832836
20260423000120_569,58768,27,False,STEP KI,last_strike,-0.01,0.9294442752055811,8.074655394096283,0.6945717500185662,135,7.181540461252776,8.971526865096331
20260423000120_569,58768,28,False,STEP KI,last_strike,-0.005,0.9290722410214924,4.354313553208669,0.5094818380656192,73,3.581391534558285,4.829836896369003
20260423000120_569,58768,29,False,STEP KI,last_strike,0.005,0.9283109556423236,-3.2585402384796516,0.4392833853398703,55,-3.909219743931451,-2.1336368660157676
20260423000120_569,58768,30,False,STEP KI,last_strike,0.01,0.9279457430907141,-6.910665754575117,0.6385861499563071,117,-8.329011664794054,-4.431344685782433
20260423000120_569,58768,31,False,STEP KI,last_strike,0.025,0.926794272403988,-18.42537262183408,1.0368347990356666,315,-20.1883385600254,-15.596578680288058
20260423000120_569,58768,32,False,STEP KI,last_strike,0.05,0.9252419098026257,-33.94899863545976,1.3956493206452762,589,-37.68142336431598,-29.02194978843658
20260421000262_36647,58780,0,True,STEP no-KI,base,0.0,0.9227414179941986,0.0,0.0,0,0.0,0.0
20260421000262_36647,58780,1,True,STEP no-KI,coupon_regular,-0.01,0.915050928733436,-76.9048926076269,0.13188512744861544,119997,-76.91854831670003,-76.88083217224371
20260421000262_36647,58780,2,True,STEP no-KI,coupon_regular,-0.005,0.9188961733638172,-38.45244630381422,0.06594256372430711,119997,-38.45927415835078,-38.440416086122625
20260421000262_36647,58780,3,True,STEP no-KI,coupon_regular,-0.0025,0.9208187956790078,-19.22622315190667,0.03297128186215489,119997,-19.22963707917495,-19.22020804306087
20260421000262_36647,58780,4,True,STEP no-KI,coupon_regular,-0.001,0.9219723690681223,-7.690489260762395,0.013188512744862302,119997,-7.691854831669707,-7.688083217224076
20260421000262_36647,58780,5,True,STEP no-KI,coupon_regular,0.001,0.9235104669202747,7.690489260762095,0.01318851274486172,119997,7.688083217223768,7.691854831669404
20260421000262_36647,58780,6,True,STEP no-KI,coupon_regular,0.0025,0.924664040309389,19.22622315190637,0.032971281862154284,119997,19.220208043060566,19.229637079174644
20260421000262_36647,58780,7,True,STEP no-KI,coupon_regular,0.005,0.9265866626245797,38.45244630381267,0.0659425637243083,119997,38.44041608612106,38.45927415834923
20260421000262_36647,58780,8,True,STEP no-KI,coupon_regular,0.01,0.9304319072549612,76.90489260762662,0.13188512744861486,119997,76.8808321722434,76.91854831669973
20260421000262_36647,58780,9,True,STEP no-KI,first_strike,-0.05,0.9340869766902772,113.45558696078687,2.9451535965930113,12633,112.29776993249274,114.28389316372916
20260421000262_36647,58780,10,True,STEP no-KI,first_strike,-0.025,0.928155052147806,54.136341536076905,2.0784337663827652,6740,53.130160042881734,55.875115279565605
20260421000262_36647,58780,11,True,STEP no-KI,first_strike,-0.01,0.924845066334853,21.036483406544352,1.3101920796360338,2773,20.26508657632437,21.80898567235403
20260421000262_36647,58780,12,True,STEP no-KI,first_strike,-0.005,0.9237045638697002,9.631458755017945,0.9034069782746781,1430,9.324906504956992,9.964814597409813
20260421000262_36647,58780,13,True,STEP no-KI,first_strike,0.005,0.9215662903202374,-11.751276739611516,0.9647138647530383,1438,-12.348721946393015,-10.68574021376658
20260421000262_36647,58780,14,True,STEP no-KI,first_strike,0.01,0.920565399372271,-21.760186219274402,1.324026194963779,2822,-22.252171291861416,-21.40723361138143
20260421000262_36647,58780,15,True,STEP no-KI,first_strike,0.025,0.9176351319571124,-51.06286037086047,2.0634062498103356,7249,-54.624469674339146,-48.23084551388723
20260421000262_36647,58780,16,True,STEP no-KI,first_strike,0.05,0.913324919025082,-94.1649896911648,2.8485632002866947,14963,-97.61578369013554,-88.67165387721413
20260421000262_36647,58780,17,True,STEP no-KI,last_strike,-0.05,0.9288640304643324,61.226124701338854,1.4650908856871911,1723,57.51670654097279,63.27877271906293
20260421000262_36647,58780,18,True,STEP no-KI,last_strike,-0.025,0.9256621067217587,29.206887275603084,1.0013324279111222,845,26.569807506712085,32.237025190778446
20260421000262_36647,58780,19,True,STEP no-KI,last_strike,-0.01,0.9238939747019305,11.52556707731896,0.6251131271820037,339,9.70038224725836,13.466970746462989
20260421000262_36647,58780,20,True,STEP no-KI,last_strike,-0.005,0.9233502414951499,6.088235009513539,0.45345396181840014,180,4.570004447180445,6.896041418543909
20260421000262_36647,58780,21,True,STEP no-KI,last_strike,0.005,0.9221659422721473,-5.7547572205108555,0.4384856306283587,172,-6.2282557663742,-5.116754405265607
20260421000262_36647,58780,22,True,STEP no-KI,last_strike,0.01,0.9215702603384661,-11.711576557323706,0.6233283104879523,352,-12.185061073423308,-11.379358423296958
20260421000262_36647,58780,23,True,STEP no-KI,last_strike,0.025,0.9201755380327457,-25.658799614527624,0.9140964063004516,783,-27.677638350283473,-24.28549412617611
20260421000262_36647,58780,24,True,STEP no-KI,last_strike,0.05,0.9180384319070145,-47.029860871840334,1.217326334998413,1476,-49.30988107085968,-44.560562301187254
20260422000387_3432,58781,0,False,LIZARD no-KI,base,0.0,0.9189835014804489,0.0,0.0,0,0.0,0.0
20260422000387_3432,58781,1,False,LIZARD no-KI,coupon_regular,-0.01,0.9132173148685577,-57.661866118910815,0.17583894307874384,87923,-57.92327067739958,-57.524026104654496
20260422000387_3432,58781,2,False,LIZARD no-KI,coupon_regular,-0.005,0.9161004081745032,-28.83093305945576,0.08791947153937123,87923,-28.96163533870014,-28.762013052327603
20260422000387_3432,58781,3,False,LIZARD no-KI,coupon_regular,-0.0025,0.917541954827476,-14.415466529728008,0.043959735769686176,87923,-14.480817669350198,-14.381006526163926
20260422000387_3432,58781,4,False,LIZARD no-KI,coupon_regular,-0.001,0.9184068828192598,-5.766186611891079,0.017583894307874087,87923,-5.792327067739956,-5.752402610465449
20260422000387_3432,58781,5,False,LIZARD no-KI,coupon_regular,0.001,0.919560120141638,5.766186611891306,0.017583894307873996,87923,5.752402610465673,5.792327067740179
20260422000387_3432,58781,6,False,LIZARD no-KI,coupon_regular,0.0025,0.9204250481334219,14.415466529728096,0.043959735769686176,87923,14.38100652616402,14.480817669350284
20260422000387_3432,58781,7,False,LIZARD no-KI,coupon_regular,0.005,0.9218665947863947,28.830933059455983,0.08791947153937114,87923,28.76201305232783,28.96163533870036
20260422000387_3432,58781,8,False,LIZARD no-KI,coupon_regular,0.01,0.92474968809234,57.661866118910915,0.17583894307874398,87923,57.52402610465459,57.92327067739967
20260422000387_3432,58781,9,False,LIZARD no-KI,first_strike,-0.05,0.9269558136767271,79.72312196278051,2.5568947810676375,5381,76.76114133042701,83.8783821808702
20260422000387_3432,58781,10,False,LIZARD no-KI,first_strike,-0.025,0.9225512404128681,35.67738932419184,1.723115460185673,2517,34.01730426990072,38.646817655397356
20260422000387_3432,58781,11,False,LIZARD no-KI,first_strike,-0.01,0.9202795923447376,12.960908642887551,1.0445218325944985,971,10.714504346808724,15.128872533009764
20260422000387_3432,58781,12,False,LIZARD no-KI,first_strike,-0.005,0.9196193766164433,6.3587513599439,0.7310713763262346,489,4.523832937989971,7.8262571614911405
20260422000387_3432,58781,13,False,LIZARD no-KI,first_strike,0.005,0.9183924385014681,-5.910629789806897,0.7230997734328912,480,-6.241464298775722,-5.350240253040503
20260422000387_3432,58781,14,False,LIZARD no-KI,first_strike,0.01,0.917880088247152,-11.034132332971211,0.9940147465395128,933,-12.584231981604278,-9.286868406919385
20260422000387_3432,58781,15,False,LIZARD no-KI,first_strike,0.025,0.9166673230714504,-23.161784089984202,1.4407149418050151,2183,-26.734379017804134,-20.17675251702829
20260422000387_3432,58781,16,False,LIZARD no-KI,first_strike,0.05,0.9147505875435824,-42.32913936866511,1.960068199087966,4208,-45.56820861357924,-36.460052571879984
20260422000387_3432,58781,17,False,LIZARD no-KI,last_strike,-0.05,0.9259844550404162,70.00953559967294,1.9978255267205671,1216,68.44322490277617,71.33159887386739
20260422000387_3432,58781,18,False,LIZARD no-KI,last_strike,-0.025,0.9222548529676938,32.713514872449586,1.3574919350187724,578,30.40549251220846,34.665711227806966
20260422000387_3432,58781,19,False,LIZARD no-KI,last_strike,-0.01,0.9203566762738329,13.731747933840412,0.8764033143793418,245,12.43457704495625,16.139711350402514
20260422000387_3432,58781,20,False,LIZARD no-KI,last_strike,-0.005,0.9197154633155595,7.319618351106722,0.6391728392465655,131,5.5333623665446705,8.883628901502677
20260422000387_3432,58781,21,False,LIZARD no-KI,last_strike,0.005,0.9184064272223128,-5.770742581360946,0.5656260126487053,104,-6.65747539942841,-4.996402674300127
20260422000387_3432,58781,22,False,LIZARD no-KI,last_strike,0.01,0.9178277687504796,-11.55732729969472,0.7987500541297892,209,-12.112259572233883,-10.454213690029277
20260422000387_3432,58781,23,False,LIZARD no-KI,last_strike,0.025,0.916027605223029,-29.55896257419833,1.2692148919167991,540,-31.205832474519248,-28.06716678957462
20260422000387_3432,58781,24,False,LIZARD no-KI,last_strike,0.05,0.9137425753292988,-52.40926151150212,1.6745409136717284,972,-54.06596466000016,-51.061692100766834
20260422000383_13574,58789,0,False,STEP no-KI,base,0.0,0.959556283465937,0.0,0.0,0,0.0,0.0
20260422000383_13574,58789,1,False,STEP no-KI,coupon_regular,-0.01,0.954279185343813,-52.7709812212447,0.09692326214837732,110331,-52.87637272624816,-52.65327230453844
20260422000383_13574,58789,2,False,STEP no-KI,coupon_regular,-0.005,0.9569177344048753,-26.385490610621453,0.04846163107418897,110331,-26.43818636312318,-26.326636152268318
20260422000383_13574,58789,3,False,STEP no-KI,coupon_regular,-0.0025,0.9582370089354063,-13.192745305310726,0.024230815537094545,110331,-13.21909318156159,-13.163318076134155
20260422000383_13574,58789,4,False,STEP no-KI,coupon_regular,-0.001,0.9590285736537251,-5.277098122123578,0.009692326214838128,110331,-5.287637272623922,-5.265327230452952
20260422000383_13574,58789,5,False,STEP no-KI,coupon_regular,0.001,0.9600839932781499,5.277098122125355,0.009692326214837406,110331,5.265327230454725,5.287637272625703
20260422000383_13574,58789,6,False,STEP no-KI,coupon_regular,0.0025,0.9608755579964682,13.192745305310645,0.024230815537094337,110331,13.163318076134074,13.219093181561508
20260422000383_13574,58789,7,False,STEP no-KI,coupon_regular,0.005,0.9621948325269997,26.38549061062323,0.048461631074188286,110331,26.32663615227009,26.43818636312496
20260422000383_13574,58789,8,False,STEP no-KI,coupon_regular,0.01,0.9648333815880619,52.77098122124473,0.09692326214837778,110331,52.65327230453846,52.87637272624818
20260422000383_13574,58789,9,False,STEP no-KI,first_strike,-0.05,0.972434891567161,128.78608101223764,2.981646960106414,5731,126.38202547144772,131.43651980266304
20260422000383_13574,58789,10,False,STEP no-KI,first_strike,-0.025,0.9658654946949374,63.09211229000258,2.096719923480354,2945,61.831071103925304,63.899938733030964
20260422000383_13574,58789,11,False,STEP no-KI,first_strike,-0.01,0.9620759913343128,25.197078683755624,1.3263959117940847,1251,24.354177296038323,26.31953892958149
20260422000383_13574,58789,12,False,STEP no-KI,first_strike,-0.005,0.9606994763709301,11.431929049930316,0.8961159306687053,621,10.713726769512782,12.070259111116867
20260422000383_13574,58789,13,False,STEP no-KI,first_strike,0.005,0.9583871950401223,-11.690884258149215,0.9007454273738246,587,-13.469048429579564,-10.52871234367003
20260422000383_13574,58789,14,False,STEP no-KI,first_strike,0.01,0.9570598090801575,-24.96474385779697,1.318194133377427,1200,-26.38986791099054,-22.3803307794728
20260422000383_13574,58789,15,False,STEP no-KI,first_strike,0.025,0.95337640227931,-61.79881186627252,2.0738065014148344,3108,-67.42357551312703,-55.01724826747583
20260422000383_13574,58789,16,False,STEP no-KI,first_strike,0.05,0.947132523763252,-124.23759702685274,2.932469845103263,6598,-131.74356792606895,-113.33890196061463
20260422000383_13574,58789,17,False,STEP no-KI,last_strike,-0.05,0.9611687594034906,16.124759375535273,0.8773579460347106,337,15.650487373102592,16.374767586259352
20260422000383_13574,58789,18,False,STEP no-KI,last_strike,-0.025,0.9603353305105118,7.790470445745166,0.6042883788198459,166,7.463165134866223,8.00312244009531
20260422000383_13574,58789,19,False,STEP no-KI,last_strike,-0.01,0.9598806244680979,3.2434100216068242,0.3875548340099907,70,2.364386187625496,4.167624116199047
20260422000383_13574,58789,20,False,STEP no-KI,last_strike,-0.005,0.959722384444732,1.6610097879485979,0.27679518245894397,36,1.245651827268456,2.3534385966998768
20260422000383_13574,58789,21,False,STEP no-KI,last_strike,0.005,0.9594692639527639,-0.8701951317329076,0.1996218801035782,19,-1.2376447112071363,-0.5503629136823014
20260422000383_13574,58789,22,False,STEP no-KI,last_strike,0.01,0.9593284620439585,-2.2782142197870443,0.322125967186859,50,-2.7369984119953457,-1.6399972984866686
20260422000383_13574,58789,23,False,STEP no-KI,last_strike,0.025,0.9590245758311444,-5.3170763479268235,0.4892698952415441,118,-5.408255643395376,-5.149821919664905
20260422000383_13574,58789,24,False,STEP no-KI,last_strike,0.05,0.9585405796720282,-10.157037939088427,0.6692883372196712,230,-10.854912007112212,-8.89835823265065
