item,isu_ord,year,tenor,NS,bootstrap,difference_bp,par_reprice_max_bp
KR6523318519,735603,2015,0.25,0.021300000000000006,0.021240913025857185,-0.5908697414282182,1.0408340855860843e-12
KR6523318519,735603,2015,0.5,0.023003817086699872,0.020743957175426552,-22.5985991127332,1.0408340855860843e-12
KR6523318519,735603,2015,1.0,0.025402031972765148,0.020495479250211234,-49.06552722553914,1.0408340855860843e-12
KR6523318519,735603,2015,1.5,0.026819399836973346,0.02064690124413589,-61.724985928374544,1.0408340855860843e-12
KR6523318519,735603,2015,2.0,0.02757662613254954,0.02072261224109822,-68.54013891451322,1.0408340855860843e-12
KR6523318519,735603,2015,3.0,0.02793184113775024,0.02120489030681257,-67.26950830937672,1.0408340855860843e-12
KR6523318519,735603,2015,4.0,0.027538163504429555,0.021767706865032887,-57.70456639396668,1.0408340855860843e-12
KR6523318519,735603,2015,5.0,0.026891127978772456,0.02236121171443265,-45.299162643398056,1.0408340855860843e-12
KR6523318519,735603,2015,7.0,0.025577416093949024,0.023430764655402687,-21.466514385463377,1.0408340855860843e-12
KR6523318519,735603,2015,10.0,0.02415000000000001,0.024872790291423193,7.227902914231851,1.0408340855860843e-12
KR6703301525,735631,2015,0.25,0.021200000000000014,0.021237455076825718,0.3745507682570426,2.0816681711721685e-12
KR6703301525,735631,2015,0.5,0.022778288228945596,0.02011115250266799,-26.671357262776052,2.0816681711721685e-12
KR6703301525,735631,2015,1.0,0.02498758637056887,0.019548001215589122,-54.39585154979748,2.0816681711721685e-12
KR6703301525,735631,2015,1.5,0.02627787056290113,0.019331691289203288,-69.46179273697842,2.0816681711721685e-12
KR6703301525,735631,2015,2.0,0.026951144804173065,0.019223536326010374,-77.2760847816269,2.0816681711721685e-12
KR6703301525,735631,2015,3.0,0.027218952193206147,0.01925062236532813,-79.68329827878016,2.0816681711721685e-12
KR6703301525,735631,2015,4.0,0.02679624478609505,0.0194050675596738,-73.91177226421252,2.0816681711721685e-12
KR6703301525,735631,2015,5.0,0.02614654419261263,0.01961171343474758,-65.3483075786505,2.0816681711721685e-12
KR6703301525,735631,2015,7.0,0.024853070388075046,0.02013269158398026,-47.20378804094785,2.0816681711721685e-12
KR6703301525,735631,2015,10.0,0.02346000000000001,0.021062448206782797,-23.975517932172117,2.0816681711721685e-12
KR6533375533,735663,2015,0.25,0.01950000000000001,0.021137618008805564,16.376180088055538,1.7694179454963432e-12
KR6533375533,735663,2015,0.5,0.021088193390102702,0.019945054602684836,-11.431387874178654,1.7694179454963432e-12
KR6533375533,735663,2015,1.0,0.02334307739792238,0.019348772899624472,-39.94304498297907,1.7694179454963432e-12
KR6533375533,735663,2015,1.5,0.024700238400246283,0.01918276968824675,-55.17468711999533,1.7694179454963432e-12
KR6533375533,735663,2015,2.0,0.02545079590670924,0.019099768082557887,-63.51027824151353,1.7694179454963432e-12
KR6533375533,735663,2015,3.0,0.02587913779133308,0.019405679278279086,-64.73458513053993,1.7694179454963432e-12
KR6533375533,735663,2015,4.0,0.02560432215250045,0.01984082488260445,-57.63497269895997,1.7694179454963432e-12
KR6533375533,735663,2015,5.0,0.025081118134842727,0.02025269139094976,-48.28426743892968,1.7694179454963432e-12
KR6533375533,735663,2015,7.0,0.023978102511603056,0.02103230955732504,-29.457929542780168,1.7694179454963432e-12
KR6533375533,735663,2015,10.0,0.022760000000000006,0.022254922858205312,-5.050771417946937,1.7694179454963432e-12
KR65333C0537,735684,2015,0.25,0.01950000000000001,0.021129701037418982,16.297010374189714,2.3245294578089215e-12
KR65333C0537,735684,2015,0.5,0.021088193390102702,0.01849624883894055,-25.91944551162153,2.3245294578089215e-12
KR65333C0537,735684,2015,1.0,0.02334307739792238,0.017179522739701334,-61.63554658221045,2.3245294578089215e-12
KR65333C0537,735684,2015,1.5,0.024700238400246283,0.01704848608352381,-76.51752316722472,2.3245294578089215e-12
KR65333C0537,735684,2015,2.0,0.02545079590670924,0.01698296775543505,-84.67828151274192,2.3245294578089215e-12
KR65333C0537,735684,2015,3.0,0.02587913779133308,0.01736481790855559,-85.1431988277749,2.3245294578089215e-12
KR65333C0537,735684,2015,4.0,0.02560432215250045,0.0179268556635517,-76.77466488948747,2.3245294578089215e-12
KR65333C0537,735684,2015,5.0,0.025081118134842727,0.018440453705471028,-66.406644293717,2.3245294578089215e-12
KR65333C0537,735684,2015,7.0,0.023978102511603056,0.019268243978252643,-47.09858533350413,2.3245294578089215e-12
KR65333C0537,735684,2015,10.0,0.022760000000000006,0.020590923900966313,-21.690760990336933,2.3245294578089215e-12
KR65033BZ548,735708,2015,0.25,0.018100000000000015,0.019442557444773186,13.425574447731709,2.3245294578089215e-12
KR65033BZ548,735708,2015,0.5,0.019093830442819235,0.01758714004472725,-15.066903980919845,2.3245294578089215e-12
KR65033BZ548,735708,2015,1.0,0.020557299238848904,0.01665943134470428,-38.97867894144622,2.3245294578089215e-12
KR65033BZ548,735708,2015,1.5,0.02150374796336509,0.016644632347133224,-48.59115616231865,2.3245294578089215e-12
KR65033BZ548,735708,2015,2.0,0.02209421696934858,0.016637232848347696,-54.569841210008846,2.3245294578089215e-12
KR65033BZ548,735708,2015,3.0,0.02262491667831926,0.017170092384587027,-54.548242937322335,2.3245294578089215e-12
KR65033BZ548,735708,2015,4.0,0.022701868511950198,0.01783339114639456,-48.68477365555638,2.3245294578089215e-12
KR65033BZ548,735708,2015,5.0,0.02259036764993684,0.018475252096140593,-41.151155537962474,2.3245294578089215e-12
KR65033BZ548,735708,2015,7.0,0.02222848191728735,0.01932682926140985,-29.016526558775027,2.3245294578089215e-12
KR65033BZ548,735708,2015,10.0,0.021770000000000015,0.020620580720417697,-11.494192795823178,2.3245294578089215e-12
KR6703373557,735730,2015,0.25,0.018000000000000006,0.01805582365723847,0.5582365723846503,1.5959455978986625e-12
KR6703373557,735730,2015,0.5,0.018786454488013537,0.017426152081105276,-13.603024069082613,1.5959455978986625e-12
KR6703373557,735730,2015,1.0,0.02007312346508538,0.017111316293038675,-29.61807172046707,1.5959455978986625e-12
KR6703373557,735730,2015,1.5,0.021060331577912858,0.017497042779285835,-35.632887986270234,1.5959455978986625e-12
KR6703373557,735730,2015,2.0,0.021823715674780232,0.017689906022409413,-41.338096523708195,1.5959455978986625e-12
KR6703373557,735730,2015,3.0,0.022887557276970914,0.018652308991450924,-42.3524828551999,1.5959455978986625e-12
KR6703373557,735730,2015,4.0,0.02355865226112906,0.019519144256242574,-40.39508004886484,1.5959455978986625e-12
KR6703373557,735730,2015,5.0,0.023999671162851954,0.02041968722610208,-35.79983936749874,1.5959455978986625e-12
KR6703373557,735730,2015,7.0,0.024518182170297952,0.021610849294325767,-29.073328759721857,1.5959455978986625e-12
KR6703373557,735730,2015,10.0,0.024900000000000005,0.0228756963622671,-20.243036377329062,1.5959455978986625e-12
KR6593314562,735757,2015,0.25,0.017000000000000005,0.017954815040638415,9.548150406384105,1.6306400674181987e-12
KR6593314562,735757,2015,0.5,0.018631974202417127,0.017060039672316993,-15.719345301001345,1.6306400674181987e-12
KR6593314562,735757,2015,1.0,0.021088347738824925,0.016612651988156285,-44.756957506686405,1.6306400674181987e-12
KR6593314562,735757,2015,1.5,0.022741104241311885,0.016730736471565363,-60.10367769746522,1.6306400674181987e-12
KR6593314562,735757,2015,2.0,0.023833253779919152,0.016789778713269903,-70.43475066649249,1.6306400674181987e-12
KR6593314562,735757,2015,3.0,0.02497115813505415,0.017676624789622643,-72.94533345431505,1.6306400674181987e-12
KR6593314562,735757,2015,4.0,0.02535002411201234,0.018671736318479168,-66.78287793533171,1.6306400674181987e-12
KR6593314562,735757,2015,5.0,0.025385934959499763,0.01967511728378623,-57.10817675713534,1.6306400674181987e-12
KR6593314562,735757,2015,7.0,0.025124744497596888,0.021101390622509653,-40.233538750872356,1.6306400674181987e-12
KR6593314562,735757,2015,10.0,0.024680000000000007,0.02285092824478361,-18.29071755216398,1.6306400674181987e-12
KR65733CW563,735775,2015,0.25,0.017000000000000005,0.017953358465254997,9.533584652549921,1.5959455978986625e-12
KR65733CW563,735775,2015,0.5,0.018631974202417127,0.01679348637715148,-18.384878252656474,1.5959455978986625e-12
KR65733CW563,735775,2015,1.0,0.021088347738824925,0.016213550333099725,-48.747974057252,1.5959455978986625e-12
KR65733CW563,735775,2015,1.5,0.022741104241311885,0.016767092092535626,-59.74012148776259,1.5959455978986625e-12
KR65733CW563,735775,2015,2.0,0.023833253779919152,0.017043862972253576,-67.89390807665576,1.5959455978986625e-12
KR65733CW563,735775,2015,3.0,0.02497115813505415,0.018183094381627508,-67.88063753426641,1.5959455978986625e-12
KR65733CW563,735775,2015,4.0,0.02535002411201234,0.01917701905071145,-61.7300506130089,1.5959455978986625e-12
KR65733CW563,735775,2015,5.0,0.025385934959499763,0.020154055754765997,-52.318792047337666,1.5959455978986625e-12
KR65733CW563,735775,2015,7.0,0.025124744497596888,0.021448235326689602,-36.76509170907286,1.5959455978986625e-12
KR65733CW563,735775,2015,10.0,0.024680000000000007,0.02300909148254491,-16.70908517455098,1.5959455978986625e-12
KR6533358570,735796,2015,0.25,0.016500000000000008,0.016960433190519455,4.6043319051944716,1.6653345369377348e-12
KR6533358570,735796,2015,0.5,0.01861388310467372,0.016297543019472192,-23.163400852015265,1.6653345369377348e-12
KR6533358570,735796,2015,1.0,0.02173292845180879,0.015966097933948563,-57.668305178602274,1.6653345369377348e-12
KR6533358570,735796,2015,1.5,0.023757590949416506,0.01640192091542145,-73.55670033995055,1.6653345369377348e-12
KR6533358570,735796,2015,2.0,0.025027890844251124,0.016619832406157897,-84.08058438093228,1.6653345369377348e-12
KR6533358570,735796,2015,3.0,0.02618793529305146,0.01768282562804404,-85.05109665007421,1.6653345369377348e-12
KR6533358570,735796,2015,4.0,0.026381221157883245,0.018727980890244716,-76.53240267638527,1.6653345369377348e-12
KR6533358570,735796,2015,5.0,0.026169739261989577,0.019756440743473987,-64.13298518515589,1.6653345369377348e-12
KR6533358570,735796,2015,7.0,0.02543906178909561,0.021287109222622086,-41.51952566473525,1.6653345369377348e-12
KR6533358570,735796,2015,10.0,0.02450000000000001,0.02292576460424048,-15.74235395759533,1.6653345369377348e-12
KR6703337586,735817,2015,0.25,0.01640000000000001,0.0164641512684106,0.6415126841059077,1.97758476261356e-12
KR6703337586,735817,2015,0.5,0.018261438666603177,0.01609951326475701,-21.61925401846166,1.97758476261356e-12
KR6703337586,735817,2015,1.0,0.02099626850358678,0.01591719426293022,-50.7907424065656,1.97758476261356e-12
KR6703337586,735817,2015,1.5,0.022757400904043813,0.016302502359136193,-64.5489854490762,1.97758476261356e-12
KR6703337586,735817,2015,2.0,0.02384897703314317,0.016495156407239184,-73.53820625903985,1.97758476261356e-12
KR6703337586,735817,2015,3.0,0.024811731420225556,0.01738057521984165,-74.31156200383906,1.97758476261356e-12
KR6703337586,735817,2015,4.0,0.02492625288991752,0.018297848530173046,-66.28404359744475,1.97758476261356e-12
KR6703337586,735817,2015,5.0,0.024691731337757754,0.019196838234341505,-54.948931034162484,1.97758476261356e-12
KR6703337586,735817,2015,7.0,0.02397486588005375,0.020464712796135393,-35.10153083918357,1.97758476261356e-12
KR6703337586,735817,2015,10.0,0.023080000000000007,0.02194234381601131,-11.376561839886966,1.97758476261356e-12
KR65733C3586,735838,2015,0.25,0.01640000000000001,0.016463058632472223,0.6305863247221475,2.185751579730777e-12
KR65733C3586,735838,2015,0.5,0.018261438666603177,0.01589956088803443,-23.61877778568746,2.185751579730777e-12
KR65733C3586,735838,2015,1.0,0.02099626850358678,0.01561781201581553,-53.78456487771249,2.185751579730777e-12
KR65733C3586,735838,2015,1.5,0.022757400904043813,0.01585263475978868,-69.04766144255132,2.185751579730777e-12
KR65733C3586,735838,2015,2.0,0.02384897703314317,0.01597004613177526,-78.7893090136791,2.185751579730777e-12
KR65733C3586,735838,2015,3.0,0.024811731420225556,0.01662771715388903,-81.84014266336526,2.185751579730777e-12
KR65733C3586,735838,2015,4.0,0.02492625288991752,0.017494181989154083,-74.32070900763439,2.185751579730777e-12
KR65733C3586,735838,2015,5.0,0.024691731337757754,0.018289455908979842,-64.02275428777911,2.185751579730777e-12
KR65733C3586,735838,2015,7.0,0.02397486588005375,0.019452371900451577,-45.22493979602173,2.185751579730777e-12
KR65733C3586,735838,2015,10.0,0.023080000000000007,0.0208211700934434,-22.58829906556608,2.185751579730777e-12
KR6593387592,735862,2015,0.25,0.016000000000000018,0.0163622833427303,3.622833427302831,2.3592239273284576e-12
KR6593387592,735862,2015,0.5,0.01749723354478675,0.01558334530349475,-19.13888241292001,2.3592239273284576e-12
KR6593387592,735862,2015,1.0,0.0197222954811899,0.015193876283876973,-45.28419197312929,2.3592239273284576e-12
KR6593387592,735862,2015,1.5,0.02118577287850871,0.015361926280647788,-58.23846597860921,2.3592239273284576e-12
KR6593387592,735862,2015,2.0,0.022122096926184068,0.015445951279033195,-66.76145647150872,2.3592239273284576e-12
KR6593387592,735862,2015,3.0,0.023023296584252034,0.016078389671839135,-69.449069124129,2.3592239273284576e-12
KR6593387592,735862,2015,4.0,0.023235593442920838,0.016919006524731293,-63.165869181895445,2.3592239273284576e-12
KR6593387592,735862,2015,5.0,0.02315119740706597,0.01768805170968448,-54.631456973814885,2.3592239273284576e-12
KR6593387592,735862,2015,7.0,0.02273311891684187,0.01890285369276332,-38.302652240785505,2.3592239273284576e-12
KR6593387592,735862,2015,10.0,0.022160000000000016,0.020215761588911547,-19.442384110884696,2.3592239273284576e-12
KR65733C45A2,735899,2015,0.25,0.01580000000000001,0.015965895498638798,1.6589549863878923,1.8388068845354155e-12
KR65733C45A2,735899,2015,0.5,0.017047166345393914,0.015551520465940279,-14.956458794536353,1.8388068845354155e-12
KR65733C45A2,735899,2015,1.0,0.01889895337953273,0.015344332949591019,-35.54620429941712,1.8388068845354155e-12
KR65733C45A2,735899,2015,1.5,0.020114951114098854,0.015461852572939652,-46.53098541159202,1.8388068845354155e-12
KR65733C45A2,735899,2015,2.0,0.020891099379684794,0.015520612384613969,-53.70486995070825,1.8388068845354155e-12
KR65733C45A2,735899,2015,3.0,0.021633537254976597,0.01592523295725608,-57.08304297720516,1.8388068845354155e-12
KR65733C45A2,735899,2015,4.0,0.021802563742892408,0.016383059975330797,-54.195037675616106,1.8388068845354155e-12
KR65733C45A2,735899,2015,5.0,0.021725487228969373,0.01681794033853832,-49.07546890431054,1.8388068845354155e-12
KR65733C45A2,735899,2015,7.0,0.021366930717446726,0.017722203357284774,-36.44727360161953,1.8388068845354155e-12
KR65733C45A2,735899,2015,10.0,0.02088000000000001,0.01895843011234575,-19.215698876542607,1.8388068845354155e-12
KR65533AL5B9,735932,2015,0.25,0.015900000000000015,0.015773059409826505,-1.2694059017350976,2.185751579730777e-12
KR65533AL5B9,735932,2015,0.5,0.017162618396799004,0.016518792368801855,-6.438260279971499,2.185751579730777e-12
KR65533AL5B9,735932,2015,1.0,0.019085519382204215,0.01689165884828953,-21.938605339146857,2.185751579730777e-12
KR65533AL5B9,735932,2015,1.5,0.020405844940357295,0.017141990969416026,-32.63853970941269,2.185751579730777e-12
KR65533AL5B9,735932,2015,2.0,0.02130255509964123,0.017267157029979274,-40.35398069661956,2.185751579730777e-12
KR65533AL5B9,735932,2015,3.0,0.02229542678805461,0.017823265651127306,-44.72161136927305,2.185751579730777e-12
KR65533AL5B9,735932,2015,4.0,0.022695164434484837,0.01833203259778123,-43.63131836703609,2.185751579730777e-12
KR65533AL5B9,735932,2015,5.0,0.02281542257884832,0.018767065499061965,-40.483570797863536,2.185751579730777e-12
KR65533AL5B9,735932,2015,7.0,0.022753980830150435,0.019542215057363282,-32.117657727871524,2.185751579730777e-12
KR65533AL5B9,735932,2015,10.0,0.022540000000000008,0.020650275497810643,-18.897245021893653,2.185751579730777e-12
KR65733EL5C1,735963,2015,0.25,0.016700000000000007,0.015869114411071448,-8.308855889285587,2.0469737016526324e-12
KR65733EL5C1,735963,2015,0.5,0.01902462681427283,0.01596849443024788,-30.561323840249504,2.0469737016526324e-12
KR65733EL5C1,735963,2015,1.0,0.022335971174872512,0.016018184439836092,-63.177867350364195,2.0469737016526324e-12
KR65733EL5C1,735963,2015,1.5,0.024342612399566102,0.016034819210946044,-83.07793188620057,2.0469737016526324e-12
KR65733EL5C1,735963,2015,2.0,0.02546627351368179,0.01604313659650102,-94.23136917180767,2.0469737016526324e-12
KR65733EL5C1,735963,2015,3.0,0.026147757797762974,0.01639740275835066,-97.50355039412315,2.0469737016526324e-12
KR65733EL5C1,735963,2015,4.0,0.02579718371328223,0.016881273483177823,-89.15910230104407,2.0469737016526324e-12
KR65733EL5C1,735963,2015,5.0,0.025076190889432703,0.01734230369991525,-77.33887189517452,2.0469737016526324e-12
KR65733EL5C1,735963,2015,7.0,0.023529872458084532,0.01822109398938618,-53.08778468698351,2.0469737016526324e-12
KR65733EL5C1,735963,2015,10.0,0.02181000000000001,0.01937854582266469,-24.314541773353195,2.0469737016526324e-12
KR6703307621,735995,2016,0.25,0.016400000000000012,0.01666014022049627,2.601402204962591,1.942890293094024e-12
KR6703307621,735995,2016,0.5,0.018213695789825898,0.015715516727001236,-24.981790628246618,1.942890293094024e-12
KR6703307621,735995,2016,1.0,0.020728801751742822,0.01524320498025372,-54.85596771489102,1.942890293094024e-12
KR6703307621,735995,2016,1.5,0.022167587928040144,0.015093555334286203,-70.74032593753941,1.942890293094024e-12
KR6703307621,735995,2016,2.0,0.022886658718918786,0.015018730511302444,-78.67928207616342,1.942890293094024e-12
KR6703307621,735995,2016,3.0,0.023075636837253707,0.015297906367159839,-77.77730470093869,1.942890293094024e-12
KR6703307621,735995,2016,4.0,0.022477319983843468,0.015756455654107077,-67.2086432973639,1.942890293094024e-12
KR6703307621,735995,2016,5.0,0.021633084936208684,0.01619159023381055,-54.41494702398134,1.942890293094024e-12
KR6703307621,735995,2016,7.0,0.019998211044648714,0.016913034842785554,-30.8517620186316,1.942890293094024e-12
KR6703307621,735995,2016,10.0,0.018260000000000012,0.017935443852937404,-3.245561470626088,1.942890293094024e-12
KR6533374635,736031,2016,0.25,0.016300000000000005,0.016361281747634415,0.6128174763440908,1.457167719820518e-12
KR6533374635,736031,2016,0.5,0.01799777493839403,0.015400053400947359,-25.977215374466713,1.457167719820518e-12
KR6533374635,736031,2016,1.0,0.020368182446079488,0.014919439227603828,-54.4874321847566,1.457167719820518e-12
KR6533374635,736031,2016,1.5,0.02174475545619278,0.014686177320691593,-70.58578135501186,1.457167719820518e-12
KR6533374635,736031,2016,2.0,0.022454838960002454,0.014569546367235476,-78.85292592766979,1.457167719820518e-12
KR6533374635,736031,2016,3.0,0.02271212792289279,0.014747768801561374,-79.64359121331414,1.457167719820518e-12
KR6533374635,736031,2016,4.0,0.02222823631092224,0.01505352401408081,-71.74712296841432,1.457167719820518e-12
KR6533374635,736031,2016,5.0,0.021504037874012085,0.015283396152798884,-62.20641721213201,1.457167719820518e-12
KR6533374635,736031,2016,7.0,0.020074146498596925,0.015876386242479067,-41.97760256117858,1.457167719820518e-12
KR6533374635,736031,2016,10.0,0.01854000000000001,0.016660329084626994,-18.79670915373017,1.457167719820518e-12
KR6503327647,736065,2016,0.25,0.016100000000000014,0.016261141329893987,1.6114132989397332,1.1449174941446927e-12
KR6503327647,736065,2016,0.5,0.01755602807437317,0.015200469458154162,-23.55558616219007,1.1449174941446927e-12
KR6503327647,736065,2016,1.0,0.01959145280739927,0.014670133522284249,-49.213192851150225,1.1449174941446927e-12
KR6503327647,736065,2016,1.5,0.02077672267515285,0.014403521066427656,-63.73201608725196,1.1449174941446927e-12
KR6503327647,736065,2016,2.0,0.021391548339633568,0.014270214838499358,-71.2133350113421,1.1449174941446927e-12
KR6503327647,736065,2016,3.0,0.02162492449604397,0.014296909259526097,-73.28015236517874,1.1449174941446927e-12
KR6503327647,736065,2016,4.0,0.021221991598674356,0.014501197503032344,-67.20794095642012,1.1449174941446927e-12
KR6503327647,736065,2016,5.0,0.020611369807388768,0.014783013327292255,-58.283564800965124,1.1449174941446927e-12
KR6503327647,736065,2016,7.0,0.01940098528296532,0.01522030340562113,-41.806818773441904,1.1449174941446927e-12
KR6503327647,736065,2016,10.0,0.01810000000000001,0.016004800887963692,-20.951991120363168,1.1449174941446927e-12
20160428000382_15470,736088,2016,0.25,0.015800000000000005,0.01606203678175571,2.6203678175570553,1.214306433183765e-12
20160428000382_15470,736088,2016,0.5,0.01689766699763943,0.015017912442091441,-18.797545555479903,1.214306433183765e-12
20160428000382_15470,736088,2016,1.0,0.018450219491140965,0.014495850272259305,-39.5436921888166,1.214306433183765e-12
20160428000382_15470,736088,2016,1.5,0.01937729167365139,0.014179061393041176,-51.98230280610214,1.214306433183765e-12
20160428000382_15470,736088,2016,2.0,0.019882462383170808,0.014020666953432112,-58.61795429738696,1.214306433183765e-12
20160428000382_15470,736088,2016,3.0,0.020148999162965343,0.014199087969274262,-59.49911193691081,1.214306433183765e-12
20160428000382_15470,736088,2016,4.0,0.019931097797856855,0.014530258827522673,-54.00838970334183,1.214306433183765e-12
20160428000382_15470,736088,2016,5.0,0.019545234502612738,0.014837011059576365,-47.08223443036373,1.214306433183765e-12
20160428000382_15470,736088,2016,7.0,0.018746007272634965,0.015428902233857249,-33.171050387777164,1.214306433183765e-12
20160428000382_15470,736088,2016,10.0,0.017870000000000007,0.01634400653715628,-15.259934628437284,1.214306433183765e-12
KR6503311666,736118,2016,0.25,0.014300000000000005,0.015763589070345925,14.635890703459197,1.0755285551056204e-12
KR6503311666,736118,2016,0.5,0.01611379484143748,0.014785720243855733,-13.280745975817466,1.0755285551056204e-12
KR6503311666,736118,2016,1.0,0.018629356662016375,0.014296785830610635,-43.3257083140574,1.0755285551056204e-12
KR6503311666,736118,2016,1.5,0.02006881160641362,0.014096980834351125,-59.71830772062495,1.0755285551056204e-12
KR6503311666,736118,2016,2.0,0.02078865522994417,0.01399707833622137,-67.91576893722801,1.0755285551056204e-12
KR6503311666,736118,2016,3.0,0.020979238693235,0.014048733808065178,-69.30504885169823,1.0755285551056204e-12
KR6503311666,736118,2016,4.0,0.02038240075750754,0.014303652825373788,-60.78747932133753,1.0755285551056204e-12
KR6503311666,736118,2016,5.0,0.019539430675631,0.014636399932091879,-49.0303074353912,1.0755285551056204e-12
KR6503311666,736118,2016,7.0,0.017906461365883995,0.015072794208243487,-28.33667157640508,1.0755285551056204e-12
KR6503311666,736118,2016,10.0,0.016170000000000004,0.01585640014260821,-3.135998573917942,1.0755285551056204e-12
KR6593385661,736145,2016,0.25,0.014300000000000005,0.015756668443990297,14.56668443990292,1.1796119636642288e-12
KR6593385661,736145,2016,0.5,0.01611379484143748,0.013519245620775774,-25.945492206617057,1.1796119636642288e-12
KR6593385661,736145,2016,1.0,0.018629356662016375,0.012400534209168512,-62.288224528478636,1.1796119636642288e-12
KR6593385661,736145,2016,1.5,0.02006881160641362,0.012101447804372036,-79.67363802041584,1.1796119636642288e-12
KR6593385661,736145,2016,2.0,0.02078865522994417,0.011951904601973797,-88.36750627970375,1.1796119636642288e-12
KR6593385661,736145,2016,3.0,0.020979238693235,0.011827559176047405,-91.51679517187596,1.1796119636642288e-12
KR6593385661,736145,2016,4.0,0.02038240075750754,0.011879526641031521,-85.0287411647602,1.1796119636642288e-12
KR6593385661,736145,2016,5.0,0.019539430675631,0.011982203448818788,-75.5722722681221,1.1796119636642288e-12
KR6593385661,736145,2016,7.0,0.017906461365883995,0.012316397842081677,-55.900635238023185,1.1796119636642288e-12
KR6593385661,736145,2016,10.0,0.016170000000000004,0.0128613998108634,-33.08600189136604,1.1796119636642288e-12
KR6513399677,736173,2016,0.25,0.013600000000000011,0.014267920263114249,6.679202631142377,7.112366251504909e-13
KR6513399677,736173,2016,0.5,0.015159963680804946,0.013057812494110435,-21.021511866945104,7.112366251504909e-13
KR6513399677,736173,2016,1.0,0.01728492796996487,0.012452758609608526,-48.321693603563446,7.112366251504909e-13
KR6513399677,736173,2016,1.5,0.018451490063812602,0.012169557398205319,-62.81932665607283,7.112366251504909e-13
KR6513399677,736173,2016,2.0,0.018981790264481154,0.012027956792503713,-69.53833471977441,7.112366251504909e-13
KR6513399677,736173,2016,3.0,0.018952608836671325,0.011928386532081017,-70.24222304590307,7.112366251504909e-13
KR6513399677,736173,2016,4.0,0.018256301658245065,0.01195470880801926,-63.01592850225805,7.112366251504909e-13
KR6513399677,736173,2016,5.0,0.017372582399486962,0.012006250203660532,-53.66332195826429,7.112366251504909e-13
KR6513399677,736173,2016,7.0,0.015726760959548218,0.012186363782240878,-35.403971773073394,7.112366251504909e-13
KR6513399677,736173,2016,10.0,0.014010000000000009,0.012628101373045467,-13.818986269545416,7.112366251504909e-13
KR6523369686,736206,2016,0.25,0.01350000000000001,0.013574171435814643,0.7417143581463226,1.0581813203458523e-12
KR6523369686,736206,2016,0.5,0.014942854210034216,0.013060222901525172,-18.82631308509044,1.0581813203458523e-12
KR6523369686,736206,2016,1.0,0.016917649741019104,0.012803248634380437,-41.14401106638667,1.0581813203458523e-12
KR6523369686,736206,2016,1.5,0.0180139734514838,0.012586331930720512,-54.27641520763289,1.0581813203458523e-12
KR6523369686,736206,2016,2.0,0.018526012373260462,0.01247787357889055,-60.48138794369912,1.0581813203458523e-12
KR6523369686,736206,2016,3.0,0.01854587765053516,0.0124282888136847,-61.17588836850459,1.0581813203458523e-12
KR6523369686,736206,2016,4.0,0.017946248701355177,0.01247966680317403,-54.665818981811476,1.0581813203458523e-12
KR6523369686,736206,2016,5.0,0.017167386464222743,0.012530949410704631,-46.36437053518112,1.0581813203458523e-12
KR6523369686,736206,2016,7.0,0.015703692558673064,0.012685176355176773,-30.185162034962914,1.0581813203458523e-12
KR6523369686,736206,2016,10.0,0.014170000000000009,0.013127550242047764,-10.424497579522452,1.0581813203458523e-12
KR6503396691,736233,2016,0.25,0.013400000000000006,0.013474508088528089,0.7450808852808334,1.214306433183765e-12
KR6503396691,736233,2016,0.5,0.014613885003906018,0.012960553765706194,-16.533312381998236,1.214306433183765e-12
KR6503396691,736233,2016,1.0,0.01631250352762491,0.012703576604295245,-36.08926923329666,1.214306433183765e-12
KR6503396691,736233,2016,1.5,0.017303795180619117,0.012570241585362192,-47.33553595256925,1.214306433183765e-12
KR6503396691,736233,2016,2.0,0.017820271675163236,0.012503574075895665,-53.16697599267572,1.214306433183765e-12
KR6503396691,736233,2016,3.0,0.01802331364527008,0.012453726723545356,-55.69586921724724,1.214306433183765e-12
KR6503396691,736233,2016,4.0,0.01769542379177025,0.012555773422008823,-51.39650369761426,1.214306433183765e-12
KR6503396691,736233,2016,5.0,0.017193318783076242,0.012709079560260874,-44.84239222815368,1.214306433183765e-12
KR6503396691,736233,2016,7.0,0.016194822782392593,0.012888109883504223,-33.067128988883695,1.214306433183765e-12
KR6503396691,736233,2016,10.0,0.015120000000000001,0.013408354623787453,-17.116453762125484,1.214306433183765e-12
KR65333C66A7,736255,2016,0.25,0.013500000000000005,0.013376755115989682,-1.2324488401032305,1.2663481374630692e-12
KR65333C66A7,736255,2016,0.5,0.014960584448505437,0.013210933923131767,-17.4965052537367,1.2663481374630692e-12
KR65333C66A7,736255,2016,1.0,0.017016978679981885,0.01312802332670281,-38.88955353279076,1.2663481374630692e-12
KR65333C66A7,736255,2016,1.5,0.018233011880331624,0.013077996294861042,-51.55015585470582,1.2663481374630692e-12
KR65333C66A7,736255,2016,2.0,0.018883387846800208,0.013052982778940158,-58.3040506786005,1.2663481374630692e-12
KR65333C66A7,736255,2016,3.0,0.019190609871182367,0.013280478006190283,-59.10131864992084,1.2663481374630692e-12
KR65333C66A7,736255,2016,4.0,0.01885570718722084,0.013559625649695643,-52.960815375251954,1.2663481374630692e-12
KR65333C66A7,736255,2016,5.0,0.01830327382081461,0.01381439371056829,-44.8888011024632,1.2663481374630692e-12
KR65333C66A7,736255,2016,7.0,0.017180500059788207,0.0141723552920298,-30.081447677584062,1.2663481374630692e-12
KR65333C66A7,736255,2016,10.0,0.01596000000000001,0.014954591223919553,-10.054087760804562,1.2663481374630692e-12
KR65333A06B5,736276,2016,0.25,0.014200000000000011,0.013477240699192709,-7.2275930080730255,1.214306433183765e-12
KR65333A06B5,736276,2016,0.5,0.01652799456906625,0.013460621517331827,-30.67373051734422,1.214306433183765e-12
KR65333A06B5,736276,2016,1.0,0.01985483812417271,0.013452311926401386,-64.02526197771324,1.214306433183765e-12
KR65333A06B5,736276,2016,1.5,0.02188421746426346,0.013318550750782721,-85.65666713480738,1.214306433183765e-12
KR65333A06B5,736276,2016,2.0,0.023034154888544097,0.01325167016297339,-97.82484725570707,1.214306433183765e-12
KR65333A06B5,736276,2016,3.0,0.023770220901126137,0.013327873689167364,-104.42347211958773,1.214306433183765e-12
KR65333A06B5,736276,2016,4.0,0.02346993001786007,0.013709393951905749,-97.60536065954322,1.214306433183765e-12
KR65333A06B5,736276,2016,5.0,0.022791946029790938,0.014066791465096418,-87.25154564694519,1.214306433183765e-12
KR65333A06B5,736276,2016,7.0,0.02131038338008406,0.014605326947553949,-67.05056432530111,1.214306433183765e-12
KR65333A06B5,736276,2016,10.0,0.019650000000000008,0.015359786734600025,-42.90213265399983,1.214306433183765e-12
KR65333506C3,736304,2016,0.25,0.01540000000000001,0.01417811074090265,-12.218892590973585,1.8388068845354155e-12
KR65333506C3,736304,2016,0.5,0.01929122695305303,0.01475823897372657,-45.32987979326461,1.8388068845354155e-12
KR65333506C3,736304,2016,1.0,0.02475807813316423,0.015048303090138528,-97.09775043025701,1.8388068845354155e-12
KR65333506C3,736304,2016,1.5,0.027976088914399955,0.01524855022383321,-127.27538690566745,1.8388068845354155e-12
KR65333506C3,736304,2016,2.0,0.02968183001686217,0.015348673790680554,-143.33156226181617,1.8388068845354155e-12
KR65333506C3,736304,2016,3.0,0.030441690985179334,0.01577780152811602,-146.63889457063314,1.8388068845354155e-12
KR65333506C3,736304,2016,4.0,0.029493897207018907,0.01620954896512003,-132.84348241898877,1.8388068845354155e-12
KR65333506C3,736304,2016,5.0,0.02797393783021382,0.016644158785329283,-113.29779044884535,1.8388068845354155e-12
KR65333506C3,736304,2016,7.0,0.02490940494039651,0.017286966946138065,-76.22437994258446,1.8388068845354155e-12
KR65333506C3,736304,2016,10.0,0.02159000000000001,0.018257085053874928,-33.3291494612508,1.8388068845354155e-12
KR6573324714,736333,2017,0.25,0.015000000000000006,0.015368325807457835,3.6832580745782897,1.908195823574488e-12
KR6573324714,736333,2017,0.5,0.018172325664130986,0.014970498020532234,-32.01827643598752,1.908195823574488e-12
KR6573324714,736333,2017,1.0,0.022663403474629827,0.014771584127069432,-78.91819347560396,1.908195823574488e-12
KR6573324714,736333,2017,1.5,0.02535030598718107,0.014889056742959997,-104.61249244221072,1.908195823574488e-12
KR6573324714,736333,2017,2.0,0.02681973486137867,0.014947793050905277,-118.71941810473393,1.908195823574488e-12
KR6573324714,736333,2017,3.0,0.02761059948743413,0.015402846888209254,-122.07752599224877,1.908195823574488e-12
KR6573324714,736333,2017,4.0,0.027000332584774696,0.016013468403911737,-109.86864180862959,1.908195823574488e-12
KR6573324714,736333,2017,5.0,0.025902060953371126,0.016550540119522186,-93.5152083384894,1.908195823574488e-12
KR6573324714,736333,2017,7.0,0.023617941852559627,0.017165594776922487,-64.5234707563714,1.908195823574488e-12
KR6573324714,736333,2017,10.0,0.02111000000000001,0.018187931899592145,-29.22068100407866,1.908195823574488e-12
KR65333AZ718,736355,2017,0.25,0.015000000000000006,0.015368507938389545,3.6850793838953853,1.700029006457271e-12
KR65333AZ718,736355,2017,0.5,0.018172325664130986,0.01500382798103497,-31.684976830960167,1.700029006457271e-12
KR65333AZ718,736355,2017,1.0,0.022663403474629827,0.014821488002357682,-78.41915472272144,1.700029006457271e-12
KR65333AZ718,736355,2017,1.5,0.02535030598718107,0.015039322555596339,-103.10983431584731,1.700029006457271e-12
KR65333AZ718,736355,2017,2.0,0.02681973486137867,0.015148239832215667,-116.71495029163005,1.700029006457271e-12
KR65333AZ718,736355,2017,3.0,0.02761059948743413,0.015628298471357917,-119.82301016076214,1.700029006457271e-12
KR65333AZ718,736355,2017,4.0,0.027000332584774696,0.0161877018442628,-108.12630740511895,1.700029006457271e-12
KR65333AZ718,736355,2017,5.0,0.025902060953371126,0.01675075225488556,-91.51308698485565,1.700029006457271e-12
KR65333AZ718,736355,2017,7.0,0.023617941852559627,0.0176269032742223,-59.910385783373265,1.700029006457271e-12
KR65333AZ718,736355,2017,10.0,0.02111000000000001,0.018727710207708106,-23.82289792291905,1.700029006457271e-12
KR65233AD725,736376,2017,0.25,0.014900000000000007,0.014972294716737463,0.7229471673745637,1.8388068845354155e-12
KR65233AD725,736376,2017,0.5,0.0180784668640484,0.015021967928900561,-30.56498935147839,1.8388068845354155e-12
KR65233AD725,736376,2017,1.0,0.02259780791158902,0.015046804534982111,-75.5100337660691,1.8388068845354155e-12
KR65233AD725,736376,2017,1.5,0.025326174046335085,0.015414895414896374,-99.11278631438711,1.8388068845354155e-12
KR65233AD725,736376,2017,2.0,0.026843518544951116,0.015598940854853506,-112.4457769009761,1.8388068845354155e-12
KR65233AD725,736376,2017,3.0,0.02773391455827285,0.016179703471960034,-115.54211086312816,1.8388068845354155e-12
KR65233AD725,736376,2017,4.0,0.027215340551946063,0.01671312148260505,-105.02219069341012,1.8388068845354155e-12
KR65233AD725,736376,2017,5.0,0.026195496797553796,0.017198754190615746,-89.96742606938051,1.8388068845354155e-12
KR65233AD725,736376,2017,7.0,0.024029461769147,0.017892837664493365,-61.366241046536366,1.8388068845354155e-12
KR65233AD725,736376,2017,10.0,0.021630000000000007,0.01896982703097016,-26.601729690298484,1.8388068845354155e-12
KR6703303737,736394,2017,0.25,0.014800000000000011,0.014873485706311316,0.7348570631130446,2.0122792321330962e-12
KR6703303737,736394,2017,0.5,0.01786551756096365,0.015072334788887998,-27.931827720756534,2.0122792321330962e-12
KR6703303737,736394,2017,1.0,0.02225383591413171,0.01517175933017634,-70.82076583955372,2.0122792321330962e-12
KR6703303737,736394,2017,1.5,0.02494005192569123,0.01567363763529939,-92.6641429039184,2.0122792321330962e-12
KR6703303737,736394,2017,2.0,0.026471594116795595,0.015924576787860918,-105.47017328934677,2.0122792321330962e-12
KR6703303737,736394,2017,3.0,0.02747846132334997,0.016504890621845295,-109.73570701504676,2.0122792321330962e-12
KR6703303737,736394,2017,4.0,0.027118680088946422,0.01708934704090807,-100.29333048038353,2.0122792321330962e-12
KR6703303737,736394,2017,5.0,0.0262568219180262,0.017652349947308913,-86.04471970717287,2.0122792321330962e-12
KR6703303737,736394,2017,7.0,0.02435290686015361,0.01847656798898459,-58.76338871169017,2.0122792321330962e-12
KR6703303737,736394,2017,10.0,0.02221000000000001,0.019525882814014968,-26.84117185985043,2.0122792321330962e-12
KR65233CS737,736411,2017,0.25,0.014800000000000011,0.014873030350454314,0.7303035045430271,1.8735013540549517e-12
KR65233CS737,736411,2017,0.5,0.01786551756096365,0.014989004667056414,-28.765128939072376,1.8735013540549517e-12
KR65233CS737,736411,2017,1.0,0.02225383591413171,0.015046991825357462,-72.06844088774248,1.8735013540549517e-12
KR65233CS737,736411,2017,1.5,0.02494005192569123,0.015448497508784034,-94.91554416907195,1.8735013540549517e-12
KR65233CS737,736411,2017,2.0,0.026471594116795595,0.01564925035049732,-108.22343766298276,1.8735013540549517e-12
KR65233CS737,736411,2017,3.0,0.02747846132334997,0.016255208488673466,-112.23252834676505,1.8735013540549517e-12
KR65233CS737,736411,2017,4.0,0.027118680088946422,0.016762924491953064,-103.55755596993359,1.8735013540549517e-12
KR65233CS737,736411,2017,5.0,0.0262568219180262,0.017300257780329478,-89.56564137696722,1.8735013540549517e-12
KR65233CS737,736411,2017,7.0,0.02435290686015361,0.01799400551947185,-63.58901340681757,1.8735013540549517e-12
KR65233CS737,736411,2017,10.0,0.02221000000000001,0.01896377642952276,-32.46223570477252,1.8735013540549517e-12
KR6503386742,736437,2017,0.25,0.014300000000000009,0.014771759928051693,4.717599280516845,1.942890293094024e-12
KR6503386742,736437,2017,0.5,0.01676818306533304,0.01458938353626579,-21.787995290672505,1.942890293094024e-12
KR6503386742,736437,2017,1.0,0.020351410446852163,0.014498195340372838,-58.532151064793254,1.942890293094024e-12
KR6503386742,736437,2017,1.5,0.02260685113760647,0.014950114722166946,-76.56736415439522,1.942890293094024e-12
KR6503386742,736437,2017,2.0,0.023955119848674065,0.015176074413064,-87.79045435610067,1.942890293094024e-12
KR6503386742,736437,2017,3.0,0.02501618453089806,0.015781818403712983,-92.34366127185076,1.942890293094024e-12
KR6503386742,736437,2017,4.0,0.02496380323847454,0.016238196682913125,-87.25606555561413,1.942890293094024e-12
KR6503386742,736437,2017,5.0,0.024475699250451274,0.016672160001813586,-78.03539248637688,1.942890293094024e-12
KR6503386742,736437,2017,7.0,0.023255776628779486,0.017496895810832937,-57.58880817946548,1.942890293094024e-12
KR6503386742,736437,2017,10.0,0.02182000000000001,0.018411418545586363,-34.08581454413646,1.942890293094024e-12
KR6543352753,736472,2017,0.25,0.013900000000000008,0.014275297575797923,3.7529757579791467,1.8041124150158794e-12
KR6543352753,736472,2017,0.5,0.015900834749977402,0.014407860715222725,-14.929740347546776,1.8041124150158794e-12
KR6543352753,736472,2017,1.0,0.01888840154407796,0.014474142284935125,-44.14259259142834,1.8041124150158794e-12
KR6543352753,736472,2017,1.5,0.020870245150399216,0.015009472403994764,-58.60772746404452,1.8041124150158794e-12
KR6543352753,736472,2017,2.0,0.022153969905070264,0.015277137463524581,-68.76832441545683,1.8041124150158794e-12
KR6543352753,736472,2017,3.0,0.023428880202147333,0.01598379080420199,-74.45089397945341,1.8041124150158794e-12
KR6543352753,736472,2017,4.0,0.02377947992121957,0.016516340908473717,-72.63139012745852,1.8041124150158794e-12
KR6543352753,736472,2017,5.0,0.023724718643039693,0.017053031485349583,-66.7168715769011,1.8041124150158794e-12
KR6543352753,736472,2017,7.0,0.023254256558866943,0.017824340857948404,-54.299157009185386,1.8041124150158794e-12
KR6543352753,736472,2017,10.0,0.022570000000000014,0.018926297064644472,-36.43702935355542,1.8041124150158794e-12
KR6573380765,736494,2017,0.25,0.013800000000000003,0.013878429404850564,0.7842940485056071,1.734723475976807e-12
KR6573380765,736494,2017,0.5,0.015553342892485413,0.014325965044260404,-12.273778482250092,1.734723475976807e-12
KR6573380765,736494,2017,1.0,0.018179487109532707,0.014549732863965324,-36.29754245567383,1.734723475976807e-12
KR6573380765,736494,2017,1.5,0.019931239023699105,0.015068063259641001,-48.63175764058104,1.734723475976807e-12
KR6573380765,736494,2017,2.0,0.0210748816452304,0.015327228457478838,-57.476531877515626,1.734723475976807e-12
KR6573380765,736494,2017,3.0,0.022232769128384903,0.01593251201786824,-63.002571105166616,1.734723475976807e-12
KR6573380765,736494,2017,4.0,0.022578550336456553,0.016439799040939278,-61.38751295517275,1.734723475976807e-12
KR6573380765,736494,2017,5.0,0.02256399768992292,0.016847675265353013,-57.16322424569906,1.734723475976807e-12
KR6573380765,736494,2017,7.0,0.02220257671158909,0.017463562622958978,-47.39014088630113,1.734723475976807e-12
KR6573380765,736494,2017,10.0,0.02165000000000001,0.018406916021066762,-32.43083978933248,1.734723475976807e-12
KR6533351773,736516,2017,0.25,0.013900000000000006,0.01378077739290318,-1.1922260709682635,2.1510571102112408e-12
KR6533351773,736516,2017,0.5,0.01578065467924797,0.014593018266893007,-11.876364123549616,2.1510571102112408e-12
KR6533351773,736516,2017,1.0,0.0186039210966526,0.014999138703887919,-36.047823927646824,2.1510571102112408e-12
KR6533351773,736516,2017,1.5,0.02049479450849342,0.01571810506858877,-47.766894399046514,2.1510571102112408e-12
KR6533351773,736516,2017,2.0,0.02173630017206336,0.016077588250939193,-56.58711921124167,2.1510571102112408e-12
KR6533351773,736516,2017,3.0,0.023010491480591817,0.01688497674363392,-61.255147369578964,2.1510571102112408e-12
KR6533351773,736516,2017,4.0,0.023411922980744005,0.017519432433090964,-58.92490547653041,2.1510571102112408e-12
KR6533351773,736516,2017,5.0,0.023422804785684145,0.01800402236277239,-54.187824229117545,2.1510571102112408e-12
KR6533351773,736516,2017,7.0,0.0230754281996981,0.018644755740005674,-44.30672459692427,2.1510571102112408e-12
KR6533351773,736516,2017,10.0,0.022520000000000002,0.019588822504556715,-29.31177495443287,2.1510571102112408e-12
KR65733DB771,736536,2017,0.25,0.013900000000000006,0.013780230890788706,-1.197691092113002,1.8041124150158794e-12
KR65733DB771,736536,2017,0.5,0.01578065467924797,0.014493008379944154,-12.876462993038142,1.8041124150158794e-12
KR65733DB771,736536,2017,1.0,0.0186039210966526,0.014849397124521876,-37.54523972130726,1.8041124150158794e-12
KR65733DB771,736536,2017,1.5,0.02049479450849342,0.015534942142997948,-49.59852365495473,1.8041124150158794e-12
KR65733DB771,736536,2017,2.0,0.02173630017206336,0.01587771465223598,-58.585855198273784,1.8041124150158794e-12
KR65733DB771,736536,2017,3.0,0.023010491480591817,0.016609146312740235,-64.01345167851582,1.8041124150158794e-12
KR65733DB771,736536,2017,4.0,0.023411922980744005,0.01711586787501124,-62.96055105732765,1.8041124150158794e-12
KR65733DB771,736536,2017,5.0,0.023422804785684145,0.017575209062180425,-58.47595723503719,1.8041124150158794e-12
KR65733DB771,736536,2017,7.0,0.0230754281996981,0.01816450756257184,-49.10920637126261,1.8041124150158794e-12
KR65733DB771,736536,2017,10.0,0.022520000000000002,0.01908222400081225,-34.377759991877504,1.8041124150158794e-12
KR65733AC783,736566,2017,0.25,0.013900000000000006,0.01388143512898263,-0.18564871017376708,2.220446049250313e-12
KR65733AC783,736566,2017,0.5,0.01590380629832454,0.01487601256042856,-10.277937378959813,2.220446049250313e-12
KR65733AC783,736566,2017,1.0,0.01890504885228403,0.015373301276151524,-35.31747576132504,2.220446049250313e-12
KR65733AC783,736566,2017,1.5,0.02090695550160279,0.01617589111318794,-47.31064388414849,2.220446049250313e-12
KR65733AC783,736566,2017,2.0,0.022213865235831142,0.016577186031706145,-56.366792041249965,2.220446049250313e-12
KR65733AC783,736566,2017,3.0,0.02353693588158544,0.017384382374348275,-61.52553507237164,2.220446049250313e-12
KR65733AC783,736566,2017,4.0,0.02393190313114121,0.017916404069325913,-60.154990618152965,2.220446049250313e-12
KR65733AC783,736566,2017,5.0,0.023915090825708737,0.018375663180156578,-55.3942764555216,2.220446049250313e-12
KR65733AC783,736566,2017,7.0,0.023501766195925356,0.018964980132087843,-45.36786063837513,2.220446049250313e-12
KR65733AC783,736566,2017,10.0,0.02287000000000001,0.019830351620872832,-30.396483791271766,2.220446049250313e-12
KR6543329793,736584,2017,0.25,0.013800000000000005,0.01388006889055278,0.8006889055277473,1.97758476261356e-12
KR6543329793,736584,2017,0.5,0.015445643324813938,0.01462599092776597,-8.19652397047968,1.97758476261356e-12
KR6543329793,736584,2017,1.0,0.017964925356572767,0.014998951946372564,-29.659734102002037,1.97758476261356e-12
KR6543329793,736584,2017,1.5,0.01970997185684819,0.015717976010043266,-39.91995846804923,1.97758476261356e-12
KR6543329793,736584,2017,2.0,0.02090877230141906,0.016077488041878616,-48.312842595404426,1.97758476261356e-12
KR6543329793,736584,2017,3.0,0.022268214260469304,0.01688490648222254,-53.833077782467626,1.97758476261356e-12
KR6543329793,736584,2017,4.0,0.02285117087765178,0.01739136719223333,-54.59803685418451,1.97758476261356e-12
KR6543329793,736584,2017,5.0,0.02306164699977728,0.017798911672813337,-52.62735326963943,1.97758476261356e-12
KR6543329793,736584,2017,7.0,0.02306328882806554,0.01831014577625804,-47.531430518075005,1.97758476261356e-12
KR6543329793,736584,2017,10.0,0.022860000000000005,0.019148926543190448,-37.11073456809558,1.97758476261356e-12
KR65333FQ799,736600,2017,0.25,0.013800000000000005,0.01388416760691575,0.8416760691574466,2.2898349882893854e-12
KR65333FQ799,736600,2017,0.5,0.015445643324813938,0.015376056022189409,-0.6958730262452903,2.2898349882893854e-12
KR65333FQ799,736600,2017,1.0,0.017964925356572767,0.01612200022982624,-18.429251267465286,2.2898349882893854e-12
KR65333FQ799,736600,2017,1.5,0.01970997185684819,0.017058260357650897,-26.51711499197292,2.2898349882893854e-12
KR65333FQ799,736600,2017,2.0,0.02090877230141906,0.017526390421563228,-33.82381879855831,2.2898349882893854e-12
KR65333FQ799,736600,2017,3.0,0.022268214260469304,0.018383944068558703,-38.842701919106005,2.2898349882893854e-12
KR65333FQ799,736600,2017,4.0,0.02285117087765178,0.01889005590142404,-39.61114976227743,2.2898349882893854e-12
KR65333FQ799,736600,2017,5.0,0.02306164699977728,0.01932359889025695,-37.38048109520331,2.2898349882893854e-12
KR65333FQ799,736600,2017,7.0,0.02306328882806554,0.019808592912252235,-32.546959158133056,2.2898349882893854e-12
KR65333FQ799,736600,2017,10.0,0.022860000000000005,0.02062320766476903,-22.367923352309763,2.2898349882893854e-12
KR65333CR7A1,736625,2017,0.25,0.01380000000000001,0.013790887693366402,-0.0911230663360775,1.8388068845354155e-12
KR65333CR7A1,736625,2017,0.5,0.015582067859841035,0.016443203251662656,8.61135391821621,1.8388068845354155e-12
KR65333CR7A1,736625,2017,1.0,0.0183404110888579,0.017769361030810782,-5.710500580471193,1.8388068845354155e-12
KR65333CR7A1,736625,2017,1.5,0.020286105752000055,0.01895616432162409,-13.299414303759653,1.8388068845354155e-12
KR65333CR7A1,736625,2017,2.0,0.021653869842585306,0.01954956596703074,-21.04303875554565,1.8388068845354155e-12
KR65333CR7A1,736625,2017,3.0,0.023277307362953012,0.020380686218859006,-28.96621144094006,1.8388068845354155e-12
KR65333CR7A1,736625,2017,4.0,0.024051974699032214,0.020706583827659417,-33.45390871372797,1.8388068845354155e-12
KR65333CR7A1,736625,2017,5.0,0.024404262122390198,0.0209853805208516,-34.18881601538599,1.8388068845354155e-12
KR65333CR7A1,736625,2017,7.0,0.024595169869820337,0.02123669629491879,-33.58473574901547,1.8388068845354155e-12
KR65333CR7A1,736625,2017,10.0,0.024550000000000013,0.021762226054656324,-27.87773945343689,1.8388068845354155e-12
KR65333817B6,736639,2017,0.25,0.014500000000000006,0.013790067938317302,-7.09932061682704,1.908195823574488e-12
KR65333817B6,736639,2017,0.5,0.01688197769737249,0.016293188077677438,-5.887896196950515,1.908195823574488e-12
KR65333817B6,736639,2017,1.0,0.02045726422324935,0.017544748147357504,-29.125160758918454,1.908195823574488e-12
KR65333817B6,736639,2017,1.5,0.022851122177794544,0.018865815763497325,-39.85306414297219,1.908195823574488e-12
KR65333817B6,736639,2017,2.0,0.024422253397366228,0.019526349571567233,-48.95903825798995,1.908195823574488e-12
KR65333817B6,736639,2017,3.0,0.026033232410917914,0.02045868172240945,-55.74550688508463,1.908195823574488e-12
KR65333817B6,736639,2017,4.0,0.026538951664769495,0.021015293060184816,-55.236586045846785,1.908195823574488e-12
KR65333817B6,736639,2017,5.0,0.026550374014944943,0.02139640785520587,-51.53966159739072,1.908195823574488e-12
KR65333817B6,736639,2017,7.0,0.026106808453311734,0.02180241044200202,-43.04398011309714,1.908195823574488e-12
KR65333817B6,736639,2017,10.0,0.02540000000000001,0.022350734445831497,-30.49265554168512,1.908195823574488e-12
KR67033957B9,736662,2017,0.25,0.014500000000000006,0.013790887693366402,-7.091123066336035,1.8388068845354155e-12
KR67033957B9,736662,2017,0.5,0.01688197769737249,0.016443203251662656,-4.38774445709833,1.8388068845354155e-12
KR67033957B9,736662,2017,1.0,0.02045726422324935,0.017769361030810782,-26.87903192438567,1.8388068845354155e-12
KR67033957B9,736662,2017,1.5,0.022851122177794544,0.018738201605809943,-41.12920571984601,1.8388068845354155e-12
KR67033957B9,736662,2017,2.0,0.024422253397366228,0.019222621893309522,-51.996315040567055,1.8388068845354155e-12
KR67033957B9,736662,2017,3.0,0.026033232410917914,0.020054611706697565,-59.78620704220349,1.8388068845354155e-12
KR67033957B9,736662,2017,4.0,0.026538951664769495,0.02058662893934829,-59.52322725421205,1.8388068845354155e-12
KR67033957B9,736662,2017,5.0,0.026550374014944943,0.020942535774924435,-56.07838240020507,1.8388068845354155e-12
KR67033957B9,736662,2017,7.0,0.026106808453311734,0.021297160630897816,-48.09647822413918,1.8388068845354155e-12
KR67033957B9,736662,2017,10.0,0.02540000000000001,0.021900753759478205,-34.99246240521805,1.8388068845354155e-12
KR65733AY7C6,736678,2017,0.25,0.016600000000000014,0.014487241630116034,-21.127583698839803,2.0469737016526324e-12
KR65733AY7C6,736678,2017,0.5,0.018475702098669416,0.016923836149968025,-15.518659487013913,2.0469737016526324e-12
KR65733AY7C6,736678,2017,1.0,0.021276175582975846,0.01814213340989402,-31.340421730818267,2.0469737016526324e-12
KR65733AY7C6,736678,2017,1.5,0.023133610589820844,0.018993878563277236,-41.39732026543608,2.0469737016526324e-12
KR65733AY7C6,736678,2017,2.0,0.024336474620795273,0.019419751139968845,-49.16723480826428,2.0469737016526324e-12
KR65733AY7C6,736678,2017,3.0,0.02553039868152835,0.01999827451325042,-55.321241682779295,2.0469737016526324e-12
KR65733AY7C6,736678,2017,4.0,0.025857884297541305,0.02048037002668653,-53.77514270854776,2.0469737016526324e-12
KR65733AY7C6,736678,2017,5.0,0.025805517814569096,0.020837467415314732,-49.68050399254364,2.0469737016526324e-12
KR65733AY7C6,736678,2017,7.0,0.025362912137934096,0.021114627982523764,-42.48284155410332,2.0469737016526324e-12
KR65733AY7C6,736678,2017,10.0,0.024720000000000013,0.02161233732041446,-31.076626795855518,2.0469737016526324e-12
KR6503352819,736699,2018,0.25,0.0166,0.016571661887180997,-0.2833811281900342,1.4918621893400541e-12
KR6503352819,736699,2018,0.5,0.018730325672194514,0.01764874410463401,-10.815815675605037,1.4918621893400541e-12
KR6503352819,736699,2018,1.0,0.021925043557215626,0.018187285213360518,-37.377583438551085,1.4918621893400541e-12
KR6503352819,736699,2018,1.5,0.024060721559409467,0.019291926372420446,-47.687951869890206,1.4918621893400541e-12
KR6503352819,736699,2018,2.0,0.02545931167446118,0.019844246951950414,-56.15064722510766,1.4918621893400541e-12
KR6503352819,736699,2018,3.0,0.026885843385942177,0.020702151717834252,-61.836916681079245,1.4918621893400541e-12
KR6503352819,736699,2018,4.0,0.02732462958611621,0.021157222770997176,-61.67406815119035,1.4918621893400541e-12
KR6503352819,736699,2018,5.0,0.027323132006091534,0.021565812531342852,-57.573194747486816,1.4918621893400541e-12
KR6503352819,736699,2018,7.0,0.026908615114152115,0.021946880737956063,-49.61734376196053,1.4918621893400541e-12
KR6503352819,736699,2018,10.0,0.026260000000000002,0.02255092103662664,-37.090789633733614,1.4918621893400541e-12
KR65833AW813,736718,2018,0.25,0.0166,0.016571935043263205,-0.2806495673679521,1.3877787807814457e-12
KR65833AW813,736718,2018,0.5,0.018730325672194514,0.017698731667677874,-10.315940045166409,1.3877787807814457e-12
KR65833AW813,736718,2018,1.0,0.021925043557215626,0.01826212997988521,-36.629135773304164,1.3877787807814457e-12
KR65833AW813,736718,2018,1.5,0.024060721559409467,0.01951764729601221,-45.430742633972564,1.3877787807814457e-12
KR65833AW813,736718,2018,2.0,0.02545931167446118,0.02014540595407571,-53.139057203854705,1.3877787807814457e-12
KR65833AW813,736718,2018,3.0,0.026885843385942177,0.021129912178503157,-57.5593120743902,1.3877787807814457e-12
KR65833AW813,736718,2018,4.0,0.02732462958611621,0.021738550982562936,-55.86078603553275,1.3877787807814457e-12
KR65833AW813,736718,2018,5.0,0.027323132006091534,0.02214582524873393,-51.773067573576036,1.3877787807814457e-12
KR65833AW813,736718,2018,7.0,0.026908615114152115,0.022604409071810928,-43.042060423411876,1.3877787807814457e-12
KR65833AW813,736718,2018,10.0,0.026260000000000002,0.023260971471255738,-29.990285287442646,1.3877787807814457e-12
KR6553328826,736733,2018,0.25,0.01650000000000001,0.016570933471057023,0.7093347105701155,1.2490009027033011e-12
KR6553328826,736733,2018,0.5,0.018525894807704894,0.017515443953946407,-10.10450853758487,1.2490009027033011e-12
KR6553328826,736733,2018,1.0,0.021628793843282357,0.017987699195391095,-36.41094647891263,1.2490009027033011e-12
KR6553328826,736733,2018,1.5,0.02377983577888247,0.019310405675803093,-44.69430103079378,1.2490009027033011e-12
KR6553328826,736733,2018,2.0,0.02525908719448679,0.019971758916009094,-52.87328278477697,1.2490009027033011e-12
KR6553328826,736733,2018,3.0,0.026940149765408483,0.02110867906305207,-58.31470702356415,1.2490009027033011e-12
KR6553328826,736733,2018,4.0,0.027664915658225243,0.02184527631243096,-58.19639345794283,1.2490009027033011e-12
KR6553328826,736733,2018,5.0,0.02793019071688184,0.022329538380194535,-56.00652336687304,1.2490009027033011e-12
KR6553328826,736733,2018,7.0,0.027941587831392823,0.022917894767459552,-50.23693063933271,1.2490009027033011e-12
KR6553328826,736733,2018,10.0,0.027700000000000013,0.02376134210523554,-39.38657894764472,1.2490009027033011e-12
KR65033C4821,736751,2018,0.25,0.01650000000000001,0.016572390303444512,0.7239030344450073,1.2490009027033011e-12
KR65033C4821,736751,2018,0.5,0.018525894807704894,0.017782044280856998,-7.438505268478959,1.2490009027033011e-12
KR65033C4821,736751,2018,1.0,0.021628793843282357,0.01838687126956324,-32.419225737191184,1.2490009027033011e-12
KR65033C4821,736751,2018,1.5,0.02377983577888247,0.01977650520253116,-40.033305763513134,1.2490009027033011e-12
KR65033C4821,736751,2018,2.0,0.02525908719448679,0.020471322169015118,-47.87765025471673,1.2490009027033011e-12
KR65033C4821,736751,2018,3.0,0.026940149765408483,0.02170989962209338,-52.302501433151015,1.2490009027033011e-12
KR65033C4821,736751,2018,4.0,0.027664915658225243,0.02252342511395682,-51.41490544268424,1.2490009027033011e-12
KR65033C4821,736751,2018,5.0,0.02793019071688184,0.023137665479367322,-47.92525237514517,1.2490009027033011e-12
KR65033C4821,736751,2018,7.0,0.027941587831392823,0.02382980352629219,-41.117843051006325,1.2490009027033011e-12
KR65033C4821,736751,2018,10.0,0.027700000000000013,0.024807849329223954,-28.921506707760592,1.2490009027033011e-12
KR6533391837,736767,2018,0.25,0.01650000000000001,0.016473711842895353,-0.26288157104658455,1.1796119636642288e-12
KR6533391837,736767,2018,0.5,0.018519753607787483,0.0178490983954671,-6.706552123203827,1.1796119636642288e-12
KR6533391837,736767,2018,1.0,0.021594389406323175,0.018536791671752973,-30.575977345702018,1.1796119636642288e-12
KR6533391837,736767,2018,1.5,0.02370396771972847,0.019943070817337826,-37.60896902390645,1.1796119636642288e-12
KR6533391837,736767,2018,2.0,0.025135303510914357,0.020646210390130253,-44.89093120784104,1.1796119636642288e-12
KR6533391837,736767,2018,3.0,0.02671683469456978,0.021731916776723856,-49.849179178459224,1.1796119636642288e-12
KR6533391837,736767,2018,4.0,0.02734990769105389,0.02244294241902583,-49.06965272028062,1.1796119636642288e-12
KR6533391837,736767,2018,5.0,0.027536754872699177,0.02290141871235385,-46.35336160345327,1.1796119636642288e-12
KR6533391837,736767,2018,7.0,0.02743006791480545,0.023437570089249342,-39.92497825556107,1.1796119636642288e-12
KR6533391837,736767,2018,10.0,0.027080000000000007,0.024228631444521538,-28.513685554784686,1.1796119636642288e-12
KR6543383832,736782,2018,0.25,0.01650000000000001,0.016472710257886262,-0.2728974211374871,1.457167719820518e-12
KR6543383832,736782,2018,0.5,0.018519753607787483,0.01766580833880337,-8.539452689841145,1.457167719820518e-12
KR6543383832,736782,2018,1.0,0.021594389406323175,0.018262357379261924,-33.32032027061251,1.457167719820518e-12
KR6543383832,736782,2018,1.5,0.02370396771972847,0.019467499776106515,-42.364679436219554,1.457167719820518e-12
KR6543383832,736782,2018,2.0,0.025135303510914357,0.020070070974528814,-50.65232536385543,1.457167719820518e-12
KR6543383832,736782,2018,3.0,0.02671683469456978,0.021105627308422623,-56.11207386147156,1.457167719820518e-12
KR6543383832,736782,2018,4.0,0.02734990769105389,0.021739868784608186,-56.10038906445705,1.457167719820518e-12
KR6543383832,736782,2018,5.0,0.027536754872699177,0.022146900851519942,-53.89854021179235,1.457167719820518e-12
KR6543383832,736782,2018,7.0,0.02743006791480545,0.022631608708099542,-47.984592067059076,1.457167719820518e-12
KR6543383832,736782,2018,10.0,0.027080000000000007,0.023260435990223222,-38.19564009776784,1.457167719820518e-12
KR6573397843,736800,2018,0.25,0.016500000000000008,0.0164728013110576,-0.27198688942409177,1.700029006457271e-12
KR6573397843,736800,2018,0.5,0.018753873497717375,0.017682471069157685,-10.714024285596903,1.700029006457271e-12
KR6573397843,736800,2018,1.0,0.022128390953941195,0.01828730594820773,-38.410850057334635,1.700029006457271e-12
KR6573397843,736800,2018,1.5,0.024377777266012642,0.019257706880316115,-51.200703856965276,1.700029006457271e-12
KR6573397843,736800,2018,2.0,0.0258448627823304,0.019742907346370308,-61.01955435960094,1.700029006457271e-12
KR6573397843,736800,2018,3.0,0.027326695210860872,0.020626734911787105,-66.99960299073767,1.700029006457271e-12
KR6573397843,736800,2018,4.0,0.027764932831169632,0.021133395890950125,-66.31536940219507,1.700029006457271e-12
KR6573397843,736800,2018,5.0,0.02774080100380533,0.021541776796020477,-61.99024207784853,1.700029006457271e-12
KR6573397843,736800,2018,7.0,0.027267954395320485,0.021975320780561868,-52.92633614758617,1.700029006457271e-12
KR6573397843,736800,2018,10.0,0.026550000000000004,0.02274092142893915,-38.09078571060855,1.700029006457271e-12
KR6533345858,736816,2018,0.25,0.016500000000000004,0.016473620789701257,-0.2637921029874715,1.3877787807814457e-12
KR6533345858,736816,2018,0.5,0.01840492232408288,0.01783243566094777,-5.724866631351098,1.3877787807814457e-12
KR6533345858,736816,2018,1.0,0.021339874113668698,0.018511843096571022,-28.280310170976758,1.3877787807814457e-12
KR6533345858,736816,2018,1.5,0.023394595709989034,0.01966656242696128,-37.28033283027753,1.3877787807814457e-12
KR6533345858,736816,2018,2.0,0.02482544537327697,0.02024392209215641,-45.81523281120561,1.3877787807814457e-12
KR6533345858,736816,2018,3.0,0.02649294619600279,0.021254242312374643,-52.38703883628147,1.3877787807814457e-12
KR6533345858,736816,2018,4.0,0.027256712528437227,0.021966020296447734,-52.90692231989493,1.3877787807814457e-12
KR6533345858,736816,2018,5.0,0.02757751094414787,0.022424945285905204,-51.52565658242666,1.3877787807814457e-12
KR6533345858,736816,2018,7.0,0.027696756902341732,0.022935173409146824,-47.61583493194908,1.3877787807814457e-12
KR6533345858,736816,2018,10.0,0.027570000000000004,0.023644730672326746,-39.252693276732586,1.3877787807814457e-12
KR6703344855,736829,2018,0.25,0.016500000000000004,0.016475441854036137,-0.24558145963866906,1.2490009027033011e-12
KR6703344855,736829,2018,0.5,0.01840492232408288,0.018165690434230677,-2.392318898522018,1.2490009027033011e-12
KR6703344855,736829,2018,1.0,0.021339874113668698,0.019010814724327946,-23.29059389340752,1.2490009027033011e-12
KR6703344855,736829,2018,1.5,0.023394595709989034,0.020366563175311297,-30.28032534677736,1.2490009027033011e-12
KR6703344855,736829,2018,2.0,0.02482544537327697,0.021044437400802973,-37.810079724739964,1.2490009027033011e-12
KR6703344855,736829,2018,3.0,0.02649294619600279,0.022104899834181877,-43.880463618209134,1.2490009027033011e-12
KR6703344855,736829,2018,4.0,0.027256712528437227,0.02276465777044304,-44.92054757994187,1.2490009027033011e-12
KR6703344855,736829,2018,5.0,0.02757751094414787,0.023171412475402605,-44.06098468745265,1.2490009027033011e-12
KR6703344855,736829,2018,7.0,0.027696756902341732,0.023629374492857375,-40.673824094843575,1.2490009027033011e-12
KR6703344855,736829,2018,10.0,0.027570000000000004,0.024286625712487273,-32.83374287512731,1.2490009027033011e-12
KR6503308860,736853,2018,0.25,0.016500000000000004,0.016473620789701257,-0.2637921029874715,1.3183898417423734e-12
KR6503308860,736853,2018,0.5,0.01851460292398579,0.01783243566094777,-6.821672630380194,1.3183898417423734e-12
KR6503308860,736853,2018,1.0,0.02156553407209936,0.018511843096571022,-30.536909755283364,1.3183898417423734e-12
KR6503308860,736853,2018,1.5,0.023640336444309004,0.019683331513798644,-39.570049305103595,1.3183898417423734e-12
KR6503308860,736853,2018,2.0,0.025031484937595563,0.020269075722412457,-47.624092151831064,1.3183898417423734e-12
KR6503308860,736853,2018,3.0,0.02652953818354379,0.02133023195157793,-51.993062319658605,1.3183898417423734e-12
KR6503308860,736853,2018,4.0,0.027085707460523092,0.022041765452000022,-50.4394200852307,1.3183898417423734e-12
KR6503308860,736853,2018,5.0,0.02720677642273954,0.022578827669065858,-46.27948753673682,1.3183898417423734e-12
KR6503308860,736853,2018,7.0,0.02700105121057089,0.023140880892530642,-38.60170318040247,1.3183898417423734e-12
KR6503308860,736853,2018,10.0,0.02656000000000001,0.023903476657507017,-26.565233424929932,1.3183898417423734e-12
KR65333D1864,736866,2018,0.25,0.016500000000000004,0.016473711842895353,-0.26288157104651516,1.457167719820518e-12
KR65333D1864,736866,2018,0.5,0.01851460292398579,0.0178490983954671,-6.65504528518688,1.457167719820518e-12
KR65333D1864,736866,2018,1.0,0.02156553407209936,0.018536791671752973,-30.287424003463855,1.457167719820518e-12
KR65333D1864,736866,2018,1.5,0.023640336444309004,0.019490293194368676,-41.50043249940328,1.457167719820518e-12
KR65333D1864,736866,2018,2.0,0.025031484937595563,0.019967043955676528,-50.64440981919036,1.457167719820518e-12
KR65333D1864,736866,2018,3.0,0.02652953818354379,0.020723781785976107,-58.05756397567682,1.457167719820518e-12
KR65333D1864,736866,2018,4.0,0.027085707460523092,0.02130825208025005,-57.77455380273043,1.457167719820518e-12
KR65333D1864,736866,2018,5.0,0.02720677642273954,0.021690574116366348,-55.16202306373192,1.457167719820518e-12
KR65333D1864,736866,2018,7.0,0.02700105121057089,0.022098003907705565,-49.03047302865324,1.457167719820518e-12
KR65333D1864,736866,2018,10.0,0.02656000000000001,0.022783071064634678,-37.76928935365333,1.457167719820518e-12
KR6533386878,736881,2018,0.25,0.016500000000000004,0.016471344460577877,-0.2865553942212745,1.97758476261356e-12
KR6533386878,736881,2018,0.5,0.018504004401547668,0.017415867431368713,-10.881369701789545,1.97758476261356e-12
KR6533386878,736881,2018,1.0,0.021506158672831073,0.017888128916764133,-36.1802975606694,1.97758476261356e-12
KR6533386878,736881,2018,1.5,0.02350940285834965,0.01867437019201725,-48.35032666332402,1.97758476261356e-12
KR6533386878,736881,2018,2.0,0.02481785825788182,0.019067490829643804,-57.503674282380175,1.97758476261356e-12
KR6533386878,736881,2018,3.0,0.026144139593547933,0.019850339300035536,-62.93800293512397,1.97758476261356e-12
KR6533386878,736881,2018,4.0,0.02654206467846928,0.020357734441718428,-61.843302367508535,1.97758476261356e-12
KR6533386878,736881,2018,5.0,0.02652778230455331,0.020714433843914252,-58.133484606390574,1.97758476261356e-12
KR6533386878,736881,2018,7.0,0.026118266838395895,0.021175259996744435,-49.4300684165146,1.97758476261356e-12
KR6533386878,736881,2018,10.0,0.025490000000000002,0.021858919617755122,-36.3108038224488,1.97758476261356e-12
KR6523393876,736895,2018,0.25,0.016500000000000004,0.016472346045223067,-0.2765395477693708,1.908195823574488e-12
KR6523393876,736895,2018,0.5,0.018504004401547668,0.017599157421439013,-9.048469801086547,1.908195823574488e-12
KR6523393876,736895,2018,1.0,0.021506158672831073,0.018162563109546982,-33.43595563284091,1.908195823574488e-12
KR6523393876,736895,2018,1.5,0.02350940285834965,0.01906597755025818,-44.4342530809147,1.908195823574488e-12
KR6523393876,736895,2018,2.0,0.02481785825788182,0.01951768477061378,-53.0017348726804,1.908195823574488e-12
KR6523393876,736895,2018,3.0,0.026144139593547933,0.020198400466896003,-59.4573912665193,1.908195823574488e-12
KR6523393876,736895,2018,4.0,0.02654206467846928,0.020654652133386582,-58.874125450826995,1.908195823574488e-12
KR6523393876,736895,2018,5.0,0.02652778230455331,0.02103782775081426,-54.899545537390495,1.908195823574488e-12
KR6523393876,736895,2018,7.0,0.026118266838395895,0.021393674740910463,-47.24592097485433,1.908195823574488e-12
KR6523393876,736895,2018,10.0,0.025490000000000002,0.02205231782777157,-34.37682172228434,1.908195823574488e-12
KR6703309882,736912,2018,0.25,0.01650000000000001,0.01647316552376537,-0.26834476234641885,1.5959455978986625e-12
KR6703309882,736912,2018,0.5,0.018375305892223137,0.017749121994679998,-6.261838975431394,1.5959455978986625e-12
KR6703309882,736912,2018,1.0,0.021173955941881713,0.01838710023013731,-27.86855711744404,1.5959455978986625e-12
KR6703309882,736912,2018,1.5,0.023028715876327054,0.019256865527223502,-37.71850349103552,1.5959455978986625e-12
KR6703309882,736912,2018,2.0,0.024228488576693838,0.0196917481757666,-45.36740400927237,1.5959455978986625e-12
KR6703309882,736912,2018,3.0,0.025415991257603285,0.020397997017584456,-50.17994240018829,1.5959455978986625e-12
KR6703309882,736912,2018,4.0,0.025737561202885104,0.0210085084136895,-47.290527891956025,1.5959455978986625e-12
KR6703309882,736912,2018,5.0,0.025680134856879904,0.02152102873380979,-41.59106123070116,1.5959455978986625e-12
KR6703309882,736912,2018,7.0,0.025229910852992986,0.022058933976561584,-31.70976876431402,1.5959455978986625e-12
KR6703309882,736912,2018,10.0,0.02458000000000002,0.02265967879763635,-19.203212023636702,1.5959455978986625e-12
KR65533BY888,736934,2018,0.25,0.01650000000000001,0.01647179972629369,-0.28200273706320556,2.2551405187698492e-12
KR65533BY888,736934,2018,0.5,0.018375305892223137,0.017499181057362756,-8.76124834860381,2.2551405187698492e-12
KR65533BY888,736934,2018,1.0,0.021173955941881713,0.018012871722897287,-31.61084218984426,2.2551405187698492e-12
KR65533BY888,736934,2018,1.5,0.023028715876327054,0.018463923109176883,-45.64792767150171,2.2551405187698492e-12
KR65533BY888,736934,2018,2.0,0.024228488576693838,0.01868944880231668,-55.39039774377159,2.2551405187698492e-12
KR65533BY888,736934,2018,3.0,0.025415991257603285,0.019041932429673638,-63.74058827929647,2.2551405187698492e-12
KR65533BY888,736934,2018,4.0,0.025737561202885104,0.01939773010509731,-63.39831097787793,2.2551405187698492e-12
KR65533BY888,736934,2018,5.0,0.025680134856879904,0.019756548651213245,-59.23586205666659,2.2551405187698492e-12
KR65533BY888,736934,2018,7.0,0.025229910852992986,0.020167274465418824,-50.626363875741625,2.2551405187698492e-12
KR65533BY888,736934,2018,10.0,0.02458000000000002,0.02085220662427289,-37.2779337572713,2.2551405187698492e-12
KR6703338899,736947,2018,0.25,0.016500000000000008,0.016470707088662967,-0.2929291133704076,2.2898349882893854e-12
KR6703338899,736947,2018,0.5,0.017882402261082148,0.017299228370940493,-5.831738901416542,2.2898349882893854e-12
KR6703338899,736947,2018,1.0,0.019967780188535424,0.017713489012079253,-22.542911764561712,2.2898349882893854e-12
KR6703338899,736947,2018,1.5,0.021376400868769276,0.01809773478956562,-32.78666079203657,2.2898349882893854e-12
KR6703338899,736947,2018,2.0,0.022312238788546677,0.0182898576783088,-40.22381110237876,2.2898349882893854e-12
KR6703338899,736947,2018,3.0,0.023299408085685043,0.018693437801847835,-46.05970283837208,2.2898349882893854e-12
KR6703338899,736947,2018,4.0,0.023642398280304174,0.01904911247328362,-45.93285807020553,2.2898349882893854e-12
KR6703338899,736947,2018,5.0,0.023691953478514657,0.019330034923205244,-43.61918555309413,2.2898349882893854e-12
KR6703338899,736947,2018,7.0,0.023499807904378146,0.01976753264008715,-37.322752642909954,2.2898349882893854e-12
KR6703338899,736947,2018,10.0,0.023150000000000007,0.02045201043701652,-26.979895629834875,2.2898349882893854e-12
KR6543324893,736958,2018,0.25,0.016500000000000008,0.016473620789701257,-0.2637921029875062,1.700029006457271e-12
KR6543324893,736958,2018,0.5,0.017882402261082148,0.01783243566094777,-0.49966600134378203,1.700029006457271e-12
KR6543324893,736958,2018,1.0,0.019967780188535424,0.018511843096571022,-14.559370919644023,1.700029006457271e-12
KR6543324893,736958,2018,1.5,0.021376400868769276,0.019146879665196917,-22.295212035723587,1.700029006457271e-12
KR6543324893,736958,2018,2.0,0.022312238788546677,0.019464397949509864,-28.47840839036813,1.700029006457271e-12
KR6543324893,736958,2018,3.0,0.023299408085685043,0.020120768233292275,-31.78639852392768,1.700029006457271e-12
KR6543324893,736958,2018,4.0,0.023642398280304174,0.020603373323359854,-30.390249569443203,1.700029006457271e-12
KR6543324893,736958,2018,5.0,0.023691953478514657,0.020934805058488607,-27.571484200260496,1.700029006457271e-12
KR6543324893,736958,2018,7.0,0.023499807904378146,0.02139679976900558,-21.030081353725674,1.700029006457271e-12
KR6543324893,736958,2018,10.0,0.023150000000000007,0.022162704194802492,-9.872958051975154,1.700029006457271e-12
KR65533478A7,736979,2018,0.25,0.016800000000000002,0.016473711842895353,-3.262881571046497,1.8388068845354155e-12
KR65533478A7,736979,2018,0.5,0.018780132963159044,0.0178490983954671,-9.310345676919427,1.8388068845354155e-12
KR65533478A7,736979,2018,1.0,0.02167242529690911,0.018536791671752973,-31.356336251561373,1.8388068845354155e-12
KR65533478A7,736979,2018,1.5,0.023514496370347845,0.019238851020283665,-42.756453500641804,1.8388068845354155e-12
KR65533478A7,736979,2018,2.0,0.024636699100769658,0.019589880694549013,-50.468184062206454,1.8388068845354155e-12
KR65533478A7,736979,2018,3.0,0.025576092302062037,0.02006810260592459,-55.07989696137447,1.8388068845354155e-12
KR65533478A7,736979,2018,4.0,0.025617598225432275,0.020525658059432714,-50.91940165999561,1.8388068845354155e-12
KR65533478A7,736979,2018,5.0,0.025298459103778793,0.020883611554636323,-44.148475491424705,1.8388068845354155e-12
KR65533478A7,736979,2018,7.0,0.02442993942069339,0.021240694805663984,-31.892446150294067,1.8388068845354155e-12
KR65533478A7,736979,2018,10.0,0.023380000000000005,0.02192704362683607,-14.529563731639355,1.8388068845354155e-12
KR65533BK8A5,736992,2018,0.25,0.016800000000000002,0.01647434921531972,-3.256507846802828,1.8041124150158794e-12
KR65533BK8A5,736992,2018,0.5,0.018780132963159044,0.0179657375491263,-8.143954140327446,1.8041124150158794e-12
KR65533BK8A5,736992,2018,1.0,0.02167242529690911,0.018711431716029587,-29.609935808795235,1.8041124150158794e-12
KR65533BK8A5,736992,2018,1.5,0.023514496370347845,0.01922902384209813,-42.85472528249717,1.8041124150158794e-12
KR65533BK8A5,736992,2018,2.0,0.024636699100769658,0.0194878199051324,-51.48879195637259,1.8041124150158794e-12
KR65533BK8A5,736992,2018,3.0,0.025576092302062037,0.019890611348256256,-56.85480953805781,1.8041124150158794e-12
KR65533BK8A5,736992,2018,4.0,0.025617598225432275,0.020194779473815816,-54.228187516164596,1.8041124150158794e-12
KR65533BK8A5,736992,2018,5.0,0.025298459103778793,0.0205279542967833,-47.705048069954934,1.8041124150158794e-12
KR65533BK8A5,736992,2018,7.0,0.02442993942069339,0.02091305531087426,-35.16884109819131,1.8041124150158794e-12
KR65533BK8A5,736992,2018,10.0,0.023380000000000005,0.021626810746434612,-17.53189253565393,1.8041124150158794e-12
KR65833578B9,737006,2018,0.25,0.017100000000000008,0.01677037722339745,-3.296227766025582,2.185751579730777e-12
KR65833578B9,737006,2018,0.5,0.01954312300760556,0.0177645758820202,-17.7854712558536,2.185751579730777e-12
KR65833578B9,737006,2018,1.0,0.023011018147647787,0.018261675211331575,-47.49342936316212,2.185751579730777e-12
KR65833578B9,737006,2018,1.5,0.025097260509123247,0.018662515699861767,-64.3474480926148,2.185751579730777e-12
KR65833578B9,737006,2018,2.0,0.02625000255925757,0.018862935944126864,-73.87066615130705,2.185751579730777e-12
KR65833578B9,737006,2018,3.0,0.026904914967636934,0.01929183879410574,-76.13076173531192,2.185751579730777e-12
KR65833578B9,737006,2018,4.0,0.02647836750146889,0.019596182276581792,-68.82185224887098,2.185751579730777e-12
KR65833578B9,737006,2018,5.0,0.025670227176609148,0.019903362185104745,-57.66864991504403,2.185751579730777e-12
KR65833578B9,737006,2018,7.0,0.02396844535625361,0.020236172819735502,-37.32272536518109,2.185751579730777e-12
KR65833578B9,737006,2018,10.0,0.022090000000000005,0.020895940383414587,-11.940596165854188,2.185751579730777e-12
KR65793BS8B0,737026,2018,0.25,0.017100000000000008,0.01677001302440752,-3.2998697559248615,2.2898349882893854e-12
KR65793BS8B0,737026,2018,0.5,0.01954312300760556,0.017697927466863047,-18.451955407425142,2.2898349882893854e-12
KR65793BS8B0,737026,2018,1.0,0.023011018147647787,0.01816188468809081,-48.491334595569775,2.2898349882893854e-12
KR65793BS8B0,737026,2018,1.5,0.025097260509123247,0.018361788933277803,-67.35471575845445,2.2898349882893854e-12
KR65793BS8B0,737026,2018,2.0,0.02625000255925757,0.018461741055871297,-77.88261503386272,2.2898349882893854e-12
KR65793BS8B0,737026,2018,3.0,0.026904914967636934,0.018663157755599808,-82.41757212037126,2.2898349882893854e-12
KR65793BS8B0,737026,2018,4.0,0.02647836750146889,0.018943213447128068,-75.35154054340822,2.2898349882893854e-12
KR65793BS8B0,737026,2018,5.0,0.025670227176609148,0.01914760935909892,-65.22617817510228,2.2898349882893854e-12
KR65793BS8B0,737026,2018,7.0,0.02396844535625361,0.01948240056273818,-44.86044793515432,2.2898349882893854e-12
KR65793BS8B0,737026,2018,10.0,0.022090000000000005,0.020088901268955617,-20.01098731044388,2.2898349882893854e-12
KR65333AE8C2,737040,2018,0.25,0.01910000000000001,0.017068932482331146,-20.310675176688637,1.8041124150158794e-12
KR65333AE8C2,737040,2018,0.5,0.020783709609550935,0.018029950906350053,-27.537587032008815,1.8041124150158794e-12
KR65333AE8C2,737040,2018,1.0,0.023089385187237497,0.018510460118359506,-45.78925068877991,1.8041124150158794e-12
KR65333AE8C2,737040,2018,1.5,0.024370993127162663,0.018291672822502176,-60.79320304660487,1.8041124150158794e-12
KR65333AE8C2,737040,2018,2.0,0.024971334394401086,0.018182279174573514,-67.89055219827571,1.8041124150158794e-12
KR65333AE8C2,737040,2018,3.0,0.025000664373552542,0.01790399753227061,-70.96666841281932,1.8041124150158794e-12
KR65333AE8C2,737040,2018,4.0,0.024306766450626575,0.017854333705050643,-64.52432745575932,1.8041124150158794e-12
KR65333AE8C2,737040,2018,5.0,0.023402942876045354,0.017932876914885258,-54.700659611600955,1.8041124150158794e-12
KR65333AE8C2,737040,2018,7.0,0.021702600883187144,0.018037605838859532,-36.64995044327612,1.8041124150158794e-12
KR65333AE8C2,737040,2018,10.0,0.019920000000000007,0.018568493281814133,-13.515067181858742,1.8041124150158794e-12
KR65333BJ8C6,737056,2018,0.25,0.01910000000000001,0.017069569806875514,-20.304301931244954,1.8041124150158794e-12
KR65333BJ8C6,737056,2018,0.5,0.020783709609550935,0.01814658129796985,-26.371283115810865,1.8041124150158794e-12
KR65333BJ8C6,737056,2018,1.0,0.023089385187237497,0.018685087043517016,-44.04298143720481,1.8041124150158794e-12
KR65333BJ8C6,737056,2018,1.5,0.024370993127162663,0.018248509511969695,-61.22483615192967,1.8041124150158794e-12
KR65333BJ8C6,737056,2018,2.0,0.024971334394401086,0.018030220746196035,-69.41113648205051,1.8041124150158794e-12
KR65333BJ8C6,737056,2018,3.0,0.025000664373552542,0.01772758561668804,-72.730787568645,1.8041124150158794e-12
KR65333BJ8C6,737056,2018,4.0,0.024306766450626575,0.017652933704843873,-66.53832745782701,1.8041124150158794e-12
KR65333BJ8C6,737056,2018,5.0,0.023402942876045354,0.017602976802120127,-57.99966073925227,1.8041124150158794e-12
KR65333BJ8C6,737056,2018,7.0,0.021702600883187144,0.017683382844656693,-40.19218038530451,1.8041124150158794e-12
KR65333BJ8C6,737056,2018,10.0,0.019920000000000007,0.018135452233853964,-17.845477661460432,1.8041124150158794e-12
KR65333C7912,737076,2019,0.25,0.018700000000000015,0.01905148126122608,3.5148126122606578,1.908195823574488e-12
KR65333C7912,737076,2019,0.5,0.020148202997059057,0.01847157835504324,-16.766246420158172,1.908195823574488e-12
KR65333C7912,737076,2019,1.0,0.02214761489579,0.018181626901951818,-39.65987993838183,1.908195823574488e-12
KR65333C7912,737076,2019,1.5,0.023280052083650186,0.017864239432525703,-54.15812651124483,1.908195823574488e-12
KR65333C7912,737076,2019,2.0,0.02383382396863,0.017705545697812648,-61.28278270817352,1.908195823574488e-12
KR65333C7912,737076,2019,3.0,0.023940377873523704,0.01745401294741192,-64.86364926111783,1.908195823574488e-12
KR65333C7912,737076,2019,4.0,0.023420610479214093,0.017379332364470677,-60.41278114743417,1.908195823574488e-12
KR65333C7912,737076,2019,5.0,0.022710056393026992,0.01735512787269104,-53.54928520335953,1.908195823574488e-12
KR65333C7912,737076,2019,7.0,0.02134920990537819,0.017435189158789104,-39.14020746589087,1.908195823574488e-12
KR65333C7912,737076,2019,10.0,0.01991000000000001,0.01788667797157189,-20.23322028428122,1.908195823574488e-12
KR6553309925,737091,2019,0.25,0.018700000000000012,0.01865517766548238,-0.4482233451763226,1.908195823574488e-12
KR6553309925,737091,2019,0.5,0.02002822102955277,0.018406591635411137,-16.21629394141632,1.908195823574488e-12
KR6553309925,737091,2019,1.0,0.021864244268911714,0.018282298620375514,-35.819456485362,1.908195823574488e-12
KR6553309925,737091,2019,1.5,0.022907048798491293,0.017964517522548323,-49.4253127594297,1.908195823574488e-12
KR6553309925,737091,2019,2.0,0.02342014725767382,0.01780562697363473,-56.14520284039089,1.908195823574488e-12
KR6553309925,737091,2019,3.0,0.023529192863930726,0.01752857244929467,-60.00620414636056,1.908195823574488e-12
KR6553309925,737091,2019,4.0,0.023063215086066645,0.01750500590167118,-55.58209184395466,1.908195823574488e-12
KR6553309925,737091,2019,5.0,0.022420834014516052,0.01750632710766525,-49.14506906850802,1.908195823574488e-12
KR6553309925,737091,2019,7.0,0.021186882188679913,0.017611917894006172,-35.7496429467374,1.908195823574488e-12
KR6553309925,737091,2019,10.0,0.019880000000000012,0.01811615827791162,-17.638417220883913,1.908195823574488e-12
KR65793C0928,737112,2019,0.25,0.018700000000000012,0.018656452059272258,-0.4354794072775406,1.8388068845354155e-12
KR65793C0928,737112,2019,0.5,0.02002822102955277,0.018639805698958255,-13.88415330594514,1.8388068845354155e-12
KR65793C0928,737112,2019,1.0,0.021864244268911714,0.018631482518801257,-32.32761750110457,1.8388068845354155e-12
KR65793C0928,737112,2019,1.5,0.022907048798491293,0.018263185182206956,-46.43863616284337,1.8388068845354155e-12
KR65793C0928,737112,2019,2.0,0.02342014725767382,0.018079036513909807,-53.41110743764012,1.8388068845354155e-12
KR65793C0928,737112,2019,3.0,0.023529192863930726,0.01775139528023435,-57.77797583696377,1.8388068845354155e-12
KR65793C0928,737112,2019,4.0,0.023063215086066645,0.017651464714359546,-54.11750371707099,1.8388068845354155e-12
KR65793C0928,737112,2019,5.0,0.022420834014516052,0.017601805195181536,-48.19028819334516,1.8388068845354155e-12
KR65793C0928,737112,2019,7.0,0.021186882188679913,0.01763049872142276,-35.56383467257153,1.8388068845354155e-12
KR65793C0928,737112,2019,10.0,0.019880000000000012,0.01810994688614982,-17.700531138501937,1.8388068845354155e-12
KR65333AX937,737126,2019,0.25,0.019000000000000006,0.01865690720000603,-3.43092799993977,1.908195823574488e-12
KR65333AX937,737126,2019,0.5,0.020680837112815372,0.018723096453238504,-19.577406595768682,1.908195823574488e-12
KR65333AX937,737126,2019,1.0,0.022973292789304982,0.01875619107985474,-42.171017094502425,1.908195823574488e-12
KR65333AX937,737126,2019,1.5,0.024235506454332572,0.0184547398904157,-57.80766563916871,1.908195823574488e-12
KR65333AX937,737126,2019,2.0,0.0248134355746656,0.01830401429569618,-65.09421278969423,1.908195823574488e-12
KR65333AX937,737126,2019,3.0,0.024796210550095742,0.017950641471800165,-68.45569078295577,1.908195823574488e-12
KR65333AX937,737126,2019,4.0,0.024059424014369016,0.017825095024110074,-62.34328990258942,1.908195823574488e-12
KR65333AX937,737126,2019,5.0,0.02311891643279863,0.017775539675046165,-53.433767577524655,1.908195823574488e-12
KR65333AX937,737126,2019,7.0,0.021363341567364028,0.017726313430867276,-36.37028136496752,1.908195823574488e-12
KR65333AX937,737126,2019,10.0,0.019530000000000013,0.018074071852986838,-14.559281470131747,1.908195823574488e-12
KR65733BQ930,737139,2019,0.25,0.019000000000000006,0.01865681617185518,-3.431838281448274,1.8388068845354155e-12
KR65733BQ930,737139,2019,0.5,0.020680837112815372,0.018706438301633405,-19.743988111819675,1.8388068845354155e-12
KR65733BQ930,737139,2019,1.0,0.022973292789304982,0.018731249366522516,-42.420434227824664,1.8388068845354155e-12
KR65733BQ930,737139,2019,1.5,0.024235506454332572,0.018463300666146595,-57.722057881859776,1.8388068845354155e-12
KR65733BQ930,737139,2019,2.0,0.0248134355746656,0.018329326315958634,-64.84109258706967,1.8388068845354155e-12
KR65733BQ930,737139,2019,3.0,0.024796210550095742,0.01800112919701492,-67.95081353080823,1.8388068845354155e-12
KR65733BQ930,737139,2019,4.0,0.024059424014369016,0.01782428387326785,-62.35140141101166,1.8388068845354155e-12
KR65733BQ930,737139,2019,5.0,0.02311891643279863,0.017749111383074195,-53.698050497244346,1.8388068845354155e-12
KR65733BQ930,737139,2019,7.0,0.021363341567364028,0.01767431754286012,-36.89024024503908,1.8388068845354155e-12
KR65733BQ930,737139,2019,10.0,0.019530000000000013,0.01796953848253376,-15.60461517466253,1.8388068845354155e-12
KR6613360942,737153,2019,0.25,0.018600000000000005,0.018951680852472886,3.5168085247288055,1.4224732503009818e-12
KR6613360942,737153,2019,0.5,0.019919405436122934,0.018322072128870274,-15.973333072526602,1.4224732503009818e-12
KR6613360942,737153,2019,1.0,0.02171485725456708,0.018007267767068968,-37.075894874981124,1.4224732503009818e-12
KR6613360942,737153,2019,1.5,0.022698141423254103,0.01735529940234887,-53.42842020905233,1.4224732503009818e-12
KR6613360942,737153,2019,2.0,0.023142457776416617,0.017029315219988825,-61.13142556427791,1.4224732503009818e-12
KR6613360942,737153,2019,3.0,0.02310862768159775,0.01675403894183635,-63.545887397613996,1.4224732503009818e-12
KR6613360942,737153,2019,4.0,0.02251102622996583,0.016603639225967658,-59.073870039981735,1.4224732503009818e-12
KR6613360942,737153,2019,5.0,0.021756063205931264,0.016580271785922078,-51.75791420009186,1.4224732503009818e-12
KR6613360942,737153,2019,7.0,0.020352603598739978,0.016583207448088038,-37.6939615065194,1.4224732503009818e-12
KR6613360942,737153,2019,10.0,0.018890000000000007,0.016796791992657868,-20.9320800734214,1.4224732503009818e-12
KR6573388941,737167,2019,0.25,0.018600000000000005,0.018952864173457155,3.528641734571493,1.700029006457271e-12
KR6573388941,737167,2019,0.5,0.019919405436122934,0.018538619868991815,-13.807855671311188,1.700029006457271e-12
KR6573388941,737167,2019,1.0,0.02171485725456708,0.018331497716759147,-33.83359537807932,1.700029006457271e-12
KR6573388941,737167,2019,1.5,0.022698141423254103,0.0178967558006289,-48.01385622625203,1.700029006457271e-12
KR6573388941,737167,2019,2.0,0.023142457776416617,0.017679384842563775,-54.63072933852842,1.700029006457271e-12
KR6573388941,737167,2019,3.0,0.02310862768159775,0.017377657823892584,-57.30969857705166,1.700029006457271e-12
KR6573388941,737167,2019,4.0,0.02251102622996583,0.017226805225442662,-52.84221004523169,1.700029006457271e-12
KR6573388941,737167,2019,5.0,0.021756063205931264,0.017177490827659455,-45.785723782718094,1.700029006457271e-12
KR6573388941,737167,2019,7.0,0.020352603598739978,0.01718049874873927,-31.721048500007072,1.700029006457271e-12
KR6573388941,737167,2019,10.0,0.018890000000000007,0.017474074280459752,-14.159257195402557,1.700029006457271e-12
KR6513355943,737178,2019,0.25,0.018600000000000005,0.01895058855644061,3.505885564406043,1.2490009027033011e-12
KR6513355943,737178,2019,0.5,0.019919405436122934,0.018122181954963998,-17.972234811589363,1.2490009027033011e-12
KR6513355943,737178,2019,1.0,0.02171485725456708,0.017707978654225687,-40.06878600341393,1.2490009027033011e-12
KR6513355943,737178,2019,1.5,0.022698141423254103,0.017223572068588554,-54.74569354665549,1.2490009027033011e-12
KR6513355943,737178,2019,2.0,0.023142457776416617,0.01698136877576999,-61.61089000646626,1.2490009027033011e-12
KR6513355943,737178,2019,3.0,0.02310862768159775,0.016680166569064705,-64.28461112533046,1.2490009027033011e-12
KR6513355943,737178,2019,4.0,0.02251102622996583,0.016580593548841286,-59.30432681124545,1.2490009027033011e-12
KR6513355943,737178,2019,5.0,0.021756063205931264,0.016531127792961918,-52.249354129693465,1.2490009027033011e-12
KR6513355943,737178,2019,7.0,0.020352603598739978,0.016507929709914302,-38.44673888825676,1.2490009027033011e-12
KR6513355943,737178,2019,10.0,0.018890000000000007,0.016827408162702895,-20.625918372971125,1.2490009027033011e-12
KR6503331953,737189,2019,0.25,0.018400000000000014,0.018554275035289815,1.542750352898012,1.3530843112619095e-12
KR6503331953,737189,2019,0.5,0.019475974694705366,0.018057176959409886,-14.187977352954801,1.3530843112619095e-12
KR6503331953,737189,2019,1.0,0.02092869414123677,0.017808627921469925,-31.200662197668446,1.3530843112619095e-12
KR6503331953,737189,2019,1.5,0.021709306109865496,0.01727363601255431,-44.35670097311186,1.3530843112619095e-12
KR6503331953,737189,2019,2.0,0.022045226468616584,0.017006140058096503,-50.39086410520081,1.3530843112619095e-12
KR6503331953,737189,2019,3.0,0.021960192703067358,0.016704974359516237,-52.5521834355112,1.3530843112619095e-12
KR6503331953,737189,2019,4.0,0.021418408365429027,0.016554397736299804,-48.64010629129223,1.3530843112619095e-12
KR6503331953,737189,2019,5.0,0.02075551756912883,0.01647947592019508,-42.76041648933748,1.3530843112619095e-12
KR6503331953,737189,2019,7.0,0.019539186922108612,0.016456813895014192,-30.8237302709442,1.3530843112619095e-12
KR6503331953,737189,2019,10.0,0.018280000000000015,0.01675017039688688,-15.298296031131358,1.3530843112619095e-12
KR65433CH959,737203,2019,0.25,0.018400000000000014,0.01855190827616776,1.519082761677476,1.0755285551056204e-12
KR65433CH959,737203,2019,0.5,0.019475974694705366,0.017624060040074326,-18.5191465463104,1.0755285551056204e-12
KR65433CH959,737203,2019,1.0,0.02092869414123677,0.017160135922027607,-37.68558219209163,1.0755285551056204e-12
KR65433CH959,737203,2019,1.5,0.021709306109865496,0.016491888413206684,-52.17417696658813,1.0755285551056204e-12
KR65433CH959,737203,2019,2.0,0.022045226468616584,0.016157764658796224,-58.8746180982036,1.0755285551056204e-12
KR65433CH959,737203,2019,3.0,0.021960192703067358,0.01580688999724138,-61.53302705825977,1.0755285551056204e-12
KR65433CH959,737203,2019,4.0,0.021418408365429027,0.015682417321334075,-57.35991044094953,1.0755285551056204e-12
KR65433CH959,737203,2019,5.0,0.02075551756912883,0.01563340019758056,-51.22117371548267,1.0755285551056204e-12
KR65433CH959,737203,2019,7.0,0.019539186922108612,0.015558866451422468,-39.803204706861436,1.0755285551056204e-12
KR65433CH959,737203,2019,10.0,0.018280000000000015,0.015851779904906035,-24.282200950939796,1.0755285551056204e-12
KR6793301963,737215,2019,0.25,0.018000000000000006,0.018351005760648145,3.510057606481397,1.457167719820518e-12
KR6793301963,737215,2019,0.5,0.018460711857380387,0.017091781743293392,-13.689301140869942,1.457167719820518e-12
KR6793301963,737215,2019,1.0,0.01902582991444737,0.016462169734616013,-25.63660179831357,1.457167719820518e-12
KR6793301963,737215,2019,1.5,0.01925461953618602,0.015794362593775844,-34.60256942410176,1.457167719820518e-12
KR6793301963,737215,2019,2.0,0.019267383704904592,0.01546045902335576,-38.06924681548833,1.457167719820518e-12
KR6793301963,737215,2019,3.0,0.018945979978005706,0.015008741889434137,-39.37238088571569,1.457167719820518e-12
KR6793301963,737215,2019,4.0,0.018443911481763373,0.014808370164808756,-36.35541316954616,1.457167719820518e-12
KR6793301963,737215,2019,5.0,0.017925816066117435,0.014631761400579807,-32.94054665537628,1.457167719820518e-12
KR6793301963,737215,2019,7.0,0.017048748547148787,0.014533162987013128,-25.155855601356592,1.457167719820518e-12
KR6793301963,737215,2019,10.0,0.016180000000000007,0.014800110036066304,-13.798899639337025,1.457167719820518e-12
KR6663316968,737227,2019,0.25,0.018000000000000006,0.018347910693240266,3.479106932402602,1.4398204850607499e-12
KR6663316968,737227,2019,0.5,0.018460711857380387,0.01652538440765147,-19.353274497289178,1.4398204850607499e-12
KR6663316968,737227,2019,1.0,0.01902582991444737,0.015614121264857068,-34.11708649590301,1.4398204850607499e-12
KR6663316968,737227,2019,1.5,0.01925461953618602,0.014813253086870612,-44.41366449315408,1.4398204850607499e-12
KR6663316968,737227,2019,2.0,0.019267383704904592,0.014412818997877382,-48.545647070272096,1.4398204850607499e-12
KR6663316968,737227,2019,3.0,0.018945979978005706,0.013936789321366293,-50.09190656639413,1.4398204850607499e-12
KR6663316968,737227,2019,4.0,0.018443911481763373,0.013813158430393256,-46.30753051370116,1.4398204850607499e-12
KR6663316968,737227,2019,5.0,0.017925816066117435,0.013713372618278194,-42.12443447839241,1.4398204850607499e-12
KR6663316968,737227,2019,7.0,0.017048748547148787,0.013665557366876005,-33.83191180272782,1.4398204850607499e-12
KR6663316968,737227,2019,10.0,0.016180000000000007,0.014009071525498618,-21.709284745013885,1.4398204850607499e-12
KR6653370967,737238,2019,0.25,0.018000000000000006,0.018349276164001296,3.492761640012908,1.4224732503009818e-12
KR6653370967,737238,2019,0.5,0.018460711857380387,0.01677526555692025,-16.85446300460136,1.4224732503009818e-12
KR6653370967,737238,2019,1.0,0.01902582991444737,0.015988260253379724,-30.375696610676453,1.4224732503009818e-12
KR6653370967,737238,2019,1.5,0.01925461953618602,0.01528739417384774,-39.67225362338281,1.4224732503009818e-12
KR6653370967,737238,2019,2.0,0.019267383704904592,0.014936961134081748,-43.304225708228444,1.4224732503009818e-12
KR6653370967,737238,2019,3.0,0.018945979978005706,0.01451085724418652,-44.351227338191855,1.4224732503009818e-12
KR6653370967,737238,2019,4.0,0.018443911481763373,0.014310547645637705,-41.33363836125668,1.4224732503009818e-12
KR6653370967,737238,2019,5.0,0.017925816066117435,0.014236455184060377,-36.893608820570584,1.4224732503009818e-12
KR6653370967,737238,2019,7.0,0.017048748547148787,0.014162802468960034,-28.859460781887528,1.4224732503009818e-12
KR6653370967,737238,2019,10.0,0.016180000000000007,0.01448093954342029,-16.990604565797174,1.4224732503009818e-12
KR6703399974,737252,2019,0.25,0.01680000000000001,0.017950627387220645,11.506273872206354,1.2836953722228372e-12
KR6703399974,737252,2019,0.5,0.017381189082944535,0.016293699096865424,-10.874899860791112,1.2836953722228372e-12
KR6703399974,737252,2019,1.0,0.018111975092693338,0.015465234951687811,-26.467401410055267,1.2836953722228372e-12
KR6703399974,737252,2019,1.5,0.018433741213212177,0.01463078008349515,-38.02961129717028,1.2836953722228372e-12
KR6703399974,737252,2019,2.0,0.018491042970987588,0.014213552649398817,-42.77490321588771,1.2836953722228372e-12
KR6703399974,737252,2019,3.0,0.018175174267505034,0.013813302513756037,-43.61871753748997,1.2836953722228372e-12
KR6703399974,737252,2019,4.0,0.017626710743231102,0.013664003990802887,-39.627067524282154,1.2836953722228372e-12
KR6703399974,737252,2019,5.0,0.01704676714173989,0.013564178001554014,-34.82589140185878,1.2836953722228372e-12
KR6703399974,737252,2019,7.0,0.01605232787002347,0.013516295932696739,-25.36031937326733,1.2836953722228372e-12
KR6703399974,737252,2019,10.0,0.01506000000000001,0.013859572731439049,-12.004272685609603,1.2836953722228372e-12
KR6523397976,737265,2019,0.25,0.01680000000000001,0.01794452798227297,11.445279822729603,1.1969591984239969e-12
KR6523397976,737265,2019,0.5,0.017381189082944535,0.01517750799144087,-22.036810915036646,1.1969591984239969e-12
KR6523397976,737265,2019,1.0,0.018111975092693338,0.013793997996024817,-43.17977096668521,1.1969591984239969e-12
KR6523397976,737265,2019,1.5,0.018433741213212177,0.013194662220810574,-52.39078992401603,1.1969591984239969e-12
KR6523397976,737265,2019,2.0,0.018491042970987588,0.01289499433320345,-55.96048637784137,1.1969591984239969e-12
KR6523397976,737265,2019,3.0,0.018175174267505034,0.012671004888855782,-55.04169378649252,1.1969591984239969e-12
KR6523397976,737265,2019,4.0,0.017626710743231102,0.012622451008433039,-50.04259734798063,1.1969591984239969e-12
KR6523397976,737265,2019,5.0,0.01704676714173989,0.012572873354552216,-44.73893787187676,1.1969591984239969e-12
KR6523397976,737265,2019,7.0,0.01605232787002347,0.012626400458343854,-34.25927411679618,1.1969591984239969e-12
KR6523397976,737265,2019,10.0,0.01506000000000001,0.01312342980717448,-19.365701928255284,1.1969591984239969e-12
KR6533389989,737278,2019,0.25,0.014900000000000007,0.016749800016995473,18.49800016995466,1.0408340855860843e-12
KR6533389989,737278,2019,0.5,0.014637254194326066,0.013998947110458692,-6.383070838673743,1.0408340855860843e-12
KR6533389989,737278,2019,1.0,0.014205629383330327,0.012623520657190298,-15.821087261400288,1.0408340855860843e-12
KR6533389989,737278,2019,1.5,0.013872547403788333,0.011723526392730764,-21.49021011057569,1.0408340855860843e-12
KR6533389989,737278,2019,2.0,0.013613449042254415,0.011273529260500998,-23.399197817534166,1.0408340855860843e-12
KR6533389989,737278,2019,3.0,0.013249203105122072,0.010773314171535908,-24.75888933586164,1.0408340855860843e-12
KR6533389989,737278,2019,4.0,0.013016631270972655,0.010497941718566092,-25.186895524065626,1.0408340855860843e-12
KR6533389989,737278,2019,5.0,0.012862035175848876,0.010373416310634495,-24.886188652143808,1.0408340855860843e-12
KR6533389989,737278,2019,7.0,0.012677770682489004,0.010351584627473145,-23.26186055015859,1.0408340855860843e-12
KR6533389989,737278,2019,10.0,0.01254000000000001,0.010561512826528417,-19.78487173471592,1.0408340855860843e-12
KR6613349986,737297,2019,0.25,0.014900000000000007,0.016749800016995473,18.49800016995466,9.54097911787244e-13
KR6613349986,737297,2019,0.5,0.014637254194326066,0.013998947110458692,-6.383070838673743,9.54097911787244e-13
KR6613349986,737297,2019,1.0,0.014205629383330327,0.012623520657190298,-15.821087261400288,9.54097911787244e-13
KR6613349986,737297,2019,1.5,0.013872547403788333,0.011790321990690503,-20.822254130978305,9.54097911787244e-13
KR6613349986,737297,2019,2.0,0.013613449042254415,0.011373722657440608,-22.397263848138067,9.54097911787244e-13
KR6613349986,737297,2019,3.0,0.013249203105122072,0.01087329372254648,-23.75909382575592,9.54097911787244e-13
KR6613349986,737297,2019,4.0,0.013016631270972655,0.010699045503988735,-23.175857669839196,9.54097911787244e-13
KR6613349986,737297,2019,5.0,0.012862035175848876,0.010574130104797139,-22.879050710517372,9.54097911787244e-13
KR6613349986,737297,2019,7.0,0.012677770682489004,0.010500769587697334,-21.770010947916706,9.54097911787244e-13
KR6613349986,737297,2019,10.0,0.01254000000000001,0.010736823668035848,-18.031763319641612,9.54097911787244e-13
KR6543306999,737308,2019,0.25,0.015400000000000011,0.014867292868972353,-5.327071310276578,1.0234868508263162e-12
KR6543306999,737308,2019,0.5,0.01562748343195463,0.013939045555857687,-16.884378760969426,1.0234868508263162e-12
KR6543306999,737308,2019,1.0,0.01589682255929115,0.013474921899300352,-24.219006599907974,1.0234868508263162e-12
KR6543306999,737308,2019,1.5,0.01599182309526289,0.012656715750730253,-33.35107344532637,1.0234868508263162e-12
KR6543306999,737308,2019,2.0,0.01597579303271678,0.012247612676445202,-37.28180356271577,1.0234868508263162e-12
KR6543306999,737308,2019,3.0,0.01576853616554601,0.011872300619382402,-38.962355461636086,1.0234868508263162e-12
KR6543306999,737308,2019,4.0,0.015474613304624097,0.011697333323845769,-37.77279980778328,1.0234868508263162e-12
KR6543306999,737308,2019,5.0,0.015178881589811972,0.011546467873145979,-36.32413716665993,1.0234868508263162e-12
KR6543306999,737308,2019,7.0,0.014685114957751265,0.011447286916392147,-32.37828041359118,1.0234868508263162e-12
KR6543306999,737308,2019,10.0,0.014200000000000011,0.011710328186556273,-24.896718134437382,1.0234868508263162e-12
KR65093AK991,737325,2019,0.25,0.015400000000000011,0.014868203580080334,-5.317964199196765,8.153200337090993e-13
KR65093AK991,737325,2019,0.5,0.01562748343195463,0.01410570568861848,-15.217777433361498,8.153200337090993e-13
KR65093AK991,737325,2019,1.0,0.01589682255929115,0.013724456742887551,-21.72365816403598,8.153200337090993e-13
KR65093AK991,737325,2019,1.5,0.01599182309526289,0.012972891246954985,-30.189318483079056,8.153200337090993e-13
KR65093AK991,737325,2019,2.0,0.01597579303271678,0.012597108498988702,-33.78684533728077,8.153200337090993e-13
KR65093AK991,737325,2019,3.0,0.01576853616554601,0.01232233912548559,-34.4619704006042,8.153200337090993e-13
KR65093AK991,737325,2019,4.0,0.015474613304624097,0.012172267415606695,-33.02345889017401,8.153200337090993e-13
KR65093AK991,737325,2019,5.0,0.015178881589811972,0.012046498186052189,-31.323834037597834,8.153200337090993e-13
KR65093AK991,737325,2019,7.0,0.014685114957751265,0.011972424568252215,-27.126903894990495,8.153200337090993e-13
KR65093AK991,737325,2019,10.0,0.014200000000000011,0.012235453366291244,-19.645466337087672,8.153200337090993e-13
KR65033309A9,737336,2019,0.25,0.01460000000000001,0.015363772535374801,7.637725353747907,9.020562075079397e-13
KR65033309A9,737336,2019,0.5,0.01592812197794119,0.014137249229337068,-17.908727486041222,9.020562075079397e-13
KR65033309A9,737336,2019,1.0,0.017763689358638167,0.013523987576318201,-42.39701782319966,9.020562075079397e-13
KR65033309A9,737336,2019,1.5,0.01880582512011783,0.012856416758702678,-59.49408361415153,9.020562075079397e-13
KR65033309A9,737336,2019,2.0,0.019318150746648444,0.012522631349894916,-67.95519396753528,9.020562075079397e-13
KR65033309A9,737336,2019,3.0,0.019425591007949446,0.012247778217867206,-71.7781279008224,9.020562075079397e-13
KR65033309A9,737336,2019,4.0,0.018958134312402578,0.01217376790031308,-67.84366412089499,9.020562075079397e-13
KR65033309A9,737336,2019,5.0,0.01831448827509374,0.012098724342327389,-62.15763932766351,9.020562075079397e-13
KR65033309A9,737336,2019,7.0,0.01707863186744463,0.012049628285022733,-50.290035824218975,9.020562075079397e-13
KR65033309A9,737336,2019,10.0,0.01577000000000001,0.012338084018114866,-34.31915981885143,9.020562075079397e-13
KR65733959A4,737348,2019,0.25,0.01460000000000001,0.015363590404531063,7.635904045310525,7.979727989493313e-13
KR65733959A4,737348,2019,0.5,0.01592812197794119,0.014103919284933004,-18.24202693008186,7.979727989493313e-13
KR65733959A4,737348,2019,1.0,0.017763689358638167,0.013474083725133973,-42.89605633504193,7.979727989493313e-13
KR65733959A4,737348,2019,1.5,0.01880582512011783,0.01278983908896667,-60.15986031151161,7.979727989493313e-13
KR65733959A4,737348,2019,2.0,0.019318150746648444,0.012447716770883018,-68.70433975765425,7.979727989493313e-13
KR65733959A4,737348,2019,3.0,0.019425591007949446,0.0121729317765982,-72.52659231351245,7.979727989493313e-13
KR65733959A4,737348,2019,4.0,0.018958134312402578,0.012124315932063706,-68.33818380338872,7.979727989493313e-13
KR65733959A4,737348,2019,5.0,0.01831448827509374,0.012100243295618313,-62.14244979475427,7.979727989493313e-13
KR65733959A4,737348,2019,7.0,0.01707863186744463,0.012076390976728774,-50.02240890715857,7.979727989493313e-13
KR65733959A4,737348,2019,10.0,0.01577000000000001,0.012364351859302285,-34.05648140697725,7.979727989493313e-13
KR65333GT9A1,737357,2019,0.25,0.01460000000000001,0.015364045731645013,7.640457316450029,1.1969591984239969e-12
KR65333GT9A1,737357,2019,0.5,0.01592812197794119,0.01418724414678574,-17.4087783115545,1.1969591984239969e-12
KR65333GT9A1,737357,2019,1.0,0.017763689358638167,0.013598843354356103,-41.64846004282064,1.1969591984239969e-12
KR65333GT9A1,737357,2019,1.5,0.01880582512011783,0.013198609180953407,-56.072159391644234,1.1969591984239969e-12
KR65333GT9A1,737357,2019,2.0,0.019318150746648444,0.01299849209425206,-63.19658652396384,1.1969591984239969e-12
KR65333GT9A1,737357,2019,3.0,0.019425591007949446,0.012899326048869696,-65.2626495907975,1.1969591984239969e-12
KR65333GT9A1,737357,2019,4.0,0.018958134312402578,0.012925938000135235,-60.321963122673424,1.1969591984239969e-12
KR65333GT9A1,737357,2019,5.0,0.01831448827509374,0.012977714263059163,-53.36774012034577,1.1969591984239969e-12
KR65333GT9A1,737357,2019,7.0,0.01707863186744463,0.013003807710369223,-40.748241570754075,1.1969591984239969e-12
KR65333GT9A1,737357,2019,10.0,0.01577000000000001,0.013395781402252085,-23.74218597747925,1.1969591984239969e-12
KR65333A79B2,737371,2019,0.25,0.015200000000000009,0.014574493860479714,-6.255061395202943,1.3704315460216776e-12
KR65333A79B2,737371,2019,0.5,0.018095217374779236,0.014756776800623064,-33.38440574156172,1.3704315460216776e-12
KR65333A79B2,737371,2019,1.0,0.02208857086829755,0.014847918270694737,-72.40652597602814,1.3704315460216776e-12
KR65333A79B2,737371,2019,1.5,0.02434542002681892,0.014630293585484656,-97.15126441334266,1.3704315460216776e-12
KR65333A79B2,737371,2019,2.0,0.02544368980495562,0.014521481242879615,-109.22208562076007,1.3704315460216776e-12
KR65333A79B2,737371,2019,3.0,0.025637533475272138,0.014547461523125685,-110.90071952146454,1.3704315460216776e-12
KR65333A79B2,737371,2019,4.0,0.02458025167445951,0.01457318541596177,-100.07066258497741,1.3704315460216776e-12
KR65333A79B2,737371,2019,5.0,0.023143963912986357,0.0146245390197989,-85.19424893187457,1.3704315460216776e-12
KR65333A79B2,737371,2019,7.0,0.020399415955933007,0.014675870240959564,-57.23545714973444,1.3704315460216776e-12
KR65333A79B2,737371,2019,10.0,0.017500000000000012,0.015042937582064226,-24.57062417935786,1.3704315460216776e-12
KR65033AN9B4,737388,2019,0.25,0.015200000000000009,0.014572763443800893,-6.27236556199116,1.0928757898653885e-12
KR65033AN9B4,737388,2019,0.5,0.018095217374779236,0.014440110548398475,-36.55106826380761,1.0928757898653885e-12
KR65033AN9B4,737388,2019,1.0,0.02208857086829755,0.014373784100697264,-77.14786767600286,1.0928757898653885e-12
KR65033AN9B4,737388,2019,1.5,0.02434542002681892,0.013939111623428284,-104.06308403390638,1.0928757898653885e-12
KR65033AN9B4,737388,2019,2.0,0.02544368980495562,0.013721775384793793,-117.21914420161829,1.0928757898653885e-12
KR65033AN9B4,737388,2019,3.0,0.025637533475272138,0.01354657024759734,-120.90963227674798,1.0928757898653885e-12
KR65033AN9B4,737388,2019,4.0,0.02458025167445951,0.013446257616394595,-111.33994058064916,1.0928757898653885e-12
KR65033AN9B4,737388,2019,5.0,0.023143963912986357,0.013370716317387458,-97.73247595598899,1.0928757898653885e-12
KR65033AN9B4,737388,2019,7.0,0.020399415955933007,0.013321165594902993,-70.78250361030014,1.0928757898653885e-12
KR65033AN9B4,737388,2019,10.0,0.017500000000000012,0.013584527170336286,-39.154728296637266,1.0928757898653885e-12
KR65233329C1,737399,2019,0.25,0.015300000000000012,0.01516690014038962,-1.3309985961039092,1.214306433183765e-12
KR65233329C1,737399,2019,0.5,0.018304303665012716,0.01437128003455122,-39.330236304614964,1.214306433183765e-12
KR65233329C1,737399,2019,1.0,0.02241090136508699,0.013973469981632018,-84.37431383454971,1.214306433183765e-12
KR65233329C1,737399,2019,1.5,0.024683818690898165,0.013639746266297452,-110.44072424600712,1.214306433183765e-12
KR65233329C1,737399,2019,2.0,0.025737750303122035,0.01347288440863017,-122.64865894491864,1.214306433183765e-12
KR65233329C1,737399,2019,3.0,0.02575251432692551,0.013423848640658757,-123.28665686266754,1.214306433183765e-12
KR65233329C1,737399,2019,4.0,0.024478761964561044,0.013399326034341295,-110.79435930219749,1.214306433183765e-12
KR65233329C1,737399,2019,5.0,0.022835154955044214,0.01337437351382928,-94.60781441214934,1.214306433183765e-12
KR65233329C1,737399,2019,7.0,0.019754208336750474,0.013323767337539271,-64.30440999211203,1.214306433183765e-12
KR65233329C1,737399,2019,10.0,0.01653000000000001,0.013586386602650694,-29.43613397349316,1.214306433183765e-12
KR65333B89C7,737410,2019,0.25,0.015300000000000012,0.015167082275811008,-1.3291772418900365,1.231653667943533e-12
KR65333B89C7,737410,2019,0.5,0.018304303665012716,0.014404610816664836,-38.9969284834788,1.231653667943533e-12
KR65333B89C7,737410,2019,1.0,0.02241090136508699,0.01402337508709175,-83.8752627799524,1.231653667943533e-12
KR65333B89C7,737410,2019,1.5,0.024683818690898165,0.013656184005004122,-110.27634685894043,1.231653667943533e-12
KR65333B89C7,737410,2019,2.0,0.025737750303122035,0.013472588463960308,-122.65161839161726,1.231653667943533e-12
KR65333B89C7,737410,2019,3.0,0.02575251432692551,0.013448899955326894,-123.03614371598617,1.231653667943533e-12
KR65333B89C7,737410,2019,4.0,0.024478761964561044,0.013526036852817898,-109.52725111743146,1.231653667943533e-12
KR65333B89C7,737410,2019,5.0,0.022835154955044214,0.013551852885068948,-92.83302069975265,1.231653667943533e-12
KR65333B89C7,737410,2019,7.0,0.019754208336750474,0.013551899748319171,-62.02308588431302,1.231653667943533e-12
KR65333B89C7,737410,2019,10.0,0.01653000000000001,0.013892200061155938,-26.377999388440717,1.231653667943533e-12
KR65333HP9C0,737423,2019,0.25,0.015300000000000012,0.015167173343522942,-1.328266564770697,1.3877787807814457e-12
KR65333HP9C0,737423,2019,0.5,0.018304303665012716,0.014421276207948738,-38.83027457063977,1.3877787807814457e-12
KR65333HP9C0,737423,2019,1.0,0.02241090136508699,0.014048327640161637,-83.62573724925352,1.3877787807814457e-12
KR65333HP9C0,737423,2019,1.5,0.024683818690898165,0.013597536439681548,-110.86282251216616,1.3877787807814457e-12
KR65333HP9C0,737423,2019,2.0,0.025737750303122035,0.013372140839441505,-123.65609463680529,1.3877787807814457e-12
KR65333HP9C0,737423,2019,3.0,0.02575251432692551,0.013298227530017102,-124.54286796908409,1.3877787807814457e-12
KR65333HP9C0,737423,2019,4.0,0.024478761964561044,0.01340105939950043,-110.77702565060615,1.3877787807814457e-12
KR65333HP9C0,737423,2019,5.0,0.022835154955044214,0.01342694862551958,-94.08206329524634,1.3877787807814457e-12
KR65333HP9C0,737423,2019,7.0,0.019754208336750474,0.013530213218575523,-62.239951181749504,1.3877787807814457e-12
KR65333HP9C0,737423,2019,10.0,0.01653000000000001,0.013948220371889317,-25.81779628110693,1.3877787807814457e-12
KR6533355A12,737440,2020,0.25,0.014700000000000006,0.015266248225901556,5.662482259015493,1.457167719820518e-12
KR6533355A12,737440,2020,0.5,0.017112119853183793,0.014420914983769993,-26.912048694138004,1.457167719820518e-12
KR6533355A12,737440,2020,1.0,0.02043733123203126,0.01399824836270421,-64.39082869327048,1.457167719820518e-12
KR6533355A12,737440,2020,1.5,0.022314249178232878,0.013748161989196997,-85.6608718903588,1.457167719820518e-12
KR6533355A12,737440,2020,2.0,0.0232250946083193,0.013623118802443391,-96.01975805875908,1.457167719820518e-12
KR6533355A12,737440,2020,3.0,0.023377534045499592,0.013649587722814107,-97.27946322685486,1.457167719820518e-12
KR6533355A12,737440,2020,4.0,0.02248808534461995,0.013751845430221336,-87.36239914398612,1.457167719820518e-12
KR6533355A12,737440,2020,5.0,0.021284010737428926,0.013777359227537905,-75.06651509891022,1.457167719820518e-12
KR6533355A12,737440,2020,7.0,0.018986094809610915,0.01380284157569268,-51.83253233918234,1.457167719820518e-12
KR6533355A12,737440,2020,10.0,0.016560000000000005,0.014090472252767392,-24.695277472326136,1.457167719820518e-12
KR6523373A11,737453,2020,0.25,0.014700000000000006,0.015265701826476463,5.6570182647645675,1.231653667943533e-12
KR6523373A11,737453,2020,0.5,0.017112119853183793,0.014320923888977957,-27.911959642058363,1.231653667943533e-12
KR6523373A11,737453,2020,1.0,0.02043733123203126,0.013848534920228703,-65.88796311802555,1.231653667943533e-12
KR6523373A11,737453,2020,1.5,0.022314249178232878,0.013581820203588129,-87.32428974644749,1.231653667943533e-12
KR6523373A11,737453,2020,2.0,0.0232250946083193,0.013448462845267841,-97.76631763051458,1.231653667943533e-12
KR6523373A11,737453,2020,3.0,0.023377534045499592,0.013273036941629665,-101.04497103869927,1.231653667943533e-12
KR6523373A11,737453,2020,4.0,0.02248808534461995,0.013350512084167784,-91.37573260452164,1.231653667943533e-12
KR6523373A11,737453,2020,5.0,0.021284010737428926,0.013350947346199954,-79.33063391228971,1.231653667943533e-12
KR6523373A11,737453,2020,7.0,0.018986094809610915,0.013351444788522366,-56.34650021088549,1.231653667943533e-12
KR6523373A11,737453,2020,10.0,0.016560000000000005,0.013613298285195025,-29.467017148049802,1.231653667943533e-12
KR6503352A26,737465,2020,0.25,0.014200000000000006,0.014666661908286095,4.666619082860889,1.0928757898653885e-12
KR6503352A26,737465,2020,0.5,0.016366212821476944,0.013489762511341303,-28.764503101356404,1.0928757898653885e-12
KR6503352A26,737465,2020,1.0,0.019337295361862565,0.012901312812868906,-64.3598254899366,1.0928757898653885e-12
KR6503352A26,737465,2020,1.5,0.020994821905507978,0.012684942643814312,-83.09879261693666,1.0928757898653885e-12
KR6503352A26,737465,2020,2.0,0.021777950524885216,0.012576757559287015,-92.011929655982,1.0928757898653885e-12
KR6503352A26,737465,2020,3.0,0.02183905266743746,0.012603138098566828,-92.35914568870632,1.0928757898653885e-12
KR6503352A26,737465,2020,4.0,0.02096844813848179,0.01267983055707022,-82.8861758141157,1.0928757898653885e-12
KR6503352A26,737465,2020,5.0,0.01982482161506896,0.01273097558506726,-70.938460300017,1.0928757898653885e-12
KR6503352A26,737465,2020,7.0,0.01766642010209754,0.012833587513241042,-48.32832588856499,1.0928757898653885e-12
KR6503352A26,737465,2020,10.0,0.015400000000000007,0.013224163460716564,-21.75836539283443,1.0928757898653885e-12
KR6523386A24,737475,2020,0.25,0.014200000000000006,0.014666844055023862,4.668440550238563,8.847089727481716e-13
KR6523386A24,737475,2020,0.5,0.016366212821476944,0.013523095364352578,-28.431174571243652,8.847089727481716e-13
KR6523386A24,737475,2020,1.0,0.019337295361862565,0.012951221019016936,-63.86074342845629,8.847089727481716e-13
KR6523386A24,737475,2020,1.5,0.020994821905507978,0.012651252481085673,-83.43569424422304,8.847089727481716e-13
KR6523386A24,737475,2020,2.0,0.021777950524885216,0.012501268212120043,-92.76682312765173,8.847089727481716e-13
KR6523386A24,737475,2020,3.0,0.02183905266743746,0.01242696741617478,-94.12085251262681,8.847089727481716e-13
KR6523386A24,737475,2020,4.0,0.02096844813848179,0.01242789176154504,-85.40556376936749,8.847089727481716e-13
KR6523386A24,737475,2020,5.0,0.01982482161506896,0.01240289855549205,-74.2192305957691,8.847089727481716e-13
KR6523386A24,737475,2020,7.0,0.01766642010209754,0.012378001960693842,-52.88418141403699,8.847089727481716e-13
KR6523386A24,737475,2020,10.0,0.015400000000000007,0.012639451328730126,-27.605486712698816,8.847089727481716e-13
KR6513307A39,737488,2020,0.25,0.01230000000000001,0.014165359670782918,18.65359670782907,5.551115123125783e-13
KR6513307A39,737488,2020,0.5,0.015317378477740097,0.012424793141815441,-28.925853359246556,5.551115123125783e-13
KR6513307A39,737488,2020,1.0,0.019484149521193626,0.011554509877331703,-79.29639643861923,5.551115123125783e-13
KR6513307A39,737488,2020,1.5,0.021845344236193765,0.010971027304467534,-108.74316931726231,5.551115123125783e-13
KR6513307A39,737488,2020,2.0,0.023001289758469778,0.01067928601803545,-123.22003740434329,5.551115123125783e-13
KR6513307A39,737488,2020,3.0,0.02322795931645306,0.010379206896840736,-128.48752419612325,5.551115123125783e-13
KR6513307A39,737488,2020,4.0,0.022149424088216168,0.010355717127201248,-117.9370696101492,5.551115123125783e-13
KR6513307A39,737488,2020,5.0,0.02067279255878794,0.010280553156595817,-103.9223940219212,5.551115123125783e-13
KR6513307A39,737488,2020,7.0,0.017843250739807453,0.010231175183838719,-76.12075555968734,5.551115123125783e-13
KR6513307A39,737488,2020,10.0,0.014850000000000012,0.010543362985162879,-43.066370148371334,5.551115123125783e-13
KR65833A5A37,737497,2020,0.25,0.01230000000000001,0.014162900536756833,18.62900536756822,2.7755575615628914e-13
KR65833A5A37,737497,2020,0.5,0.015317378477740097,0.011974771615041646,-33.4260686269845,2.7755575615628914e-13
KR65833A5A37,737497,2020,1.0,0.019484149521193626,0.010880707154184053,-86.03442367009573,2.7755575615628914e-13
KR65833A5A37,737497,2020,1.5,0.021845344236193765,0.01043117251426623,-114.14171721927536,2.7755575615628914e-13
KR65833A5A37,737497,2020,2.0,0.023001289758469778,0.010206405194307317,-127.94884564162462,2.7755575615628914e-13
KR65833A5A37,737497,2020,3.0,0.02322795931645306,0.01003199518629817,-131.9596413015489,2.7755575615628914e-13
KR65833A5A37,737497,2020,4.0,0.022149424088216168,0.010033345338505811,-121.16078749710357,2.7755575615628914e-13
KR65833A5A37,737497,2020,5.0,0.02067279255878794,0.010034155429830388,-106.38637128957551,2.7755575615628914e-13
KR65833A5A37,737497,2020,7.0,0.017843250739807453,0.009932827284571993,-79.1042345523546,2.7755575615628914e-13
KR65833A5A37,737497,2020,10.0,0.014850000000000012,0.010218580223489877,-46.314197765101355,2.7755575615628914e-13
KR65093BGA33,737509,2020,0.25,0.01230000000000001,0.014160350323537867,18.603503235378565,2.6020852139652106e-13
KR65093BGA33,737509,2020,0.5,0.015317378477740097,0.011508082595970949,-38.09295881769148,2.6020852139652106e-13
KR65093BGA33,737509,2020,1.0,0.019484149521193626,0.010181948732187491,-93.02200789006135,2.6020852139652106e-13
KR65093BGA33,737509,2020,1.5,0.021845344236193765,0.010283874967651275,-115.6146926854249,2.6020852139652106e-13
KR65093BGA33,737509,2020,2.0,0.023001289758469778,0.010334838085383167,-126.66451673086611,2.6020852139652106e-13
KR65093BGA33,737509,2020,3.0,0.02322795931645306,0.01048661141268129,-127.4134790377177,2.6020852139652106e-13
KR65093BGA33,737509,2020,4.0,0.022149424088216168,0.01101888868348965,-111.30535404726518,2.6020852139652106e-13
KR65093BGA33,737509,2020,5.0,0.02067279255878794,0.011246737273888866,-94.26055284899073,2.6020852139652106e-13
KR65093BGA33,737509,2020,7.0,0.017843250739807453,0.011268826718394935,-65.74424021412518,2.6020852139652106e-13
KR65093BGA33,737509,2020,10.0,0.014850000000000012,0.011655851085956365,-31.94148914043647,2.6020852139652106e-13
KR6503374A46,737535,2020,0.25,0.01100000000000001,0.012270428965128227,12.704289651282174,3.9898639947466563e-13
KR6503374A46,737535,2020,0.5,0.015348670107251551,0.01031391732033721,-50.34752786914341,3.9898639947466563e-13
KR6503374A46,737535,2020,1.0,0.021365596008584908,0.0093356614979417,-120.29934510643207,3.9898639947466563e-13
KR6503374A46,737535,2020,1.5,0.02479032706426203,0.009303399266700145,-154.86927797561884,3.9898639947466563e-13
KR6503374A46,737535,2020,2.0,0.026483328857929783,0.009287268151079367,-171.96060706850417,3.9898639947466563e-13
KR6503374A46,737535,2020,3.0,0.026868809715803108,0.009438965720514307,-174.29843995288803,3.9898639947466563e-13
KR6503374A46,737535,2020,4.0,0.025370143157868456,0.009641381366899938,-157.28761790968517,3.9898639947466563e-13
KR6503374A46,737535,2020,5.0,0.023290344495395292,0.0097425367125412,-135.47807782854093,3.9898639947466563e-13
KR6503374A46,737535,2020,7.0,0.01928589288678103,0.00971571417040929,-95.7017871637174,3.9898639947466563e-13
KR6503374A46,737535,2020,10.0,0.015040000000000005,0.010102710839828012,-49.37289160171993,3.9898639947466563e-13
KR6573326A55,737558,2020,0.25,0.01020000000000001,0.010974374419418346,7.743744194183364,3.9898639947466563e-13
KR6573326A55,737558,2020,0.5,0.014066959308218108,0.009050718180637357,-50.16241127580751,3.9898639947466563e-13
KR6573326A55,737558,2020,1.0,0.019422125116148114,0.008088890061246863,-113.3323505490125,3.9898639947466563e-13
KR6573326A55,737558,2020,1.5,0.022476287712904316,0.007956293264883929,-145.19994448020387,3.9898639947466563e-13
KR6573326A55,737558,2020,2.0,0.02399268481564854,0.007889994866702462,-161.0268994894608,3.9898639947466563e-13
KR6573326A55,737558,2020,3.0,0.024359236269768342,0.008117075543428477,-162.42160726339864,3.9898639947466563e-13
KR6573326A55,737558,2020,4.0,0.023049107659325666,0.00834437840417054,-147.04729255155127,3.9898639947466563e-13
KR6573326A55,737558,2020,5.0,0.021219231671750084,0.008470677552434401,-127.48554119315683,3.9898639947466563e-13
KR6573326A55,737558,2020,7.0,0.017688076237752873,0.008647888588086669,-90.40187649666204,3.9898639947466563e-13
KR6573326A55,737558,2020,10.0,0.013940000000000008,0.009161325933967096,-47.786740660329116,3.9898639947466563e-13
KR65333ACA61,737588,2020,0.25,0.007900000000000006,0.010177848869429015,22.778488694290086,4.77048955893622e-13
KR65333ACA61,737588,2020,0.5,0.011669858262984736,0.008502774308148872,-31.670839548358643,4.77048955893622e-13
KR65333ACA61,737588,2020,1.0,0.016966938762456436,0.007665237027508801,-93.01701734947635,4.77048955893622e-13
KR65333ACA61,737588,2020,1.5,0.020085954132012723,0.007849716524269905,-122.36237607742818,4.77048955893622e-13
KR65333ACA61,737588,2020,2.0,0.02174020215155091,0.007941956272650456,-137.98245878900454,4.77048955893622e-13
KR65333ACA61,737588,2020,3.0,0.022480079991848576,0.008294210377260339,-141.85869614588236,4.77048955893622e-13
KR65333ACA61,737588,2020,4.0,0.02156537098257468,0.008571563424454635,-129.93807558120045,4.77048955893622e-13
KR65333ACA61,737588,2020,5.0,0.02009587509979065,0.008748228031216379,-113.47647068574273,4.77048955893622e-13
KR65333ACA61,737588,2020,7.0,0.017131572726404306,0.009026878448760557,-81.04694277643749,4.77048955893622e-13
KR65333ACA61,737588,2020,10.0,0.013920000000000009,0.009513837261935812,-44.061627380641966,4.77048955893622e-13
KR6663310A78,737619,2020,0.25,0.0079,0.007891592190992511,-0.08407809007489678,6.071532165918825e-13
KR6663310A78,737619,2020,0.5,0.01166668861141446,0.007775452045293507,-38.912365661209535,6.071532165918825e-13
KR6663310A78,737619,2020,1.0,0.016949181633703316,0.007717381972444004,-92.31799661259312,6.071532165918825e-13
KR6663310A78,737619,2020,1.5,0.02004679642406228,0.007951252059288672,-120.95544364773609,6.071532165918825e-13
KR6663310A78,737619,2020,2.0,0.02167631379873934,0.008068187102711007,-136.08126696028333,6.071532165918825e-13
KR6663310A78,737619,2020,3.0,0.022364820600447963,0.008520716003760321,-138.4410459668764,6.071532165918825e-13
KR6663310A78,737619,2020,4.0,0.02140278622532496,0.008873605615662037,-125.29180609662923,6.071532165918825e-13
KR6663310A78,737619,2020,5.0,0.019892811438277022,0.009100730579588658,-107.92080858688364,6.071532165918825e-13
KR6663310A78,737619,2020,7.0,0.01686756244687534,0.00930201620145871,-75.65546245416631,6.071532165918825e-13
KR6663310A78,737619,2020,10.0,0.013600000000000006,0.009737443655407733,-38.62556344592273,6.071532165918825e-13
KR6503354A81,737650,2020,0.25,0.006800000000000003,0.007889404574392302,10.89404574392299,1.0495077029659683e-12
KR6503354A81,737650,2020,0.5,0.009022969394907184,0.007375118207455194,-16.478511874519903,1.0495077029659683e-12
KR6503354A81,737650,2020,1.0,0.012255258948598214,0.007117975023986639,-51.372839246115745,1.0495077029659683e-12
KR6503354A81,737650,2020,1.5,0.014295989613495737,0.00746888205939972,-68.27107554096017,1.0495077029659683e-12
KR6503354A81,737650,2020,2.0,0.015521951342417519,0.007644335577106259,-78.77615765311259,1.0495077029659683e-12
KR6503354A81,737650,2020,3.0,0.016502916144704814,0.00809662972695584,-84.06286417748973,1.0495077029659683e-12
KR6503354A81,737650,2020,4.0,0.016479731447984758,0.008575809713959492,-79.03921734025265,1.0495077029659683e-12
KR6503354A81,737650,2020,5.0,0.016060930304047417,0.008878830816840788,-71.82099487206628,1.0495077029659683e-12
KR6503354A81,737650,2020,7.0,0.014993854169913072,0.009232743197418309,-57.61110972494763,1.0495077029659683e-12
KR6503354A81,737650,2020,10.0,0.013730000000000004,0.009821976056124464,-39.080239438755406,1.0495077029659683e-12
KR6KB00002S5,737682,2020,0.25,0.0063000000000000035,0.006796612527835162,4.966125278351589,9.367506770274758e-13
KR6KB00002S5,737682,2020,0.5,0.008181447092140533,0.007227986319660982,-9.534607724795505,9.367506770274758e-13
KR6KB00002S5,737682,2020,1.0,0.011008360378840875,0.007443673215573891,-35.64687163266984,9.367506770274758e-13
KR6KB00002S5,737682,2020,1.5,0.012904583935481027,0.008011403870358605,-48.931800651224215,9.367506770274758e-13
KR6KB00002S5,737682,2020,2.0,0.014152272260266243,0.008295269197750962,-58.5700306251528,9.367506770274758e-13
KR6KB00002S5,737682,2020,3.0,0.015439306328441961,0.009024217311993238,-64.15089016448724,9.367506770274758e-13
KR6KB00002S5,737682,2020,4.0,0.01585256917005643,0.009604347934408338,-62.48221235648093,9.367506770274758e-13
KR6KB00002S5,737682,2020,5.0,0.015873570701062545,0.009957855043870926,-59.15715657191619,9.367506770274758e-13
KR6KB00002S5,737682,2020,7.0,0.015541430769580337,0.01038787973463325,-51.535510349470876,9.367506770274758e-13
KR6KB00002S5,737682,2020,10.0,0.015000000000000005,0.011003276278649578,-39.96723721350426,9.367506770274758e-13
KR6HN0000545,737706,2020,0.25,0.006300000000000004,0.00629843071698723,-0.0156928301277455,8.673617379884035e-13
KR6HN0000545,737706,2020,0.5,0.007823086015406799,0.006912353082308216,-9.107329330985829,8.673617379884035e-13
KR6HN0000545,737706,2020,1.0,0.010167127062582566,0.007219314264968709,-29.478127976138563,8.673617379884035e-13
KR6HN0000545,737706,2020,1.5,0.011805152933979556,0.007720114437067216,-40.850384969123404,8.673617379884035e-13
KR6HN0000545,737706,2020,2.0,0.012943186303803476,0.007970514523116468,-49.72671780687008,8.673617379884035e-13
KR6HN0000545,737706,2020,3.0,0.014263380995363326,0.008674215844353744,-55.89165151009582,8.673617379884035e-13
KR6HN0000545,737706,2020,4.0,0.014861675369238927,0.009254261866664022,-56.07413502574906,8.673617379884035e-13
KR6HN0000545,737706,2020,5.0,0.015107435396286511,0.00965867937014742,-54.48756026139092,8.673617379884035e-13
KR6HN0000545,737706,2020,7.0,0.01518645275924998,0.010139699984659332,-50.46752774590649,8.673617379884035e-13
KR6HN0000545,737706,2020,10.0,0.015070000000000005,0.010858371856668079,-42.116281433319266,8.673617379884035e-13
KR6SS00009H6,737727,2020,0.25,0.006300000000000004,0.006297336690244675,-0.026633097553289964,9.020562075079397e-13
KR6SS00009H6,737727,2020,0.5,0.007823086015406799,0.0067121461884206675,-11.109398269861314,9.020562075079397e-13
KR6SS00009H6,737727,2020,1.0,0.010167127062582566,0.006919550937508664,-32.47576125073902,9.020562075079397e-13
KR6SS00009H6,737727,2020,1.5,0.011805152933979556,0.00745381362396155,-43.51339310018006,9.020562075079397e-13
KR6SS00009H6,737727,2020,2.0,0.012943186303803476,0.007720944967187994,-52.22241336615482,9.020562075079397e-13
KR6SS00009H6,737727,2020,3.0,0.014263380995363326,0.008550471298430807,-57.12909696932519,9.020562075079397e-13
KR6SS00009H6,737727,2020,4.0,0.014861675369238927,0.009256918139266455,-56.04757229972472,9.020562075079397e-13
KR6SS00009H6,737727,2020,5.0,0.015107435396286511,0.009737376525703178,-53.70058870583333,9.020562075079397e-13
KR6SS00009H6,737727,2020,7.0,0.01518645275924998,0.010320190799873114,-48.66261959376866,9.020562075079397e-13
KR6SS00009H6,737727,2020,10.0,0.015070000000000005,0.011063845608038058,-40.06154391961947,9.020562075079397e-13
KR6SY0000671,737748,2020,0.25,0.006600000000000007,0.006297883703623114,-3.021162963768925,9.020562075079397e-13
KR6SY0000671,737748,2020,0.5,0.008728740846409379,0.006812249636675033,-19.164912097343457,9.020562075079397e-13
KR6SY0000671,737748,2020,1.0,0.011916164992839057,0.007069432603200992,-48.46732389638065,9.020562075079397e-13
KR6SY0000671,737748,2020,1.5,0.014041142705434238,0.007637087527944776,-64.04055177489462,9.020562075079397e-13
KR6SY0000671,737748,2020,2.0,0.015427367498055384,0.007920914990316668,-75.06452507738716,9.020562075079397e-13
KR6SY0000671,737748,2020,3.0,0.01682821369024186,0.00875046593336328,-80.77747756878578,9.020562075079397e-13
KR6SY0000671,737748,2020,4.0,0.01724333720749134,0.009583757773082504,-76.59579434408836,9.020562075079397e-13
KR6SY0000671,737748,2020,5.0,0.017221600175334716,0.010166135402981074,-70.55464772353642,9.020562075079397e-13
KR6SY0000671,737748,2020,7.0,0.01677660997438763,0.010825451401937252,-59.51158572450379,9.020562075079397e-13
KR6SY0000671,737748,2020,10.0,0.016100000000000007,0.011594762556128794,-45.05237443871213,9.020562075079397e-13
KR6MZ00007F1,737774,2020,0.25,0.006600000000000008,0.006597401942842167,-0.0259805715784045,7.28583859910259e-13
KR6MZ00007F1,737774,2020,0.5,0.00849580957581835,0.007111747711097752,-13.840618647205979,7.28583859910259e-13
KR6MZ00007F1,737774,2020,1.0,0.011388822368503481,0.0073689205952255435,-40.199017732779375,7.28583859910259e-13
KR6MZ00007F1,737774,2020,1.5,0.013382017299631515,0.008103715040865099,-52.78302258766416,7.28583859910259e-13
KR6MZ00007F1,737774,2020,2.0,0.014741766358943711,0.008471112263684877,-62.70654095258834,7.28583859910259e-13
KR6MZ00007F1,737774,2020,3.0,0.01626157544572603,0.009451899370692874,-68.09676075033155,7.28583859910259e-13
KR6MZ00007F1,737774,2020,4.0,0.016889281351344276,0.010336095628313129,-65.53185723031147,7.28583859910259e-13
KR6MZ00007F1,737774,2020,5.0,0.017093702917296193,0.010918535849076655,-61.75167068219538,7.28583859910259e-13
KR6MZ00007F1,737774,2020,7.0,0.017037727348695967,0.011603623721104352,-54.34103627591615,7.28583859910259e-13
KR6MZ00007F1,737774,2020,10.0,0.016750000000000008,0.012425871565741346,-43.24128434258662,7.28583859910259e-13
KR6KS00009V5,737798,2021,0.25,0.006800000000000004,0.006596854949968767,-2.03145050031237,1.0495077029659683e-12
KR6KS00009V5,737798,2021,0.5,0.00917811468452122,0.007011648015265482,-21.664666692557383,1.0495077029659683e-12
KR6KS00009V5,737798,2021,1.0,0.012735622722581491,0.00721904454791384,-55.165781746676515,1.0495077029659683e-12
KR6KS00009V5,737798,2021,1.5,0.01510339872122995,0.007920431875549605,-71.82966845680345,1.0495077029659683e-12
KR6KS00009V5,737798,2021,2.0,0.01664438946737714,0.008271125539367487,-83.73263928009652,1.0495077029659683e-12
KR6KS00009V5,737798,2021,3.0,0.018192760027648427,0.00932750869467888,-88.65251332969547,1.0495077029659683e-12
KR6KS00009V5,737798,2021,4.0,0.018640801491871403,0.010287681564258005,-83.53119927613399,1.0495077029659683e-12
KR6KS00009V5,737798,2021,5.0,0.01860289017747522,0.011048867032404663,-75.54023145070556,1.0495077029659683e-12
KR6KS00009V5,737798,2021,7.0,0.018085045925135813,0.011861752579709917,-62.232933454258955,1.0495077029659683e-12
KR6KS00009V5,737798,2021,10.0,0.017310000000000006,0.012787418976413584,-45.22581023586422,1.0495077029659683e-12
KR6SS0000QE0,737817,2021,0.25,0.006800000000000004,0.0065991340868721635,-2.0086591312784043,1.1622647289044608e-12
KR6SS0000QE0,737817,2021,0.5,0.00917811468452122,0.007428730068587164,-17.49384615934056,1.1622647289044608e-12
KR6SS0000QE0,737817,2021,1.0,0.012735622722581491,0.007843528059444663,-48.92094663136828,1.1622647289044608e-12
KR6SS0000QE0,737817,2021,1.5,0.01510339872122995,0.008628408014286349,-64.749907069436,1.1622647289044608e-12
KR6SS0000QE0,737817,2021,2.0,0.01664438946737714,0.00902084799170719,-76.23541475669948,1.1622647289044608e-12
KR6SS0000QE0,737817,2021,3.0,0.018192760027648427,0.010102686195536977,-80.9007383211145,1.1622647289044608e-12
KR6SS0000QE0,737817,2021,4.0,0.018640801491871403,0.011037943366379126,-76.02858125492277,1.1622647289044608e-12
KR6SS0000QE0,737817,2021,5.0,0.01860289017747522,0.011799720151598993,-68.03170025876226,1.1622647289044608e-12
KR6SS0000QE0,737817,2021,7.0,0.018085045925135813,0.012639042985976226,-54.46002939159587,1.1622647289044608e-12
KR6SS0000QE0,737817,2021,10.0,0.017310000000000006,0.013592157008126873,-37.17842991873133,1.1622647289044608e-12
KR6YT00006K7,737830,2021,0.25,0.007300000000000002,0.006797888812628722,-5.021111873712795,1.3877787807814457e-12
KR6YT00006K7,737830,2021,0.5,0.010282878051019654,0.00746154643688243,-28.213316141372243,1.3877787807814457e-12
KR6YT00006K7,737830,2021,1.0,0.01467966646037616,0.007793375249009284,-68.86291211366877,1.3877787807814457e-12
KR6YT00006K7,737830,2021,1.5,0.017528375387323557,0.008578316453227102,-89.50058934096455,1.3877787807814457e-12
KR6YT00006K7,737830,2021,2.0,0.01931060206240078,0.008970787055336013,-103.39815007064766,1.3877787807814457e-12
KR6YT00006K7,737830,2021,3.0,0.020925176018695524,0.010153553466719218,-107.71622551976307,1.3877787807814457e-12
KR6YT00006K7,737830,2021,4.0,0.021176736367147325,0.011342953786079735,-98.3378258106759,1.3877787807814457e-12
KR6YT00006K7,737830,2021,5.0,0.020859943301722705,0.01225814015294423,-86.01803148778475,1.3877787807814457e-12
KR6YT00006K7,737830,2021,7.0,0.019800950249155937,0.013432829645829297,-63.6812060332664,1.3877787807814457e-12
KR6YT00006K7,737830,2021,10.0,0.018450000000000005,0.014621034081395642,-38.28965918604363,1.3877787807814457e-12
KR6MZ0000E36,737843,2021,0.25,0.007300000000000002,0.006798891607794464,-5.011083922055382,1.3010426069826053e-12
KR6MZ0000E36,737843,2021,0.5,0.010282878051019654,0.007645057952213115,-26.37820098806539,1.3010426069826053e-12
KR6MZ0000E36,737843,2021,1.0,0.01467966646037616,0.00806814112442244,-66.11525335953719,1.3010426069826053e-12
KR6MZ0000E36,737843,2021,1.5,0.017528375387323557,0.009053669188912922,-84.74706198410635,1.3010426069826053e-12
KR6MZ0000E36,737843,2021,2.0,0.01931060206240078,0.009546433221158163,-97.64168841242616,1.3010426069826053e-12
KR6MZ0000E36,737843,2021,3.0,0.020925176018695524,0.010880692764097493,-100.44483254598032,1.3010426069826053e-12
KR6MZ0000E36,737843,2021,4.0,0.021176736367147325,0.012044957252814723,-91.31779114332602,1.3010426069826053e-12
KR6MZ0000E36,737843,2021,5.0,0.020859943301722705,0.013011993224004986,-78.4795007771772,1.3010426069826053e-12
KR6MZ0000E36,737843,2021,7.0,0.019800950249155937,0.014161199681672062,-56.39750567483875,1.3010426069826053e-12
KR6MZ0000E36,737843,2021,10.0,0.018450000000000005,0.015271153255272812,-31.788467447271923,1.3010426069826053e-12
KR6SH00012B6,737857,2021,0.25,0.007499999999999998,0.007297375913101075,-2.0262408689892317,1.0755285551056204e-12
KR6SH00012B6,737857,2021,0.5,0.010739581708387753,0.008027353145427761,-27.122285629599915,1.0755285551056204e-12
KR6SH00012B6,737857,2021,1.0,0.015540187550360185,0.008392341761591104,-71.47845788769081,1.0755285551056204e-12
KR6SH00012B6,737857,2021,1.5,0.018681183602754673,0.00956194055038996,-91.19243052364712,1.0755285551056204e-12
KR6SH00012B6,737857,2021,2.0,0.020675365847599294,0.01014673994478939,-105.28625902809905,1.0755285551056204e-12
KR6SH00012B6,737857,2021,3.0,0.022556259698716018,0.011632752509386007,-109.2350718933001,1.0755285551056204e-12
KR6SH00012B6,737857,2021,4.0,0.022950177902667374,0.0128482869347994,-101.01890967867973,1.0755285551056204e-12
KR6SH00012B6,737857,2021,5.0,0.022710818021113473,0.01384149598701292,-88.69322034100553,1.0755285551056204e-12
KR6SH00012B6,737857,2021,7.0,0.02171990997131485,0.014965051115249173,-67.54858856065677,1.0755285551056204e-12
KR6SH00012B6,737857,2021,10.0,0.02040000000000001,0.016102766106925473,-42.97233893074535,1.0755285551056204e-12
KR6SY0000H53,737868,2021,0.25,0.007499999999999998,0.00729719359809044,-2.028064019095584,1.7694179454963432e-12
KR6SY0000H53,737868,2021,0.5,0.010739581708387753,0.00799398949848156,-27.45592209906193,1.7694179454963432e-12
KR6SY0000H53,737868,2021,1.0,0.015540187550360185,0.00834238744867712,-71.97800101683066,1.7694179454963432e-12
KR6SY0000H53,737868,2021,1.5,0.018681183602754673,0.009829816594037932,-88.51367008716741,1.7694179454963432e-12
KR6SY0000H53,737868,2021,2.0,0.020675365847599294,0.010573531166718338,-101.01834680880957,1.7694179454963432e-12
KR6SY0000H53,737868,2021,3.0,0.022556259698716018,0.012413415806560713,-101.42843892155305,1.7694179454963432e-12
KR6SY0000H53,737868,2021,4.0,0.022950177902667374,0.013960681761132042,-89.89496141535332,1.7694179454963432e-12
KR6SY0000H53,737868,2021,5.0,0.022710818021113473,0.014979191966855206,-77.31626054258267,1.7694179454963432e-12
KR6SY0000H53,737868,2021,7.0,0.02171990997131485,0.01620609196053483,-55.138180107800196,1.7694179454963432e-12
KR6SY0000H53,737868,2021,10.0,0.02040000000000001,0.01736988624712465,-30.301137528753568,1.7694179454963432e-12
KR6ZY0000700,737886,2021,0.25,0.00740000000000001,0.007497372123371518,0.973721233715084,1.7694179454963432e-12
KR6ZY0000700,737886,2021,0.5,0.010640671276115052,0.008293691455118601,-23.469798209964505,1.7694179454963432e-12
KR6ZY0000700,737886,2021,1.0,0.015446291563369095,0.008691851120992142,-67.54440442376954,1.7694179454963432e-12
KR6ZY0000700,737886,2021,1.5,0.01859464406486266,0.010296491731595135,-82.98152333267527,1.7694179454963432e-12
KR6ZY0000700,737886,2021,2.0,0.020597327468878296,0.011098812036896631,-94.98515431981664,1.7694179454963432e-12
KR6ZY0000700,737886,2021,3.0,0.02249588011451,0.013166856702244071,-93.2902341226593,1.7694179454963432e-12
KR6ZY0000700,737886,2021,4.0,0.02290606641297199,0.01458660351731605,-83.1946289565594,1.7694179454963432e-12
KR6ZY0000700,737886,2021,5.0,0.022680621154758794,0.015553984618837663,-71.2663653592113,1.7694179454963432e-12
KR6ZY0000700,737886,2021,7.0,0.021710663504902937,0.016729605213334102,-49.81058291568835,1.7694179454963432e-12
KR6ZY0000700,737886,2021,10.0,0.02041000000000001,0.017788125075867942,-26.21874924132069,1.7694179454963432e-12
KR6HN0000VW6,737896,2021,0.25,0.00740000000000001,0.00749491093216488,0.9491093216486973,1.1796119636642288e-12
KR6HN0000VW6,737896,2021,0.5,0.010640671276115052,0.007843293464303788,-27.97377811811264,1.1796119636642288e-12
KR6HN0000VW6,737896,2021,1.0,0.015446291563369095,0.00801748473037324,-74.28806832995856,1.1796119636642288e-12
KR6HN0000VW6,737896,2021,1.5,0.01859464406486266,0.00937111026333906,-92.235338015236,1.1796119636642288e-12
KR6HN0000VW6,737896,2021,2.0,0.020597327468878296,0.010047923029821972,-105.49404439056325,1.1796119636642288e-12
KR6HN0000VW6,737896,2021,3.0,0.02249588011451,0.011912849936957924,-105.83030177552078,1.1796119636642288e-12
KR6HN0000VW6,737896,2021,4.0,0.02290606641297199,0.01320430106582299,-97.01765347149,1.1796119636642288e-12
KR6HN0000VW6,737896,2021,5.0,0.022680621154758794,0.01406828201049282,-86.12339144265974,1.1796119636642288e-12
KR6HN0000VW6,737896,2021,7.0,0.021710663504902937,0.01519179120512878,-65.18872299774156,1.1796119636642288e-12
KR6HN0000VW6,737896,2021,10.0,0.02041000000000001,0.01624985853243161,-41.601414675684,1.1796119636642288e-12
KR6KB0001GE2,737910,2021,0.25,0.00740000000000001,0.007495093242628055,0.9509324262804535,1.5612511283791264e-12
KR6KB0001GE2,737910,2021,0.5,0.010640671276115052,0.007876656279064993,-27.64014997050059,1.5612511283791264e-12
KR6KB0001GE2,737910,2021,1.0,0.015446291563369095,0.00806743779728346,-73.78853766085635,1.5612511283791264e-12
KR6KB0001GE2,737910,2021,1.5,0.01859464406486266,0.009672002458743984,-89.22641606118677,1.5612511283791264e-12
KR6KB0001GE2,737910,2021,2.0,0.020597327468878296,0.010474284789474247,-101.2304267940405,1.5612511283791264e-12
KR6KB0001GE2,737910,2021,3.0,0.02249588011451,0.01241515210930902,-100.80728005200982,1.5612511283791264e-12
KR6KB0001GE2,737910,2021,4.0,0.02290606641297199,0.013987709202087709,-89.18357210884281,1.5612511283791264e-12
KR6KB0001GE2,737910,2021,5.0,0.022680621154758794,0.014980150125105937,-77.00471029652857,1.5612511283791264e-12
KR6KB0001GE2,737910,2021,7.0,0.021710663504902937,0.01615458692634887,-55.56076578554066,1.5612511283791264e-12
KR6KB0001GE2,737910,2021,10.0,0.02041000000000001,0.01726517662093451,-31.448233790655028,1.5612511283791264e-12
KR6KW0000AR5,737924,2021,0.25,0.006800000000000008,0.0073948228841933614,5.948228841933531,1.700029006457271e-12
KR6KW0000AR5,737924,2021,0.5,0.00933742014182124,0.007693438728536683,-16.43981413284557,1.700029006457271e-12
KR6KW0000AR5,737924,2021,1.0,0.01323929272805324,0.007842746650708344,-53.96546077344897,1.700029006457271e-12
KR6KW0000AR5,737924,2021,1.5,0.015962202320649117,0.009480714951242844,-64.81487369406273,1.700029006457271e-12
KR6KW0000AR5,737924,2021,2.0,0.017850681055401944,0.010299699101510094,-75.50981953891849,1.700029006457271e-12
KR6KW0000AR5,737924,2021,3.0,0.020033881861805342,0.012468112597074187,-75.65769264731155,1.700029006457271e-12
KR6KW0000AR5,737924,2021,4.0,0.021015264029648307,0.014065848213145247,-69.4941581650306,1.700029006457271e-12
KR6KW0000AR5,737924,2021,5.0,0.021411371106639647,0.015161234910044683,-62.50136196594964,1.700029006457271e-12
KR6KW0000AR5,737924,2021,7.0,0.021522751172240312,0.016517638567028058,-50.05112605212254,1.700029006457271e-12
KR6KW0000AR5,737924,2021,10.0,0.021310000000000003,0.01773296999694961,-35.77030003050392,1.700029006457271e-12
KR6SH0001H53,737951,2021,0.25,0.006600000000000011,0.00680171766687435,2.0171766687433843,1.5612511283791264e-12
KR6SH0001H53,737951,2021,0.5,0.008538203665570785,0.008162226763832332,-3.759769017384531,1.5612511283791264e-12
KR6SH0001H53,737951,2021,1.0,0.011626323965576533,0.008842481312311322,-27.83842653265211,1.5612511283791264e-12
KR6SH0001H53,737951,2021,1.5,0.013905751643468791,0.010547372448575799,-33.58379194892992,1.5612511283791264e-12
KR6SH0001H53,737951,2021,2.0,0.015596273077798555,0.011399818016708037,-41.96455061090518,1.5612511283791264e-12
KR6SH0001H53,737951,2021,3.0,0.017803169805709326,0.013214636987823053,-45.885328178862736,1.5612511283791264e-12
KR6SH0001H53,737951,2021,4.0,0.019063852479559405,0.014481398281025865,-45.8245419853354,1.5612511283791264e-12
KR6SH0001H53,737951,2021,5.0,0.019809679390041007,0.015268718405685841,-45.40960984355165,1.5612511283791264e-12
KR6SH0001H53,737951,2021,7.0,0.020568864837395874,0.01639398067645995,-41.748841609359246,1.5612511283791264e-12
KR6SH0001H53,737951,2021,10.0,0.02103000000000001,0.017347577398526607,-36.82422601473404,1.5612511283791264e-12
KR6SS0001K89,737965,2021,0.25,0.006600000000000011,0.006803996746899669,2.0399674689965814,1.6306400674181987e-12
KR6SS0001K89,737965,2021,0.5,0.008538203665570785,0.008579298408465857,0.41094742895072045,1.6306400674181987e-12
KR6SS0001K89,737965,2021,1.0,0.011626323965576533,0.00946694923924895,-21.593747263275834,1.6306400674181987e-12
KR6SS0001K89,737965,2021,1.5,0.013905751643468791,0.01132256445732676,-25.831871861420314,1.6306400674181987e-12
KR6SS0001K89,737965,2021,2.0,0.015596273077798555,0.012250372066365665,-33.4590101143289,1.6306400674181987e-12
KR6SS0001K89,737965,2021,3.0,0.017803169805709326,0.013938850788397482,-38.64319017311844,1.6306400674181987e-12
KR6SS0001K89,737965,2021,4.0,0.019063852479559405,0.015001722920208255,-40.6212955935115,1.6306400674181987e-12
KR6SS0001K89,737965,2021,5.0,0.019809679390041007,0.015661037891877668,-41.48641498163339,1.6306400674181987e-12
KR6SS0001K89,737965,2021,7.0,0.020568864837395874,0.016423148458308622,-41.45716379087252,1.6306400674181987e-12
KR6SS0001K89,737965,2021,10.0,0.02103000000000001,0.01714230700961898,-38.876929903810286,1.6306400674181987e-12
KR6MZ0000TP8,737979,2021,0.25,0.006900000000000007,0.00660788597299244,-2.9211402700756675,1.734723475976807e-12
KR6MZ0000TP8,737979,2021,0.5,0.008942337375225694,0.009030325228597686,0.8798785337199231,1.734723475976807e-12
KR6MZ0000TP8,737979,2021,1.0,0.012120908948689191,0.01024154485640031,-18.793640922888812,1.734723475976807e-12
KR6MZ0000TP8,737979,2021,1.5,0.014382966388875427,0.01191292160651706,-24.700447823583666,1.734723475976807e-12
KR6MZ0000TP8,737979,2021,2.0,0.015990508024696842,0.012748609981575437,-32.41898043121406,1.734723475976807e-12
KR6MZ0000TP8,737979,2021,3.0,0.017938057858299196,0.014235009128797294,-37.03048729501902,1.734723475976807e-12
KR6MZ0000TP8,737979,2021,4.0,0.01890832408645821,0.015196489074323943,-37.11835012134266,1.734723475976807e-12
KR6MZ0000TP8,737979,2021,5.0,0.0193835834609838,0.015830936150021277,-35.52647310962522,1.734723475976807e-12
KR6MZ0000TP8,737979,2021,7.0,0.019711141156449327,0.016516177266770495,-31.949638896788326,1.734723475976807e-12
KR6MZ0000TP8,737979,2021,10.0,0.01976000000000001,0.017130846066917428,-26.29153933082582,1.734723475976807e-12
KR6MZ0000W59,737992,2021,0.25,0.006900000000000007,0.006609709283197489,-2.9029071680251786,1.0755285551056204e-12
KR6MZ0000W59,737992,2021,0.5,0.008942337375225694,0.009363990996121643,4.216536208959485,1.0755285551056204e-12
KR6MZ0000W59,737992,2021,1.0,0.012120908948689191,0.010741131852583718,-13.797770961054729,1.0755285551056204e-12
KR6MZ0000W59,737992,2021,1.5,0.014382966388875427,0.012328739247887204,-20.542271409882233,1.0755285551056204e-12
KR6MZ0000W59,737992,2021,2.0,0.015990508024696842,0.013122542945538947,-28.679650791578958,1.0755285551056204e-12
KR6MZ0000W59,737992,2021,3.0,0.017938057858299196,0.014254639639790739,-36.83418218508457,1.0755285551056204e-12
KR6MZ0000W59,737992,2021,4.0,0.01890832408645821,0.014782901387788894,-41.254226986693155,1.0755285551056204e-12
KR6MZ0000W59,737992,2021,5.0,0.0193835834609838,0.015033101081119373,-43.50482379864425,1.0755285551056204e-12
KR6MZ0000W59,737992,2021,7.0,0.019711141156449327,0.01535992459010269,-43.51216566346638,1.0755285551056204e-12
KR6MZ0000W59,737992,2021,10.0,0.01976000000000001,0.01584965993677926,-39.103400632207496,1.0755285551056204e-12
20210714000301_2983,738006,2021,0.25,0.007700000000000009,0.006909569345328843,-7.904306546711662,1.214306433183765e-12
20210714000301_2983,738006,2021,0.5,0.010325804645236344,0.009730113037873321,-5.956916073630233,1.214306433183765e-12
20210714000301_2983,738006,2021,1.0,0.014245646977673802,0.01114038488414556,-31.052620935282416,1.214306433183765e-12
20210714000301_2983,738006,2021,1.5,0.01684485220467695,0.012661058604692368,-41.83793599984581,1.214306433183765e-12
20210714000301_2983,738006,2021,2.0,0.018527470749267708,0.013421395464965773,-51.060752843019344,1.214306433183765e-12
20210714000301_2983,738006,2021,3.0,0.020196074813373387,0.014325852963098745,-58.702218502746426,1.214306433183765e-12
20210714000301_2983,738006,2021,4.0,0.020651892623962515,0.014829411889620522,-58.22480734341993,1.214306433183765e-12
20210714000301_2983,738006,2021,5.0,0.02057630260943658,0.015105979679415352,-54.703229300212264,1.214306433183765e-12
20210714000301_2983,738006,2021,7.0,0.019953226414884218,0.01545931475221334,-44.93911662670878,1.214306433183765e-12
20210714000301_2983,738006,2021,10.0,0.019050000000000008,0.015817085386605832,-32.329146133941755,1.214306433183765e-12
KR6KB0002227,738019,2021,0.25,0.007700000000000009,0.006908657724225298,-7.913422757747108,1.1449174941446927e-12
KR6KB0002227,738019,2021,0.5,0.010325804645236344,0.009563286375924704,-7.625182693116409,1.1449174941446927e-12
KR6KB0002227,738019,2021,1.0,0.014245646977673802,0.010890600701774406,-33.55046275899396,1.1449174941446927e-12
KR6KB0002227,738019,2021,1.5,0.01684485220467695,0.012294100898285554,-45.507513063913954,1.1449174941446927e-12
KR6KB0002227,738019,2021,2.0,0.018527470749267708,0.012995850996541127,-55.31619752726581,1.1449174941446927e-12
KR6KB0002227,738019,2021,3.0,0.020196074813373387,0.014103106305955786,-60.929685074176014,1.1449174941446927e-12
KR6KB0002227,738019,2021,4.0,0.020651892623962515,0.014784905175848977,-58.66987448113538,1.1449174941446927e-12
KR6KB0002227,738019,2021,5.0,0.02057630260943658,0.015292236574020845,-52.840660354157336,1.1449174941446927e-12
KR6KB0002227,738019,2021,7.0,0.019953226414884218,0.015772502446942335,-41.807239679418835,1.1449174941446927e-12
KR6KB0002227,738019,2021,10.0,0.019050000000000008,0.016285490208547235,-27.64509791452773,1.1449174941446927e-12
KR6SY00010R5,738039,2021,0.25,0.009800000000000008,0.007708752503069726,-20.912474969302824,1.2836953722228372e-12
KR6SY00010R5,738039,2021,0.5,0.01242045585821151,0.010645141015127977,-17.753148430835317,1.2836953722228372e-12
KR6SY00010R5,738039,2021,1.0,0.016315681822902914,0.012113335271157103,-42.02346551745811,1.2836953722228372e-12
KR6SY00010R5,738039,2021,1.5,0.01887877357251058,0.01329918393954436,-55.795896329662185,1.2836953722228372e-12
KR6SY00010R5,738039,2021,2.0,0.020519659153898185,0.013892108273737987,-66.27550880160197,1.2836953722228372e-12
KR6SY00010R5,738039,2021,3.0,0.022101574590384854,0.014797635066484925,-73.03939523899929,1.2836953722228372e-12
KR6SY00010R5,738039,2021,4.0,0.022477530846103613,0.015378436144941048,-70.99094701162566,1.2836953722228372e-12
KR6SY00010R5,738039,2021,5.0,0.022333632680632334,0.015783891758584433,-65.49740922047901,1.2836953722228372e-12
KR6SY00010R5,738039,2021,7.0,0.0216077090681791,0.01613628866375111,-54.71420404427989,1.2836953722228372e-12
KR6SY00010R5,738039,2021,10.0,0.020610000000000007,0.01659956206798119,-40.10437932018819,1.2836953722228372e-12
20210902000337_31306,738050,2021,0.25,0.009800000000000008,0.007713127850692279,-20.868721493077295,1.7694179454963432e-12
20210902000337_31306,738050,2021,0.5,0.01242045585821151,0.011445829630055204,-9.746262281563055,1.7694179454963432e-12
20210902000337_31306,738050,2021,1.0,0.016315681822902914,0.013312180519736665,-30.035013031662494,1.7694179454963432e-12
20210902000337_31306,738050,2021,1.5,0.01887877357251058,0.014430595151755191,-44.48178420755388,1.7694179454963432e-12
20210902000337_31306,738050,2021,2.0,0.020519659153898185,0.014989802467764452,-55.29856686133733,1.7694179454963432e-12
20210902000337_31306,738050,2021,3.0,0.022101574590384854,0.015768841087534218,-63.32733502850636,1.7694179454963432e-12
20210902000337_31306,738050,2021,4.0,0.022477530846103613,0.01635033922443264,-61.27191621670972,1.7694179454963432e-12
20210902000337_31306,738050,2021,5.0,0.022333632680632334,0.016756332025040368,-55.773006555919665,1.7694179454963432e-12
20210902000337_31306,738050,2021,7.0,0.0216077090681791,0.01713520286588588,-44.725062022932214,1.7694179454963432e-12
20210902000337_31306,738050,2021,10.0,0.020610000000000007,0.01762578221887026,-29.842177811297486,1.7694179454963432e-12
KR6KS0001LQ0,738070,2021,0.25,0.01080000000000001,0.009805635157527637,-9.943648424723724,2.220446049250313e-12
KR6KS0001LQ0,738070,2021,0.5,0.01499993270649595,0.013006615105113608,-19.933176013823427,2.220446049250313e-12
KR6KS0001LQ0,738070,2021,1.0,0.0211099271167542,0.014607105078906594,-65.02822037847608,2.220446049250313e-12
KR6KS0001LQ0,738070,2021,1.5,0.02497132827589313,0.016212030642809756,-87.59297633083374,2.220446049250313e-12
KR6KS0001LQ0,738070,2021,2.0,0.027294762090375596,0.01701449342476134,-102.80268665614257,2.220446049250313e-12
KR6KS0001LQ0,738070,2021,3.0,0.029163749055366228,0.018300237888507875,-108.63511166858353,2.220446049250313e-12
KR6KS0001LQ0,738070,2021,4.0,0.029134744916167302,0.019239239597542486,-98.95505318624816,2.220446049250313e-12
KR6KS0001LQ0,738070,2021,5.0,0.028356325746312576,0.01966837756915978,-86.87948177152796,2.220446049250313e-12
KR6KS0001LQ0,738070,2021,7.0,0.026359783311077495,0.020253181824846877,-61.06601486230618,2.220446049250313e-12
KR6KS0001LQ0,738070,2021,10.0,0.023990000000000004,0.02084753509756336,-31.42464902436644,2.220446049250313e-12
KR6DS0000B62,738082,2021,0.25,0.01080000000000001,0.009809827105312833,-9.90172894687176,2.185751579730777e-12
KR6DS0000B62,738082,2021,0.5,0.01499993270649595,0.013773741549804697,-12.261911566912534,2.185751579730777e-12
KR6DS0000B62,738082,2021,1.0,0.0211099271167542,0.015755698772050627,-53.542283447035736,2.185751579730777e-12
KR6DS0000B62,738082,2021,1.5,0.02497132827589313,0.017410540152805364,-75.60788123087765,2.185751579730777e-12
KR6DS0000B62,738082,2021,2.0,0.027294762090375596,0.018237960843182733,-90.56801247192863,2.185751579730777e-12
KR6DS0000B62,738082,2021,3.0,0.029163749055366228,0.01921861695324395,-99.45132102122278,2.185751579730777e-12
KR6DS0000B62,738082,2021,4.0,0.029134744916167302,0.019747831991086096,-93.86912925081207,2.185751579730777e-12
KR6DS0000B62,738082,2021,5.0,0.028356325746312576,0.019972093710692865,-83.8423203561971,2.185751579730777e-12
KR6DS0000B62,738082,2021,7.0,0.026359783311077495,0.020194771155932788,-61.65012155144707,2.185751579730777e-12
KR6DS0000B62,738082,2021,10.0,0.023990000000000004,0.020583345064564735,-34.066549354352695,2.185751579730777e-12
KR6MZ0001752,738095,2021,0.25,0.011700000000000004,0.010808629776949595,-8.913702230504088,1.8735013540549517e-12
KR6MZ0001752,738095,2021,0.5,0.016293588153628788,0.015020798454953414,-12.727896986753743,1.8735013540549517e-12
KR6MZ0001752,738095,2021,1.0,0.02289336918669662,0.017126882793955325,-57.66486392741295,1.8735013540549517e-12
KR6MZ0001752,738095,2021,1.5,0.02696308502398167,0.0192348375317144,-77.28247492267269,1.8735013540549517e-12
KR6MZ0001752,738095,2021,2.0,0.02931336601776946,0.020288814900593935,-90.24551117175525,1.8735013540549517e-12
KR6MZ0001752,738095,2021,3.0,0.030942390455483325,0.021496940858795666,-94.45449596687659,1.8735013540549517e-12
KR6MZ0001752,738095,2021,4.0,0.030517241690512068,0.02194688809362398,-85.70353596888087,1.8735013540549517e-12
KR6MZ0001752,738095,2021,5.0,0.029324626208554007,0.022091830257397017,-72.3279595115699,1.8735013540549517e-12
KR6MZ0001752,738095,2021,7.0,0.026622001225724244,0.022129478595951622,-44.92522629772622,1.8735013540549517e-12
KR6MZ0001752,738095,2021,10.0,0.023550000000000005,0.021955700695926623,-15.942993040733814,1.8735013540549517e-12
KR6MZ0001851,738106,2021,0.25,0.011700000000000004,0.010803253815012364,-8.9674618498764,2.2551405187698492e-12
KR6MZ0001851,738106,2021,0.5,0.016293588153628788,0.01403699742044006,-22.565907331887278,2.2551405187698492e-12
KR6MZ0001851,738106,2021,1.0,0.02289336918669662,0.015653869223153906,-72.39499963542714,2.2551405187698492e-12
KR6MZ0001851,738106,2021,1.5,0.02696308502398167,0.017527320625901212,-94.35764398080457,2.2551405187698492e-12
KR6MZ0001851,738106,2021,2.0,0.02931336601776946,0.018464046327274865,-108.49319690494595,2.2551405187698492e-12
KR6MZ0001851,738106,2021,3.0,0.030942390455483325,0.01944423212867185,-114.98158326811475,2.2551405187698492e-12
KR6MZ0001851,738106,2021,4.0,0.030517241690512068,0.019844722524635986,-106.72519165876082,2.2551405187698492e-12
KR6MZ0001851,738106,2021,5.0,0.029324626208554007,0.019887844554147542,-94.36781654406465,2.2551405187698492e-12
KR6MZ0001851,738106,2021,7.0,0.026622001225724244,0.019746268866375743,-68.75732359348501,2.2551405187698492e-12
KR6MZ0001851,738106,2021,10.0,0.023550000000000005,0.01982044052744189,-37.29559472558115,2.2551405187698492e-12
20211119000386_27275,738133,2021,0.25,0.012700000000000006,0.011699094609617707,-10.009053903822993,1.7694179454963432e-12
20211119000386_27275,738133,2021,0.5,0.01587869849473742,0.014634002504632704,-12.446959901047174,1.7694179454963432e-12
20211119000386_27275,738133,2021,1.0,0.020476864839120035,0.0161014564521402,-43.75408386979834,1.7694179454963432e-12
20211119000386_27275,738133,2021,1.5,0.023350885119449525,0.017388354569536867,-59.625305499126576,1.7694179454963432e-12
20211119000386_27275,738133,2021,2.0,0.02504912979956333,0.0180318036282352,-70.17326171328129,1.7694179454963432e-12
20211119000386_27275,738133,2021,3.0,0.026332691529372704,0.018379546405372465,-79.53145124000238,1.7694179454963432e-12
20211119000386_27275,738133,2021,4.0,0.026186618711544155,0.018425334319281457,-77.61284392262698,1.7694179454963432e-12
20211119000386_27275,738133,2021,5.0,0.025489820184546395,0.018344250690392767,-71.4556949415363,1.7694179454963432e-12
20211119000386_27275,738133,2021,7.0,0.023815024799956855,0.018132467545410286,-56.82557254546569,1.7694179454963432e-12
20211119000386_27275,738133,2021,10.0,0.021870000000000007,0.01815942890715081,-37.105710928491966,1.7694179454963432e-12
KR6SY0001984,738148,2021,0.25,0.012700000000000006,0.011697819101984244,-10.021808980157624,1.942890293094024e-12
KR6SY0001984,738148,2021,0.5,0.01587869849473742,0.014400584607708716,-14.781138870287053,1.942890293094024e-12
KR6SY0001984,738148,2021,1.0,0.020476864839120035,0.01575196736057095,-47.248974785490844,1.942890293094024e-12
KR6SY0001984,738148,2021,1.5,0.023350885119449525,0.017072539541275245,-62.7834557817428,1.942890293094024e-12
KR6SY0001984,738148,2021,2.0,0.02504912979956333,0.01773282563162739,-73.16304167935938,1.942890293094024e-12
KR6SY0001984,738148,2021,3.0,0.026332691529372704,0.018131344311853433,-82.01347217519272,1.942890293094024e-12
KR6SY0001984,738148,2021,4.0,0.026186618711544155,0.018279390764771333,-79.07227946772822,1.942890293094024e-12
KR6SY0001984,738148,2021,5.0,0.025489820184546395,0.0182751658098808,-72.14654374665595,1.942890293094024e-12
KR6SY0001984,738148,2021,7.0,0.023815024799956855,0.018192102878262485,-56.2292192169437,1.942890293094024e-12
KR6SY0001984,738148,2021,10.0,0.021870000000000007,0.01826927008081755,-36.007299191824565,1.942890293094024e-12
KR6SS0002VA4,738168,2022,0.25,0.01390000000000001,0.012693327267174693,-12.066727328253167,2.1163626406917047e-12
KR6SS0002VA4,738168,2022,0.5,0.01642678809191724,0.015130478396730276,-12.963096951869625,2.1163626406917047e-12
KR6SS0002VA4,738168,2022,1.0,0.020201970221801,0.016349053961508066,-38.52916260292935,2.1163626406917047e-12
KR6SS0002VA4,738168,2022,1.5,0.022709005018322223,0.018122725100851934,-45.86279917470289,2.1163626406917047e-12
KR6SS0002VA4,738168,2022,2.0,0.0243354361431267,0.019009560670523867,-53.25875472602833,2.1163626406917047e-12
KR6SS0002VA4,738168,2022,3.0,0.025956910012672165,0.02001613290680312,-59.40777105869044,2.1163626406917047e-12
KR6SS0002VA4,738168,2022,4.0,0.026410504635324506,0.020391260928144528,-60.19243707179978,2.1163626406917047e-12
KR6SS0002VA4,738168,2022,5.0,0.026350745080305417,0.020538465165064846,-58.12279915240571,2.1163626406917047e-12
KR6SS0002VA4,738168,2022,7.0,0.025770904411726026,0.020474254979973117,-52.96649431752908,2.1163626406917047e-12
KR6SS0002VA4,738168,2022,10.0,0.024920000000000008,0.02062708493748819,-42.92915062511816,2.1163626406917047e-12
KR6MD0002HN1,738182,2022,0.25,0.01390000000000001,0.01269851976111434,-12.014802388856696,2.0469737016526324e-12
KR6MD0002HN1,738182,2022,0.5,0.01642678809191724,0.01608070478768581,-3.4608330423142872,2.0469737016526324e-12
KR6MD0002HN1,738182,2022,1.0,0.020201970221801,0.017771797300971545,-24.301729208294557,2.0469737016526324e-12
KR6MD0002HN1,738182,2022,1.5,0.022709005018322223,0.019679262048849323,-30.297429694728997,2.0469737016526324e-12
KR6MD0002HN1,738182,2022,2.0,0.0243354361431267,0.020632994422788212,-37.02441720338488,2.0469737016526324e-12
KR6MD0002HN1,738182,2022,3.0,0.025956910012672165,0.02161334009308923,-43.43569919582936,2.0469737016526324e-12
KR6MD0002HN1,738182,2022,4.0,0.026410504635324506,0.021936392044079392,-44.74112591245114,2.0469737016526324e-12
KR6MD0002HN1,738182,2022,5.0,0.026350745080305417,0.022135476718773913,-42.15268361531504,2.0469737016526324e-12
KR6MD0002HN1,738182,2022,7.0,0.025770904411726026,0.022095829399235368,-36.750750124906574,2.0469737016526324e-12
KR6MD0002HN1,738182,2022,10.0,0.024920000000000008,0.022086291154785692,-28.33708845214316,2.0469737016526324e-12
KR6HN0002129,738197,2022,0.25,0.015000000000000015,0.013895006454710096,-11.049935452899193,1.5265566588595902e-12
KR6HN0002129,738197,2022,0.5,0.01848101465384097,0.01735956516855483,-11.214494852861412,1.5265566588595902e-12
KR6HN0002129,738197,2022,1.0,0.02357627890472782,0.0190918445254772,-44.844343792506194,1.5265566588595902e-12
KR6HN0002129,738197,2022,1.5,0.026834413490490462,0.021133915563080845,-57.004979274096165,1.5265566588595902e-12
KR6HN0002129,738197,2022,2.0,0.028831857818611334,0.02215495108188267,-66.76906736728664,1.5265566588595902e-12
KR6HN0002129,738197,2022,3.0,0.03053687092805235,0.023134834869451795,-74.02036058600555,1.5265566588595902e-12
KR6HN0002129,738197,2022,4.0,0.030660621987788093,0.023560565564810305,-71.0005642297779,1.5265566588595902e-12
KR6HN0002129,738197,2022,5.0,0.030143632915395874,0.023680223243214216,-64.63409672181658,1.5265566588595902e-12
KR6HN0002129,738197,2022,7.0,0.028683789029070962,0.023639457774734786,-50.44331254336176,1.5265566588595902e-12
KR6HN0002129,738197,2022,10.0,0.026900000000000018,0.023629184052264544,-32.708159477354734,1.5265566588595902e-12
KR6SH0002Z43,738211,2022,0.25,0.015000000000000015,0.013893822377156492,-11.061776228435232,1.5959455978986625e-12
KR6SH0002Z43,738211,2022,0.5,0.01848101465384097,0.017142878976245265,-13.381356775957059,1.5959455978986625e-12
KR6SH0002Z43,738211,2022,1.0,0.02357627890472782,0.01876740727578965,-48.08871628938168,1.5959455978986625e-12
KR6SH0002Z43,738211,2022,1.5,0.026834413490490462,0.020540990000157203,-62.934234903332595,1.5959455978986625e-12
KR6SH0002Z43,738211,2022,2.0,0.028831857818611334,0.02142778136234098,-74.04076456270354,1.5959455978986625e-12
KR6SH0002Z43,738211,2022,3.0,0.03053687092805235,0.022383516105765045,-81.53354822287305,1.5959455978986625e-12
KR6SH0002Z43,738211,2022,4.0,0.030660621987788093,0.022835948439240382,-78.24673548547712,1.5959455978986625e-12
KR6SH0002Z43,738211,2022,5.0,0.030143632915395874,0.022982280350779337,-71.61352564616537,1.5959455978986625e-12
KR6SH0002Z43,738211,2022,7.0,0.028683789029070962,0.02294213139255335,-57.416576365176134,1.5959455978986625e-12
KR6SH0002Z43,738211,2022,10.0,0.026900000000000018,0.02293227304737876,-39.67726952621258,1.5959455978986625e-12
KR6KS0002809,738225,2022,0.25,0.015000000000000015,0.01498613738120075,-0.13862618799265203,1.457167719820518e-12
KR6KS0002809,738225,2022,0.5,0.018191113473649708,0.017555175525682056,-6.3593794796765195,1.457167719820518e-12
KR6KS0002809,738225,2022,1.0,0.02292417573029591,0.01883969459792271,-40.844811323732,1.457167719820518e-12
KR6KS0002809,738225,2022,1.5,0.02602610863249855,0.020983311502290814,-50.42797130207735,1.457167719820518e-12
KR6KS0002809,738225,2022,2.0,0.028000311910295082,0.022055119954474872,-59.4519195582021,1.457167719820518e-12
KR6KS0002809,738225,2022,3.0,0.02987449678616873,0.023060547068461876,-68.13949717706855,1.457167719820518e-12
KR6KS0002809,738225,2022,4.0,0.030282832031820934,0.023511988102778325,-67.70843929042609,1.457167719820518e-12
KR6KS0002809,738225,2022,5.0,0.030064669520482052,0.02357916415549765,-64.85505364984402,1.457167719820518e-12
KR6KS0002809,738225,2022,7.0,0.029115377342706195,0.023591734199431086,-55.23643143275109,1.457167719820518e-12
KR6KS0002809,738225,2022,10.0,0.027840000000000018,0.023580865715768996,-42.59134284231022,1.457167719820518e-12
KR6KB0003BZ4,738238,2022,0.25,0.015000000000000015,0.0149900534079135,-0.09946592086515493,1.8041124150158794e-12
KR6KB0003BZ4,738238,2022,0.5,0.018191113473649708,0.018271808414115263,0.8069494046555534,1.8041124150158794e-12
KR6KB0003BZ4,738238,2022,1.0,0.02292417573029591,0.019912685917216143,-30.11489813079766,1.8041124150158794e-12
KR6KB0003BZ4,738238,2022,1.5,0.02602610863249855,0.022492808568251005,-35.33300064247545,1.8041124150158794e-12
KR6KB0003BZ4,738238,2022,2.0,0.028000311910295082,0.02378286989376844,-42.17442016526643,1.8041124150158794e-12
KR6KB0003BZ4,738238,2022,3.0,0.02987449678616873,0.024938982733972857,-49.355140521958745,1.8041124150158794e-12
KR6KB0003BZ4,738238,2022,4.0,0.030282832031820934,0.025258621042743262,-50.24210989077672,1.8041124150158794e-12
KR6KB0003BZ4,738238,2022,5.0,0.030064669520482052,0.025272193800043113,-47.92475720438939,1.8041124150158794e-12
KR6KB0003BZ4,738238,2022,7.0,0.029115377342706195,0.025230842027414494,-38.845353152917006,1.8041124150158794e-12
KR6KB0003BZ4,738238,2022,10.0,0.027840000000000018,0.02530194366983481,-25.38056330165208,1.8041124150158794e-12
KR6KS0002BG0,738253,2022,0.25,0.016400000000000005,0.014998614045323107,-14.01385954676898,3.0184188481996443e-12
KR6KS0002BG0,738253,2022,0.5,0.020637654606771583,0.01983840506007316,-7.99249546698421,3.0184188481996443e-12
KR6KS0002BG0,738253,2022,1.0,0.026882374377479087,0.022258300567448187,-46.240738100308995,3.0184188481996443e-12
KR6KS0002BG0,738253,2022,1.5,0.03092641787799436,0.025948411325788994,-49.78006552205365,3.0184188481996443e-12
KR6KS0002BG0,738253,2022,2.0,0.033454623674757634,0.027793466704959396,-56.61156969798239,3.0184188481996443e-12
KR6KS0002BG0,738253,2022,3.0,0.03574026955466115,0.029249704694103387,-64.90564860557761,3.0184188481996443e-12
KR6KS0002BG0,738253,2022,4.0,0.03608996137603686,0.02919715639825231,-68.92804977784547,3.0184188481996443e-12
KR6KS0002BG0,738253,2022,5.0,0.035633236512135215,0.02894407129649152,-66.89165215643695,3.0184188481996443e-12
KR6KS0002BG0,738253,2022,7.0,0.03411862450754957,0.0283156750028277,-58.02949504721874,3.0184188481996443e-12
KR6KS0002BG0,738253,2022,10.0,0.03219000000000001,0.02757807184657591,-46.11928153424101,3.0184188481996443e-12
KR6YT0000T58,738267,2022,0.25,0.016400000000000005,0.01500334973163781,-13.966502683621947,3.191891195797325e-12
KR6YT0000T58,738267,2022,0.5,0.020637654606771583,0.020705035655664082,0.6738104889249946,3.191891195797325e-12
KR6YT0000T58,738267,2022,1.0,0.026882374377479087,0.023555878617677217,-33.2649575980187,3.191891195797325e-12
KR6YT0000T58,738267,2022,1.5,0.03092641787799436,0.026807965217719207,-41.18452660275152,3.191891195797325e-12
KR6YT0000T58,738267,2022,2.0,0.033454623674757634,0.0284340085177402,-50.20615157017433,3.191891195797325e-12
KR6YT0000T58,738267,2022,3.0,0.03574026955466115,0.030046384178440452,-56.93885376220696,3.191891195797325e-12
KR6YT0000T58,738267,2022,4.0,0.03608996137603686,0.0304361384733986,-56.53822902638259,3.191891195797325e-12
KR6YT0000T58,738267,2022,5.0,0.035633236512135215,0.03046877976702712,-51.644567451080945,3.191891195797325e-12
KR6YT0000T58,738267,2022,7.0,0.03411862450754957,0.030283461566183275,-38.35162941366297,3.191891195797325e-12
KR6YT0000T58,738267,2022,10.0,0.03219000000000001,0.029964538459240485,-22.254615407595253,3.191891195797325e-12
KR6HM0000AM3,738284,2022,0.25,0.017700000000000007,0.016400708389455933,-12.992916105440747,2.7755575615628914e-12
KR6HM0000AM3,738284,2022,0.5,0.02102270124344276,0.022615128854284995,15.92427610842235,2.7755575615628914e-12
KR6HM0000AM3,738284,2022,1.0,0.026011444412669803,0.025722339086699523,-2.8910532597027987,2.7755575615628914e-12
KR6HM0000AM3,738284,2022,1.5,0.02935341414553507,0.02917701338106939,-1.764007644656819,2.7755575615628914e-12
KR6HM0000AM3,738284,2022,2.0,0.03154838952749937,0.03090435052825433,-6.44038999245037,2.7755575615628914e-12
KR6HM0000AM3,738284,2022,3.0,0.03380288557513892,0.03241266930978096,-13.902162653579575,2.7755575615628914e-12
KR6HM0000AM3,738284,2022,4.0,0.03451523624979773,0.03253984618680315,-19.75390062994582,2.7755575615628914e-12
KR6HM0000AM3,738284,2022,5.0,0.03453715936547623,0.032334660095755294,-22.024992697209367,2.7755575615628914e-12
KR6HM0000AM3,738284,2022,7.0,0.033927523838101915,0.03156202497950435,-23.654988585975687,2.7755575615628914e-12
KR6HM0000AM3,738284,2022,10.0,0.032950000000000014,0.031121866329367105,-18.281336706329096,2.7755575615628914e-12
KR6SH0003DL0,738306,2022,0.25,0.017700000000000007,0.016401709999162243,-12.982900008377644,3.3653635433950058e-12
KR6SH0003DL0,738306,2022,0.5,0.02102270124344276,0.022798423430539796,17.757221870970362,3.3653635433950058e-12
KR6SH0003DL0,738306,2022,1.0,0.026011444412669803,0.025996780146228568,-0.14664266441234697,3.3653635433950058e-12
KR6SH0003DL0,738306,2022,1.5,0.02935341414553507,0.02827238710678662,-10.810270387484506,3.3653635433950058e-12
KR6SH0003DL0,738306,2022,2.0,0.03154838952749937,0.02941019058706565,-21.38198940433718,3.3653635433950058e-12
KR6SH0003DL0,738306,2022,3.0,0.03380288557513892,0.03015617182294419,-36.46713752194729,3.3653635433950058e-12
KR6SH0003DL0,738306,2022,4.0,0.03451523624979773,0.030373032622925924,-41.42203626871805,3.3653635433950058e-12
KR6SH0003DL0,738306,2022,5.0,0.03453715936547623,0.030175431483932175,-43.61727881544056,3.3653635433950058e-12
KR6SH0003DL0,738306,2022,7.0,0.033927523838101915,0.02981576211384022,-41.117617242616944,3.3653635433950058e-12
KR6SH0003DL0,738306,2022,10.0,0.032950000000000014,0.029539003388057528,-34.109966119424854,3.3653635433950058e-12
KR6HN0002FZ8,738327,2022,0.25,0.019900000000000008,0.017712589069921923,-21.874109300780848,2.0122792321330962e-12
KR6HN0002FZ8,738327,2022,0.5,0.022995713069545988,0.027090778656070725,40.95065586524737,2.0122792321330962e-12
KR6HN0002FZ8,738327,2022,1.0,0.02771739640474632,0.031779873449145124,40.62477044398803,2.0122792321330962e-12
KR6HN0002FZ8,738327,2022,1.5,0.03096770944213943,0.034996042358136685,40.28332915997256,2.0122792321330962e-12
KR6HN0002FZ8,738327,2022,2.0,0.033182579049909386,0.03660412681263247,34.21547762723083,2.0122792321330962e-12
KR6HN0002FZ8,738327,2022,3.0,0.03565235868949923,0.03736307280584306,17.107141163438325,2.0122792321330962e-12
KR6HN0002FZ8,738327,2022,4.0,0.03666602681349389,0.03728250384677042,6.164770332765316,2.0122792321330962e-12
KR6HN0002FZ8,738327,2022,5.0,0.036990006472775755,0.03702548044680156,0.354739740258056,2.0122792321330962e-12
KR6HN0002FZ8,738327,2022,7.0,0.03688366048652705,0.03611424164943809,-7.6941883708896155,2.0122792321330962e-12
KR6HN0002FZ8,738327,2022,10.0,0.036400000000000016,0.03491966887876653,-14.80331121233483,2.0122792321330962e-12
KR6SH0003JF9,738347,2022,0.25,0.02410000000000002,0.01988884096219967,-42.11159037800352,2.914335439641036e-12
KR6SH0003JF9,738347,2022,0.5,0.029442319210580586,0.02681283380903531,-26.29485401545277,2.914335439641036e-12
KR6SH0003JF9,738347,2022,1.0,0.03696075898037873,0.03027483023245313,-66.85928747925604,2.914335439641036e-12
KR6SH0003JF9,738347,2022,1.5,0.04140275952906402,0.03184292839812302,-95.59831130941,2.914335439641036e-12
KR6SH0003JF9,738347,2022,2.0,0.043774361921508416,0.03262697748095797,-111.47384440550447,2.914335439641036e-12
KR6SH0003JF9,738347,2022,3.0,0.04488230931172852,0.03265832866124276,-122.23980650485758,2.914335439641036e-12
KR6SH0003JF9,738347,2022,4.0,0.043642408428625566,0.032439297314282634,-112.03111114342933,2.914335439641036e-12
KR6SH0003JF9,738347,2022,5.0,0.04160883662056155,0.03209079296762378,-95.1804365293777,2.914335439641036e-12
KR6SH0003JF9,738347,2022,7.0,0.037482405355767474,0.031232588282079466,-62.498170736880084,2.914335439641036e-12
KR6SH0003JF9,738347,2022,10.0,0.03300000000000001,0.03056189969888684,-24.38100301113168,2.914335439641036e-12
KR6MD0003A33,738368,2022,0.25,0.027900000000000015,0.024053174693246984,-38.468253067530306,2.8102520310824275e-12
KR6MD0003A33,738368,2022,0.5,0.03426008508514802,0.028655648401259483,-56.0443668388854,2.8102520310824275e-12
KR6MD0003A33,738368,2022,1.0,0.04304111298776079,0.030956885255265725,-120.84227732495064,2.8102520310824275e-12
KR6MD0003A33,738368,2022,1.5,0.04801480647170757,0.03069591245761144,-173.18894014096128,2.8102520310824275e-12
KR6MD0003A33,738368,2022,2.0,0.05044725813977382,0.030565426058784297,-198.81832080989523,2.8102520310824275e-12
KR6MD0003A33,738368,2022,3.0,0.05091618395694685,0.030076907674469005,-208.39276282477846,2.8102520310824275e-12
KR6MD0003A33,738368,2022,4.0,0.048634438491860846,0.02961223584915611,-190.22202642704735,2.8102520310824275e-12
KR6MD0003A33,738368,2022,5.0,0.04551469131752544,0.029249368470470938,-162.653228470545,2.8102520310824275e-12
KR6MD0003A33,738368,2022,7.0,0.039539465779870664,0.028594890450260146,-109.44575329610518,2.8102520310824275e-12
KR6MD0003A33,738368,2022,10.0,0.03322000000000001,0.02806971627899723,-51.502837210027835,2.8102520310824275e-12
KR6HH0000SZ7,738403,2022,0.25,0.030100000000000026,0.027832326229853044,-22.676737701469822,1.6653345369377348e-12
KR6HH0000SZ7,738403,2022,0.5,0.03589682434389787,0.03309453965081703,-28.022846930808377,1.6653345369377348e-12
KR6HH0000SZ7,738403,2022,1.0,0.04402957665457732,0.035725646361299025,-83.03930293278292,1.6653345369377348e-12
KR6HH0000SZ7,738403,2022,1.5,0.04880255104409011,0.03680833149557835,-119.94219548511764,1.6653345369377348e-12
KR6HH0000SZ7,738403,2022,2.0,0.0513175836643767,0.03734967406271801,-139.6790960165869,1.6653345369377348e-12
KR6HH0000SZ7,738403,2022,3.0,0.052392945622051566,0.03694725382614526,-154.45691795906305,1.6653345369377348e-12
KR6HH0000SZ7,738403,2022,4.0,0.05092734778182351,0.036471153923616446,-144.56193858207067,1.6653345369377348e-12
KR6HH0000SZ7,738403,2022,5.0,0.04861650301122202,0.035993817307805986,-126.22685703416035,1.6653345369377348e-12
KR6HH0000SZ7,738403,2022,7.0,0.0439804460534329,0.03505811292292827,-89.22333130504633,1.6653345369377348e-12
KR6HH0000SZ7,738403,2022,10.0,0.038970000000000025,0.03416786073226326,-48.02139267736767,1.6653345369377348e-12
KR6KS0002Z63,738418,2022,0.25,0.030100000000000026,0.027840600544318653,-22.593994556813733,1.5265566588595902e-12
KR6KS0002Z63,738418,2022,0.5,0.03589682434389787,0.03460873919802367,-12.88085145874196,1.5265566588595902e-12
KR6KS0002Z63,738418,2022,1.0,0.04402957665457732,0.03799280852487618,-60.367681297011366,1.5265566588595902e-12
KR6KS0002Z63,738418,2022,1.5,0.04880255104409011,0.03848202899078896,-103.20522053301154,1.5265566588595902e-12
KR6KS0002Z63,738418,2022,2.0,0.0513175836643767,0.03872663922374535,-125.90944440631351,1.5265566588595902e-12
KR6KS0002Z63,738418,2022,3.0,0.052392945622051566,0.03791531022218494,-144.77635399866628,1.5265566588595902e-12
KR6KS0002Z63,738418,2022,4.0,0.05092734778182351,0.03733970998979415,-135.87637792029366,1.5265566588595902e-12
KR6KS0002Z63,738418,2022,5.0,0.04861650301122202,0.03681317918207161,-118.03323829150412,1.5265566588595902e-12
KR6KS0002Z63,738418,2022,7.0,0.0439804460534329,0.03588258200596016,-80.97864047472744,1.5265566588595902e-12
KR6KS0002Z63,738418,2022,10.0,0.038970000000000025,0.03488347737655678,-40.865226234432434,1.5265566588595902e-12
KR6SH0003WY3,738435,2022,0.25,0.03690000000000002,0.030024980058696776,-68.75019941303246,2.9837243786801082e-12
KR6SH0003WY3,738435,2022,0.5,0.04570611258616892,0.03682434673937991,-88.81765846789007,2.9837243786801082e-12
KR6SH0003WY3,738435,2022,1.0,0.05781288422964666,0.04022403007972148,-175.88854149925177,2.9837243786801082e-12
KR6SH0003WY3,738435,2022,1.5,0.06460424989929918,0.041269054889034644,-233.35195010264536,2.9837243786801082e-12
KR6SH0003WY3,738435,2022,2.0,0.06785391956466913,0.04179156729369122,-260.6235227097791,2.9837243786801082e-12
KR6SH0003WY3,738435,2022,3.0,0.06824600808574711,0.04151326001281825,-267.32748072928865,2.9837243786801082e-12
KR6SH0003WY3,738435,2022,4.0,0.06484299597871128,0.04095255613901951,-238.90439839691766,2.9837243786801082e-12
KR6SH0003WY3,738435,2022,5.0,0.06031202686050754,0.04036390225691457,-199.48124603592964,2.9837243786801082e-12
KR6SH0003WY3,738435,2022,7.0,0.05171729599650405,0.03920373743370328,-125.13558562800772,2.9837243786801082e-12
KR6SH0003WY3,738435,2022,10.0,0.04267000000000002,0.03791681239988387,-47.5318760011615,2.9837243786801082e-12
KR6SY0001YJ9,738452,2022,0.25,0.03690000000000002,0.030045251515264434,-68.54748484735589,4.7878367936959876e-12
KR6SY0001YJ9,738452,2022,0.5,0.04570611258616892,0.040534023291260976,-51.72089294907943,4.7878367936959876e-12
KR6SY0001YJ9,738452,2022,1.0,0.05781288422964666,0.045778409179259245,-120.34475050387412,4.7878367936959876e-12
KR6SY0001YJ9,738452,2022,1.5,0.06460424989929918,0.045917115192530396,-186.87134706768782,4.7878367936959876e-12
KR6SY0001YJ9,738452,2022,2.0,0.06785391956466913,0.04598646819916597,-218.67451365503157,4.7878367936959876e-12
KR6SY0001YJ9,738452,2022,3.0,0.06824600808574711,0.045399548157378865,-228.4645992836825,4.7878367936959876e-12
KR6SY0001YJ9,738452,2022,4.0,0.06484299597871128,0.045026758896987845,-198.16237081723435,4.7878367936959876e-12
KR6SY0001YJ9,738452,2022,5.0,0.06031202686050754,0.04462437416615692,-156.87652694350615,4.7878367936959876e-12
KR6SY0001YJ9,738452,2022,7.0,0.05171729599650405,0.04383639150632128,-78.8090449018277,4.7878367936959876e-12
KR6SY0001YJ9,738452,2022,10.0,0.04267000000000002,0.0428332309361331,1.6323093613308108,4.7878367936959876e-12
KR6KW0001BG4,738469,2022,0.25,0.03990000000000003,0.036753549232559045,-31.464507674409877,3.3306690738754696e-12
KR6KW0001BG4,738469,2022,0.5,0.05059239338197131,0.040803103479977135,-97.89289901994174,3.3306690738754696e-12
KR6KW0001BG4,738469,2022,1.0,0.06504288883704205,0.04282788060368618,-222.15008233355871,3.3306690738754696e-12
KR6KW0001BG4,738469,2022,1.5,0.07282652727543705,0.04256419394513483,-302.6233333030222,3.3306690738754696e-12
KR6KW0001BG4,738469,2022,2.0,0.07619749537557893,0.042432350615859156,-337.6514475971978,3.3306690738754696e-12
KR6KW0001BG4,738469,2022,3.0,0.07542378288484106,0.04139750600069435,-340.2627688414671,3.3306690738754696e-12
KR6KW0001BG4,738469,2022,4.0,0.07010742662587938,0.040827827702991405,-292.7959892288797,3.3306690738754696e-12
KR6KW0001BG4,738469,2022,5.0,0.06357862286914528,0.04041086211787962,-231.67760751265664,3.3306690738754696e-12
KR6KW0001BG4,738469,2022,7.0,0.05158058762487817,0.03958637461606938,-119.94213008808791,3.3306690738754696e-12
KR6KW0001BG4,738469,2022,10.0,0.03915000000000002,0.03863351957647383,-5.164804235261861,3.3306690738754696e-12
20221129000047_28547,738497,2022,0.25,0.04020000000000002,0.03970048781943327,-4.995121805667496,2.42861286636753e-12
20221129000047_28547,738497,2022,0.5,0.04954781207277636,0.039270510141406714,-102.77301931369644,2.42861286636753e-12
20221129000047_28547,738497,2022,1.0,0.06204811081950504,0.03905552130239343,-229.92589517111605,2.42861286636753e-12
20221129000047_28547,738497,2022,1.5,0.06860643968714245,0.03779503772131378,-308.1140196582866,2.42861286636753e-12
20221129000047_28547,738497,2022,2.0,0.07124711468243965,0.03716479593077395,-340.82318751665696,2.42861286636753e-12
20221129000047_28547,738497,2022,3.0,0.0699044971544322,0.0353295686175441,-345.74928536888103,2.42861286636753e-12
20221129000047_28547,738497,2022,4.0,0.0646253255791088,0.03433516321194883,-302.90162367159974,2.42861286636753e-12
20221129000047_28547,738497,2022,5.0,0.05836992589587556,0.033405845119064054,-249.64080776811502,2.42861286636753e-12
20221129000047_28547,738497,2022,7.0,0.047047871238207375,0.03232205512597378,-147.25816112233593,2.42861286636753e-12
20221129000047_28547,738497,2022,10.0,0.03541000000000002,0.03130207340717002,-41.07926592829998,2.42861286636753e-12
KR6HN00036V8,738524,2023,0.25,0.03800000000000003,0.03999543388056909,19.9543388056906,2.0122792321330962e-12
KR6HN00036V8,738524,2023,0.5,0.044316732475959665,0.03918543415572281,-51.31298320236857,2.0122792321330962e-12
KR6HN00036V8,738524,2023,1.0,0.05274272298425798,0.038780434293299665,-139.62288690958314,2.0122792321330962e-12
KR6HN00036V8,738524,2023,1.5,0.05713553158977407,0.03765546535379507,-194.80066235979004,2.0122792321330962e-12
KR6HN00036V8,738524,2023,2.0,0.058871546356567654,0.037092980884042774,-217.7856547252488,2.0122792321330962e-12
KR6HN00036V8,738524,2023,3.0,0.05785902637485741,0.03592337068650774,-219.35655688349667,2.0122792321330962e-12
KR6HN00036V8,738524,2023,4.0,0.05419190717612918,0.03554764141447272,-186.44265761656462,2.0122792321330962e-12
KR6HN00036V8,738524,2023,5.0,0.049878339373683855,0.035109548022050116,-147.6879135163374,2.0122792321330962e-12
KR6HN00036V8,738524,2023,7.0,0.042095950623374616,0.03432337899231504,-77.72571631059579,2.0122792321330962e-12
KR6HN00036V8,738524,2023,10.0,0.03411000000000002,0.033914403095565385,-1.9559690443463755,2.0122792321330962e-12
KR6MD0004357,738550,2023,0.25,0.03800000000000003,0.039986082905226775,19.86082905226748,3.0878077872387166e-12
KR6MD0004357,738550,2023,0.5,0.044316732475959665,0.037474205668079144,-68.4252680788052,3.0878077872387166e-12
KR6MD0004357,738550,2023,1.0,0.05274272298425798,0.036218267049505336,-165.24455934752643,3.0878077872387166e-12
KR6MD0004357,738550,2023,1.5,0.05713553158977407,0.034711757319280244,-224.23774270493828,3.0878077872387166e-12
KR6MD0004357,738550,2023,2.0,0.058871546356567654,0.0339585024541677,-249.13043902399957,3.0878077872387166e-12
KR6MD0004357,738550,2023,3.0,0.05785902637485741,0.03213160441225151,-257.274219626059,3.0878077872387166e-12
KR6MD0004357,738550,2023,4.0,0.05419190717612918,0.031374903475836005,-228.17003700293174,3.0878077872387166e-12
KR6MD0004357,738550,2023,5.0,0.049878339373683855,0.0307630038829254,-191.15335490758454,3.0878077872387166e-12
KR6MD0004357,738550,2023,7.0,0.042095950623374616,0.030368767029289943,-117.27183594084673,3.0878077872387166e-12
KR6MD0004357,738550,2023,10.0,0.03411000000000002,0.030127303796453852,-39.826962035461705,3.0878077872387166e-12
KR6SH0004C55,738572,2023,0.25,0.03520000000000001,0.03782202973722,26.220297372199912,2.1510571102112408e-12
KR6SH0004C55,738572,2023,0.5,0.036330072107570034,0.037986980505795166,16.56908398225132,2.1510571102112408e-12
KR6SH0004C55,738572,2023,1.0,0.03783736229340058,0.038069455890082746,2.3209359668216467,2.1510571102112408e-12
KR6SH0004C55,738572,2023,1.5,0.038622998889224595,0.03746341638596244,-11.595825032621535,2.1510571102112408e-12
KR6SH0004C55,738572,2023,2.0,0.03893327241808567,0.03716039663390229,-17.72875784183378,2.1510571102112408e-12
KR6SH0004C55,738572,2023,3.0,0.038751474776978344,0.03613834231959946,-26.13132457378882,2.1510571102112408e-12
KR6SH0004C55,738572,2023,4.0,0.03809480002899155,0.03557536521520791,-25.194348137836386,2.1510571102112408e-12
KR6SH0004C55,738572,2023,5.0,0.03732255726275741,0.03532257518184788,-19.999820809095333,2.1510571102112408e-12
KR6SH0004C55,738572,2023,7.0,0.03592945666695859,0.034801551045358106,-11.279056216004848,2.1510571102112408e-12
KR6SH0004C55,738572,2023,10.0,0.03450000000000001,0.034549880602047105,0.4988060204709488,2.1510571102112408e-12
KR6MD00047F3,738592,2023,0.25,0.036100000000000014,0.035060793751252074,-10.392062487479398,2.0816681711721685e-12
KR6MD00047F3,738592,2023,0.5,0.0382981226733497,0.03767279795806988,-6.25324715279818,2.0816681711721685e-12
KR6MD00047F3,738592,2023,1.0,0.04122166361275453,0.03897880006147878,-22.42863551275752,2.0816681711721685e-12
KR6MD00047F3,738592,2023,1.5,0.04273441072921396,0.037895499026909495,-48.38911702304466,2.0816681711721685e-12
KR6MD00047F3,738592,2023,2.0,0.04331877800467331,0.037353848509624844,-59.64929495048468,2.0816681711721685e-12
KR6MD00047F3,738592,2023,3.0,0.04292351900154414,0.03605104174313784,-68.72477258406298,2.0816681711721685e-12
KR6MD00047F3,738592,2023,4.0,0.04160674650129625,0.03530888921270905,-62.978572885872,2.0816681711721685e-12
KR6MD00047F3,738592,2023,5.0,0.04007041567810215,0.03474169112685861,-53.28724551243537,2.0816681711721685e-12
KR6MD00047F3,738592,2023,7.0,0.03730861789024478,0.033935641751300184,-33.72976138944598,2.0816681711721685e-12
KR6MD00047F3,738592,2023,10.0,0.03448000000000001,0.03339294960226934,-10.87050397730674,2.0816681711721685e-12
KR6ZY0001PJ2,738614,2023,0.25,0.03500000000000001,0.03593769417188393,9.376941718839197,2.5673907444456745e-12
KR6ZY0001PJ2,738614,2023,0.5,0.035377031540121846,0.03578861625167877,4.115847115569241,2.5673907444456745e-12
KR6ZY0001PJ2,738614,2023,1.0,0.03582919069748051,0.035714077291576184,-1.1511340590432406,2.5673907444456745e-12
KR6ZY0001PJ2,738614,2023,1.5,0.03599731063953247,0.03445393069751524,-15.433799420172326,2.5673907444456745e-12
KR6ZY0001PJ2,738614,2023,2.0,0.03598399919141386,0.033823857400484776,-21.601417909290834,2.5673907444456745e-12
KR6ZY0001PJ2,738614,2023,3.0,0.035669316224832534,0.03265667935210682,-30.126368727257173,2.5673907444456745e-12
KR6ZY0001PJ2,738614,2023,4.0,0.035209485104918704,0.032151382738767886,-30.58102366150818,2.5673907444456745e-12
KR6ZY0001PJ2,738614,2023,5.0,0.03474303219336889,0.03174256197782892,-30.00470215539973,2.5673907444456745e-12
KR6ZY0001PJ2,738614,2023,7.0,0.033960695141289354,0.03141677971842173,-25.439154228676237,2.5673907444456745e-12
KR6ZY0001PJ2,738614,2023,10.0,0.03319000000000001,0.03127559988125854,-19.144001187414716,2.5673907444456745e-12
KR6KB0005006,738628,2023,0.25,0.03500000000000001,0.035934151708687176,9.341517086871656,2.8796409701214998e-12
KR6KB0005006,738628,2023,0.5,0.035377031540121846,0.0351403454866729,-2.366860534489465,2.8796409701214998e-12
KR6KB0005006,738628,2023,1.0,0.03582919069748051,0.03474344237566576,-10.85748321814746,2.8796409701214998e-12
KR6KB0005006,738628,2023,1.5,0.03599731063953247,0.03360261518211324,-23.946954574192368,2.8796409701214998e-12
KR6KB0005006,738628,2023,2.0,0.03598399919141386,0.03303220158533698,-29.51797606076882,2.8796409701214998e-12
KR6KB0005006,738628,2023,3.0,0.035669316224832534,0.03191629566982392,-37.530205550086116,2.8796409701214998e-12
KR6KB0005006,738628,2023,4.0,0.035209485104918704,0.0314884683173235,-37.21016787595205,2.8796409701214998e-12
KR6KB0005006,738628,2023,5.0,0.03474303219336889,0.031210576590691937,-35.324556026769535,2.8796409701214998e-12
KR6KB0005006,738628,2023,7.0,0.033960695141289354,0.03101516940521492,-29.45525736074435,2.8796409701214998e-12
KR6KB0005006,738628,2023,10.0,0.03319000000000001,0.030923497734191518,-22.665022658084933,2.8796409701214998e-12
KR6YT0001D48,738643,2023,0.25,0.03640000000000002,0.03485262697296007,-15.473730270399514,2.9837243786801082e-12
KR6YT0001D48,738643,2023,0.5,0.03721421940514715,0.03566250593816332,-15.517134669838297,2.9837243786801082e-12
KR6YT0001D48,738643,2023,1.0,0.03823987262730247,0.03606744542076495,-21.724272065375207,2.9837243786801082e-12
KR6YT0001D48,738643,2023,1.5,0.03869409029738838,0.034586565810643406,-41.07524486744972,2.9837243786801082e-12
KR6YT0001D48,738643,2023,2.0,0.03877864062112465,0.033846126005582636,-49.32514615542012,2.9837243786801082e-12
KR6YT0001D48,738643,2023,3.0,0.03834541436800216,0.03242407487889352,-59.2133948910864,2.9837243786801082e-12
KR6YT0001D48,738643,2023,4.0,0.03758584737304225,0.031765614470462895,-58.20232902579353,2.9837243786801082e-12
KR6YT0001D48,738643,2023,5.0,0.03678101013920074,0.03135999666871561,-54.21013470485126,2.9837243786801082e-12
KR6YT0001D48,738643,2023,7.0,0.03539946081695043,0.03114475773360689,-42.54703083343542,2.9837243786801082e-12
KR6YT0001D48,738643,2023,10.0,0.03402000000000002,0.031225102195005572,-27.948978049944508,2.9837243786801082e-12
KR6SY0002DF9,738663,2023,0.25,0.03640000000000002,0.034851809367005805,-15.481906329942174,2.706168622523819e-12
KR6SY0002DF9,738663,2023,0.5,0.03721421940514715,0.03551288404853309,-17.01335356614063,2.706168622523819e-12
KR6SY0002DF9,738663,2023,1.0,0.03823987262730247,0.03584342138929673,-23.96451238005741,2.706168622523819e-12
KR6SY0002DF9,738663,2023,1.5,0.03869409029738838,0.03456452014239633,-41.29570154992046,2.706168622523819e-12
KR6SY0002DF9,738663,2023,2.0,0.03877864062112465,0.03392506951894614,-48.5357110217851,2.706168622523819e-12
KR6SY0002DF9,738663,2023,3.0,0.03834541436800216,0.03247570045252121,-58.69713915480946,2.706168622523819e-12
KR6SY0002DF9,738663,2023,4.0,0.03758584737304225,0.03186858465582858,-57.172627172136714,2.706168622523819e-12
KR6SY0002DF9,738663,2023,5.0,0.03678101013920074,0.03156757671202982,-52.1343342717092,2.706168622523819e-12
KR6SY0002DF9,738663,2023,7.0,0.03539946081695043,0.03140317550535267,-39.96285311597764,2.706168622523819e-12
KR6SY0002DF9,738663,2023,10.0,0.03402000000000002,0.03156376303752898,-24.56236962471041,2.706168622523819e-12
KR6SH0004WD5,738683,2023,0.25,0.03750000000000002,0.03623945779357481,-12.605422064252068,2.220446049250313e-12
KR6SH0004WD5,738683,2023,0.5,0.03968843237914867,0.036900396089183926,-27.880362899647473,2.220446049250313e-12
KR6SH0004WD5,738683,2023,1.0,0.042606255959440065,0.037230865236988486,-53.753907224515785,2.220446049250313e-12
KR6SH0004WD5,738683,2023,1.5,0.04412562210679947,0.03601865811440184,-81.06963992397631,2.220446049250313e-12
KR6SH0004WD5,738683,2023,2.0,0.04472392904046859,0.03541255455310851,-93.11374487360081,2.220446049250313e-12
KR6SH0004WD5,738683,2023,3.0,0.044366323744948394,0.0342686248964039,-100.97698848544493,2.220446049250313e-12
KR6SH0004WD5,738683,2023,4.0,0.04308938898835394,0.03365792859169998,-94.31460396653962,2.220446049250313e-12
KR6SH0004WD5,738683,2023,5.0,0.04158934916879065,0.03324916623809528,-83.4018293069537,2.220446049250313e-12
KR6SH0004WD5,738683,2023,7.0,0.03888461760335697,0.03300459529163554,-58.80022311721432,2.220446049250313e-12
KR6SH0004WD5,738683,2023,10.0,0.03611000000000002,0.033029548243952614,-30.804517560474032,2.220446049250313e-12
KR6SH0004Y75,738698,2023,0.25,0.03750000000000002,0.03624091106541908,-12.590889345809389,2.1510571102112408e-12
KR6SH0004Y75,738698,2023,0.5,0.03968843237914867,0.03716634483668506,-25.220875424636148,2.1510571102112408e-12
KR6SH0004Y75,738698,2023,1.0,0.042606255959440065,0.037629061722318044,-49.771942371220206,2.1510571102112408e-12
KR6SH0004Y75,738698,2023,1.5,0.04412562210679947,0.036684984106343056,-74.40638000456413,2.1510571102112408e-12
KR6SH0004Y75,738698,2023,2.0,0.04472392904046859,0.036212945298355566,-85.10983742113024,2.1510571102112408e-12
KR6SH0004Y75,738698,2023,3.0,0.044366323744948394,0.03514253019545502,-92.23793549493375,2.1510571102112408e-12
KR6SH0004Y75,738698,2023,4.0,0.04308938898835394,0.03445120650560311,-86.38182482750827,2.1510571102112408e-12
KR6SH0004Y75,738698,2023,5.0,0.04158934916879065,0.033962324500393146,-76.27024668397507,2.1510571102112408e-12
KR6SH0004Y75,738698,2023,7.0,0.03888461760335697,0.03331503397771106,-55.69583625645913,2.1510571102112408e-12
KR6SH0004Y75,738698,2023,10.0,0.03611000000000002,0.03298867534605258,-31.213246539474397,2.1510571102112408e-12
KR6KW00020D4,738714,2023,0.25,0.03750000000000002,0.03732968874789829,-1.7031125210172777,1.942890293094024e-12
KR6KW00020D4,738714,2023,0.5,0.040365600942919494,0.03804010552105004,-23.25495421869453,1.942890293094024e-12
KR6KW00020D4,738714,2023,1.0,0.04422265269651056,0.03839531390762592,-58.27338788884639,1.942890293094024e-12
KR6KW00020D4,738714,2023,1.5,0.04627954019315692,0.03782151565880077,-84.58024534356151,1.942890293094024e-12
KR6KW00020D4,738714,2023,2.0,0.04714673300837248,0.0375346165343882,-96.1211647398428,1.942890293094024e-12
KR6KW00020D4,738714,2023,3.0,0.04686057853687262,0.03648563773862553,-103.74940798247093,1.942890293094024e-12
KR6KW00020D4,738714,2023,4.0,0.04536110034890737,0.03600064643823086,-93.60453910676512,1.942890293094024e-12
KR6KW00020D4,738714,2023,5.0,0.04354658782571838,0.03556069697245746,-79.85890853260922,1.942890293094024e-12
KR6KW00020D4,738714,2023,7.0,0.04023256990658425,0.03498817399756531,-52.44395909018935,1.942890293094024e-12
KR6KW00020D4,738714,2023,10.0,0.036810000000000016,0.03471185081751654,-20.981491824834734,1.942890293094024e-12
KR6HH00015F3,738733,2023,0.25,0.03700000000000004,0.0373291438449254,3.291438449253628,1.6653345369377348e-12
KR6HH00015F3,738733,2023,0.5,0.03895474222313098,0.03794038827701174,-10.143539461192411,1.6653345369377348e-12
KR6HH00015F3,738733,2023,1.0,0.04165242115990017,0.038246010493054906,-34.06410666845265,1.6653345369377348e-12
KR6HH00015F3,738733,2023,1.5,0.0431789709903767,0.03758838951180726,-55.90581478569438,1.6653345369377348e-12
KR6HH00015F3,738733,2023,2.0,0.04392397404571554,0.03725957902118344,-66.64395024532102,1.6653345369377348e-12
KR6HH00015F3,738733,2023,3.0,0.04406244391171975,0.03618607766531492,-78.7636624640483,1.6653345369377348e-12
KR6HH00015F3,738733,2023,4.0,0.04335580355516445,0.035780228808632075,-75.75574746532372,1.6653345369377348e-12
KR6HH00015F3,738733,2023,5.0,0.04239231790352174,0.03547279998485102,-69.19517918670722,1.6653345369377348e-12
KR6HH00015F3,738733,2023,7.0,0.040548794796122375,0.03508632215957624,-54.624726365461385,1.6653345369377348e-12
KR6HH00015F3,738733,2023,10.0,0.03860000000000002,0.034970957142042555,-36.29042857957468,1.6653345369377348e-12
KR6SY0002NB7,738761,2023,0.25,0.03700000000000004,0.03732905302778587,3.2905302778583194,1.457167719820518e-12
KR6SY0002NB7,738761,2023,0.5,0.03895474222313098,0.03792376874047736,-10.309734826536229,1.457167719820518e-12
KR6SY0002NB7,738761,2023,1.0,0.04165242115990017,0.03822112659682309,-34.31294563077079,1.457167719820518e-12
KR6SY0002NB7,738761,2023,1.5,0.0431789709903767,0.03768128547967949,-54.97685510697209,1.457167719820518e-12
KR6SY0002NB7,738761,2023,2.0,0.04392397404571554,0.03741136492110769,-65.12609124607847,1.457167719820518e-12
KR6SY0002NB7,738761,2023,3.0,0.04406244391171975,0.036696079535142624,-73.66364376577124,1.457167719820518e-12
KR6SY0002NB7,738761,2023,4.0,0.04335580355516445,0.03644309826342056,-69.12705291743885,1.457167719820518e-12
KR6SY0002NB7,738761,2023,5.0,0.04239231790352174,0.0361846566290572,-62.076612744645445,1.457167719820518e-12
KR6SY0002NB7,738761,2023,7.0,0.040548794796122375,0.03600911894340051,-45.39675852721865,1.457167719820518e-12
KR6SY0002NB7,738761,2023,10.0,0.03860000000000002,0.03599675882632175,-26.032411736782723,1.457167719820518e-12
KR6SS00054E9,738776,2023,0.25,0.037600000000000015,0.036838376830068534,-7.616231699314816,1.942890293094024e-12
KR6SS00054E9,738776,2023,0.5,0.039581551682400844,0.038292685278879135,-12.888664035217086,1.942890293094024e-12
KR6SS00054E9,738776,2023,1.0,0.042324854737044226,0.03901983950328443,-33.05015233759798,1.942890293094024e-12
KR6SS00054E9,738776,2023,1.5,0.04388832411321451,0.038679634989438015,-52.08689123776492,1.942890293094024e-12
KR6SS00054E9,738776,2023,2.0,0.04466341030102706,0.038509532732514805,-61.53877568512253,1.942890293094024e-12
KR6SS00054E9,738776,2023,3.0,0.044846973623506405,0.03794495138945641,-69.02022234049996,1.942890293094024e-12
KR6SS00054E9,738776,2023,4.0,0.04417157660585309,0.037715069780229545,-64.56506825623542,1.942890293094024e-12
KR6SS00054E9,738776,2023,5.0,0.04323038137881729,0.03748090216865384,-57.49479210163451,1.942890293094024e-12
KR6SS00054E9,738776,2023,7.0,0.041415569462543995,0.03732962859065414,-40.85940871889855,1.942890293094024e-12
KR6SS00054E9,738776,2023,10.0,0.039490000000000025,0.03734319351721771,-21.468064827823152,1.942890293094024e-12
KR6MD00053J3,738797,2023,0.25,0.038200000000000005,0.03743084996681637,-7.691500331836326,2.2898349882893854e-12
KR6MD00053J3,738797,2023,0.5,0.04187122115237897,0.03852141268607908,-33.498084662998906,2.2898349882893854e-12
KR6MD00053J3,738797,2023,1.0,0.0469865080941858,0.039066694045710434,-79.19814048475367,2.2898349882893854e-12
KR6MD00053J3,738797,2023,1.5,0.04994386980096802,0.03872738380759071,-112.16485993377316,2.2898349882893854e-12
KR6MD00053J3,738797,2023,2.0,0.051455344473230594,0.03855772868853084,-128.9761578469975,2.2898349882893854e-12
KR6MD00053J3,738797,2023,3.0,0.05195953598550376,0.03812218386720268,-138.3735211830108,2.2898349882893854e-12
KR6MD00053J3,738797,2023,4.0,0.05086374778245789,0.037943692691502016,-129.20055090955876,2.2898349882893854e-12
KR6MD00053J3,738797,2023,5.0,0.04925488457427468,0.03784185886018367,-114.13025714091009,2.2898349882893854e-12
KR6MD00053J3,738797,2023,7.0,0.04609772081401758,0.03782266768074707,-82.75053133270511,2.2898349882893854e-12
KR6MD00053J3,738797,2023,10.0,0.04272000000000001,0.03802850652772053,-46.914934722794776,2.2898349882893854e-12
KR6HH0001891,738816,2023,0.25,0.038200000000000005,0.03743357445644392,-7.6642554355608326,3.0531133177191805e-12
KR6HH0001891,738816,2023,0.5,0.04187122115237897,0.03901999428792104,-28.512268644579272,3.0531133177191805e-12
KR6HH0001891,738816,2023,1.0,0.0469865080941858,0.0398132042036596,-71.733038905262,3.0531133177191805e-12
KR6HH0001891,738816,2023,1.5,0.04994386980096802,0.03987660367997275,-100.67266120995275,3.0531133177191805e-12
KR6HH0001891,738816,2023,2.0,0.051455344473230594,0.03990830341812932,-115.47041055101272,3.0531133177191805e-12
KR6HH0001891,738816,2023,3.0,0.05195953598550376,0.03995720218658496,-120.02333798918804,3.0531133177191805e-12
KR6HH0001891,738816,2023,4.0,0.05086374778245789,0.04011325720342945,-107.50490579028438,3.0531133177191805e-12
KR6HH0001891,738816,2023,5.0,0.04925488457427468,0.040190894440698906,-90.63990133575777,3.0531133177191805e-12
KR6HH0001891,738816,2023,7.0,0.04609772081401758,0.04029552753212378,-58.02193281893797,3.0531133177191805e-12
KR6HH0001891,738816,2023,10.0,0.04272000000000001,0.04066175422289174,-20.58245777108267,3.0531133177191805e-12
KR6ZY0002F96,738830,2023,0.25,0.03830000000000002,0.038024688257403676,-2.7531174259634583,2.6367796834847468e-12
KR6ZY0002F96,738830,2023,0.5,0.041393811263621016,0.039015996363632954,-23.77814899988062,2.6367796834847468e-12
KR6ZY0002F96,738830,2023,1.0,0.04560130673470044,0.03951165041674759,-60.896563179528506,2.6367796834847468e-12
KR6ZY0002F96,738830,2023,1.5,0.04790219275340157,0.03932400727416379,-85.78185479237783,2.6367796834847468e-12
KR6ZY0002F96,738830,2023,2.0,0.04893811985082834,0.039230185702871886,-97.07934147956453,2.6367796834847468e-12
KR6ZY0002F96,738830,2023,3.0,0.048845900953424906,0.038999000259584964,-98.46900693839943,2.6367796834847468e-12
KR6ZY0002F96,738830,2023,4.0,0.047432395681449885,0.038949008162217844,-84.8338751923204,2.6367796834847468e-12
KR6ZY0002F96,738830,2023,5.0,0.04565152149963451,0.03884396610135098,-68.07555398283532,2.6367796834847468e-12
KR6ZY0002F96,738830,2023,7.0,0.04234449950132179,0.038794027186235445,-35.50472315086345,2.6367796834847468e-12
KR6ZY0002F96,738830,2023,10.0,0.038900000000000025,0.03899887761569862,0.9887761569859349,2.6367796834847468e-12
KR6MD0005CV8,738854,2023,0.25,0.03830000000000002,0.03801696947457768,-2.8303052542234113,1.6653345369377348e-12
KR6MD0005CV8,738854,2023,0.5,0.041393811263621016,0.03760345910647586,-37.90352157145155,1.6653345369377348e-12
KR6MD0005CV8,738854,2023,1.0,0.04560130673470044,0.03739670392242495,-82.04602812275488,1.6653345369377348e-12
KR6MD0005CV8,738854,2023,1.5,0.04790219275340157,0.036472763673427465,-114.29429079974109,1.6653345369377348e-12
KR6MD0005CV8,738854,2023,2.0,0.04893811985082834,0.03601079354892872,-129.2732630189962,1.6653345369377348e-12
KR6MD0005CV8,738854,2023,3.0,0.048845900953424906,0.03524963245484505,-135.9626849857986,1.6653345369377348e-12
KR6MD0005CV8,738854,2023,4.0,0.047432395681449885,0.034895166903197924,-125.3722877825196,1.6653345369377348e-12
KR6MD0005CV8,738854,2023,5.0,0.04565152149963451,0.03469300015275039,-109.58521346884118,1.6653345369377348e-12
KR6MD0005CV8,738854,2023,7.0,0.04234449950132179,0.034573641672267987,-77.70857829053804,1.6653345369377348e-12
KR6MD0005CV8,738854,2023,10.0,0.038900000000000025,0.03478559151151858,-41.144084884814426,1.6653345369377348e-12
KR6SS0005DZ2,738874,2023,0.25,0.03830000000000003,0.03811103044954577,-1.8896955045425572,2.6367796834847468e-12
KR6SS0005DZ2,738874,2023,0.5,0.04054487350322518,0.036788538717349016,-37.56334785876163,2.6367796834847468e-12
KR6SS0005DZ2,738874,2023,1.0,0.04345029485118476,0.03612729285125064,-73.23001999934124,2.6367796834847468e-12
KR6SS0005DZ2,738874,2023,1.5,0.04484641945075384,0.03448363446144412,-103.62784989309725,2.6367796834847468e-12
KR6SS0005DZ2,738874,2023,2.0,0.045258273021984846,0.033661805266540855,-115.96467755443992,2.6367796834847468e-12
KR6SS0005DZ2,738874,2023,3.0,0.044452477103272506,0.03244838807221658,-120.04089031055925,2.6367796834847468e-12
KR6SS0005DZ2,738874,2023,4.0,0.04272660260758376,0.03204973885641143,-106.76863751172327,2.6367796834847468e-12
KR6SS0005DZ2,738874,2023,5.0,0.04082705470040644,0.0317734449723039,-90.5360972810254,2.6367796834847468e-12
KR6SS0005DZ2,738874,2023,7.0,0.037503832669514375,0.03149948341569878,-60.043492538155924,2.6367796834847468e-12
KR6SS0005DZ2,738874,2023,10.0,0.03415000000000002,0.03157766816907991,-25.723318309201076,2.6367796834847468e-12
KR6NH0003KM4,738900,2024,0.25,0.03740000000000002,0.03810685330987312,7.068533098731066,2.914335439641036e-12
KR6NH0003KM4,738900,2024,0.5,0.04059315696845462,0.036024122157253965,-45.690348112006546,2.914335439641036e-12
KR6NH0003KM4,738900,2024,1.0,0.044791308917699446,0.03498275658094438,-98.08552336755066,2.914335439641036e-12
KR6NH0003KM4,738900,2024,1.5,0.04689840722051498,0.03334127581920704,-135.5713140130794,2.914335439641036e-12
KR6NH0003KM4,738900,2024,2.0,0.04763490403594775,0.03252053543833837,-151.14368597609382,2.914335439641036e-12
KR6NH0003KM4,738900,2024,3.0,0.0468163266597765,0.03158958273641421,-152.2674392336229,2.914335439641036e-12
KR6NH0003KM4,738900,2024,4.0,0.0446718735402041,0.03134478731628117,-133.2708622392293,2.914335439641036e-12
KR6NH0003KM4,738900,2024,5.0,0.04223919817015884,0.031197779113657082,-110.41419056501755,2.914335439641036e-12
KR6NH0003KM4,738900,2024,7.0,0.037921698012742484,0.03121343961062683,-67.08258402115655,2.914335439641036e-12
KR6NH0003KM4,738900,2024,10.0,0.03353000000000001,0.03141954534685011,-21.104546531499,2.914335439641036e-12
KR6HN0004SF9,738921,2024,0.25,0.03690000000000002,0.03721998815411999,3.19988154119967,2.6367796834847468e-12
KR6HN0004SF9,738921,2024,0.5,0.03816674350623302,0.035996538142980115,-21.702053632529015,2.6367796834847468e-12
KR6HN0004SF9,738921,2024,1.0,0.03979759209603037,0.035384813137410175,-44.12778958620196,2.6367796834847468e-12
KR6HN0004SF9,738921,2024,1.5,0.04056940824494546,0.03377474119847392,-67.9466704647154,2.6367796834847468e-12
KR6HN0004SF9,738921,2024,2.0,0.04078193214348571,0.03296970522900579,-78.1222691447992,2.6367796834847468e-12
KR6HN0004SF9,738921,2024,3.0,0.04028401355869982,0.031807334126689894,-84.7667943200993,2.6367796834847468e-12
KR6HN0004SF9,738921,2024,4.0,0.039269171252959124,0.03143403194750784,-78.35139305451287,2.6367796834847468e-12
KR6HN0004SF9,738921,2024,5.0,0.03816176174141519,0.031183538219563288,-69.782235218519,2.6367796834847468e-12
KR6HN0004SF9,738921,2024,7.0,0.03623249508991026,0.031096002833101388,-51.36492256808876,2.6367796834847468e-12
KR6HN0004SF9,738921,2024,10.0,0.03429000000000002,0.03125189966290837,-30.381003370916552,2.6367796834847468e-12
KR6ZY0002QK6,738953,2024,0.25,0.036500000000000005,0.036727210188972424,2.272101889724196,2.6367796834847468e-12
KR6ZY0002QK6,738953,2024,0.5,0.038664478652881404,0.03598305850362547,-26.81420149255931,2.6367796834847468e-12
KR6ZY0002QK6,738953,2024,1.0,0.04151094122673652,0.035610982660952,-58.9995856578452,2.6367796834847468e-12
KR6ZY0002QK6,738953,2024,1.5,0.04294062379860796,0.034402648686227555,-85.37975112380407,2.6367796834847468e-12
KR6ZY0002QK6,738953,2024,2.0,0.04344158248861179,0.03379848169886533,-96.43100789746457,2.6367796834847468e-12
KR6ZY0002QK6,738953,2024,3.0,0.04289046122704986,0.03293859226184214,-99.51868965207721,2.6367796834847468e-12
KR6ZY0002QK6,738953,2024,4.0,0.04144040006778786,0.03266478344938916,-87.756166183987,2.6367796834847468e-12
KR6ZY0002QK6,738953,2024,5.0,0.039794496182667824,0.03246335629754684,-73.31139885120984,2.6367796834847468e-12
KR6ZY0002QK6,738953,2024,7.0,0.03687257105858883,0.032424993363918055,-44.47577694670773,2.6367796834847468e-12
KR6ZY0002QK6,738953,2024,10.0,0.03390000000000001,0.03249359431776612,-14.064056822338939,2.6367796834847468e-12
KR6MD0005WC6,738999,2024,0.25,0.035700000000000016,0.03633347079385184,6.334707938518217,1.942890293094024e-12
KR6MD0005WC6,738999,2024,0.5,0.03632206387105751,0.03606867878227768,-2.5338508877983252,1.942890293094024e-12
KR6MD0005WC6,738999,2024,1.0,0.03716320592867938,0.03593628277649061,-12.269231521887733,1.942890293094024e-12
KR6MD0005WC6,738999,2024,1.5,0.03761685666508009,0.035583744333054244,-20.331123320258477,1.942890293094024e-12
KR6MD0005WC6,738999,2024,2.0,0.03781398379190046,0.03540747511133606,-24.065086805643983,1.942890293094024e-12
KR6MD0005WC6,738999,2024,3.0,0.03777116752863192,0.03507717370956034,-26.9399381907158,1.942890293094024e-12
KR6MD0005WC6,738999,2024,4.0,0.03746395365421539,0.03495114951855356,-25.128041356618294,1.942890293094024e-12
KR6MD0005WC6,738999,2024,5.0,0.03708592561500216,0.03487547690442751,-22.104487105746514,1.942890293094024e-12
KR6MD0005WC6,738999,2024,7.0,0.03639064815185487,0.034854631758615105,-15.360163932397613,1.942890293094024e-12
KR6MD0005WC6,738999,2024,10.0,0.03567000000000002,0.03500066259709318,-6.693374029068389,1.942890293094024e-12
KR6MD0005YP4,739042,2024,0.25,0.03600000000000002,0.03583622327330478,-1.6377672669523613,2.0122792321330962e-12
KR6MD0005YP4,739042,2024,0.5,0.036608278933316175,0.03525732081545418,-13.509581178619973,2.0122792321330962e-12
KR6MD0005YP4,739042,2024,1.0,0.03734709984716599,0.03496786958652887,-23.79230260637119,2.0122792321330962e-12
KR6MD0005YP4,739042,2024,1.5,0.03763563351298651,0.03446484529275178,-31.70788220234727,2.0122792321330962e-12
KR6MD0005YP4,739042,2024,2.0,0.03763565964309437,0.03421333314586323,-34.22326497231141,2.0122792321330962e-12
KR6MD0005YP4,739042,2024,3.0,0.03717472291766676,0.03375671534986104,-34.1800756780572,2.0122792321330962e-12
KR6MD0005YP4,739042,2024,4.0,0.03647716780877684,0.03355443345655969,-29.227343522171545,2.0122792321330962e-12
KR6MD0005YP4,739042,2024,5.0,0.03576305188122829,0.03342768877318654,-23.353631080417493,2.0122792321330962e-12
KR6MD0005YP4,739042,2024,7.0,0.034559322305981265,0.03340983600980279,-11.494862961784758,2.0122792321330962e-12
KR6MD0005YP4,739042,2024,10.0,0.03337000000000002,0.03350128393358712,1.312839335870994,2.0122792321330962e-12
KR6KS0005AG5,739075,2024,0.25,0.03540000000000002,0.035829683276888465,4.296832768884428,2.914335439641036e-12
KR6KS0005AG5,739075,2024,0.5,0.03562675654320777,0.03406050147126767,-15.662550719401022,2.914335439641036e-12
KR6KS0005AG5,739075,2024,1.0,0.0358149910803925,0.03317591056845728,-26.390805119352255,2.914335439641036e-12
KR6KS0005AG5,739075,2024,1.5,0.03576099363028125,0.03215508993371156,-36.05903696569691,2.914335439641036e-12
KR6KS0005AG5,739075,2024,2.0,0.03556019922297782,0.031644679616338704,-39.155196066391134,2.914335439641036e-12
KR6KS0005AG5,739075,2024,3.0,0.03495174991453987,0.031066212356130316,-38.85537558409556,2.914335439641036e-12
KR6KS0005AG5,739075,2024,4.0,0.03427793127670578,0.03086780388819297,-34.10127388512811,2.914335439641036e-12
KR6KS0005AG5,739075,2024,5.0,0.03365282950570791,0.030717029423592702,-29.358000821152057,2.914335439641036e-12
KR6KS0005AG5,739075,2024,7.0,0.03265830032076503,0.03078192295185613,-18.763773689088985,2.914335439641036e-12
KR6KS0005AG5,739075,2024,10.0,0.031710000000000016,0.03101105366860284,-6.9894633139717595,2.914335439641036e-12
KR6KW0003C06,739106,2024,0.25,0.035,0.03523070635973359,2.3070635973358735,3.3306690738754696e-12
KR6KW0003C06,739106,2024,0.5,0.03457935222332099,0.032684360474138904,-18.94991749182083,3.3306690738754696e-12
KR6KW0003C06,739106,2024,1.0,0.03384870167518006,0.03141118753134156,-24.375141438384983,3.3306690738754696e-12
KR6KW0003C06,739106,2024,1.5,0.033242007159781276,0.030241267694933367,-30.00739464847909,3.3306690738754696e-12
KR6KW0003C06,739106,2024,2.0,0.03273591772486544,0.029656307776729268,-30.796099481361743,3.3306690738754696e-12
KR6KW0003C06,739106,2024,3.0,0.0319542938842716,0.028926909229295434,-30.273846549761682,3.3306690738754696e-12
KR6KW0003C06,739106,2024,4.0,0.03139385787062751,0.028704572885472138,-26.89284985155374,3.3306690738754696e-12
KR6KW0003C06,739106,2024,5.0,0.030983210552670674,0.028607856212172884,-23.753543404977894,3.3306690738754696e-12
KR6KW0003C06,739106,2024,7.0,0.03044010112684808,0.028699134769532963,-17.409663573151185,3.3306690738754696e-12
KR6KW0003C06,739106,2024,10.0,0.02999000000000001,0.02900886491184495,-9.811350881550606,3.3306690738754696e-12
KR6SH0006TJ3,739142,2024,0.25,0.035200000000000016,0.03483609324907804,-3.6390675092197453,2.8102520310824275e-12
KR6SH0006TJ3,739142,2024,0.5,0.03504186639830591,0.032636834467752014,-24.050319305538927,2.8102520310824275e-12
KR6SH0006TJ3,739142,2024,1.0,0.034664015364318713,0.031537205077089,-31.268102872297128,2.8102520310824275e-12
KR6SH0006TJ3,739142,2024,1.5,0.0342447486828785,0.02993051274217377,-43.14235940704732,2.8102520310824275e-12
KR6SH0006TJ3,739142,2024,2.0,0.03381685742799881,0.02912716657471615,-46.89690853282659,2.8102520310824275e-12
KR6SH0006TJ3,739142,2024,3.0,0.03300631380804967,0.028222396537244288,-47.83917270805384,2.8102520310824275e-12
KR6SH0006TJ3,739142,2024,4.0,0.03230594844005677,0.02787344879486031,-44.32499645196458,2.8102520310824275e-12
KR6SH0006TJ3,739142,2024,5.0,0.0317268519898292,0.02772688682048179,-39.999651693474085,2.8102520310824275e-12
KR6SH0006TJ3,739142,2024,7.0,0.03087676741354923,0.027688365180683978,-31.884022328652513,2.8102520310824275e-12
KR6SH0006TJ3,739142,2024,10.0,0.030110000000000012,0.027919866855577912,-21.901331444220997,2.8102520310824275e-12
KR6KS0005NT1,739181,2024,0.25,0.03430000000000002,0.03503081568804066,7.30815688040641,2.914335439641036e-12
KR6KS0005NT1,739181,2024,0.5,0.03556890587795464,0.03218681239038093,-33.820934875737066,2.914335439641036e-12
KR6KS0005NT1,739181,2024,1.0,0.03717082656855615,0.030764810741551067,-64.06015827005083,2.914335439641036e-12
KR6KS0005NT1,739181,2024,1.5,0.03788519731097761,0.02983040434128874,-80.54792969688866,2.914335439641036e-12
KR6KS0005NT1,739181,2024,2.0,0.038025046269762906,0.029363201141157577,-86.61845128605329,2.914335439641036e-12
KR6KS0005NT1,739181,2024,3.0,0.037367467760719066,0.028913054309397588,-84.54413451321477,2.914335439641036e-12
KR6KS0005NT1,739181,2024,4.0,0.0362003899674333,0.028869225671852787,-73.31164295580513,2.914335439641036e-12
KR6KS0005NT1,739181,2024,5.0,0.0349605520546318,0.028848159747592767,-61.12392307039031,2.914335439641036e-12
KR6KS0005NT1,739181,2024,7.0,0.03282947096291677,0.02896140054498068,-38.680704179360866,2.914335439641036e-12
KR6KS0005NT1,739181,2024,10.0,0.030700000000000015,0.0292949038124192,-14.05096187580817,2.914335439641036e-12
KR6SS0006E66,739219,2024,0.25,0.03420000000000002,0.03413363838582992,-0.6636161417010455,2.1510571102112408e-12
KR6SS0006E66,739219,2024,0.5,0.036253476854562205,0.030396442091179657,-58.570347633825484,2.1510571102112408e-12
KR6SS0006E66,739219,2024,1.0,0.03890012032776598,0.028527843943854523,-103.72276383911455,2.1510571102112408e-12
KR6SS0006E66,739219,2024,1.5,0.04015671152906561,0.027612018064878622,-125.44693464186986,2.1510571102112408e-12
KR6SS0006E66,739219,2024,2.0,0.04050797004840202,0.02715410512539067,-133.53864923011352,2.1510571102112408e-12
KR6SS0006E66,739219,2024,3.0,0.039715471852615064,0.026730167035698364,-129.853048169167,2.1510571102112408e-12
KR6SS0006E66,739219,2024,4.0,0.03808423846579932,0.026582696500046802,-115.0154196575252,2.1510571102112408e-12
KR6SS0006E66,739219,2024,5.0,0.036301104183438244,0.02648368959083926,-98.17414592598983,2.1510571102112408e-12
KR6SS0006E66,739219,2024,7.0,0.03319196018596173,0.02657142649420411,-66.20533691757622,2.1510571102112408e-12
KR6SS0006E66,739219,2024,10.0,0.03006000000000001,0.02679463547490858,-32.653645250914316,2.1510571102112408e-12
KR6SH00076R7,739257,2025,0.25,0.03040000000000001,0.03333952343370352,29.3952343370351,2.1510571102112408e-12
KR6SH00076R7,739257,2025,0.5,0.03022271744059289,0.02945314045468217,-7.695769859107221,2.1510571102112408e-12
KR6SH00076R7,739257,2025,1.0,0.029912256985220834,0.02750994896517149,-24.02308020049343,2.1510571102112408e-12
KR6SH00076R7,739257,2025,1.5,0.029651882511164022,0.026544118390405214,-31.077641207588083,2.1510571102112408e-12
KR6SH00076R7,739257,2025,2.0,0.02943277075420167,0.02606120310302208,-33.71567651179592,2.1510571102112408e-12
KR6SH00076R7,739257,2025,3.0,0.029090700265958107,0.02581596516624873,-32.74735099709377,2.1510571102112408e-12
KR6SH00076R7,739257,2025,4.0,0.02884251157377031,0.025951391456636396,-28.91120117133914,2.1510571102112408e-12
KR6SH00076R7,739257,2025,5.0,0.028659042358198848,0.025980390371481154,-26.786519867176942,2.1510571102112408e-12
KR6SH00076R7,739257,2025,7.0,0.028414329870583486,0.026248726868008908,-21.656030025745782,2.1510571102112408e-12
KR6SH00076R7,739257,2025,10.0,0.02821000000000001,0.026628510711635217,-15.814892883647923,2.1510571102112408e-12
KR6SS0006KN1,739289,2025,0.25,0.029500000000000016,0.030273284973612074,7.732849736120581,2.0469737016526324e-12
KR6SS0006KN1,739289,2025,0.5,0.029308586587604123,0.028072845059227945,-12.357415283761782,2.0469737016526324e-12
KR6SS0006KN1,739289,2025,1.0,0.02901085192308928,0.026972625102035876,-20.38226821053403,2.0469737016526324e-12
KR6SS0006KN1,739289,2025,1.5,0.02879916022012803,0.02632226750032475,-24.76892719803281,2.0469737016526324e-12
KR6SS0006KN1,739289,2025,2.0,0.02864888791013647,0.025997088699469185,-26.517992106672857,2.0469737016526324e-12
KR6SS0006KN1,739289,2025,3.0,0.02846720811977395,0.025773804109015367,-26.934040107585815,2.0469737016526324e-12
KR6SS0006KN1,739289,2025,4.0,0.028377077552080604,0.02582990569475719,-25.471718573234146,2.0469737016526324e-12
KR6SS0006KN1,739289,2025,5.0,0.028333233528957842,0.02583219416549955,-25.01039363458291,2.0469737016526324e-12
KR6SS0006KN1,739289,2025,7.0,0.028303596322277743,0.026047098912369577,-22.56497409908166,2.0469737016526324e-12
KR6SS0006KN1,739289,2025,10.0,0.028300000000000013,0.02637276354625282,-19.272364537471915,2.0469737016526324e-12
KR6SH0007C52,739317,2025,0.25,0.028400000000000016,0.029380590512894544,9.80590512894529,2.0469737016526324e-12
KR6SH0007C52,739317,2025,0.5,0.02942483206645488,0.027295732188543823,-21.290998779110588,2.0469737016526324e-12
KR6SH0007C52,739317,2025,1.0,0.03079769974378702,0.02625330302636846,-45.44396717418558,2.0469737016526324e-12
KR6SH0007C52,739317,2025,1.5,0.031521191823526154,0.02592130532457346,-55.998864989526936,2.0469737016526324e-12
KR6SH0007C52,739317,2025,2.0,0.03181626673362758,0.02575530647367596,-60.609602599516165,2.0469737016526324e-12
KR6SH0007C52,739317,2025,3.0,0.03168117967902577,0.025657214693094718,-60.23964985931052,2.0469737016526324e-12
KR6SH0007C52,739317,2025,4.0,0.031113881605653107,0.02589221245520501,-52.21669150448097,2.0469737016526324e-12
KR6SH0007C52,739317,2025,5.0,0.030438034104095263,0.02604908606684288,-43.88948037252382,2.0469737016526324e-12
KR6SH0007C52,739317,2025,7.0,0.029211895620147386,0.026365345359708747,-28.46550260438639,2.0469737016526324e-12
KR6SH0007C52,739317,2025,10.0,0.027950000000000016,0.026795091517302867,-11.549084826971493,2.0469737016526324e-12
KR6MD0006VY0,739351,2025,0.25,0.02740000000000002,0.028284925756749835,8.849257567498139,1.0408340855860843e-12
KR6MD0006VY0,739351,2025,0.5,0.027044791811103606,0.025554459899418354,-14.903319116852526,1.0408340855860843e-12
KR6MD0006VY0,739351,2025,1.0,0.026537550259002837,0.02418922697075261,-23.48323288250225,1.0408340855860843e-12
KR6MD0006VY0,739351,2025,1.5,0.0262285948482652,0.02359004455370371,-26.385502945614896,1.0408340855860843e-12
KR6MD0006VY0,739351,2025,2.0,0.026053993280068046,0.023290453345179252,-27.635399348887937,1.0408340855860843e-12
KR6MD0006VY0,739351,2025,3.0,0.025943547428753308,0.023194234714064038,-27.4931271468927,1.0408340855860843e-12
KR6MD0006VY0,739351,2025,4.0,0.02599113265029722,0.023377738115572002,-26.13394534725217,1.0408340855860843e-12
KR6MD0006VY0,739351,2025,5.0,0.026096112402663588,0.023560943257926212,-25.351691447373753,1.0408340855860843e-12
KR6MD0006VY0,739351,2025,7.0,0.02632450107502896,0.024326205703353886,-19.982953716750732,1.0408340855860843e-12
KR6MD0006VY0,739351,2025,10.0,0.026580000000000013,0.02507360563374087,-15.063943662591422,1.0408340855860843e-12
KR6SY0003LF0,739373,2025,0.25,0.026700000000000012,0.027292741099548663,5.927410995486514,1.3530843112619095e-12
KR6SY0003LF0,739373,2025,0.5,0.025890105338296117,0.024727441632828084,-11.626637054680325,1.3530843112619095e-12
KR6SY0003LF0,739373,2025,1.0,0.02480659631774914,0.02344479189946779,-13.618044182813483,1.3530843112619095e-12
KR6SY0003LF0,739373,2025,1.5,0.02423748783467596,0.02259412795020722,-16.433598844687385,1.3530843112619095e-12
KR6SY0003LF0,739373,2025,2.0,0.02400758763142978,0.022168795975576937,-18.387916558528435,1.3530843112619095e-12
KR6SY0003LF0,739373,2025,3.0,0.024121494036036382,0.02199748280398506,-21.240112320513212,1.3530843112619095e-12
KR6SY0003LF0,739373,2025,4.0,0.024576590055906157,0.022232972946302325,-23.436171096038322,1.3530843112619095e-12
KR6SY0003LF0,739373,2025,5.0,0.025116570487232516,0.022442073475300403,-26.744970119321128,1.3530843112619095e-12
KR6SY0003LF0,739373,2025,7.0,0.02609449092906262,0.023046950249735066,-30.47540679327554,1.3530843112619095e-12
KR6SY0003LF0,739373,2025,10.0,0.02710000000000001,0.023767147825024117,-33.32852174975892,1.3530843112619095e-12
KR6SS0006Y70,739411,2025,0.25,0.025700000000000014,0.02660143033110959,9.014303311095755,1.6306400674181987e-12
KR6SS0006Y70,739411,2025,0.5,0.026325366101705234,0.024764144701560527,-15.612214001447072,1.6306400674181987e-12
KR6SS0006Y70,739411,2025,1.0,0.027259465074689987,0.023845501886785993,-34.13963187903993,1.6306400674181987e-12
KR6SS0006Y70,739411,2025,1.5,0.02787950176777154,0.023479502446004843,-43.99999321766695,1.6306400674181987e-12
KR6SS0006Y70,739411,2025,2.0,0.028281486888298887,0.023296502725614267,-49.84984162684621,1.6306400674181987e-12
KR6SS0006Y70,739411,2025,3.0,0.02868160203515113,0.023528975073102948,-51.52626962048181,1.6306400674181987e-12
KR6SS0006Y70,739411,2025,4.0,0.028792735797399164,0.02407063002438743,-47.22105773011735,1.6306400674181987e-12
KR6SS0006Y70,739411,2025,5.0,0.028776966924086093,0.024563503033549226,-42.13463890536867,1.6306400674181987e-12
KR6SS0006Y70,739411,2025,7.0,0.028631971140958407,0.025374944389059583,-32.57026751898824,1.6306400674181987e-12
KR6SS0006Y70,739411,2025,10.0,0.028420000000000018,0.026418642253491227,-20.01357746508791,1.6306400674181987e-12
KR6SH0007TZ7,739439,2025,0.25,0.02510000000000001,0.025612739097684967,5.127390976849555,1.908195823574488e-12
KR6SH0007TZ7,739439,2025,0.5,0.025252371844490046,0.02465253106972591,-5.998407747641356,1.908195823574488e-12
KR6SH0007TZ7,739439,2025,1.0,0.025564826286324286,0.02417242705574638,-13.923992305779064,1.908195823574488e-12
KR6SH0007TZ7,739439,2025,1.5,0.025873146113277557,0.024056516856326014,-18.166292569515434,1.908195823574488e-12
KR6SH0007TZ7,739439,2025,2.0,0.026166535816249482,0.023998561756615834,-21.679740596336483,1.908195823574488e-12
KR6SH0007TZ7,739439,2025,3.0,0.02668899191546806,0.02425460367048699,-24.343882449810728,1.908195823574488e-12
KR6SH0007TZ7,739439,2025,4.0,0.02711880838129312,0.02476979035618663,-23.49018025106491,1.908195823574488e-12
KR6SH0007TZ7,739439,2025,5.0,0.027464279169603367,0.025079377616334615,-23.84901553268752,1.908195823574488e-12
KR6SH0007TZ7,739439,2025,7.0,0.0279601827606349,0.025707126622372102,-22.53056138262797,1.908195823574488e-12
KR6SH0007TZ7,739439,2025,10.0,0.028400000000000012,0.0264540733094376,-19.459266905624133,1.908195823574488e-12
KR6MD0007913,739463,2025,0.25,0.02510000000000001,0.02561164770994466,5.116477099446487,1.6306400674181987e-12
KR6MD0007913,739463,2025,0.5,0.025252371844490046,0.024452807113249837,-7.995647312402099,1.6306400674181987e-12
KR6MD0007913,739463,2025,1.0,0.025564826286324286,0.023873386814902423,-16.914394714218627,1.6306400674181987e-12
KR6MD0007913,739463,2025,1.5,0.025873146113277557,0.023741003404320542,-21.321427089570147,1.6306400674181987e-12
KR6MD0007913,739463,2025,2.0,0.026166535816249482,0.023674811699029602,-24.917241172198803,1.6306400674181987e-12
KR6MD0007913,739463,2025,3.0,0.02668899191546806,0.02398193559246249,-27.070563230055697,1.6306400674181987e-12
KR6MD0007913,739463,2025,4.0,0.02711880838129312,0.02447097454702468,-26.478338342684413,1.6306400674181987e-12
KR6MD0007913,739463,2025,5.0,0.027464279169603367,0.02483284220599308,-26.31436963610286,1.6306400674181987e-12
KR6MD0007913,739463,2025,7.0,0.0279601827606349,0.025566048788605127,-23.941339720297723,1.6306400674181987e-12
KR6MD0007913,739463,2025,10.0,0.028400000000000012,0.02636528692988955,-20.347130701104632,1.6306400674181987e-12
KR6SH00082T1,739499,2025,0.25,0.025600000000000005,0.02501787873109096,-5.821212689090458,2.0469737016526324e-12
KR6SH00082T1,739499,2025,0.5,0.026035554278827432,0.02430591552974938,-17.296387490780518,2.0469737016526324e-12
KR6SH00082T1,739499,2025,1.0,0.02671816911564782,0.023949933929078588,-27.682351865692333,2.0469737016526324e-12
KR6SH00082T1,739499,2025,1.5,0.027209372700058587,0.02378334958958483,-34.26023110473756,2.0469737016526324e-12
KR6SH00082T1,739499,2025,2.0,0.027563128091121925,0.023700057419837953,-38.630706712839725,2.0469737016526324e-12
KR6SH00082T1,739499,2025,3.0,0.028002226480194077,0.02413439191592601,-38.67834564268067,2.0469737016526324e-12
KR6SH00082T1,739499,2025,4.0,0.02823166403423965,0.024726018464703993,-35.05645569535656,2.0469737016526324e-12
KR6SH00082T1,739499,2025,5.0,0.028352548237874767,0.025217754074329995,-31.34794163544771,2.0469737016526324e-12
KR6SH00082T1,739499,2025,7.0,0.028452103797170277,0.02605490233250615,-23.97201464664128,2.0469737016526324e-12
KR6SH00082T1,739499,2025,10.0,0.028490000000000012,0.026988386582775543,-15.01613417224469,2.0469737016526324e-12
KR6SY0003Y34,739526,2025,0.25,0.025500000000000002,0.025516193923642395,0.16193923642392888,2.2898349882893854e-12
KR6SY0003Y34,739526,2025,0.5,0.025944865130315103,0.025069116029695707,-8.757491006193968,2.2898349882893854e-12
KR6SY0003Y34,739526,2025,1.0,0.026670330681360106,0.02484557708272236,-18.247535986377454,2.2898349882893854e-12
KR6SY0003Y34,739526,2025,1.5,0.027224398467163007,0.02496367829548872,-22.607201716742868,2.2898349882893854e-12
KR6SY0003Y34,739526,2025,2.0,0.027650800127505905,0.025022728901871898,-26.28071225634007,2.2898349882893854e-12
KR6SY0003Y34,739526,2025,3.0,0.02824080094243337,0.025455666393060433,-27.851345493729376,2.2898349882893854e-12
KR6SY0003Y34,739526,2025,4.0,0.02860925675866071,0.026021386779337942,-25.878699793227682,2.2898349882893854e-12
KR6SY0003Y34,739526,2025,5.0,0.02884904774357104,0.026487346416861623,-23.617013267094173,2.2898349882893854e-12
KR6SY0003Y34,739526,2025,7.0,0.029127633993286602,0.027246118063546643,-18.81515929739959,2.2898349882893854e-12
KR6SY0003Y34,739526,2025,10.0,0.02933000000000001,0.027962758101097808,-13.67241898902201,2.2898349882893854e-12
20251016000265_3661,739555,2025,0.25,0.025500000000000002,0.02551992288551938,0.19922885519378652,2.949029909160572e-12
20251016000265_3661,739555,2025,0.5,0.025944865130315103,0.0257515160531847,-1.9334907713040514,2.949029909160572e-12
20251016000265_3661,739555,2025,1.0,0.026670330681360106,0.025867312637017355,-8.030180443427508,2.949029909160572e-12
20251016000265_3661,739555,2025,1.5,0.027224398467163007,0.02621931634763903,-10.050821195239749,2.949029909160572e-12
20251016000265_3661,739555,2025,2.0,0.027650800127505905,0.026395318202949866,-12.554819245560386,2.949029909160572e-12
20251016000265_3661,739555,2025,3.0,0.02824080094243337,0.0269032465228425,-13.375544195908702,2.949029909160572e-12
20251016000265_3661,739555,2025,4.0,0.02860925675866071,0.027442448174954334,-11.668085837063767,2.949029909160572e-12
20251016000265_3661,739555,2025,5.0,0.02884904774357104,0.02790856647722913,-9.404812663419102,2.949029909160572e-12
20251016000265_3661,739555,2025,7.0,0.029127633993286602,0.028534375083018027,-5.932589102685751,2.949029909160572e-12
20251016000265_3661,739555,2025,10.0,0.02933000000000001,0.029282759952544767,-0.472400474552416,2.949029909160572e-12
KR6MD0007NW9,739590,2025,0.25,0.02840000000000001,0.02681337970004823,-15.86620299951779,2.6367796834847468e-12
KR6MD0007NW9,739590,2025,0.5,0.032162330340505335,0.027392476776662338,-47.69853563842997,2.6367796834847468e-12
KR6MD0007NW9,739590,2025,1.0,0.037424765581667775,0.027682025314969393,-97.42740266698382,2.6367796834847468e-12
KR6MD0007NW9,739590,2025,1.5,0.040492954575630416,0.02865509077135707,-118.37863804273347,2.6367796834847468e-12
KR6MD0007NW9,739590,2025,2.0,0.04208846731362342,0.02914162349955091,-129.46843814072514,2.6367796834847468e-12
KR6MD0007NW9,739590,2025,3.0,0.04270633893727212,0.03020910109532895,-124.97237841943166,2.6367796834847468e-12
KR6MD0007NW9,739590,2025,4.0,0.04167923218410659,0.030873931030700418,-108.0530115340617,2.6367796834847468e-12
KR6MD0007NW9,739590,2025,5.0,0.040113598903695785,0.0314961684468282,-86.17430456867588,2.6367796834847468e-12
KR6MD0007NW9,739590,2025,7.0,0.037004548312523027,0.03217085153528906,-48.336967772339634,2.6367796834847468e-12
KR6MD0007NW9,739590,2025,10.0,0.033660000000000016,0.032749509001447956,-9.104909985520603,2.6367796834847468e-12
KR6MD0007S54,739615,2025,0.25,0.02840000000000001,0.026812652213566934,-15.873477864330743,2.3592239273284576e-12
KR6MD0007S54,739615,2025,0.5,0.032162330340505335,0.027259346750585327,-49.02983589920008,2.3592239273284576e-12
KR6MD0007S54,739615,2025,1.0,0.037424765581667775,0.027482694019094523,-99.42071562573253,2.3592239273284576e-12
KR6MD0007S54,739615,2025,1.5,0.040492954575630416,0.028439129935178414,-120.53824640452001,2.3592239273284576e-12
KR6MD0007S54,739615,2025,2.0,0.04208846731362342,0.02891734789322036,-131.71119420403065,2.3592239273284576e-12
KR6MD0007S54,739615,2025,3.0,0.04270633893727212,0.03006177890776024,-126.44560029511878,2.3592239273284576e-12
KR6MD0007S54,739615,2025,4.0,0.04167923218410659,0.0307782336250756,-109.00998559030987,2.3592239273284576e-12
KR6MD0007S54,739615,2025,5.0,0.040113598903695785,0.03129364867511817,-88.19950228577615,2.3592239273284576e-12
KR6MD0007S54,739615,2025,7.0,0.037004548312523027,0.032104255901007774,-49.00292411515253,2.3592239273284576e-12
KR6MD0007S54,739615,2025,10.0,0.033660000000000016,0.03262442849980573,-10.355715001942878,2.3592239273284576e-12
KR6KS0007PQ8,739650,2026,0.25,0.027800000000000012,0.026915713081860866,-8.84286918139146,1.942890293094024e-12
KR6KS0007PQ8,739650,2026,0.5,0.03074287796367789,0.02804095603089745,-27.019219327804393,1.942890293094024e-12
KR6KS0007PQ8,739650,2026,1.0,0.03499445626335996,0.02860357750541574,-63.908787579442205,1.942890293094024e-12
KR6KS0007PQ8,739650,2026,1.5,0.03764514118263292,0.03009713376785832,-75.48007414774602,1.942890293094024e-12
KR6KS0007PQ8,739650,2026,2.0,0.03920482072443541,0.030843911899079608,-83.60908825355801,1.942890293094024e-12
KR6KS0007PQ8,739650,2026,3.0,0.04036581283183139,0.03226753696881653,-80.98275863014857,1.942890293094024e-12
KR6KS0007PQ8,739650,2026,4.0,0.04020466211300452,0.033111443610604654,-70.93218502399863,1.942890293094024e-12
KR6KS0007PQ8,739650,2026,5.0,0.03953708052918714,0.033757279141315225,-57.79801387871916,1.942890293094024e-12
KR6KS0007PQ8,739650,2026,7.0,0.03795235166427242,0.03456373463090442,-33.88617033367999,1.942890293094024e-12
KR6KS0007PQ8,739650,2026,10.0,0.03612000000000001,0.03519333863826575,-9.266613617342628,1.942890293094024e-12
KR6ZW00040V7,739681,2026,0.25,0.028200000000000013,0.02770973895691657,-4.902610430834418,1.8735013540549517e-12
KR6ZW00040V7,739681,2026,0.5,0.03179670387458381,0.028735569768008735,-30.611341065750754,1.8735013540549517e-12
KR6ZW00040V7,739681,2026,1.0,0.03695784128286013,0.02924848517355481,-77.09356109305318,1.8735013540549517e-12
KR6ZW00040V7,739681,2026,1.5,0.04013253488922337,0.030742412702637778,-93.90122186585594,1.8735013540549517e-12
KR6ZW00040V7,739681,2026,2.0,0.041958066322915426,0.03148937646717927,-104.68689855736159,1.8735013540549517e-12
KR6ZW00040V7,739681,2026,3.0,0.043201602871313395,0.03260531428543961,-105.96288585873782,1.8735013540549517e-12
KR6ZW00040V7,739681,2026,4.0,0.042838427501111206,0.03324253632431682,-95.95891176794387,1.8735013540549517e-12
KR6ZW00040V7,739681,2026,5.0,0.04187835659059986,0.033758573966377034,-81.19782624222825,1.8735013540549517e-12
KR6ZW00040V7,739681,2026,7.0,0.03972229054431289,0.034353830997419794,-53.68459546893092,1.8735013540549517e-12
KR6ZW00040V7,739681,2026,10.0,0.03728000000000002,0.03479549653161968,-24.845034683803405,1.8735013540549517e-12
KR6MD00088M3,739719,2026,0.25,0.028200000000000017,0.028112875577729714,-0.8712442227030298,1.5265566588595902e-12
KR6MD00088M3,739719,2026,0.5,0.031917280151759535,0.030214252066906228,-17.03028084853307,1.5265566588595902e-12
KR6MD00088M3,739719,2026,1.0,0.03724454137137964,0.03126494031149448,-59.7960105988516,1.5265566588595902e-12
KR6MD00088M3,739719,2026,1.5,0.040512880244623004,0.033026914777828015,-74.85965466794988,1.5265566588595902e-12
KR6MD00088M3,739719,2026,2.0,0.04238372210002381,0.033907902010994785,-84.75820089029023,1.5265566588595902e-12
KR6MD00088M3,739719,2026,3.0,0.04363439901679402,0.03468735571532242,-89.470433014716,1.5265566588595902e-12
KR6MD00088M3,739719,2026,4.0,0.04322630753624301,0.03509055222931461,-81.35755306928394,1.5265566588595902e-12
KR6MD00088M3,739719,2026,5.0,0.04220565340564463,0.035343412162757284,-68.62241242887347,1.5265566588595902e-12
KR6MD00088M3,739719,2026,7.0,0.039934120188422864,0.03570295711544656,-42.31163072976302,1.5265566588595902e-12
KR6MD00088M3,739719,2026,10.0,0.03737000000000002,0.03604472013260409,-13.252798673959315,1.5265566588595902e-12
20260422000383_13574,739748,2026,0.25,0.02820000000000002,0.028116967058418457,-0.8303294158156296,2.0122792321330962e-12
20260422000383_13574,739748,2026,0.5,0.031711389971127414,0.030962993032946536,-7.483969381808786,2.0122792321330962e-12
20260422000383_13574,739748,2026,1.0,0.03686868925171915,0.03238600602021057,-44.826832315085774,2.0122792321330962e-12
20260422000383_13574,739748,2026,1.5,0.04018781903477254,0.03450073753782074,-56.87081496951796,2.0122792321330962e-12
20260422000383_13574,739748,2026,2.0,0.04224316847083588,0.03555810329662583,-66.85065174210052,2.0122792321330962e-12
20260422000383_13574,739748,2026,3.0,0.04405106745516471,0.03656578983426517,-74.85277620899538,2.0122792321330962e-12
20260422000383_13574,739748,2026,4.0,0.044259302890382685,0.03709650540220861,-71.62797488174076,2.0122792321330962e-12
20260422000383_13574,739748,2026,5.0,0.043810143009894255,0.03753331854474129,-62.76824465152965,2.0122792321330962e-12
20260422000383_13574,739748,2026,7.0,0.04244757525996267,0.03780306923753358,-46.44506022429093,2.0122792321330962e-12
20260422000383_13574,739748,2026,10.0,0.04075000000000002,0.03808479703350825,-26.65202966491774,2.0122792321330962e-12
