payoff,cohort,model,seed,scope,axis,offset,n_rows,n_families,price_mae,price_rmse,price_r2,delta_mae,delta_rmse,delta_bias,within_1,within_5,within_10,resolved_n,resolved_sign
detailed,monthly_test,affine_coupon_delta,101,schedule,nobs_early,1.0,128,128,137.17889558479146,157.95950430905623,0.7754538174453922,162.385991624226,201.36228005842884,140.35109067002998,0.0,0.03125,0.0390625,127,0.5039370078740157
detailed,monthly_test,affine_coupon_delta,101,schedule,nobs_late,1.0,128,128,347.2845179046142,371.86515826689765,0.24755172593850672,326.4657328072001,345.3451986367186,-326.4657328072001,0.0,0.0,0.0,123,0.5609756097560976
detailed,monthly_test,affine_coupon_delta,101,schedule,nobs_middle,1.0,128,128,363.01929064590496,397.2350828380269,0.1383422021047226,341.9652947964116,362.2875000904713,-341.9652947964116,0.0,0.0,0.0,121,0.7107438016528925
detailed,monthly_test,affine_coupon_delta,101,schedule,tenor_months,-12.0,128,128,156.03107186198764,177.72620000143783,0.6476077015650753,183.9048444854589,203.95175979368278,132.76533570248796,0.0,0.0078125,0.03125,125,0.416
detailed,monthly_test,affine_coupon_delta,101,schedule,tenor_months,-6.0,128,128,88.13315154538286,107.3269451283181,0.9157672204306913,77.57269749349945,101.01487193347667,11.595809641216288,0.0,0.0078125,0.015625,125,0.608
detailed,monthly_test,affine_coupon_delta,101,schedule,tenor_months,-3.0,128,128,66.51204653402013,81.03685950785564,0.9586186776553567,52.284860211098035,60.1622189119251,28.261997666593523,0.0078125,0.03125,0.046875,125,0.608
detailed,monthly_test,affine_coupon_delta,101,schedule,tenor_months,-1.0,128,128,53.325158388094934,78.48136643531069,0.9646376776559582,59.298045494752536,67.58722673374822,57.294462111918584,0.0,0.03125,0.0625,121,0.23140495867768596
detailed,monthly_test,affine_coupon_delta,101,schedule,tenor_months,1.0,128,128,75.6055810418998,92.83082743560836,0.9560071747208574,22.09744716638185,26.693226531185957,-19.57356692023954,0.046875,0.1484375,0.21875,122,0.9180327868852459
detailed,monthly_test,affine_coupon_delta,101,schedule,tenor_months,3.0,128,128,108.58731612211295,130.77017929448337,0.9194301772408259,68.111975020354,75.93002859568674,-67.08802619742647,0.0078125,0.0234375,0.0546875,119,0.8823529411764706
detailed,monthly_test,affine_coupon_delta,101,schedule,tenor_months,6.0,128,128,186.12469566081876,217.94138064391083,0.8048861964178359,153.37522519756223,167.78842664887193,-152.57846311055852,0.0,0.0,0.015625,124,0.49193548387096775
detailed,monthly_test,affine_coupon_delta,101,schedule,tenor_months,12.0,128,128,291.22879843961596,327.9303840130725,0.6289847684199569,263.0249783787397,284.2193367465073,-260.2397762021444,0.0,0.0,0.0,119,0.47058823529411764
detailed,monthly_test,affine_coupon_delta,101,terms,coupon_regular,-0.01,128,128,52.01468923158975,66.24347200311315,0.9772354462817424,16.03979470828766,19.617340976561263,4.11276122445149,0.015625,0.1953125,0.3671875,128,1.0
detailed,monthly_test,affine_coupon_delta,101,terms,coupon_regular,-0.005,128,128,57.35375569563622,72.74225136243308,0.9721453161825578,8.019925293821046,9.808688916628858,2.0564178651287643,0.0625,0.3671875,0.5625,128,1.0
detailed,monthly_test,affine_coupon_delta,101,terms,coupon_regular,-0.0025,128,128,60.056547766453214,76.25759012556634,0.9691911551151083,4.009916080781797,4.904299831106433,1.0281949627258118,0.140625,0.5625,0.9765625,128,1.0
detailed,monthly_test,affine_coupon_delta,101,terms,coupon_regular,-0.001,128,128,61.71772882388126,78.43832373733176,0.9672879138259423,1.6040129984413989,1.9617578270369884,0.41124632012273976,0.3671875,0.984375,1.0,128,1.0
detailed,monthly_test,affine_coupon_delta,101,terms,coupon_regular,0.001,128,128,64.12171543907505,81.42066055079955,0.9645981908004251,1.6040036852157349,1.9617445677016139,-0.4112463201228198,0.3671875,0.984375,1.0,128,1.0
detailed,monthly_test,affine_coupon_delta,101,terms,coupon_regular,0.0025,128,128,65.99803531882816,83.7083700555033,0.962467524554239,4.009957990297666,4.904376154005471,-1.0282834383703081,0.140625,0.5625,0.9765625,128,1.0
detailed,monthly_test,affine_coupon_delta,101,terms,coupon_regular,0.005,128,128,69.18858302639953,87.60813707091398,0.9587023921987767,8.019883384305237,9.80869615955372,-2.056431834967408,0.0625,0.3671875,0.5625,128,1.0
detailed,monthly_test,affine_coupon_delta,101,terms,coupon_regular,0.01,128,128,75.74602070082383,95.68537965247181,0.9503848692452507,16.039799364900556,19.617389651987875,-4.112831073644582,0.015625,0.1953125,0.3671875,128,1.0
detailed,monthly_test,affine_coupon_delta,101,terms,first_strike,-0.05,128,128,67.37103927768035,83.07404509662996,0.9531822639454385,19.973328029443486,28.11019096093804,-9.735308321248453,0.0390625,0.1953125,0.3828125,125,0.912
detailed,monthly_test,affine_coupon_delta,101,terms,first_strike,-0.025,128,128,65.1702322516334,82.6602952175342,0.9593637509346699,10.78623019063571,13.787738437751083,-5.271122732595055,0.03125,0.25,0.5859375,124,0.9354838709677419
detailed,monthly_test,affine_coupon_delta,101,terms,first_strike,-0.01,128,128,63.9643791485755,81.37615983108405,0.9632343648524462,4.511385628090404,5.498108463045025,-2.256621439579323,0.0546875,0.6484375,0.9609375,119,0.9495798319327731
detailed,monthly_test,affine_coupon_delta,101,terms,first_strike,-0.005,128,128,63.38009239297454,80.67296051493318,0.964609354944535,2.269347611943652,2.775158112416467,-1.1849723831861012,0.1796875,0.9609375,0.9921875,111,0.9369369369369369
detailed,monthly_test,affine_coupon_delta,101,terms,first_strike,0.005,128,128,62.3534715946241,79.14066971202898,0.9672490748332453,2.323466667794098,2.805228306302476,1.180014903864736,0.1484375,0.953125,0.9921875,114,0.9210526315789473
detailed,monthly_test,affine_coupon_delta,101,terms,first_strike,0.01,128,128,61.759360683684356,78.1883231077369,0.9686097418071372,4.718603328942262,5.600437054936754,2.44197900469766,0.0625,0.6015625,0.953125,121,0.9256198347107438
detailed,monthly_test,affine_coupon_delta,101,terms,first_strike,0.025,128,128,59.55629300620193,74.98176478656188,0.9725127960879466,11.98772458633572,14.096116937966096,6.622363786531793,0.0234375,0.1484375,0.46875,123,0.9186991869918699
detailed,monthly_test,affine_coupon_delta,101,terms,first_strike,0.05,128,128,54.83678118785865,69.01808247377764,0.9781642209201087,24.71268742065285,29.437813191784567,14.840659323255794,0.0,0.078125,0.2265625,125,0.92
detailed,monthly_test,affine_coupon_delta,101,terms,ki_barrier,-0.05,43,43,65.57609712438999,84.3405506525738,0.9716461598718439,50.41853167987617,60.05424401109604,-24.53348031389013,0.0,0.023255813953488372,0.046511627906976744,43,1.0
detailed,monthly_test,affine_coupon_delta,101,terms,ki_barrier,-0.025,43,43,51.587283905610896,73.33350436515036,0.9790825244227414,24.970695027260316,29.80482433395753,-10.584533850421423,0.046511627906976744,0.13953488372093023,0.20930232558139536,43,1.0
detailed,monthly_test,affine_coupon_delta,101,terms,ki_barrier,-0.01,43,43,47.34246787876505,71.19990189235205,0.980413962903496,10.148675564664831,12.016011881432753,-3.958267360089198,0.09302325581395349,0.23255813953488372,0.4883720930232558,43,1.0
detailed,monthly_test,affine_coupon_delta,101,terms,ki_barrier,-0.005,43,43,46.37523352420638,71.33740999872052,0.9803549179585358,5.0773517457512956,5.949437450389374,-1.8704557560624488,0.11627906976744186,0.5116279069767442,0.9302325581395349,43,1.0
detailed,monthly_test,affine_coupon_delta,101,terms,ki_barrier,0.005,43,43,46.556818705583915,72.63773245964454,0.9796181984023863,5.186082271928684,6.082920140896195,1.6698028805744762,0.06976744186046512,0.46511627906976744,0.9069767441860465,43,1.0
detailed,monthly_test,affine_coupon_delta,101,terms,ki_barrier,0.01,43,43,48.281091646242665,73.98915770293056,0.9788306389735754,10.382649768800674,12.170866322649596,3.162645583346133,0.046511627906976744,0.2558139534883721,0.4883720930232558,43,1.0
detailed,monthly_test,affine_coupon_delta,101,terms,ki_barrier,0.025,43,43,56.23041492443748,79.8629777828905,0.9751333273541876,26.14321964630124,30.646463661441338,6.554721204352566,0.0,0.16279069767441862,0.20930232558139536,43,1.0
detailed,monthly_test,affine_coupon_delta,101,terms,ki_barrier,0.05,43,43,74.37940205201635,95.47827292265887,0.9635646262107203,53.49468925700347,61.65969748812602,8.021965105225735,0.0,0.023255813953488372,0.06976744186046512,43,1.0
detailed,monthly_test,affine_coupon_delta,101,terms,last_strike,-0.05,128,128,52.66211602648793,68.07163137162357,0.9739680043999683,24.59181961232697,27.86662389452961,15.327632418500599,0.03125,0.09375,0.15625,120,1.0
detailed,monthly_test,affine_coupon_delta,101,terms,last_strike,-0.025,128,128,56.88312889044929,72.64992725250174,0.9712003422649842,12.58915002563393,14.188459845389211,8.039557931464035,0.0234375,0.1484375,0.3828125,118,1.0
detailed,monthly_test,affine_coupon_delta,101,terms,last_strike,-0.01,128,128,60.20891425178911,76.72562577392914,0.9683429994171653,5.083207887739123,5.741241837637928,3.2966221804141873,0.078125,0.484375,0.9765625,116,1.0
detailed,monthly_test,affine_coupon_delta,101,terms,last_strike,-0.005,128,128,61.55880927033195,78.26748705206677,0.967206926652247,2.569712532482603,2.887266912015909,1.6459138697845264,0.140625,0.984375,1.0,102,1.0
detailed,monthly_test,affine_coupon_delta,101,terms,last_strike,0.005,128,128,64.38425746946069,81.66086965140929,0.9646147948612467,2.588216538668129,2.9311609980192497,-1.7123874265013046,0.1328125,0.9765625,1.0,102,1.0
detailed,monthly_test,affine_coupon_delta,101,terms,last_strike,0.01,128,128,65.98899484935431,83.47916837568955,0.9631619757272168,5.175815759179404,5.8493743621095975,-3.4139020569942593,0.078125,0.4765625,0.9765625,115,1.0
detailed,monthly_test,affine_coupon_delta,101,terms,last_strike,0.025,128,128,71.58438935389896,89.5267018497651,0.9581013129597706,13.02582973589263,14.745473379848768,-8.90021353062674,0.03125,0.140625,0.3984375,117,1.0
detailed,monthly_test,affine_coupon_delta,101,terms,last_strike,0.05,128,128,82.01660009253209,101.0800465526102,0.9473498437311759,26.267527279049467,30.015738395042188,-19.10357604674789,0.015625,0.078125,0.125,119,1.0
detailed,monthly_test,affine_coupon_delta,101,terms,monthly_barrier,-0.05,123,123,59.26730550655733,73.78389620774456,0.9693130653063551,10.45255142454343,14.024380646862346,2.4613562553644863,0.08130081300813008,0.3333333333333333,0.43089430894308944,123,0.943089430894309
detailed,monthly_test,affine_coupon_delta,101,terms,monthly_barrier,-0.025,123,123,60.83823195755406,76.81429057739781,0.968168605362571,5.280030131750502,7.145816012249562,0.8160341871717365,0.17073170731707318,0.42276422764227645,0.9024390243902439,123,0.9512195121951219
detailed,monthly_test,affine_coupon_delta,101,terms,monthly_barrier,-0.01,123,123,62.14733646422963,78.88604226003058,0.9673131704796575,2.153044498645224,2.9054195242494414,0.200242980685917,0.2764227642276423,0.926829268292683,0.983739837398374,123,0.9512195121951219
detailed,monthly_test,affine_coupon_delta,101,terms,monthly_barrier,-0.005,123,123,62.66692721117426,79.62095106776802,0.9669992597129425,1.0835445738196612,1.459526735312257,0.08143364982162317,0.3983739837398374,0.983739837398374,1.0,123,0.9512195121951219
detailed,monthly_test,affine_coupon_delta,101,terms,monthly_barrier,0.005,128,128,63.409598756553265,80.64472236175234,0.9656520387482965,1.0826827782478705,1.4536900685997047,-0.044679940511051404,0.40625,0.984375,1.0,123,0.959349593495935
detailed,monthly_test,affine_coupon_delta,101,terms,monthly_barrier,0.01,128,128,63.928251868635286,81.38406845954576,0.9653308113270983,2.193609738337308,2.9180355054813214,-0.03778471920036765,0.25,0.9296875,0.984375,123,0.959349593495935
detailed,monthly_test,affine_coupon_delta,101,terms,monthly_barrier,0.025,128,128,65.6263297728693,83.71493142182176,0.9642917392311685,5.653223902074576,7.422142317831796,0.28854219981279094,0.0546875,0.484375,0.8984375,123,0.959349593495935
detailed,monthly_test,affine_coupon_delta,101,terms,monthly_barrier,0.05,128,128,68.88429279244905,87.99702185356662,0.9622811117474406,11.855975171085298,15.342277588585715,1.9556681866041155,0.0078125,0.15625,0.59375,123,0.959349593495935
detailed,monthly_test,affine_coupon_delta,233,schedule,nobs_early,1.0,128,128,124.05989577112456,147.7260418592636,0.803605973183978,139.752347396096,181.50752786331665,97.07053294072614,0.0078125,0.046875,0.09375,127,0.5433070866141733
detailed,monthly_test,affine_coupon_delta,233,schedule,nobs_late,1.0,128,128,400.22767128275495,425.57149433628393,0.014513379361818513,379.2233964595009,397.7428703268263,-379.2233964595009,0.0078125,0.0078125,0.0078125,123,0.5691056910569106
detailed,monthly_test,affine_coupon_delta,233,schedule,nobs_middle,1.0,128,128,401.6441632021909,431.04472790757904,-0.01457534223073731,378.9667643439877,397.38874369063456,-378.2687656389519,0.0,0.0,0.0078125,121,0.7272727272727273
detailed,monthly_test,affine_coupon_delta,233,schedule,tenor_months,-12.0,128,128,289.4812572864614,337.3305504513734,-0.26950626302606717,308.13576941165974,344.13421869808997,307.3593263711424,0.0,0.0,0.0,125,0.48
detailed,monthly_test,affine_coupon_delta,233,schedule,tenor_months,-6.0,128,128,194.91694879619826,239.11420245385267,0.5819056098106132,213.84598756972008,238.69948186357942,211.88691332462835,0.0,0.0,0.015625,125,0.472
detailed,monthly_test,affine_coupon_delta,233,schedule,tenor_months,-3.0,128,128,67.95026077380189,98.06551640455096,0.939400115060734,75.17908234566303,85.64905920773379,73.82729921900842,0.0,0.0234375,0.0546875,125,0.448
detailed,monthly_test,affine_coupon_delta,233,schedule,tenor_months,-1.0,128,128,50.13316706605127,74.59760289755793,0.9680509895680602,64.43247170517004,76.28131624833853,62.373229538230554,0.015625,0.0703125,0.109375,121,0.2809917355371901
detailed,monthly_test,affine_coupon_delta,233,schedule,tenor_months,1.0,128,128,71.83333620076783,89.85026873864635,0.9587868156553352,26.32602784346507,30.905630967358555,-23.20654452510557,0.0546875,0.1328125,0.203125,122,0.9098360655737705
detailed,monthly_test,affine_coupon_delta,233,schedule,tenor_months,3.0,128,128,118.13510932401815,140.65081710710135,0.9067949403012083,82.812677542443,92.6289290890037,-81.83683233129278,0.0078125,0.0078125,0.03125,119,0.8823529411764706
detailed,monthly_test,affine_coupon_delta,233,schedule,tenor_months,6.0,128,128,212.5294001681924,247.80300227909768,0.7477554874066582,185.25500257713128,204.74771567328054,-184.578646238379,0.0,0.0,0.0078125,124,0.5
detailed,monthly_test,affine_coupon_delta,233,schedule,tenor_months,12.0,128,128,353.941312678726,397.0984242869046,0.4559676165942166,331.0720331513211,359.8729089633164,-329.92631381064865,0.0,0.0,0.0,119,0.48739495798319327
detailed,monthly_test,affine_coupon_delta,233,terms,coupon_regular,-0.01,128,128,47.02625372710323,60.18159201612874,0.9812111451577447,16.964851894790826,22.71099447824131,7.001518959942288,0.0546875,0.1875,0.3359375,128,1.0
detailed,monthly_test,affine_coupon_delta,233,terms,coupon_regular,-0.005,128,128,52.19660243908209,66.45979826632218,0.9767489380185437,8.482393351105333,11.35547831537755,3.5007268836810677,0.0859375,0.3359375,0.578125,128,1.0
detailed,monthly_test,affine_coupon_delta,233,terms,coupon_regular,-0.0025,128,128,55.03159622559122,70.07961201987534,0.9739808778567342,4.241208317084852,5.677752677696546,1.7504030230500036,0.140625,0.578125,0.9609375,128,1.0
detailed,monthly_test,affine_coupon_delta,233,terms,coupon_regular,-0.001,128,128,56.868986571691494,72.37844766584567,0.9721471165232152,1.696485189479065,2.2711508665374787,0.700123956316969,0.3359375,0.9765625,0.9921875,128,1.0
detailed,monthly_test,affine_coupon_delta,233,terms,coupon_regular,0.001,128,128,59.35560081602359,75.57395315935437,0.9694999539910953,1.6965364122207203,2.27113567849162,-0.7001844922843989,0.3359375,0.9765625,0.9921875,128,1.0
detailed,monthly_test,affine_coupon_delta,233,terms,coupon_regular,0.0025,128,128,61.38911023869469,78.05809747166442,0.9673633659469645,4.241152437730371,5.677689199524255,-1.7503937098241655,0.140625,0.578125,0.9609375,128,1.0
detailed,monthly_test,affine_coupon_delta,233,terms,coupon_regular,0.005,128,128,64.99282417090603,82.34525071411574,0.9635151036371986,8.482444573846973,11.355459633266259,-3.500787419648442,0.0859375,0.3359375,0.578125,128,1.0
detailed,monthly_test,affine_coupon_delta,233,terms,coupon_regular,0.01,128,128,72.29837879193175,91.37559750712647,0.954753662447425,16.964870521242368,22.710929635578736,-7.001500333490792,0.0546875,0.1875,0.3359375,128,1.0
detailed,monthly_test,affine_coupon_delta,233,terms,first_strike,-0.05,128,128,63.71480403375171,82.16806169824429,0.9541978591838857,22.469743184419862,27.846371834349963,-13.088828617762488,0.0234375,0.1171875,0.1875,125,0.944
detailed,monthly_test,affine_coupon_delta,233,terms,first_strike,-0.025,128,128,61.25206588779907,78.11015491169005,0.9637143666648029,11.10697774321503,13.629264721164798,-6.45910383893594,0.0546875,0.234375,0.40625,124,0.9596774193548387
detailed,monthly_test,affine_coupon_delta,233,terms,first_strike,-0.01,128,128,59.53306965166881,75.73339094396,0.9681563753995366,4.451886415622644,5.376982471105484,-2.604111862006977,0.1484375,0.5390625,0.9609375,119,0.9747899159663865
detailed,monthly_test,affine_coupon_delta,233,terms,first_strike,-0.005,128,128,58.82228146444614,74.81064217243609,0.9695659847276348,2.248410002472901,2.7139618691169805,-1.3367733062355511,0.2109375,0.953125,1.0,111,0.972972972972973
detailed,monthly_test,affine_coupon_delta,233,terms,first_strike,0.005,128,128,57.33938322131445,73.09578349851904,0.9720611335513661,2.2183168965673223,2.7207536570016813,1.2876152575229354,0.296875,0.9609375,1.0,114,0.956140350877193
detailed,monthly_test,affine_coupon_delta,233,terms,first_strike,0.01,128,128,56.47826793686668,72.12518355785961,0.9732893194844937,4.425463893755234,5.404763254178082,2.612872040526727,0.125,0.515625,0.9609375,121,0.9586776859504132
detailed,monthly_test,affine_coupon_delta,233,terms,first_strike,0.025,128,128,53.998763111505205,69.2339709370119,0.9765653899445916,10.949839071949235,13.468626386862574,6.72472545070778,0.0546875,0.2578125,0.5078125,123,0.959349593495935
detailed,monthly_test,affine_coupon_delta,233,terms,first_strike,0.05,128,128,48.71522436552932,64.23328533185862,0.9810868797314151,22.11972871298669,27.749524788128138,14.075433473210113,0.0234375,0.1640625,0.34375,125,0.952
detailed,monthly_test,affine_coupon_delta,233,terms,ki_barrier,-0.05,43,43,68.70465144545034,82.83010598193464,0.972652636956753,49.00472336734919,57.3289260882009,-22.554980369070176,0.0,0.0,0.09302325581395349,43,1.0
detailed,monthly_test,affine_coupon_delta,233,terms,ki_barrier,-0.025,43,43,57.54900851659659,72.47435681873301,0.9795697758121983,24.104949373229474,28.37185474018215,-9.624968377264116,0.023255813953488372,0.11627906976744186,0.18604651162790697,43,1.0
detailed,monthly_test,affine_coupon_delta,233,terms,ki_barrier,-0.01,43,43,52.72990845809664,70.73183540828396,0.9806706327468769,9.723109797740907,11.43300258722775,-3.585835361060083,0.09302325581395349,0.3023255813953488,0.5581395348837209,43,1.0
detailed,monthly_test,affine_coupon_delta,233,terms,ki_barrier,-0.005,43,43,51.2643338533085,71.00544270283942,0.9805373285861816,4.9096243676842795,5.672048005334623,-1.6865407730671271,0.09302325581395349,0.5348837209302325,0.9767441860465116,43,1.0
detailed,monthly_test,affine_coupon_delta,233,terms,ki_barrier,0.005,43,43,50.12199606445096,72.50519353504279,0.9796925101251335,4.976026955741905,5.778707149548785,1.4907117153423721,0.06976744186046512,0.5348837209302325,0.9767441860465116,43,1.0
detailed,monthly_test,affine_coupon_delta,233,terms,ki_barrier,0.01,43,43,50.58715077363512,74.01784006828727,0.9788142229186778,9.971659712063866,11.594507753724681,2.8100633171817533,0.06976744186046512,0.27906976744186046,0.5348837209302325,43,1.0
detailed,monthly_test,affine_coupon_delta,233,terms,ki_barrier,0.025,43,43,55.74433433348053,80.28997275413869,0.9748667124748318,24.950593902405316,29.11706617890601,5.718454176608538,0.023255813953488372,0.09302325581395349,0.18604651162790697,43,1.0
detailed,monthly_test,affine_coupon_delta,233,terms,ki_barrier,0.05,43,43,72.83510299096366,96.07833340727677,0.9631052100344134,50.36275626650791,58.550277222218966,6.526997444987161,0.0,0.023255813953488372,0.11627906976744186,43,1.0
detailed,monthly_test,affine_coupon_delta,233,terms,last_strike,-0.05,128,128,41.22624809812982,58.54207016257533,0.9807464287570932,30.131771712592954,36.49744862685163,18.438673569487747,0.015625,0.1015625,0.234375,120,0.9916666666666667
detailed,monthly_test,affine_coupon_delta,233,terms,last_strike,-0.025,128,128,48.520274015074996,63.97512347569899,0.9776674032299303,15.335118691458844,18.640690756393326,9.618140382211525,0.03125,0.2421875,0.4375,118,1.0
detailed,monthly_test,affine_coupon_delta,233,terms,last_strike,-0.01,128,128,53.93735668589093,69.49963207075793,0.9740250992568171,6.16955011467288,7.5174103128003615,3.9157235185027,0.09375,0.5078125,0.6484375,116,1.0
detailed,monthly_test,affine_coupon_delta,233,terms,last_strike,-0.005,128,128,56.040228700166864,71.65844083665061,0.9725113096508791,3.104377485381943,3.7640677621870986,1.9517555466753764,0.234375,0.6484375,1.0,102,0.9901960784313726
detailed,monthly_test,affine_coupon_delta,233,terms,last_strike,0.005,128,128,60.22172370353116,76.38839588715868,0.9690366104431424,3.0994869966956378,3.802681130512286,-2.008319831198246,0.2578125,0.6484375,1.0,102,0.9901960784313726
detailed,monthly_test,affine_coupon_delta,233,terms,last_strike,0.01,128,128,62.35396095575045,78.91060256528725,0.9670837144497744,6.202148014328245,7.5913160525161825,-3.9929937772772903,0.1015625,0.5078125,0.6484375,115,0.991304347826087
detailed,monthly_test,affine_coupon_delta,233,terms,last_strike,0.025,128,128,69.40783341725557,87.13184474587274,0.960312927829166,15.41500399828989,18.97128073328716,-10.226812688973393,0.0625,0.2578125,0.421875,117,0.9914529914529915
detailed,monthly_test,affine_coupon_delta,233,terms,last_strike,0.05,128,128,81.8542304201548,102.02352729550329,0.9463623839779292,30.381381542741643,37.73799912835632,-21.181757179422103,0.046875,0.1328125,0.234375,119,0.9915966386554622
detailed,monthly_test,affine_coupon_delta,233,terms,monthly_barrier,-0.05,123,123,55.91217422181507,71.4628035326857,0.9712133956102303,9.212383837307579,13.04494408101135,1.3149214869358392,0.016260162601626018,0.5284552845528455,0.7235772357723578,123,0.967479674796748
detailed,monthly_test,affine_coupon_delta,233,terms,monthly_barrier,-0.025,123,123,55.45083765352026,70.97940483899139,0.972820821497594,4.3980626398293525,6.362177392434882,0.25708315045487196,0.06504065040650407,0.7479674796747967,0.8780487804878049,123,0.967479674796748
detailed,monthly_test,affine_coupon_delta,233,terms,monthly_barrier,-0.01,123,123,55.68137728130622,71.01467131667674,0.9735108132729143,1.7178734900522326,2.523357447408226,-0.0034886027000157345,0.5528455284552846,0.9105691056910569,1.0,123,0.967479674796748
detailed,monthly_test,affine_coupon_delta,233,terms,monthly_barrier,-0.005,123,123,55.826487441161035,71.08144834383353,0.9736984406673994,0.8518088670888966,1.2583450514581431,-0.015925449217594152,0.7560975609756098,1.0,1.0,123,0.967479674796748
detailed,monthly_test,affine_coupon_delta,233,terms,monthly_barrier,0.005,128,128,58.259133216240315,74.03499636646102,0.97105169225286,0.8386309252696296,1.2343877267266756,0.06028477026098612,0.7734375,1.0,1.0,123,0.967479674796748
detailed,monthly_test,affine_coupon_delta,233,terms,monthly_barrier,0.01,128,128,58.40483682881508,74.12753845848783,0.9712376714805266,1.6780755620844494,2.4567306288195194,0.1615276249930909,0.5078125,0.921875,1.0,123,0.967479674796748
detailed,monthly_test,affine_coupon_delta,233,terms,monthly_barrier,0.025,128,128,58.9192287888182,74.52040955745186,0.9717047645455342,4.224166886309873,6.110383690878296,0.6950738168581936,0.09375,0.7734375,0.90625,123,0.967479674796748
detailed,monthly_test,affine_coupon_delta,233,terms,monthly_barrier,0.05,128,128,60.15145765278983,75.54377679922874,0.9722015665682396,8.690541568293625,12.224514920156704,2.3954759592405295,0.03125,0.4609375,0.734375,123,0.967479674796748
detailed,monthly_test,affine_coupon_delta,47,schedule,nobs_early,1.0,128,128,165.60125291365006,195.60624331460448,0.6556662625571934,216.62721124332623,274.75028316888296,166.2273063291119,0.0078125,0.0078125,0.015625,127,0.5118110236220472
detailed,monthly_test,affine_coupon_delta,47,schedule,nobs_late,1.0,128,128,352.8547424622045,370.7252488851081,0.25215774079670605,300.3602792944482,322.3622385496018,-300.0678135248829,0.0,0.0,0.0,123,0.5691056910569106
detailed,monthly_test,affine_coupon_delta,47,schedule,nobs_middle,1.0,128,128,353.7390349220734,375.71093241710884,0.22919008458165602,302.03627867818955,318.8640771850441,-299.67371782231777,0.0,0.0,0.0,121,0.7272727272727273
detailed,monthly_test,affine_coupon_delta,47,schedule,tenor_months,-12.0,128,128,308.96167930344626,406.7936027794868,-0.8461701595903817,359.18971870202733,416.61709579318784,359.18971870202733,0.0,0.0,0.0,125,0.472
detailed,monthly_test,affine_coupon_delta,47,schedule,tenor_months,-6.0,128,128,208.52939359371754,270.83425356216446,0.4636222218452589,216.58660918000746,265.9552173460159,216.58660918000746,0.0,0.0,0.0,125,0.448
detailed,monthly_test,affine_coupon_delta,47,schedule,tenor_months,-3.0,128,128,81.88045498813625,89.69602308866075,0.9493026176501236,64.71759144507668,71.79256627192952,38.80425721817824,0.0,0.046875,0.0625,125,0.384
detailed,monthly_test,affine_coupon_delta,47,schedule,tenor_months,-1.0,128,128,63.38941998491819,74.17543101869907,0.9684115858028949,50.97004343797634,57.91761634600254,47.02441417905535,0.0,0.015625,0.0625,121,0.2892561983471074
detailed,monthly_test,affine_coupon_delta,47,schedule,tenor_months,1.0,128,128,84.42398546164728,112.93497911364655,0.934889000426979,19.95546606859323,24.588513667604314,-15.455197959322543,0.0390625,0.1484375,0.234375,122,0.9098360655737705
detailed,monthly_test,affine_coupon_delta,47,schedule,tenor_months,3.0,128,128,117.80445677574414,147.53281920104538,0.8974508056668175,59.726962931417475,67.02298415802902,-58.17181395160452,0.0078125,0.015625,0.0546875,119,0.8907563025210085
detailed,monthly_test,affine_coupon_delta,47,schedule,tenor_months,6.0,128,128,198.31644240728983,234.24726049279445,0.7745980646319972,141.83745166290666,154.88256284847483,-140.73957436107827,0.0,0.0,0.0078125,124,0.5080645161290323
detailed,monthly_test,affine_coupon_delta,47,schedule,tenor_months,12.0,128,128,312.46496426370885,356.4623106287302,0.5616150258711727,256.7988537686133,279.053253563222,-254.77343888640618,0.0,0.0,0.0,119,0.5126050420168067
detailed,monthly_test,affine_coupon_delta,47,terms,coupon_regular,-0.01,128,128,67.2951835307027,90.22434114109895,0.9577700657274246,11.138485198444918,14.038538445774744,4.258075485768742,0.0625,0.359375,0.5,128,1.0
detailed,monthly_test,affine_coupon_delta,47,terms,coupon_regular,-0.005,128,128,71.24282448328506,95.71141955318149,0.9517772168698684,5.569214659545204,7.019233046455835,2.129023773045787,0.1484375,0.5,0.96875,128,1.0
detailed,monthly_test,affine_coupon_delta,47,terms,coupon_regular,-0.0025,128,128,73.36241012245262,98.52788153862738,0.9485686940170194,2.7846259562241107,3.509636144321679,1.064497916684323,0.296875,0.96875,0.9921875,128,1.0
detailed,monthly_test,affine_coupon_delta,47,terms,coupon_regular,-0.001,128,128,74.67543474917633,100.23879922620424,0.9465776061665174,1.1138094042963353,1.4038158833943473,0.42581220518972585,0.5,0.9921875,1.0,128,1.0
detailed,monthly_test,affine_coupon_delta,47,terms,coupon_regular,0.001,128,128,76.4534818965933,102.54288321838045,0.9438477370515779,1.1139211630053665,1.403898410403551,-0.42580289196405974,0.5,0.9921875,1.0,128,1.0
detailed,monthly_test,affine_coupon_delta,47,terms,coupon_regular,0.0025,128,128,77.78700328731702,104.28715279506143,0.9417452880157179,2.7846771789657128,3.509693604410194,-1.0644839468456118,0.296875,0.96875,0.9921875,128,1.0
detailed,monthly_test,affine_coupon_delta,47,terms,coupon_regular,0.005,128,128,80.00958550465265,107.22307061565239,0.9381396340159541,5.569298478576988,7.019304485214905,-2.12905171272305,0.1484375,0.5,0.96875,128,1.0
detailed,monthly_test,affine_coupon_delta,47,terms,coupon_regular,0.01,128,128,84.49533054784908,113.19303548469126,0.930567566880836,11.138587643928162,14.038635524355017,-4.258075485768739,0.0625,0.359375,0.5,128,1.0
detailed,monthly_test,affine_coupon_delta,47,terms,first_strike,-0.05,128,128,85.50008189735459,116.3720807744745,0.9081292435167772,20.945678199583945,25.67183752596079,-10.469362804721754,0.015625,0.125,0.2890625,125,0.952
detailed,monthly_test,affine_coupon_delta,47,terms,first_strike,-0.025,128,128,80.91342372899246,110.5106535584189,0.9273679998229339,11.763711874772683,14.038532029271327,-5.992264428571312,0.0625,0.2265625,0.453125,124,0.9596774193548387
detailed,monthly_test,affine_coupon_delta,47,terms,first_strike,-0.01,128,128,77.89004073776722,105.44861191538563,0.9382652882730136,5.0802678987326155,5.965611828814503,-2.6477536378534583,0.078125,0.5078125,0.953125,119,0.9663865546218487
detailed,monthly_test,affine_coupon_delta,47,terms,first_strike,-0.005,128,128,76.73198523680458,103.47748600789537,0.9417730252155909,2.5927668516777613,3.0622791323807115,-1.3983290718047612,0.2109375,0.9453125,1.0,111,0.963963963963964
detailed,monthly_test,affine_coupon_delta,47,terms,first_strike,0.005,128,128,74.306473607788,99.19615896009073,0.9485466279107422,2.6927604808347647,3.1877701520706814,1.4295581311200802,0.2109375,0.8984375,1.0,114,0.9473684210526315
detailed,monthly_test,affine_coupon_delta,47,terms,first_strike,0.01,128,128,72.96101676849676,96.87809795288392,0.9518094040549893,5.4355620156517235,6.426422312625187,2.9773497867153678,0.0859375,0.515625,0.8828125,121,0.9504132231404959
detailed,monthly_test,affine_coupon_delta,47,terms,first_strike,0.025,128,128,68.46990999323683,89.2496645837452,0.9610567283755812,14.020081337504063,16.866127930639855,8.231223534180032,0.046875,0.21875,0.4140625,123,0.943089430894309
detailed,monthly_test,affine_coupon_delta,47,terms,first_strike,0.05,128,128,60.31456180020122,75.46554158837314,0.9738940020364522,29.661480194565506,36.83391033864243,18.930269043068662,0.03125,0.109375,0.234375,125,0.952
detailed,monthly_test,affine_coupon_delta,47,terms,ki_barrier,-0.05,43,43,49.26448111699299,66.87435891177009,0.9821738200876889,35.38124736753728,43.15225648567406,-5.5208738927078125,0.0,0.046511627906976744,0.20930232558139536,43,1.0
detailed,monthly_test,affine_coupon_delta,47,terms,ki_barrier,-0.025,43,43,38.80475060095777,54.77158792228575,0.9883314992966827,18.22968954853743,21.87940800493994,-1.3681725827992943,0.06976744186046512,0.13953488372093023,0.37209302325581395,43,1.0
detailed,monthly_test,affine_coupon_delta,47,terms,ki_barrier,-0.01,43,43,35.646657528791344,50.69666066715851,0.990070063074961,7.562369571083512,8.965339146759908,-0.3509110890107786,0.06976744186046512,0.3488372093023256,0.6744186046511628,43,1.0
detailed,monthly_test,affine_coupon_delta,47,terms,ki_barrier,-0.005,43,43,35.00923505970143,50.117701356974344,0.9903038023568832,3.7588184928983193,4.4863009823788165,-0.08056985809335794,0.20930232558139536,0.6976744186046512,1.0,43,1.0
detailed,monthly_test,affine_coupon_delta,47,terms,ki_barrier,0.005,43,43,34.309784598324555,49.86677377471378,0.9903940448108822,3.987460065796462,4.748134880493224,-0.0913203109041646,0.20930232558139536,0.6046511627906976,1.0,43,1.0
detailed,monthly_test,affine_coupon_delta,47,terms,ki_barrier,0.01,43,43,34.363952599840815,50.503730157747725,0.9901367851224561,8.105222595360145,9.568739963348053,-0.33031135439942666,0.13953488372093023,0.27906976744186046,0.627906976744186,43,1.0
detailed,monthly_test,affine_coupon_delta,47,terms,ki_barrier,0.025,43,43,36.213653295243155,54.88693921649734,0.9882546840356629,20.978370520702775,24.604066805255883,-1.9502378355573307,0.046511627906976744,0.18604651162790697,0.2558139534883721,43,1.0
detailed,monthly_test,affine_coupon_delta,47,terms,ki_barrier,0.05,43,43,53.45879890456025,70.8331955661403,0.9799466104614897,44.39611757311581,51.58982300848937,-8.195807245529112,0.0,0.06976744186046512,0.11627906976744186,43,1.0
detailed,monthly_test,affine_coupon_delta,47,terms,last_strike,-0.05,128,128,73.27173805363512,99.1943652637716,0.9447224036727189,10.474428999579995,14.66769675855491,1.120478837417779,0.0390625,0.3828125,0.6484375,120,0.975
detailed,monthly_test,affine_coupon_delta,47,terms,last_strike,-0.025,128,128,73.84806206019124,99.73595411679361,0.9457224229753627,5.425137414221183,7.350548419251048,0.9072521678021732,0.09375,0.6484375,0.84375,118,0.9830508474576272
detailed,monthly_test,affine_coupon_delta,47,terms,last_strike,-0.01,128,128,74.72467636310574,100.58740055361933,0.9455903345308583,2.207443862703469,2.980112028875322,0.43120804525612544,0.3203125,0.890625,0.9921875,116,0.9827586206896551
detailed,monthly_test,affine_coupon_delta,47,terms,last_strike,-0.005,128,128,75.12907861106649,100.96773324233025,0.9454261550229837,1.1189722275188583,1.4906911581656044,0.21098792617147405,0.59375,0.9921875,1.0,102,0.9901960784313726
detailed,monthly_test,affine_coupon_delta,47,terms,last_strike,0.005,128,128,76.03542768777942,101.88032499912339,0.9449224821659417,1.1406071056146703,1.5057515083131694,-0.2725440996942824,0.6015625,0.984375,1.0,102,0.9901960784313726
detailed,monthly_test,affine_coupon_delta,47,terms,last_strike,0.01,128,128,76.53174486682103,102.4041228943768,0.9445661571798182,2.2910073369052326,2.9928084143665785,-0.5292421408317682,0.21875,0.90625,0.9921875,115,0.9826086956521739
detailed,monthly_test,affine_coupon_delta,47,terms,last_strike,0.025,128,128,78.47572563189655,104.39564279525591,0.9430281937808518,5.85002639139392,7.472784318790607,-1.6547427609233512,0.125,0.5703125,0.8515625,117,0.9829059829059829
detailed,monthly_test,affine_coupon_delta,47,terms,last_strike,0.05,128,128,82.94143058968623,108.98967783639932,0.9387875819350474,12.303629043456679,15.130324603199572,-4.541369703931533,0.0390625,0.203125,0.3984375,119,0.9831932773109243
detailed,monthly_test,affine_coupon_delta,47,terms,monthly_barrier,-0.05,123,123,80.87157573665127,108.84195857215359,0.9332235947732291,9.080496543396215,11.545375965929852,-4.852031894548277,0.06504065040650407,0.2926829268292683,0.5040650406504065,123,0.6016260162601627
detailed,monthly_test,affine_coupon_delta,47,terms,monthly_barrier,-0.025,123,123,78.62526961149902,106.09929700739946,0.9392709298203198,4.747369128832748,5.997597757515336,-2.9472722444822868,0.13008130081300814,0.4796747967479675,0.9349593495934959,123,0.6016260162601627
detailed,monthly_test,affine_coupon_delta,47,terms,monthly_barrier,-0.01,123,123,77.53331360971639,104.29198174480308,0.942868674257839,1.9595263167819872,2.4657670941561767,-1.3111563581991346,0.3008130081300813,0.959349593495935,0.991869918699187,123,0.6097560975609756
detailed,monthly_test,affine_coupon_delta,47,terms,monthly_barrier,-0.005,123,123,77.20709986881351,103.67133063371405,0.944051775864331,0.9882763053335359,1.2422415759496999,-0.6737426617643383,0.45528455284552843,0.991869918699187,1.0,123,0.6097560975609756
detailed,monthly_test,affine_coupon_delta,47,terms,monthly_barrier,0.005,128,128,75.21273735667214,100.7443688569245,0.946396811595411,1.0457058214911168,1.2936080756765374,0.7657523073064649,0.453125,0.9921875,1.0,123,0.6097560975609756
detailed,monthly_test,affine_coupon_delta,47,terms,monthly_barrier,0.01,128,128,74.86072610373141,100.09741017801085,0.9475542178029177,2.119479173607945,2.6059327708682334,1.580001755325561,0.2578125,0.9609375,0.9921875,123,0.6097560975609756
detailed,monthly_test,affine_coupon_delta,47,terms,monthly_barrier,0.025,128,128,73.89068124663743,98.16382040574254,0.9509017796695652,5.520048391095183,6.689991044674994,4.289774063907525,0.078125,0.421875,0.9140625,123,0.6178861788617886
detailed,monthly_test,affine_coupon_delta,47,terms,monthly_barrier,0.05,128,128,72.4925474778827,95.1206092684485,0.9559270438010472,11.82114293392394,13.988712312819,9.685291653334234,0.0234375,0.1953125,0.375,123,0.6178861788617886
detailed,monthly_test,affine_coupon_delta,ensemble,schedule,nobs_early,1.0,128,128,137.03467417046085,161.85688571988476,0.764236531833454,168.74041709442002,217.1067178103064,134.54964331328935,0.0234375,0.0625,0.1015625,127,0.5275590551181102
detailed,monthly_test,affine_coupon_delta,ensemble,schedule,nobs_late,1.0,128,128,366.6462560914622,388.1128882203528,0.18036253507074107,335.25231426386125,353.80333330007835,-335.25231426386125,0.0,0.0,0.0,123,0.5691056910569106
detailed,monthly_test,affine_coupon_delta,ensemble,schedule,nobs_middle,1.0,128,128,372.469363029947,399.9326390132864,0.12659972206196002,340.5460123426823,358.01707822043795,-339.9692594192271,0.0,0.0,0.015625,121,0.7272727272727273
detailed,monthly_test,affine_coupon_delta,ensemble,schedule,tenor_months,-12.0,128,128,237.16502190807674,288.9441280153436,0.0685678078719405,267.0583176928166,301.3045139326904,266.43812692521914,0.0,0.0,0.0234375,125,0.48
detailed,monthly_test,affine_coupon_delta,ensemble,schedule,tenor_months,-6.0,128,128,128.3766154662288,177.78023237069615,0.7688837219708635,148.52450641737659,175.7447950481881,146.6897773819507,0.0,0.0078125,0.03125,125,0.488
detailed,monthly_test,affine_coupon_delta,ensemble,schedule,tenor_months,-3.0,128,128,66.92809810188508,79.58685257219148,0.9600863154874562,57.90141398239611,65.25588003508977,46.964518034593404,0.015625,0.0390625,0.046875,125,0.432
detailed,monthly_test,affine_coupon_delta,ensemble,schedule,tenor_months,-1.0,128,128,49.27182519871748,66.18551278057517,0.9748502575060417,57.59172691884852,66.39678253419228,55.56403527640154,0.0078125,0.0234375,0.078125,121,0.2727272727272727
detailed,monthly_test,affine_coupon_delta,ensemble,schedule,tenor_months,1.0,128,128,74.18321799748571,95.20721718342341,0.9537259881445058,22.683254114708923,27.001283683966665,-19.411769801555817,0.0390625,0.1484375,0.2109375,122,0.9098360655737705
detailed,monthly_test,affine_coupon_delta,ensemble,schedule,tenor_months,3.0,128,128,111.90504422438214,137.5742630299282,0.9108278249409919,70.05812638636127,77.90108877901578,-69.03222416010794,0.0,0.015625,0.046875,119,0.8907563025210085
detailed,monthly_test,affine_coupon_delta,ensemble,schedule,tenor_months,6.0,128,128,197.60216487216147,232.0246087643894,0.7788552173688792,160.0500981996708,175.18423851962905,-159.2988945700053,0.0,0.0,0.0,124,0.5080645161290323
detailed,monthly_test,affine_coupon_delta,ensemble,schedule,tenor_months,12.0,128,128,318.5429251849516,359.0046784560939,0.5553394091865953,282.9293456940122,306.6256134015092,-281.64650963306644,0.0,0.0078125,0.0078125,119,0.4957983193277311
detailed,monthly_test,affine_coupon_delta,ensemble,terms,coupon_regular,-0.01,128,128,52.356418422340745,67.48875992063627,0.9763715157270498,14.0734961082374,18.05415945869728,5.1241185567207825,0.0625,0.265625,0.453125,128,1.0
detailed,monthly_test,affine_coupon_delta,ensemble,terms,coupon_regular,-0.005,128,128,57.243705889726094,73.76463418436252,0.9713568259160279,7.036726323258575,9.027062082813229,2.5620561739518903,0.1328125,0.453125,0.5859375,128,1.0
detailed,monthly_test,affine_coupon_delta,ensemble,terms,coupon_regular,-0.0025,128,128,59.87018728146,77.10758322823237,0.9685005156147222,3.5183701465487287,4.513531201508286,1.2810319674867592,0.203125,0.5859375,0.9765625,128,1.0
detailed,monthly_test,affine_coupon_delta,ensemble,terms,coupon_regular,-0.001,128,128,61.47440839102708,79.16912389804008,0.9666755253581304,1.4073449542108247,1.805420227858085,0.512394160543165,0.453125,0.984375,1.0,128,1.0
detailed,monthly_test,affine_coupon_delta,ensemble,terms,coupon_regular,0.001,128,128,63.613413849570996,81.97644599990033,0.9641132287575861,1.4073868637267397,1.8054420008723344,-0.512411234790322,0.453125,0.984375,1.0,128,1.0
detailed,monthly_test,affine_coupon_delta,ensemble,terms,coupon_regular,0.0025,128,128,65.2177407888843,84.1221466997103,0.9620955559004846,3.5183825641829416,4.513557154371828,-1.2810536983467213,0.203125,0.5859375,0.9765625,128,1.0
detailed,monthly_test,affine_coupon_delta,ensemble,terms,coupon_regular,0.005,128,128,67.98123271805684,87.76746959088007,0.9585520400580974,7.0367728893874215,9.027093083035073,-2.5620903224463545,0.1328125,0.453125,0.5859375,128,1.0
detailed,monthly_test,affine_coupon_delta,ensemble,terms,coupon_regular,0.01,128,128,73.86766835430322,95.28142383517232,0.9508029062399397,14.073531808936055,18.05418288091749,-5.124135630968109,0.0625,0.265625,0.453125,128,1.0
detailed,monthly_test,affine_coupon_delta,ensemble,terms,first_strike,-0.05,128,128,67.77450024074719,89.46857671167525,0.9456973842414607,20.297900904474673,25.629185455769065,-11.097833247910952,0.0234375,0.1171875,0.2421875,125,0.928
detailed,monthly_test,affine_coupon_delta,ensemble,terms,first_strike,-0.025,128,128,65.53639465199862,86.00513581144723,0.9560085292861024,10.736380324705717,13.050597259838476,-5.907497000034062,0.0546875,0.2421875,0.4765625,124,0.9596774193548387
detailed,monthly_test,affine_coupon_delta,ensemble,terms,first_strike,-0.01,128,128,63.97543940961802,83.04369639594447,0.9617121452164668,4.4983241227179835,5.316621336846029,-2.502828979813258,0.1015625,0.59375,0.96875,119,0.957983193277311
detailed,monthly_test,affine_coupon_delta,ensemble,terms,first_strike,-0.005,128,128,63.25864593294998,81.82304914135814,0.9635930910461841,2.2873647851323193,2.705325520704027,-1.3066915870754539,0.234375,0.9609375,1.0,111,0.9459459459459459
detailed,monthly_test,affine_coupon_delta,ensemble,terms,first_strike,0.005,128,128,61.73052624804673,79.25953498700173,0.9671506204925169,2.3197755990762916,2.7646329549404896,1.299062764169245,0.21875,0.96875,1.0,114,0.9385964912280702
detailed,monthly_test,affine_coupon_delta,ensemble,terms,first_strike,0.01,128,128,60.81825352453634,77.8170330627511,0.9689071575167335,4.670432334574874,5.532387935930436,2.6774002773131937,0.09375,0.5234375,0.9609375,121,0.9421487603305785
detailed,monthly_test,affine_coupon_delta,ensemble,terms,first_strike,0.025,128,128,57.82653731984934,73.13081093371646,0.9738531107679669,11.855213991325838,14.154543333215981,7.192770923806605,0.046875,0.2578125,0.453125,123,0.9349593495934959
detailed,monthly_test,affine_coupon_delta,ensemble,terms,first_strike,0.05,128,128,52.37610531568721,64.67714559288109,0.9808245924462826,24.450184616820902,30.201532062579645,15.948787279844888,0.0390625,0.1640625,0.296875,125,0.944
detailed,monthly_test,affine_coupon_delta,ensemble,terms,ki_barrier,-0.05,43,43,54.989172401819815,69.48470350904758,0.9807550210942807,44.36629915195858,52.60558768513284,-17.53644485855608,0.0,0.023255813953488372,0.11627906976744186,43,1.0
detailed,monthly_test,affine_coupon_delta,ensemble,terms,ki_barrier,-0.025,43,43,43.48637223121164,57.80414949556679,0.9870036193246531,22.233941870956667,26.22217838294523,-7.192558270161789,0.023255813953488372,0.13953488372093023,0.2558139534883721,43,1.0
detailed,monthly_test,affine_coupon_delta,ensemble,terms,ki_barrier,-0.01,43,43,38.64288744276467,55.23165094397404,0.9882140706785039,9.095306697006427,10.6216524648029,-2.631671270053397,0.046511627906976744,0.3488372093023256,0.5348837209302325,43,1.0
detailed,monthly_test,affine_coupon_delta,ensemble,terms,ki_barrier,-0.005,43,43,37.7621036056486,55.30124949015798,0.9881943729459276,4.566904960719095,5.275099583149133,-1.2125221290743455,0.09302325581395349,0.5116279069767442,0.9767441860465116,43,1.0
detailed,monthly_test,affine_coupon_delta,ensemble,terms,ki_barrier,0.005,43,43,36.52545949268435,56.498670790745074,0.9876691085611807,4.6587475042098045,5.4408378627984,1.0230647616707655,0.09302325581395349,0.5116279069767442,0.9767441860465116,43,1.0
detailed,monthly_test,affine_coupon_delta,ensemble,terms,ki_barrier,0.01,43,43,36.69016963947996,57.912669305479724,0.9870306339331655,9.327587489579862,10.920348818951123,1.8807991820428458,0.11627906976744186,0.23255813953488372,0.5116279069767442,43,1.0
detailed,monthly_test,affine_coupon_delta,ensemble,terms,ki_barrier,0.025,43,43,43.670354566222414,64.18885598453221,0.9839362865119214,23.750623368750247,27.648701874142056,3.44097918180124,0.0,0.18604651162790697,0.23255813953488372,43,1.0
detailed,monthly_test,affine_coupon_delta,ensemble,terms,ki_barrier,0.05,43,43,62.89302853026459,81.06257541543363,0.9737363601061372,48.88390034241893,56.32594207838074,2.117718434894586,0.0,0.046511627906976744,0.11627906976744186,43,1.0
detailed,monthly_test,affine_coupon_delta,ensemble,terms,last_strike,-0.05,128,128,51.865701205928126,66.33843896192919,0.97527674546988,21.289709132081995,24.51558082188216,11.628928275135404,0.0234375,0.09375,0.2421875,120,1.0
detailed,monthly_test,affine_coupon_delta,ensemble,terms,last_strike,-0.025,128,128,56.16453990171508,72.46076270502661,0.9713501230532431,10.871939391515419,12.525218950247549,6.1883168271592535,0.046875,0.25,0.4765625,118,1.0
detailed,monthly_test,affine_coupon_delta,ensemble,terms,last_strike,-0.01,128,128,59.80382776476057,77.11421580753344,0.9680215228163567,4.39863361280734,5.075212601297447,2.5478512480576163,0.09375,0.5390625,0.9921875,116,1.0
detailed,monthly_test,affine_coupon_delta,ensemble,terms,last_strike,-0.005,128,128,61.147160157514335,78.80499229202385,0.9667549644234383,2.2224080878039683,2.547839036002538,1.2695524475437576,0.21875,0.9921875,1.0,102,1.0
detailed,monthly_test,affine_coupon_delta,ensemble,terms,last_strike,0.005,128,128,63.997192420028405,82.39867803111342,0.9639724935484324,2.229551478734339,2.5897630287714684,-1.3310837857979587,0.2578125,0.984375,1.0,102,1.0
detailed,monthly_test,affine_coupon_delta,ensemble,terms,last_strike,0.01,128,128,65.48243237627072,84.27500126390694,0.9624562510429603,4.471709387162809,5.168800339981368,-2.645379325034482,0.109375,0.5390625,0.984375,115,1.0
detailed,monthly_test,affine_coupon_delta,ensemble,terms,last_strike,0.025,128,128,70.57338914390019,90.34228012027316,0.9573344510514522,11.203099892985971,13.009941596231151,-6.927256326841114,0.078125,0.2265625,0.453125,117,1.0
detailed,monthly_test,affine_coupon_delta,ensemble,terms,last_strike,0.05,128,128,79.78602259072994,101.45755134036085,0.946955843100573,22.520334011897944,26.385686965586057,-14.942234310033784,0.046875,0.140625,0.234375,119,1.0
detailed,monthly_test,affine_coupon_delta,ensemble,terms,monthly_barrier,-0.05,123,123,63.35662461487861,81.06622255750987,0.9629566535834027,6.257492318726462,10.790942706302241,-0.3585847174159141,0.08943089430894309,0.6829268292682927,0.8211382113821138,123,0.9512195121951219
detailed,monthly_test,affine_coupon_delta,ensemble,terms,monthly_barrier,-0.025,123,123,62.91302505039966,81.00018532397597,0.9646048592198065,3.135648553188891,5.429687916348838,-0.6247183022851658,0.5203252032520326,0.7967479674796748,0.9105691056910569,123,0.967479674796748
detailed,monthly_test,affine_coupon_delta,ensemble,terms,monthly_barrier,-0.01,123,123,62.848515480265156,81.08944579123416,0.9654616865492137,1.2919366302610746,2.2003176876285475,-0.3714673267376992,0.6747967479674797,0.9512195121951219,0.991869918699187,123,0.967479674796748
detailed,monthly_test,affine_coupon_delta,ensemble,terms,monthly_barrier,-0.005,123,123,62.85756186034454,81.14499964686645,0.9657238143947218,0.6537675755789311,1.1041136491854273,-0.20274482038679678,0.8048780487804879,0.991869918699187,1.0,123,0.967479674796748
detailed,monthly_test,affine_coupon_delta,ensemble,terms,monthly_barrier,0.005,128,128,62.60657960630732,80.63719872554215,0.9656584473390366,0.6722060792660514,1.102366759643508,0.26045237901877966,0.796875,0.9921875,1.0,123,0.967479674796748
detailed,monthly_test,affine_coupon_delta,ensemble,terms,monthly_barrier,0.01,128,128,62.670923662621405,80.71841496660159,0.9658956218356973,1.371419172386438,2.2095836634575274,0.5679148870394888,0.640625,0.9609375,0.9921875,123,0.967479674796748
detailed,monthly_test,affine_coupon_delta,ensemble,terms,monthly_barrier,0.025,128,128,62.98509081351226,81.04012334008625,0.9665371418281207,3.6284766428106057,5.620883235600504,1.7577966935262048,0.09375,0.7578125,0.921875,123,0.967479674796748
detailed,monthly_test,affine_coupon_delta,ensemble,terms,monthly_barrier,0.05,128,128,64.05867307694388,81.8887485934387,0.9673358467995108,7.983264175235264,11.676043164935455,4.678811933059596,0.0390625,0.546875,0.734375,123,0.967479674796748
detailed,monthly_test,augmented_delta,101,schedule,nobs_early,1.0,128,128,261.04656298803957,292.7201474430789,0.22888458996924166,264.73741271363224,305.07147308281384,258.5188914988445,0.0,0.0,0.0078125,127,0.3779527559055118
detailed,monthly_test,augmented_delta,101,schedule,nobs_late,1.0,128,128,252.5280012766468,275.6271697089056,0.5866197505756603,250.67445022789727,269.82188772383546,-250.67445022789727,0.0,0.0,0.0,123,0.5609756097560976
detailed,monthly_test,augmented_delta,101,schedule,nobs_middle,1.0,128,128,250.4669811702559,283.39762934631204,0.561436934386413,245.23843033967142,263.8217939188279,-244.48260141480415,0.0,0.0,0.0,121,0.71900826446281
detailed,monthly_test,augmented_delta,101,schedule,tenor_months,-12.0,128,128,371.3497632009773,477.8944266020233,-1.5479296287912527,373.5235390183371,460.0621075742848,372.82222297150804,0.0,0.0078125,0.0078125,125,0.496
detailed,monthly_test,augmented_delta,101,schedule,tenor_months,-6.0,128,128,143.5148341918233,197.20047135959888,0.715632805601998,139.93112897014925,176.51556831787582,133.13357792321253,0.015625,0.0234375,0.0390625,125,0.496
detailed,monthly_test,augmented_delta,101,schedule,tenor_months,-3.0,128,128,122.50487240875563,151.5673693312947,0.8552393294804639,125.40839427276632,143.64017543316146,122.05616936498498,0.0,0.03125,0.03125,125,0.488
detailed,monthly_test,augmented_delta,101,schedule,tenor_months,-1.0,128,128,54.080187061146404,76.5343429160463,0.9663705021428085,49.92780367522126,56.21176820583046,47.09208407732691,0.0,0.015625,0.078125,121,0.3140495867768595
detailed,monthly_test,augmented_delta,101,schedule,tenor_months,1.0,128,128,59.343590456520985,77.86027707074255,0.9690522342768193,25.459388598273343,29.636362382096138,-22.63756231136999,0.0078125,0.0625,0.125,122,0.9180327868852459
detailed,monthly_test,augmented_delta,101,schedule,tenor_months,3.0,128,128,98.96559549846165,113.49915774962224,0.9393067704471947,80.61671853796007,86.80584323158503,-79.80478891896502,0.0,0.0078125,0.0078125,119,0.8739495798319328
detailed,monthly_test,augmented_delta,101,schedule,tenor_months,6.0,128,128,194.2300736519555,212.02258310758552,0.8153399953318372,183.1376220772915,193.6932105615849,-182.5760978119893,0.0,0.0,0.0078125,124,0.49193548387096775
detailed,monthly_test,augmented_delta,101,schedule,tenor_months,12.0,128,128,343.85330013989704,367.20887469053156,0.5347838728155112,337.9049291774755,356.289080815792,-336.71050982237074,0.0,0.015625,0.015625,119,0.48739495798319327
detailed,monthly_test,augmented_delta,101,terms,coupon_regular,-0.01,128,128,60.73456300708806,79.67018018497075,0.9670720597072235,17.130299435685963,21.144770204008186,-11.546100733038955,0.046875,0.1875,0.3671875,128,1.0
detailed,monthly_test,augmented_delta,101,terms,coupon_regular,-0.005,128,128,56.149604992769845,74.77058091089516,0.9705702707863896,8.6667575464179,10.573863698033417,-5.846282588867895,0.0625,0.34375,0.578125,128,1.0
detailed,monthly_test,augmented_delta,101,terms,coupon_regular,-0.0025,128,128,54.28993366191458,73.04332599050667,0.971733610246151,4.358525333700513,5.303173766727088,-2.9380657386921114,0.1484375,0.578125,0.96875,128,1.0
detailed,monthly_test,augmented_delta,101,terms,coupon_regular,-0.001,128,128,53.22957771076213,72.2386307569492,0.9722546220801961,1.7489393956057344,2.126775399086261,-1.1780416836199552,0.34375,0.9921875,1.0,128,1.0
detailed,monthly_test,augmented_delta,101,terms,coupon_regular,0.001,128,128,51.94798430852408,71.4349487244245,0.9727492983509518,1.7579030480140396,2.135508392700784,1.1806633566674176,0.3125,0.984375,1.0,128,1.0
detailed,monthly_test,augmented_delta,101,terms,coupon_regular,0.0025,128,128,51.06324790030025,71.03319356022408,0.9729733561356131,4.410818277834354,5.356821075221356,2.9537678373002203,0.140625,0.5546875,0.96875,128,1.0
detailed,monthly_test,augmented_delta,101,terms,coupon_regular,0.005,128,128,49.73510074679683,70.74408720813176,0.9730712434950708,8.862879413583919,10.776438337087134,5.901738191573348,0.0859375,0.3125,0.5546875,128,1.0
detailed,monthly_test,augmented_delta,101,terms,coupon_regular,0.01,128,128,47.89638001534163,71.56739275647337,0.9722442246796102,17.910873351497607,21.783044481935875,11.661971231159743,0.0390625,0.140625,0.3203125,128,1.0
detailed,monthly_test,augmented_delta,101,terms,first_strike,-0.05,128,128,52.774844445369276,65.23052663961148,0.9711343419440954,22.215075209181848,30.69168924816529,-14.611224377583426,0.0234375,0.1796875,0.3203125,125,0.888
detailed,monthly_test,augmented_delta,101,terms,first_strike,-0.025,128,128,53.18810725689685,68.60508275106032,0.9720081053793073,11.870610209784733,15.621499177724049,-7.968959340289681,0.0625,0.25,0.515625,124,0.9435483870967742
detailed,monthly_test,augmented_delta,101,terms,first_strike,-0.01,128,128,53.04174416071292,70.62308945018945,0.9723088422114873,4.9880827505820875,6.347853313000445,-3.4165697364242824,0.109375,0.578125,0.921875,119,0.9411764705882353
detailed,monthly_test,augmented_delta,101,terms,first_strike,-0.005,128,128,52.836753050201985,71.18509672282654,0.9724443507736409,2.518056123617083,3.2345124680628428,-1.7788162530510416,0.21875,0.9140625,0.984375,111,0.9369369369369369
detailed,monthly_test,augmented_delta,101,terms,first_strike,0.005,128,128,52.136284119235455,72.47222793339948,0.9725357745394055,2.6089135148472087,3.325465607968838,1.8014445483897872,0.203125,0.875,0.984375,114,0.9298245614035088
detailed,monthly_test,augmented_delta,101,terms,first_strike,0.01,128,128,51.594699719175146,73.08385882064252,0.9725745330981167,5.256517096445308,6.6201018300455745,3.711059680836061,0.0703125,0.578125,0.875,121,0.9338842975206612
detailed,monthly_test,augmented_delta,101,terms,first_strike,0.025,128,128,49.65158905449359,75.37636648689407,0.9722227245481958,13.67164184463134,17.025816185715577,9.96885259760748,0.0078125,0.171875,0.484375,123,0.926829268292683
detailed,monthly_test,augmented_delta,101,terms,first_strike,0.05,128,128,50.59635314536017,81.00749295202266,0.969918928853484,28.549947894161864,36.13375555647836,21.855231943647638,0.03125,0.0859375,0.1953125,125,0.936
detailed,monthly_test,augmented_delta,101,terms,ki_barrier,-0.05,43,43,65.01092899754487,84.3686629456435,0.9716272549844568,42.29438977620394,49.22161976526199,-12.776339378036667,0.0,0.0,0.11627906976744186,43,1.0
detailed,monthly_test,augmented_delta,101,terms,ki_barrier,-0.025,43,43,60.62414654747988,84.08324131364992,0.9725005959342388,20.436224661893576,24.534523596419312,-4.660871775644839,0.046511627906976744,0.20930232558139536,0.27906976744186046,43,1.0
detailed,monthly_test,augmented_delta,101,terms,ki_barrier,-0.01,43,43,57.74157543276399,85.77476938900676,0.9715745793336602,8.289761971185296,9.968473631150312,-1.5820658191644175,0.09302325581395349,0.37209302325581395,0.5116279069767442,43,1.0
detailed,monthly_test,augmented_delta,101,terms,ki_barrier,-0.005,43,43,57.037604406267896,86.74664882427022,0.970951441626849,4.144032646001552,4.990422917940637,-0.6815648775181513,0.16279069767441862,0.5348837209302325,1.0,43,1.0
detailed,monthly_test,augmented_delta,101,terms,ki_barrier,0.005,43,43,55.81890592013042,88.81186883249391,0.9695308716119642,4.271435336210407,5.144514685385996,0.47978921686115383,0.18604651162790697,0.5581395348837209,1.0,43,1.0
detailed,monthly_test,augmented_delta,101,terms,ki_barrier,0.01,43,43,55.13912511238799,90.05880379674646,0.968636542641103,8.565914909400563,10.338115893394972,0.7820637941076248,0.11627906976744186,0.32558139534883723,0.5813953488372093,43,1.0
detailed,monthly_test,augmented_delta,101,terms,ki_barrier,0.025,43,43,58.50664070452673,94.83484601320912,0.9649359105755624,21.706124837507655,26.323841586171536,0.6033914851639639,0.06976744186046512,0.23255813953488372,0.27906976744186046,43,1.0
detailed,monthly_test,augmented_delta,101,terms,ki_barrier,0.05,43,43,70.31999571547871,105.66247317308479,0.9553773186151439,45.008644577240815,54.358606961735376,-3.851141518579112,0.0,0.11627906976744186,0.18604651162790697,43,1.0
detailed,monthly_test,augmented_delta,101,terms,last_strike,-0.05,128,128,45.68540694192169,69.31423476771441,0.9730089356576319,20.977980543979527,24.833200029155837,13.027172526942907,0.03125,0.1328125,0.2421875,120,1.0
detailed,monthly_test,augmented_delta,101,terms,last_strike,-0.025,128,128,47.768192234593535,69.33589627813383,0.9737678898835886,11.141953386415654,12.989942191581363,6.973612678687889,0.015625,0.234375,0.4140625,118,1.0
detailed,monthly_test,augmented_delta,101,terms,last_strike,-0.01,128,128,50.38620818702461,70.4619330988882,0.9733008156993288,4.5833065301072065,5.329078238278209,2.884255827438819,0.1171875,0.5390625,0.984375,116,1.0
detailed,monthly_test,augmented_delta,101,terms,last_strike,-0.005,128,128,51.44211451805475,71.07090542390134,0.9729602272845406,2.3105912204043895,2.67848475816588,1.4415165043336673,0.2265625,0.984375,1.0,102,1.0
detailed,monthly_test,augmented_delta,101,terms,last_strike,0.005,128,128,53.80002478814587,72.63410477959476,0.9720053596294361,2.3931625465744117,2.755658557853127,-1.5103835600672073,0.2109375,0.9765625,1.0,102,1.0
detailed,monthly_test,augmented_delta,101,terms,last_strike,0.01,128,128,55.0649755872568,73.59918577470849,0.9713657296272391,4.825624171775411,5.536987504430851,-3.0113285608909726,0.078125,0.4765625,0.984375,115,1.0
detailed,monthly_test,augmented_delta,101,terms,last_strike,0.025,128,128,59.400922346702366,77.26303600262571,0.968793951297353,12.253020325405572,14.098268535879377,-7.8933280989198344,0.0234375,0.1875,0.4296875,117,1.0
detailed,monthly_test,augmented_delta,101,terms,last_strike,0.05,128,128,68.15019029543635,85.60043676956369,0.9622409760687046,25.163488738603263,29.05255086257435,-17.007043202740874,0.015625,0.109375,0.171875,119,1.0
detailed,monthly_test,augmented_delta,101,terms,monthly_barrier,-0.05,123,123,49.152966341137265,62.640812392430085,0.9778820382521763,7.851957495588518,12.288304320798638,2.2590735978962653,0.06504065040650407,0.5203252032520326,0.7560975609756098,123,0.967479674796748
detailed,monthly_test,augmented_delta,101,terms,monthly_barrier,-0.025,123,123,48.09465064239297,62.75475077468136,0.9787546036661526,3.72454864852161,6.034720831477685,0.8146821793756118,0.36585365853658536,0.7560975609756098,0.9186991869918699,123,0.967479674796748
detailed,monthly_test,augmented_delta,101,terms,monthly_barrier,-0.01,123,123,48.004853002243074,63.29777123880488,0.9789549821199277,1.4648592807036287,2.400673326984522,0.23983887925987768,0.5284552845528455,0.943089430894309,0.991869918699187,123,0.967479674796748
detailed,monthly_test,augmented_delta,101,terms,monthly_barrier,-0.005,123,123,48.041969759977405,63.56337978527045,0.9789678861848992,0.7278259170047227,1.194661131450409,0.10907954400402999,0.7479674796747967,0.991869918699187,1.0,123,0.967479674796748
detailed,monthly_test,augmented_delta,101,terms,monthly_barrier,0.005,128,128,52.616625704171554,71.95259649672165,0.9726572618571641,0.7449575740974052,1.2109077929006458,-0.11479456054097768,0.734375,0.9921875,1.0,123,0.967479674796748
detailed,monthly_test,augmented_delta,101,terms,monthly_barrier,0.01,128,128,52.70839329276673,72.1413091115705,0.9727583804897072,1.4824400351038296,2.4082084413890823,-0.19352979335331416,0.53125,0.9453125,0.9921875,123,0.967479674796748
detailed,monthly_test,augmented_delta,101,terms,monthly_barrier,0.025,128,128,53.28609843695719,72.93993208373686,0.9728922447869703,3.7321291314368015,6.006326808530832,-0.22810434184227257,0.390625,0.703125,0.9375,123,0.975609756097561
detailed,monthly_test,augmented_delta,101,terms,monthly_barrier,0.05,128,128,54.77754012145313,74.99425092656443,0.972604522266455,7.71809599505602,12.086366004090888,0.4380966777196855,0.171875,0.5234375,0.6953125,123,0.975609756097561
detailed,monthly_test,augmented_delta,233,schedule,nobs_early,1.0,128,128,193.04416994716607,222.22233236271268,0.5555841345454322,197.746616525323,238.99846658653476,194.1326270777987,0.0,0.0078125,0.0234375,127,0.4015748031496063
detailed,monthly_test,augmented_delta,233,schedule,nobs_late,1.0,128,128,333.5285333394006,357.1387405182934,0.30596783668087335,326.8340035777262,342.78643101638994,-326.39707105038656,0.0,0.0,0.0,123,0.5691056910569106
detailed,monthly_test,augmented_delta,233,schedule,nobs_middle,1.0,128,128,353.46570022683613,393.8810589089581,0.15283145626400962,345.68627344639185,370.241330798703,-343.49452646393024,0.0,0.0,0.0,121,0.7272727272727273
detailed,monthly_test,augmented_delta,233,schedule,tenor_months,-12.0,128,128,377.4991011593491,405.84048805186524,-0.8375291653506736,380.0170903291197,408.93024830325584,380.0170903291197,0.0,0.0,0.0,125,0.456
detailed,monthly_test,augmented_delta,233,schedule,tenor_months,-6.0,128,128,244.753314658026,259.999626589863,0.5056790187275235,247.5961460860837,267.0169853669315,247.27130382779646,0.0,0.0,0.0,125,0.44
detailed,monthly_test,augmented_delta,233,schedule,tenor_months,-3.0,128,128,92.46146656199764,114.04947478776977,0.9180355102591922,96.69897557808186,111.81480444797596,94.15846217834566,0.0,0.0234375,0.03125,125,0.472
detailed,monthly_test,augmented_delta,233,schedule,tenor_months,-1.0,128,128,58.99202363222423,87.42538431433026,0.9561183684069327,58.63824744195186,69.960349877761,57.39196692886795,0.0078125,0.046875,0.0546875,121,0.371900826446281
detailed,monthly_test,augmented_delta,233,schedule,tenor_months,1.0,128,128,67.15180579425305,85.02162659079423,0.9630974625466389,22.448337306874024,26.25051295598597,-21.44647058762989,0.0078125,0.078125,0.1484375,122,0.9344262295081968
detailed,monthly_test,augmented_delta,233,schedule,tenor_months,3.0,128,128,99.01175713231729,116.26730085375442,0.936310161041081,72.51177619348455,76.97089662923078,-72.07379640805021,0.0,0.0,0.0078125,119,0.8739495798319328
detailed,monthly_test,augmented_delta,233,schedule,tenor_months,6.0,128,128,181.67178695689708,203.77879485452223,0.8294206015150147,165.8293696248568,174.63807312244805,-165.31927258097363,0.0,0.0,0.0,124,0.47580645161290325
detailed,monthly_test,augmented_delta,233,schedule,tenor_months,12.0,128,128,312.56883643471446,335.33840219188244,0.6120328043471033,302.6719845377728,316.1985445572824,-301.3105708888194,0.0078125,0.0078125,0.0078125,119,0.47058823529411764
detailed,monthly_test,augmented_delta,233,terms,coupon_regular,-0.01,128,128,66.39470912298995,85.60011379661658,0.96198791857571,12.827999300488607,16.895946082830594,-4.83638724422174,0.0390625,0.3046875,0.5078125,128,1.0
detailed,monthly_test,augmented_delta,233,terms,coupon_regular,-0.005,128,128,62.627167136026124,80.93140349126617,0.9655206634716913,6.090581830298028,8.086275722457833,-2.1030689874575055,0.109375,0.5234375,0.796875,128,1.0
detailed,monthly_test,augmented_delta,233,terms,coupon_regular,-0.0025,128,128,61.059764242259725,79.14145145906286,0.9668168749065433,2.967589163705887,3.9638181803264367,-0.9695292127273744,0.2109375,0.8046875,0.984375,128,1.0
detailed,monthly_test,augmented_delta,233,terms,coupon_regular,-0.001,128,128,60.21875521618574,78.2371326543573,0.9674555089311307,1.1693973472417514,1.5680272955150505,-0.3678469230589657,0.53125,0.984375,1.0,128,1.0
detailed,monthly_test,augmented_delta,233,terms,coupon_regular,0.001,128,128,59.287548838429906,77.22511215979186,0.9681526493428106,1.1464005392975234,1.5464304671667644,0.34076871920194063,0.5390625,0.984375,1.0,128,1.0
detailed,monthly_test,augmented_delta,233,terms,coupon_regular,0.0025,128,128,58.72471932398421,76.60857837176485,0.9685642197338122,2.825826742931284,3.8293328465584793,0.8007130262397917,0.21875,0.8359375,0.984375,128,1.0
detailed,monthly_test,augmented_delta,233,terms,coupon_regular,0.005,128,128,57.899782364337284,75.84564610650138,0.9690473871803601,5.527734003844044,7.549803710574921,1.4284328842446474,0.125,0.5625,0.8359375,128,1.0
detailed,monthly_test,augmented_delta,233,terms,coupon_regular,0.01,128,128,56.86283996386032,75.27170985519285,0.9692965954838793,10.609482968820997,14.770456735928486,2.148115319368418,0.0390625,0.34375,0.5859375,128,1.0
detailed,monthly_test,augmented_delta,233,terms,first_strike,-0.05,128,128,72.5503916298913,86.7234322825133,0.9489785721260163,33.39644578130537,40.69228697785454,-21.29757563961641,0.0078125,0.0625,0.15625,125,0.944
detailed,monthly_test,augmented_delta,233,terms,first_strike,-0.025,128,128,66.34341106295821,81.12717017129422,0.9608571571360032,16.223987388980945,19.78298681284292,-9.58387268467292,0.046875,0.15625,0.3125,124,0.9516129032258065
detailed,monthly_test,augmented_delta,233,terms,first_strike,-0.01,128,128,62.351265537818236,78.86687652032569,0.9654667881889942,6.3205310903640335,7.7128110519242465,-3.595234659138516,0.1015625,0.3984375,0.796875,119,0.9747899159663865
detailed,monthly_test,augmented_delta,233,terms,first_strike,-0.005,128,128,61.0219929559123,78.20906981238953,0.9667381247839474,3.143010926093349,3.8419152949023405,-1.787845425411939,0.171875,0.7890625,0.9921875,111,0.972972972972973
detailed,monthly_test,augmented_delta,233,terms,first_strike,0.005,128,128,58.367749231667915,77.34219600374978,0.9687206925739474,3.101675211828768,3.8170928550263077,1.6479812145446486,0.203125,0.796875,0.9921875,114,0.9649122807017544
detailed,monthly_test,augmented_delta,233,terms,first_strike,0.01,128,128,56.98037459008447,76.92522946132684,0.9696157381110565,6.086980298166708,7.483363664629343,3.241873337583402,0.0859375,0.4296875,0.796875,121,0.9586776859504132
detailed,monthly_test,augmented_delta,233,terms,first_strike,0.025,128,128,53.45988784018808,76.36538476592344,0.971489007417895,14.611750165672621,18.084851713120287,7.603242035342561,0.0546875,0.234375,0.4140625,123,0.959349593495935
detailed,monthly_test,augmented_delta,233,terms,first_strike,0.05,128,128,48.78336886221679,77.2129411457921,0.9726710400154026,27.350383849353726,34.3239078791659,13.54809069178559,0.03125,0.125,0.234375,125,0.968
detailed,monthly_test,augmented_delta,233,terms,ki_barrier,-0.05,43,43,75.00497979755083,91.25940658597219,0.9668033466946083,49.26895104609715,56.80268844607442,-26.187620098769596,0.0,0.046511627906976744,0.09302325581395349,43,1.0
detailed,monthly_test,augmented_delta,233,terms,ki_barrier,-0.025,43,43,68.77743653354192,90.3110799529153,0.9682761079096087,23.955235649982125,27.32278458137403,-11.27506059091697,0.0,0.06976744186046512,0.23255813953488372,43,1.0
detailed,monthly_test,augmented_delta,233,terms,ki_barrier,-0.01,43,43,65.94965939247668,93.2378870962491,0.9664128906077077,9.425268146698349,10.875379303229769,-4.201620649316351,0.09302325581395349,0.2558139534883721,0.46511627906976744,43,1.0
detailed,monthly_test,augmented_delta,233,terms,ki_barrier,-0.005,43,43,65.5869468111737,94.71075648323237,0.9653727675378101,4.675590116568459,5.377508494073296,-1.9866848133744606,0.11627906976744186,0.46511627906976744,1.0,43,1.0
detailed,monthly_test,augmented_delta,233,terms,ki_barrier,0.005,43,43,65.94958436898949,97.95885473807488,0.9629314659611637,4.580823518884713,5.335122137006527,1.7749981478303922,0.16279069767441862,0.5116279069767442,1.0,43,1.0
detailed,monthly_test,augmented_delta,233,terms,ki_barrier,0.01,43,43,67.26448191333492,99.82088412382348,0.9614686338729657,9.168435089422273,10.700544565758808,3.362210250981319,0.11627906976744186,0.2558139534883721,0.5348837209302325,43,1.0
detailed,monthly_test,augmented_delta,233,terms,ki_barrier,0.025,43,43,72.79841004317245,106.18345526281378,0.9560417509417127,22.92652285662283,26.465520689137975,6.9722032255956385,0.0,0.09302325581395349,0.23255813953488372,43,1.0
detailed,monthly_test,augmented_delta,233,terms,ki_barrier,0.05,43,43,85.74319152205533,117.95102399240712,0.9443945254768853,45.24776451119602,52.270161312946065,8.589706277483982,0.0,0.046511627906976744,0.06976744186046512,43,1.0
detailed,monthly_test,augmented_delta,233,terms,last_strike,-0.05,128,128,52.94529002519827,77.63491727766382,0.9661398144454816,31.43659279707915,34.39963474942419,20.170914931821045,0.015625,0.0546875,0.078125,120,1.0
detailed,monthly_test,augmented_delta,233,terms,last_strike,-0.025,128,128,55.49957097559025,76.05994687723997,0.9684333136946259,15.968819561429402,17.40163017704128,10.843779516856987,0.0234375,0.078125,0.203125,118,1.0
detailed,monthly_test,augmented_delta,233,terms,last_strike,-0.01,128,128,57.88269015674791,76.63552807190477,0.9684173044050052,6.423449145753196,7.009615940715205,4.497497447800623,0.0546875,0.3203125,0.9453125,116,1.0
detailed,monthly_test,augmented_delta,233,terms,last_strike,-0.005,128,128,58.764278742138515,77.09268006852942,0.9681839963385794,3.222282833452149,3.5095868736379274,2.2583096853358073,0.078125,0.9375,1.0,102,1.0
detailed,monthly_test,augmented_delta,233,terms,last_strike,0.005,128,128,60.777461329371256,78.44969987105706,0.9673429997751967,3.2652258650861485,3.5594816757107237,-2.347148953681976,0.09375,0.9375,1.0,102,1.0
detailed,monthly_test,augmented_delta,233,terms,last_strike,0.01,128,128,61.90058213949804,79.32083021442376,0.9667405851605213,6.508312747132299,7.109816485156956,-4.7035649620316615,0.046875,0.28125,0.9375,115,1.0
detailed,monthly_test,augmented_delta,233,terms,last_strike,0.025,128,128,65.82145956212477,82.86545855525718,0.9641043089230883,16.28264531599875,17.86407172671364,-12.257854929533448,0.0234375,0.0859375,0.2265625,117,1.0
detailed,monthly_test,augmented_delta,233,terms,last_strike,0.05,128,128,74.23226963330256,91.4812215496841,0.9568746425070733,32.7445137004914,36.281054451553416,-26.143438731653415,0.0078125,0.0546875,0.1015625,119,1.0
detailed,monthly_test,augmented_delta,233,terms,monthly_barrier,-0.05,123,123,59.996186414369916,73.8423134518968,0.9692644542706627,13.094997360338022,15.983056480090692,0.6676683496419696,0.024390243902439025,0.16260162601626016,0.3008130081300813,123,0.6260162601626016
detailed,monthly_test,augmented_delta,233,terms,monthly_barrier,-0.025,123,123,56.6067321283408,70.4760957342053,0.973204905523924,6.05212125217313,7.643245465602479,0.07451848482332202,0.0975609756097561,0.34146341463414637,0.8780487804878049,123,0.6260162601626016
detailed,monthly_test,augmented_delta,233,terms,monthly_barrier,-0.01,123,123,55.12631820284581,69.20447974617832,0.974844040989745,2.318001869303493,2.9845701411970107,-0.04522639176102703,0.2032520325203252,0.9105691056910569,0.983739837398374,123,0.6341463414634146
detailed,monthly_test,augmented_delta,233,terms,monthly_barrier,-0.005,123,123,54.742891612509766,68.91069943643863,0.9752803523310123,1.1438115086365246,1.4802201639336032,-0.031800637533381124,0.43089430894308944,0.983739837398374,1.0,123,0.6341463414634146
detailed,monthly_test,augmented_delta,233,terms,monthly_barrier,0.005,128,128,59.47883805960407,77.5931270022746,0.9682023100256056,1.1097214700933844,1.4507389272264284,0.08920233620279674,0.5078125,0.984375,1.0,123,0.6341463414634146
detailed,monthly_test,augmented_delta,233,terms,monthly_barrier,0.01,128,128,59.29500629925583,77.52882275565325,0.9685376423464905,2.1857003420287064,2.871847308757233,0.21038480725741895,0.21875,0.9140625,0.984375,123,0.6341463414634146
detailed,monthly_test,augmented_delta,233,terms,monthly_barrier,0.025,128,128,58.98024622396133,77.62961869561393,0.9692943884100589,5.232995867381542,7.033679189403613,0.7525410763248418,0.109375,0.703125,0.8828125,123,0.8048780487804879
detailed,monthly_test,augmented_delta,233,terms,monthly_barrier,0.05,128,128,59.34773798229263,78.66933393975299,0.9698537093855939,9.906086030886705,13.6958930707497,2.312080679296586,0.078125,0.2734375,0.6796875,123,0.983739837398374
detailed,monthly_test,augmented_delta,47,schedule,nobs_early,1.0,128,128,167.08527074263154,191.21291609352312,0.6709600721830673,206.06001315275418,245.2282813549807,167.42607680747972,0.0,0.0,0.0078125,127,0.4015748031496063
detailed,monthly_test,augmented_delta,47,schedule,nobs_late,1.0,128,128,384.8760390882678,410.58384761909895,0.08270422686904988,328.09252517102254,350.16971028149754,-328.09252517102254,0.0,0.0,0.0,123,0.5609756097560976
detailed,monthly_test,augmented_delta,47,schedule,nobs_middle,1.0,128,128,423.96778126166373,453.4079810567827,-0.12258167600951642,366.3860022829815,385.06952234831056,-366.3860022829815,0.0,0.0,0.0,121,0.7024793388429752
detailed,monthly_test,augmented_delta,47,schedule,tenor_months,-12.0,128,128,271.66050565921074,310.92403304900137,-0.0785296343596551,313.9287501547411,337.4051890447798,298.7135282914729,0.0,0.0,0.0,125,0.44
detailed,monthly_test,augmented_delta,47,schedule,tenor_months,-6.0,128,128,230.14454982316033,268.38194954652346,0.47329165107441296,285.4372009587627,301.73632247237873,285.4372009587627,0.0,0.0,0.0,125,0.432
detailed,monthly_test,augmented_delta,47,schedule,tenor_months,-3.0,128,128,100.50374821998199,125.3492826430079,0.9009891324035757,140.3458499577007,153.64206564698654,140.3458499577007,0.0,0.0078125,0.0078125,125,0.336
detailed,monthly_test,augmented_delta,47,schedule,tenor_months,-1.0,128,128,63.19351568839116,81.25435678045521,0.9620946090494311,45.37493276619685,49.991935473462846,41.91340436521019,0.0,0.03125,0.0390625,121,0.2231404958677686
detailed,monthly_test,augmented_delta,47,schedule,tenor_months,1.0,128,128,93.35971817012211,120.49770739099725,0.9258766602539704,20.393772663916494,24.412640489504373,-17.89921656914434,0.015625,0.1328125,0.2265625,122,0.9180327868852459
detailed,monthly_test,augmented_delta,47,schedule,tenor_months,3.0,128,128,131.89372263772412,159.86943630840645,0.8795835395721627,64.8294346519877,70.94487546735942,-64.00923674719826,0.0078125,0.0234375,0.046875,119,0.8739495798319328
detailed,monthly_test,augmented_delta,47,schedule,tenor_months,6.0,128,128,217.98517511478835,249.21830123750775,0.7448659269147172,152.69345120877392,165.36341287256366,-151.60019722156954,0.0,0.0078125,0.0078125,124,0.47580645161290325
detailed,monthly_test,augmented_delta,47,schedule,tenor_months,12.0,128,128,351.44382860415425,385.51891282305684,0.48723331438397943,286.47216386281696,306.3432936762446,-284.20246855974415,0.0078125,0.015625,0.015625,119,0.47058823529411764
detailed,monthly_test,augmented_delta,47,terms,coupon_regular,-0.01,128,128,81.9502921951061,105.61824683889115,0.9421303473638314,8.629545208263082,12.830991880974048,-3.9517379004331152,0.0859375,0.3359375,0.8203125,128,1.0
detailed,monthly_test,augmented_delta,47,terms,coupon_regular,-0.005,128,128,81.44405872307524,105.64944973255112,0.9412430511754053,4.2699770013432925,6.357051820085524,-2.069275947837583,0.171875,0.828125,0.9375,128,1.0
detailed,monthly_test,augmented_delta,47,terms,coupon_regular,-0.0025,128,128,81.15702787550501,105.73348631224017,0.940771004557058,2.1296816455238616,3.1719241041001967,-1.0518022489689058,0.2890625,0.9296875,0.9765625,128,1.0
detailed,monthly_test,augmented_delta,47,terms,coupon_regular,-0.001,128,128,81.00902267190199,105.81051900658588,0.9404736405062172,0.8504142070577534,1.2682224110710119,-0.4239730780181675,0.8125,0.9921875,1.0,128,1.0
detailed,monthly_test,augmented_delta,47,terms,coupon_regular,0.001,128,128,80.9377493580524,105.94909440557745,0.940055310888049,0.8480346778795422,1.268570427992995,0.42733980912532243,0.8046875,0.9921875,1.0,128,1.0
detailed,monthly_test,augmented_delta,47,terms,coupon_regular,0.0025,128,128,80.9059420985142,106.08366075390676,0.9397209451565569,2.1147246049755584,3.1740616639561887,1.0724031043194922,0.3203125,0.921875,0.984375,128,1.0
detailed,monthly_test,augmented_delta,47,terms,coupon_regular,0.005,128,128,80.89679683700675,106.37544423747856,0.9391138128666432,4.209829801647965,6.3646406038391765,2.1503522345707085,0.1328125,0.8046875,0.921875,128,1.0
detailed,monthly_test,augmented_delta,47,terms,coupon_regular,0.01,128,128,81.10987694844297,107.27196392112565,0.9376415323110114,8.333880788309092,12.846919742271156,4.257435222324904,0.078125,0.421875,0.8046875,128,1.0
detailed,monthly_test,augmented_delta,47,terms,first_strike,-0.05,128,128,86.87813730071363,124.5891820840458,0.8946970925246651,25.21028994991199,37.035877170796816,-10.192983517478865,0.0390625,0.1796875,0.3359375,125,0.936
detailed,monthly_test,augmented_delta,47,terms,first_strike,-0.025,128,128,83.98723918099705,115.66358873270104,0.9204366545587187,13.434985058891074,19.00021221962978,-6.082253472343533,0.0625,0.2890625,0.484375,124,0.9516129032258065
detailed,monthly_test,augmented_delta,47,terms,first_strike,-0.01,128,128,82.26742709538756,109.82810982283999,0.9330308620311482,5.506132861889844,7.588358187437586,-2.6837911648782042,0.109375,0.546875,0.9140625,119,0.9495798319327731
detailed,monthly_test,augmented_delta,47,terms,first_strike,-0.005,128,128,81.66243002507326,107.87436635508575,0.9367196308181819,2.775785222937241,3.819480240753302,-1.410827420756101,0.21875,0.9140625,0.9609375,111,0.9369369369369369
detailed,monthly_test,augmented_delta,47,terms,first_strike,0.005,128,128,80.18145239143544,103.88468004214465,0.9435677789380738,2.8433724698388483,3.875485693149162,1.4217443347190564,0.1875,0.9140625,0.9609375,114,0.9210526315789473
detailed,monthly_test,augmented_delta,47,terms,first_strike,0.01,128,128,79.33844205721246,101.9037656089588,0.9466798263474454,5.694193487286798,7.626534497406282,2.931817426042417,0.0625,0.5390625,0.9140625,121,0.9256198347107438
detailed,monthly_test,augmented_delta,47,terms,first_strike,0.025,128,128,76.35127081450815,96.04082423376832,0.9549047285316794,14.328234055911473,18.827963981616207,7.794894251359807,0.0234375,0.140625,0.4375,123,0.9349593495934959
detailed,monthly_test,augmented_delta,47,terms,first_strike,0.05,128,128,70.22234442248775,87.20398295410565,0.9651409492864843,28.656209250766928,37.05590163848063,16.359055052618757,0.0078125,0.078125,0.1640625,125,0.96
detailed,monthly_test,augmented_delta,47,terms,ki_barrier,-0.05,43,43,81.54883038014343,123.00579016359738,0.9396898883776711,35.41309838422316,41.423258770298894,-0.284744464642712,0.0,0.046511627906976744,0.13953488372093023,43,1.0
detailed,monthly_test,augmented_delta,47,terms,ki_barrier,-0.025,43,43,70.21313179914124,113.4966406197197,0.9498962298084515,17.521626002268498,21.091642693317393,1.7860497725331912,0.023255813953488372,0.16279069767441862,0.32558139534883723,43,1.0
detailed,monthly_test,augmented_delta,47,terms,ki_barrier,-0.01,43,43,66.18581366737601,109.01802245583961,0.9540818500473003,7.085895063713417,8.71191761750441,1.043879183369252,0.11627906976744186,0.3488372093023256,0.7441860465116279,43,1.0
detailed,monthly_test,augmented_delta,47,terms,ki_barrier,-0.005,43,43,65.90538742932361,107.68673132278445,0.9552344874781364,3.6046737454750537,4.438228841467506,0.639135435251539,0.20930232558139536,0.7441860465116279,1.0,43,1.0
detailed,monthly_test,augmented_delta,47,terms,ki_barrier,0.005,43,43,65.46170459850163,105.53172008562022,0.9569786487602032,3.6911771885493314,4.609406821299193,-0.8560340418271296,0.18604651162790697,0.7209302325581395,1.0,43,1.0
detailed,monthly_test,augmented_delta,47,terms,ki_barrier,0.01,43,43,65.26542891805798,104.85072501892746,0.9574877140163446,7.401820366981689,9.358342514924066,-1.9048858692763913,0.16279069767441862,0.37209302325581395,0.7209302325581395,43,1.0
detailed,monthly_test,augmented_delta,47,terms,ki_barrier,0.025,43,43,65.28002375951418,103.7546060335537,0.958029760268992,19.167267617711666,24.320618285462892,-6.2251245434842355,0.046511627906976744,0.20930232558139536,0.32558139534883723,43,1.0
detailed,monthly_test,augmented_delta,47,terms,ki_barrier,0.05,43,43,74.3541650060292,109.39504152550452,0.9521690072319615,40.39343033780049,52.377285041657615,-17.861227134579973,0.06976744186046512,0.13953488372093023,0.20930232558139536,43,1.0
detailed,monthly_test,augmented_delta,47,terms,last_strike,-0.05,128,128,71.91995209396526,94.54050282726439,0.9497876022679872,15.90807564967963,18.356702545416603,11.804560190664944,0.046875,0.171875,0.296875,120,1.0
detailed,monthly_test,augmented_delta,47,terms,last_strike,-0.025,128,128,75.95049173833038,99.4212055895906,0.9460644627325812,8.415560003612917,9.774664118482207,6.734756377976257,0.0703125,0.3125,0.5234375,118,1.0
detailed,monthly_test,augmented_delta,47,terms,last_strike,-0.01,128,128,78.7543669764668,103.08386766895201,0.9428560449778549,3.4879027350155143,4.06379854278871,2.874630608630168,0.1875,0.65625,1.0,116,1.0
detailed,monthly_test,augmented_delta,47,terms,last_strike,-0.005,128,128,79.87636396929776,104.44593709771934,0.9416013991951121,1.7275105627964236,2.0520220808878755,1.450759880886726,0.3203125,1.0,1.0,102,1.0
detailed,monthly_test,augmented_delta,47,terms,last_strike,0.005,128,128,82.16449245752813,107.39317059700491,0.9388006168025095,1.826397817634343,2.139982058880257,-1.5476318064389534,0.3046875,1.0,1.0,102,1.0
detailed,monthly_test,augmented_delta,47,terms,last_strike,0.01,128,128,83.37186887604734,108.94701917322774,0.9372562016241334,3.7069040758233394,4.31518348378077,-3.113462051036179,0.15625,0.6015625,1.0,115,1.0
detailed,monthly_test,augmented_delta,47,terms,last_strike,0.025,128,128,87.3088381849235,114.17227667173748,0.9318577349332998,9.530037759544063,11.214880800993821,-8.356074346569027,0.0625,0.3046875,0.5390625,117,1.0
detailed,monthly_test,augmented_delta,47,terms,last_strike,0.05,128,128,94.84027633467139,124.52023375104591,0.9200996553661727,20.218547603791308,24.085430190206093,-18.625937951130595,0.0234375,0.1640625,0.296875,119,1.0
detailed,monthly_test,augmented_delta,47,terms,monthly_barrier,-0.05,123,123,83.0132559122338,108.76387843067369,0.933319367416056,16.536206803150716,20.062166840001986,-8.530166680952522,0.04878048780487805,0.21951219512195122,0.3821138211382114,123,0.6097560975609756
detailed,monthly_test,augmented_delta,47,terms,monthly_barrier,-0.025,123,123,78.25033056713794,101.12252019785257,0.9448345216605328,8.035939651789374,9.78041351342859,-4.403384640908604,0.0975609756097561,0.42276422764227645,0.5772357723577236,123,0.6097560975609756
detailed,monthly_test,augmented_delta,47,terms,monthly_barrier,-0.01,123,123,75.59917395390772,96.973794101815,0.9506051992847533,3.149192262588602,3.851952744365152,-1.8038057079390157,0.21951219512195122,0.7154471544715447,0.991869918699187,123,0.6097560975609756
detailed,monthly_test,augmented_delta,47,terms,monthly_barrier,-0.005,123,123,74.74726297951415,95.67345627636425,0.9523512088133333,1.5672806211520605,1.9165975339755452,-0.9053866641670393,0.43089430894308944,0.991869918699187,1.0,123,0.6097560975609756
detailed,monthly_test,augmented_delta,47,terms,monthly_barrier,0.005,128,128,79.96922315935387,104.30957710239201,0.9425357912026688,1.7041301967706501,2.1537085421936357,1.1053823672043646,0.390625,0.96875,1.0,123,0.6097560975609756
detailed,monthly_test,augmented_delta,47,terms,monthly_barrier,0.01,128,128,79.0308406925544,102.77713896273201,0.9447085559384961,3.3813472993633393,4.2839706505694,2.230716838209396,0.25,0.71875,0.96875,123,0.6097560975609756
detailed,monthly_test,augmented_delta,47,terms,monthly_barrier,0.025,128,128,76.36903155535887,98.41747544931833,0.9506477125044663,8.323651779203804,10.587679644733173,5.710520621322058,0.1171875,0.40625,0.5546875,123,0.6097560975609756
detailed,monthly_test,augmented_delta,47,terms,monthly_barrier,0.05,128,128,72.18256009443645,91.96343545896295,0.9588041651343867,16.362510536327555,20.784925708508535,11.894803238867851,0.0703125,0.2578125,0.40625,123,0.6097560975609756
detailed,monthly_test,augmented_delta,ensemble,schedule,nobs_early,1.0,128,128,194.37950528598503,225.57833122597148,0.5420596510080065,214.98598891570407,259.65143133379286,206.6925317947077,0.0,0.03125,0.0625,127,0.3937007874015748
detailed,monthly_test,augmented_delta,ensemble,schedule,nobs_late,1.0,128,128,322.97114528196107,342.3499435823675,0.3622562764345676,301.7213488164354,317.42052414799406,-301.7213488164354,0.0,0.0,0.0,123,0.5609756097560976
detailed,monthly_test,augmented_delta,ensemble,schedule,nobs_middle,1.0,128,128,340.9955505198739,371.5965622320619,0.24597976114367115,318.1210433872386,336.5259058080626,-318.1210433872386,0.0,0.0,0.015625,121,0.71900826446281
detailed,monthly_test,augmented_delta,ensemble,schedule,tenor_months,-12.0,128,128,330.15054660278065,382.1620218295383,-0.6293656247854411,350.5176138640336,386.7419595381673,350.5176138640336,0.0,0.0,0.0,125,0.464
detailed,monthly_test,augmented_delta,ensemble,schedule,tenor_months,-6.0,128,128,201.58029364200428,229.16781516247514,0.6159649666305052,221.94736090325716,237.21585759202338,221.94736090325716,0.0,0.0,0.0,125,0.44
detailed,monthly_test,augmented_delta,ensemble,schedule,tenor_months,-3.0,128,128,99.06581320312841,120.16506125132624,0.9090095978183501,119.4215977691604,131.18708725066352,118.85349383367716,0.0,0.015625,0.03125,125,0.392
detailed,monthly_test,augmented_delta,ensemble,schedule,tenor_months,-1.0,128,128,44.346404073359125,65.03489917929882,0.9757170967548884,50.58520852943724,57.606697147816796,48.79915179046846,0.0,0.046875,0.0546875,121,0.30578512396694213
detailed,monthly_test,augmented_delta,ensemble,schedule,tenor_months,1.0,128,128,65.63502607694181,83.86009673879758,0.9640988691221728,22.530849529121042,26.36607397788063,-20.661083156048058,0.0,0.0625,0.171875,122,0.9262295081967213
detailed,monthly_test,augmented_delta,ensemble,schedule,tenor_months,3.0,128,128,104.04841302232592,122.9222423025088,0.9288105040953695,72.55156097199212,77.5063379814372,-71.96260735807112,0.0,0.015625,0.015625,119,0.8823529411764706
detailed,monthly_test,augmented_delta,ensemble,schedule,tenor_months,6.0,128,128,195.58902053535292,217.10241658586014,0.8063854839733442,167.18693370660503,176.7032760722606,-166.4985225381774,0.0,0.0,0.0,124,0.4838709677419355
detailed,monthly_test,augmented_delta,ensemble,schedule,tenor_months,12.0,128,128,335.8341016734964,358.4704496830984,0.5566618083008856,308.9940101696377,324.08703737799,-307.4078497569781,0.0,0.0,0.0078125,119,0.47058823529411764
detailed,monthly_test,augmented_delta,ensemble,terms,coupon_regular,-0.01,128,128,60.646906613418984,78.71270450629663,0.9678587593746124,12.167399196222538,15.875353016433836,-6.778075292564572,0.0703125,0.328125,0.453125,128,1.0
detailed,monthly_test,augmented_delta,ensemble,terms,coupon_regular,-0.005,128,128,57.21340596731667,74.59001479587862,0.9707122409385006,6.020490890452106,7.801175134284144,-3.3395425080542465,0.109375,0.4609375,0.84375,128,1.0
detailed,monthly_test,augmented_delta,ensemble,terms,coupon_regular,-0.0025,128,128,55.96560101701825,73.04478187373036,0.9717324834362145,2.9968677725438546,3.876270120127068,-1.6531324001294,0.21875,0.8359375,0.984375,128,1.0
detailed,monthly_test,augmented_delta,ensemble,terms,coupon_regular,-0.001,128,128,55.379751282303715,72.28469274694513,0.9722192278663563,1.1954080071466986,1.5459038645393124,-0.6566205615656411,0.4453125,0.984375,1.0,128,1.0
detailed,monthly_test,augmented_delta,ensemble,terms,coupon_regular,0.001,128,128,54.692717303656956,71.46637658282746,0.9727253151437999,1.1906132480917266,1.5409735158156028,0.6495906283316297,0.4609375,0.984375,1.0,128,1.0
detailed,monthly_test,augmented_delta,ensemble,terms,coupon_regular,0.0025,128,128,54.24512633548152,70.99896057425227,0.972999399728269,2.9669241995657423,3.8455108413606736,1.6089613226197828,0.234375,0.8671875,0.984375,128,1.0
detailed,monthly_test,augmented_delta,ensemble,terms,coupon_regular,0.005,128,128,53.639940936680205,70.4981423432305,0.9732581559873403,5.903607754311318,7.675215444089111,3.160174436796232,0.09375,0.5078125,0.875,128,1.0
detailed,monthly_test,augmented_delta,ensemble,terms,coupon_regular,0.01,128,128,52.81266851632753,70.53395642294176,0.9730400264468201,11.69793966052278,15.329394296787294,6.022507257617725,0.03125,0.2421875,0.5078125,128,1.0
detailed,monthly_test,augmented_delta,ensemble,terms,first_strike,-0.05,128,128,63.68814277718243,80.38794881025586,0.956160904248804,26.09801775899901,34.40130101772598,-15.367261178226272,0.015625,0.109375,0.234375,125,0.944
detailed,monthly_test,augmented_delta,ensemble,terms,first_strike,-0.025,128,128,59.00478769118455,75.8886081929114,0.9657490292215215,13.631077707785046,17.402188683679363,-7.878361832435389,0.015625,0.203125,0.4296875,124,0.9516129032258065
detailed,monthly_test,augmented_delta,ensemble,terms,first_strike,-0.01,128,128,56.66476823837429,73.42100735602699,0.9700712645251446,5.5101429777237705,6.947513528519381,-3.2318651868135717,0.0859375,0.5390625,0.8671875,119,0.957983193277311
detailed,monthly_test,augmented_delta,ensemble,terms,first_strike,-0.005,128,128,55.85648615428935,72.60716291610824,0.9713323942442119,2.770291945952908,3.5017130701586487,-1.659163033072981,0.1796875,0.8671875,0.984375,111,0.9459459459459459
detailed,monthly_test,augmented_delta,ensemble,terms,first_strike,0.005,128,128,54.32940591788967,71.17116570426401,0.973513029439353,2.8030405188860454,3.551406174734203,1.6237233658845551,0.1640625,0.859375,0.9765625,114,0.9385964912280702
detailed,monthly_test,augmented_delta,ensemble,terms,first_strike,0.01,128,128,53.66903196226438,70.4623558360728,0.9745067380507737,5.560479359263491,7.003262991749062,3.2949168148207404,0.09375,0.546875,0.859375,121,0.9421487603305785
detailed,monthly_test,augmented_delta,ensemble,terms,first_strike,0.025,128,128,51.87261993765777,68.8036020181367,0.9768558306363077,13.908183743609126,17.415049341813113,8.455662961436705,0.046875,0.15625,0.421875,123,0.9349593495934959
detailed,monthly_test,augmented_delta,ensemble,terms,first_strike,0.05,128,128,48.29250190726157,67.80105957035,0.9789275090834251,27.521433954368582,34.82134443218819,17.254125896017328,0.0234375,0.109375,0.2265625,125,0.936
detailed,monthly_test,augmented_delta,ensemble,terms,ki_barrier,-0.05,43,43,59.30625682597045,74.808516395095,0.9776930031612754,41.92551557380097,47.44149284267434,-13.082901313816222,0.0,0.023255813953488372,0.023255813953488372,43,1.0
detailed,monthly_test,augmented_delta,ensemble,terms,ki_barrier,-0.025,43,43,46.70202404285577,67.02311619190696,0.9825275572969968,20.15427173490528,23.365501279607443,-4.7166275313427,0.06976744186046512,0.16279069767441862,0.27906976744186046,43,1.0
detailed,monthly_test,augmented_delta,ensemble,terms,ki_barrier,-0.01,43,43,42.15404837814302,64.90747637774196,0.9837228925565173,8.125867825302725,9.460334732501424,-1.5799357617037446,0.09302325581395349,0.3023255813953488,0.5581395348837209,43,1.0
detailed,monthly_test,augmented_delta,ensemble,terms,ki_barrier,-0.005,43,43,40.58059843547698,64.66922238757243,0.9838558773170274,4.0932765036564085,4.734468757133153,-0.6763714185471618,0.16279069767441862,0.5116279069767442,1.0,43,1.0
detailed,monthly_test,augmented_delta,ensemble,terms,ki_barrier,0.005,43,43,38.05976756586054,64.64682640695459,0.9838559522850655,4.124781072206527,4.826354957793262,0.46625110762150646,0.16279069767441862,0.5813953488372093,1.0,43,1.0
detailed,monthly_test,augmented_delta,ensemble,terms,ki_barrier,0.01,43,43,38.10791189991759,65.05563102671475,0.9836340443299254,8.21997781271619,9.725200482227214,0.7464627252708423,0.16279069767441862,0.3953488372093023,0.5813953488372093,43,1.0
detailed,monthly_test,augmented_delta,ensemble,terms,ki_barrier,0.025,43,43,42.93671927486342,67.6133039551237,0.9821765818764192,20.576690748485014,24.67579906823796,0.450156722425207,0.06976744186046512,0.16279069767441862,0.27906976744186046,43,1.0
detailed,monthly_test,augmented_delta,ensemble,terms,ki_barrier,0.05,43,43,54.08946171830457,77.20733701289286,0.9761750901105981,41.87306504769123,50.97648327224354,-4.374220791891649,0.046511627906976744,0.13953488372093023,0.18604651162790697,43,1.0
detailed,monthly_test,augmented_delta,ensemble,terms,last_strike,-0.05,128,128,47.40123832952148,62.974224050226304,0.9777207383225769,22.31035949351613,25.055123614980534,15.000882549809676,0.015625,0.09375,0.203125,120,1.0
detailed,monthly_test,augmented_delta,ensemble,terms,last_strike,-0.025,128,128,50.26492538700091,66.22222803166001,0.9760710007672401,11.564973380338323,12.955428693454522,8.184049524506987,0.03125,0.171875,0.390625,118,1.0
detailed,monthly_test,augmented_delta,ensemble,terms,last_strike,-0.01,128,128,52.881086846308705,69.29292673844135,0.9741793782331185,4.702809697288497,5.286954976253727,3.418794627956644,0.078125,0.484375,0.9921875,116,1.0
detailed,monthly_test,augmented_delta,ensemble,terms,last_strike,-0.005,128,128,53.93676505942727,70.51860333540776,0.9733788541547177,2.368386101491846,2.655338348108809,1.716862023518933,0.15625,0.9921875,1.0,102,1.0
detailed,monthly_test,augmented_delta,ensemble,terms,last_strike,0.005,128,128,56.16991956431715,73.27961767717079,0.9715055613261296,2.44789885698823,2.7257752313056574,-1.8017214400626718,0.109375,0.9921875,1.0,102,1.0
detailed,monthly_test,augmented_delta,ensemble,terms,last_strike,0.01,128,128,57.43105765603826,74.78932086679502,0.9704321816830626,4.918101388769503,5.46529325181212,-3.609451857986254,0.0703125,0.5,0.9921875,115,1.0
detailed,monthly_test,augmented_delta,ensemble,terms,last_strike,0.025,128,128,61.780313110017026,80.00394016777587,0.9665406117941269,12.397342411143525,13.900932089789466,-9.502419125007416,0.0234375,0.140625,0.3828125,117,1.0
detailed,monthly_test,augmented_delta,ensemble,terms,last_strike,0.05,128,128,70.7003049059202,90.57150425257329,0.9577280814108883,25.43613283701346,28.780621423873153,-20.59213996184164,0.015625,0.0859375,0.15625,119,1.0
detailed,monthly_test,augmented_delta,ensemble,terms,monthly_barrier,-0.05,123,123,60.16272868895032,77.45019563063325,0.9661876482862728,11.71763443621294,14.116659209215856,-1.8678082444714414,0.032520325203252036,0.21138211382113822,0.3983739837398374,123,0.6178861788617886
detailed,monthly_test,augmented_delta,ensemble,terms,monthly_barrier,-0.025,123,123,57.17514146199443,74.23263030610585,0.9702722994534309,5.496277259198067,6.819946957799079,-1.171394658903127,0.13008130081300814,0.4065040650406504,0.9186991869918699,123,0.6178861788617886
detailed,monthly_test,augmented_delta,ensemble,terms,monthly_barrier,-0.01,123,123,56.07820548883973,72.82422823355982,0.9721436478638154,2.1226948983476466,2.678953840428155,-0.5363977401467217,0.2682926829268293,0.967479674796748,0.991869918699187,123,0.6178861788617886
detailed,monthly_test,augmented_delta,ensemble,terms,monthly_barrier,-0.005,123,123,55.847786186655505,72.44933857952606,0.9726764068270668,1.0523280254408973,1.3306174938347783,-0.27603591923203386,0.4146341463414634,0.991869918699187,1.0,123,0.6178861788617886
detailed,monthly_test,augmented_delta,ensemble,terms,monthly_barrier,0.005,128,128,54.86492268559225,71.57772633613784,0.9729414288268424,1.0598542393957011,1.343037763690036,0.3599300476221075,0.40625,0.9921875,1.0,123,0.6178861788617886
detailed,monthly_test,augmented_delta,ensemble,terms,monthly_barrier,0.01,128,128,54.739005966326076,71.34701677699815,0.9733549510594428,2.099349297692596,2.6634281889739806,0.7491906173712161,0.2890625,0.96875,0.9921875,123,0.6178861788617886
detailed,monthly_test,augmented_delta,ensemble,terms,monthly_barrier,0.025,128,128,54.56107371675918,70.92301864659157,0.9743706690085681,5.179291814502597,6.572569100590301,2.0783191186015912,0.125,0.46875,0.9140625,123,0.6178861788617886
detailed,monthly_test,augmented_delta,ensemble,terms,monthly_barrier,0.05,128,128,54.85038320208348,71.04409121550844,0.975414510390157,10.276293646440672,12.953578968377006,4.88166019862812,0.046875,0.25,0.5390625,123,0.6178861788617886
detailed,monthly_test,augmented_price,101,schedule,nobs_early,1.0,128,128,296.96955421237817,315.9680153330381,0.10153658761377848,257.83594871295395,275.2101902991917,255.07209458986983,0.0,0.0,0.0,127,0.33070866141732286
detailed,monthly_test,augmented_price,101,schedule,nobs_late,1.0,128,128,153.61932163627574,174.4120876076047,0.8344768157016115,165.12023679742123,176.99563354307801,-163.5385271328498,0.0,0.0,0.0078125,123,0.5853658536585366
detailed,monthly_test,augmented_price,101,schedule,nobs_middle,1.0,128,128,181.85890100549477,234.0718075647021,0.7008163572083956,182.13889549819388,222.3568079360127,-176.74755712914913,0.0,0.0,0.0078125,121,0.743801652892562
detailed,monthly_test,augmented_price,101,schedule,tenor_months,-12.0,128,128,332.4959868089977,382.91754724774347,-0.6358144288564278,308.33733925287135,353.41332979276217,290.08853595812036,0.0,0.0,0.0,125,0.472
detailed,monthly_test,augmented_price,101,schedule,tenor_months,-6.0,128,128,156.0810040897336,184.09684462411107,0.7521686254787927,134.3347889722274,155.50534363127574,107.30658731881189,0.0078125,0.0234375,0.0390625,125,0.552
detailed,monthly_test,augmented_price,101,schedule,tenor_months,-3.0,128,128,170.56230797212203,192.15563437671096,0.767327312080772,136.81873405866037,157.20665949230678,128.61451965236282,0.0078125,0.0234375,0.0546875,125,0.472
detailed,monthly_test,augmented_price,101,schedule,tenor_months,-1.0,128,128,83.73752488139255,118.09487395699577,0.9199300124939944,47.00278201769531,55.298449124369675,39.973892507283345,0.015625,0.0546875,0.109375,121,0.34710743801652894
detailed,monthly_test,augmented_price,101,schedule,tenor_months,1.0,128,128,61.668598374175104,101.92258266102682,0.9469679701234963,22.410732814671867,27.515305781639842,-16.331656321067424,0.0390625,0.125,0.2578125,122,0.9016393442622951
detailed,monthly_test,augmented_price,101,schedule,tenor_months,3.0,128,128,84.28037843788113,112.75628547063914,0.940098666464223,64.92954876397312,72.79286910383453,-61.8950693102409,0.0078125,0.0234375,0.046875,119,0.8907563025210085
detailed,monthly_test,augmented_price,101,schedule,tenor_months,6.0,128,128,149.5660697534267,174.72761119097606,0.8745901413043367,148.20308336991934,164.03807434864515,-146.04888137751055,0.0,0.0078125,0.015625,124,0.5080645161290323
detailed,monthly_test,augmented_price,101,schedule,tenor_months,12.0,128,128,248.77726524818718,277.2039949527388,0.7348892160458196,264.7747852736576,285.26287133061174,-260.56807206630924,0.0,0.0,0.0,119,0.5042016806722689
detailed,monthly_test,augmented_price,101,terms,coupon_regular,-0.01,128,128,57.75346475615179,101.05133463621536,0.9470266943753545,14.842029513971958,18.279142035773408,-7.242026050743632,0.0390625,0.15625,0.3515625,128,1.0
detailed,monthly_test,augmented_price,101,terms,coupon_regular,-0.005,128,128,55.54945706523336,100.72271888562001,0.9465952806002562,7.285056141880579,9.058202108138971,-3.270905586509458,0.09375,0.3671875,0.78125,128,1.0
detailed,monthly_test,augmented_price,101,terms,coupon_regular,-0.0025,128,128,54.80689622992717,100.7507469528437,0.9462218557749177,3.614661953177663,4.527652187873456,-1.5375940737269587,0.125,0.7734375,0.9765625,128,1.0
detailed,monthly_test,augmented_price,101,terms,coupon_regular,-0.001,128,128,54.39750459696606,100.8135218456074,0.945963251707389,1.4405283029185805,1.8126652367142668,-0.590251410490015,0.375,0.984375,1.0,128,1.0
detailed,monthly_test,augmented_price,101,terms,coupon_regular,0.001,128,128,53.99383504313895,100.94402174161634,0.9455851518614637,1.4328262652264558,1.81666010068263,0.5554385726508084,0.375,0.984375,1.0,128,1.0
detailed,monthly_test,augmented_price,101,terms,coupon_regular,0.0025,128,128,53.71220522101911,101.0742991665699,0.9452793918454867,3.5658140841391335,4.55194629923203,1.3200836864256056,0.140625,0.8125,0.96875,128,1.0
detailed,monthly_test,augmented_price,101,terms,coupon_regular,0.005,128,128,53.3234952833981,101.3487761835158,0.944732092472991,7.081309296507989,9.147284777770924,2.398880320219722,0.0703125,0.4375,0.8125,128,1.0
detailed,monthly_test,augmented_price,101,terms,coupon_regular,0.01,128,128,53.01546428811013,102.0959581658423,0.9435140977497684,13.961012811755188,18.520798800647793,3.737547678110179,0.03125,0.2109375,0.4765625,128,1.0
detailed,monthly_test,augmented_price,101,terms,first_strike,-0.05,128,128,49.666873214283676,82.94797735470198,0.9533242512017099,24.283771513084247,36.398288910510225,-15.328282224069994,0.03125,0.1875,0.3359375,125,0.8
detailed,monthly_test,augmented_price,101,terms,first_strike,-0.025,128,128,52.672548604543415,92.20859585611524,0.9494335428238193,11.69636807012548,16.996542275951207,-7.070852385297863,0.09375,0.34375,0.53125,124,0.8790322580645161
detailed,monthly_test,augmented_price,101,terms,first_strike,-0.01,128,128,53.5363723801881,97.64489434369922,0.947064530450205,4.604898704064409,6.491988889615539,-2.722552810433701,0.1953125,0.6328125,0.921875,119,0.9327731092436975
detailed,monthly_test,augmented_price,101,terms,first_strike,-0.005,128,128,53.78518834610178,99.24618879429634,0.9464375831440232,2.2950297426427295,3.242687445903066,-1.374617599055051,0.3359375,0.9296875,0.984375,111,0.918918918918919
detailed,monthly_test,augmented_price,101,terms,first_strike,0.005,128,128,54.61753875487895,102.4959794671399,0.9450664341963528,2.2921297722980185,3.2090456448578237,1.2819807559465117,0.3125,0.921875,0.9921875,114,0.9122807017543859
detailed,monthly_test,augmented_price,101,terms,first_strike,0.01,128,128,55.26231749889224,103.96696021168246,0.9444988754963499,4.548456643978572,6.305247750754524,2.557542166368822,0.1875,0.6328125,0.9296875,121,0.9090909090909091
detailed,monthly_test,augmented_price,101,terms,first_strike,0.025,128,128,57.71133682765852,108.22549426215018,0.9427364320502141,11.241030788983668,15.17302928783334,6.250011707974778,0.0546875,0.3125,0.53125,123,0.926829268292683
detailed,monthly_test,augmented_price,101,terms,first_strike,0.05,128,128,62.57687213098514,114.6622214845249,0.9397324389215346,22.149341558268837,29.263434755282507,11.981354664187208,0.03125,0.140625,0.28125,125,0.92
detailed,monthly_test,augmented_price,101,terms,ki_barrier,-0.05,43,43,88.00739950339347,129.1990790177944,0.9334638208762206,59.66765025657213,70.4165090293685,-45.337109279755865,0.0,0.023255813953488372,0.09302325581395349,43,1.0
detailed,monthly_test,augmented_price,101,terms,ki_barrier,-0.025,43,43,86.2263974678012,141.8866355130835,0.9216953822506804,28.273936767666456,33.84796701114627,-20.7227433264488,0.046511627906976744,0.16279069767441862,0.20930232558139536,43,1.0
detailed,monthly_test,augmented_price,101,terms,ki_barrier,-0.01,43,43,88.83514100882793,152.0115700694806,0.910722695023489,11.166540141680796,13.407887194133446,-7.947329004000162,0.046511627906976744,0.27906976744186046,0.46511627906976744,43,1.0
detailed,monthly_test,augmented_price,101,terms,ki_barrier,-0.005,43,43,90.8816535491899,155.75041568580266,0.906356507977922,5.5657975872670455,6.6067108944079305,-3.853834964826813,0.06976744186046512,0.46511627906976744,0.8372093023255814,43,1.0
detailed,monthly_test,augmented_price,101,terms,ki_barrier,0.005,43,43,95.63493145902929,163.17573882442093,0.8971441047404733,5.414828132634422,6.533542324319334,3.630310539599446,0.09302325581395349,0.5116279069767442,0.7906976744186046,43,1.0
detailed,monthly_test,augmented_price,101,terms,ki_barrier,0.01,43,43,98.77185577683443,166.92587630742133,0.8922495946733692,10.770465614911428,13.006206116286519,7.060678459294306,0.09302325581395349,0.2558139534883721,0.4418604651162791,43,1.0
detailed,monthly_test,augmented_price,101,terms,ki_barrier,0.025,43,43,108.99224174179324,178.50159857177152,0.8757744586175206,26.301178502191426,31.875816697294812,16.123817215137336,0.0,0.11627906976744186,0.3023255813953488,43,1.0
detailed,monthly_test,augmented_price,101,terms,ki_barrier,0.05,43,43,126.00717126922508,196.7409936302711,0.8452951813640951,51.17197590964711,61.442676219425586,26.558857153373957,0.0,0.023255813953488372,0.16279069767441862,43,1.0
detailed,monthly_test,augmented_price,101,terms,last_strike,-0.05,128,128,73.47501486569308,112.68354944845468,0.9286660650310348,47.53754340941735,55.253489426034236,27.28406804673594,0.015625,0.0234375,0.078125,120,0.9916666666666667
detailed,monthly_test,augmented_price,101,terms,last_strike,-0.025,128,128,57.344806051822594,103.51038695722185,0.9415364984142028,23.656736583158228,27.258880214786483,13.755880852680523,0.015625,0.0546875,0.203125,118,0.9915254237288136
detailed,monthly_test,augmented_price,101,terms,last_strike,-0.01,128,128,52.59302390170282,101.11168181763517,0.9450216686840325,9.373501619333426,10.767208894182822,5.5062455246567605,0.03125,0.265625,0.5703125,116,0.9913793103448276
detailed,monthly_test,augmented_price,101,terms,last_strike,-0.005,128,128,52.89629409938678,100.85790935069576,0.9455448117905413,4.679147210111405,5.35519355829115,2.7367859712702556,0.0546875,0.5625,1.0,102,1.0
detailed,monthly_test,augmented_price,101,terms,last_strike,0.005,128,128,56.56131536043245,101.12939718189398,0.9457314080752997,4.659603610302999,5.333585623401197,-2.773759885436088,0.046875,0.578125,1.0,102,1.0
detailed,monthly_test,augmented_price,101,terms,last_strike,0.01,128,128,59.62782593439688,101.64434182675052,0.9453856816029834,9.259604857401744,10.58718701163271,-5.50528468716365,0.0234375,0.2734375,0.5703125,115,0.991304347826087
detailed,monthly_test,augmented_price,101,terms,last_strike,0.025,128,128,69.00646761936372,104.52582351956173,0.9428860182063445,22.769918181317426,25.984151501692683,-13.880526190963234,0.015625,0.0625,0.1796875,117,0.9914529914529915
detailed,monthly_test,augmented_price,101,terms,last_strike,0.05,128,128,84.89507478411733,112.6393465717724,0.9346193787610999,44.06310663656346,50.29131250476114,-28.16347273938152,0.015625,0.03125,0.0703125,119,0.9915966386554622
detailed,monthly_test,augmented_price,101,terms,monthly_barrier,-0.05,123,123,46.841669759288955,65.63855093346376,0.9757144295444087,12.942138112128983,17.185652945907147,1.989466767268327,0.008130081300813009,0.22764227642276422,0.44715447154471544,123,0.7398373983739838
detailed,monthly_test,augmented_price,101,terms,monthly_barrier,-0.025,123,123,42.69797824751207,63.03230319591486,0.9785662593212214,6.148679138760667,8.30037228756982,0.3902341117957996,0.11382113821138211,0.4878048780487805,0.8373983739837398,123,0.7804878048780488
detailed,monthly_test,augmented_price,101,terms,monthly_barrier,-0.01,123,123,41.186684221221014,62.50955744395733,0.9794758438323323,2.4249390879315866,3.2703020568561256,-0.000658593549704599,0.22764227642276422,0.9105691056910569,0.983739837398374,123,0.7886178861788617
detailed,monthly_test,augmented_price,101,terms,monthly_barrier,-0.005,123,123,40.83263694811562,62.5179248548452,0.9796540455096207,1.2105470453303644,1.62953258586742,-0.02305862296632382,0.4715447154471545,0.983739837398374,1.0,123,0.7886178861788617
detailed,monthly_test,augmented_price,101,terms,monthly_barrier,0.005,128,128,53.9456639918522,100.76700448979986,0.9463727213476556,1.209915289969064,1.6120062174153114,0.03749530686014535,0.4765625,0.984375,1.0,123,0.8048780487804879
detailed,monthly_test,augmented_price,101,terms,monthly_barrier,0.01,128,128,53.760321430942255,100.71101195716857,0.9469092568556619,2.421515870790886,3.2086191682914236,0.13203263905501872,0.2109375,0.8984375,0.984375,123,0.8048780487804879
detailed,monthly_test,augmented_price,101,terms,monthly_barrier,0.025,128,128,53.776967865630866,100.84228958419222,0.9481858663196191,6.077172949470636,7.9768084642343355,0.7430834955796215,0.09375,0.453125,0.8515625,123,0.8130081300813008
detailed,monthly_test,augmented_price,101,terms,monthly_barrier,0.05,128,128,54.68740161189375,102.03981450066625,0.9492819840475145,12.337266657801218,15.998228282051196,2.900522878228757,0.0546875,0.203125,0.4453125,123,0.8292682926829268
detailed,monthly_test,augmented_price,233,schedule,nobs_early,1.0,128,128,236.34110187409982,262.1263930590753,0.3816481638126923,203.30577954662238,215.58275516696136,202.79629723767505,0.0,0.0,0.0,127,0.31496062992125984
detailed,monthly_test,augmented_price,233,schedule,nobs_late,1.0,128,128,223.351881382373,240.8604421963647,0.6843275866143957,251.5805970381669,266.5946602607189,-251.3199452477504,0.0,0.0,0.0,123,0.5691056910569106
detailed,monthly_test,augmented_price,233,schedule,nobs_middle,1.0,128,128,252.18349817418374,289.9502550687128,0.5409218548692665,273.60238580227974,309.3108487804548,-271.5339738683745,0.0,0.0,0.0,121,0.7272727272727273
detailed,monthly_test,augmented_price,233,schedule,tenor_months,-12.0,128,128,295.37830537518875,319.7806924371779,-0.14084849799105048,273.5346624605369,295.24599369582825,261.5667308877797,0.0,0.0,0.015625,125,0.432
detailed,monthly_test,augmented_price,233,schedule,tenor_months,-6.0,128,128,186.85051248669834,207.34115619173386,0.6856346814301206,157.4972170508349,171.4851645660479,153.28640657934952,0.0078125,0.0078125,0.0078125,125,0.456
detailed,monthly_test,augmented_price,233,schedule,tenor_months,-3.0,128,128,99.31243364686736,122.92814656243546,0.9047770070639185,60.89104830763128,72.8364285115449,53.16702083164069,0.03125,0.046875,0.125,125,0.512
detailed,monthly_test,augmented_price,233,schedule,tenor_months,-1.0,128,128,88.49386052371443,120.49843265231165,0.9166375513757881,51.175238719112286,59.51768674626754,46.9358314323708,0.0078125,0.046875,0.09375,121,0.3140495867768595
detailed,monthly_test,augmented_price,233,schedule,tenor_months,1.0,128,128,45.36055960125353,86.55771181918676,0.9617519811027809,21.798474587487462,25.88593108745632,-18.141854039508914,0.0234375,0.0859375,0.203125,122,0.9098360655737705
detailed,monthly_test,augmented_price,233,schedule,tenor_months,3.0,128,128,69.93762351492819,93.24348408209406,0.9590369811439768,67.22941277058331,72.4919238522199,-66.3445048199822,0.0,0.0078125,0.03125,119,0.8739495798319328
detailed,monthly_test,augmented_price,233,schedule,tenor_months,6.0,128,128,148.92159539332698,160.1179132460428,0.8946854339487413,158.1446917855776,167.66081507644512,-157.43210658752156,0.0,0.0,0.0,124,0.47580645161290325
detailed,monthly_test,augmented_price,233,schedule,tenor_months,12.0,128,128,270.87721702982924,286.49111465680346,0.7168277194072046,295.69378937714544,308.2135916167783,-294.1805701485298,0.0,0.0,0.0,119,0.47058823529411764
detailed,monthly_test,augmented_price,233,terms,coupon_regular,-0.01,128,128,48.16475169336314,89.27195308388185,0.9586568998487499,15.10822983600579,19.51325233830401,-9.428119530138545,0.03125,0.1875,0.40625,128,1.0
detailed,monthly_test,augmented_price,233,terms,coupon_regular,-0.005,128,128,48.103363309241,89.98270538924794,0.95737711431633,7.257375197856414,9.445971226521609,-4.375090944199315,0.078125,0.390625,0.7734375,128,1.0
detailed,monthly_test,augmented_price,233,terms,coupon_regular,-0.0025,128,128,48.648733762035825,90.60897460448211,0.9565037622787007,3.5600663407942736,4.652955887039054,-2.0899475228927793,0.1484375,0.7734375,0.984375,128,1.0
detailed,monthly_test,augmented_price,233,terms,coupon_regular,-0.001,128,128,49.24373129608418,91.04400626255027,0.955928853010996,1.4075933494886632,1.8455718627117668,-0.8111005892214564,0.4296875,0.984375,1.0,128,1.0
detailed,monthly_test,augmented_price,233,terms,coupon_regular,0.001,128,128,50.32216798166636,91.67449201034609,0.9551199596714258,1.3868376040158537,1.8263990009863653,0.7764833291229192,0.453125,0.984375,1.0,128,1.0
detailed,monthly_test,augmented_price,233,terms,coupon_regular,0.0025,128,128,51.42616677506971,92.17523239711157,0.9544909341969988,3.435030933216699,4.533086523050388,1.8734429639720114,0.140625,0.78125,0.984375,128,1.0
detailed,monthly_test,augmented_price,233,terms,coupon_regular,0.005,128,128,53.25484957428898,93.04384533813028,0.9534187320370969,6.7709226044173985,8.969734430689705,3.512029657690254,0.0859375,0.46875,0.7890625,128,1.0
detailed,monthly_test,augmented_price,233,terms,coupon_regular,0.01,128,128,56.692592632590184,94.83249552860052,0.9512654085187493,13.223088350546114,17.661579999309616,6.026161146518763,0.046875,0.21875,0.46875,128,1.0
detailed,monthly_test,augmented_price,233,terms,first_strike,-0.05,128,128,38.93159885053655,75.24371572992908,0.9615921354832819,31.984767637412418,39.77795362625021,-19.40537031186716,0.0078125,0.078125,0.09375,125,0.92
detailed,monthly_test,augmented_price,233,terms,first_strike,-0.025,128,128,42.18641922077942,82.57898880479387,0.9594436529648771,15.374110705395951,18.835176237795267,-8.257818350032418,0.0234375,0.1328125,0.3046875,124,0.9435483870967742
detailed,monthly_test,augmented_price,233,terms,first_strike,-0.01,128,128,46.541842983109476,87.90595061804605,0.9570973380269099,6.007115253922975,7.251117478381796,-2.990266141119793,0.0390625,0.453125,0.90625,119,0.957983193277311
detailed,monthly_test,augmented_price,233,terms,first_strike,-0.005,128,128,48.108670149917764,89.59526063495053,0.9563481591529024,2.961236814473546,3.6019552034578344,-1.4743669034092417,0.1484375,0.90625,0.9921875,111,0.954954954954955
detailed,monthly_test,augmented_price,233,terms,first_strike,0.005,128,128,51.449547592496174,93.16880981494346,0.9546094729245561,2.9195049525044574,3.5630552216660596,1.314609642348165,0.125,0.9140625,0.9921875,114,0.9298245614035088
detailed,monthly_test,augmented_price,233,terms,first_strike,0.01,128,128,53.08797546648203,94.84817143098523,0.9538077608409982,5.72952567914367,6.987237957981005,2.5574304076598677,0.078125,0.5,0.9140625,121,0.9338842975206612
detailed,monthly_test,augmented_price,233,terms,first_strike,0.025,128,128,58.051383603912846,99.86376736093588,0.9512432060857652,13.74973738210118,16.745368329215516,5.778175751997338,0.0234375,0.15625,0.375,123,0.9349593495934959
detailed,monthly_test,augmented_price,233,terms,first_strike,0.05,128,128,66.19570115787509,107.72747545155475,0.9468019297805998,25.543290212945315,31.43112508101531,9.643972489158886,0.0078125,0.09375,0.1953125,125,0.944
detailed,monthly_test,augmented_price,233,terms,ki_barrier,-0.05,43,43,94.18284538879824,131.64345066194477,0.9309223527790672,62.30650582145194,72.68082627969437,-45.46595234328779,0.0,0.023255813953488372,0.046511627906976744,43,1.0
detailed,monthly_test,augmented_price,233,terms,ki_barrier,-0.025,43,43,86.65828102339046,135.8822371068799,0.9281825849746614,29.47619589400608,35.00035701123399,-20.801490765278796,0.023255813953488372,0.16279069767441862,0.2558139534883721,43,1.0
detailed,monthly_test,augmented_price,233,terms,ki_barrier,-0.01,43,43,84.51918637810013,141.93230742186688,0.9221694124869709,11.588679642143529,13.870274460121532,-7.9822323750570074,0.06976744186046512,0.2558139534883721,0.4186046511627907,43,1.0
detailed,monthly_test,augmented_price,233,terms,ki_barrier,-0.005,43,43,85.05454589544345,144.46082132500078,0.9194400234830824,5.7800970775525204,6.838018757758647,-3.8717440813500232,0.09302325581395349,0.4418604651162791,0.8604651162790697,43,1.0
detailed,monthly_test,augmented_price,233,terms,ki_barrier,0.005,43,43,87.01082400004634,149.74709060455146,0.9133766849929318,5.594052508019355,6.729095772303725,3.6493701643822747,0.11627906976744186,0.46511627906976744,0.8604651162790697,43,1.0
detailed,monthly_test,augmented_price,233,terms,ki_barrier,0.01,43,43,88.11266097490646,152.51585636746145,0.9100499149898492,11.151823973833167,13.40926393070963,7.099684847758946,0.06976744186046512,0.27906976744186046,0.4418604651162791,43,1.0
detailed,monthly_test,augmented_price,233,terms,ki_barrier,0.025,43,43,95.61297612262176,161.64577462806415,0.8981278687496315,27.186847539756197,32.812299200849424,16.229497636478634,0.023255813953488372,0.18604651162790697,0.2558139534883721,43,1.0
detailed,monthly_test,augmented_price,233,terms,ki_barrier,0.05,43,43,111.282144455227,176.8397893427632,0.8750103367708881,51.88207597140144,63.16450727477021,26.794780654322125,0.0,0.13953488372093023,0.20930232558139536,43,1.0
detailed,monthly_test,augmented_price,233,terms,last_strike,-0.05,128,128,80.91943921134236,116.85075097834323,0.9232924414405121,45.28322041428923,49.855512600052855,29.361457555221733,0.0078125,0.0390625,0.0625,120,1.0
detailed,monthly_test,augmented_price,233,terms,last_strike,-0.025,128,128,63.973794657154095,102.18800484449153,0.943020740771632,22.615317043593677,24.822921325947874,15.181107071678955,0.0234375,0.046875,0.125,118,1.0
detailed,monthly_test,augmented_price,233,terms,last_strike,-0.01,128,128,54.79398503874825,95.10346187893893,0.9513613471314734,8.991358885606079,9.878407993964878,6.178679049980628,0.0390625,0.1953125,0.5234375,116,1.0
detailed,monthly_test,augmented_price,233,terms,last_strike,-0.005,128,128,52.10380603818257,93.13489949453,0.953565129283271,4.488626559762221,4.924369301566775,3.090735115752868,0.046875,0.5390625,1.0,102,1.0
detailed,monthly_test,augmented_price,233,terms,last_strike,0.005,128,128,48.0270825861351,89.77026509445275,0.9572379288561333,4.501384076996207,4.942354322652708,-3.164198248392135,0.046875,0.546875,1.0,102,1.0
detailed,monthly_test,augmented_price,233,terms,last_strike,0.01,128,128,47.05092070539031,88.40534490929315,0.9586860092871156,8.967299798329154,9.840404999346967,-6.323591267349542,0.03125,0.203125,0.5546875,115,1.0
detailed,monthly_test,augmented_price,233,terms,last_strike,0.025,128,128,46.573343640524534,85.72217642343702,0.9615866997490659,22.14193623658416,24.422148567369817,-16.21485828455969,0.015625,0.0625,0.15625,117,1.0
detailed,monthly_test,augmented_price,233,terms,last_strike,0.05,128,128,56.32350144285993,86.01333332059853,0.9618758337362707,43.55041303932277,48.47217312547085,-33.83441696814987,0.0078125,0.0390625,0.0703125,119,1.0
detailed,monthly_test,augmented_price,233,terms,monthly_barrier,-0.05,123,123,38.13365045844106,52.837522286902775,0.984263243397439,13.857846217302068,19.06393281808616,5.69689990182802,0.032520325203252036,0.16260162601626016,0.6016260162601627,123,0.8048780487804879
detailed,monthly_test,augmented_price,233,terms,monthly_barrier,-0.025,123,123,36.39329354138813,50.77565345675625,0.9860914242064229,6.477783347646709,9.116946132431,2.335443808805871,0.032520325203252036,0.6260162601626016,0.8048780487804879,123,0.9186991869918699
detailed,monthly_test,augmented_price,233,terms,monthly_barrier,-0.01,123,123,36.141753125680026,50.576348782008246,0.9865640800069891,2.495981177407906,3.560725932661853,0.7984603943633497,0.17886178861788618,0.8211382113821138,0.983739837398374,123,0.975609756097561
detailed,monthly_test,augmented_price,233,terms,monthly_barrier,-0.005,123,123,36.272547352143,50.677802383656726,0.9866308280893942,1.2384240640849824,1.7691538610035562,0.3799560020247443,0.6341463414634146,0.983739837398374,1.0,123,0.975609756097561
detailed,monthly_test,augmented_price,233,terms,monthly_barrier,0.005,128,128,49.95735180682047,91.52768033255744,0.955756041764886,1.1942538036375425,1.7165513994053763,-0.29265388922816865,0.65625,0.984375,1.0,123,0.975609756097561
detailed,monthly_test,augmented_price,233,terms,monthly_barrier,0.01,128,128,50.186462023952416,91.72573042317985,0.9559600068888713,2.362833811766575,3.4039459486355814,-0.5360422966196488,0.203125,0.84375,0.984375,123,0.975609756097561
detailed,monthly_test,augmented_price,233,terms,monthly_barrier,0.025,128,128,50.9765675295711,92.4704225934585,0.956431909029649,5.82258710637669,8.352908858993143,-0.9844640009776142,0.0390625,0.6640625,0.8125,123,0.975609756097561
detailed,monthly_test,augmented_price,233,terms,monthly_barrier,0.05,128,128,52.706184139945165,94.09707287412131,0.9568704265775136,11.425102587470597,16.379005089788684,-0.7381544207939177,0.0234375,0.4609375,0.640625,123,0.975609756097561
detailed,monthly_test,augmented_price,47,schedule,nobs_early,1.0,128,128,184.40919875017326,211.62808512867988,0.5969483008096433,214.29348580374,245.63418975201998,206.7647512037562,0.0,0.0,0.0,127,0.3700787401574803
detailed,monthly_test,augmented_price,47,schedule,nobs_late,1.0,128,128,272.9442123911201,300.87456197477553,0.5074201820273809,243.9853608774949,253.5316352715604,-243.9853608774949,0.0,0.0,0.0,123,0.5609756097560976
detailed,monthly_test,augmented_price,47,schedule,nobs_middle,1.0,128,128,307.43638313563315,358.28531025647914,0.2990329032077672,276.8692090248836,301.84629456554416,-276.48457733858083,0.0,0.0,0.0078125,121,0.7272727272727273
detailed,monthly_test,augmented_price,47,schedule,tenor_months,-12.0,128,128,230.50309249357537,251.77078302366894,0.2928131784852107,252.1811404178187,268.2792099431439,231.55726373303844,0.0,0.0078125,0.015625,125,0.408
detailed,monthly_test,augmented_price,47,schedule,tenor_months,-6.0,128,128,224.12110633305718,248.27413120714942,0.5492595463093292,249.8723710446162,261.120384438064,249.4528105435114,0.0,0.0,0.0,125,0.432
detailed,monthly_test,augmented_price,47,schedule,tenor_months,-3.0,128,128,85.44618797465162,106.21493992920931,0.928909695251844,106.55842720521011,118.95636379771076,104.81132094227883,0.0,0.0,0.0234375,125,0.352
detailed,monthly_test,augmented_price,47,schedule,tenor_months,-1.0,128,128,67.07943177392207,79.59312681738716,0.9636287020676769,35.432906076788605,40.33864408293668,29.44417787077869,0.03125,0.0859375,0.1484375,121,0.6611570247933884
detailed,monthly_test,augmented_price,47,schedule,tenor_months,1.0,128,128,83.03383846485113,103.35444084014868,0.9454674640509467,19.324293392151866,25.27302096675381,-12.97893696196756,0.0546875,0.203125,0.328125,122,0.9098360655737705
detailed,monthly_test,augmented_price,47,schedule,tenor_months,3.0,128,128,104.34387474255934,132.50004691767225,0.917284474347384,56.28129379729112,62.383630015110406,-52.32084972577587,0.0078125,0.0390625,0.0546875,119,0.8487394957983193
detailed,monthly_test,augmented_price,47,schedule,tenor_months,6.0,128,128,167.70556311873935,207.02264802111813,0.8239466399019374,130.9051180465397,144.47388785049503,-128.54540933244658,0.0,0.0,0.03125,124,0.4838709677419355
detailed,monthly_test,augmented_price,47,schedule,tenor_months,12.0,128,128,274.0003322735698,312.7763862937865,0.6624824658115653,239.07361169247466,259.23466677364524,-234.65618675261953,0.0,0.0,0.0078125,119,0.4789915966386555
detailed,monthly_test,augmented_price,47,terms,coupon_regular,-0.01,128,128,79.09972716278594,96.72141185753821,0.9514691138320335,12.958540351756518,16.065399665867,-10.288167988118701,0.0625,0.203125,0.328125,128,1.0
detailed,monthly_test,augmented_price,47,terms,coupon_regular,-0.005,128,128,76.39641458807063,93.73738889046822,0.9537458760162696,6.344147680737889,7.928079196393825,-4.839802282480946,0.1171875,0.34375,0.9140625,128,1.0
detailed,monthly_test,augmented_price,47,terms,coupon_regular,-0.0025,128,128,75.41019675287657,92.49618937189871,0.9546730032649864,3.1475297394949058,3.9451345259203285,-2.337004118873901,0.15625,0.9140625,0.984375,128,1.0
detailed,monthly_test,augmented_price,47,terms,coupon_regular,-0.001,128,128,74.86973057496385,91.83481766577772,0.9551599209369043,1.2539927846444883,1.5743735398586933,-0.914025703555086,0.34375,0.984375,1.0,128,1.0
detailed,monthly_test,augmented_price,47,terms,coupon_regular,0.001,128,128,74.2105912045443,91.05413992385611,0.9557253020296144,1.2470032087219483,1.5705001714520255,0.8854108174499455,0.34375,0.984375,1.0,128,1.0
detailed,monthly_test,augmented_price,47,terms,coupon_regular,0.0025,128,128,73.72338341333642,90.54708923035949,0.9560844399418864,3.104184902934218,3.920929058180335,2.1582274374508055,0.203125,0.8984375,0.984375,128,1.0
detailed,monthly_test,augmented_price,47,terms,coupon_regular,0.005,128,128,72.92818700927938,89.85874399163411,0.9565533102744629,6.161502610503687,7.830588122744555,4.125482524363724,0.109375,0.3203125,0.890625,128,1.0
detailed,monthly_test,augmented_price,47,terms,coupon_regular,0.01,128,128,71.54695586284052,89.11315500388955,0.9569665057719436,12.1711424645909,15.66705545586155,7.4402999702663974,0.078125,0.25,0.3515625,128,1.0
detailed,monthly_test,augmented_price,47,terms,first_strike,-0.05,128,128,90.63291747821054,112.18709908868315,0.9146181561042324,32.915552648466836,40.37770340798406,-23.97383815987007,0.0078125,0.0703125,0.140625,125,0.92
detailed,monthly_test,augmented_price,47,terms,first_strike,-0.025,128,128,82.98057296800755,101.35247911810212,0.9389074206187271,16.053376665600787,19.654471020695052,-11.07575366033658,0.0078125,0.171875,0.34375,124,0.9354838709677419
detailed,monthly_test,augmented_price,47,terms,first_strike,-0.01,128,128,77.81270629540215,95.28484412868205,0.9495924782930975,6.313764415767302,7.7059286862315135,-4.251118582311466,0.078125,0.3828125,0.84375,119,0.9327731092436975
detailed,monthly_test,augmented_price,47,terms,first_strike,-0.005,128,128,76.13422617334538,93.32476381784394,0.9526384084853439,3.148721171998417,3.8335272828952025,-2.127494111761331,0.15625,0.8359375,0.9921875,111,0.9369369369369369
detailed,monthly_test,augmented_price,47,terms,first_strike,0.005,128,128,72.86386012994032,89.62427427648537,0.9579974715538074,3.1113396613947533,3.867227373042344,2.013786095402116,0.2109375,0.8203125,0.9921875,114,0.9210526315789473
detailed,monthly_test,augmented_price,47,terms,first_strike,0.01,128,128,71.20679432327566,87.87853718216077,0.9603469380888681,6.178694496824033,7.64383579309361,4.002042106048922,0.140625,0.4453125,0.8203125,121,0.9256198347107438
detailed,monthly_test,augmented_price,47,terms,first_strike,0.025,128,128,66.42533901055677,83.16478734749101,0.9661858705233789,15.070532801883362,18.78540196661388,9.743002216650353,0.0625,0.2421875,0.4140625,123,0.9024390243902439
detailed,monthly_test,augmented_price,47,terms,first_strike,0.05,128,128,59.61713658159671,77.8539105370856,0.9722154237983722,29.909849643273084,37.25999825430552,18.769648495237604,0.015625,0.09375,0.25,125,0.92
detailed,monthly_test,augmented_price,47,terms,ki_barrier,-0.05,43,43,73.94261536861167,100.93386601394681,0.9593918842642374,53.748462263017984,61.9179339453921,-33.84665061386373,0.0,0.046511627906976744,0.11627906976744186,43,1.0
detailed,monthly_test,augmented_price,47,terms,ki_barrier,-0.025,43,43,59.0609755539862,85.96475213533392,0.9712561311117827,25.797221493260903,29.648928557897886,-14.9411205063265,0.023255813953488372,0.09302325581395349,0.18604651162790697,43,1.0
detailed,monthly_test,augmented_price,47,terms,ki_barrier,-0.01,43,43,54.0957386973979,81.44606377904583,0.9743712170876211,10.139411129378116,11.744299831697685,-5.627682567885518,0.046511627906976744,0.32558139534883723,0.46511627906976744,43,1.0
detailed,monthly_test,augmented_price,47,terms,ki_barrier,-0.005,43,43,53.093763314845496,80.61675922503014,0.9749117803781198,5.036772876131237,5.798457918763609,-2.6929721308722456,0.06976744186046512,0.46511627906976744,0.9767441860465116,43,1.0
detailed,monthly_test,augmented_price,47,terms,ki_barrier,0.005,43,43,52.42206813591106,80.00530852798785,0.975273899973495,4.843846105715962,5.7184555726891935,2.467617981665728,0.16279069767441862,0.4883720930232558,0.9767441860465116,43,1.0
detailed,monthly_test,augmented_price,47,terms,ki_barrier,0.01,43,43,52.21040552687775,80.3233410092691,0.9750508869004846,9.660309619596273,11.406348030535323,4.7336160964459815,0.06976744186046512,0.27906976744186046,0.5116279069767442,43,1.0
detailed,monthly_test,augmented_price,47,terms,ki_barrier,0.025,43,43,54.469668008811,82.5971605685143,0.9734015141686021,23.32639177635752,28.006563781074735,10.296839418804554,0.06976744186046512,0.20930232558139536,0.27906976744186046,43,1.0
detailed,monthly_test,augmented_price,47,terms,ki_barrier,0.05,43,43,65.3937274815526,92.0345722304647,0.9661455224303679,45.594906556325185,54.4941899326913,14.887158782728745,0.023255813953488372,0.09302325581395349,0.16279069767441862,43,1.0
detailed,monthly_test,augmented_price,47,terms,last_strike,-0.05,128,128,59.69774127506714,74.56760253337279,0.9687625549858546,33.74405676733166,36.47737827038365,18.238280891107735,0.0234375,0.0390625,0.0625,120,1.0
detailed,monthly_test,augmented_price,47,terms,last_strike,-0.025,128,128,66.03225550846682,81.67949984038184,0.9635965035484536,17.13276541260992,18.345831602978368,9.891911966245491,0.0,0.0546875,0.1484375,118,1.0
detailed,monthly_test,augmented_price,47,terms,last_strike,-0.01,128,128,71.04416263457921,87.26708514969907,0.959046612938351,6.864796705485148,7.353413241785079,4.124577262473094,0.0234375,0.203125,0.9140625,116,1.0
detailed,monthly_test,augmented_price,47,terms,last_strike,-0.005,128,128,72.80376512338643,89.31590278779677,0.9572951771198875,3.4369730755709815,3.6745362887829907,2.0736656716925426,0.0546875,0.9140625,1.0,102,1.0
detailed,monthly_test,augmented_price,47,terms,last_strike,0.005,128,128,76.26514069399937,93.62908898666421,0.9534826129480156,3.4734273278566783,3.7173631177307067,-2.166309392756016,0.0625,0.9375,1.0,102,1.0
detailed,monthly_test,augmented_price,47,terms,last_strike,0.01,128,128,77.94724235736275,95.89823163229273,0.9513860063993943,6.937836149533073,7.411329081352283,-4.3465238266013255,0.0078125,0.21875,0.9375,115,1.0
detailed,monthly_test,augmented_price,47,terms,last_strike,0.025,128,128,84.27341869793196,103.14460529674534,0.9443854689439063,17.25396886613367,18.499049794126382,-11.405764622953381,0.0078125,0.0625,0.1484375,117,1.0
detailed,monthly_test,augmented_price,47,terms,last_strike,0.05,128,128,96.95057168120925,116.39707174397466,0.9301843304436703,34.44422495811788,37.16552092419552,-24.6168706466982,0.0,0.015625,0.0625,119,1.0
detailed,monthly_test,augmented_price,47,terms,monthly_barrier,-0.05,123,123,90.16817653171208,109.77178514025348,0.9320777923078251,22.716986599705525,26.805150398786797,-9.831830358819388,0.008130081300813009,0.0975609756097561,0.2601626016260163,123,0.6016260162601627
detailed,monthly_test,augmented_price,47,terms,monthly_barrier,-0.025,123,123,81.25707207516194,99.56684452646559,0.9465188045519471,10.874214428609424,13.104451100950026,-5.174780200141983,0.056910569105691054,0.3089430894308943,0.4878048780487805,123,0.6016260162601627
detailed,monthly_test,augmented_price,47,terms,monthly_barrier,-0.01,123,123,76.69460993346082,94.16493663968178,0.9534252106655237,4.218796278600579,5.156656015093645,-2.138652972112569,0.1951219512195122,0.5609756097560976,0.991869918699187,123,0.6016260162601627
detailed,monthly_test,augmented_price,47,terms,monthly_barrier,-0.005,123,123,75.36369104992441,92.51749945201445,0.9554429188899075,2.088639224900405,2.562790547636706,-1.0769705066228952,0.35772357723577236,0.991869918699187,1.0,123,0.6016260162601627
detailed,monthly_test,augmented_price,47,terms,monthly_barrier,0.005,128,128,73.26607734727352,89.90412390855403,0.9573117561515951,2.0729397996237178,2.5532858875048836,1.1792874701129759,0.359375,0.9921875,1.0,123,0.6097560975609756
detailed,monthly_test,augmented_price,47,terms,monthly_barrier,0.01,128,128,72.03791254079253,88.45797727841462,0.9590419856772845,4.097935666778612,5.071280403735748,2.388040504126315,0.234375,0.5625,0.9921875,123,0.6097560975609756
detailed,monthly_test,augmented_price,47,terms,monthly_barrier,0.025,128,128,68.64484844036764,84.63447621683564,0.9635029747800781,9.960390318406853,12.451378484388197,6.173951391063592,0.125,0.359375,0.5,123,0.6097560975609756
detailed,monthly_test,augmented_price,47,terms,monthly_barrier,0.05,128,128,64.47246782639321,80.09826220046332,0.968748625540854,19.279347430898795,24.153872133455003,13.063324360012146,0.0625,0.265625,0.3828125,123,0.6097560975609756
detailed,monthly_test,augmented_price,ensemble,schedule,nobs_early,1.0,128,128,238.53797478331836,258.17313928233335,0.400158839920425,223.94563400231695,242.8893671944133,221.54438101043363,0.0,0.0,0.0,127,0.33858267716535434
detailed,monthly_test,augmented_price,ensemble,schedule,nobs_late,1.0,128,128,209.58206673973393,231.9046945312801,0.7073660210291766,219.66987520465966,231.24543941540352,-219.61461108603174,0.0,0.0078125,0.0078125,123,0.5691056910569106
detailed,monthly_test,augmented_price,ensemble,schedule,nobs_middle,1.0,128,128,238.49983341921958,286.85995392522557,0.5506554520430728,243.79854846319643,275.49817019516837,-241.5887027787015,0.0,0.0,0.0,121,0.7272727272727273
detailed,monthly_test,augmented_price,ensemble,schedule,tenor_months,-12.0,128,128,278.157426884143,306.7063966947463,-0.04946791432240727,271.8529009570483,295.2877400032073,261.07084352631273,0.0,0.0234375,0.0234375,125,0.456
detailed,monthly_test,augmented_price,ensemble,schedule,tenor_months,-6.0,128,128,186.8514783581552,203.63484305231572,0.6967730648888388,171.46448370288985,188.18496071526963,170.01526814722422,0.0,0.0234375,0.0390625,125,0.48
detailed,monthly_test,augmented_price,ensemble,schedule,tenor_months,-3.0,128,128,113.69420989939782,128.70265373829298,0.8956207519510869,99.30672551573312,113.09056422267327,95.5309538087607,0.0,0.0234375,0.046875,125,0.456
detailed,monthly_test,augmented_price,ensemble,schedule,tenor_months,-1.0,128,128,58.59003043095302,85.42326041812134,0.9581052161833102,44.10133577326866,50.567697838214876,38.78463393681088,0.0,0.0390625,0.0703125,121,0.34710743801652894
detailed,monthly_test,augmented_price,ensemble,schedule,tenor_months,1.0,128,128,55.41298506338505,77.08250898787536,0.9696674379060554,20.97370943086119,25.93340023529071,-15.817482440848046,0.03125,0.140625,0.28125,122,0.9098360655737705
detailed,monthly_test,augmented_price,ensemble,schedule,tenor_months,3.0,128,128,78.88813734326565,97.18534614929283,0.955500355489127,62.52372493085116,68.70180876210547,-60.18680795199976,0.0,0.015625,0.03125,119,0.8739495798319328
detailed,monthly_test,augmented_price,ensemble,schedule,tenor_months,6.0,128,128,148.29846833834492,171.49770681500104,0.8791837826842043,145.52998608502295,157.95981234026138,-144.00879909915975,0.0,0.0078125,0.0078125,124,0.4838709677419355
detailed,monthly_test,augmented_price,ensemble,schedule,tenor_months,12.0,128,128,259.1407539400135,285.33394134896395,0.7191106358323254,265.6496548965698,282.76335766910717,-263.13494298915293,0.0078125,0.015625,0.015625,119,0.4789915966386555
detailed,monthly_test,augmented_price,ensemble,terms,coupon_regular,-0.01,128,128,53.604784168899805,74.0951549411386,0.9715191735187108,13.569218262073338,17.073089033786733,-8.986104523000293,0.03125,0.171875,0.390625,128,1.0
detailed,monthly_test,augmented_price,ensemble,terms,coupon_regular,-0.005,128,128,50.49540531205725,73.0450581806658,0.9719129300931809,6.602729506405188,8.353779333272715,-4.161932937729878,0.078125,0.390625,0.7890625,128,1.0
detailed,monthly_test,augmented_price,ensemble,terms,coupon_regular,-0.0025,128,128,49.183363432981146,72.95606457127519,0.9718011069519319,3.2626166491225073,4.1424673619654495,-1.9881819051645981,0.1640625,0.796875,0.984375,128,1.0
detailed,monthly_test,augmented_price,ensemble,terms,coupon_regular,-0.001,128,128,48.535745171973744,73.02287296066596,0.971648929324824,1.2957436784511538,1.6501495688047136,-0.771792567755551,0.4296875,0.984375,1.0,128,1.0
detailed,monthly_test,augmented_price,ensemble,terms,coupon_regular,0.001,128,128,47.740363540818414,73.23899007063724,0.9713555222722579,1.2835494087665595,1.6426993218592727,0.7391109064077638,0.4296875,0.984375,1.0,128,1.0
detailed,monthly_test,augmented_price,ensemble,terms,coupon_regular,0.0025,128,128,47.19455749133643,73.48907003119307,0.97107223096693,3.1859986872798487,4.095704897504391,1.7839180292826482,0.171875,0.828125,0.984375,128,1.0
detailed,monthly_test,augmented_price,ensemble,terms,coupon_regular,0.005,128,128,46.35170516509851,74.05878992107746,0.9704886397323914,6.302516006440355,8.165565668175235,3.3454641674245087,0.09375,0.421875,0.8671875,128,1.0
detailed,monthly_test,augmented_price,ensemble,terms,coupon_regular,0.01,128,128,45.281137625903064,75.70323552287576,0.9689435468902338,12.410712424892,16.309865770211484,5.734669598298357,0.0546875,0.21875,0.453125,128,1.0
detailed,monthly_test,augmented_price,ensemble,terms,first_strike,-0.05,128,128,52.96916923358379,66.76340488570406,0.9697617504010086,29.191689744671258,37.25671038329385,-19.569163565269193,0.0,0.0234375,0.09375,125,0.928
detailed,monthly_test,augmented_price,ensemble,terms,first_strike,-0.025,128,128,51.17594669551915,69.24853164382064,0.9714805695946063,14.158372826698272,17.72968471923211,-8.80147479855558,0.015625,0.1484375,0.3984375,124,0.9435483870967742
detailed,monthly_test,augmented_price,ensemble,terms,first_strike,-0.01,128,128,49.52711683956936,71.58334355516948,0.9715506957618593,5.565103528479798,6.851261080454927,-3.3213125112883777,0.0546875,0.53125,0.921875,119,0.9495798319327731
detailed,monthly_test,augmented_price,ensemble,terms,first_strike,-0.005,128,128,48.847521571988445,72.30460531298543,0.9715708150852091,2.7603643259307447,3.411426193133812,-1.6588262047419815,0.15625,0.9296875,0.9921875,111,0.9369369369369369
detailed,monthly_test,augmented_price,ensemble,terms,first_strike,0.005,128,128,47.28693398867897,74.00119749978066,0.9713647073595784,2.7314884977800564,3.4045903481242235,1.5367921645655485,0.140625,0.9453125,0.9921875,114,0.9298245614035088
detailed,monthly_test,augmented_price,ensemble,terms,first_strike,0.01,128,128,46.412484077900764,74.80169526281466,0.9712701094776619,5.377275731654857,6.695506593294821,3.0390048933591283,0.09375,0.5,0.9453125,121,0.9338842975206612
detailed,monthly_test,augmented_price,ensemble,terms,first_strike,0.025,128,128,44.85244909034588,77.40255452243689,0.970709294216819,12.994450044108014,16.21132948389094,7.257063225540761,0.0390625,0.234375,0.3828125,123,0.9024390243902439
detailed,monthly_test,augmented_price,ensemble,terms,first_strike,0.05,128,128,46.68555812903057,82.26488417521186,0.968977849915185,24.697917756005076,31.34732400732542,13.464991882861108,0.03125,0.15625,0.265625,125,0.92
detailed,monthly_test,augmented_price,ensemble,terms,ki_barrier,-0.05,43,43,69.7758937001135,94.12820057244909,0.9646834285953378,58.50378031044801,68.07853177644972,-41.549904078969234,0.0,0.023255813953488372,0.06976744186046512,43,1.0
detailed,monthly_test,augmented_price,ensemble,terms,ki_barrier,-0.025,43,43,64.62614540749425,96.65957774605438,0.963659225415515,27.720022111509135,32.69365896493128,-18.821784866018085,0.09302325581395349,0.11627906976744186,0.2558139534883721,43,1.0
detailed,monthly_test,augmented_price,ensemble,terms,ki_barrier,-0.01,43,43,63.99632414790663,102.79752735053849,0.9591724688158837,10.946881408394674,12.950463689880458,-7.185747982314357,0.06976744186046512,0.2558139534883721,0.4418604651162791,43,1.0
detailed,monthly_test,augmented_price,ensemble,terms,ki_barrier,-0.005,43,43,65.30855820330176,105.45370341075581,0.9570717836512452,5.451684725870203,6.384646818925586,-3.4728503923496166,0.06976744186046512,0.4418604651162791,0.9069767441860465,43,1.0
detailed,monthly_test,augmented_price,ensemble,terms,ki_barrier,0.005,43,43,68.97801796139936,111.08069175646969,0.9523354865224365,5.258561527205761,6.296156120914851,3.2490995618824736,0.16279069767441862,0.4883720930232558,0.9069767441860465,43,1.0
detailed,monthly_test,augmented_price,ensemble,terms,ki_barrier,0.01,43,43,70.9586550967571,114.09604566737562,0.9496600512860605,10.477756124190634,12.54444429899111,6.297993134499779,0.09302325581395349,0.27906976744186046,0.46511627906976744,43,1.0
detailed,monthly_test,augmented_price,ensemble,terms,ki_barrier,0.025,43,43,79.164812694572,123.83948230490203,0.9402077447925737,25.461266652591146,30.731374226555456,14.216718090140121,0.023255813953488372,0.20930232558139536,0.27906976744186046,43,1.0
detailed,monthly_test,augmented_price,ensemble,terms,ki_barrier,0.05,43,43,97.20472320152011,140.3815635360045,0.9212348198838526,49.29429098376932,59.32497656228369,22.746932196808228,0.0,0.06976744186046512,0.18604651162790697,43,1.0
detailed,monthly_test,augmented_price,ensemble,terms,last_strike,-0.05,128,128,48.30939396383936,79.64874031913129,0.9643603879610987,42.100106819026976,46.3802210775934,24.961268831021837,0.0078125,0.0234375,0.0546875,120,1.0
detailed,monthly_test,augmented_price,ensemble,terms,last_strike,-0.025,128,128,40.777232371244544,73.26815292073168,0.9707081065758191,21.072422896910332,23.068365668454412,12.942966630201536,0.015625,0.046875,0.15625,118,1.0
detailed,monthly_test,augmented_price,ensemble,terms,last_strike,-0.01,128,128,44.173169979909076,72.3897378224712,0.9718198764257788,8.38547867180161,9.169698230897344,5.269833945703434,0.03125,0.2109375,0.5859375,116,1.0
detailed,monthly_test,augmented_price,ensemble,terms,last_strike,-0.005,128,128,46.140383499572806,72.63137049449722,0.9717597967367065,4.190642988656014,4.569679599584729,2.633728919571756,0.046875,0.6015625,1.0,102,1.0
detailed,monthly_test,augmented_price,ensemble,terms,last_strike,0.005,128,128,50.31913703466791,73.83120857598293,0.9710749797502894,4.198398955715669,4.583153802734784,-2.7014225088614534,0.046875,0.6015625,1.0,102,1.0
detailed,monthly_test,augmented_price,ensemble,terms,last_strike,0.01,128,128,52.59473874628688,74.7850011086722,0.9704355972010326,8.352861256392014,9.117147470214118,-5.391799927038193,0.03125,0.171875,0.609375,115,1.0
detailed,monthly_test,augmented_price,ensemble,terms,last_strike,0.025,128,128,59.83967696525773,78.93255002446352,0.9674307685818468,20.652632446917096,22.56654255302674,-13.833716366158852,0.0,0.0703125,0.125,117,1.0
detailed,monthly_test,augmented_price,ensemble,terms,last_strike,0.05,128,128,73.74315394856333,89.08536599921602,0.9591039337952849,40.46313976492881,44.5238017664882,-28.87158678474324,0.0,0.0625,0.0703125,119,1.0
detailed,monthly_test,augmented_price,ensemble,terms,monthly_barrier,-0.05,123,123,50.30672390958389,62.431117375341266,0.9780298736046212,15.911082430356233,18.86081051670363,-0.7151545632410495,0.032520325203252036,0.15447154471544716,0.2601626016260163,123,0.6178861788617886
detailed,monthly_test,augmented_price,ensemble,terms,monthly_barrier,-0.025,123,123,44.695203916929664,58.13543380991069,0.9817671963914212,7.516090804658951,9.080223529360342,-0.8163674265135368,0.06504065040650407,0.2926829268292683,0.8455284552845529,123,0.6178861788617886
detailed,monthly_test,augmented_price,ensemble,terms,monthly_barrier,-0.01,123,123,42.146651405959304,56.6108120801282,0.9831666237014096,2.9029009457301362,3.5557246936177385,-0.44695039043297174,0.21138211382113822,0.9105691056910569,0.983739837398374,123,0.6178861788617886
detailed,monthly_test,augmented_price,ensemble,terms,monthly_barrier,-0.005,123,123,41.428575819831615,56.2953088965865,0.9835026809535383,1.4375398040815786,1.7666324114561776,-0.2400243758548069,0.3170731707317073,0.983739837398374,1.0,123,0.6178861788617886
detailed,monthly_test,augmented_price,ensemble,terms,monthly_barrier,0.005,128,128,47.63324514887499,73.07368877109914,0.9717985703947761,1.3881364222325105,1.7225413598949297,0.30804296258164793,0.3359375,0.984375,1.0,123,0.6178861788617886
detailed,monthly_test,augmented_price,ensemble,terms,monthly_barrier,0.01,128,128,47.2001048032368,73.09612884483907,0.9720325004572283,2.7524143449381,3.4163861529920814,0.6613436155204551,0.234375,0.9140625,0.984375,123,0.6178861788617886
detailed,monthly_test,augmented_price,ensemble,terms,monthly_barrier,0.025,128,128,46.21011487339085,73.54034990441627,0.9724441234869305,6.785475161364506,8.390056904678762,1.9775236285550868,0.078125,0.34375,0.8828125,123,0.6178861788617886
detailed,monthly_test,augmented_price,ensemble,terms,monthly_barrier,0.05,128,128,46.103519090473426,75.42334022481901,0.9722901318871836,13.508010855305411,16.422827622999595,5.075230939148961,0.0078125,0.1875,0.3046875,123,0.6178861788617886
detailed,monthly_test,prior_frozen_affine_coupon_delta,ensemble,schedule,nobs_early,1.0,128,128,111.15519077106049,149.68929230941183,0.7983512092123692,163.12210490285088,189.20577071210917,0.9032023106025449,0.0,0.0,0.03125,127,0.4645669291338583
detailed,monthly_test,prior_frozen_affine_coupon_delta,ensemble,schedule,nobs_late,1.0,128,128,539.3960730810908,558.8295575692159,-0.6992779003534317,468.5836500344484,484.5224286354898,-468.5836500344484,0.0,0.0,0.0,123,0.5609756097560976
detailed,monthly_test,prior_frozen_affine_coupon_delta,ensemble,schedule,nobs_middle,1.0,128,128,514.2416574855523,536.5395241780258,-0.5719657070583302,442.90761405545913,456.3819064552151,-442.90761405545913,0.0,0.0,0.0,121,0.7024793388429752
detailed,monthly_test,prior_frozen_affine_coupon_delta,ensemble,schedule,tenor_months,-12.0,128,128,297.477287284938,345.74284717332745,-0.3336132628667323,369.29503255218515,399.3449269050877,368.1838252157859,0.0,0.0,0.0,125,0.44
detailed,monthly_test,prior_frozen_affine_coupon_delta,ensemble,schedule,tenor_months,-6.0,128,128,113.65064851231868,147.83223445348548,0.8401907628920207,164.68206019848984,182.46418719740595,140.50464995973724,0.0078125,0.015625,0.015625,125,0.416
detailed,monthly_test,prior_frozen_affine_coupon_delta,ensemble,schedule,tenor_months,-3.0,128,128,95.90682275864961,109.94171794229916,0.9238334651308546,52.07699790019831,61.01523262611019,3.4922661797564265,0.0234375,0.0625,0.125,125,0.352
detailed,monthly_test,prior_frozen_affine_coupon_delta,ensemble,schedule,tenor_months,-1.0,128,128,86.34428425830988,100.90343290372621,0.941545284569463,44.31654805521531,49.367964396346245,40.11547837389355,0.0078125,0.03125,0.09375,121,0.2975206611570248
detailed,monthly_test,prior_frozen_affine_coupon_delta,ensemble,schedule,tenor_months,1.0,128,128,117.30131481337668,144.99549406018258,0.8926736343869222,24.00979191672567,27.183171477504725,-20.154872083841518,0.0078125,0.0390625,0.0859375,122,0.9098360655737705
detailed,monthly_test,prior_frozen_affine_coupon_delta,ensemble,schedule,tenor_months,3.0,128,128,154.8490894940634,185.34724830999025,0.8381445768408623,71.92946505322635,76.37130801651583,-70.81531883942378,0.0,0.0234375,0.0390625,119,0.8739495798319328
detailed,monthly_test,prior_frozen_affine_coupon_delta,ensemble,schedule,tenor_months,6.0,128,128,238.7921479938167,272.7481555378493,0.6944148510040862,161.53197629448016,168.51961473444325,-159.53260531349207,0.0,0.0,0.0078125,124,0.47580645161290325
detailed,monthly_test,prior_frozen_affine_coupon_delta,ensemble,schedule,tenor_months,12.0,128,128,345.47166050626083,377.733511484432,0.507734436006055,271.56669437015876,282.80341970813646,-265.6696957008065,0.0,0.0,0.0,119,0.47058823529411764
detailed,monthly_test,prior_frozen_affine_coupon_delta,ensemble,terms,coupon_regular,-0.01,128,128,100.7410349934122,124.33709305078781,0.9197999967506929,10.345817212549452,12.882409147723203,0.7921367934771508,0.1171875,0.328125,0.4296875,128,1.0
detailed,monthly_test,prior_frozen_affine_coupon_delta,ensemble,terms,coupon_regular,-0.005,128,128,102.33881354011612,127.09169402586997,0.9149725619585337,5.1729086062747704,6.441212573265332,0.39606374012574114,0.2109375,0.4296875,0.8828125,128,1.0
detailed,monthly_test,prior_frozen_affine_coupon_delta,ensemble,terms,coupon_regular,-0.0025,128,128,103.24872245747957,128.56792991164548,0.9124261254076516,2.586453527035247,3.220605010849419,0.19803419836938654,0.3125,0.8828125,1.0,128,1.0
detailed,monthly_test,prior_frozen_affine_coupon_delta,ensemble,terms,coupon_regular,-0.001,128,128,103.82597857868521,129.48401964770062,0.9108576703932127,1.0345817212549835,1.2882349096545251,0.07920964361656149,0.4296875,1.0,1.0,128,1.0
detailed,monthly_test,prior_frozen_affine_coupon_delta,ensemble,terms,coupon_regular,0.001,128,128,104.59871153653313,130.73994341720766,0.9087205951840359,1.034595691093516,1.288264742391118,-0.07918636055225876,0.4296875,1.0,1.0,128,1.0
detailed,monthly_test,prior_frozen_affine_coupon_delta,ensemble,terms,coupon_regular,0.0025,128,128,105.18594719257842,131.70710946551398,0.9070845627241584,2.5864674968738015,3.220622204617966,-0.19801712412200048,0.3125,0.8828125,1.0,128,1.0
detailed,monthly_test,prior_frozen_affine_coupon_delta,ensemble,terms,coupon_regular,0.005,128,128,106.16463551568324,133.36570182967756,0.904297272739809,5.172917919500434,6.4412552640404535,-0.39604821808285284,0.2109375,0.4296875,0.8828125,128,1.0
detailed,monthly_test,prior_frozen_affine_coupon_delta,ensemble,terms,coupon_regular,0.01,128,128,108.30833367265018,136.85006747678239,0.8985123951122136,10.345846704430846,12.882462920653545,-0.7920979883698429,0.1171875,0.328125,0.4296875,128,1.0
detailed,monthly_test,prior_frozen_affine_coupon_delta,ensemble,terms,first_strike,-0.05,128,128,117.2946151096674,152.49489833300126,0.8422423884263527,29.652941565255297,35.8083505090808,-10.722808273564798,0.046875,0.15625,0.2421875,125,0.96
detailed,monthly_test,prior_frozen_affine_coupon_delta,ensemble,terms,first_strike,-0.025,128,128,110.36493539599445,141.30736886172838,0.881245704023389,15.136576304528433,18.282792311357458,-5.093595575626129,0.0859375,0.265625,0.3671875,124,0.9596774193548387
detailed,monthly_test,prior_frozen_affine_coupon_delta,ensemble,terms,first_strike,-0.01,128,128,106.64402057392293,134.56872072859522,0.8994606813461234,6.066087981747698,7.337722264461992,-2.028276666326443,0.1796875,0.4296875,0.765625,119,0.957983193277311
detailed,monthly_test,prior_frozen_affine_coupon_delta,ensemble,terms,first_strike,-0.005,128,128,105.4470624538996,132.33034859923745,0.9047749077874362,3.0424274057738634,3.677728622266207,-1.044764873986329,0.265625,0.765625,1.0,111,0.954954954954955
detailed,monthly_test,prior_frozen_affine_coupon_delta,ensemble,terms,first_strike,0.005,128,128,103.01337612856283,127.91775334481503,0.9144370446165568,3.092578650959549,3.6761487115576506,0.9881640056982935,0.1875,0.765625,1.0,114,0.956140350877193
detailed,monthly_test,prior_frozen_affine_coupon_delta,ensemble,terms,first_strike,0.01,128,128,101.77621910856519,125.7419536290499,0.9188158034174047,6.091415545843965,7.275635847549746,2.007341624554596,0.109375,0.421875,0.7734375,121,0.9669421487603306
detailed,monthly_test,prior_frozen_affine_coupon_delta,ensemble,terms,first_strike,0.025,128,128,98.18309731216712,119.56286592160066,0.9301105083490224,14.914185386494744,17.9302524858612,5.163788458340649,0.0546875,0.2578125,0.3984375,123,0.959349593495935
detailed,monthly_test,prior_frozen_affine_coupon_delta,ensemble,terms,first_strike,0.05,128,128,92.70406078628,110.26422367349336,0.9442670332640544,28.881791543511326,34.87739875565385,10.811779596329377,0.03125,0.1328125,0.2421875,125,0.952
detailed,monthly_test,prior_frozen_affine_coupon_delta,ensemble,terms,ki_barrier,-0.05,43,43,70.62784695206261,96.06743016847604,0.9632132544243718,34.63649370107598,46.602930634802966,6.1401741906344744,0.06976744186046512,0.16279069767441862,0.2558139534883721,43,1.0
detailed,monthly_test,prior_frozen_affine_coupon_delta,ensemble,terms,ki_barrier,-0.025,43,43,62.95060552829023,83.75961939444535,0.9727118695158392,16.680102416528975,22.493763052675593,1.9733053879449418,0.046511627906976744,0.3023255813953488,0.5348837209302325,43,1.0
detailed,monthly_test,prior_frozen_affine_coupon_delta,ensemble,terms,ki_barrier,-0.01,43,43,59.61451128871395,78.47444230326562,0.9762072709863796,6.577362233804847,8.832419460735391,0.41423234981622586,0.20930232558139536,0.5348837209302325,0.6976744186046512,43,1.0
detailed,monthly_test,prior_frozen_affine_coupon_delta,ensemble,terms,ki_barrier,-0.005,43,43,59.14847337765473,77.22944554634057,0.9769757758097891,3.1968610875614294,4.31114751817041,0.21013909038191575,0.3488372093023256,0.7674418604651163,0.9767441860465116,43,1.0
detailed,monthly_test,prior_frozen_affine_coupon_delta,ensemble,terms,ki_barrier,0.005,43,43,58.040741897338805,75.09764047148623,0.978214346247704,3.2193142144352507,4.251568974472219,-0.20481402327776715,0.27906976744186046,0.7674418604651163,0.9767441860465116,43,1.0
detailed,monthly_test,prior_frozen_affine_coupon_delta,ensemble,terms,ki_barrier,0.01,43,43,57.33656509675428,74.21429087433886,0.9787016153063729,6.632542694466831,8.511694905688818,-0.3863766846091535,0.11627906976744186,0.4883720930232558,0.7674418604651163,43,1.0
detailed,monthly_test,prior_frozen_affine_coupon_delta,ensemble,terms,ki_barrier,0.025,43,43,55.6835564910196,73.2402872231914,0.9790864982953283,16.780208137187078,21.012500994833317,-0.8826724424792416,0.046511627906976744,0.18604651162790697,0.4186046511627907,43,1.0
detailed,monthly_test,prior_frozen_affine_coupon_delta,ensemble,terms,ki_barrier,0.05,43,43,54.759567006911524,75.22502450514095,0.9773828022154404,33.43833264277198,40.341670340598505,-2.549316009988388,0.0,0.09302325581395349,0.13953488372093023,43,1.0
detailed,monthly_test,prior_frozen_affine_coupon_delta,ensemble,terms,last_strike,-0.05,128,128,93.06026192233728,113.89059760149107,0.9271296445276855,19.63513743108998,23.02457424746144,14.799151871330814,0.015625,0.1875,0.28125,120,1.0
detailed,monthly_test,prior_frozen_affine_coupon_delta,ensemble,terms,last_strike,-0.025,128,128,99.0740020550671,122.52090837665958,0.9180899152978088,9.015706866835316,10.57547085824751,6.667584737282047,0.1015625,0.2890625,0.53125,118,1.0
detailed,monthly_test,prior_frozen_affine_coupon_delta,ensemble,terms,last_strike,-0.01,128,128,102.25899886433584,127.22070765162111,0.9129628824800085,3.4511569041106416,4.0339588317966495,2.4777412846407447,0.1953125,0.625,1.0,116,1.0
detailed,monthly_test,prior_frozen_affine_coupon_delta,ensemble,terms,last_strike,-0.005,128,128,103.26390707004418,128.6926116109947,0.9113402364324491,1.6865908197326027,1.9613056096015915,1.1913974092863642,0.3046875,1.0,1.0,102,1.0
detailed,monthly_test,prior_frozen_affine_coupon_delta,ensemble,terms,last_strike,0.005,128,128,105.12532471159528,131.4672058818071,0.9082874894541924,1.649758358340534,1.9359011966503912,-1.1680262772299783,0.328125,1.0,1.0,102,1.0
detailed,monthly_test,prior_frozen_affine_coupon_delta,ensemble,terms,last_strike,0.01,128,128,105.95379982116623,132.7551997846397,0.9068370604947724,3.225269483967376,3.7664721919621575,-2.2357401949983484,0.1953125,0.8046875,1.0,115,1.0
detailed,monthly_test,prior_frozen_affine_coupon_delta,ensemble,terms,last_strike,0.025,128,128,108.47201430391797,136.40542399846098,0.9027345673945997,7.587751383690719,8.818727162918606,-5.294557825691394,0.1171875,0.3359375,0.578125,117,1.0
detailed,monthly_test,prior_frozen_affine_coupon_delta,ensemble,terms,last_strike,0.05,128,128,112.0807257543537,141.59377596632072,0.896686488005091,13.923632977773284,15.996467230824885,-9.806710533820507,0.046875,0.1953125,0.34375,119,1.0
detailed,monthly_test,prior_frozen_affine_coupon_delta,ensemble,terms,monthly_barrier,-0.05,123,123,101.46317483807871,127.28026003894207,0.9086828292300294,8.160767394029678,11.082252272922966,5.080734867334935,0.06504065040650407,0.43089430894308944,0.7398373983739838,123,0.975609756097561
detailed,monthly_test,prior_frozen_affine_coupon_delta,ensemble,terms,monthly_barrier,-0.025,123,123,103.49320129906381,129.4970568811558,0.909532744498495,3.9366292119776447,5.497785247164124,2.2501526312061486,0.0975609756097561,0.7723577235772358,0.9186991869918699,123,0.975609756097561
detailed,monthly_test,prior_frozen_affine_coupon_delta,ensemble,terms,monthly_barrier,-0.01,123,123,104.65844274030076,130.70614893099142,0.9102644559690046,1.53336811673649,2.1856447667658676,0.8235541113440669,0.5528455284552846,0.943089430894309,1.0,123,0.975609756097561
detailed,monthly_test,prior_frozen_affine_coupon_delta,ensemble,terms,monthly_barrier,-0.005,123,123,105.01807068364506,131.08779815138507,0.9105472908553324,0.7585693094662518,1.0869061593197988,0.4028642153637152,0.7642276422764228,1.0,1.0,123,0.975609756097561
detailed,monthly_test,prior_frozen_affine_coupon_delta,ensemble,terms,monthly_barrier,0.005,128,128,104.5595395741005,130.4626041976358,0.9101079781282106,0.7495552707705526,1.0813809693539722,-0.31698158708141894,0.7578125,1.0,1.0,123,0.975609756097561
detailed,monthly_test,prior_frozen_affine_coupon_delta,ensemble,terms,monthly_barrier,0.01,128,128,104.89360096664733,130.80620264558206,0.910438458266508,1.490146122740244,2.1555255661054997,-0.6050781346672369,0.5859375,0.9453125,1.0,123,0.975609756097561
detailed,monthly_test,prior_frozen_affine_coupon_delta,ensemble,terms,monthly_barrier,0.025,128,128,105.89629352894337,131.750077727276,0.9115567676859362,3.665144788270794,5.3278164585121806,-1.3154063734586714,0.234375,0.7578125,0.9140625,123,0.975609756097561
detailed,monthly_test,prior_frozen_affine_coupon_delta,ensemble,terms,monthly_barrier,0.05,128,128,107.30192368642432,133.0246501129392,0.9138039854685207,7.14494441041972,10.43925777623405,-1.9636523048488757,0.1328125,0.578125,0.7734375,123,0.975609756097561
detailed,other_diagnostic,affine_coupon_delta,101,terms,coupon_regular,-0.01,86,86,110.34594659420218,210.964277833529,0.893848783358248,15.964447760877283,20.71960889125511,3.9329582922624953,0.05813953488372093,0.18604651162790697,0.4186046511627907,86,1.0
detailed,other_diagnostic,affine_coupon_delta,101,terms,coupon_regular,-0.005,86,86,108.18840926519489,207.66828287295473,0.897284975111221,7.982244672756606,10.359875747366672,1.9664167691773218,0.08139534883720931,0.4186046511627907,0.6976744186046512,86,1.0
detailed,other_diagnostic,affine_coupon_delta,101,terms,coupon_regular,-0.0025,86,86,107.29223533581543,206.19580776903598,0.8988240991696128,3.9911361979236446,5.179906148276889,0.9831667999527226,0.16279069767441862,0.6976744186046512,0.9534883720930233,86,1.0
detailed,other_diagnostic,affine_coupon_delta,101,terms,coupon_regular,-0.001,86,86,106.83089559450669,205.36996279990433,0.8996901976095518,1.5964974499598983,2.071990642215781,0.39328473998995456,0.4186046511627907,0.9767441860465116,1.0,86,1.0
detailed,other_diagnostic,affine_coupon_delta,101,terms,coupon_regular,0.001,86,86,106.21575745736764,204.33721133917595,0.9007779648172243,1.5964142806881108,2.071955644127316,-0.3933401861712628,0.4186046511627907,0.9767441860465116,1.0,86,1.0
detailed,other_diagnostic,affine_coupon_delta,101,terms,coupon_regular,0.0025,86,86,105.75443850837677,203.6145837922917,0.9015434938249713,3.991059959424409,5.17987170209026,-0.9832430384519462,0.16279069767441862,0.6976744186046512,0.9534883720930233,86,1.0
detailed,other_diagnostic,affine_coupon_delta,101,terms,coupon_regular,0.005,86,86,105.07795786687825,202.51038845083934,0.9027237070869687,7.98229318816511,10.359911109333254,-1.9665207307670303,0.08139534883720931,0.4186046511627907,0.6976744186046512,86,1.0
detailed,other_diagnostic,affine_coupon_delta,101,terms,coupon_regular,0.01,86,86,103.90426681701275,200.68533876415847,0.9047251607099815,15.964454691649994,20.719645823043834,-3.933076115397441,0.05813953488372093,0.18604651162790697,0.4186046511627907,86,1.0
detailed,other_diagnostic,affine_coupon_delta,101,terms,first_strike,-0.05,86,86,98.94811736354058,190.36406815380886,0.8987272395411952,23.732827829767235,32.17053421608865,-7.691611145071219,0.03488372093023256,0.09302325581395349,0.3023255813953488,82,0.8658536585365854
detailed,other_diagnostic,affine_coupon_delta,101,terms,first_strike,-0.025,86,86,103.17298809609233,199.73326167615522,0.8976680061651917,10.992038841496749,15.109077101117212,-1.6368371796239622,0.11627906976744186,0.32558139534883723,0.5581395348837209,78,0.8717948717948718
detailed,other_diagnostic,affine_coupon_delta,101,terms,first_strike,-0.01,86,86,105.17645583776704,203.07731154683415,0.8990192137127904,4.443148351098429,6.068390270076239,-0.11052408874414531,0.18604651162790697,0.6627906976744186,0.9302325581395349,73,0.8493150684931506
detailed,other_diagnostic,affine_coupon_delta,101,terms,first_strike,-0.005,86,86,105.9069389315854,204.16165908889826,0.8995084734056734,2.2909488960130675,3.0596120904939386,0.10435193308564346,0.313953488372093,0.9534883720930233,0.9883720930232558,71,0.8591549295774648
detailed,other_diagnostic,affine_coupon_delta,101,terms,first_strike,0.005,86,86,107.0687114592149,205.6377001284205,0.9008929777907188,2.191208968036136,3.005862830686747,-0.18759398547847075,0.3488372093023256,0.9302325581395349,0.9883720930232558,70,0.8571428571428571
detailed,other_diagnostic,affine_coupon_delta,101,terms,first_strike,0.01,86,86,107.66787952772158,206.15256267645913,0.9017712472079283,4.274069450393646,5.896121930975836,-0.46084394399053896,0.1744186046511628,0.6976744186046512,0.9186046511627907,73,0.8493150684931506
detailed,other_diagnostic,affine_coupon_delta,101,terms,first_strike,0.025,86,86,109.89007382287006,207.4801519868288,0.9042932472379999,10.898111170337973,14.489625210915495,-2.2948948950098673,0.03488372093023256,0.3488372093023256,0.5581395348837209,76,0.8157894736842105
detailed,other_diagnostic,affine_coupon_delta,101,terms,first_strike,0.05,86,86,113.3881542141416,208.4870712569102,0.9087996689983402,22.640893960704524,29.444826731895798,-7.422666207022776,0.023255813953488372,0.18604651162790697,0.3023255813953488,77,0.8181818181818182
detailed,other_diagnostic,affine_coupon_delta,101,terms,ki_barrier,-0.05,41,41,111.15791179141821,245.599929119349,0.921821166949477,50.29721211935256,75.005664928561,-35.18171879132217,0.0,0.07317073170731707,0.21951219512195122,40,1.0
detailed,other_diagnostic,affine_coupon_delta,101,terms,ki_barrier,-0.025,41,41,119.5633981754832,258.5534579213177,0.9139265862131373,23.746024803668984,34.36025868616062,-17.198324738677105,0.04878048780487805,0.21951219512195122,0.34146341463414637,40,1.0
detailed,other_diagnostic,affine_coupon_delta,101,terms,ki_barrier,-0.01,41,41,127.10942344788936,266.7292381107665,0.9086298198450189,9.172660007577262,12.98798041324594,-6.766221446515631,0.12195121951219512,0.43902439024390244,0.6585365853658537,39,1.0
detailed,other_diagnostic,affine_coupon_delta,101,terms,ki_barrier,-0.005,41,41,129.71175121940252,269.25889433430945,0.906914309375229,4.551982284592579,6.439125777358783,-3.3144673686808384,0.12195121951219512,0.7073170731707317,0.8536585365853658,38,1.0
detailed,other_diagnostic,affine_coupon_delta,101,terms,ki_barrier,0.005,41,41,134.88088518577013,274.2699263588095,0.9034376903186555,4.667498958831944,6.263119747379408,3.388613604464444,0.17073170731707318,0.6585365853658537,0.8780487804878049,38,1.0
detailed,other_diagnostic,affine_coupon_delta,101,terms,ki_barrier,0.01,41,41,137.7381419339484,276.6619265243447,0.9017132770731371,8.94839690987954,12.148317170008777,6.540038520257798,0.0975609756097561,0.43902439024390244,0.6585365853658537,38,1.0
detailed,other_diagnostic,affine_coupon_delta,101,terms,ki_barrier,0.025,41,41,145.17776204907244,282.7568000359072,0.8971312553996198,21.292295062618273,28.42585309670409,15.39293164485045,0.024390243902439025,0.14634146341463414,0.3902439024390244,40,1.0
detailed,other_diagnostic,affine_coupon_delta,101,terms,ki_barrier,0.05,41,41,157.44011071182805,290.3087011150717,0.8907839295116596,39.09522649619616,50.11741330597177,26.57916106388212,0.024390243902439025,0.04878048780487805,0.07317073170731707,40,1.0
detailed,other_diagnostic,affine_coupon_delta,101,terms,last_strike,-0.05,86,86,99.0896565021155,196.36480958991334,0.9056589138993196,24.668184431081563,35.571280361952795,-7.997148145303153,0.0,0.20930232558139536,0.4186046511627907,78,0.9230769230769231
detailed,other_diagnostic,affine_coupon_delta,101,terms,last_strike,-0.025,86,86,102.80815508174487,200.4247143661554,0.9031468790724306,11.69199734049071,16.95107276447339,-2.1797970870660723,0.10465116279069768,0.38372093023255816,0.6162790697674418,71,0.9577464788732394
detailed,other_diagnostic,affine_coupon_delta,101,terms,last_strike,-0.01,86,86,105.10724678652922,202.98850130161398,0.9015043458398777,4.568381180154689,6.7283699534611845,-0.4424638606702996,0.23255813953488372,0.6744186046511628,0.8488372093023255,62,0.9516129032258065
detailed,other_diagnostic,affine_coupon_delta,101,terms,last_strike,-0.005,86,86,105.8439089504245,203.91827278242437,0.9008825116703766,2.291788742042571,3.3714762121496022,-0.11041430598289868,0.43023255813953487,0.8604651162790697,1.0,52,0.9807692307692307
detailed,other_diagnostic,affine_coupon_delta,101,terms,last_strike,0.005,86,86,107.12002291712838,205.70794927852228,0.8996668296513678,2.304423437182588,3.2245580781663206,-0.03694963144721147,0.36046511627906974,0.8488372093023255,1.0,54,0.9629629629629629
detailed,other_diagnostic,affine_coupon_delta,101,terms,last_strike,0.01,86,86,107.78920012819717,206.5856594227392,0.8990734758543579,4.559792789751432,6.430789891037198,-0.22099272501197248,0.18604651162790697,0.686046511627907,0.8488372093023255,59,0.9661016949152542
detailed,other_diagnostic,affine_coupon_delta,101,terms,last_strike,0.025,86,86,110.34972520833162,209.21955432781363,0.8972908560114231,11.350300594486448,15.774159226239297,-1.775236485183226,0.05813953488372093,0.38372093023255816,0.5697674418604651,68,0.9558823529411765
detailed,other_diagnostic,affine_coupon_delta,101,terms,last_strike,0.05,86,86,116.33698594917566,213.62810723478134,0.8941594903404293,23.058871358954217,31.515358850405715,-7.609914727467436,0.011627906976744186,0.12790697674418605,0.3488372093023256,71,0.9577464788732394
detailed,other_diagnostic,affine_coupon_delta,233,terms,coupon_regular,-0.01,86,86,122.46984693388224,218.53495039002647,0.8860933873280256,13.721409018438434,19.657342846236205,-3.1599736436910444,0.06976744186046512,0.313953488372093,0.5116279069767442,86,1.0
detailed,other_diagnostic,affine_coupon_delta,233,terms,coupon_regular,-0.005,86,86,119.11697730489237,215.765902091665,0.8891184575659281,6.860701043832908,9.828670979711433,-1.5799764256866409,0.12790697674418605,0.5116279069767442,0.813953488372093,86,1.0
detailed,other_diagnostic,affine_coupon_delta,233,terms,coupon_regular,-0.0025,86,86,117.44438641447469,214.536818455211,0.8904730260519331,3.4303297295985935,4.91435382945911,-0.7900575205698519,0.23255813953488372,0.813953488372093,0.9418604651162791,86,1.0
detailed,other_diagnostic,affine_coupon_delta,233,terms,coupon_regular,-0.001,86,86,116.50589953539924,213.85025087658252,0.8912350275596145,1.3721429810756798,1.965711354541551,-0.3159758789739524,0.5116279069767442,0.9534883720930233,1.0,86,1.0
detailed,other_diagnostic,affine_coupon_delta,233,terms,coupon_regular,0.001,86,86,115.26658898684637,212.99484589966892,0.8921918992032951,1.372115257985184,1.9657511082097652,0.3159897405191271,0.5116279069767442,0.9534883720930233,1.0,86,1.0
detailed,other_diagnostic,affine_coupon_delta,233,terms,coupon_regular,0.0025,86,86,114.37447793262136,212.39883961234327,0.8928651075288547,3.4303435911439024,4.91433125085851,0.7900020743885733,0.23255813953488372,0.813953488372093,0.9418604651162791,86,1.0
detailed,other_diagnostic,affine_coupon_delta,233,terms,coupon_regular,0.005,86,86,113.0960885492122,211.493003009672,0.8939026819066237,6.860652528424541,9.828635479026602,1.5799694949140084,0.12790697674418605,0.5116279069767442,0.813953488372093,86,1.0
detailed,other_diagnostic,affine_coupon_delta,233,terms,coupon_regular,0.01,86,86,111.14410372542301,210.01498928511955,0.8956607962638283,13.721409018438694,19.657396206145773,3.1599597821458243,0.06976744186046512,0.313953488372093,0.5116279069767442,86,1.0
detailed,other_diagnostic,affine_coupon_delta,233,terms,first_strike,-0.05,86,86,104.33068628658704,195.95532557822168,0.8926908300656715,24.930850420275657,33.82080861025438,-1.0499556777938683,0.03488372093023256,0.16279069767441862,0.29069767441860467,82,0.8780487804878049
detailed,other_diagnostic,affine_coupon_delta,233,terms,first_strike,-0.025,86,86,110.78347050323855,206.95431442415355,0.8901349349967506,12.091072165532486,16.117126598417514,1.7660890214201648,0.046511627906976744,0.26744186046511625,0.5930232558139535,78,0.8589743589743589
detailed,other_diagnostic,affine_coupon_delta,233,terms,first_strike,-0.01,86,86,114.14823339631623,211.21650369941636,0.890762529231168,4.9068895415087646,6.462203471994081,1.2405884544062908,0.16279069767441862,0.627906976744186,0.8837209302325582,73,0.8356164383561644
detailed,other_diagnostic,affine_coupon_delta,233,terms,first_strike,-0.005,86,86,115.109454850164,212.5297580694552,0.8911018336969415,2.483853657397912,3.255971312602183,0.7758121180257155,0.29069767441860467,0.8488372093023255,0.9883720930232558,71,0.8450704225352113
detailed,other_diagnostic,affine_coupon_delta,233,terms,first_strike,0.005,86,86,116.7932007027397,214.40249075432817,0.8922645564435467,2.410992813706102,3.1429867835914904,-0.8471886876446509,0.2441860465116279,0.872093023255814,0.9883720930232558,70,0.8571428571428571
detailed,other_diagnostic,affine_coupon_delta,233,terms,first_strike,0.01,86,86,117.72531461306356,215.155082461295,0.8930047806865311,4.791831634725359,6.163726594764087,-1.7650143639940308,0.13953488372093023,0.5813953488372093,0.8953488372093024,73,0.8493150684931506
detailed,other_diagnostic,affine_coupon_delta,233,terms,first_strike,0.025,86,86,120.32076792012148,216.96505600082241,0.8953428143323874,11.791518791807693,14.815713679857588,-5.415537656861335,0.05813953488372093,0.2441860465116279,0.5232558139534884,76,0.8289473684210527
detailed,other_diagnostic,affine_coupon_delta,233,terms,first_strike,0.05,86,86,123.43820173927469,217.95320465365893,0.9003299501673856,23.476138063806676,28.361486695723293,-13.076402410238616,0.011627906976744186,0.08139534883720931,0.22093023255813954,77,0.8181818181818182
detailed,other_diagnostic,affine_coupon_delta,233,terms,ki_barrier,-0.05,41,41,136.58618276747242,257.93324890981893,0.9137721879650444,44.68702546273321,65.28423753913667,-26.92282652265285,0.024390243902439025,0.17073170731707318,0.24390243902439024,40,1.0
detailed,other_diagnostic,affine_coupon_delta,233,terms,ki_barrier,-0.025,41,41,139.27676633502836,270.40214499852453,0.905856878982508,21.313701065343892,29.68945220308161,-13.166041444185453,0.0975609756097561,0.17073170731707318,0.34146341463414637,40,1.0
detailed,other_diagnostic,affine_coupon_delta,233,terms,ki_barrier,-0.01,41,41,140.9277957686028,277.04461130677583,0.9014259394242167,8.259335272124085,11.173474107137523,-5.178281021108035,0.0975609756097561,0.4634146341463415,0.7073170731707317,39,1.0
detailed,other_diagnostic,affine_coupon_delta,233,terms,ki_barrier,-0.005,41,41,141.53585823658815,278.8713649879575,0.900149405752178,4.007722368458071,5.533064495815649,-2.524662212252199,0.1951219512195122,0.7560975609756098,0.926829268292683,38,1.0
detailed,other_diagnostic,affine_coupon_delta,233,terms,ki_barrier,0.005,41,41,143.60146385265543,282.3985840860996,0.897629153356089,4.159257576889896,5.402709069904335,2.607749144752114,0.14634146341463414,0.7317073170731707,0.926829268292683,38,1.0
detailed,other_diagnostic,affine_coupon_delta,233,terms,ki_barrier,0.01,41,41,144.9364240403858,283.8631525872858,0.8965300819926132,7.920175147979735,10.406034170208883,4.98706130721235,0.0975609756097561,0.4146341463414634,0.7804878048780488,38,1.0
detailed,other_diagnostic,affine_coupon_delta,233,terms,ki_barrier,0.025,41,41,147.90221265719217,287.1624621152113,0.8939006654162749,18.58040451567114,24.26703084092379,11.578699586209062,0.024390243902439025,0.1951219512195122,0.36585365853658536,40,1.0
detailed,other_diagnostic,affine_coupon_delta,233,terms,ki_barrier,0.05,41,41,150.5819077447939,289.6618879502582,0.89127005821294,33.14524371350663,42.37648085731778,19.189217289728575,0.024390243902439025,0.07317073170731707,0.1951219512195122,40,1.0
detailed,other_diagnostic,affine_coupon_delta,233,terms,last_strike,-0.05,86,86,105.89987322493236,203.24428053734934,0.898932804141959,24.942830401819602,34.867398272995025,-8.968260285692528,0.05813953488372093,0.20930232558139536,0.3953488372093023,78,0.9230769230769231
detailed,other_diagnostic,affine_coupon_delta,233,terms,last_strike,-0.025,86,86,110.29695967035421,208.30182473391042,0.8953842141274347,11.680910091280392,16.391953166023903,-2.6808157110391204,0.09302325581395349,0.38372093023255816,0.5813953488372093,71,0.9577464788732394
detailed,other_diagnostic,affine_coupon_delta,233,terms,last_strike,-0.01,86,86,113.582175714261,211.31467883452245,0.8932584446119319,4.569005711620627,6.424538110759502,-0.6591336752014928,0.22093023255813954,0.6627906976744186,0.872093023255814,62,0.967741935483871
detailed,other_diagnostic,affine_coupon_delta,233,terms,last_strike,-0.005,86,86,114.76487527049834,212.37826259447976,0.8924877061972483,2.2235557948625284,3.192814164833161,-0.22255420743241264,0.43023255813953487,0.8604651162790697,1.0,52,0.9807692307692307
detailed,other_diagnostic,affine_coupon_delta,233,terms,last_strike,0.005,86,86,117.00108202457643,214.34436997345176,0.8910652233200287,2.2100460812212472,3.0347825933130523,0.08483790552873789,0.38372093023255816,0.8837209302325582,1.0,54,0.9814814814814815
detailed,other_diagnostic,affine_coupon_delta,233,terms,last_strike,0.01,86,86,118.18954192039065,215.27631425745776,0.8904033009876584,4.33685614869786,5.99413426715013,0.03365772363191132,0.20930232558139536,0.686046511627907,0.8953488372093024,59,0.9830508474576272
detailed,other_diagnostic,affine_coupon_delta,233,terms,last_strike,0.025,86,86,121.75480551184535,217.95277241067768,0.8885373510946002,10.481929752571672,14.480885127867321,-1.0356883897462426,0.06976744186046512,0.38372093023255816,0.627906976744186,68,0.9705882352941176
detailed,other_diagnostic,affine_coupon_delta,233,terms,last_strike,0.05,86,86,128.07013216131654,222.02532719476204,0.8856752725424186,20.409781904311558,28.12200534717277,-5.665798345755698,0.05813953488372093,0.23255813953488372,0.37209302325581395,71,0.971830985915493
detailed,other_diagnostic,affine_coupon_delta,47,terms,coupon_regular,-0.01,86,86,117.7979703978522,223.60935668178738,0.8807421229962508,14.295509336050685,18.588143106140432,5.564427519809366,0.023255813953488372,0.20930232558139536,0.4069767441860465,86,1.0
detailed,other_diagnostic,affine_coupon_delta,47,terms,coupon_regular,-0.005,86,86,114.61958176884295,222.24141137012109,0.8823630909401885,7.147716548775672,9.294045102986534,2.7822241560635637,0.10465116279069768,0.4069767441860465,0.7441860465116279,86,1.0
detailed,other_diagnostic,affine_coupon_delta,47,terms,coupon_regular,-0.0025,86,86,113.10833214245446,221.70046105347132,0.8830364315025424,3.5738582743878142,4.6470142828768815,1.3910843549411398,0.18604651162790697,0.7441860465116279,0.9767441860465116,86,1.0
detailed,other_diagnostic,affine_coupon_delta,47,terms,coupon_regular,-0.001,86,86,112.2809495903719,221.42202977262377,0.8833966088172794,1.4295336066734414,1.8587843317636905,0.5564351281309656,0.4069767441860465,0.9883720930232558,1.0,86,1.0
detailed,other_diagnostic,affine_coupon_delta,47,terms,coupon_regular,0.001,86,86,111.3302386878659,221.10503447241373,0.8838255916625702,1.4296029143999631,1.8588732834431134,-0.5564767127669772,0.4069767441860465,0.9883720930232558,1.0,86,1.0
detailed,other_diagnostic,affine_coupon_delta,47,terms,coupon_regular,0.0025,86,86,110.67876030281366,220.90802734189026,0.8841090151385864,3.5739275821143606,4.647070788800079,-1.3911120780318256,0.18604651162790697,0.7441860465116279,0.9767441860465116,86,1.0
detailed,other_diagnostic,affine_coupon_delta,47,terms,coupon_regular,0.005,86,86,109.72809443353765,220.65757819701076,0.8845084811193937,7.147834371910825,9.29416548757649,-2.7822865330173823,0.10465116279069768,0.4069767441860465,0.7441860465116279,86,1.0
detailed,other_diagnostic,affine_coupon_delta,47,terms,coupon_regular,0.01,86,86,108.01721398698005,220.4498576469624,0.8850347525248187,14.295634089958407,18.58826403770001,-5.564538412171662,0.023255813953488372,0.20930232558139536,0.4069767441860465,86,1.0
detailed,other_diagnostic,affine_coupon_delta,47,terms,first_strike,-0.05,86,86,101.49143920607757,207.87418101949618,0.8792398077177294,22.804824898705714,31.29977588947219,-0.5483202150551219,0.06976744186046512,0.18604651162790697,0.38372093023255816,82,0.9024390243902439
detailed,other_diagnostic,affine_coupon_delta,47,terms,first_strike,-0.025,86,86,107.93677980534434,216.89814276281885,0.8793236087913693,10.668810066262521,14.596154356743652,1.7280737334442333,0.08139534883720931,0.36046511627906974,0.5813953488372093,78,0.8589743589743589
detailed,other_diagnostic,affine_coupon_delta,47,terms,first_strike,-0.01,86,86,110.67051588152208,219.92061863435956,0.8815737890199054,4.355757625701996,5.863855558654181,1.1666786948848062,0.1511627906976744,0.7325581395348837,0.8953488372093024,73,0.8356164383561644
detailed,other_diagnostic,affine_coupon_delta,47,terms,first_strike,-0.005,86,86,111.33842097234741,220.79449861401878,0.8824676100009168,2.2869694696462797,3.004901804111758,0.7298195107315885,0.27906976744186046,0.9069767441860465,1.0,71,0.8591549295774648
detailed,other_diagnostic,affine_coupon_delta,47,terms,first_strike,0.005,86,86,112.13562465476704,221.8073294348983,0.884694310461985,2.163046021385392,2.881597993098228,-0.7841463796357031,0.313953488372093,0.9069767441860465,1.0,70,0.8571428571428571
detailed,other_diagnostic,affine_coupon_delta,47,terms,first_strike,0.01,86,86,112.40947677934219,222.09931538249316,0.8859866795940725,4.267650005215825,5.638054860305205,-1.6226632245705714,0.1744186046511628,0.7209302325581395,0.8953488372093024,73,0.8493150684931506
detailed,other_diagnostic,affine_coupon_delta,47,terms,first_strike,0.025,86,86,112.93601894219029,222.5432619113954,0.8898921290547006,10.540197011029328,13.525096362826822,-4.939497537512764,0.046511627906976744,0.27906976744186046,0.6046511627906976,76,0.8552631578947368
detailed,other_diagnostic,affine_coupon_delta,47,terms,first_strike,0.05,86,86,112.12847996328644,221.37583680157425,0.897175030572165,21.140300325620796,26.25833534787133,-11.701794547810438,0.03488372093023256,0.12790697674418605,0.2558139534883721,77,0.8181818181818182
detailed,other_diagnostic,affine_coupon_delta,47,terms,ki_barrier,-0.05,41,41,122.58370923820284,267.24643242400487,0.9074329247397666,49.06412026742271,73.81263532830945,-33.24634143774699,0.0,0.17073170731707318,0.24390243902439024,40,1.0
detailed,other_diagnostic,affine_coupon_delta,47,terms,ki_barrier,-0.025,41,41,136.1745055664984,283.93737401004176,0.8961961527300528,23.264453811014757,33.64461521703144,-16.397979736525986,0.04878048780487805,0.21951219512195122,0.34146341463414637,40,0.975
detailed,other_diagnostic,affine_coupon_delta,47,terms,ki_barrier,-0.01,41,41,143.52669742898334,293.50116036913755,0.8893674615075511,9.020250021331602,12.642040479468523,-6.4794213411183375,0.024390243902439025,0.4146341463414634,0.7317073170731707,39,0.9743589743589743
detailed,other_diagnostic,affine_coupon_delta,47,terms,ki_barrier,-0.005,41,41,145.66304619180053,296.3375074542221,0.8872501283170293,4.437683993031993,6.26988638847927,-3.176039215619553,0.17073170731707318,0.7317073170731707,0.8536585365853658,38,0.9736842105263158
detailed,other_diagnostic,affine_coupon_delta,47,terms,ki_barrier,0.005,41,41,149.378929652042,301.88042397686553,0.8830174273990674,4.579986252005324,6.084475576406183,3.2593151384565604,0.12195121951219512,0.7073170731707317,0.8780487804878049,38,0.9736842105263158
detailed,other_diagnostic,affine_coupon_delta,47,terms,ki_barrier,0.01,41,41,151.2850331978348,304.42067349484165,0.8810007165372133,8.747439849286748,11.76697484182246,6.289844389383535,0.04878048780487805,0.4146341463414634,0.7317073170731707,38,0.9736842105263158
detailed,other_diagnostic,affine_coupon_delta,47,terms,ki_barrier,0.025,41,41,155.40066458248262,310.91246237768837,0.8756248595364812,20.526448863647044,27.358490806216736,14.821672006692163,0.04878048780487805,0.14634146341463414,0.34146341463414637,40,0.975
detailed,other_diagnostic,affine_coupon_delta,47,terms,ki_barrier,0.05,41,41,161.16459079864825,318.505553298199,0.8685379321513009,36.4579407085354,47.588288137998134,25.56828082620973,0.04878048780487805,0.04878048780487805,0.1951219512195122,40,0.975
detailed,other_diagnostic,affine_coupon_delta,47,terms,last_strike,-0.05,86,86,100.74234296344838,213.20603605415425,0.8887826502765291,23.263587243355634,32.30976949955473,-9.206872926428243,0.046511627906976744,0.19767441860465115,0.3372093023255814,78,0.9102564102564102
detailed,other_diagnostic,affine_coupon_delta,47,terms,last_strike,-0.025,86,86,105.69400057049356,217.46780852037594,0.8859747510777153,10.822516432474034,15.146063477679883,-2.6923207936353006,0.09302325581395349,0.3953488372093023,0.5930232558139535,71,0.971830985915493
detailed,other_diagnostic,affine_coupon_delta,47,terms,last_strike,-0.01,86,86,109.33078244724334,219.76487512558396,0.8845508456909108,4.216550662898749,5.943452460621237,-0.6305927534357884,0.26744186046511625,0.6976744186046512,0.8837209302325582,62,0.9838709677419355
detailed,other_diagnostic,affine_coupon_delta,47,terms,last_strike,-0.005,86,86,110.52561641294916,220.54276123428306,0.8840625841983529,2.0901612859230974,2.970154005907502,-0.2022747666634832,0.45348837209302323,0.9069767441860465,1.0,52,1.0
detailed,other_diagnostic,affine_coupon_delta,47,terms,last_strike,0.005,86,86,112.93003511057753,221.89725592744952,0.8832528602858851,2.048381180468129,2.80699418934344,0.05127217359301495,0.43023255813953487,0.9069767441860465,1.0,54,1.0
detailed,other_diagnostic,affine_coupon_delta,47,terms,last_strike,0.01,86,86,114.06437214575631,222.5102725441239,0.882913963067028,4.045149874549574,5.594479739007044,-0.047494693307047746,0.2441860465116279,0.6744186046511628,0.9069767441860465,59,1.0
detailed,other_diagnostic,affine_coupon_delta,47,terms,last_strike,0.025,86,86,117.29018168271362,224.1798514488788,0.882077217427614,9.775582848115475,13.564469461371473,-1.3513781531037155,0.1744186046511628,0.45348837209302323,0.5930232558139535,68,1.0
detailed,other_diagnostic,affine_coupon_delta,47,terms,last_strike,0.05,86,86,122.2548077523241,226.37112839100402,0.8811560142523768,19.9440828658361,26.813297675268903,-6.723635244293267,0.046511627906976744,0.2441860465116279,0.3953488372093023,71,0.9859154929577465
detailed,other_diagnostic,affine_coupon_delta,ensemble,terms,coupon_regular,-0.01,86,86,108.20879938229652,213.5089536720046,0.8912725220956313,13.229613161190612,18.017590974731068,2.1124707227936397,0.10465116279069768,0.3023255813953488,0.46511627906976744,86,1.0
detailed,other_diagnostic,affine_coupon_delta,ensemble,terms,coupon_regular,-0.005,86,86,106.0816301474495,210.94160225970194,0.8940214159176703,6.614785788277318,9.008796209981265,1.056221499851432,0.1511627906976744,0.46511627906976744,0.7674418604651163,86,1.0
detailed,other_diagnostic,affine_coupon_delta,ensemble,terms,coupon_regular,-0.0025,86,86,105.0319012786521,209.79124893991408,0.8952649235123644,3.3073721018208624,4.504382960168439,0.5280645447746961,0.2441860465116279,0.7674418604651163,0.9651162790697675,86,1.0
detailed,other_diagnostic,affine_coupon_delta,ensemble,terms,coupon_regular,-0.001,86,86,104.44271160284566,209.14458034465198,0.8959690041200259,1.322964550479657,1.8017487868529354,0.21124799638243869,0.46511627906976744,0.9883720930232558,1.0,86,1.0
detailed,other_diagnostic,affine_coupon_delta,ensemble,terms,coupon_regular,0.001,86,86,103.65714385049749,208.3337834503471,0.8968586982313071,1.3229922735702784,1.8017940296379822,-0.21127571947307647,0.46511627906976744,0.9883720930232558,1.0,86,1.0
detailed,other_diagnostic,affine_coupon_delta,ensemble,terms,coupon_regular,0.0025,86,86,103.06797958752442,207.76464580750647,0.8974891217161234,3.3074067556840583,4.504399178498837,-0.528117680698447,0.2441860465116279,0.7674418604651163,0.9651162790697675,86,1.0
detailed,other_diagnostic,affine_coupon_delta,ensemble,terms,coupon_regular,0.005,86,86,102.08595983039297,206.89099243707892,0.8984697246204827,6.614857406261392,9.008854958936602,-1.0562792562900918,0.1511627906976744,0.46511627906976744,0.7674418604651163,86,1.0
detailed,other_diagnostic,affine_coupon_delta,ensemble,terms,coupon_regular,0.01,86,86,100.30404640289534,205.42910229389892,0.9001677475941977,13.22968477917473,18.017671804744815,-2.1125515818075953,0.10465116279069768,0.3023255813953488,0.46511627906976744,86,1.0
detailed,other_diagnostic,affine_coupon_delta,ensemble,terms,first_strike,-0.05,86,86,93.86296329114785,193.62974973317068,0.8952227823235815,22.215695961214916,30.994517661673612,-3.096629012640035,0.03488372093023256,0.1744186046511628,0.3953488372093023,82,0.9024390243902439
detailed,other_diagnostic,affine_coupon_delta,ensemble,terms,first_strike,-0.025,86,86,99.57796583483723,203.511783659884,0.8937595824399036,10.503745245774901,14.498073130893454,0.6191085250801454,0.08139534883720931,0.4186046511627907,0.6046511627906976,78,0.8589743589743589
detailed,other_diagnostic,affine_coupon_delta,ensemble,terms,first_strike,-0.01,86,86,102.46603610681494,207.01700747330383,0.8950631580477175,4.282086864820187,5.819243841104072,0.7655810201824078,0.12790697674418605,0.6627906976744186,0.9069767441860465,73,0.8493150684931506
detailed,other_diagnostic,affine_coupon_delta,ensemble,terms,first_strike,-0.005,86,86,103.38022820095496,208.08715527018896,0.895606942552215,2.2189672040426696,2.951783858510177,0.5366611872810771,0.3488372093023256,0.9069767441860465,0.9883720930232558,71,0.8591549295774648
detailed,other_diagnostic,affine_coupon_delta,ensemble,terms,first_strike,0.005,86,86,104.58487111790635,209.4786894960227,0.8971560738269938,2.123252375960487,2.8487786177170458,-0.6063096842528125,0.3488372093023256,0.9302325581395349,0.9883720930232558,70,0.8571428571428571
detailed,other_diagnostic,affine_coupon_delta,ensemble,terms,first_strike,0.01,86,86,104.96454443638098,209.96042473424112,0.8981089496077038,4.171500295412773,5.568379370037022,-1.2828405108517138,0.13953488372093023,0.686046511627907,0.9302325581395349,73,0.863013698630137
detailed,other_diagnostic,affine_coupon_delta,ensemble,terms,first_strike,0.025,86,86,105.81428383752163,211.01910868800775,0.9010004922934178,10.400854707244468,13.40950403578559,-4.216643363127932,0.046511627906976744,0.313953488372093,0.5697674418604651,76,0.8552631578947368
detailed,other_diagnostic,affine_coupon_delta,ensemble,terms,first_strike,0.05,86,86,106.70494433986688,210.9827545911973,0.9066031833902302,21.176447949983224,26.211981146302122,-10.733621055023933,0.023255813953488372,0.11627906976744186,0.27906976744186046,77,0.8311688311688312
detailed,other_diagnostic,affine_coupon_delta,ensemble,terms,ki_barrier,-0.05,41,41,114.9509213590919,252.1423041618448,0.917600582078243,47.33939921680024,70.98857609573847,-31.783628917240804,0.0,0.1951219512195122,0.24390243902439024,40,1.0
detailed,other_diagnostic,affine_coupon_delta,ensemble,terms,ki_barrier,-0.025,41,41,122.19176046436888,266.55270558713215,0.9085182387389963,22.579372941334448,32.35435955853892,-15.587448639796055,0.04878048780487805,0.21951219512195122,0.34146341463414637,40,1.0
detailed,other_diagnostic,affine_coupon_delta,ensemble,terms,ki_barrier,-0.01,41,41,126.68957272537101,274.84171017108133,0.9029873167538472,8.718964807595666,12.177441221107296,-6.141307936247369,0.04878048780487805,0.4634146341463415,0.7317073170731707,39,1.0
detailed,other_diagnostic,affine_coupon_delta,ensemble,terms,ki_barrier,-0.005,41,41,128.80172687667886,277.28002285061734,0.9012857224721205,4.292067225835273,6.035329011569933,-3.005056265517629,0.17073170731707318,0.7317073170731707,0.926829268292683,38,1.0
detailed,other_diagnostic,affine_coupon_delta,ensemble,terms,ki_barrier,0.005,41,41,132.61996120771644,282.04474731823854,0.8978855277053607,4.450376713521594,5.86918845309249,3.0852259625577068,0.12195121951219512,0.7073170731707317,0.8780487804878049,38,1.0
detailed,other_diagnostic,affine_coupon_delta,ensemble,terms,ki_barrier,0.01,41,41,134.65058760137876,284.20450438835235,0.8962810825795027,8.488957004280296,11.342932558700364,5.9389814056177395,0.024390243902439025,0.4634146341463415,0.7073170731707317,38,1.0
detailed,other_diagnostic,affine_coupon_delta,ensemble,terms,ki_barrier,0.025,41,41,139.42134540928973,289.5541762670135,0.8921259485450412,19.916386329997458,26.419589915388947,13.931101079250523,0.024390243902439025,0.14634146341463414,0.3902439024390244,40,1.0
detailed,other_diagnostic,affine_coupon_delta,ensemble,terms,ki_barrier,0.05,41,41,146.09765761428176,295.4441394778423,0.886885781133649,35.8296286698689,46.0856719804152,23.77888639327339,0.0,0.04878048780487805,0.17073170731707318,40,1.0
detailed,other_diagnostic,affine_coupon_delta,ensemble,terms,last_strike,-0.05,86,86,94.8803938811391,199.83326323933096,0.9022967273678607,23.4469983272207,33.70220451907677,-8.72409378580797,0.06976744186046512,0.2558139534883721,0.4186046511627907,78,0.9615384615384616
detailed,other_diagnostic,affine_coupon_delta,ensemble,terms,last_strike,-0.025,86,86,98.55600534163312,204.3120075481511,0.8993534586364816,11.021283846927572,15.865280309030782,-2.517644530580202,0.11627906976744186,0.4418604651162791,0.6046511627906976,71,0.971830985915493
detailed,other_diagnostic,affine_coupon_delta,ensemble,terms,last_strike,-0.01,86,86,101.75109320190109,206.92799371041258,0.8976441453874642,4.289324059194956,6.24310076643143,-0.5773967631025744,0.26744186046511625,0.686046511627907,0.872093023255814,62,0.967741935483871
detailed,other_diagnostic,affine_coupon_delta,ensemble,terms,last_strike,-0.005,86,86,102.85738390147465,207.8472235447686,0.8970262673737867,2.1151207616548944,3.116607722196578,-0.1784144266928713,0.46511627906976744,0.872093023255814,1.0,52,0.9807692307692307
detailed,other_diagnostic,affine_coupon_delta,ensemble,terms,last_strike,0.005,86,86,105.11433035498122,209.53445538436523,0.8958993883540162,2.1298560298597615,2.9568343348868438,0.033053482558210556,0.3953488372093023,0.8837209302325582,1.0,54,0.9814814814814815
detailed,other_diagnostic,affine_coupon_delta,ensemble,terms,last_strike,0.01,86,86,106.24137486320004,210.33132736701808,0.8953804373161808,4.191658937697227,5.874183583945401,-0.07827656489569436,0.2441860465116279,0.6976744186046512,0.872093023255814,59,0.9830508474576272
detailed,other_diagnostic,affine_coupon_delta,ensemble,terms,last_strike,0.025,86,86,109.65052488481936,212.61837841089354,0.8939266786708605,10.20039643538009,14.26242023261927,-1.3874343426776548,0.11627906976744186,0.4069767441860465,0.6162790697674418,68,0.9705882352941176
detailed,other_diagnostic,affine_coupon_delta,ensemble,terms,last_strike,0.05,86,86,115.02621575572118,216.08787853345726,0.8917081061717945,20.506900953318993,28.103768697403503,-6.666449439172043,0.06976744186046512,0.1744186046511628,0.38372093023255816,71,0.971830985915493
detailed,other_diagnostic,augmented_delta,101,terms,coupon_regular,-0.01,86,86,112.02163877784297,219.6262416233242,0.8849529230010174,10.582692561247216,15.462640640526315,5.435695348639819,0.11627906976744186,0.37209302325581395,0.6046511627906976,86,1.0
detailed,other_diagnostic,augmented_delta,101,terms,coupon_regular,-0.005,86,86,109.36723946834476,216.92774053616694,0.8879211109552939,5.236652088269501,7.650511041834576,2.692574611857787,0.19767441860465115,0.6162790697674418,0.8488372093023255,86,1.0
detailed,other_diagnostic,augmented_delta,101,terms,coupon_regular,-0.0025,86,86,108.17583108079262,215.689673901164,0.8892927341632381,2.603587756098138,3.8061344429368575,1.341231307281909,0.3488372093023256,0.8488372093023255,0.9767441860465116,86,1.0
detailed,other_diagnostic,augmented_delta,101,terms,coupon_regular,-0.001,86,86,107.47486561356635,214.98159254559167,0.8900811749515124,1.0380527519646288,1.5179864772787028,0.5353725100527782,0.6511627906976745,0.9883720930232558,1.0,86,1.0
detailed,other_diagnostic,augmented_delta,101,terms,coupon_regular,0.001,86,86,106.57857246355402,214.07751875719876,0.8910931162188114,1.033848827090921,1.512362897025188,-0.5340695247950193,0.6511627906976745,0.9883720930232558,1.0,86,1.0
detailed,other_diagnostic,augmented_delta,101,terms,coupon_regular,0.0025,86,86,105.93181272520819,213.42898099562507,0.891823371884152,2.5765546483644055,3.7704289743296795,-1.3326024953348665,0.3488372093023256,0.8488372093023255,0.9767441860465116,86,1.0
detailed,other_diagnostic,augmented_delta,101,terms,coupon_regular,0.005,86,86,104.87466059462193,212.40354530549268,0.8929871522799518,5.128381498580492,7.507946465830113,-2.6576296561650365,0.1744186046511628,0.6627906976744186,0.8604651162790697,86,1.0
detailed,other_diagnostic,augmented_delta,101,terms,coupon_regular,0.01,86,86,102.90039420492586,210.55530308641588,0.8951232305191454,10.170190716010891,14.897016186363388,-5.2869886906977905,0.08139534883720931,0.37209302325581395,0.6976744186046512,86,1.0
detailed,other_diagnostic,augmented_delta,101,terms,first_strike,-0.05,86,86,95.11565072156127,192.77168735270274,0.8961493567048456,24.72262027627591,33.77791267686178,-3.9207094318108338,0.011627906976744186,0.1744186046511628,0.29069767441860467,82,0.8780487804878049
detailed,other_diagnostic,augmented_delta,101,terms,first_strike,-0.025,86,86,101.37039012276446,205.67065165125683,0.8914936147254786,11.639232514304988,15.782547010829465,-0.5258759087371639,0.03488372093023256,0.313953488372093,0.5813953488372093,78,0.8461538461538461
detailed,other_diagnostic,augmented_delta,101,terms,first_strike,-0.01,86,86,104.9212295916651,211.2996876229648,0.8906764697557319,4.58640981846688,6.308657579943501,0.12879549080169642,0.20930232558139536,0.6744186046511628,0.8953488372093024,73,0.8356164383561644
detailed,other_diagnostic,augmented_delta,101,terms,first_strike,-0.005,86,86,106.00040518228117,213.05611635500208,0.8905617640872173,2.3457007644248153,3.166764461083855,0.18874102085135944,0.32558139534883723,0.8837209302325582,0.9883720930232558,71,0.8450704225352113
detailed,other_diagnostic,augmented_delta,101,terms,first_strike,0.005,86,86,107.96387295033739,216.06463150991385,0.8905876580956067,2.214853738349241,3.0878433403986647,-0.20045056874106956,0.37209302325581395,0.8837209302325582,0.9883720930232558,70,0.8714285714285714
detailed,other_diagnostic,augmented_delta,101,terms,first_strike,0.01,86,86,108.8082389467464,217.37720750603788,0.8907832711454728,4.302939279235937,5.94047883989025,-0.4145463826998867,0.20930232558139536,0.6395348837209303,0.9186046511627907,73,0.863013698630137
detailed,other_diagnostic,augmented_delta,101,terms,first_strike,0.025,86,86,111.41154403900127,221.0980328693473,0.8913175991497602,10.486848305938132,14.355065805210728,-1.6415517497724545,0.08139534883720931,0.36046511627906974,0.627906976744186,76,0.8552631578947368
detailed,other_diagnostic,augmented_delta,101,terms,first_strike,0.05,86,86,115.73368166576694,225.7430563640535,0.8930780282927179,20.82199792601512,27.95998090629157,-4.4208446114537825,0.046511627906976744,0.20930232558139536,0.37209302325581395,77,0.8311688311688312
detailed,other_diagnostic,augmented_delta,101,terms,ki_barrier,-0.05,41,41,134.65863980811707,256.75951443223573,0.9145551679008334,51.16230140958968,74.25301503878532,-31.203021526255416,0.04878048780487805,0.07317073170731707,0.24390243902439024,40,1.0
detailed,other_diagnostic,augmented_delta,101,terms,ki_barrier,-0.025,41,41,140.21144599012808,275.1247164755515,0.902539745051151,24.65204681380413,34.083903461704764,-15.376138059302221,0.0,0.1951219512195122,0.2682926829268293,40,1.0
detailed,other_diagnostic,augmented_delta,101,terms,ki_barrier,-0.01,41,41,144.1913499734311,285.02999252701244,0.8956615561487625,9.549568513689618,12.879533989605143,-6.077075451166212,0.024390243902439025,0.36585365853658536,0.7073170731707317,39,1.0
detailed,other_diagnostic,augmented_delta,101,terms,ki_barrier,-0.005,41,41,145.33535972445674,287.8702538583169,0.8936012831229269,4.660349615593885,6.396425421767256,-2.9762909670308053,0.14634146341463414,0.7560975609756098,0.8536585365853658,38,1.0
detailed,other_diagnostic,augmented_delta,101,terms,ki_barrier,0.005,41,41,148.07689306882762,293.35644878711014,0.8895304602486079,4.83166405829414,6.250826887397101,3.063637450974425,0.0975609756097561,0.7317073170731707,0.8536585365853658,38,1.0
detailed,other_diagnostic,augmented_delta,101,terms,ki_barrier,0.01,41,41,149.34181172870683,295.76190788149796,0.8876739363770679,9.236950186189988,12.060203948063135,5.903053857945963,0.07317073170731707,0.36585365853658536,0.7073170731707317,38,1.0
detailed,other_diagnostic,augmented_delta,101,terms,ki_barrier,0.025,41,41,151.92033030387944,301.6964513831237,0.8828889897322152,21.855426813229542,28.25626459898063,13.89758194690004,0.024390243902439025,0.12195121951219512,0.2926829268292683,40,1.0
detailed,other_diagnostic,augmented_delta,101,terms,ki_barrier,0.05,41,41,154.4422934784653,307.91324482121206,0.8771364152827242,39.08868225816319,49.73574917476889,23.907855337667968,0.0,0.0,0.12195121951219512,40,1.0
detailed,other_diagnostic,augmented_delta,101,terms,last_strike,-0.05,86,86,97.01879536637308,205.03277762889772,0.8971462476014196,26.309141479233936,37.14044611703384,-11.18240650055473,0.023255813953488372,0.1744186046511628,0.36046511627906974,78,0.8589743589743589
detailed,other_diagnostic,augmented_delta,101,terms,last_strike,-0.025,86,86,100.35924613436289,209.71118904780306,0.8939637700303982,12.366976669361492,17.647485395420645,-3.6120828394734126,0.06976744186046512,0.3953488372093023,0.5581395348837209,71,0.8873239436619719
detailed,other_diagnostic,augmented_delta,101,terms,last_strike,-0.01,86,86,104.14560752639046,212.54240090630566,0.8920145210334731,4.873138265641066,6.969968228789067,-0.9665273036989492,0.19767441860465115,0.6627906976744186,0.8488372093023255,62,0.9354838709677419
detailed,other_diagnostic,augmented_delta,101,terms,last_strike,-0.005,86,86,105.54245127860594,213.55305229219042,0.8912949883968979,2.409520353168363,3.4756367317480885,-0.3634706769176734,0.3953488372093023,0.8604651162790697,1.0,52,0.9615384615384616
detailed,other_diagnostic,augmented_delta,101,terms,last_strike,0.005,86,86,108.45246040266633,215.43408155744078,0.889954774388809,2.3920026379020793,3.317514632820198,0.19683919152528584,0.36046511627906974,0.8488372093023255,1.0,54,0.9259259259259259
detailed,other_diagnostic,augmented_delta,101,terms,last_strike,0.01,86,86,109.875927626803,216.31857655350612,0.8893395051238019,4.707966820956873,6.611598165179191,0.22577874144282167,0.1511627906976744,0.6627906976744186,0.8488372093023255,59,0.9322033898305084
detailed,other_diagnostic,augmented_delta,101,terms,last_strike,0.025,86,86,114.30866728734067,218.94410401299595,0.8875210966563774,11.565262225357895,16.21283272176475,-0.825401816824135,0.06976744186046512,0.32558139534883723,0.5930232558139535,68,0.9117647058823529
detailed,other_diagnostic,augmented_delta,101,terms,last_strike,0.05,86,86,122.02169623828694,223.18430484603465,0.8844786015868785,23.319292871199522,32.230272879169,-6.344515049658542,0.03488372093023256,0.18604651162790697,0.313953488372093,71,0.9577464788732394
detailed,other_diagnostic,augmented_delta,233,terms,coupon_regular,-0.01,86,86,148.9352527041644,248.11845866440058,0.8531664567809686,12.049110907254738,16.453827394344184,7.402364464549128,0.06976744186046512,0.3023255813953488,0.5930232558139535,86,1.0
detailed,other_diagnostic,augmented_delta,233,terms,coupon_regular,-0.005,86,86,145.90931227217249,245.4544399284032,0.85650544675032,6.033191196347093,8.206339973682029,3.6974881304529292,0.10465116279069768,0.6046511627906976,0.7906976744186046,86,1.0
detailed,other_diagnostic,augmented_delta,233,terms,coupon_regular,-0.0025,86,86,144.39259943894646,244.2179258841048,0.8580705583173269,3.0184669067886647,4.098324690654635,1.8484668343204833,0.2558139534883721,0.7906976744186046,0.9767441860465116,86,1.0
detailed,other_diagnostic,augmented_delta,233,terms,coupon_regular,-0.001,86,86,143.51473583219578,243.50627089201737,0.8589770401190616,1.2078830060371941,1.638280676980226,0.7394837645452496,0.5930232558139535,0.9767441860465116,1.0,86,1.0
detailed,other_diagnostic,augmented_delta,233,terms,coupon_regular,0.001,86,86,142.35796383065235,242.59230047338582,0.8601484666827466,1.2083057831686121,1.6367741582191369,-0.7394906953180197,0.5930232558139535,0.9767441860465116,1.0,86,1.0
detailed,other_diagnostic,augmented_delta,233,terms,coupon_regular,0.0025,86,86,141.4897004156958,241.9328655340312,0.8609994888377245,3.0216619929793462,4.0893743869547565,-1.8491945654486475,0.26744186046511625,0.7906976744186046,0.9767441860465116,86,1.0
detailed,other_diagnostic,augmented_delta,233,terms,coupon_regular,0.005,86,86,140.09007267366118,240.8830694760362,0.8623662472784519,6.04553490243375,8.170025437648047,-3.7001426163772106,0.05813953488372093,0.5930232558139535,0.7906976744186046,86,1.0
detailed,other_diagnostic,augmented_delta,233,terms,coupon_regular,0.01,86,86,137.32503456563796,238.96643708068308,0.8649107626344483,12.097099577071445,16.306651128227525,-7.411457638263623,0.023255813953488372,0.313953488372093,0.5930232558139535,86,1.0
detailed,other_diagnostic,augmented_delta,233,terms,first_strike,-0.05,86,86,128.1137825403863,221.92607008337316,0.8623616876972783,29.049900375025103,38.86941153827963,-10.85527321275069,0.023255813953488372,0.11627906976744186,0.19767441860465115,82,0.8292682926829268
detailed,other_diagnostic,augmented_delta,233,terms,first_strike,-0.025,86,86,137.22733204118234,235.18805471467357,0.8581134700016957,13.613481005248149,18.099627950407896,-2.4847201823265412,0.03488372093023256,0.2558139534883721,0.47674418604651164,78,0.8076923076923077
detailed,other_diagnostic,augmented_delta,233,terms,first_strike,-0.01,86,86,140.9554759782392,240.46418355056906,0.858415166455064,5.260560164574187,7.101817771839147,-0.2665427118300544,0.16279069767441862,0.5465116279069767,0.872093023255814,73,0.821917808219178
detailed,other_diagnostic,augmented_delta,233,terms,first_strike,-0.005,86,86,142.1119062343591,241.97184550282347,0.8588402940996871,2.7161096075821334,3.5692953125707807,0.0573959483934025,0.27906976744186046,0.8837209302325582,0.9883720930232558,71,0.8450704225352113
detailed,other_diagnostic,augmented_delta,233,terms,first_strike,0.005,86,86,143.67727489923854,244.16288479112524,0.8602801063555624,2.590471393676255,3.500240173010205,-0.20335456248070777,0.29069767441860467,0.8837209302325582,0.9883720930232558,70,0.8428571428571429
detailed,other_diagnostic,augmented_delta,233,terms,first_strike,0.01,86,86,144.18104473744532,244.97744542412806,0.8612882160054143,5.174108680322944,6.8829400115833606,-0.5559410754978802,0.12790697674418605,0.5930232558139535,0.8953488372093024,73,0.8356164383561644
detailed,other_diagnostic,augmented_delta,233,terms,first_strike,0.025,86,86,145.4592359931993,246.81344650222584,0.8645661889563129,12.82307974158647,16.592981483298207,-3.0162843661083016,0.05813953488372093,0.27906976744186046,0.45348837209302323,76,0.8157894736842105
detailed,other_diagnostic,augmented_delta,233,terms,first_strike,0.05,86,86,146.924660707891,247.01102615239003,0.8719820592233922,25.869633882251165,32.604703004369995,-10.523091905059147,0.011627906976744186,0.11627906976744186,0.18604651162790697,77,0.7792207792207793
detailed,other_diagnostic,augmented_delta,233,terms,ki_barrier,-0.05,41,41,158.78032062599715,277.5320511656122,0.9001704760338557,49.46034739352222,71.30792620774423,-28.37616221489573,0.024390243902439025,0.14634146341463414,0.24390243902439024,40,1.0
detailed,other_diagnostic,augmented_delta,233,terms,ki_barrier,-0.025,41,41,169.4502079075155,294.9985095907747,0.887951003666579,23.50123373940822,32.44701450123012,-13.686520832538754,0.04878048780487805,0.21951219512195122,0.3170731707317073,40,1.0
detailed,other_diagnostic,augmented_delta,233,terms,ki_barrier,-0.01,41,41,175.7223080304277,304.3926386940296,0.8810042301119713,9.041613233475223,12.199159628656778,-5.338879194482118,0.0975609756097561,0.34146341463414637,0.7317073170731707,39,1.0
detailed,other_diagnostic,augmented_delta,233,terms,ki_barrier,-0.005,41,41,177.47585564538986,307.0663794982491,0.8789381389639427,4.435991840955993,6.034650403219012,-2.597190888541083,0.17073170731707318,0.7317073170731707,0.9024390243902439,38,1.0
detailed,other_diagnostic,augmented_delta,233,terms,ki_barrier,0.005,41,41,181.4075942041725,312.2274452144864,0.8748607878969492,4.597624415646952,5.88857312476369,2.6653185089741984,0.07317073170731707,0.7073170731707317,0.9024390243902439,38,1.0
detailed,other_diagnostic,augmented_delta,233,terms,ki_barrier,0.01,41,41,183.2791906936552,314.45135720828154,0.8730294477495719,8.770750598656683,11.334664896005172,5.087095346407342,0.024390243902439025,0.3902439024390244,0.7317073170731707,38,1.0
detailed,other_diagnostic,augmented_delta,233,terms,ki_barrier,0.025,41,41,187.66541469990736,319.7202625997725,0.8684782297923582,20.574687701204255,26.378147170887306,11.720326037282685,0.024390243902439025,0.12195121951219512,0.36585365853658536,40,1.0
detailed,other_diagnostic,augmented_delta,233,terms,ki_barrier,0.05,41,41,190.53047624476258,324.2967248464679,0.8637138990543287,35.95914035574424,45.92726200431912,19.132214896517766,0.024390243902439025,0.12195121951219512,0.17073170731707318,40,1.0
detailed,other_diagnostic,augmented_delta,233,terms,last_strike,-0.05,86,86,130.56067254508844,233.89377668101235,0.8661523091382347,27.62168014772977,38.76499328063525,-8.957351249544102,0.03488372093023256,0.18604651162790697,0.38372093023255816,78,0.8717948717948718
detailed,other_diagnostic,augmented_delta,233,terms,last_strike,-0.025,86,86,137.23467098747997,238.98595073804455,0.8622930641890458,13.049010501918575,18.411006174654503,-2.43186235751214,0.10465116279069768,0.32558139534883723,0.5697674418604651,71,0.8873239436619719
detailed,other_diagnostic,augmented_delta,233,terms,last_strike,-0.01,86,86,140.9485787216853,241.5201766031671,0.8605620369507624,5.163348146356255,7.279107737190886,-0.49716151841069284,0.18604651162790697,0.6627906976744186,0.8372093023255814,62,0.9193548387096774
detailed,other_diagnostic,augmented_delta,233,terms,last_strike,-0.005,86,86,142.00188389924168,242.31678957560018,0.8600396520926824,2.5559963217309254,3.6321722563638055,-0.13082543143214578,0.3953488372093023,0.8488372093023255,1.0,52,0.9615384615384616
detailed,other_diagnostic,augmented_delta,233,terms,last_strike,0.005,86,86,143.81618886171017,243.65624544732322,0.8592340934457444,2.551229999268755,3.482939437907791,-0.0293535046246733,0.3372093023255814,0.8372093023255814,1.0,54,0.9259259259259259
detailed,other_diagnostic,augmented_delta,233,terms,last_strike,0.01,86,86,144.73618368442905,244.22247068481923,0.8589489848692948,5.049325404324121,6.9286866380337795,-0.21783922345699547,0.10465116279069768,0.6744186046511628,0.8488372093023255,59,0.9322033898305084
detailed,other_diagnostic,augmented_delta,233,terms,last_strike,0.025,86,86,147.2479728879533,245.60297761014556,0.8584624023702423,12.366915273399547,16.949792006513604,-1.8469491897751988,0.011627906976744186,0.313953488372093,0.5930232558139535,68,0.8823529411764706
detailed,other_diagnostic,augmented_delta,233,terms,last_strike,0.05,86,86,150.07763245974567,246.9557013957488,0.8585596731311138,24.433589644317742,33.586431055577314,-7.963335617122261,0.03488372093023256,0.11627906976744186,0.313953488372093,71,0.9014084507042254
detailed,other_diagnostic,augmented_delta,47,terms,coupon_regular,-0.01,86,86,143.14359615906278,246.2501595285818,0.8553694057507797,11.665481011297958,16.501758420152786,4.02685640010168,0.06976744186046512,0.3372093023255814,0.5581395348837209,86,1.0
detailed,other_diagnostic,augmented_delta,47,terms,coupon_regular,-0.005,86,86,140.69894912839976,243.69366452843764,0.85855678826267,5.8090093350489616,8.259608783739907,1.9409045950589248,0.13953488372093023,0.5348837209302325,0.8488372093023255,86,1.0
detailed,other_diagnostic,augmented_delta,47,terms,coupon_regular,-0.0025,86,86,139.55340008033136,242.47455268906714,0.8600896796452673,2.9032121769992685,4.132869678949242,0.9568229331165297,0.29069767441860467,0.8488372093023255,0.9651162790697675,86,1.0
detailed,other_diagnostic,augmented_delta,47,terms,coupon_regular,-0.001,86,86,138.8715386347368,241.76142613924554,0.8609908000732114,1.1611500458542776,1.6539888474594198,0.38004003345905096,0.5581395348837209,0.9767441860465116,1.0,86,1.0
detailed,other_diagnostic,augmented_delta,47,terms,coupon_regular,0.001,86,86,137.969333841753,240.83150795565436,0.8621712502928445,1.1613856921242347,1.6553037076418915,-0.37714297049218287,0.5697674418604651,0.9767441860465116,1.0,86,1.0
detailed,other_diagnostic,augmented_delta,47,terms,coupon_regular,0.0025,86,86,137.32399257162777,240.14962689797514,0.863041026909634,2.9029652146800617,4.140537078705435,-0.9386781703233692,0.3023255813953488,0.8488372093023255,0.9651162790697675,86,1.0
detailed,other_diagnostic,augmented_delta,47,terms,coupon_regular,0.005,86,86,136.27114627382852,239.042093707278,0.8644619708197679,5.807776470134254,8.290052753634454,-1.8684710901115127,0.18604651162790697,0.5697674418604651,0.8488372093023255,86,1.0
detailed,other_diagnostic,augmented_delta,47,terms,coupon_regular,0.01,86,86,134.2127360926112,236.93395125305653,0.8671989443885812,11.697755625627305,16.619969027436774,-3.7381481346639673,0.05813953488372093,0.32558139534883723,0.5348837209302325,86,1.0
detailed,other_diagnostic,augmented_delta,47,terms,first_strike,-0.05,86,86,129.17364680755134,221.8372341250475,0.8624718575761,25.439247043788196,34.795349793841375,-6.567439821516758,0.03488372093023256,0.1744186046511628,0.3488372093023256,82,0.8414634146341463
detailed,other_diagnostic,augmented_delta,47,terms,first_strike,-0.025,86,86,134.59856978659963,233.7861227828464,0.8597999706242991,11.896875378246573,16.140322438757117,-1.9769579165666973,0.05813953488372093,0.32558139534883723,0.5581395348837209,78,0.8461538461538461
detailed,other_diagnostic,augmented_delta,47,terms,first_strike,-0.01,86,86,137.13429663794452,238.6946465745159,0.8604912989947223,4.704276064122625,6.42033917125189,-0.5081078617139456,0.1511627906976744,0.6627906976744186,0.8604651162790697,73,0.821917808219178
detailed,other_diagnostic,augmented_delta,47,terms,first_strike,-0.005,86,86,137.87392872955562,240.16793936417608,0.8609371470616699,2.3895114573473966,3.1758025722551477,-0.14083108012066106,0.27906976744186046,0.8953488372093024,0.9883720930232558,71,0.8309859154929577
detailed,other_diagnostic,augmented_delta,47,terms,first_strike,0.005,86,86,138.91494850674792,242.49765781022037,0.8621794280388151,2.288294196328284,3.1656195964024803,0.15371884435977193,0.32558139534883723,0.8837209302325582,0.9883720930232558,70,0.8428571428571429
detailed,other_diagnostic,augmented_delta,47,terms,first_strike,0.01,86,86,139.31253226218502,243.46635438364143,0.8629941663496298,4.53862440253695,6.1288197831655,0.31977591016027745,0.19767441860465115,0.6627906976744186,0.8488372093023255,73,0.8356164383561644
detailed,other_diagnostic,augmented_delta,47,terms,first_strike,0.025,86,86,140.81037218484113,246.15224043323917,0.8652908634714713,10.867777414666081,14.261923372494204,0.39743997872187875,0.09302325581395349,0.27906976744186046,0.6395348837209303,76,0.8552631578947368
detailed,other_diagnostic,augmented_delta,47,terms,first_strike,0.05,86,86,143.49261094912282,249.02259727474396,0.8698885028209469,21.099968522468448,26.661412782629462,0.298401654046307,0.011627906976744186,0.10465116279069768,0.29069767441860467,77,0.8441558441558441
detailed,other_diagnostic,augmented_delta,47,terms,ki_barrier,-0.05,41,41,147.87252956264996,274.36176057003865,0.9024381849423636,48.50999408254058,69.8415043175824,-26.047655884731263,0.0,0.024390243902439025,0.14634146341463414,40,1.0
detailed,other_diagnostic,augmented_delta,47,terms,ki_barrier,-0.025,41,41,160.541888727177,293.95932681966883,0.8887390367846482,23.001198850255435,31.589170504453627,-12.663210845772962,0.0,0.0975609756097561,0.2926829268292683,40,1.0
detailed,other_diagnostic,augmented_delta,47,terms,ki_barrier,-0.01,41,41,167.69383627994486,304.375681473921,0.8810174878652823,8.829557249828627,11.836766482087793,-4.961828934263939,0.07317073170731707,0.36585365853658536,0.7560975609756098,39,1.0
detailed,other_diagnostic,augmented_delta,47,terms,ki_barrier,-0.005,41,41,169.81237471552217,307.34788736327016,0.8787160665396396,4.296714931524913,5.862769258984942,-2.413870261561162,0.0975609756097561,0.7317073170731707,0.926829268292683,38,1.0
detailed,other_diagnostic,augmented_delta,47,terms,ki_barrier,0.005,41,41,174.842274993803,312.98116768630643,0.8742558821908109,4.45494524055654,5.66697059088516,2.4922324356337593,0.12195121951219512,0.7317073170731707,0.9024390243902439,38,1.0
detailed,other_diagnostic,augmented_delta,47,terms,ki_barrier,0.01,41,41,177.27943960422996,315.43500416389685,0.872233842722644,8.466360746161895,10.952973160949526,4.75118682880242,0.0975609756097561,0.36585365853658536,0.7317073170731707,38,1.0
detailed,other_diagnostic,augmented_delta,47,terms,ki_barrier,0.025,41,41,183.42094848459394,321.29869679094463,0.8671763985849817,19.842814764316536,25.406407170531455,10.953650390570546,0.024390243902439025,0.0975609756097561,0.2926829268292683,40,1.0
detailed,other_diagnostic,augmented_delta,47,terms,ki_barrier,0.05,41,41,189.6196143563362,326.5851318093631,0.8617837010253652,34.76943894337363,44.17147771873905,17.828588626688784,0.024390243902439025,0.07317073170731707,0.14634146341463414,40,1.0
detailed,other_diagnostic,augmented_delta,47,terms,last_strike,-0.05,86,86,130.73057876538104,236.90445001324585,0.8626843657105582,26.239082399737907,35.5411159068332,4.821586167863267,0.06976744186046512,0.18604651162790697,0.26744186046511625,78,0.9615384615384616
detailed,other_diagnostic,augmented_delta,47,terms,last_strike,-0.025,86,86,135.01213659137477,239.68049057550442,0.8614914946317764,13.147758367357499,17.572500698114894,4.137338812499868,0.023255813953488372,0.27906976744186046,0.5581395348837209,71,0.971830985915493
detailed,other_diagnostic,augmented_delta,47,terms,last_strike,-0.01,86,86,137.22493538880963,240.72691911992976,0.8614764828006581,5.321705997106972,7.093649256688488,2.0214258158007894,0.1744186046511628,0.627906976744186,0.8255813953488372,62,0.9838709677419355
detailed,other_diagnostic,augmented_delta,47,terms,last_strike,-0.005,86,86,137.87112833811784,241.04420049095737,0.8615058675437129,2.676931242691455,3.586255915841631,1.1076343330928018,0.27906976744186046,0.8255813953488372,0.9883720930232558,52,0.9807692307692307
detailed,other_diagnostic,augmented_delta,47,terms,last_strike,0.005,86,86,138.85200664444721,241.44898375383931,0.8617729149513209,2.6462052700104333,3.4658476808128795,-1.2223612621220616,0.2558139534883721,0.8488372093023255,0.9883720930232558,54,0.9814814814814815
detailed,other_diagnostic,augmented_delta,47,terms,last_strike,0.01,86,86,139.4844183231922,241.5746185499707,0.8619909456630939,5.2930020686054435,6.949817229795827,-2.5547086296026675,0.13953488372093023,0.6046511627906976,0.8488372093023255,59,0.9830508474576272
detailed,other_diagnostic,augmented_delta,47,terms,last_strike,0.025,86,86,141.41302344793064,241.73045907769367,0.862890572307796,13.210360077886314,17.38784669878886,-7.286171048753469,0.09302325581395349,0.26744186046511625,0.45348837209302323,68,0.9558823529411765
detailed,other_diagnostic,augmented_delta,47,terms,last_strike,0.05,86,86,144.5807909357524,241.50508400267947,0.8647342974404514,26.799992811760372,35.141460133732544,-17.294622956798516,0.03488372093023256,0.09302325581395349,0.29069767441860467,71,0.9577464788732394
detailed,other_diagnostic,augmented_delta,ensemble,terms,coupon_regular,-0.01,86,86,126.89434024597195,233.3548275394744,0.8701204697559037,10.250710283141842,15.13131269837847,5.621638737763435,0.10465116279069768,0.4418604651162791,0.6511627906976745,86,1.0
detailed,other_diagnostic,augmented_delta,ensemble,terms,coupon_regular,-0.005,86,86,124.36767080773808,230.696820280886,0.8732415706737922,5.100637364697386,7.534351355757227,2.776989112456568,0.18604651162790697,0.6395348837209303,0.8488372093023255,86,1.0
detailed,other_diagnostic,augmented_delta,ensemble,terms,coupon_regular,-0.0025,86,86,123.14393166238871,229.4485094641518,0.8747182246950549,2.5440532638746483,3.760189126618757,1.3821736915729397,0.3488372093023256,0.8488372093023255,0.9767441860465116,86,1.0
detailed,other_diagnostic,augmented_delta,ensemble,terms,coupon_regular,-0.001,86,86,122.4193810917536,228.7247240970827,0.8755784089083481,1.0160993078763092,1.5025034046377097,0.5516321026856541,0.6511627906976745,0.9767441860465116,1.0,86,1.0
detailed,other_diagnostic,augmented_delta,ensemble,terms,coupon_regular,0.001,86,86,121.46483183829548,227.78859627757058,0.8766960006336086,1.0141055556112317,1.5005789836315573,-0.5502343968684633,0.6511627906976745,0.9767441860465116,1.0,86,1.0
detailed,other_diagnostic,augmented_delta,ensemble,terms,coupon_regular,0.0025,86,86,120.75771216087074,227.10793431086552,0.8775126404209617,2.5313145037469766,3.747852267996998,-1.373491743702303,0.37209302325581395,0.8604651162790697,0.9767441860465116,86,1.0
detailed,other_diagnostic,augmented_delta,ensemble,terms,coupon_regular,0.005,86,86,119.59621597441812,226.01367378397936,0.8788337051723725,5.051472140222692,7.48477466922528,-2.742081120884613,0.1744186046511628,0.6395348837209303,0.8604651162790697,86,1.0
detailed,other_diagnostic,augmented_delta,ensemble,terms,coupon_regular,0.01,86,86,117.33818573354533,223.97284574856135,0.8813308943700279,10.061656169101605,14.931480178895056,-5.478864821208469,0.11627906976744186,0.46511627906976744,0.6395348837209303,86,1.0
detailed,other_diagnostic,augmented_delta,ensemble,terms,first_strike,-0.05,86,86,108.88134678980575,207.157810744498,0.8800706944516518,24.49009104990966,34.10265096670175,-7.114474155359407,0.03488372093023256,0.16279069767441862,0.37209302325581395,82,0.8902439024390244
detailed,other_diagnostic,augmented_delta,ensemble,terms,first_strike,-0.025,86,86,116.1393880951775,220.069047289468,0.8757694024076988,11.42632247830268,15.70120641224924,-1.662518002543407,0.06976744186046512,0.3372093023255814,0.5930232558139535,78,0.8846153846153846
detailed,other_diagnostic,augmented_delta,ensemble,terms,first_strike,-0.01,86,86,119.80564209897521,225.41547100939778,0.8755819538488461,4.431946029018607,6.193216090375322,-0.21528502758079807,0.16279069767441862,0.6744186046511628,0.872093023255814,73,0.8767123287671232
detailed,other_diagnostic,augmented_delta,ensemble,terms,first_strike,-0.005,86,86,120.9553624420506,227.01689463840486,0.8757497049978092,2.2617004749274776,3.091745135744518,0.03510196304128084,0.29069767441860467,0.8953488372093024,0.9883720930232558,71,0.8873239436619719
detailed,other_diagnostic,augmented_delta,ensemble,terms,first_strike,0.005,86,86,122.83436747517304,229.55678305921668,0.8764965153306541,2.1690581497865438,3.0246275962637306,-0.08336209562062971,0.36046511627906974,0.872093023255814,0.9883720930232558,70,0.8857142857142857
detailed,other_diagnostic,augmented_delta,ensemble,terms,first_strike,0.01,86,86,123.5620787202255,230.6000665619579,0.8770920399045825,4.20593797161379,5.841248198745854,-0.21690384934585996,0.18604651162790697,0.6976744186046512,0.8953488372093024,73,0.8767123287671232
detailed,other_diagnostic,augmented_delta,ensemble,terms,first_strike,0.025,86,86,126.08029005665554,233.37338390125439,0.8789145072717862,10.074173077660143,13.71505598021393,-1.4201320457196478,0.06976744186046512,0.3488372093023256,0.6046511627906976,76,0.868421052631579
detailed,other_diagnostic,augmented_delta,ensemble,terms,first_strike,0.05,86,86,129.96772595270173,235.91223574580093,0.883227900067406,19.637807859018523,25.858475026000843,-4.881844954155514,0.03488372093023256,0.1744186046511628,0.3372093023255814,77,0.8571428571428571
detailed,other_diagnostic,augmented_delta,ensemble,terms,ki_barrier,-0.05,41,41,132.97445617845545,264.939637372696,0.9090240531228216,49.38811103135856,71.5562804559673,-28.5422798752941,0.0,0.0975609756097561,0.21951219512195122,40,1.0
detailed,other_diagnostic,augmented_delta,ensemble,terms,ki_barrier,-0.025,41,41,143.90800339563768,283.91124239813155,0.8962152586123868,23.54240793938399,32.57365251472614,-13.908623245871443,0.024390243902439025,0.17073170731707318,0.2926829268292683,40,1.0
detailed,other_diagnostic,augmented_delta,ensemble,terms,ki_barrier,-0.01,41,41,151.6701504465767,294.06626370118215,0.8889410304671064,9.089449731460052,12.248629264262163,-5.459261193304135,0.07317073170731707,0.3902439024390244,0.7317073170731707,39,1.0
detailed,other_diagnostic,augmented_delta,ensemble,terms,ki_barrier,-0.005,41,41,153.93363780193505,296.96787825211493,0.8867699338122442,4.442603671826727,6.069569965288738,-2.6624507057110165,0.0975609756097561,0.7317073170731707,0.926829268292683,38,1.0
detailed,other_diagnostic,augmented_delta,ensemble,terms,ki_barrier,0.005,41,41,158.66695246123223,302.531956429258,0.882511927970035,4.601364292742528,5.906829255825865,2.7403961318606944,0.0975609756097561,0.7073170731707317,0.8780487804878049,38,1.0
detailed,other_diagnostic,augmented_delta,ensemble,terms,ki_barrier,0.01,41,41,161.03195295358753,304.9548586763521,0.8805827197823297,8.784490956283591,11.388818556683413,5.247112011051827,0.0975609756097561,0.3902439024390244,0.7317073170731707,38,1.0
detailed,other_diagnostic,augmented_delta,ensemble,terms,ki_barrier,0.025,41,41,166.7813479110869,310.8037217654308,0.8757118439160906,20.694963146701177,26.518220720901493,12.19051945825109,0.0,0.0975609756097561,0.3170731707317073,40,1.0
detailed,other_diagnostic,augmented_delta,ensemble,terms,ki_barrier,0.05,41,41,171.98424675482104,316.3574664302631,0.8703051834608642,36.55862500234845,46.233443076157165,20.289552953624845,0.0,0.07317073170731707,0.0975609756097561,40,1.0
detailed,other_diagnostic,augmented_delta,ensemble,terms,last_strike,-0.05,86,86,110.91379099385341,219.9091775932148,0.8816794284249889,25.05535193147609,35.92225940146481,-5.106057194078593,0.06976744186046512,0.23255813953488372,0.4069767441860465,78,0.9358974358974359
detailed,other_diagnostic,augmented_delta,ensemble,terms,last_strike,-0.025,86,86,116.86820133543634,224.4756632704911,0.8785074633149411,12.11566615817025,17.238217730150467,-0.6355354614952237,0.08139534883720931,0.38372093023255816,0.5813953488372093,71,0.9577464788732394
detailed,other_diagnostic,augmented_delta,ensemble,terms,last_strike,-0.01,86,86,120.13577529860981,226.79342634793568,0.8770481354136273,4.853232248993969,6.860615460497991,0.18591233123033954,0.1511627906976744,0.6744186046511628,0.8604651162790697,62,0.9838709677419355
detailed,other_diagnostic,augmented_delta,ensemble,terms,last_strike,-0.005,86,86,121.09516015645508,227.55452802884295,0.8765733436406693,2.4086520232463102,3.4389389137183244,0.20444607491435776,0.37209302325581395,0.872093023255814,1.0,52,0.9807692307692307
detailed,other_diagnostic,augmented_delta,ensemble,terms,last_strike,0.005,86,86,122.63917659897261,228.85543807209314,0.8758162245340192,2.4237641426239236,3.292777716353371,-0.35162519174037554,0.3372093023255814,0.872093023255814,0.9883720930232558,54,0.9814814814814815
detailed,other_diagnostic,augmented_delta,ensemble,terms,last_strike,0.01,86,86,123.44342940611863,229.42143464776387,0.8755276303436892,4.790731327979708,6.572762055293631,-0.8489230372055796,0.11627906976744186,0.686046511627907,0.872093023255814,59,0.9830508474576272
detailed,other_diagnostic,augmented_delta,ensemble,terms,last_strike,0.025,86,86,125.98200337344964,230.90738567742417,0.8748934024824577,11.752916070374134,16.214731616924116,-3.319507351784289,0.10465116279069768,0.313953488372093,0.6046511627906976,68,0.9558823529411765
detailed,other_diagnostic,augmented_delta,ensemble,terms,last_strike,0.05,86,86,131.23582014764077,232.78982433865303,0.874320882516263,23.85920366661492,32.432783500410146,-10.53415787452644,0.023255813953488372,0.12790697674418605,0.23255813953488372,71,0.971830985915493
detailed,other_diagnostic,augmented_price,101,terms,coupon_regular,-0.01,86,86,113.43240562455935,219.5802617803047,0.885001089310957,10.70125146725825,15.056569132408494,3.447485391339587,0.05813953488372093,0.3953488372093023,0.6395348837209303,86,1.0
detailed,other_diagnostic,augmented_price,101,terms,coupon_regular,-0.005,86,86,112.01755147950725,219.06993663029183,0.8856965872887066,5.352011888158745,7.5168805800983725,1.5594071454058316,0.13953488372093023,0.627906976744186,0.8488372093023255,86,1.0
detailed,other_diagnostic,augmented_price,101,terms,coupon_regular,-0.0025,86,86,111.51392895051411,218.90721299405496,0.885965159102954,2.6770591235720973,3.756765784737269,0.7411858037099331,0.3372093023255814,0.8604651162790697,0.9767441860465116,86,1.0
detailed,other_diagnostic,augmented_price,101,terms,coupon_regular,-0.001,86,86,111.25257969079321,218.8392780667591,0.886100957600645,1.071214545006239,1.5024078148780018,0.2875696647854158,0.6046511627906976,0.9883720930232558,1.0,86,1.0
detailed,other_diagnostic,augmented_price,101,terms,coupon_regular,0.001,86,86,110.90600356297804,218.78331272119618,0.8862525696323789,1.071588806729351,1.50211991362102,-0.275912105191095,0.6046511627906976,0.9883720930232558,1.0,86,1.0
detailed,other_diagnostic,augmented_price,101,terms,coupon_regular,0.0025,86,86,110.66206750930169,218.76729317925742,0.8863442413787715,2.6795472709529786,3.7551793581513504,-0.6685305140378837,0.3488372093023256,0.8604651162790697,0.9767441860465116,86,1.0
detailed,other_diagnostic,augmented_price,101,terms,coupon_regular,0.005,86,86,110.3170162940609,218.7900826286863,0.8864550919496303,5.3627102755420335,7.510581281628032,-1.2681691479515496,0.13953488372093023,0.5930232558139535,0.8604651162790697,86,1.0
detailed,other_diagnostic,augmented_price,101,terms,coupon_regular,0.01,86,86,109.98693511447158,219.02084222813218,0.88652039317202,10.752669227299359,15.027973590311232,-2.2727887351789344,0.046511627906976744,0.3953488372093023,0.5813953488372093,86,1.0
detailed,other_diagnostic,augmented_price,101,terms,first_strike,-0.05,86,86,106.65193845189968,206.3101748119868,0.8810501256651351,27.664152113163816,35.92487537077908,-11.307783358958279,0.03488372093023256,0.11627906976744186,0.2441860465116279,82,0.8780487804878049
detailed,other_diagnostic,augmented_price,101,terms,first_strike,-0.025,86,86,109.56300912868583,214.40219105940673,0.8820849916171714,13.299305905031257,17.165180740259558,-3.76712104544172,0.06976744186046512,0.22093023255813954,0.46511627906976744,78,0.8974358974358975
detailed,other_diagnostic,augmented_price,101,terms,first_strike,-0.01,86,86,110.59192696013565,217.34631839420572,0.8843300591263714,5.227063898954892,6.78320058115141,-1.0513626142057417,0.16279069767441862,0.5813953488372093,0.872093023255814,73,0.8904109589041096
detailed,other_diagnostic,augmented_price,101,terms,first_strike,-0.005,86,86,110.86267414636572,218.12740948037782,0.8852899274426457,2.661952012634728,3.3918613514047613,-0.3815506757414595,0.19767441860465115,0.8488372093023255,0.9883720930232558,71,0.8873239436619719
detailed,other_diagnostic,augmented_price,101,terms,first_strike,0.005,86,86,111.46808776732681,219.44928013352524,0.8871329244243708,2.5615166669348635,3.283257113888612,0.3299961158966655,0.22093023255813954,0.8953488372093024,0.9883720930232558,70,0.8857142857142857
detailed,other_diagnostic,augmented_price,101,terms,first_strike,0.01,86,86,111.80280661945783,219.81982386406875,0.8883149957179907,5.02105000933345,6.412907712301515,0.6065296977110927,0.10465116279069768,0.5697674418604651,0.9069767441860465,73,0.8904109589041096
detailed,other_diagnostic,augmented_price,101,terms,first_strike,0.025,86,86,113.44967989487746,221.00467285792033,0.8914093634031406,12.122989946126165,15.146769132339724,0.6138672162103818,0.03488372093023256,0.23255813953488372,0.5116279069767442,76,0.8552631578947368
detailed,other_diagnostic,augmented_price,101,terms,first_strike,0.05,86,86,114.70255545295771,221.0768991026667,0.8974525451039519,22.736409727737975,28.351447795104125,-0.8583165778645768,0.046511627906976744,0.11627906976744186,0.23255813953488372,77,0.8311688311688312
detailed,other_diagnostic,augmented_price,101,terms,ki_barrier,-0.05,41,41,147.8677880778913,257.29305655790296,0.9141996929853741,55.00788410498991,78.98530523051804,-39.87619515155017,0.04878048780487805,0.07317073170731707,0.12195121951219512,40,1.0
detailed,other_diagnostic,augmented_price,101,terms,ki_barrier,-0.025,41,41,150.07824642642728,279.50359622171464,0.8994127054482715,26.17897042140007,36.34370331452856,-19.34352497957989,0.04878048780487805,0.12195121951219512,0.36585365853658536,40,1.0
detailed,other_diagnostic,augmented_price,101,terms,ki_barrier,-0.01,41,41,154.08886924218245,291.42791674238737,0.890924921079639,10.073799619179855,13.77134893487607,-7.577397048753984,0.07317073170731707,0.43902439024390244,0.6341463414634146,39,1.0
detailed,other_diagnostic,augmented_price,101,terms,ki_barrier,-0.005,41,41,155.58536181343712,294.91352907125844,0.8883311094663431,4.953040327805151,6.81931486464341,-3.712233877388025,0.14634146341463414,0.6829268292682927,0.8048780487804879,38,1.0
detailed,other_diagnostic,augmented_price,101,terms,ki_barrier,0.005,41,41,158.74906873862057,301.65679611492175,0.8831906805872136,5.109279409029848,6.667275651756683,3.7716534045966377,0.0975609756097561,0.6585365853658537,0.8048780487804879,38,1.0
detailed,other_diagnostic,augmented_price,101,terms,ki_barrier,0.01,41,41,160.45668816451976,304.6779790442747,0.8807994679440208,9.78786751745313,12.889550349551634,7.291129733018909,0.04878048780487805,0.3902439024390244,0.6341463414634146,38,1.0
detailed,other_diagnostic,augmented_price,101,terms,ki_barrier,0.025,41,41,164.63191369057114,312.35472981594495,0.8744682749795989,23.072209543602547,30.250064152071012,17.162201029839373,0.024390243902439025,0.17073170731707318,0.2926829268292683,40,1.0
detailed,other_diagnostic,augmented_price,101,terms,ki_barrier,0.05,41,41,171.43432171872735,321.25133285406497,0.8662615400089848,41.536637721742295,53.21185556136811,29.776368747352308,0.024390243902439025,0.07317073170731707,0.14634146341463414,40,1.0
detailed,other_diagnostic,augmented_price,101,terms,last_strike,-0.05,86,86,106.11284700225656,210.72921364617486,0.8913516730101044,31.3012634296234,44.21179536573766,-12.47479460705611,0.0,0.1744186046511628,0.36046511627906974,78,0.9102564102564102
detailed,other_diagnostic,augmented_price,101,terms,last_strike,-0.025,86,86,108.07713249996033,214.28302036020926,0.889290066111815,15.080632592236878,21.192638777029813,-4.722219348415063,0.03488372093023256,0.36046511627906974,0.5348837209302325,71,0.9154929577464789
detailed,other_diagnostic,augmented_price,101,terms,last_strike,-0.01,86,86,109.69180641522586,216.81943368615353,0.8876247667487102,5.92062326654044,8.34987540631571,-1.532369444251559,0.13953488372093023,0.6162790697674418,0.7790697674418605,62,0.967741935483871
detailed,other_diagnostic,augmented_price,101,terms,last_strike,-0.005,86,86,110.19333383371264,217.80545074123086,0.8869226847521778,2.920513396891786,4.150887499246017,-0.6674058498636273,0.36046511627906974,0.7790697674418605,0.9534883720930233,52,0.9615384615384616
detailed,other_diagnostic,augmented_price,101,terms,last_strike,0.005,86,86,111.93925360918897,219.7671205250009,0.8854835643982205,2.902621836499431,4.006714921361748,0.5436758471642247,0.37209302325581395,0.7790697674418605,0.9767441860465116,54,0.9629629629629629
detailed,other_diagnostic,augmented_price,101,terms,last_strike,0.01,86,86,113.05280198957944,220.72052838657504,0.8847899329469869,5.730589352430988,7.955916424782917,0.9631852281314799,0.12790697674418605,0.5930232558139535,0.7790697674418605,59,0.9661016949152542
detailed,other_diagnostic,augmented_price,101,terms,last_strike,0.025,86,86,116.17808266500032,223.6612082401968,0.8826222182637948,13.937617059742836,19.33141910287558,1.350354848339127,0.03488372093023256,0.3488372093023256,0.5348837209302325,68,0.9411764705882353
detailed,other_diagnostic,augmented_price,101,terms,last_strike,0.05,86,86,122.69148123865222,228.8733422359009,0.8785141880728915,26.673952588419642,37.14397840575471,-0.8783879312595646,0.03488372093023256,0.16279069767441862,0.3023255813953488,71,0.9577464788732394
detailed,other_diagnostic,augmented_price,233,terms,coupon_regular,-0.01,86,86,136.14134798108068,253.33325148206035,0.8469294918081245,12.73167623136322,17.482019105299777,8.57907797555036,0.09302325581395349,0.29069767441860467,0.5697674418604651,86,1.0
detailed,other_diagnostic,augmented_price,233,terms,coupon_regular,-0.005,86,86,133.31799497624345,250.55170452937108,0.8504837640580951,6.333906067185394,8.682253570006377,4.144107119909461,0.1511627906976744,0.5930232558139535,0.8023255813953488,86,1.0
detailed,other_diagnostic,augmented_price,233,terms,coupon_regular,-0.0025,86,86,132.00384506903123,249.26033603759672,0.8521491690470377,3.159696514629907,4.326844459481083,2.0372680120328575,0.23255813953488372,0.813953488372093,0.9767441860465116,86,1.0
detailed,other_diagnostic,augmented_price,233,terms,coupon_regular,-0.001,86,86,131.21430751886192,248.51650069582547,0.8531141416260754,1.2620876941997365,1.727355102429009,0.806726120779068,0.5930232558139535,0.9883720930232558,1.0,86,1.0
detailed,other_diagnostic,augmented_price,233,terms,coupon_regular,0.001,86,86,130.25503384299424,247.5603109487642,0.8543618191479571,1.2596480622273933,1.7229721501790785,-0.7962052078990686,0.5930232558139535,0.9883720930232558,1.0,86,1.0
detailed,other_diagnostic,augmented_price,233,terms,coupon_regular,0.0025,86,86,129.58950351187886,246.86944794619208,0.8552690708305064,3.1450864735735067,4.299041769811669,-1.9708434869716307,0.22093023255813954,0.8255813953488372,0.9767441860465116,86,1.0
detailed,other_diagnostic,augmented_price,233,terms,coupon_regular,0.005,86,86,128.56809391669742,245.7670444043226,0.8567285383008808,6.276082686353088,8.570796919276429,-3.878457535072705,0.13953488372093023,0.5697674418604651,0.8255813953488372,86,1.0
detailed,other_diagnostic,augmented_price,233,terms,coupon_regular,0.01,86,86,126.70843955515012,243.7414050128408,0.859458186393919,12.48875573374691,17.034948637101007,-7.517449944374094,0.05813953488372093,0.29069767441860467,0.5581395348837209,86,1.0
detailed,other_diagnostic,augmented_price,233,terms,first_strike,-0.05,86,86,127.47326888620067,241.52628053165907,0.8369760243054241,31.444892865075566,40.20981952647909,-11.273857226844843,0.011627906976744186,0.09302325581395349,0.23255813953488372,82,0.8292682926829268
detailed,other_diagnostic,augmented_price,233,terms,first_strike,-0.025,86,86,129.82936569347063,247.13823885037817,0.8433283047613643,14.998418261376862,19.59097371497392,-2.4376810283625217,0.03488372093023256,0.26744186046511625,0.43023255813953487,78,0.8205128205128205
detailed,other_diagnostic,augmented_price,233,terms,first_strike,-0.01,86,86,130.4386303829461,248.1339168421607,0.8492392812117745,6.083993375751331,7.921828811768258,-0.1889735043502669,0.08139534883720931,0.5465116279069767,0.7790697674418605,73,0.821917808219178
detailed,other_diagnostic,augmented_price,233,terms,first_strike,-0.005,86,86,130.64142359850047,248.30645249268133,0.8513526806344097,3.118342360216918,4.027050145380126,0.10571036452471051,0.1744186046511628,0.8023255813953488,0.9883720930232558,71,0.8450704225352113
detailed,other_diagnostic,augmented_price,233,terms,first_strike,0.005,86,86,131.19574709768952,247.89156175867214,0.8559801220329839,3.07486339906725,3.9608241123361188,-0.2703820647624291,0.1744186046511628,0.7906976744186046,0.9883720930232558,70,0.8142857142857143
detailed,other_diagnostic,augmented_price,233,terms,first_strike,0.01,86,86,131.61922134605484,247.47496282094312,0.8584454969428519,6.129039332561921,7.911921001286019,-0.7082378736716514,0.09302325581395349,0.5116279069767442,0.7558139534883721,73,0.821917808219178
detailed,other_diagnostic,augmented_price,233,terms,first_strike,0.025,86,86,132.99006418507628,245.8038336890149,0.865671931353941,15.083287294928363,19.218089402278487,-3.530325911887509,0.023255813953488372,0.16279069767441862,0.47674418604651164,76,0.7763157894736842
detailed,other_diagnostic,augmented_price,233,terms,first_strike,0.05,86,86,133.89318346626197,240.81737182144047,0.8783215182513985,31.01316850200911,38.51221367653342,-11.971443188465248,0.011627906976744186,0.06976744186046512,0.11627906976744186,77,0.7402597402597403
detailed,other_diagnostic,augmented_price,233,terms,ki_barrier,-0.05,41,41,174.06852998700694,298.58077616273454,0.884453606488338,57.22129380200103,81.83650990132348,-39.29031056884455,0.0,0.0975609756097561,0.14634146341463414,40,1.0
detailed,other_diagnostic,augmented_price,233,terms,ki_barrier,-0.025,41,41,176.82162547802733,312.74855172722977,0.874061376669367,27.43049023911506,37.86883229444799,-19.018447062062204,0.024390243902439025,0.14634146341463414,0.2926829268292683,40,1.0
detailed,other_diagnostic,augmented_price,233,terms,ki_barrier,-0.01,41,41,179.70553208091036,320.7900107814843,0.8678385165942489,10.67091724917525,14.419981203023832,-7.440015611405828,0.0975609756097561,0.3170731707317073,0.6097560975609756,39,1.0
detailed,other_diagnostic,augmented_price,233,terms,ki_barrier,-0.005,41,41,180.55318563184076,323.0683612578253,0.8659917096651171,5.261446382259384,7.1420975689431465,-3.642452829846104,0.12195121951219512,0.6097560975609756,0.8048780487804879,38,1.0
detailed,other_diagnostic,augmented_price,233,terms,ki_barrier,0.005,41,41,182.21491455421855,327.61756044704947,0.8622201811269546,5.389816356909475,6.988475784116831,3.699386407236036,0.14634146341463414,0.6097560975609756,0.8048780487804879,38,1.0
detailed,other_diagnostic,augmented_price,233,terms,ki_barrier,0.01,41,41,183.00482243848586,329.63906122973407,0.8604681351065718,10.402369418061756,13.55211705959146,7.144226090224928,0.04878048780487805,0.2926829268292683,0.6097560975609756,38,1.0
detailed,other_diagnostic,augmented_price,233,terms,ki_barrier,0.025,41,41,183.8310633290348,334.48412200365357,0.8560511045606213,24.925076582078614,31.989873429484636,16.77791098593872,0.024390243902439025,0.0975609756097561,0.2926829268292683,40,1.0
detailed,other_diagnostic,augmented_price,233,terms,ki_barrier,0.05,41,41,187.15535475770554,339.3254828632937,0.8507894974564179,45.656128766397046,57.045330581229265,28.953199527567687,0.024390243902439025,0.04878048780487805,0.12195121951219512,40,1.0
detailed,other_diagnostic,augmented_price,233,terms,last_strike,-0.05,86,86,127.37102323627545,240.24073790755878,0.8587895436782644,30.302931504155776,41.88430360520836,-6.614306524968792,0.046511627906976744,0.18604651162790697,0.37209302325581395,78,0.9615384615384616
detailed,other_diagnostic,augmented_price,233,terms,last_strike,-0.025,86,86,128.62240232066628,243.96554565786903,0.8564946584134171,14.647230809405665,20.170545421836994,-2.0221913170437027,0.08139534883720931,0.3372093023255814,0.4883720930232558,71,0.971830985915493
detailed,other_diagnostic,augmented_price,233,terms,last_strike,-0.01,86,86,129.63039603000723,246.33884325120923,0.8549425661779776,5.7967758575691315,7.9931024113169125,-0.5155973736551742,0.20930232558139536,0.5465116279069767,0.7790697674418605,62,0.967741935483871
detailed,other_diagnostic,augmented_price,233,terms,last_strike,-0.005,86,86,130.10938363687106,247.18913631393787,0.8543546040225278,2.8741000375082324,3.9916458087425175,-0.17025459702833154,0.3372093023255814,0.8023255813953488,0.9651162790697675,52,0.9807692307692307
detailed,other_diagnostic,augmented_price,233,terms,last_strike,0.005,86,86,131.6456877794851,248.81473684548462,0.8532106374424238,2.862809409049028,3.841051604868395,0.06972882115544116,0.29069767441860467,0.7790697674418605,1.0,54,0.9814814814814815
detailed,other_diagnostic,augmented_price,233,terms,last_strike,0.01,86,86,132.66059047521227,249.60092971709452,0.8526679022544186,5.65148928800961,7.631697535224733,0.0395973957915057,0.19767441860465115,0.5465116279069767,0.7906976744186046,59,0.9830508474576272
detailed,other_diagnostic,augmented_price,233,terms,last_strike,0.025,86,86,135.71898457561593,252.01535037936577,0.8509751979057258,13.798001074162313,18.57936227293117,-0.7672387727595905,0.08139534883720931,0.29069767441860467,0.5,68,0.9705882352941176
detailed,other_diagnostic,augmented_price,233,terms,last_strike,0.05,86,86,141.66375069338883,255.97582632334192,0.8480386845020396,26.800556632134683,35.880435205190295,-4.417496884070162,0.011627906976744186,0.1744186046511628,0.29069767441860467,71,0.971830985915493
detailed,other_diagnostic,augmented_price,47,terms,coupon_regular,-0.01,86,86,136.67688814436235,247.76896274426332,0.8535798204773579,16.15583130537315,21.04389965889501,10.319221718222593,0.023255813953488372,0.20930232558139536,0.3953488372093023,86,1.0
detailed,other_diagnostic,augmented_price,47,terms,coupon_regular,-0.005,86,86,134.0625232548647,245.960113788156,0.855913596071401,8.003770302267437,10.404243798760175,4.943675706480732,0.09302325581395349,0.3953488372093023,0.686046511627907,86,1.0
detailed,other_diagnostic,augmented_price,47,terms,coupon_regular,-0.0025,86,86,132.82053371123496,245.1954998214925,0.8569320324277259,3.9850109348870664,5.173212733992216,2.4211149936137244,0.13953488372093023,0.7093023255813954,0.9418604651162791,86,1.0
detailed,other_diagnostic,augmented_price,47,terms,coupon_regular,-0.001,86,86,132.08066330730347,244.7801413477323,0.8574976952475991,1.59107404327915,2.0623816140784523,0.9566803177977136,0.3953488372093023,0.9767441860465116,1.0,86,1.0
detailed,other_diagnostic,augmented_price,47,terms,coupon_regular,0.001,86,86,131.10131899652515,244.27624806637357,0.8582001771455557,1.5872003115257782,2.053322174040246,-0.941598956515132,0.3953488372093023,0.9767441860465116,1.0,86,1.0
detailed,other_diagnostic,augmented_price,47,terms,coupon_regular,0.0025,86,86,130.5177835511713,243.93507547333914,0.8586892625810585,3.9618628311556874,5.116393575697532,-2.3265861854636367,0.11627906976744186,0.7093023255813954,0.9418604651162791,86,1.0
detailed,other_diagnostic,augmented_price,47,terms,coupon_regular,0.005,86,86,129.65262077817758,243.43508180536116,0.859434504173535,7.902136305511979,10.1765996218633,-4.565712950878257,0.06976744186046512,0.38372093023255816,0.7209302325581395,86,1.0
detailed,other_diagnostic,augmented_price,47,terms,coupon_regular,0.01,86,86,128.844847212336,242.68471719772398,0.860674121849002,15.702806099452795,20.131368637021353,-8.811487574765769,0.023255813953488372,0.13953488372093023,0.38372093023255816,86,1.0
detailed,other_diagnostic,augmented_price,47,terms,first_strike,-0.05,86,86,133.0006903923265,245.5115454241128,0.831551738318268,27.71609430883315,36.627024836933714,-1.2209101159368663,0.011627906976744186,0.11627906976744186,0.3023255813953488,82,0.8658536585365854
detailed,other_diagnostic,augmented_price,47,terms,first_strike,-0.025,86,86,132.84541558665367,246.92986824600698,0.8435923837933903,14.15030547616295,18.465120684750545,1.1450917921323742,0.046511627906976744,0.2441860465116279,0.45348837209302323,78,0.8461538461538461
detailed,other_diagnostic,augmented_price,47,terms,first_strike,-0.01,86,86,131.99333359483256,245.8146584636019,0.8520443712681767,5.8090911570789805,7.496206057879382,0.8765011056457304,0.16279069767441862,0.5,0.8372093023255814,73,0.8493150684931506
detailed,other_diagnostic,augmented_price,47,terms,first_strike,-0.005,86,86,131.77658923658794,245.35544252870255,0.8548648977349114,2.9779042012175827,3.850146560762931,0.5756167500795344,0.23255813953488372,0.8372093023255814,0.9883720930232558,71,0.8732394366197183
detailed,other_diagnostic,augmented_price,47,terms,first_strike,0.005,86,86,131.5509447918074,243.83972952449858,0.8606497066752575,2.9277647766436656,3.723662324180985,-0.6121523255954593,0.20930232558139536,0.8372093023255814,0.9883720930232558,70,0.8714285714285714
detailed,other_diagnostic,augmented_price,47,terms,first_strike,0.01,86,86,131.22036208178727,242.912154346184,0.8636171864834102,5.795491796738301,7.3954059483461885,-1.261452146459056,0.10465116279069768,0.5232558139534884,0.8488372093023255,73,0.8904109589041096
detailed,other_diagnostic,augmented_price,47,terms,first_strike,0.025,86,86,131.12278837904378,240.13869127254264,0.8717924074262595,14.109435384030435,17.926134284242313,-3.9159194481757478,0.03488372093023256,0.23255813953488372,0.4186046511627907,76,0.868421052631579
detailed,other_diagnostic,augmented_price,47,terms,first_strike,0.05,86,86,131.40934619930925,234.0618236230813,0.8850525540094073,27.76370682676286,35.05605392847036,-9.30413533476652,0.011627906976744186,0.09302325581395349,0.18604651162790697,77,0.8701298701298701
detailed,other_diagnostic,augmented_price,47,terms,ki_barrier,-0.05,41,41,154.06909054354608,277.2912496567694,0.9003436356462242,54.51909716431075,78.25507842219436,-33.310641765513225,0.0,0.04878048780487805,0.1951219512195122,40,1.0
detailed,other_diagnostic,augmented_price,47,terms,ki_barrier,-0.025,41,41,159.18084377135736,293.9621127983072,0.8887369278389037,26.146917696200887,36.00406200355354,-16.100552559096787,0.04878048780487805,0.0975609756097561,0.2926829268292683,40,1.0
detailed,other_diagnostic,augmented_price,47,terms,ki_barrier,-0.01,41,41,161.48499318380595,303.2025538350478,0.8819328874422006,10.129115629821976,13.658814123056665,-6.2907944469815815,0.04878048780487805,0.3902439024390244,0.6341463414634146,39,1.0
detailed,other_diagnostic,augmented_price,47,terms,ki_barrier,-0.005,41,41,162.44494057299346,305.88956835730505,0.8798642836598989,4.96760155276753,6.76618056232336,-3.0707425224224427,0.12195121951219512,0.6585365853658537,0.8536585365853658,38,1.0
detailed,other_diagnostic,augmented_price,47,terms,ki_barrier,0.005,41,41,165.46003965348748,311.1138395250691,0.8757518512816707,5.120583745515274,6.591453629041888,3.133883705499958,0.0975609756097561,0.6097560975609756,0.8536585365853658,38,1.0
detailed,other_diagnostic,augmented_price,47,terms,ki_barrier,0.01,41,41,167.0137223940625,313.4646318715404,0.873825046117229,9.798942626736522,12.77804735665002,6.0197626599598255,0.0975609756097561,0.36585365853658536,0.6341463414634146,38,1.0
detailed,other_diagnostic,augmented_price,47,terms,ki_barrier,0.025,41,41,170.79526473680207,319.23756134191933,0.8688750629442896,23.218314614235474,30.01971580059395,14.01402906998562,0.024390243902439025,0.14634146341463414,0.3170731707317073,40,1.0
detailed,other_diagnostic,augmented_price,47,terms,ki_barrier,0.05,41,41,176.2048107543231,325.6725503799498,0.8625550613044033,42.29263770772169,53.212842475949344,23.589377544230288,0.0,0.04878048780487805,0.0975609756097561,40,1.0
detailed,other_diagnostic,augmented_price,47,terms,last_strike,-0.05,86,86,122.07880970560926,236.08567140674234,0.8636318938300374,30.572774842733416,41.72165203330233,-3.5494564829361512,0.011627906976744186,0.12790697674418605,0.26744186046511625,78,0.9743589743589743
detailed,other_diagnostic,augmented_price,47,terms,last_strike,-0.025,86,86,125.7133537357749,240.06894989762102,0.8610421587528522,14.893981229990935,20.24693095597624,-0.015704912269901245,0.023255813953488372,0.2441860465116279,0.5116279069767442,71,1.0
detailed,other_diagnostic,augmented_price,47,terms,last_strike,-0.01,86,86,128.87828959664836,242.6685040379155,0.8592329464082417,5.916905297404104,8.0787763295779,0.4034230795095696,0.16279069767441862,0.5697674418604651,0.8488372093023255,62,1.0
detailed,other_diagnostic,augmented_price,47,terms,last_strike,-0.005,86,86,130.23004788590626,243.59186221356416,0.8585628321151098,2.9296105018515557,4.048054260777199,0.3088627853760847,0.29069767441860467,0.8372093023255814,0.9883720930232558,52,1.0
detailed,other_diagnostic,augmented_price,47,terms,last_strike,0.005,86,86,132.84287337350867,245.39802175295262,0.857214370418488,2.9598508630851637,3.9045123558654504,-0.4484642574400974,0.2441860465116279,0.8255813953488372,1.0,54,1.0
detailed,other_diagnostic,augmented_price,47,terms,last_strike,0.01,86,86,134.31689972633652,246.2773152859299,0.8565654430228091,5.848647543020741,7.785350006871035,-1.036107034633384,0.12790697674418605,0.5465116279069767,0.8255813953488372,59,1.0
detailed,other_diagnostic,augmented_price,47,terms,last_strike,0.025,86,86,138.8765488876137,249.01343106598242,0.8545043165080479,14.37825259224074,19.181188650499134,-3.7512066979865564,0.08139534883720931,0.26744186046511625,0.43023255813953487,68,1.0
detailed,other_diagnostic,augmented_price,47,terms,last_strike,0.05,86,86,147.71577462107098,253.82143983730995,0.8505858446753829,28.796084009293207,38.02371806408611,-11.36026669982561,0.046511627906976744,0.12790697674418605,0.20930232558139536,71,1.0
detailed,other_diagnostic,augmented_price,ensemble,terms,coupon_regular,-0.01,86,86,122.35659506591405,230.72288577657173,0.8730336953547749,12.169953669642808,16.51576851231588,7.448595028370695,0.03488372093023256,0.2441860465116279,0.5348837209302325,86,1.0
detailed,other_diagnostic,augmented_price,ensemble,terms,coupon_regular,-0.005,86,86,119.94672132359462,228.70075120712536,0.8754255971199169,6.030241057831302,8.180276634925022,3.549063323931797,0.13953488372093023,0.5465116279069767,0.8023255813953488,86,1.0
detailed,other_diagnostic,augmented_price,ensemble,terms,coupon_regular,-0.0025,86,86,118.9703194863214,227.78375960752476,0.8765295784534622,3.000794621851599,4.071729848189862,1.7331896031186493,0.1744186046511628,0.8023255813953488,0.9767441860465116,86,1.0
detailed,other_diagnostic,augmented_price,ensemble,terms,coupon_regular,-0.001,86,86,118.42519457151822,227.26295628366836,0.877163670838475,1.1968154982957708,1.6243774222905425,0.6836587011206464,0.5581395348837209,0.9767441860465116,1.0,86,1.0
detailed,other_diagnostic,augmented_price,ensemble,terms,coupon_regular,0.001,86,86,117.6967241492633,226.6023985635674,0.8779768557434474,1.1925554928405935,1.6187694223308244,-0.671238756535206,0.5697674418604651,0.9767441860465116,1.0,86,1.0
detailed,other_diagnostic,augmented_price,ensemble,terms,coupon_regular,0.0025,86,86,117.1496632386336,226.13201048398972,0.8785630792280382,2.9740398028366117,4.036681156866171,-1.6553200621578459,0.1744186046511628,0.8023255813953488,0.9767441860465116,86,1.0
detailed,other_diagnostic,augmented_price,ensemble,terms,coupon_regular,0.005,86,86,116.24820036684724,225.39503590931446,0.8794961029059264,5.923133444654555,8.039882075666565,-3.237446544634368,0.11627906976744186,0.5930232558139535,0.8023255813953488,86,1.0
detailed,other_diagnostic,augmented_price,ensemble,terms,coupon_regular,0.01,86,86,114.65932454404569,224.09375776284898,0.8812027324620015,11.761461581640424,15.951842454185954,-6.200575418106409,0.06976744186046512,0.2441860465116279,0.6046511627906976,86,1.0
detailed,other_diagnostic,augmented_price,ensemble,terms,first_strike,-0.05,86,86,117.52477895523835,220.5954814357167,0.8640071992422169,27.166675461118867,35.41526372770031,-7.9341835672467855,0.011627906976744186,0.13953488372093023,0.26744186046511625,82,0.8780487804878049
detailed,other_diagnostic,augmented_price,ensemble,terms,first_strike,-0.025,86,86,117.99048182467428,225.9382274076111,0.869054649626098,13.296314745311152,17.311516144240073,-1.6865700938907466,0.05813953488372093,0.27906976744186046,0.4883720930232558,78,0.8589743589743589
detailed,other_diagnostic,augmented_price,ensemble,terms,first_strike,-0.01,86,86,117.915454898093,226.92076872034076,0.8739147077036131,5.417393476587194,6.969283621643213,-0.12127833763700031,0.12790697674418605,0.5581395348837209,0.8488372093023255,73,0.8767123287671232
detailed,other_diagnostic,augmented_price,ensemble,terms,first_strike,-0.005,86,86,118.0665822847678,227.09030463533654,0.8756693348690249,2.7758380377455287,3.5463105793177627,0.09992547962080356,0.18604651162790697,0.8255813953488372,0.9883720930232558,71,0.8732394366197183
detailed,other_diagnostic,augmented_price,ensemble,terms,first_strike,0.005,86,86,118.25701372863145,226.85510020710308,0.8793864648781692,2.718349972883261,3.4399681138345493,-0.18417942482055397,0.1744186046511628,0.872093023255814,0.9883720930232558,70,0.8571428571428571
detailed,other_diagnostic,augmented_price,ensemble,terms,first_strike,0.01,86,86,118.18609984180704,226.50454903708052,0.8814190264953443,5.416357864781957,6.807656289909921,-0.454386774140018,0.11627906976744186,0.5581395348837209,0.8837209302325582,73,0.863013698630137
detailed,other_diagnostic,augmented_price,ensemble,terms,first_strike,0.025,86,86,118.42451125883387,225.3171814133106,0.8871301140988069,13.050803858823206,16.30538974386251,-2.2774593812844763,0.03488372093023256,0.19767441860465115,0.47674418604651164,76,0.8421052631578947
detailed,other_diagnostic,augmented_price,ensemble,terms,first_strike,0.05,86,86,118.13216513182353,221.36383272521192,0.8971861816113877,25.748236550665766,31.68069126856717,-7.377965033698955,0.03488372093023256,0.12790697674418605,0.22093023255813954,77,0.8571428571428571
detailed,other_diagnostic,augmented_price,ensemble,terms,ki_barrier,-0.05,41,41,150.13143312093442,264.3116053978115,0.9094548537741756,55.159604800342215,79.41245650335334,-37.49238249530283,0.024390243902439025,0.0975609756097561,0.12195121951219512,40,1.0
detailed,other_diagnostic,augmented_price,ensemble,terms,ki_barrier,-0.025,41,41,153.007136171083,283.21182651055744,0.896725976576248,26.456283818650835,36.58777572176208,-18.154174866913035,0.04878048780487805,0.0975609756097561,0.3902439024390244,40,1.0
detailed,other_diagnostic,augmented_price,ensemble,terms,ki_barrier,-0.01,41,41,156.51699484954796,293.59196682270436,0.8892989936176927,10.245843815460084,13.886626243739062,-7.102735702380644,0.07317073170731707,0.43902439024390244,0.6341463414634146,39,1.0
detailed,other_diagnostic,augmented_price,ensemble,terms,ki_barrier,-0.005,41,41,157.36625826301437,296.59900322787036,0.8870510537974066,5.032600454102796,6.8771478578808365,-3.475143076552307,0.0975609756097561,0.6585365853658537,0.8048780487804879,38,1.0
detailed,other_diagnostic,augmented_price,ensemble,terms,ki_barrier,0.005,41,41,159.67597731598303,302.47179381960956,0.8825586515378622,5.175453940051253,6.7163951414982215,3.534974505777264,0.0975609756097561,0.6341463414634146,0.8292682926829268,38,1.0
detailed,other_diagnostic,augmented_price,ensemble,terms,ki_barrier,0.01,41,41,161.1183236274584,305.105303982497,0.8804648649565857,9.931996669955872,13.005715505417825,6.818372827734272,0.0975609756097561,0.3902439024390244,0.6341463414634146,38,1.0
detailed,other_diagnostic,augmented_price,ensemble,terms,ki_barrier,0.025,41,41,164.62741441756765,311.650644881762,0.8750335642020313,23.54555624035405,30.574566590250058,15.984713695254348,0.04878048780487805,0.12195121951219512,0.2926829268292683,40,1.0
detailed,other_diagnostic,augmented_price,ensemble,terms,ki_barrier,0.05,41,41,168.63817108085019,318.9726999934701,0.8681520229830997,42.998855830188404,54.088484155866844,27.439648606383262,0.024390243902439025,0.04878048780487805,0.04878048780487805,40,1.0
detailed,other_diagnostic,augmented_price,ensemble,terms,last_strike,-0.05,86,86,110.9026493445146,217.85414354310456,0.8838804887364042,30.068238343672878,42.16233707945352,-7.546185871653871,0.023255813953488372,0.16279069767441862,0.3372093023255814,78,0.9615384615384616
detailed,other_diagnostic,augmented_price,ensemble,terms,last_strike,-0.025,86,86,113.10671870912445,222.10582498372855,0.8810591685304358,14.596814006134307,20.293666490684597,-2.2533718592429874,0.046511627906976744,0.3488372093023256,0.5,71,0.9859154929577465
detailed,other_diagnostic,augmented_price,ensemble,terms,last_strike,-0.01,86,86,115.74346100048766,224.8961897120467,0.8790966346371457,5.777690951379279,8.03912129697393,-0.5481812461325599,0.12790697674418605,0.5930232558139535,0.8023255813953488,62,0.9838709677419355
detailed,other_diagnostic,augmented_price,ensemble,terms,last_strike,-0.005,86,86,116.84562038229528,225.91050110716876,0.878350357134821,2.854642880044721,4.012080548200091,-0.17626588717202699,0.32558139534883723,0.8023255813953488,0.9883720930232558,52,0.9807692307692307
detailed,other_diagnostic,augmented_price,ensemble,terms,last_strike,0.005,86,86,119.26160084661113,227.8890531246,0.8768627887004952,2.854040787408547,3.8631215145638853,0.05498013695975283,0.2441860465116279,0.7790697674418605,1.0,54,0.9814814814814815
detailed,other_diagnostic,augmented_price,ensemble,terms,last_strike,0.01,86,86,120.52507737894008,228.8489055284144,0.8761481053689139,5.626856851067993,7.680702716497976,-0.011108136903634087,0.16279069767441862,0.5930232558139535,0.813953488372093,59,0.9830508474576272
detailed,other_diagnostic,augmented_price,ensemble,terms,last_strike,0.025,86,86,124.29541701013619,231.7999715236538,0.8739243195042655,13.733933448374597,18.740599009228248,-1.0560302074690455,0.09302325581395349,0.23255813953488372,0.5465116279069767,68,0.9852941176470589
detailed,other_diagnostic,augmented_price,ensemble,terms,last_strike,0.05,86,86,131.79878061030314,236.84925031631036,0.8698994399548828,26.74197030440641,36.396841174964536,-5.552050505051908,0.046511627906976744,0.16279069767441862,0.27906976744186046,71,0.9859154929577465
detailed,other_diagnostic,prior_frozen_affine_coupon_delta,ensemble,terms,coupon_regular,-0.01,86,86,147.09481450212212,242.2637154278869,0.8600142345521267,15.645379318555083,21.45172840126301,1.1297772613089019,0.03488372093023256,0.19767441860465115,0.45348837209302323,86,1.0
detailed,other_diagnostic,prior_frozen_affine_coupon_delta,ensemble,terms,coupon_regular,-0.005,86,86,144.55408717445442,241.67298715581745,0.8608927221335069,7.822679263118549,10.725863030352118,0.5648805447529405,0.08139534883720931,0.45348837209302323,0.7325581395348837,86,1.0
detailed,other_diagnostic,prior_frozen_affine_coupon_delta,ensemble,terms,coupon_regular,-0.0025,86,86,143.3082756752504,241.55573554815078,0.8611480046188135,3.9113234597565456,5.362893762094888,0.2824333416036765,0.18604651162790697,0.7325581395348837,0.8953488372093024,86,1.0
detailed,other_diagnostic,prior_frozen_affine_coupon_delta,ensemble,terms,coupon_regular,-0.001,86,86,142.58182017147286,241.54252824477038,0.8612424121362956,1.5645353905720958,2.145177580908384,0.11295808894162941,0.45348837209302323,0.9651162790697675,1.0,86,1.0
detailed,other_diagnostic,prior_frozen_affine_coupon_delta,ensemble,terms,coupon_regular,0.001,86,86,141.64221358221224,241.59158676027593,0.8612998856796257,1.5645723546929953,2.1451965988893287,-0.11299043254746494,0.45348837209302323,0.9651162790697675,1.0,86,1.0
detailed,other_diagnostic,prior_frozen_affine_coupon_delta,ensemble,terms,coupon_regular,0.0025,86,86,140.93753520822804,241.6783960011501,0.8612917417560596,3.911323459756537,5.362895134909924,-0.2824425826341903,0.18604651162790697,0.7325581395348837,0.8953488372093024,86,1.0
detailed,other_diagnostic,prior_frozen_affine_coupon_delta,ensemble,terms,coupon_regular,0.005,86,86,139.8193441723188,241.9180526419975,0.8611809863858619,7.822690814406453,10.725862718232255,-0.5649059575859643,0.08139534883720931,0.45348837209302323,0.7325581395348837,86,1.0
detailed,other_diagnostic,prior_frozen_affine_coupon_delta,ensemble,terms,coupon_regular,0.01,86,86,137.89219964853064,242.75241224419642,0.8605963832311646,15.645393180100633,21.451708448490994,-1.1298142254296715,0.03488372093023256,0.19767441860465115,0.45348837209302323,86,1.0
detailed,other_diagnostic,prior_frozen_affine_coupon_delta,ensemble,terms,first_strike,-0.05,86,86,128.76534892268393,226.8251774873715,0.8562177709370316,24.149988526570638,32.01270946612351,-6.1200214829481565,0.03488372093023256,0.09302325581395349,0.1744186046511628,82,0.8048780487804879
detailed,other_diagnostic,prior_frozen_affine_coupon_delta,ensemble,terms,first_strike,-0.025,86,86,136.13984865032438,235.78104928397613,0.8573970729634643,10.91928104130619,14.693452106812542,-1.2570377692698058,0.0,0.2441860465116279,0.5581395348837209,78,0.8461538461538461
detailed,other_diagnostic,prior_frozen_affine_coupon_delta,ensemble,terms,first_strike,-0.01,86,86,139.79140761676,239.41515759290255,0.8596478006912152,4.105587967178888,5.700091935369568,-0.11291751556550496,0.16279069767441862,0.6744186046511628,0.9651162790697675,73,0.821917808219178
detailed,other_diagnostic,prior_frozen_affine_coupon_delta,ensemble,terms,first_strike,-0.005,86,86,140.9963982477269,240.6837852828473,0.8603391318268868,1.9968581703861927,2.823656635293721,0.07300635865489197,0.3372093023255814,0.9651162790697675,0.9883720930232558,71,0.8309859154929577
detailed,other_diagnostic,prior_frozen_affine_coupon_delta,ensemble,terms,first_strike,0.005,86,86,143.09556575685377,242.54510869259903,0.8621254865068492,1.9072133532179003,2.719769970417441,-0.0896205833221748,0.3488372093023256,0.9883720930232558,0.9883720930232558,70,0.8571428571428571
detailed,other_diagnostic,prior_frozen_affine_coupon_delta,ensemble,terms,first_strike,0.01,86,86,143.98688201240913,243.36431378599633,0.8631089849045757,3.7149693643488577,5.223533449913837,-0.19270390151554584,0.11627906976744186,0.7674418604651163,0.9883720930232558,73,0.8493150684931506
detailed,other_diagnostic,prior_frozen_affine_coupon_delta,ensemble,terms,first_strike,0.025,86,86,146.55575656491828,245.36872291470584,0.8661470733275223,8.77386667823513,12.27555095327778,-1.0340741476639983,0.046511627906976744,0.38372093023255816,0.7093023255813954,76,0.868421052631579
detailed,other_diagnostic,prior_frozen_affine_coupon_delta,ensemble,terms,first_strike,0.05,86,86,150.04383224102398,247.7120500755807,0.8712543914110655,16.267997871242823,22.256879653333016,-2.702835446362672,0.05813953488372093,0.20930232558139536,0.3953488372093023,77,0.8311688311688312
detailed,other_diagnostic,prior_frozen_affine_coupon_delta,ensemble,terms,ki_barrier,-0.05,41,41,183.84439975005145,328.81990264272713,0.8598642629199806,58.94853887660625,84.34658739050732,-13.38979060854976,0.0,0.04878048780487805,0.12195121951219512,40,0.975
detailed,other_diagnostic,prior_frozen_affine_coupon_delta,ensemble,terms,ki_barrier,-0.025,41,41,183.4270395902842,322.7624907523999,0.8658673689092644,27.065570397915923,38.58754201462932,-8.53855488959775,0.04878048780487805,0.1951219512195122,0.3902439024390244,40,0.975
detailed,other_diagnostic,prior_frozen_affine_coupon_delta,ensemble,terms,ki_barrier,-0.01,41,41,185.34496229545604,322.0005826769561,0.8668391534425474,10.276946671323751,14.51592497191597,-3.805304989378045,0.1951219512195122,0.4634146341463415,0.5853658536585366,39,0.9743589743589743
detailed,other_diagnostic,prior_frozen_affine_coupon_delta,ensemble,terms,ki_barrier,-0.005,41,41,186.12091337713815,322.07678277882195,0.8668130579112543,5.025952378711919,7.197774978089033,-1.9143251874704637,0.24390243902439024,0.6097560975609756,0.8292682926829268,38,1.0
detailed,other_diagnostic,prior_frozen_affine_coupon_delta,ensemble,terms,ki_barrier,0.005,41,41,187.20697270041626,322.53086678273587,0.8664653929542687,5.053125955915655,7.010717414607085,2.143932936184005,0.2926829268292683,0.5609756097560976,0.8048780487804879,38,1.0
detailed,other_diagnostic,prior_frozen_affine_coupon_delta,ensemble,terms,ki_barrier,0.01,41,41,188.04785321599365,322.91200365367064,0.8661049751231776,9.819544749416094,13.599648779607318,4.199969858187973,0.12195121951219512,0.43902439024390244,0.5609756097560976,38,1.0
detailed,other_diagnostic,prior_frozen_affine_coupon_delta,ensemble,terms,ki_barrier,0.025,41,41,189.48822193889788,324.2572083088321,0.8647190631340766,23.349507223682476,31.854901934565998,10.604764536485186,0.04878048780487805,0.21951219512195122,0.3902439024390244,40,0.975
detailed,other_diagnostic,prior_frozen_affine_coupon_delta,ensemble,terms,ki_barrier,0.05,41,41,191.3737825073806,327.26683564965185,0.8612060818303316,41.914784621145564,56.20507236648121,20.148275407788958,0.024390243902439025,0.12195121951219512,0.21951219512195122,40,0.975
detailed,other_diagnostic,prior_frozen_affine_coupon_delta,ensemble,terms,last_strike,-0.05,86,86,143.13842018225176,243.24247768102515,0.8552387291202863,24.479852162796448,29.82067152365581,6.916483818796351,0.046511627906976744,0.11627906976744186,0.22093023255813954,78,0.9871794871794872
detailed,other_diagnostic,prior_frozen_affine_coupon_delta,ensemble,terms,last_strike,-0.025,86,86,142.11311023653533,242.2279085247668,0.8585316032568846,11.896764169283701,14.559038021164307,3.7270878973864883,0.05813953488372093,0.20930232558139536,0.4069767441860465,71,0.9859154929577465
detailed,other_diagnostic,prior_frozen_affine_coupon_delta,ensemble,terms,last_strike,-0.01,86,86,142.0283040114954,241.7753690290684,0.8602672184268112,4.7528322024026295,5.8463238698022675,1.5431424363716721,0.11627906976744186,0.5930232558139535,0.9302325581395349,62,0.9838709677419355
detailed,other_diagnostic,prior_frozen_affine_coupon_delta,ensemble,terms,last_strike,-0.005,86,86,142.07878843431564,241.68828787399204,0.860764746200335,2.3906988606912316,2.954900835433492,0.8194735986944331,0.20930232558139536,0.9302325581395349,1.0,52,0.9807692307692307
detailed,other_diagnostic,prior_frozen_affine_coupon_delta,ensemble,terms,last_strike,0.005,86,86,142.14820255492157,241.43707561709667,0.8617865491891968,2.3768649928637493,2.851118659827169,-0.8412265229042983,0.23255813953488372,0.9418604651162791,1.0,54,0.9814814814814815
detailed,other_diagnostic,prior_frozen_affine_coupon_delta,ensemble,terms,last_strike,0.01,86,86,142.22869581614907,241.32384362978834,0.8622773271227654,4.735180036358888,5.6729184586350305,-1.704781048968878,0.09302325581395349,0.5581395348837209,0.9418604651162791,59,0.9830508474576272
detailed,other_diagnostic,prior_frozen_affine_coupon_delta,ensemble,terms,last_strike,0.025,86,86,142.69295211714586,241.1418364866071,0.8635574923658704,11.61109822458,13.923642222072234,-4.5576644725703055,0.023255813953488372,0.22093023255813954,0.4418604651162791,68,0.9852941176470589
detailed,other_diagnostic,prior_frozen_affine_coupon_delta,ensemble,terms,last_strike,0.05,86,86,143.61732608607463,240.81729688781124,0.8655036520980656,22.82230342939058,27.469113778536034,-10.195444084431397,0.0,0.09302325581395349,0.2441860465116279,71,0.9859154929577465
detailed,published_monthly_6,affine_coupon_delta,101,schedule,nobs_early,1.0,6,6,56.547909544601076,66.61429098861565,0.8523587950836236,55.63757416811333,66.48624965757531,55.63757416811333,0.0,0.0,0.16666666666666666,6,1.0
detailed,published_monthly_6,affine_coupon_delta,101,schedule,nobs_late,1.0,6,6,345.34999837031563,348.9696535191772,-1.307650300049,343.6123894333639,347.548667053852,-343.6123894333639,0.0,0.0,0.0,6,0.6666666666666666
detailed,published_monthly_6,affine_coupon_delta,101,schedule,nobs_middle,1.0,6,6,356.0926510102645,360.57751830428015,-1.4162508146194868,354.35504207331286,358.19570870870183,-354.35504207331286,0.0,0.0,0.0,6,0.6666666666666666
detailed,published_monthly_6,affine_coupon_delta,101,schedule,tenor_months,-12.0,6,6,179.30556500896333,200.7270254383003,-0.5253068376989407,181.04317394591428,203.06430268368206,181.04317394591428,0.0,0.0,0.0,6,0.5
detailed,published_monthly_6,affine_coupon_delta,101,schedule,tenor_months,-6.0,6,6,28.793305166619877,32.25630392537365,0.9751249409863633,28.520352032149088,37.358171615888864,10.207644969464925,0.0,0.3333333333333333,0.3333333333333333,5,0.6
detailed,published_monthly_6,affine_coupon_delta,101,schedule,tenor_months,-3.0,6,6,43.338834135143465,53.55446283415786,0.9372465921345502,40.39935459885111,57.02604987837568,36.465137010627195,0.0,0.0,0.16666666666666666,6,0.6666666666666666
detailed,published_monthly_6,affine_coupon_delta,101,schedule,tenor_months,-1.0,6,6,43.31131276401569,52.56208550285201,0.947368583724384,44.43192363593139,48.90643522086266,44.43192363593139,0.0,0.0,0.0,6,0.5
detailed,published_monthly_6,affine_coupon_delta,101,schedule,tenor_months,1.0,6,6,27.291592666004362,32.47102486913158,0.982143469690499,22.0646680363659,23.760859596484373,-22.0646680363659,0.0,0.0,0.16666666666666666,6,1.0
detailed,published_monthly_6,affine_coupon_delta,101,schedule,tenor_months,3.0,6,6,84.29420335779771,90.81864691739243,0.8696060864981454,82.55659442084618,86.73744192449854,-82.55659442084618,0.0,0.0,0.0,4,1.0
detailed,published_monthly_6,affine_coupon_delta,101,schedule,tenor_months,6.0,6,6,174.90212936358208,180.9623784123417,0.5243855673885787,173.16452042663067,177.75023501449297,-173.16452042663067,0.0,0.0,0.0,6,0.5
detailed,published_monthly_6,affine_coupon_delta,101,schedule,tenor_months,12.0,6,6,297.87862066895406,303.9970856662018,-0.07837582079334893,296.14101173200294,302.12565149233865,-296.14101173200294,0.0,0.0,0.0,6,0.5
detailed,published_monthly_6,affine_coupon_delta,101,terms,coupon_regular,-0.01,6,6,12.866242545528317,14.30243412368783,0.9963895015131237,7.263023130262063,8.069084180988002,-3.178841373063191,0.0,0.3333333333333333,0.6666666666666666,6,1.0
detailed,published_monthly_6,affine_coupon_delta,101,terms,coupon_regular,-0.005,6,6,15.038986274184936,15.653469917649431,0.9956397806854128,3.631412224056606,4.034482931893231,-1.5893213454572621,0.0,0.6666666666666666,1.0,6,1.0
detailed,published_monthly_6,affine_coupon_delta,101,terms,coupon_regular,-0.0025,6,6,16.12540780904995,16.657650821039518,0.9950447133948389,1.8156564414909944,2.0172028565982654,-0.7946110021911768,0.16666666666666666,1.0,1.0,6,1.0
detailed,published_monthly_6,affine_coupon_delta,101,terms,coupon_regular,-0.001,6,6,16.77724086175355,17.345090247830715,0.9946165964586274,0.726222840166454,0.8068491789348874,-0.31780466444675753,0.6666666666666666,1.0,1.0,6,1.0
detailed,published_monthly_6,affine_coupon_delta,101,terms,coupon_regular,0.001,6,6,17.64631848500115,18.34604665602178,0.9939625082277294,0.7267195455395156,0.8073615528209803,0.31790400552108444,0.6666666666666666,1.0,1.0,6,1.0
detailed,published_monthly_6,affine_coupon_delta,101,terms,coupon_regular,0.0025,6,6,18.298350219855518,19.15200440674547,0.9934091907389424,1.81635182901341,2.0180077452247525,0.7949090254151182,0.16666666666666666,1.0,1.0,6,1.0
detailed,published_monthly_6,affine_coupon_delta,101,terms,coupon_regular,0.005,6,6,19.384771754720834,20.583114943536994,0.9923678910746845,3.6321076115785758,4.035287804685254,1.5896193686807436,0.0,0.6666666666666666,1.0,6,1.0
detailed,published_monthly_6,affine_coupon_delta,101,terms,coupon_regular,0.01,6,6,21.557515483376545,23.702505096529364,0.9898378775900917,7.263718517784244,8.069889041762105,3.179139396286869,0.0,0.3333333333333333,0.6666666666666666,6,1.0
detailed,published_monthly_6,affine_coupon_delta,101,terms,first_strike,-0.05,6,6,12.206909031018464,15.959887561742658,0.9932921332844831,10.691664357203747,11.419394141689578,1.027646278381863,0.0,0.16666666666666666,0.5,5,1.0
detailed,published_monthly_6,affine_coupon_delta,101,terms,first_strike,-0.025,6,6,14.640669627516521,15.998151839106445,0.9945975138473201,4.34643370914413,4.9822388271407245,1.5735568065826697,0.16666666666666666,0.8333333333333334,1.0,6,1.0
detailed,published_monthly_6,affine_coupon_delta,101,terms,first_strike,-0.01,6,6,16.145529587700974,16.876370912280716,0.9945799038266794,1.6422173080834177,1.9323413924643589,0.6997557534866488,0.16666666666666666,1.0,1.0,6,1.0
detailed,published_monthly_6,affine_coupon_delta,101,terms,first_strike,-0.005,6,6,16.854579946315727,17.554969656883113,0.9942961702467675,1.1466952807075013,1.229448866061648,0.2613930603067354,0.3333333333333333,1.0,1.0,5,1.0
detailed,published_monthly_6,affine_coupon_delta,101,terms,first_strike,0.005,6,6,17.999318856911184,18.5793684716546,0.9940006881588193,1.1812148081986293,1.280218868968178,-0.07953285991907628,0.3333333333333333,1.0,1.0,5,1.0
detailed,published_monthly_6,affine_coupon_delta,101,terms,first_strike,0.01,6,6,18.20008922460238,18.896569199599643,0.99396236702696,1.9489868012545521,2.1839429865568376,-0.4864427373764409,0.0,1.0,1.0,6,1.0
detailed,published_monthly_6,affine_coupon_delta,101,terms,first_strike,0.025,6,6,19.402011236387807,20.670756708280706,0.9932701439645686,3.9359397345479223,5.010866941837503,-2.1110877139165884,0.0,0.8333333333333334,0.8333333333333334,6,1.0
detailed,published_monthly_6,affine_coupon_delta,101,terms,first_strike,0.05,6,6,20.87787052728284,24.13070703851334,0.9916662305314268,7.304874540342414,10.316790181340512,-5.827194339365658,0.0,0.5,0.8333333333333334,6,1.0
detailed,published_monthly_6,affine_coupon_delta,101,terms,ki_barrier,-0.05,1,1,16.147691173151543,16.147691173151543,,0.7190492975794598,0.7190492975794598,0.7190492975794598,1.0,1.0,1.0,1,1.0
detailed,published_monthly_6,affine_coupon_delta,101,terms,ki_barrier,-0.025,1,1,16.02159382537502,16.02159382537502,,0.5929519498025755,0.5929519498025755,0.5929519498025755,1.0,1.0,1.0,1,1.0
detailed,published_monthly_6,affine_coupon_delta,101,terms,ki_barrier,-0.01,1,1,16.242798387609582,16.242798387609582,,0.8141565120356642,0.8141565120356642,0.8141565120356642,1.0,1.0,1.0,1,1.0
detailed,published_monthly_6,affine_coupon_delta,101,terms,ki_barrier,-0.005,1,1,15.947953189850523,15.947953189850523,,0.5193113142759795,0.5193113142759795,0.5193113142759795,1.0,1.0,1.0,1,1.0
detailed,published_monthly_6,affine_coupon_delta,101,terms,ki_barrier,0.005,1,1,15.055435544427382,15.055435544427382,,0.373206331147955,0.373206331147955,-0.373206331147955,1.0,1.0,1.0,1,1.0
detailed,published_monthly_6,affine_coupon_delta,101,terms,ki_barrier,0.01,1,1,14.827004980481433,14.827004980481433,,0.601636895090671,0.601636895090671,-0.601636895090671,1.0,1.0,1.0,1,1.0
detailed,published_monthly_6,affine_coupon_delta,101,terms,ki_barrier,0.025,1,1,12.335106114589507,12.335106114589507,,3.0935357609820855,3.0935357609820855,-3.0935357609820855,0.0,1.0,1.0,1,1.0
detailed,published_monthly_6,affine_coupon_delta,101,terms,ki_barrier,0.05,1,1,6.264331029506138,6.264331029506138,,9.164310846066627,9.164310846066627,-9.164310846066627,0.0,0.0,1.0,1,1.0
detailed,published_monthly_6,affine_coupon_delta,101,terms,last_strike,-0.05,6,6,20.941832365499675,23.37905327070636,0.989706652119379,11.312997336338066,13.212287835860213,0.15190898579272152,0.0,0.16666666666666666,0.5,6,1.0
detailed,published_monthly_6,affine_coupon_delta,101,terms,last_strike,-0.025,6,6,18.189952904491594,19.879251390759876,0.9927940513283521,6.084620955031411,7.205655875982465,-0.5842019444399492,0.16666666666666666,0.5,0.8333333333333334,6,1.0
detailed,published_monthly_6,affine_coupon_delta,101,terms,last_strike,-0.01,6,6,17.61851910031055,18.282805600703362,0.9939834393052992,2.3164993361493265,2.685013938926668,-0.3223487129570623,0.16666666666666666,1.0,1.0,6,1.0
detailed,published_monthly_6,affine_coupon_delta,101,terms,last_strike,-0.005,6,6,17.26844767572099,17.869983320396397,0.9942596721956822,1.3425158431517783,1.5336646251582302,-0.40587057776430785,0.3333333333333333,1.0,1.0,5,1.0
detailed,published_monthly_6,affine_coupon_delta,101,terms,last_strike,0.005,6,6,17.052829431384755,17.828776267003164,0.9943141730797651,1.148324160116083,1.306221565855492,-0.07565579886646286,0.5,1.0,1.0,5,1.0
detailed,published_monthly_6,affine_coupon_delta,101,terms,last_strike,0.01,6,6,16.750782603757216,17.731245621489705,0.9943929768399314,2.1557255200675747,2.529300073830426,0.25392859612557067,0.3333333333333333,1.0,1.0,6,1.0
detailed,published_monthly_6,affine_coupon_delta,101,terms,last_strike,0.025,6,6,15.179751895981099,17.735522640191558,0.9943639372044855,5.493869995332524,7.0219515731010045,1.0752092006571035,0.16666666666666666,0.6666666666666666,0.8333333333333334,6,1.0
detailed,published_monthly_6,affine_coupon_delta,101,terms,last_strike,0.05,6,6,18.895853242673486,20.824521411953477,0.9920654782549342,11.671589179075658,15.768542215299945,2.6203909825471565,0.16666666666666666,0.3333333333333333,0.6666666666666666,6,1.0
detailed,published_monthly_6,affine_coupon_delta,101,terms,monthly_barrier,-0.05,6,6,20.95122749979085,24.195985738069805,0.9889003167689147,9.740441548535637,11.1753721527639,6.276882979115288,0.0,0.16666666666666666,0.6666666666666666,6,1.0
detailed,published_monthly_6,affine_coupon_delta,101,terms,monthly_barrier,-0.025,6,6,19.384061327369334,20.742776348247318,0.9920652388955078,4.629464914570361,5.344054692275214,2.5959888369403474,0.0,0.6666666666666666,1.0,6,1.0
detailed,published_monthly_6,affine_coupon_delta,101,terms,monthly_barrier,-0.01,6,6,18.121117785826147,18.91850555318236,0.99351100231532,1.768658228101123,2.050302197974161,0.8405961305860209,0.3333333333333333,1.0,1.0,6,1.0
detailed,published_monthly_6,affine_coupon_delta,101,terms,monthly_barrier,-0.005,6,6,17.661110621429543,18.359183599625535,0.9939243856496369,0.8831398687578093,1.019147268404564,0.3853602299056426,0.5,1.0,1.0,6,1.0
detailed,published_monthly_6,affine_coupon_delta,101,terms,monthly_barrier,0.005,6,6,16.714459062066755,17.31185920909853,0.9946605489446121,0.8515123289957179,1.0002924133570874,-0.3308366903014414,0.5,1.0,1.0,6,1.0
detailed,published_monthly_6,affine_coupon_delta,101,terms,monthly_barrier,0.01,6,6,16.23444408028263,16.838310357461953,0.99497614201218,1.6616652326187034,1.9484674588187012,-0.5830618127055631,0.5,1.0,1.0,6,1.0
detailed,published_monthly_6,affine_coupon_delta,101,terms,monthly_barrier,0.025,6,6,14.702864445468853,15.484930752253511,0.995820727422836,3.9448775008569616,4.758667941889965,-0.7982903476165912,0.3333333333333333,0.5,1.0,6,1.0
detailed,published_monthly_6,affine_coupon_delta,101,terms,monthly_barrier,0.05,6,6,11.981411752618138,13.747532374246441,0.9967907069706299,7.412732553575661,9.335622406391229,0.6913995193009986,0.3333333333333333,0.3333333333333333,0.6666666666666666,6,1.0
detailed,published_monthly_6,affine_coupon_delta,233,schedule,nobs_early,1.0,6,6,31.554591208939808,37.71457714686871,0.952674931983527,26.511793431150704,31.786297575360628,4.164791079429252,0.0,0.0,0.3333333333333333,6,1.0
detailed,published_monthly_6,affine_coupon_delta,233,schedule,nobs_late,1.0,6,6,423.60871145676174,425.9698453932266,-2.438368225587806,402.24080946840826,407.2174731628636,-402.24080946840826,0.0,0.0,0.0,6,0.6666666666666666
detailed,published_monthly_6,affine_coupon_delta,233,schedule,nobs_middle,1.0,6,6,419.4359971291915,420.6478465358063,-2.288380488168781,398.06809514083807,400.19182843677555,-398.06809514083807,0.0,0.0,0.0,6,0.6666666666666666
detailed,published_monthly_6,affine_coupon_delta,233,schedule,tenor_months,-12.0,6,6,406.5446969364536,430.2058661502599,-6.006452392336547,427.9125989248062,445.969295821887,427.9125989248062,0.0,0.0,0.0,6,0.5
detailed,published_monthly_6,affine_coupon_delta,233,schedule,tenor_months,-6.0,6,6,259.01617352437523,273.0520864062277,-0.7824851217822817,280.38407551272866,289.90000270642696,280.38407551272866,0.0,0.0,0.0,5,0.4
detailed,published_monthly_6,affine_coupon_delta,233,schedule,tenor_months,-3.0,6,6,75.6742302361002,85.51568453837507,0.8399935339572014,97.04213222445371,101.5183301037353,97.04213222445371,0.0,0.0,0.0,6,0.3333333333333333
detailed,published_monthly_6,affine_coupon_delta,233,schedule,tenor_months,-1.0,6,6,31.854913685214644,35.22139914638897,0.9763673138156544,40.70037484976806,44.818470234977525,40.70037484976806,0.0,0.16666666666666666,0.16666666666666666,6,0.3333333333333333
detailed,published_monthly_6,affine_coupon_delta,233,schedule,tenor_months,1.0,6,6,44.47147898315355,46.96938086199834,0.9626376010360925,23.10357699480096,25.37688318387879,-23.10357699480096,0.0,0.0,0.16666666666666666,6,1.0
detailed,published_monthly_6,affine_coupon_delta,233,schedule,tenor_months,3.0,6,6,110.30100130727078,113.32856390496505,0.7969579280740747,88.93309931891747,94.65904625659387,-88.93309931891747,0.0,0.0,0.0,4,1.0
detailed,published_monthly_6,affine_coupon_delta,233,schedule,tenor_months,6.0,6,6,210.83478946642632,215.7373338400473,0.3240274689862591,189.46688747807312,197.35274899306893,-189.46688747807312,0.0,0.0,0.0,6,0.5
detailed,published_monthly_6,affine_coupon_delta,233,schedule,tenor_months,12.0,6,6,361.77321041097883,370.5234462544245,-0.6020006606314194,340.40530842262586,352.5698244376327,-340.40530842262586,0.0,0.0,0.0,6,0.5
detailed,published_monthly_6,affine_coupon_delta,233,terms,coupon_regular,-0.01,6,6,19.681095954752283,21.612551049593684,0.9917555949751542,6.1849889268435705,8.613289341733507,5.612843731306927,0.16666666666666666,0.5,0.8333333333333334,6,1.0
detailed,published_monthly_6,affine_coupon_delta,233,terms,coupon_regular,-0.005,6,6,22.773491077100818,25.344583715879022,0.9885697056829014,3.0925938044959693,4.306524564246168,2.8065212067277963,0.3333333333333333,0.8333333333333334,1.0,6,1.0
detailed,published_monthly_6,affine_coupon_delta,233,terms,coupon_regular,-0.0025,6,6,24.319738308810884,27.27407083405031,0.9867156228086295,1.5463465727853432,2.153334286486676,1.4034096149759783,0.5,1.0,1.0,6,1.0
detailed,published_monthly_6,affine_coupon_delta,233,terms,coupon_regular,-0.001,6,6,25.247466779622602,28.447222544270954,0.9855195003073141,0.6186181019737237,0.8614062163230659,0.5613638459902542,0.8333333333333334,1.0,1.0,6,1.0
detailed,published_monthly_6,affine_coupon_delta,233,terms,coupon_regular,0.001,6,6,26.484404960346485,30.02656931373382,0.9838272827392275,0.6183200787501928,0.8612584038735134,-0.5610658227666759,0.8333333333333334,1.0,1.0,6,1.0
detailed,published_monthly_6,affine_coupon_delta,233,terms,coupon_regular,0.0025,6,6,27.412034090083882,31.22089441255147,0.9824853703569781,1.5459492084869961,2.1530424069303042,-1.4028135685281597,0.5,1.0,1.0,6,1.0
detailed,published_monthly_6,affine_coupon_delta,233,terms,coupon_regular,0.005,6,6,28.95857934501934,33.22835833523764,0.9801097550339605,3.092494463421969,4.306798435764292,-2.8064218656535664,0.3333333333333333,0.8333333333333334,1.0,6,1.0
detailed,published_monthly_6,affine_coupon_delta,233,terms,coupon_regular,0.01,6,6,32.05087512629052,37.29118709056987,0.974845925567522,6.184790244694514,8.613175066902823,-5.612645049157874,0.16666666666666666,0.5,0.8333333333333334,6,1.0
detailed,published_monthly_6,affine_coupon_delta,233,terms,first_strike,-0.05,6,6,17.182172630124114,18.34275512933323,0.9911395882035137,8.683912251471725,12.283342859702769,7.636609291077176,0.0,0.5,0.8333333333333334,5,1.0
detailed,published_monthly_6,affine_coupon_delta,233,terms,first_strike,-0.025,6,6,22.280805914670662,24.4774028591796,0.9873530819312255,4.219198307274782,5.8868403221790135,4.002942786552966,0.16666666666666666,0.6666666666666666,0.8333333333333334,6,1.0
detailed,published_monthly_6,affine_coupon_delta,233,terms,first_strike,-0.01,6,6,24.655991471945526,27.533200684860613,0.9855734571658119,1.6984245298402438,2.25989852452207,1.4684569889399366,0.5,1.0,1.0,6,1.0
detailed,published_monthly_6,affine_coupon_delta,233,terms,first_strike,-0.005,6,6,25.377351501804696,28.385106418676035,0.9850876035299585,0.6422841420034575,1.0548768094829863,0.6150472859740531,0.8333333333333334,1.0,1.0,5,1.0
detailed,published_monthly_6,affine_coupon_delta,233,terms,first_strike,0.005,6,6,26.301419319987264,30.005801551642698,0.9843523181829482,0.9368984892333735,1.1522473230035912,-0.3772580605721525,0.8333333333333334,1.0,1.0,5,1.0
detailed,published_monthly_6,affine_coupon_delta,233,terms,first_strike,0.01,6,6,26.756301524102735,30.800336168905513,0.9839597291415795,1.442693519248663,2.1019950115882624,-1.0337127174891525,0.6666666666666666,1.0,1.0,6,1.0
detailed,published_monthly_6,affine_coupon_delta,233,terms,first_strike,0.025,6,6,27.840666031280307,33.09977684943986,0.9827438798959884,4.19340658999599,5.453453498662975,-3.194302791634687,0.16666666666666666,0.6666666666666666,0.8333333333333334,6,1.0
detailed,published_monthly_6,affine_coupon_delta,233,terms,first_strike,0.05,6,6,30.090194602344734,37.731371658532616,0.97962457972311,8.813528819919295,11.457095850649722,-7.575795934926368,0.0,0.5,0.5,6,1.0
detailed,published_monthly_6,affine_coupon_delta,233,terms,ki_barrier,-0.05,1,1,15.192431049748848,15.192431049748848,,4.492023311861686,4.492023311861686,4.492023311861686,0.0,1.0,1.0,1,1.0
detailed,published_monthly_6,affine_coupon_delta,233,terms,ki_barrier,-0.025,1,1,17.234221680606424,17.234221680606424,,2.4502326810037474,2.4502326810037474,2.4502326810037474,0.0,1.0,1.0,1,1.0
detailed,published_monthly_6,affine_coupon_delta,233,terms,ki_barrier,-0.01,1,1,18.135968625940222,18.135968625940222,,1.5484857356684767,1.5484857356684767,1.5484857356684767,0.0,1.0,1.0,1,1.0
detailed,published_monthly_6,affine_coupon_delta,233,terms,ki_barrier,-0.005,1,1,18.799170528411196,18.799170528411196,,0.885283833196878,0.885283833196878,0.885283833196878,1.0,1.0,1.0,1,1.0
detailed,published_monthly_6,affine_coupon_delta,233,terms,ki_barrier,0.005,1,1,20.418864840094102,20.418864840094102,,0.7344104784868222,0.7344104784868222,-0.7344104784868222,1.0,1.0,1.0,1,1.0
detailed,published_monthly_6,affine_coupon_delta,233,terms,ki_barrier,0.01,1,1,21.004923272692395,21.004923272692395,,1.320468911081882,1.320468911081882,-1.320468911081882,0.0,1.0,1.0,1,1.0
detailed,published_monthly_6,affine_coupon_delta,233,terms,ki_barrier,0.025,1,1,24.544671793735688,24.544671793735688,,4.860217432124664,4.860217432124664,-4.860217432124664,0.0,1.0,1.0,1,1.0
detailed,published_monthly_6,affine_coupon_delta,233,terms,ki_barrier,0.05,1,1,32.27185995712716,32.27185995712716,,12.58740559551731,12.58740559551731,-12.58740559551731,0.0,0.0,0.0,1,1.0
detailed,published_monthly_6,affine_coupon_delta,233,terms,last_strike,-0.05,6,6,26.213042743636226,33.8423213654747,0.9784313431981041,10.16519051077733,12.198287013691106,-4.514936017971113,0.0,0.16666666666666666,0.5,6,1.0
detailed,published_monthly_6,affine_coupon_delta,233,terms,last_strike,-0.025,6,6,26.73439037326322,31.94996959069541,0.9813863299602423,5.944501398594446,7.224342696980257,-3.088789117901863,0.16666666666666666,0.3333333333333333,0.8333333333333334,6,1.0
detailed,published_monthly_6,affine_coupon_delta,233,terms,last_strike,-0.01,6,6,26.552226053641487,30.400732940140045,0.9833646965348208,2.371610796937751,2.862931909910684,-1.3602642606458641,0.16666666666666666,0.8333333333333334,1.0,6,1.0
detailed,published_monthly_6,affine_coupon_delta,233,terms,last_strike,-0.005,6,6,26.31483702634493,29.826032281424375,0.9840088621689896,1.2672153085855347,1.6523204633551085,-0.9305901339369966,0.5,1.0,1.0,5,1.0
detailed,published_monthly_6,affine_coupon_delta,233,terms,last_strike,0.005,6,6,25.643864537581674,28.884604345057348,0.985076062851275,1.0957628134842865,1.3529717671587544,0.4606866630374271,0.6666666666666666,1.0,1.0,5,1.0
detailed,published_monthly_6,affine_coupon_delta,233,terms,last_strike,0.01,6,6,25.089822535328192,28.30788555767079,0.9857087992268898,2.158565985035353,2.7420509264151023,1.336746309545167,0.3333333333333333,0.8333333333333334,1.0,6,1.0
detailed,published_monthly_6,affine_coupon_delta,233,terms,last_strike,0.025,6,6,22.941847344140115,26.342734080661938,0.9875660379664696,6.292190092307277,8.026918002764642,3.859441499190225,0.0,0.6666666666666666,0.8333333333333334,6,1.0
detailed,published_monthly_6,affine_coupon_delta,233,terms,last_strike,0.05,6,6,21.866107748879283,25.34388698463649,0.9882478549593198,13.720101478931207,18.414746256521216,8.426578771192583,0.0,0.16666666666666666,0.6666666666666666,6,1.0
detailed,published_monthly_6,affine_coupon_delta,233,terms,monthly_barrier,-0.05,6,6,23.439939718155983,30.47178999314734,0.9823956547062983,11.52955224719562,13.192446399977742,9.037670784036756,0.0,0.16666666666666666,0.5,6,1.0
detailed,published_monthly_6,affine_coupon_delta,233,terms,monthly_barrier,-0.025,6,6,25.066931970691865,29.53925526090512,0.9839084021743514,5.329298970726002,6.062553997568379,3.783313360866129,0.0,0.6666666666666666,1.0,6,1.0
detailed,published_monthly_6,affine_coupon_delta,233,terms,monthly_barrier,-0.01,6,6,25.667718120125755,29.340178309290028,0.9843926394476631,1.9892924926262083,2.2752281709489455,1.294882864849123,0.3333333333333333,1.0,1.0,6,1.0
detailed,published_monthly_6,affine_coupon_delta,233,terms,monthly_barrier,-0.005,6,6,25.777352825129736,29.285674915302092,0.9845405533941736,0.9778037147496668,1.1194414005858657,0.611261833604373,0.5,1.0,1.0,6,1.0
detailed,published_monthly_6,affine_coupon_delta,233,terms,monthly_barrier,0.005,6,6,25.882706559002752,29.152251676776512,0.9848590405550366,0.9531229144301384,1.0956136246650672,-0.5561422475524179,0.5,1.0,1.0,6,1.0
detailed,published_monthly_6,affine_coupon_delta,233,terms,monthly_barrier,0.01,6,6,25.866506908070125,29.05238771589544,0.9850443946245944,1.8597585708171922,2.1275947416971346,-1.0360571129985319,0.3333333333333333,1.0,1.0,6,1.0
detailed,published_monthly_6,affine_coupon_delta,233,terms,monthly_barrier,0.025,6,6,25.529680449929703,28.549274416256516,0.9857939835805885,4.298212723971148,5.04370384406408,-1.9682301834828835,0.16666666666666666,0.5,1.0,6,1.0
detailed,published_monthly_6,affine_coupon_delta,233,terms,monthly_barrier,0.05,6,6,23.879663999756,26.83259052900468,0.9877739806948332,7.372675701151162,9.40912838153298,-1.9014025284284937,0.16666666666666666,0.5,0.5,6,1.0
detailed,published_monthly_6,affine_coupon_delta,47,schedule,nobs_early,1.0,6,6,93.43935479285786,101.92643391918355,0.6543421526164492,100.51177131117714,107.20989782805277,66.66423476941135,0.0,0.0,0.0,6,0.6666666666666666
detailed,published_monthly_6,affine_coupon_delta,47,schedule,nobs_late,1.0,6,6,357.5324923748831,361.5034695239356,-1.4763932513466274,353.0240621844727,356.8549854139292,-353.0240621844727,0.0,0.0,0.0,6,0.6666666666666666
detailed,published_monthly_6,affine_coupon_delta,47,schedule,nobs_middle,1.0,6,6,365.45226903826943,368.3393608550041,-1.5213955563698693,360.9438388478591,363.31770632447723,-360.9438388478591,0.0,0.0,0.0,6,0.6666666666666666
detailed,published_monthly_6,affine_coupon_delta,47,schedule,tenor_months,-12.0,6,6,466.9134732578647,493.10616887643226,-8.205055064607109,471.42190344827424,497.1311872417042,471.42190344827424,0.0,0.0,0.0,6,0.5
detailed,published_monthly_6,affine_coupon_delta,47,schedule,tenor_months,-6.0,6,6,289.4745443688983,317.9408549282754,-1.4167269783828567,293.9829745593087,323.2585690867831,293.9829745593087,0.0,0.0,0.0,5,0.4
detailed,published_monthly_6,affine_coupon_delta,47,schedule,tenor_months,-3.0,6,6,54.14142057952116,69.02449676071112,0.8957556613824948,60.4536548461876,72.05803279274679,57.55693595192155,0.0,0.0,0.16666666666666666,6,0.6666666666666666
detailed,published_monthly_6,affine_coupon_delta,47,schedule,tenor_months,-1.0,6,6,37.39465770038654,40.00368134354796,0.969514045414007,37.40322389468444,40.006430285862045,33.600269564123536,0.0,0.0,0.0,6,0.5
detailed,published_monthly_6,affine_coupon_delta,47,schedule,tenor_months,1.0,6,6,30.75363144163809,34.05226904343143,0.9803620027538908,23.68121492331943,26.466683616947275,-23.51435233837803,0.16666666666666666,0.16666666666666666,0.16666666666666666,6,1.0
detailed,published_monthly_6,affine_coupon_delta,47,schedule,tenor_months,3.0,6,6,91.87074843734688,100.70268811061543,0.8396793766686064,87.36231824693668,94.52684608931168,-87.36231824693668,0.0,0.0,0.0,4,1.0
detailed,published_monthly_6,affine_coupon_delta,47,schedule,tenor_months,6.0,6,6,186.2824441905474,196.2712435200213,0.4405107044608949,181.77401400013733,190.30191134119042,-181.77401400013733,0.0,0.0,0.0,6,0.5
detailed,published_monthly_6,affine_coupon_delta,47,schedule,tenor_months,12.0,6,6,305.9443211999599,317.92414011413786,-0.1794466791468523,301.4358910095501,312.59264280635307,-301.4358910095501,0.0,0.0,0.0,6,0.5
detailed,published_monthly_6,affine_coupon_delta,47,terms,coupon_regular,-0.01,6,6,10.638539859621838,11.654330014776885,0.9976027027966783,3.1290488591544587,3.6718008976218277,-2.2037093845378,0.16666666666666666,0.8333333333333334,1.0,6,1.0
detailed,published_monthly_6,affine_coupon_delta,47,terms,coupon_regular,-0.005,6,6,10.583788369100754,11.186234756582083,0.9977733346702361,1.5645244295774816,1.8359243509394578,-1.1016560101199413,0.3333333333333333,1.0,1.0,6,1.0
detailed,published_monthly_6,affine_coupon_delta,47,terms,coupon_regular,-0.0025,6,6,10.556213941690354,11.059437355534376,0.9978157248945618,0.7824608969376113,0.9181321668890752,-0.5510266872090804,0.6666666666666666,1.0,1.0,6,1.0
detailed,published_monthly_6,affine_coupon_delta,47,terms,coupon_regular,-0.001,6,6,10.539828230963394,11.01951170639186,0.9978271561889412,0.3128254130557198,0.3670282336869944,-0.2202517291643682,1.0,1.0,1.0,6,1.0
detailed,published_monthly_6,affine_coupon_delta,47,terms,coupon_regular,0.001,6,6,10.518146185118894,11.009242412441697,0.9978258653692403,0.3129247541301172,0.3671317383835682,0.22035107023869513,1.0,1.0,1.0,6,1.0
detailed,published_monthly_6,affine_coupon_delta,47,terms,coupon_regular,0.0025,6,6,10.501561792243592,11.033305674567687,0.9978126333918,0.7823615558631983,0.9179223063808779,0.5509273461345193,0.6666666666666666,1.0,1.0,6,1.0
detailed,published_monthly_6,affine_coupon_delta,47,terms,coupon_regular,0.005,6,6,10.474186046983354,11.13423606073906,0.9977667198246183,1.5646237706518207,1.8357410657093534,1.1017553511941713,0.3333333333333333,1.0,1.0,6,1.0
detailed,published_monthly_6,affine_coupon_delta,47,terms,coupon_regular,0.01,6,6,10.419235874312108,11.554165274028415,0.9975852449901288,3.128949518079724,3.6715910376990286,2.2036100434629753,0.16666666666666666,0.8333333333333334,1.0,6,1.0
detailed,published_monthly_6,affine_coupon_delta,47,terms,first_strike,-0.05,6,6,7.6148466966678825,9.20511321890689,0.9977685711750933,12.0816319764142,13.771042524055641,6.592633937836209,0.0,0.16666666666666666,0.5,5,1.0
detailed,published_monthly_6,affine_coupon_delta,47,terms,first_strike,-0.025,6,6,5.169193549483073,6.667751465064968,0.9990615463222675,6.499249088809866,6.893047605191677,4.05241464171654,0.0,0.16666666666666666,1.0,6,1.0
detailed,published_monthly_6,affine_coupon_delta,47,terms,first_strike,-0.01,6,6,8.059865022313412,8.735092487867412,0.9985479422657603,2.6874312440770987,2.8702651503774215,1.593626742968257,0.16666666666666666,1.0,1.0,6,1.0
detailed,published_monthly_6,affine_coupon_delta,47,terms,first_strike,-0.005,6,6,9.468301931221808,10.010385274557144,0.9981453243360389,1.263572020160656,1.4444568986830317,0.6914405723611788,0.3333333333333333,1.0,1.0,5,1.0
detailed,published_monthly_6,affine_coupon_delta,47,terms,first_strike,0.005,6,6,11.838403207421228,12.348112228022954,0.9973500317097396,1.3397023160031702,1.6003363544180225,-0.47719518164555735,0.5,1.0,1.0,5,1.0
detailed,published_monthly_6,affine_coupon_delta,47,terms,first_strike,0.01,6,6,12.815036780324286,13.366392674627761,0.9969791496207138,2.526834325537983,2.7596927877352417,-1.2515676941432052,0.16666666666666666,1.0,1.0,6,1.0
detailed,published_monthly_6,affine_coupon_delta,47,terms,first_strike,0.025,6,6,16.698337442878557,17.455611668062442,0.995200862794435,6.653574887070739,7.127072923348032,-3.8207476082240426,0.0,0.16666666666666666,1.0,6,1.0
detailed,published_monthly_6,affine_coupon_delta,47,terms,first_strike,0.05,6,6,22.141984365083164,23.84091287359434,0.9918651949463484,12.964837734853445,13.82137157948787,-8.798684563568132,0.0,0.16666666666666666,0.16666666666666666,6,1.0
detailed,published_monthly_6,affine_coupon_delta,47,terms,ki_barrier,-0.05,1,1,8.337098521784355,8.337098521784355,,0.6451395380579754,0.6451395380579754,0.6451395380579754,1.0,1.0,1.0,1,1.0
detailed,published_monthly_6,affine_coupon_delta,47,terms,ki_barrier,-0.025,1,1,8.368357436214865,8.368357436214865,,0.6763984524881224,0.6763984524881224,0.6763984524881224,1.0,1.0,1.0,1,1.0
detailed,published_monthly_6,affine_coupon_delta,47,terms,ki_barrier,-0.01,1,1,8.569296419225793,8.569296419225793,,0.8773374354975783,0.8773374354975783,0.8773374354975783,1.0,1.0,1.0,1,1.0
detailed,published_monthly_6,affine_coupon_delta,47,terms,ki_barrier,-0.005,1,1,8.248225177765562,8.248225177765562,,0.5562661940367217,0.5562661940367217,0.5562661940367217,1.0,1.0,1.0,1,1.0
detailed,published_monthly_6,affine_coupon_delta,47,terms,ki_barrier,0.005,1,1,7.272261029656875,7.272261029656875,,0.41969795407275967,0.41969795407275967,-0.41969795407275967,1.0,1.0,1.0,1,1.0
detailed,published_monthly_6,affine_coupon_delta,47,terms,ki_barrier,0.01,1,1,6.986610006726551,6.986610006726551,,0.7053489769998507,0.7053489769998507,-0.7053489769998507,1.0,1.0,1.0,1,1.0
detailed,published_monthly_6,affine_coupon_delta,47,terms,ki_barrier,0.025,1,1,4.258676747524078,4.258676747524078,,3.433282236201812,3.433282236201812,-3.433282236201812,0.0,1.0,1.0,1,1.0
detailed,published_monthly_6,affine_coupon_delta,47,terms,ki_barrier,0.05,1,1,2.4212578071637836,2.4212578071637836,,10.113216790890846,10.113216790890846,-10.113216790890846,0.0,0.0,0.0,1,1.0
detailed,published_monthly_6,affine_coupon_delta,47,terms,last_strike,-0.05,6,6,13.66042961866333,15.542753483624272,0.9954505517687638,5.137801187741544,6.832277421181154,-1.7295116265424835,0.16666666666666666,0.6666666666666666,0.8333333333333334,6,1.0
detailed,published_monthly_6,affine_coupon_delta,47,terms,last_strike,-0.025,6,6,12.253124494721911,13.363831569649228,0.9967434848757728,2.8548745891376357,4.155722592858706,-1.1723011062238033,0.3333333333333333,0.8333333333333334,1.0,6,1.0
detailed,published_monthly_6,affine_coupon_delta,47,terms,last_strike,-0.01,6,6,11.028307072715506,11.677822843453415,0.9975453680409552,0.8725733421276062,1.4762975160129745,-0.502056716954865,0.6666666666666666,1.0,1.0,6,1.0
detailed,published_monthly_6,affine_coupon_delta,47,terms,last_strike,-0.005,6,6,10.778808036710567,11.280531977591806,0.9977125713233372,0.6084846427428426,0.8407760446195445,-0.48882037507672643,0.8333333333333334,1.0,1.0,5,1.0
detailed,published_monthly_6,affine_coupon_delta,47,terms,last_strike,0.005,6,6,10.414494027559158,10.887935287392454,0.9978794836411209,0.5337061957450738,0.7661992183183918,-0.002838791165860647,0.8333333333333334,1.0,1.0,5,1.0
detailed,published_monthly_6,affine_coupon_delta,47,terms,last_strike,0.01,6,6,10.066200378838706,10.550709910779613,0.9980147407741503,0.853701116173697,1.3881573041806454,0.39290675952685655,0.8333333333333334,1.0,1.0,6,1.0
detailed,published_monthly_6,affine_coupon_delta,47,terms,last_strike,0.025,6,6,8.897296876177279,9.857719134441915,0.998258831821522,2.5579229895527287,4.698646703039139,1.406710366682901,0.6666666666666666,0.8333333333333334,0.8333333333333334,6,1.0
detailed,published_monthly_6,affine_coupon_delta,47,terms,last_strike,0.05,6,6,11.846890986628145,12.465796432415685,0.997156778089394,6.469365119394766,11.93336060909329,3.427139849582069,0.3333333333333333,0.6666666666666666,0.8333333333333334,6,1.0
detailed,published_monthly_6,affine_coupon_delta,47,terms,monthly_barrier,-0.05,6,6,10.698144156420616,13.686767325178232,0.9964483863719428,10.165621347933424,11.0772017842551,6.796238117258191,0.0,0.16666666666666666,0.5,6,1.0
detailed,published_monthly_6,affine_coupon_delta,47,terms,monthly_barrier,-0.025,6,6,9.698505233517608,11.268758862705857,0.9976581867573046,4.80172233797124,5.179027370101835,2.9728888740700676,0.0,0.5,1.0,6,1.0
detailed,published_monthly_6,affine_coupon_delta,47,terms,monthly_barrier,-0.01,6,6,9.92805364129496,10.880160001628969,0.9978537785564204,1.8376009338913246,1.9566010110390717,1.037887504792564,0.16666666666666666,1.0,1.0,6,1.0
detailed,published_monthly_6,affine_coupon_delta,47,terms,monthly_barrier,-0.005,6,6,10.240913634540144,10.910078243165833,0.9978544472341796,0.9181079270260385,0.9671554601825482,0.49344331909835093,0.6666666666666666,1.0,1.0,6,1.0
detailed,published_monthly_6,affine_coupon_delta,47,terms,monthly_barrier,0.005,6,6,10.800863731412088,11.159653026141553,0.997781238759928,0.889361278428091,0.9526900148724693,-0.4588873354939056,0.8333333333333334,1.0,1.0,6,1.0
detailed,published_monthly_6,affine_coupon_delta,47,terms,monthly_barrier,0.01,6,6,11.059256147017246,11.371243914430059,0.9977088354290877,1.740343363722219,1.8617201369900673,-0.861216821657386,0.16666666666666666,1.0,1.0,6,1.0
detailed,published_monthly_6,affine_coupon_delta,47,terms,monthly_barrier,0.025,6,6,11.588424405594802,12.097311192221676,0.9974492971501367,4.172964608197456,4.444800111819592,-1.6720944400238178,0.0,0.6666666666666666,1.0,6,1.0
detailed,published_monthly_6,affine_coupon_delta,47,terms,monthly_barrier,0.05,6,6,11.904513840382606,13.511607011196908,0.9968999130065844,7.560917272469645,8.288134202607774,-1.7382844838931746,0.0,0.3333333333333333,0.6666666666666666,6,1.0
detailed,published_monthly_6,affine_coupon_delta,ensemble,schedule,nobs_early,1.0,6,6,48.21182189826474,56.17796440868774,0.8949962622951404,55.8676936922605,61.7389272781874,42.155533338984704,0.0,0.0,0.0,6,1.0
detailed,published_monthly_6,affine_coupon_delta,ensemble,schedule,nobs_late,1.0,6,6,375.49706740065295,378.42487501036584,-1.7136511988344414,366.2924203620814,370.16369973137137,-366.2924203620814,0.0,0.0,0.0,6,0.6666666666666666
detailed,published_monthly_6,affine_coupon_delta,ensemble,schedule,nobs_middle,1.0,6,6,380.32697239257504,382.83950428501095,-1.723818800692003,371.12232535400335,373.52003247257534,-371.12232535400335,0.0,0.0,0.0,6,0.6666666666666666
detailed,published_monthly_6,affine_coupon_delta,ensemble,schedule,tenor_months,-12.0,6,6,350.9212450677599,372.2447378729501,-4.245690385396888,360.12589210633115,379.12507944873596,360.12589210633115,0.0,0.0,0.0,6,0.5
detailed,published_monthly_6,affine_coupon_delta,ensemble,schedule,tenor_months,-6.0,6,6,185.65358464192863,195.78982975918387,0.08353650135600699,194.8582316805005,203.89257104559647,194.8582316805005,0.0,0.0,0.0,5,0.4
detailed,published_monthly_6,affine_coupon_delta,ensemble,schedule,tenor_months,-3.0,6,6,55.16797193726749,64.9375242373251,0.9077349047794622,63.68806839566766,71.32506879962044,63.68806839566766,0.0,0.0,0.0,6,0.5
detailed,published_monthly_6,affine_coupon_delta,ensemble,schedule,tenor_months,-1.0,6,6,36.36515303034927,41.39656457818495,0.9673541122735397,39.57752268327397,43.959536005770154,39.57752268327397,0.16666666666666666,0.16666666666666666,0.16666666666666666,6,0.5
detailed,published_monthly_6,affine_coupon_delta,ensemble,schedule,tenor_months,1.0,6,6,32.098846161753194,36.22331731606693,0.9777780828899931,22.894199123182066,25.080584493359783,-22.894199123182066,0.0,0.0,0.16666666666666666,6,1.0
detailed,published_monthly_6,affine_coupon_delta,ensemble,schedule,tenor_months,3.0,6,6,95.48865103413846,101.03336552286716,0.8386247583350536,86.28400399556683,91.68713654263357,-86.28400399556683,0.0,0.0,0.0,4,1.0
detailed,published_monthly_6,affine_coupon_delta,ensemble,schedule,tenor_months,6.0,6,6,190.67312100685194,197.2238476846762,0.4350665526319145,181.46847396828045,187.96560905475377,-181.46847396828045,0.0,0.0,0.0,6,0.5
detailed,published_monthly_6,affine_coupon_delta,ensemble,schedule,tenor_months,12.0,6,6,321.8653840932978,330.22132695960363,-0.2724523781534607,312.66073705472644,321.5539448383376,-312.66073705472644,0.0,0.0,0.0,6,0.5
detailed,published_monthly_6,affine_coupon_delta,ensemble,terms,coupon_regular,-0.01,6,6,9.964292650364465,13.052477532241376,0.9969930018303611,3.563739427391584,4.590978747080696,0.07676432456846054,0.3333333333333333,0.6666666666666666,1.0,6,1.0
detailed,published_monthly_6,affine_coupon_delta,ensemble,terms,coupon_regular,-0.005,6,6,10.769813659909536,14.568242351992849,0.9962233963923337,1.7817703726215417,2.295401191951275,0.038514617049888976,0.5,1.0,1.0,6,1.0
detailed,published_monthly_6,affine_coupon_delta,ensemble,terms,coupon_regular,-0.0025,6,6,11.560188724628157,15.39861945417152,0.9957654736183007,0.8909514136936961,1.1477299692441323,0.01925730852554904,0.6666666666666666,1.0,1.0,6,1.0
detailed,published_monthly_6,affine_coupon_delta,ensemble,terms,coupon_regular,-0.001,6,6,12.094733081890505,15.91575406449854,0.9954672867286551,0.3564070564305893,0.45914108853494967,0.007769150792919473,1.0,1.0,1.0,6,1.0
detailed,published_monthly_6,affine_coupon_delta,ensemble,terms,coupon_regular,0.001,6,6,12.807646535826885,16.624910361352672,0.9950421864586941,0.3565063975053085,0.4593031325320959,-0.007603582335570458,1.0,1.0,1.0,6,1.0
detailed,published_monthly_6,affine_coupon_delta,ensemble,terms,coupon_regular,0.0025,6,6,13.342157779398804,17.169521859765478,0.9947030401714017,0.8910176410768832,1.1478989681399072,-0.018992398992840737,0.6666666666666666,1.0,1.0,6,1.0
detailed,published_monthly_6,affine_coupon_delta,ensemble,terms,coupon_regular,0.005,6,6,14.233142306783824,18.09935800296404,0.994098686288398,1.7820021684615963,2.295696212710493,-0.03834904859356314,0.5,1.0,1.0,6,1.0
detailed,published_monthly_6,affine_coupon_delta,ensemble,terms,coupon_regular,0.01,6,6,16.014945793095347,20.02661908620429,0.9927454379507531,3.5638056547740837,4.591135991803476,-0.07663186980280301,0.3333333333333333,0.6666666666666666,1.0,6,1.0
detailed,published_monthly_6,affine_coupon_delta,ensemble,terms,first_strike,-0.05,6,6,7.753630129593451,8.6297777935914,0.9980387904631371,8.36102694645958,10.35132526337877,5.08562983576545,0.0,0.3333333333333333,0.6666666666666666,5,1.0
detailed,published_monthly_6,affine_coupon_delta,ensemble,terms,first_strike,-0.025,6,6,9.991942172885805,11.865426548840567,0.9970281920229803,4.118937599705196,5.0143577931444065,3.20963807828412,0.0,0.6666666666666666,1.0,6,1.0
detailed,published_monthly_6,affine_coupon_delta,ensemble,terms,first_strike,-0.01,6,6,11.238113465160799,14.452064005994618,0.9960252609493135,1.7313065144969961,2.0358946287875597,1.2539464951313672,0.3333333333333333,1.0,1.0,6,1.0
detailed,published_monthly_6,affine_coupon_delta,ensemble,terms,first_strike,-0.005,6,6,11.962628067450169,15.465221135850927,0.9955733146157337,0.9116394710935403,1.09202694770609,0.5226269728809642,0.6666666666666666,1.0,1.0,5,1.0
detailed,published_monthly_6,affine_coupon_delta,ensemble,terms,first_strike,0.005,6,6,13.386416056668773,17.27276145842568,0.9948148288991749,0.9352759183475744,1.217078112504722,-0.31132870071213875,0.5,1.0,1.0,5,1.0
detailed,published_monthly_6,affine_coupon_delta,ensemble,terms,first_strike,0.01,6,6,13.746827531284302,18.062638037997637,0.9944835060974161,1.563656379659274,2.0457175989549126,-0.9239077163365746,0.5,1.0,1.0,6,1.0
detailed,published_monthly_6,affine_coupon_delta,ensemble,terms,first_strike,0.025,6,6,15.452905496794605,20.92763865941393,0.9931018365717308,4.245149873846455,5.18153816012346,-3.042046037925353,0.16666666666666666,0.6666666666666666,0.8333333333333334,6,1.0
detailed,published_monthly_6,affine_coupon_delta,ensemble,terms,first_strike,0.05,6,6,18.070159284635338,26.048195797714015,0.9902891625629385,8.237593357717214,10.602590686161188,-7.400558279286719,0.0,0.3333333333333333,0.8333333333333334,6,1.0
detailed,published_monthly_6,affine_coupon_delta,ensemble,terms,ki_barrier,-0.05,1,1,3.097452881727804,3.097452881727804,,1.9520707158315531,1.9520707158315531,1.9520707158315531,0.0,1.0,1.0,1,1.0
detailed,published_monthly_6,affine_coupon_delta,ensemble,terms,ki_barrier,-0.025,1,1,2.385243193661154,2.385243193661154,,1.2398610277640714,1.2398610277640714,1.2398610277640714,0.0,1.0,1.0,1,1.0
detailed,published_monthly_6,affine_coupon_delta,ensemble,terms,ki_barrier,-0.01,1,1,2.2253753936329304,2.2253753936329304,,1.0799932277339064,1.0799932277339064,1.0799932277339064,0.0,1.0,1.0,1,1.0
detailed,published_monthly_6,affine_coupon_delta,ensemble,terms,ki_barrier,-0.005,1,1,1.7990026130682963,1.7990026130682963,,0.6536204471691196,0.6536204471691196,0.6536204471691196,1.0,1.0,1.0,1,1.0
detailed,published_monthly_6,affine_coupon_delta,ensemble,terms,ki_barrier,0.005,1,1,0.6362772446645977,0.6362772446645977,,0.5091049212358456,0.5091049212358456,-0.5091049212358456,1.0,1.0,1.0,1,1.0
detailed,published_monthly_6,affine_coupon_delta,ensemble,terms,ki_barrier,0.01,1,1,0.26956390483974246,0.26956390483974246,,0.8758182610574679,0.8758182610574679,-0.8758182610574679,1.0,1.0,1.0,1,1.0
detailed,published_monthly_6,affine_coupon_delta,ensemble,terms,ki_barrier,0.025,1,1,2.6502963105394883,2.6502963105394883,,3.795678476436187,3.795678476436187,-3.795678476436187,0.0,1.0,1.0,1,1.0
detailed,published_monthly_6,affine_coupon_delta,ensemble,terms,ki_barrier,0.05,1,1,9.476262244927057,9.476262244927057,,10.621644410824928,10.621644410824928,-10.621644410824928,0.0,0.0,0.0,1,1.0
detailed,published_monthly_6,affine_coupon_delta,ensemble,terms,last_strike,-0.05,6,6,15.697617036011252,20.32184513223368,0.9922226958314521,7.733368898792193,9.871325944495124,-2.0308462195734998,0.16666666666666666,0.3333333333333333,0.6666666666666666,6,1.0
detailed,published_monthly_6,affine_coupon_delta,ensemble,terms,last_strike,-0.025,6,6,13.316511579198353,18.307593508076195,0.9938884181176919,4.614108141039503,5.830090075769727,-1.615097389522304,0.16666666666666666,0.6666666666666666,0.8333333333333334,6,1.0
detailed,published_monthly_6,affine_coupon_delta,ensemble,terms,last_strike,-0.01,6,6,12.808159357403989,16.94375119153968,0.9948324849496915,1.748102820832585,2.199332649243513,-0.7282232301858689,0.16666666666666666,1.0,1.0,6,1.0
detailed,published_monthly_6,affine_coupon_delta,ensemble,terms,last_strike,-0.005,6,6,12.481863563341904,16.530088572022112,0.9950882216479816,1.0727385981601134,1.2941242365369106,-0.6084270289265654,0.5,1.0,1.0,5,1.0
detailed,published_monthly_6,affine_coupon_delta,ensemble,terms,last_strike,0.005,6,6,12.320584886825904,16.19153077317646,0.9953105016817623,0.8765269799401166,1.0596789449595145,0.12739735766781277,0.8333333333333334,1.0,1.0,5,1.0
detailed,published_monthly_6,affine_coupon_delta,ensemble,terms,last_strike,0.01,6,6,12.247304643466427,15.894545274173373,0.9954944265533276,1.621502334422427,2.0694125098320146,0.6611938883991365,0.3333333333333333,1.0,1.0,6,1.0
detailed,published_monthly_6,affine_coupon_delta,ensemble,terms,last_strike,0.025,6,6,11.710289683226014,15.033820502955075,0.9959502654005914,4.619518191452722,6.260912155616022,2.1137870221768655,0.0,0.8333333333333334,0.8333333333333334,6,1.0
detailed,published_monthly_6,affine_coupon_delta,ensemble,terms,last_strike,0.05,6,6,15.091189425585375,16.947167176382248,0.9947450943434105,10.386910402016738,14.84564739729853,4.824703201106776,0.0,0.3333333333333333,0.8333333333333334,6,1.0
detailed,published_monthly_6,affine_coupon_delta,ensemble,terms,monthly_barrier,-0.05,6,6,16.203051019436014,20.415192987543453,0.9920981110028899,10.037107111059434,11.551909821385825,7.370263960136806,0.0,0.16666666666666666,0.6666666666666666,6,1.0
detailed,published_monthly_6,affine_coupon_delta,ensemble,terms,monthly_barrier,-0.025,6,6,14.467505975687951,17.807578570924875,0.9941519668640932,4.731653766668552,5.40027953186377,3.117397023958786,0.16666666666666666,0.6666666666666666,1.0,6,1.0
detailed,published_monthly_6,affine_coupon_delta,ensemble,terms,monthly_barrier,-0.01,6,6,13.267246652233249,16.784655877050685,0.9948922592151265,1.8057124489361207,2.0412513191138593,1.0577888334091126,0.16666666666666666,1.0,1.0,6,1.0
detailed,published_monthly_6,affine_coupon_delta,ensemble,terms,monthly_barrier,-0.005,6,6,12.849393217170169,16.509466028359174,0.9950869687883994,0.9014848538719512,1.008623175108459,0.49668846086939383,0.6666666666666666,1.0,1.0,6,1.0
detailed,published_monthly_6,affine_coupon_delta,ensemble,terms,monthly_barrier,0.005,6,6,12.013308273864823,16.023152016222525,0.9954259059207965,0.8707513837816757,0.9893034740376773,-0.448622091116045,0.5,1.0,1.0,6,1.0
detailed,published_monthly_6,affine_coupon_delta,ensemble,terms,monthly_barrier,0.01,6,6,11.59995115315572,15.803065820364688,0.9955749005820889,1.7011367529368755,1.923614214883878,-0.8267785824540738,0.16666666666666666,1.0,1.0,6,1.0
detailed,published_monthly_6,affine_coupon_delta,ensemble,terms,monthly_barrier,0.025,6,6,11.511313320762687,15.078347602232537,0.9960373139687011,4.057364711024802,4.601259008500521,-1.4795383237080728,0.0,0.5,1.0,6,1.0
detailed,published_monthly_6,affine_coupon_delta,ensemble,terms,monthly_barrier,0.05,6,6,11.8050961358634,13.54131830013301,0.9968862641711659,7.259450224672581,8.681103664913081,-0.9827624976733086,0.0,0.5,0.6666666666666666,6,1.0
detailed,published_monthly_6,augmented_delta,101,schedule,nobs_early,1.0,6,6,184.32009373559745,198.08267150195923,-0.3054664961767808,187.78405186739315,197.22102771398534,187.78405186739315,0.0,0.0,0.0,6,0.3333333333333333
detailed,published_monthly_6,augmented_delta,101,schedule,nobs_late,1.0,6,6,263.49066803406276,268.4053622030422,-0.3651395472278878,260.0267099022665,264.28864521597194,-260.0267099022665,0.0,0.0,0.0,6,0.6666666666666666
detailed,published_monthly_6,augmented_delta,101,schedule,nobs_middle,1.0,6,6,243.67401929766888,252.07476078383257,-0.18087369985436985,240.21006116587262,244.9147640748669,-240.21006116587262,0.0,0.0,0.0,6,0.6666666666666666
detailed,published_monthly_6,augmented_delta,101,schedule,tenor_months,-12.0,6,6,527.0013130202345,558.2307474280472,-10.797039322568518,530.4652711520299,559.4083023203177,530.4652711520299,0.0,0.0,0.0,6,0.5
detailed,published_monthly_6,augmented_delta,101,schedule,tenor_months,-6.0,6,6,215.96413596740908,242.10393439041488,-0.4013241582019025,219.4280940992053,243.885547559196,219.4280940992053,0.0,0.0,0.0,5,0.4
detailed,published_monthly_6,augmented_delta,101,schedule,tenor_months,-3.0,6,6,120.31185068516636,131.2629381374311,0.6230096595550292,123.77580881696265,132.42527173794255,123.77580881696265,0.0,0.0,0.0,6,0.3333333333333333
detailed,published_monthly_6,augmented_delta,101,schedule,tenor_months,-1.0,6,6,34.74891620934644,42.70585915794055,0.965256400760264,38.21287434114176,41.29926614237289,38.21287434114176,0.0,0.0,0.0,6,0.3333333333333333
detailed,published_monthly_6,augmented_delta,101,schedule,tenor_months,1.0,6,6,31.800127550353256,38.4785879335849,0.974924861816519,28.336169418557876,29.818689867972495,-28.336169418557876,0.0,0.0,0.0,6,1.0
detailed,published_monthly_6,augmented_delta,101,schedule,tenor_months,3.0,6,6,106.46832330713853,111.94801071673935,0.8018746590134911,103.00436517534244,107.66578654110006,-103.00436517534244,0.0,0.0,0.0,4,1.0
detailed,published_monthly_6,augmented_delta,101,schedule,tenor_months,6.0,6,6,224.57097787813896,230.6567734822464,0.2273000947621595,221.10701974634298,227.01468283535448,-221.10701974634298,0.0,0.0,0.0,6,0.5
detailed,published_monthly_6,augmented_delta,101,schedule,tenor_months,12.0,6,6,410.0240644263292,419.228846903495,-1.0508486840862772,406.5601062945334,416.8428263010773,-406.5601062945334,0.0,0.0,0.0,6,0.5
detailed,published_monthly_6,augmented_delta,101,terms,coupon_regular,-0.01,6,6,10.920372385671726,14.844532213418178,0.996110620792874,9.927363099453144,10.702260610510145,-1.3961657889058827,0.0,0.16666666666666666,0.5,6,1.0
detailed,published_monthly_6,augmented_delta,101,terms,coupon_regular,-0.005,6,6,12.063055335305156,17.13061639019146,0.9947780456813567,5.593354951241172,6.266875293751174,-1.0722510520307484,0.0,0.5,1.0,6,1.0
detailed,published_monthly_6,augmented_delta,101,terms,coupon_regular,-0.0025,6,6,14.137493564716047,18.725274244846705,0.9937382223225295,2.863633359918271,3.2902413300086213,-0.6651695819539535,0.16666666666666666,1.0,1.0,6,1.0
detailed,published_monthly_6,augmented_delta,101,terms,coupon_regular,-0.001,6,6,15.851978092690237,19.829315280663504,0.9929641067093176,1.1491488319432845,1.343292270265507,-0.3009166817603968,0.5,1.0,1.0,6,1.0
detailed,published_monthly_6,augmented_delta,101,terms,coupon_regular,0.001,6,6,18.141633083084646,21.445689656215382,0.9917500446409254,1.1405061584507614,1.3681997837593116,0.3518786530430571,0.5,1.0,1.0,6,1.0
detailed,published_monthly_6,augmented_delta,101,terms,coupon_regular,0.0025,6,6,19.81230819715044,22.739616155540954,0.9907086988568509,2.8111812725160923,3.446556878491103,0.9786900134725727,0.16666666666666666,0.8333333333333334,1.0,6,1.0
detailed,published_monthly_6,augmented_delta,101,terms,coupon_regular,0.005,6,6,22.41040286459429,24.982160833672364,0.9887569960990635,5.409275939959596,6.913353959473359,2.297027161090005,0.16666666666666666,0.5,0.8333333333333334,6,1.0
detailed,published_monthly_6,augmented_delta,101,terms,coupon_regular,0.01,6,6,26.54841107256925,29.47716341314563,0.9842830850580869,9.824970295399465,13.576067856450456,5.873070657985274,0.16666666666666666,0.5,0.5,6,1.0
detailed,published_monthly_6,augmented_delta,101,terms,first_strike,-0.05,6,6,17.390241391152205,19.342527675712287,0.9901473915555253,8.31572387538205,10.200116220660883,-4.789270346323134,0.16666666666666666,0.3333333333333333,0.6666666666666666,5,1.0
detailed,published_monthly_6,augmented_delta,101,terms,first_strike,-0.025,6,6,14.932533704766684,19.398596090838524,0.9920568157870913,2.3512675663625546,3.1442207154367883,-0.9175199807301557,0.5,0.8333333333333334,1.0,6,1.0
detailed,published_monthly_6,augmented_delta,101,terms,first_strike,-0.01,6,6,16.134304046268273,20.101020801709982,0.9923107302816863,0.9320970112536114,1.1337736754141385,-0.2091157382634327,0.5,1.0,1.0,6,1.0
detailed,published_monthly_6,augmented_delta,101,terms,first_strike,-0.005,6,6,16.743615965958877,20.40444344881826,0.9922942326118342,0.6606194025641908,0.6943026609539678,-0.17799251276251915,1.0,1.0,1.0,5,1.0
detailed,published_monthly_6,augmented_delta,101,terms,first_strike,0.005,6,6,17.68669249506426,21.07100591993911,0.9922836826714532,0.6855655704304763,0.9248845422392096,0.32786488712071865,0.6666666666666666,1.0,1.0,5,1.0
detailed,published_monthly_6,augmented_delta,101,terms,first_strike,0.01,6,6,17.782360005801518,21.183848350577314,0.9924122938792815,1.0618646755010428,1.3021125950918193,0.2926893109125402,0.5,1.0,1.0,6,1.0
detailed,published_monthly_6,augmented_delta,101,terms,first_strike,0.025,6,6,18.62099170768094,21.95794798387439,0.9924058962355102,2.3296194892775417,2.577909055934267,-0.4679863396083202,0.16666666666666666,1.0,1.0,6,1.0
detailed,published_monthly_6,augmented_delta,101,terms,first_strike,0.05,6,6,19.123507149393845,23.68117333814275,0.9919738398360811,5.643573274768247,6.800242483294111,-3.9013682666727867,0.0,0.5,0.8333333333333334,6,1.0
detailed,published_monthly_6,augmented_delta,101,terms,ki_barrier,-0.05,1,1,0.9127439685616991,0.9127439685616991,,3.9575311314976886,3.9575311314976886,-3.9575311314976886,0.0,1.0,1.0,1,1.0
detailed,published_monthly_6,augmented_delta,101,terms,ki_barrier,-0.025,1,1,3.394945876156271,3.394945876156271,,1.4753292239034792,1.4753292239034792,-1.4753292239034792,0.0,1.0,1.0,1,1.0
detailed,published_monthly_6,augmented_delta,101,terms,ki_barrier,-0.01,1,1,4.920300066076379,4.920300066076379,,0.05002496601515638,0.05002496601515638,0.05002496601515638,1.0,1.0,1.0,1,1.0
detailed,published_monthly_6,augmented_delta,101,terms,ki_barrier,-0.005,1,1,5.018845523834898,5.018845523834898,,0.14857042377304985,0.14857042377304985,0.14857042377304985,1.0,1.0,1.0,1,1.0
detailed,published_monthly_6,augmented_delta,101,terms,ki_barrier,0.005,1,1,4.847544080193984,4.847544080193984,,0.02273101986865811,0.02273101986865811,-0.02273101986865811,1.0,1.0,1.0,1,1.0
detailed,published_monthly_6,augmented_delta,101,terms,ki_barrier,0.01,1,1,4.948131155408191,4.948131155408191,,0.07785605534878215,0.07785605534878215,0.07785605534878215,1.0,1.0,1.0,1,1.0
detailed,published_monthly_6,augmented_delta,101,terms,ki_barrier,0.025,1,1,3.321691731654937,3.321691731654937,,1.5485833684039605,1.5485833684039605,-1.5485833684039605,0.0,1.0,1.0,1,1.0
detailed,published_monthly_6,augmented_delta,101,terms,ki_barrier,0.05,1,1,1.7155388130231586,1.7155388130231586,,6.5858139130832285,6.5858139130832285,-6.5858139130832285,0.0,0.0,1.0,1,1.0
detailed,published_monthly_6,augmented_delta,101,terms,last_strike,-0.05,6,6,19.889941350983765,24.734535949611868,0.9884784650012508,6.51229201020231,7.187551239543446,-0.5867912451236196,0.0,0.5,0.8333333333333334,6,1.0
detailed,published_monthly_6,augmented_delta,101,terms,last_strike,-0.025,6,6,17.830238873272112,22.46507691223126,0.9907974765601334,3.7698259339643188,4.610989498547344,-1.1529295966718014,0.16666666666666666,0.8333333333333334,1.0,6,1.0
detailed,published_monthly_6,augmented_delta,101,terms,last_strike,-0.01,6,6,17.292382352314537,21.11894707708659,0.9919720040819654,1.5449937149777089,1.7974127588133662,-0.6141134491325994,0.16666666666666666,1.0,1.0,6,1.0
detailed,published_monthly_6,augmented_delta,101,terms,last_strike,-0.005,6,6,16.991186736440795,20.57731176218583,0.9923885802207814,0.848612682067095,1.0603166547120493,-0.5633261810459648,0.6666666666666666,1.0,1.0,5,1.0
detailed,published_monthly_6,augmented_delta,101,terms,last_strike,0.005,6,6,16.926268902311676,20.50730691978082,0.9924774024565728,0.7032662276383393,0.9061333309168834,0.10693309629548375,0.6666666666666666,1.0,1.0,5,1.0
detailed,published_monthly_6,augmented_delta,101,terms,last_strike,0.01,6,6,16.725152606503798,20.39784610867051,0.9925796826399824,1.3868845173432958,1.7386231109330417,0.6445377015536307,0.3333333333333333,1.0,1.0,6,1.0
detailed,published_monthly_6,augmented_delta,101,terms,last_strike,0.025,6,6,15.554466429469054,19.802797709851955,0.9929734693767552,4.458254513643133,5.774461006172093,2.253195663568073,0.0,0.8333333333333334,0.8333333333333334,6,1.0
detailed,published_monthly_6,augmented_delta,101,terms,last_strike,0.05,6,6,18.10678708692194,22.05031933030124,0.9911038834783968,10.336941841480035,14.524612381259521,5.6672810823905,0.0,0.3333333333333333,0.6666666666666666,6,1.0
detailed,published_monthly_6,augmented_delta,101,terms,monthly_barrier,-0.05,6,6,22.054815807625044,28.921240484779513,0.9841416580380632,11.886000131051416,14.878365828855285,10.991411698699435,0.0,0.3333333333333333,0.3333333333333333,6,1.0
detailed,published_monthly_6,augmented_delta,101,terms,monthly_barrier,-0.025,6,6,18.92868184128535,24.102928473247157,0.989286294352126,5.539627840290575,7.0995501543408235,4.9926916033588045,0.16666666666666666,0.6666666666666666,0.8333333333333334,6,1.0
detailed,published_monthly_6,augmented_delta,101,terms,monthly_barrier,-0.01,6,6,17.777397667621397,21.83481067329799,0.9913562374755134,2.1763539983647946,2.7279113211708443,1.8288411409619976,0.3333333333333333,0.8333333333333334,1.0,6,1.0
detailed,published_monthly_6,augmented_delta,101,terms,monthly_barrier,-0.005,6,6,17.378981969492695,21.19923294564234,0.9918992773457836,1.0949350398596973,1.3517604019812086,0.8860392460189238,0.6666666666666666,1.0,1.0,6,1.0
detailed,published_monthly_6,augmented_delta,101,terms,monthly_barrier,0.005,6,6,16.582931479262395,20.07645151124901,0.9928190302816126,1.080990211380972,1.3247920914906253,-0.8460195033100678,0.6666666666666666,1.0,1.0,6,1.0
detailed,published_monthly_6,augmented_delta,101,terms,monthly_barrier,0.01,6,6,16.188846527029455,19.600910616280913,0.9931924187903785,2.1376083211501977,2.588736898059925,-1.6300173981852994,0.3333333333333333,1.0,1.0,6,1.0
detailed,published_monthly_6,augmented_delta,101,terms,monthly_barrier,0.025,6,6,14.940885660271912,18.310200809063968,0.9941565628580155,5.272272940004911,6.230735404566079,-3.5530183469858945,0.0,0.6666666666666666,0.8333333333333334,6,1.0
detailed,published_monthly_6,augmented_delta,101,terms,monthly_barrier,0.05,6,6,14.418637757008582,16.669604285589887,0.9952814294653018,10.095902814767008,11.63489110400919,-5.351319368028103,0.0,0.16666666666666666,0.6666666666666666,6,1.0
detailed,published_monthly_6,augmented_delta,233,schedule,nobs_early,1.0,6,6,78.78679190530572,96.24112702578628,0.6918273013363652,83.43042529828098,91.44369432606798,83.43042529828098,0.0,0.0,0.0,6,0.6666666666666666
detailed,published_monthly_6,augmented_delta,233,schedule,nobs_late,1.0,6,6,327.8419286961416,329.636082993313,-1.0590370529785607,323.1982953031657,327.57901954169057,-323.1982953031657,0.0,0.0,0.0,6,0.6666666666666666
detailed,published_monthly_6,augmented_delta,233,schedule,nobs_middle,1.0,6,6,334.7835931387638,335.9065658910785,-1.0969192602977524,330.13995974578796,332.133219671304,-330.13995974578796,0.0,0.0,0.0,6,0.6666666666666666
detailed,published_monthly_6,augmented_delta,233,schedule,tenor_months,-12.0,6,6,501.7649051044834,516.8828232909282,-9.114157676190208,506.40853849745844,519.6493096567606,506.40853849745844,0.0,0.0,0.0,6,0.5
detailed,published_monthly_6,augmented_delta,233,schedule,tenor_months,-6.0,6,6,279.4144724237079,300.16600606187524,-1.154060654584153,284.05810581668374,300.858564205925,284.05810581668374,0.0,0.0,0.0,5,0.4
detailed,published_monthly_6,augmented_delta,233,schedule,tenor_months,-3.0,6,6,78.92963725158279,92.02561124398228,0.8147051274286923,83.57327064455866,88.04356777000908,83.57327064455866,0.0,0.0,0.0,6,0.3333333333333333
detailed,published_monthly_6,augmented_delta,233,schedule,tenor_months,-1.0,6,6,35.368397801247134,44.57195758094627,0.9621537113766938,30.761677009511914,33.189384030548105,28.126973716548665,0.0,0.0,0.16666666666666666,6,0.6666666666666666
detailed,published_monthly_6,augmented_delta,233,schedule,tenor_months,1.0,6,6,30.673288208251808,34.419501887405175,0.9799361512756437,20.36871721035679,21.19743396803015,-20.36871721035679,0.0,0.0,0.0,6,1.0
detailed,published_monthly_6,augmented_delta,233,schedule,tenor_months,3.0,6,6,86.75766332636461,89.17548822239816,0.8742817702515191,82.1140299333889,84.47939213753033,-82.1140299333889,0.0,0.0,0.0,4,1.0
detailed,published_monthly_6,augmented_delta,233,schedule,tenor_months,6.0,6,6,186.51986935890272,187.5543912835269,0.48910352349197717,181.87623596592712,184.61050699211177,-181.87623596592712,0.0,0.0,0.0,6,0.5
detailed,published_monthly_6,augmented_delta,233,schedule,tenor_months,12.0,6,6,342.7764153924648,345.0423322463269,-0.389236107900506,338.1327819994895,342.81848372869825,-338.1327819994895,0.0,0.0,0.0,6,0.5
detailed,published_monthly_6,augmented_delta,233,terms,coupon_regular,-0.01,6,6,17.619118496718027,21.02627133542799,0.9921968171431362,5.559187461627722,6.339969459823284,3.569000461958782,0.16666666666666666,0.3333333333333333,1.0,6,1.0
detailed,published_monthly_6,augmented_delta,233,terms,coupon_regular,-0.005,6,6,20.374473005324642,23.554069001720922,0.9901276856752315,2.8038329530221326,3.2270302770507655,1.8393365041724579,0.16666666666666666,1.0,1.0,6,1.0
detailed,published_monthly_6,augmented_delta,233,terms,coupon_regular,-0.0025,6,6,21.771770121865302,24.87517149647734,0.9889497160650126,1.406535836481155,1.6256642286900882,0.9311421462056332,0.3333333333333333,1.0,1.0,6,1.0
detailed,published_monthly_6,augmented_delta,233,terms,coupon_regular,-0.001,6,6,22.614718081222236,25.68371174604741,0.9881962668606162,0.5635878771236937,0.6529896351278359,0.3749006489179072,1.0,1.0,1.0,6,1.0
detailed,published_monthly_6,augmented_delta,233,terms,coupon_regular,0.001,6,6,23.742688564067066,26.778662150592794,0.9871367912746807,0.5643826057209473,0.6557313096493114,-0.37728483470922153,1.0,1.0,1.0,6,1.0
detailed,published_monthly_6,augmented_delta,233,terms,coupon_regular,0.0025,6,6,24.591000941454695,27.61162344049384,0.9863008329602668,1.412694983108106,1.6452349844533227,-0.9476327645934267,0.3333333333333333,1.0,1.0,6,1.0
detailed,published_monthly_6,augmented_delta,233,terms,coupon_regular,0.005,6,6,26.005484063905897,29.018867461499166,0.9848300803935494,2.8271781055592746,3.306030114360755,-1.9055970009481626,0.3333333333333333,1.0,1.0,6,1.0
detailed,published_monthly_6,augmented_delta,233,terms,coupon_regular,0.01,6,6,28.828390503255832,31.896668420912548,0.9815970870326549,5.65008454490997,6.6700716527982085,-3.8319562864930794,0.16666666666666666,0.5,1.0,6,1.0
detailed,published_monthly_6,augmented_delta,233,terms,first_strike,-0.05,6,6,16.31665532284872,22.207977859558913,0.9870119844041721,15.781404315648976,19.53626486192572,10.641974821726999,0.0,0.3333333333333333,0.5,5,0.8
detailed,published_monthly_6,augmented_delta,233,terms,first_strike,-0.025,6,6,17.265772216708985,23.660196946849734,0.9881834487101601,7.205007073398446,9.78841942496783,6.958141074516834,0.3333333333333333,0.5,0.5,6,0.8333333333333334
detailed,published_monthly_6,augmented_delta,233,terms,first_strike,-0.01,6,6,20.775663019408967,24.909450364058618,0.9881919778658859,2.943274582832352,3.9058324850048494,2.943274582832352,0.3333333333333333,0.8333333333333334,1.0,6,0.8333333333333334
detailed,published_monthly_6,augmented_delta,233,terms,first_strike,-0.005,6,6,22.06637981839746,25.608509909701553,0.9878623389463015,1.7604496410474022,2.1471268410769273,1.3946760396361626,0.3333333333333333,1.0,1.0,5,0.8
detailed,published_monthly_6,augmented_delta,233,terms,first_strike,0.005,6,6,24.528500277421397,27.22715611984237,0.9871161961470083,1.583286288046495,2.022610493280836,-1.2310945969796232,0.5,1.0,1.0,5,0.8
detailed,published_monthly_6,augmented_delta,233,terms,first_strike,0.01,6,6,25.44799801952983,27.927804975677603,0.986812138105771,3.035105076934736,3.9696684768836934,-2.8038713262436286,0.3333333333333333,0.8333333333333334,1.0,6,0.8333333333333334
detailed,published_monthly_6,augmented_delta,233,terms,first_strike,0.025,6,6,28.226318469620008,30.64684348311937,0.985206718421443,7.975986077665774,10.043691403505221,-7.975986077665774,0.16666666666666666,0.3333333333333333,0.6666666666666666,6,0.8333333333333334
detailed,published_monthly_6,augmented_delta,233,terms,first_strike,0.05,6,6,32.80081516458025,36.85561615146006,0.9805594413507603,17.587985482147236,20.64988367046511,-17.587985482147236,0.0,0.16666666666666666,0.16666666666666666,6,0.8333333333333334
detailed,published_monthly_6,augmented_delta,233,terms,ki_barrier,-0.05,1,1,16.347962779596855,16.347962779596855,,7.9622057306849285,7.9622057306849285,7.9622057306849285,0.0,0.0,1.0,1,1.0
detailed,published_monthly_6,augmented_delta,233,terms,ki_barrier,-0.025,1,1,12.867316023861349,12.867316023861349,,4.48155897494906,4.48155897494906,4.48155897494906,0.0,1.0,1.0,1,1.0
detailed,published_monthly_6,augmented_delta,233,terms,ki_barrier,-0.01,1,1,10.815199434362512,10.815199434362512,,2.42944238544875,2.42944238544875,2.42944238544875,0.0,1.0,1.0,1,1.0
detailed,published_monthly_6,augmented_delta,233,terms,ki_barrier,-0.005,1,1,9.722844089508726,9.722844089508726,,1.337087040594339,1.337087040594339,1.337087040594339,0.0,1.0,1.0,1,1.0
detailed,published_monthly_6,augmented_delta,233,terms,ki_barrier,0.005,1,1,7.178085690911757,7.178085690911757,,1.2076713580034237,1.2076713580034237,-1.2076713580034237,0.0,1.0,1.0,1,1.0
detailed,published_monthly_6,augmented_delta,233,terms,ki_barrier,0.01,1,1,6.096116613782215,6.096116613782215,,2.2896404351297335,2.2896404351297335,-2.2896404351297335,0.0,1.0,1.0,1,1.0
detailed,published_monthly_6,augmented_delta,233,terms,ki_barrier,0.025,1,1,0.9434664051168511,0.9434664051168511,,7.4422906437945855,7.4422906437945855,-7.4422906437945855,0.0,0.0,1.0,1,1.0
detailed,published_monthly_6,augmented_delta,233,terms,ki_barrier,0.05,1,1,9.865877939610073,9.865877939610073,,18.25163498852268,18.25163498852268,-18.25163498852268,0.0,0.0,0.0,1,1.0
detailed,published_monthly_6,augmented_delta,233,terms,last_strike,-0.05,6,6,34.55282620529579,37.627969501904175,0.9733360567477013,18.79892330649266,21.890756804888177,-4.158698924363528,0.0,0.0,0.3333333333333333,6,1.0
detailed,published_monthly_6,augmented_delta,233,terms,last_strike,-0.025,6,6,29.16983711516362,31.08720724205109,0.9823780270790273,10.040433246484664,11.629668107983758,-1.6385087694419838,0.0,0.16666666666666666,0.6666666666666666,6,1.0
detailed,published_monthly_6,augmented_delta,233,terms,last_strike,-0.01,6,6,25.77451547574583,27.939132634768267,0.9859496074502146,3.944875395784186,4.605439276089927,-0.48735423791026883,0.0,0.6666666666666666,1.0,6,1.0
detailed,published_monthly_6,augmented_delta,233,terms,last_strike,-0.005,6,6,24.584927624130916,27.014642997085065,0.9868814188929762,2.029877400440711,2.4212841190240395,-0.44679910051007604,0.5,1.0,1.0,5,1.0
detailed,published_monthly_6,augmented_delta,233,terms,last_strike,0.005,6,6,22.05846205019437,25.714146551051936,0.9881724499442294,1.8459866090572035,2.2545232669819257,-0.11489552334359503,0.3333333333333333,1.0,1.0,5,1.0
detailed,published_monthly_6,augmented_delta,233,terms,last_strike,0.01,6,6,20.68972422752904,25.19141401945596,0.9886822798952475,3.6338802843008966,4.409811771688615,0.0982611321871758,0.16666666666666666,0.6666666666666666,1.0,6,1.0
detailed,published_monthly_6,augmented_delta,233,terms,last_strike,0.025,6,6,19.95873421420644,24.50778952590756,0.9892379222545713,10.067044501798796,11.960619211572196,0.14040968842972687,0.16666666666666666,0.16666666666666666,0.6666666666666666,6,1.0
detailed,published_monthly_6,augmented_delta,233,terms,last_strike,0.05,6,6,22.2581076293521,28.33781756293863,0.9853072362261615,22.138925481913276,25.502014920001553,-0.7986307828438749,0.0,0.0,0.16666666666666666,6,1.0
detailed,published_monthly_6,augmented_delta,233,terms,monthly_barrier,-0.05,6,6,21.345909589278563,31.834603728166325,0.9807857763479688,18.015223039031465,21.130539524815394,18.015223039031465,0.0,0.16666666666666666,0.3333333333333333,6,1.0
detailed,published_monthly_6,augmented_delta,233,terms,monthly_barrier,-0.025,6,6,19.616155924296436,27.043753684682187,0.9865124201224056,8.300352024094481,9.939461805911975,8.300352024094481,0.16666666666666666,0.3333333333333333,0.6666666666666666,6,1.0
detailed,published_monthly_6,augmented_delta,233,terms,monthly_barrier,-0.01,6,6,21.814169423925403,26.094348221068703,0.9876548357409178,3.1588349641939977,3.78583891892207,3.1025923998120954,0.3333333333333333,0.8333333333333334,1.0,6,1.0
detailed,published_monthly_6,augmented_delta,233,terms,monthly_barrier,-0.005,6,6,22.49004231838747,26.075719441731795,0.9877437935294416,1.5613331871007408,1.868556297307611,1.5150669305485465,0.3333333333333333,1.0,1.0,6,1.0
detailed,published_monthly_6,augmented_delta,233,terms,monthly_barrier,0.005,6,6,23.790790735264636,26.441314368742407,0.9875440956038515,1.5339701777663202,1.8156990217099205,-1.4584572283772061,0.3333333333333333,1.0,1.0,6,1.0
detailed,published_monthly_6,augmented_delta,233,terms,monthly_barrier,0.01,6,6,24.37965500057423,26.768478494384965,0.987303392091382,3.0179761598776573,3.5531992188207013,-2.8387995942302218,0.3333333333333333,0.8333333333333334,1.0,6,1.0
detailed,published_monthly_6,augmented_delta,233,terms,monthly_barrier,0.025,6,6,26.020836894029344,28.226438091158624,0.9861134514241865,7.164004044771929,8.400019562218493,-6.454870477875787,0.16666666666666666,0.3333333333333333,0.8333333333333334,6,1.0
detailed,published_monthly_6,augmented_delta,233,terms,monthly_barrier,0.05,6,6,28.006076984279996,31.164387281622925,0.9835078583571318,12.97918792979903,15.127800471194051,-10.773454562170762,0.16666666666666666,0.16666666666666666,0.3333333333333333,6,1.0
detailed,published_monthly_6,augmented_delta,47,schedule,nobs_early,1.0,6,6,70.91357277170482,81.77465458224776,0.7775101527424686,76.33330024487522,87.5079380449877,76.33330024487522,0.0,0.0,0.0,6,0.6666666666666666
detailed,published_monthly_6,augmented_delta,47,schedule,nobs_late,1.0,6,6,365.1574165577749,368.60302618465477,-1.5746160070028314,335.8742164253988,342.78723181819964,-335.8742164253988,0.0,0.0,0.0,6,0.6666666666666666
detailed,published_monthly_6,augmented_delta,47,schedule,nobs_middle,1.0,6,6,401.7829888271387,407.3580262033186,-2.083878634225502,372.49978869476263,378.12555253271455,-372.49978869476263,0.0,0.0,0.0,6,0.6666666666666666
detailed,published_monthly_6,augmented_delta,47,schedule,tenor_months,-12.0,6,6,374.00274639273204,385.0148820937199,-4.6117789141268375,403.28594652510736,410.7031075273929,403.28594652510736,0.0,0.0,0.0,6,0.5
detailed,published_monthly_6,augmented_delta,47,schedule,tenor_months,-6.0,6,6,349.7819279061908,369.5349381378741,-2.2647198963714676,379.06512803856685,393.04763446453234,379.06512803856685,0.0,0.0,0.0,5,0.4
detailed,published_monthly_6,augmented_delta,47,schedule,tenor_months,-3.0,6,6,142.4659037374328,151.2479994706543,0.4994755946387299,171.74910386980892,176.04859535869008,171.74910386980892,0.0,0.0,0.0,6,0.3333333333333333
detailed,published_monthly_6,augmented_delta,47,schedule,tenor_months,-1.0,6,6,24.277682400042675,32.649967240571115,0.9796920830008421,38.04419319642741,41.256442626115145,38.04419319642741,0.0,0.0,0.0,6,0.3333333333333333
detailed,published_monthly_6,augmented_delta,47,schedule,tenor_months,1.0,6,6,48.69665356913174,53.83987790273504,0.9509077185552729,19.41345343675653,21.66969818230784,-19.41345343675653,0.0,0.16666666666666666,0.3333333333333333,6,1.0
detailed,published_monthly_6,augmented_delta,47,schedule,tenor_months,3.0,6,6,106.99890398671414,110.10297171856529,0.8083515340028387,77.7157038543382,83.95903043600799,-77.7157038543382,0.0,0.0,0.0,4,1.0
detailed,published_monthly_6,augmented_delta,47,schedule,tenor_months,6.0,6,6,204.01770690239027,207.4527622594558,0.37494695178225756,174.73450677001446,181.73020442064114,-174.73450677001446,0.0,0.0,0.0,6,0.5
detailed,published_monthly_6,augmented_delta,47,schedule,tenor_months,12.0,6,6,360.96745495469014,368.18377124992304,-0.5818328303046449,331.6842548223146,342.61834804452457,-331.6842548223146,0.0,0.0,0.0,6,0.5
detailed,published_monthly_6,augmented_delta,47,terms,coupon_regular,-0.01,6,6,35.20015863277149,40.19676626741385,0.9714813155289921,3.507689730701687,4.152612812693664,-1.6334916161865631,0.0,0.8333333333333334,1.0,6,1.0
detailed,published_monthly_6,augmented_delta,47,terms,coupon_regular,-0.005,6,6,35.78101270643432,40.3544551024744,0.9710218895472916,1.866696326125781,2.203895990738067,-0.9231400990176463,0.16666666666666666,1.0,1.0,6,1.0
detailed,published_monthly_6,augmented_delta,47,terms,coupon_regular,-0.0025,6,6,36.039998293145196,40.37059878959127,0.9708947286741273,0.9633988381368189,1.1380894449524268,-0.4904286316874333,0.6666666666666666,1.0,1.0,6,1.0
detailed,published_monthly_6,augmented_delta,47,terms,coupon_regular,-0.001,6,6,36.18462107268291,40.36481487383776,0.9708452220429385,0.3926909065621625,0.46398687240482167,-0.20326440540338186,1.0,1.0,1.0,6,1.0
detailed,published_monthly_6,augmented_delta,47,terms,coupon_regular,0.001,6,6,36.36437153724061,40.34361442376695,0.9708041466439797,0.402923037248474,0.4763377175465333,0.21270180749252,1.0,1.0,1.0,6,1.0
detailed,published_monthly_6,augmented_delta,47,terms,coupon_regular,0.0025,6,6,36.48912610185349,40.320378388779325,0.97078812217903,1.0266791026735664,1.2136766048650223,0.5501326175375141,0.6666666666666666,1.0,1.0,6,1.0
detailed,published_monthly_6,augmented_delta,47,terms,coupon_regular,0.005,6,6,36.678771618477185,40.27581629704123,0.9707779241292389,2.1187246324512827,2.502299564975402,1.159671197700926,0.3333333333333333,1.0,1.0,6,1.0
detailed,published_monthly_6,augmented_delta,47,terms,coupon_regular,0.01,6,6,36.99289490676741,40.20876169789541,0.9707559632117262,4.5020938877047625,5.289630306926107,2.5458400455483434,0.0,0.6666666666666666,1.0,6,1.0
detailed,published_monthly_6,augmented_delta,47,terms,first_strike,-0.05,6,6,23.19737403978191,25.10297153438745,0.9834050848162849,17.449228920587377,20.724909911608336,16.212426240285755,0.0,0.16666666666666666,0.3333333333333333,5,0.8
detailed,published_monthly_6,augmented_delta,47,terms,first_strike,-0.025,6,6,30.054741709500984,32.37346175123007,0.9778775961019034,9.321429677849986,10.913338413216538,9.294146444339018,0.16666666666666666,0.16666666666666666,0.6666666666666666,6,0.8333333333333334
detailed,published_monthly_6,augmented_delta,47,terms,first_strike,-0.01,6,6,33.935043888429085,37.12228233329318,0.9737748362936995,3.854490188779247,4.428769186309332,3.7974091424636995,0.16666666666666666,0.8333333333333334,1.0,6,0.8333333333333334
detailed,published_monthly_6,augmented_delta,47,terms,first_strike,-0.005,6,6,35.212018548669526,38.76626412187124,0.9721853058535924,1.854850096332531,2.2286413043752007,1.8116105298400198,0.3333333333333333,1.0,1.0,5,0.8
detailed,published_monthly_6,augmented_delta,47,terms,first_strike,0.005,6,6,37.30394004015125,41.984169928562615,0.9693655079658491,1.9467756230405238,2.1634657313047394,-1.6338233135120124,0.16666666666666666,1.0,1.0,5,0.8
detailed,published_monthly_6,augmented_delta,47,terms,first_strike,0.01,6,6,38.36460411733393,43.641381648483055,0.9677968935677773,3.759855743791564,4.417739251025665,-3.6011827911891032,0.16666666666666666,0.8333333333333334,1.0,6,0.8333333333333334
detailed,published_monthly_6,augmented_delta,47,terms,first_strike,0.025,6,6,41.31926303648864,48.989120747102554,0.9621999553564935,9.965787802417564,11.750465206998266,-9.965787802417564,0.16666666666666666,0.16666666666666666,0.5,6,0.8333333333333334
detailed,published_monthly_6,augmented_delta,47,terms,first_strike,0.05,6,6,51.22530491536478,59.593392286750095,0.9491726339807213,21.94210478298952,25.220501896740128,-21.94210478298952,0.0,0.0,0.3333333333333333,6,0.8333333333333334
detailed,published_monthly_6,augmented_delta,47,terms,ki_barrier,-0.05,1,1,31.28926141779084,31.28926141779084,,6.828090823880501,6.828090823880501,-6.828090823880501,0.0,0.0,1.0,1,1.0
detailed,published_monthly_6,augmented_delta,47,terms,ki_barrier,-0.025,1,1,27.266875489200174,27.266875489200174,,2.805704895290198,2.805704895290198,-2.805704895290198,0.0,1.0,1.0,1,1.0
detailed,published_monthly_6,augmented_delta,47,terms,ki_barrier,-0.01,1,1,24.917785108484168,24.917785108484168,,0.45661451457566393,0.45661451457566393,-0.45661451457566393,1.0,1.0,1.0,1,1.0
detailed,published_monthly_6,augmented_delta,47,terms,ki_barrier,-0.005,1,1,24.56293967819147,24.56293967819147,,0.10176908428359077,0.10176908428359077,-0.10176908428359077,1.0,1.0,1.0,1,1.0
detailed,published_monthly_6,augmented_delta,47,terms,ki_barrier,0.005,1,1,24.243098848883164,24.243098848883164,,0.21807174502392002,0.21807174502392002,0.21807174502392002,1.0,1.0,1.0,1,1.0
detailed,published_monthly_6,augmented_delta,47,terms,ki_barrier,0.01,1,1,23.908861566149426,23.908861566149426,,0.5523090277608915,0.5523090277608915,0.5523090277608915,1.0,1.0,1.0,1,1.0
detailed,published_monthly_6,augmented_delta,47,terms,ki_barrier,0.025,1,1,24.885610361850922,24.885610361850922,,0.4244397679400933,0.4244397679400933,-0.4244397679400933,1.0,1.0,1.0,1,1.0
detailed,published_monthly_6,augmented_delta,47,terms,ki_barrier,0.05,1,1,28.995988680271694,28.995988680271694,,4.534818086362037,4.534818086362037,-4.534818086362037,0.0,1.0,1.0,1,1.0
detailed,published_monthly_6,augmented_delta,47,terms,last_strike,-0.05,6,6,42.837572900089675,51.178518772356135,0.9506737347375257,9.654716480958445,13.505211002190745,-6.0002837657738475,0.0,0.5,0.6666666666666666,6,1.0
detailed,published_monthly_6,augmented_delta,47,terms,last_strike,-0.025,6,6,39.26269065860257,45.41785015141868,0.962386455676862,5.1082669585286995,6.975798818633071,-2.6415555999371825,0.16666666666666666,0.5,0.6666666666666666,6,1.0
detailed,published_monthly_6,augmented_delta,47,terms,last_strike,-0.01,6,6,37.57044266359632,42.328440350493906,0.9677501905865572,2.010630136848642,2.6823130571872613,-0.9194879125318507,0.3333333333333333,1.0,1.0,6,1.0
detailed,published_monthly_6,augmented_delta,47,terms,last_strike,-0.005,6,6,36.989234177020386,41.31398013462322,0.9693180843156064,0.88106343621623,1.1933620882457299,-0.6683296969252779,0.6666666666666666,1.0,1.0,5,1.0
detailed,published_monthly_6,augmented_delta,47,terms,last_strike,0.005,6,6,35.86993541847156,39.67193985574776,0.9718474694111979,1.0914262855117944,1.2927118756166187,0.11706588590730016,0.5,1.0,1.0,5,1.0
detailed,published_monthly_6,augmented_delta,47,terms,last_strike,0.01,6,6,35.21009517174176,38.76469368038794,0.9732005074195071,1.954159494441267,2.4144388396776257,0.571820034927654,0.3333333333333333,1.0,1.0,6,1.0
detailed,published_monthly_6,augmented_delta,47,terms,last_strike,0.025,6,6,33.214509189029435,36.073765374520924,0.9766831008788307,6.0972467963154235,7.381649205044104,1.38366323736975,0.16666666666666666,0.3333333333333333,0.6666666666666666,6,1.0
detailed,published_monthly_6,augmented_delta,47,terms,last_strike,0.05,6,6,30.31603091062455,33.92016574454641,0.9789483264117962,13.90723005876651,16.297167567402024,1.7323811164684617,0.0,0.3333333333333333,0.3333333333333333,6,1.0
detailed,published_monthly_6,augmented_delta,47,terms,monthly_barrier,-0.05,6,6,32.08073497685382,40.177803571300494,0.969394722087631,14.210094519167555,16.995243056776275,12.39082941695098,0.0,0.3333333333333333,0.3333333333333333,6,1.0
detailed,published_monthly_6,augmented_delta,47,terms,monthly_barrier,-0.025,6,6,34.513473438994275,39.729234669373874,0.9708914558895327,6.894044051736702,8.118904300655922,5.673575328843017,0.0,0.5,0.6666666666666666,6,1.0
detailed,published_monthly_6,augmented_delta,47,terms,monthly_barrier,-0.01,6,6,35.679410961973495,40.02635258665787,0.9709533535245924,2.690940764925667,3.1190022363149112,2.09467785666024,0.16666666666666666,1.0,1.0,6,1.0
detailed,published_monthly_6,augmented_delta,47,terms,monthly_barrier,-0.005,6,6,35.98613835903476,40.176743189046846,0.9709040241697107,1.3477580747819793,1.5442054642502347,1.0180635341964142,0.5,1.0,1.0,6,1.0
detailed,published_monthly_6,augmented_delta,47,terms,monthly_barrier,0.005,6,6,36.49829379349982,40.52366332344002,0.9707432160971392,1.3237797977660632,1.5227401871853445,-0.9759576289204194,0.5,1.0,1.0,6,1.0
detailed,published_monthly_6,augmented_delta,47,terms,monthly_barrier,0.01,6,6,36.69041237605719,40.70266763447325,0.970644729834134,2.6146441615025737,2.9928507531226365,-1.8873107814657357,0.16666666666666666,1.0,1.0,6,1.0
detailed,published_monthly_6,augmented_delta,47,terms,monthly_barrier,0.025,6,6,36.997316081490986,41.166710414488335,0.970462448560554,6.398005997662788,7.214752919522849,-4.179661845724501,0.0,0.5,0.8333333333333334,6,1.0
detailed,published_monthly_6,augmented_delta,47,terms,monthly_barrier,0.05,6,6,36.469853774587136,41.48006992272487,0.9707827840665973,12.129116589130208,13.505261953582584,-6.560796951595404,0.0,0.16666666666666666,0.3333333333333333,6,1.0
detailed,published_monthly_6,augmented_delta,ensemble,schedule,nobs_early,1.0,6,6,103.38566191780167,119.88108220354111,0.5218390883801385,115.84925913684971,123.18716135588889,115.84925913684971,0.0,0.0,0.0,6,0.6666666666666666
detailed,published_monthly_6,augmented_delta,ensemble,schedule,nobs_late,1.0,6,6,318.83000442932644,321.4109962270787,-0.9575647411113721,306.3664072102775,310.98856403422167,-306.3664072102775,0.0,0.0,0.0,6,0.6666666666666666
detailed,published_monthly_6,augmented_delta,ensemble,schedule,nobs_middle,1.0,6,6,326.746867087857,330.4943932167532,-1.0298919209438835,314.2832698688082,317.3237635245061,-314.2832698688082,0.0,0.0,0.0,6,0.6666666666666666
detailed,published_monthly_6,augmented_delta,ensemble,schedule,tenor_months,-12.0,6,6,467.5896548391508,484.5253876352848,-7.887479147370495,480.05325205819855,493.28004095887854,480.05325205819855,0.0,0.0,0.0,6,0.5
detailed,published_monthly_6,augmented_delta,ensemble,schedule,tenor_months,-6.0,6,6,281.72017876576865,302.34323546554305,-1.185422587273159,294.18377598481777,310.47430722339703,294.18377598481777,0.0,0.0,0.0,5,0.4
detailed,published_monthly_6,augmented_delta,ensemble,schedule,tenor_months,-3.0,6,6,113.90246389139368,123.08522588141503,0.6685196152394,126.36606111044273,130.27831272323257,126.36606111044273,0.0,0.0,0.0,6,0.3333333333333333
detailed,published_monthly_6,augmented_delta,ensemble,schedule,tenor_months,-1.0,6,6,29.568965205675948,37.89309108783649,0.9726460563676728,34.7946804180386,37.760743175815726,34.7946804180386,0.0,0.0,0.16666666666666666,6,0.3333333333333333
detailed,published_monthly_6,augmented_delta,ensemble,schedule,tenor_months,1.0,6,6,35.16971057427266,40.128996181289764,0.9727277056961828,22.706113355224478,24.078093525272394,-22.706113355224478,0.0,0.0,0.0,6,1.0
detailed,published_monthly_6,augmented_delta,ensemble,schedule,tenor_months,3.0,6,6,100.07496354007253,102.88360219602923,0.8326600678180409,87.61136632102375,91.70447288051578,-87.61136632102375,0.0,0.0,0.0,4,1.0
detailed,published_monthly_6,augmented_delta,ensemble,schedule,tenor_months,6.0,6,6,205.03618471314408,207.90665718522712,0.37220879806653895,192.57258749409542,197.3069585499506,-192.57258749409542,0.0,0.0,0.0,6,0.5
detailed,published_monthly_6,augmented_delta,ensemble,schedule,tenor_months,12.0,6,6,371.2559782578276,376.70737780624296,-0.6559207686824462,358.7923810387794,366.7770213319654,-358.7923810387794,0.0,0.0,0.0,6,0.5
detailed,published_monthly_6,augmented_delta,ensemble,terms,coupon_regular,-0.01,6,6,18.037862125677446,21.04190220963699,0.9921852111000089,5.332573488484695,5.814545535064729,0.17978101895507118,0.0,0.3333333333333333,1.0,6,1.0
detailed,published_monthly_6,augmented_delta,ensemble,terms,coupon_regular,-0.005,6,6,19.408146605699283,22.86553872090269,0.9906964228277814,2.8861119855423745,3.246497282776597,-0.052018215625867725,0.16666666666666666,0.8333333333333334,1.0,6,1.0
detailed,published_monthly_6,augmented_delta,ensemble,terms,coupon_regular,-0.0025,6,6,20.203044176323903,23.927306062109896,0.9897758107477208,1.4676263518957853,1.681197721943685,-0.07481868914586857,0.3333333333333333,1.0,1.0,6,1.0
detailed,published_monthly_6,augmented_delta,ensemble,terms,coupon_regular,-0.001,6,6,20.696155445648703,24.59910828034888,0.9891721423773986,0.5887327162887536,0.6823918273303677,-0.04309347941596897,0.8333333333333334,1.0,1.0,6,1.0
detailed,published_monthly_6,augmented_delta,ensemble,terms,coupon_regular,0.001,6,6,21.354895458359653,25.520299477929736,0.9883173034159266,0.5862823031146244,0.6912607272125019,0.062431875274958415,0.8333333333333334,1.0,1.0,6,1.0
detailed,published_monthly_6,augmented_delta,ensemble,terms,coupon_regular,0.0025,6,6,21.83969519110724,26.22052749082534,0.9876464116372511,1.4528907591595654,1.736907025099728,0.19372995547172658,0.3333333333333333,1.0,1.0,6,1.0
detailed,published_monthly_6,augmented_delta,ensemble,terms,coupon_regular,0.005,6,6,22.610552221673668,27.384041476854335,0.9864911789327425,2.8347526499612257,3.4768566907605565,0.5170337859472186,0.3333333333333333,0.8333333333333334,1.0,6,1.0
detailed,published_monthly_6,augmented_delta,ensemble,terms,coupon_regular,0.01,6,6,24.82106108392327,29.622189589755283,0.9841280517376139,5.331565886504556,6.8353702239416805,1.5289848056796203,0.16666666666666666,0.5,0.8333333333333334,6,1.0
detailed,published_monthly_6,augmented_delta,ensemble,terms,first_strike,-0.05,6,6,15.24345045099441,15.870951509662007,0.9933666838090622,11.537354925491726,14.371512054772857,7.355043571896476,0.16666666666666666,0.3333333333333333,0.5,5,1.0
detailed,published_monthly_6,augmented_delta,ensemble,terms,first_strike,-0.025,6,6,17.43795308037655,20.23303997768447,0.991358755113172,5.581138877119044,7.018846854363086,5.111589179374676,0.0,0.5,0.8333333333333334,6,1.0
detailed,published_monthly_6,augmented_delta,ensemble,terms,first_strike,-0.01,6,6,19.29435499225019,23.07257420263201,0.9898692646142131,2.3561287602003675,2.805453075085278,2.1771893290101945,0.16666666666666666,0.8333333333333334,1.0,6,1.0
detailed,published_monthly_6,augmented_delta,ensemble,terms,first_strike,-0.005,6,6,20.249928162385004,24.118957871665774,0.9892332788348822,1.2435380014172852,1.5177703967935308,1.0094313522371476,0.5,1.0,1.0,5,1.0
detailed,published_monthly_6,augmented_delta,ensemble,terms,first_strike,0.005,6,6,21.79964606855962,26.18693589067041,0.9880818482410859,1.1940020732193137,1.4678397833421448,-0.8456843411240708,0.3333333333333333,1.0,1.0,5,1.0
detailed,published_monthly_6,augmented_delta,ensemble,terms,first_strike,0.01,6,6,22.638382185027695,27.115299336783966,0.9875683266386155,2.2513615256010526,2.847280761316067,-2.0374549355067306,0.3333333333333333,0.8333333333333334,1.0,6,1.0
detailed,published_monthly_6,augmented_delta,ensemble,terms,first_strike,0.025,6,6,25.108422228468044,30.3183944110135,0.9855221050925338,6.136586739897775,7.470360418103954,-6.136586739897775,0.16666666666666666,0.3333333333333333,0.8333333333333334,6,1.0
detailed,published_monthly_6,augmented_delta,ensemble,terms,first_strike,0.05,6,6,30.229172765746323,37.00385789723494,0.9804027380587879,14.477152843937313,16.48929957898951,-14.477152843937313,0.0,0.0,0.3333333333333333,6,1.0
detailed,published_monthly_6,augmented_delta,ensemble,terms,ki_barrier,-0.05,1,1,4.676184889878641,4.676184889878641,,0.9411387415659078,0.9411387415659078,-0.9411387415659078,1.0,1.0,1.0,1,1.0
detailed,published_monthly_6,augmented_delta,ensemble,terms,ki_barrier,-0.025,1,1,3.668204529727518,3.668204529727518,,0.06684161858438387,0.06684161858438387,0.06684161858438387,1.0,1.0,1.0,1,1.0
detailed,published_monthly_6,augmented_delta,ensemble,terms,ki_barrier,-0.01,1,1,3.0607618693484255,3.0607618693484255,,0.6742842789620074,0.6742842789620074,0.6742842789620074,1.0,1.0,1.0,1,1.0
detailed,published_monthly_6,augmented_delta,ensemble,terms,ki_barrier,-0.005,1,1,3.273750021617161,3.273750021617161,,0.46129612669311904,0.46129612669311904,0.46129612669311904,1.0,1.0,1.0,1,1.0
detailed,published_monthly_6,augmented_delta,ensemble,terms,ki_barrier,0.005,1,1,4.072489692591262,4.072489692591262,,0.3374435442827206,0.3374435442827206,-0.3374435442827206,1.0,1.0,1.0,1,1.0
detailed,published_monthly_6,augmented_delta,ensemble,terms,ki_barrier,0.01,1,1,4.28820459898634,4.28820459898634,,0.5531584506740934,0.5531584506740934,-0.5531584506740934,1.0,1.0,1.0,1,1.0
detailed,published_monthly_6,augmented_delta,ensemble,terms,ki_barrier,0.025,1,1,6.873484075027591,6.873484075027591,,3.13843792671436,3.13843792671436,-3.13843792671436,0.0,1.0,1.0,1,1.0
detailed,published_monthly_6,augmented_delta,ensemble,terms,ki_barrier,0.05,1,1,13.525801810967096,13.525801810967096,,9.790755662655982,9.790755662655982,-9.790755662655982,0.0,0.0,1.0,1,1.0
detailed,published_monthly_6,augmented_delta,ensemble,terms,last_strike,-0.05,6,6,25.934491276148037,32.34626853565319,0.980296145808648,10.678320274910979,12.34376406815602,-3.5819246450877387,0.0,0.16666666666666666,0.5,6,1.0
detailed,published_monthly_6,augmented_delta,ensemble,terms,last_strike,-0.025,6,6,23.063804849606033,28.526717130894248,0.9851613393089468,6.008675732802616,6.905229058639063,-1.8109979886839032,0.0,0.3333333333333333,0.8333333333333334,6,1.0
detailed,published_monthly_6,augmented_delta,ensemble,terms,last_strike,-0.01,6,6,21.577489945921116,26.382372479301708,0.9874717527866222,2.352769106450481,2.694970721599748,-0.673651866525338,0.16666666666666666,1.0,1.0,6,1.0
detailed,published_monthly_6,augmented_delta,ensemble,terms,last_strike,-0.005,6,6,21.382420216415994,25.62240115757839,0.9881987488673014,1.2382946041324756,1.4087093056877644,-0.559484992828093,0.5,1.0,1.0,5,1.0
detailed,published_monthly_6,augmented_delta,ensemble,terms,last_strike,0.005,6,6,20.946985415589854,24.64779273463679,0.9891330759465612,1.1078346846670601,1.306516745236029,0.0363678196189278,0.5,1.0,1.0,5,1.0
detailed,published_monthly_6,augmented_delta,ensemble,terms,last_strike,0.01,6,6,20.58371139030866,24.06867257608991,0.9896686247491279,2.08720435952295,2.4816289381649717,0.43820628955578367,0.16666666666666666,1.0,1.0,6,1.0
detailed,published_monthly_6,augmented_delta,ensemble,terms,last_strike,0.025,6,6,19.28950650814477,22.254183989236203,0.9911261682562016,6.477685907116192,7.50830895431262,1.2590895297888132,0.0,0.3333333333333333,0.8333333333333334,6,1.0
detailed,published_monthly_6,augmented_delta,ensemble,terms,last_strike,0.05,6,6,18.19679010053278,22.23801812203608,0.9909517861622681,14.737949194919068,17.084099807072256,2.200343805337745,0.0,0.0,0.3333333333333333,6,1.0
detailed,published_monthly_6,augmented_delta,ensemble,terms,monthly_barrier,-0.05,6,6,22.90251375111499,28.840857425753434,0.9842296881862634,13.79915471822686,17.442641282681112,13.79915471822686,0.3333333333333333,0.3333333333333333,0.3333333333333333,6,1.0
detailed,published_monthly_6,augmented_delta,ensemble,terms,monthly_barrier,-0.025,6,6,21.366443094284477,25.752888549265982,0.9877692811519656,6.646486093769394,8.271141372139478,6.322206318764756,0.3333333333333333,0.3333333333333333,0.6666666666666666,6,1.0
detailed,published_monthly_6,augmented_delta,ensemble,terms,monthly_barrier,-0.01,6,6,20.28696096521162,25.079674530094348,0.9885962481603441,2.595772015434108,3.163528661655094,2.3420371324771856,0.3333333333333333,0.8333333333333334,1.0,6,1.0
detailed,published_monthly_6,augmented_delta,ensemble,terms,monthly_barrier,-0.005,6,6,20.557045580934147,25.022865265995957,0.9887135452631501,1.3006704054096057,1.564382134838553,1.1397232369212331,0.3333333333333333,1.0,1.0,6,1.0
detailed,published_monthly_6,augmented_delta,ensemble,terms,monthly_barrier,0.005,6,6,21.426332178678724,25.116152602035584,0.9887613172203288,1.2785133814281848,1.5303076735312475,-1.0934781202029344,0.3333333333333333,1.0,1.0,6,1.0
detailed,published_monthly_6,augmented_delta,ensemble,terms,monthly_barrier,0.01,6,6,21.79544344252766,25.2394492833502,0.9887124396985267,2.525237194339488,2.9963477191868773,-2.1187092579606657,0.3333333333333333,1.0,1.0,6,1.0
detailed,published_monthly_6,augmented_delta,ensemble,terms,monthly_barrier,0.025,6,6,22.624914314184327,25.777238329794578,0.9884187633502007,6.182601434182588,7.154679625232758,-4.729183556862554,0.0,0.5,0.8333333333333334,6,1.0
detailed,published_monthly_6,augmented_delta,ensemble,terms,monthly_barrier,0.05,6,6,22.937281452165127,26.759518168090082,0.9878404795020701,11.72496398386164,13.14749936984984,-7.561856960598459,0.0,0.16666666666666666,0.5,6,1.0
detailed,published_monthly_6,augmented_price,101,schedule,nobs_early,1.0,6,6,213.5025278176287,225.72983317340473,-0.695316084427857,204.97770704037694,210.95982500969635,204.97770704037694,0.0,0.0,0.0,6,0.3333333333333333
detailed,published_monthly_6,augmented_price,101,schedule,nobs_late,1.0,6,6,126.82437012146511,131.54067519996522,0.6721200910820957,135.34919089871627,136.9795448348267,-135.34919089871627,0.0,0.0,0.0,6,0.6666666666666666
detailed,published_monthly_6,augmented_price,101,schedule,nobs_middle,1.0,6,6,119.4021099018152,133.3480413222797,0.669540680142497,127.92693067906636,132.07765267726654,-127.92693067906636,0.0,0.0,0.0,6,0.6666666666666666
detailed,published_monthly_6,augmented_price,101,schedule,tenor_months,-12.0,6,6,434.78259608094413,454.0954692780184,-6.806203288220938,426.25777530369214,442.3543687483407,426.25777530369214,0.0,0.0,0.0,6,0.5
detailed,published_monthly_6,augmented_price,101,schedule,tenor_months,-6.0,6,6,174.50612529388613,205.23653472657497,-0.007034296177027999,165.98130451663494,194.36241554679614,165.98130451663494,0.0,0.0,0.16666666666666666,5,0.4
detailed,published_monthly_6,augmented_price,101,schedule,tenor_months,-3.0,6,6,129.9133642298848,142.28976342901686,0.557010640274512,121.38854345263364,129.17830105441226,121.38854345263364,0.0,0.0,0.0,6,0.3333333333333333
detailed,published_monthly_6,augmented_price,101,schedule,tenor_months,-1.0,6,6,46.98834366100194,53.698324938000866,0.9450685128041885,29.307046342026776,33.53589281920893,29.307046342026776,0.0,0.0,0.16666666666666666,6,0.6666666666666666
detailed,published_monthly_6,augmented_price,101,schedule,tenor_months,1.0,6,6,20.04216421257479,28.451545816997946,0.9862906514800445,17.07188496675531,17.884511114628108,-17.07188496675531,0.0,0.0,0.16666666666666666,6,1.0
detailed,published_monthly_6,augmented_price,101,schedule,tenor_months,3.0,6,6,63.22932584772692,71.57891325273805,0.9190014085836596,71.75414662497825,74.95992985009583,-71.75414662497825,0.0,0.0,0.0,4,1.0
detailed,published_monthly_6,augmented_price,101,schedule,tenor_months,6.0,6,6,152.30084279335097,158.21985138616463,0.636419671097538,160.82566357060244,164.9294852267066,-160.82566357060244,0.0,0.0,0.0,6,0.5
detailed,published_monthly_6,augmented_price,101,schedule,tenor_months,12.0,6,6,286.801296119597,293.98734658885223,-0.008529435385443485,295.3261168968487,303.26218358516826,-295.3261168968487,0.0,0.0,0.0,6,0.5
detailed,published_monthly_6,augmented_price,101,terms,coupon_regular,-0.01,6,6,17.907616551623505,20.79722727479617,0.9923658949668397,11.649440628088804,13.676631654250029,1.1883909496296805,0.16666666666666666,0.16666666666666666,0.3333333333333333,6,1.0
detailed,published_monthly_6,augmented_price,101,terms,coupon_regular,-0.005,6,6,21.11841866571437,24.044185428888426,0.9897125621234262,5.831351543313474,6.786412012318078,0.48511897487558286,0.16666666666666666,0.3333333333333333,0.8333333333333334,6,1.0
detailed,published_monthly_6,augmented_price,101,terms,coupon_regular,-0.0025,6,6,22.999086002953543,26.134703316594262,0.9878023429441904,2.8912875378361353,3.3430874619865625,0.20952858012490397,0.16666666666666666,1.0,1.0,6,1.0
detailed,published_monthly_6,augmented_price,101,terms,coupon_regular,-0.001,6,6,24.166285369219622,27.481607388612495,0.9864858706993089,1.1467199851762653,1.3221698285059007,0.07687742504095407,0.5,1.0,1.0,6,1.0
detailed,published_monthly_6,augmented_price,101,terms,coupon_regular,0.001,6,6,25.723213464739576,29.341679461723487,0.9845566504522,1.1306267310871583,1.3004011705146514,-0.06992354981745723,0.5,1.0,1.0,6,1.0
detailed,published_monthly_6,augmented_price,101,terms,coupon_regular,0.0025,6,6,26.89239965249908,30.76162687011884,0.9829968699227211,2.7925425096583987,3.209005558732572,-0.1672092823343121,0.16666666666666666,0.8333333333333334,1.0,6,1.0
detailed,published_monthly_6,augmented_price,101,terms,coupon_regular,0.005,6,6,28.840745275540637,33.13494653491024,0.9802214290434969,5.467663869109079,6.285489485389699,-0.33958430054939964,0.0,0.6666666666666666,0.8333333333333334,6,1.0
detailed,published_monthly_6,augmented_price,101,terms,coupon_regular,0.01,6,6,32.67624241965526,37.77425540836451,0.9741900151497341,10.501405924253639,12.158704655477765,-0.9696419033041958,0.0,0.16666666666666666,0.6666666666666666,6,1.0
detailed,published_monthly_6,augmented_price,101,terms,first_strike,-0.05,6,6,19.821714951921724,26.440782292824156,0.9815891698911234,14.436822870590788,19.34301959654614,8.254113410950222,0.0,0.3333333333333333,0.6666666666666666,5,0.8
detailed,published_monthly_6,augmented_price,101,terms,first_strike,-0.025,6,6,24.322523253214968,27.58061978775574,0.9839430861837559,5.788364358788708,9.303722162537865,5.722139424024483,0.5,0.6666666666666666,0.6666666666666666,6,0.8333333333333334
detailed,published_monthly_6,augmented_price,101,terms,first_strike,-0.01,6,6,24.969283705824637,28.009810702674834,0.9850696765443765,2.454913859972651,3.582295642345439,2.454913859972651,0.6666666666666666,0.6666666666666666,1.0,6,0.8333333333333334
detailed,published_monthly_6,augmented_price,101,terms,first_strike,-0.005,6,6,24.766711553365592,28.07525794222491,0.985411390546091,1.3825561931714254,1.9164831722964444,1.1526811818480767,0.6666666666666666,1.0,1.0,5,0.8
detailed,published_monthly_6,augmented_price,101,terms,first_strike,0.005,6,6,25.254507359162442,28.995901272706188,0.9853878956190686,1.1935715952288375,1.7470481922083803,-0.9962522965645841,0.6666666666666666,1.0,1.0,5,0.8
detailed,published_monthly_6,augmented_price,101,terms,first_strike,0.01,6,6,24.902512059538214,29.249862692821434,0.9855340004322017,2.3438228096522384,3.604976077433424,-2.3438228096522384,0.6666666666666666,0.6666666666666666,1.0,6,0.8333333333333334
detailed,published_monthly_6,augmented_price,101,terms,first_strike,0.025,6,6,23.572610927085105,30.1316033517415,0.9856999516230034,6.915917470335452,9.01260316093752,-6.915917470335452,0.16666666666666666,0.5,0.6666666666666666,6,0.8333333333333334
detailed,published_monthly_6,augmented_price,101,terms,first_strike,0.05,6,6,19.183620054901137,33.01961422185967,0.984395660935924,16.173347518172097,19.24625557717099,-15.910810119242369,0.16666666666666666,0.16666666666666666,0.3333333333333333,6,0.8333333333333334
detailed,published_monthly_6,augmented_price,101,terms,ki_barrier,-0.05,1,1,8.588630122736504,8.588630122736504,,12.169859088651009,12.169859088651009,-12.169859088651009,0.0,0.0,0.0,1,1.0
detailed,published_monthly_6,augmented_price,101,terms,ki_barrier,-0.025,1,1,15.443428771053732,15.443428771053732,,5.315060440334143,5.315060440334143,-5.315060440334143,0.0,0.0,1.0,1,1.0
detailed,published_monthly_6,augmented_price,101,terms,ki_barrier,-0.01,1,1,19.336279451452356,19.336279451452356,,1.422209759936992,1.422209759936992,-1.422209759936992,0.0,1.0,1.0,1,1.0
detailed,published_monthly_6,augmented_price,101,terms,ki_barrier,-0.005,1,1,20.181075061798765,20.181075061798765,,0.577414149591208,0.577414149591208,-0.577414149591208,1.0,1.0,1.0,1,1.0
detailed,published_monthly_6,augmented_price,101,terms,ki_barrier,0.005,1,1,21.441477185662734,21.441477185662734,,0.6829879742719669,0.6829879742719669,0.6829879742719669,1.0,1.0,1.0,1,1.0
detailed,published_monthly_6,augmented_price,101,terms,ki_barrier,0.01,1,1,22.227517675793933,22.227517675793933,,1.4690284644063993,1.4690284644063993,1.4690284644063993,0.0,1.0,1.0,1,1.0
detailed,published_monthly_6,augmented_price,101,terms,ki_barrier,0.025,1,1,22.54061339303189,22.54061339303189,,1.7821241816448676,1.7821241816448676,1.7821241816448676,0.0,1.0,1.0,1,1.0
detailed,published_monthly_6,augmented_price,101,terms,ki_barrier,0.05,1,1,20.36082951888602,20.36082951888602,,0.3976596925021738,0.3976596925021738,-0.3976596925021738,1.0,1.0,1.0,1,1.0
detailed,published_monthly_6,augmented_price,101,terms,last_strike,-0.05,6,6,28.385689394044068,31.790257075702137,0.9809677168833192,21.75585828757634,24.078662935022933,-5.495233742377038,0.0,0.0,0.0,6,1.0
detailed,published_monthly_6,augmented_price,101,terms,last_strike,-0.025,6,6,27.31121048039707,28.40984302877164,0.9852826783688216,11.489768825413085,12.961473096585097,-3.65443719682032,0.0,0.16666666666666666,0.5,6,1.0
detailed,published_monthly_6,augmented_price,101,terms,last_strike,-0.01,6,6,25.950184723220143,27.844157745246527,0.9860449694925992,4.435941163287591,5.054794722237196,-1.583881019628205,0.0,0.8333333333333334,1.0,6,1.0
detailed,published_monthly_6,augmented_price,101,terms,last_strike,-0.005,6,6,25.12182452750797,27.681116474671327,0.986226141888253,2.3896261659811198,2.7244301904428174,-1.040362021398341,0.3333333333333333,1.0,1.0,5,1.0
detailed,published_monthly_6,augmented_price,101,terms,last_strike,0.005,6,6,24.830547860520102,28.858971563627364,0.9851025387051023,2.1800805611780945,2.447436820036397,0.5639020395734785,0.16666666666666666,1.0,1.0,5,1.0
detailed,published_monthly_6,augmented_price,101,terms,last_strike,0.01,6,6,25.89498869255931,29.620078078712183,0.9843531738872706,4.198376696520211,4.867949227767341,1.5354284587964695,0.16666666666666666,0.8333333333333334,1.0,6,1.0
detailed,published_monthly_6,augmented_price,101,terms,last_strike,0.025,6,6,28.08006726314852,31.801806837099686,0.9818786131383535,10.656442182761378,12.96010536808141,4.274885873274698,0.16666666666666666,0.16666666666666666,0.5,6,1.0
detailed,published_monthly_6,augmented_price,101,terms,last_strike,0.05,6,6,32.20669818387402,38.776485372301025,0.9724889236634618,22.620068354643283,27.56485022361729,8.88056748223181,0.0,0.0,0.16666666666666666,6,1.0
detailed,published_monthly_6,augmented_price,101,terms,monthly_barrier,-0.05,6,6,35.46448830181271,40.941780445205985,0.968219743715951,11.43408547448037,14.524927649671737,8.923925253590385,0.0,0.16666666666666666,0.6666666666666666,6,1.0
detailed,published_monthly_6,augmented_price,101,terms,monthly_barrier,-0.025,6,6,29.545879031149827,34.182193483903085,0.9784523485180244,5.14889557920582,6.699400277018174,3.5047609876158035,0.16666666666666666,0.6666666666666666,0.8333333333333334,6,1.0
detailed,published_monthly_6,augmented_price,101,terms,monthly_barrier,-0.01,6,6,26.679572383302304,30.57580738254054,0.9830503851835907,1.9718976102945363,2.5288578980257155,1.1260030379855164,0.3333333333333333,1.0,1.0,6,1.0
detailed,published_monthly_6,augmented_price,101,terms,monthly_barrier,-0.005,6,6,25.789213136555798,29.46913606967403,0.9843462541887572,0.9730316959670273,1.2372063966979967,0.5168878127100046,0.5,1.0,1.0,6,1.0
detailed,published_monthly_6,augmented_price,101,terms,monthly_barrier,0.005,6,6,24.086360419728408,27.34754970144519,0.9866756501414335,0.9564872607545375,1.2400229869409927,-0.44130396528516536,0.5,1.0,1.0,6,1.0
detailed,published_monthly_6,augmented_price,101,terms,monthly_barrier,0.01,6,6,23.254294892138205,26.33539591564081,0.9877109011399189,1.8504214822561484,2.419914299172101,-0.7861149692403938,0.3333333333333333,1.0,1.0,6,1.0
detailed,published_monthly_6,augmented_price,101,terms,monthly_barrier,0.025,6,6,20.87412298185336,23.48606421841574,0.9903860324868975,4.571980995197374,5.813047325006647,-1.1843297636118713,0.16666666666666666,0.6666666666666666,0.8333333333333334,6,1.0
detailed,published_monthly_6,augmented_price,101,terms,monthly_barrier,0.05,6,6,17.971910202403098,19.817802393260802,0.9933308442799762,9.133727095487565,11.3780410113341,0.2190327094560279,0.0,0.5,0.6666666666666666,6,1.0
detailed,published_monthly_6,augmented_price,233,schedule,nobs_early,1.0,6,6,105.08172873775614,118.60546804581966,0.5319608471682722,130.9213200927451,134.61076828567985,130.9213200927451,0.0,0.0,0.0,6,0.5
detailed,published_monthly_6,augmented_price,233,schedule,nobs_late,1.0,6,6,268.76081138402816,270.2028011636184,-0.3834847178256833,236.5313536604045,241.2158393914583,-236.5313536604045,0.0,0.0,0.0,6,0.6666666666666666
detailed,published_monthly_6,augmented_price,233,schedule,nobs_middle,1.0,6,6,276.77297524681643,280.16267789265333,-0.4586976475236595,244.54351752319278,246.5911302588723,-244.54351752319278,0.0,0.0,0.0,6,0.6666666666666666
detailed,published_monthly_6,augmented_price,233,schedule,tenor_months,-12.0,6,6,321.2941603357049,334.31262671916977,-3.231078462659781,353.5236180593278,361.48620948115104,353.5236180593278,0.0,0.0,0.0,6,0.5
detailed,published_monthly_6,augmented_price,233,schedule,tenor_months,-6.0,6,6,163.71510172160015,197.36869427918728,0.06869603747456632,195.9445594452238,215.36847363008252,195.9445594452238,0.0,0.0,0.0,5,0.4
detailed,published_monthly_6,augmented_price,233,schedule,tenor_months,-3.0,6,6,46.95673700271709,54.340275065121695,0.9353915019443542,56.17718776644588,62.41487497995206,56.17718776644588,0.0,0.0,0.0,6,0.6666666666666666
detailed,published_monthly_6,augmented_price,233,schedule,tenor_months,-1.0,6,6,39.76305927186422,45.32311879088083,0.960867332385944,33.795574116837564,38.544348933467816,33.795574116837564,0.0,0.16666666666666666,0.16666666666666666,6,0.6666666666666666
detailed,published_monthly_6,augmented_price,233,schedule,tenor_months,1.0,6,6,48.85579797068203,60.16715530626532,0.9386910271881344,16.626340247059264,17.43678546005184,-16.626340247059264,0.0,0.0,0.0,6,1.0
detailed,published_monthly_6,augmented_price,233,schedule,tenor_months,3.0,6,6,105.0507261722305,110.08331862155364,0.808419945412296,72.821268448607,75.16489935355159,-72.821268448607,0.0,0.0,0.0,4,1.0
detailed,published_monthly_6,augmented_price,233,schedule,tenor_months,6.0,6,6,197.86720294909233,200.53629094792302,0.4159306857897951,165.637745225469,168.69370804215038,-165.637745225469,0.0,0.0,0.0,6,0.5
detailed,published_monthly_6,augmented_price,233,schedule,tenor_months,12.0,6,6,349.52604536683003,352.33749150318624,-0.44860178928368644,317.2965876432069,323.1293738160405,-317.2965876432069,0.0,0.0,0.0,6,0.5
detailed,published_monthly_6,augmented_price,233,terms,coupon_regular,-0.01,6,6,35.13916321295134,42.7190544945297,0.9677900152800127,9.612501988503537,11.261716113323994,4.122131565474407,0.0,0.3333333333333333,0.5,6,1.0
detailed,published_monthly_6,augmented_price,233,terms,coupon_regular,-0.005,6,6,37.625577780083404,46.0113736143702,0.9623281033447971,4.701644842670571,5.54081196480307,2.0864970978410775,0.0,0.5,1.0,6,1.0
detailed,published_monthly_6,augmented_price,233,terms,coupon_regular,-0.0025,6,6,38.89724628152817,47.8352175154199,0.9591363857053723,2.325242094619176,2.752573249452131,1.0557158537861995,0.3333333333333333,1.0,1.0,6,1.0
detailed,published_monthly_6,augmented_price,233,terms,coupon_regular,-0.001,6,6,39.672486202789514,48.97773562799658,0.9570758984677651,0.9237986137163045,1.0971832817431701,0.4257632791262405,0.5,1.0,1.0,6,1.0
detailed,published_monthly_6,augmented_price,233,terms,coupon_regular,0.001,6,6,40.721669752470916,50.55097350256298,0.9541614773818734,0.916348033119629,1.093170753079565,-0.4314257203802014,0.5,1.0,1.0,6,1.0
detailed,published_monthly_6,augmented_price,233,terms,coupon_regular,0.0025,6,6,41.52194362453823,51.766194018969244,0.951849284077332,2.2756708983811365,2.7263220115060145,-1.0905845709797386,0.5,1.0,1.0,6,1.0
detailed,published_monthly_6,augmented_price,233,terms,coupon_regular,0.005,6,6,42.883416457446096,53.85275068601733,0.9477557927662478,4.502267305897003,5.435158769315362,-2.224879214795005,0.0,0.5,1.0,6,1.0
detailed,published_monthly_6,augmented_price,233,terms,coupon_regular,0.01,6,6,45.72259118057112,58.23141693410179,0.9386646792959601,8.807044555438535,10.831242216530837,-4.657579957706865,0.0,0.5,0.6666666666666666,6,1.0
detailed,published_monthly_6,augmented_price,233,terms,first_strike,-0.05,6,6,28.74578997303858,33.16038671388832,0.9710423080983617,22.585671881058317,26.50556848580538,8.969269807180286,0.0,0.0,0.16666666666666666,5,0.8
detailed,published_monthly_6,augmented_price,233,terms,first_strike,-0.025,6,6,33.204052457283375,39.75593027765406,0.9666375547410072,9.602704870673037,12.764423810679428,6.408486908613106,0.16666666666666666,0.3333333333333333,0.6666666666666666,6,0.8333333333333334
detailed,published_monthly_6,augmented_price,233,terms,first_strike,-0.01,6,6,37.38992778175998,45.62487669284445,0.9603856735215881,3.6776566576825833,4.965502299301785,2.7962497923863885,0.3333333333333333,0.6666666666666666,1.0,6,0.8333333333333334
detailed,published_monthly_6,augmented_price,233,terms,first_strike,-0.005,6,6,38.87293583077402,47.680746262909096,0.9579222531867316,2.1577145984753807,2.7460568691031844,1.3333825965921358,0.3333333333333333,0.8333333333333334,1.0,5,0.8
detailed,published_monthly_6,augmented_price,233,terms,first_strike,0.005,6,6,41.52792253323393,51.89170791209403,0.9532011187781381,2.040713785859762,2.5629137838256573,-1.1929476243233732,0.3333333333333333,0.8333333333333334,1.0,5,0.8
detailed,published_monthly_6,augmented_price,233,terms,first_strike,0.01,6,6,42.93985665029292,54.03638323883939,0.9506288400772338,3.844734835133791,5.0728306084316,-2.7508231923935305,0.3333333333333333,0.6666666666666666,0.8333333333333334,6,0.8333333333333334
detailed,published_monthly_6,augmented_price,233,terms,first_strike,0.025,6,6,47.17561806782002,60.5507302910297,0.9422526852976877,10.0044820341549,12.352239669590324,-8.000622664172935,0.0,0.3333333333333333,0.6666666666666666,6,0.8333333333333334
detailed,published_monthly_6,augmented_price,233,terms,first_strike,0.05,6,6,55.15752400908301,71.90706761867705,0.9259978145570623,20.44721970532626,24.60639433563545,-18.057272718678806,0.0,0.0,0.3333333333333333,6,0.8333333333333334
detailed,published_monthly_6,augmented_price,233,terms,ki_barrier,-0.05,1,1,39.10581453363557,39.10581453363557,,15.19419876455433,15.19419876455433,-15.19419876455433,0.0,0.0,0.0,1,1.0
detailed,published_monthly_6,augmented_price,233,terms,ki_barrier,-0.025,1,1,30.83838580414158,30.83838580414158,,6.926770035060706,6.926770035060706,-6.926770035060706,0.0,0.0,1.0,1,1.0
detailed,published_monthly_6,augmented_price,233,terms,ki_barrier,-0.01,1,1,26.002589643396277,26.002589643396277,,2.090973874316875,2.090973874316875,-2.090973874316875,0.0,1.0,1.0,1,1.0
detailed,published_monthly_6,augmented_price,233,terms,ki_barrier,-0.005,1,1,24.827584300994204,24.827584300994204,,0.9159685319154267,0.9159685319154267,-0.9159685319154267,1.0,1.0,1.0,1,1.0
detailed,published_monthly_6,augmented_price,233,terms,ki_barrier,0.005,1,1,22.881728762213243,22.881728762213243,,1.0298870068647403,1.0298870068647403,1.0298870068647403,0.0,1.0,1.0,1,1.0
detailed,published_monthly_6,augmented_price,233,terms,ki_barrier,0.01,1,1,21.741636682116223,21.741636682116223,,2.169979086964993,2.169979086964993,2.169979086964993,0.0,1.0,1.0,1,1.0
detailed,published_monthly_6,augmented_price,233,terms,ki_barrier,0.025,1,1,20.322278757847016,20.322278757847016,,3.5893370112347114,3.5893370112347114,3.5893370112347114,0.0,1.0,1.0,1,1.0
detailed,published_monthly_6,augmented_price,233,terms,ki_barrier,0.05,1,1,20.507691217808315,20.507691217808315,,3.4039245512722403,3.4039245512722403,3.4039245512722403,0.0,1.0,1.0,1,1.0
detailed,published_monthly_6,augmented_price,233,terms,last_strike,-0.05,6,6,43.06734971146034,57.75292683450417,0.9371868162331831,21.109942620360354,26.50151515062504,-1.6481512864240753,0.16666666666666666,0.16666666666666666,0.16666666666666666,6,1.0
detailed,published_monthly_6,augmented_price,233,terms,last_strike,-0.025,6,6,39.132553850842974,53.14463825420695,0.9484996686594909,11.274150052260623,13.96351137526825,-0.9481876418683347,0.0,0.16666666666666666,0.6666666666666666,6,1.0
detailed,published_monthly_6,augmented_price,233,terms,last_strike,-0.01,6,6,40.044432786073536,50.90311083474257,0.9533607811941287,4.478933012971687,5.48431970148043,-0.32026255038992346,0.0,0.6666666666666666,1.0,6,1.0
detailed,published_monthly_6,augmented_price,233,terms,last_strike,-0.005,6,6,40.213646777219765,50.21819936837314,0.9546673953823636,2.3030653556612517,2.804867421536341,-0.37924716976463335,0.16666666666666666,1.0,1.0,5,1.0
detailed,published_monthly_6,augmented_price,233,terms,last_strike,0.005,6,6,40.42680985262481,49.53045725071986,0.95611710811939,2.1308968110835704,2.713989908338418,-0.15502931749235804,0.3333333333333333,1.0,1.0,5,1.0
detailed,published_monthly_6,augmented_price,233,terms,last_strike,0.01,6,6,40.35248589973859,49.185171883183735,0.9568558174333713,4.21423084226395,5.295649217961768,0.041040673202800505,0.16666666666666666,0.6666666666666666,1.0,6,1.0
detailed,published_monthly_6,augmented_price,233,terms,last_strike,0.025,6,6,39.80976313342641,48.382774916347344,0.9580560441847158,11.55606786936268,14.290063142706924,0.1295815112955309,0.16666666666666666,0.16666666666666666,0.5,6,1.0
detailed,published_monthly_6,augmented_price,233,terms,last_strike,0.05,6,6,39.49825442526071,50.780702860881114,0.9528188946154439,25.66205669351199,30.467892121122,-0.6735603698901803,0.0,0.0,0.16666666666666666,6,1.0
detailed,published_monthly_6,augmented_price,233,terms,monthly_barrier,-0.05,6,6,36.58366720748533,50.4671450586349,0.9517117552142493,16.721702906330865,19.747409513201074,16.721702906330865,0.16666666666666666,0.16666666666666666,0.16666666666666666,6,1.0
detailed,published_monthly_6,augmented_price,233,terms,monthly_barrier,-0.025,6,6,38.06898984092095,49.689458172245565,0.9544667543297032,7.682788369682302,8.974456563122878,7.276840932226399,0.0,0.3333333333333333,0.6666666666666666,6,1.0
detailed,published_monthly_6,augmented_price,233,terms,monthly_barrier,-0.01,6,6,39.5251026428817,49.70527243565742,0.9552071307343193,2.872136622824369,3.334007989674655,2.6040988873405784,0.16666666666666666,0.8333333333333334,1.0,6,1.0
detailed,published_monthly_6,augmented_price,233,terms,monthly_barrier,-0.005,6,6,39.88020914328566,49.73120706184015,0.9554198556781868,1.4093413429234947,1.6235838345591982,1.2510183541935658,0.3333333333333333,1.0,1.0,6,1.0
detailed,published_monthly_6,augmented_price,233,terms,monthly_barrier,0.005,6,6,40.41640511781012,49.7475348267171,0.955908759648294,1.3646929866042108,1.5818644152070045,-1.1652023760822845,0.3333333333333333,1.0,1.0,6,1.0
detailed,published_monthly_6,augmented_price,233,terms,monthly_barrier,0.01,6,6,40.58497986568121,49.71897410236525,0.9561989368269946,2.6619377484193243,3.070948690839629,-2.2232822958496876,0.0,0.8333333333333334,1.0,6,1.0
detailed,published_monthly_6,augmented_price,233,terms,monthly_barrier,0.025,6,6,40.679492353565365,49.34882651215951,0.957554092641505,6.146850781679888,7.094390749244341,-4.701003805359918,0.0,0.5,0.8333333333333334,6,1.0
detailed,published_monthly_6,augmented_price,233,terms,monthly_barrier,0.05,6,6,39.33882400977594,47.53439726719716,0.9616314087729203,10.541936574099452,12.547071429898427,-6.565764005326687,0.16666666666666666,0.16666666666666666,0.5,6,1.0
detailed,published_monthly_6,augmented_price,47,schedule,nobs_early,1.0,6,6,122.35798591826551,153.9033232960705,0.2119228111994388,130.12202180630712,147.97816671471145,130.12202180630712,0.0,0.0,0.0,6,0.6666666666666666
detailed,published_monthly_6,augmented_price,47,schedule,nobs_late,1.0,6,6,241.10783248693346,243.2716863313217,-0.12144454689944895,233.34379659889123,236.94922432612776,-233.34379659889123,0.0,0.0,0.0,6,0.6666666666666666
detailed,published_monthly_6,augmented_price,47,schedule,nobs_middle,1.0,6,6,264.424084942251,270.0869642223907,-0.355663707206862,256.6600490542088,259.7654908861569,-256.6600490542088,0.0,0.0,0.0,6,0.6666666666666666
detailed,published_monthly_6,augmented_price,47,schedule,tenor_months,-12.0,6,6,311.24064490143974,315.4866511346548,-2.767970514305029,319.00468078948114,323.8494101931299,319.00468078948114,0.0,0.0,0.0,6,0.5
detailed,published_monthly_6,augmented_price,47,schedule,tenor_months,-6.0,6,6,296.7371716526304,303.4081600594924,-1.2008448534744844,304.5012075406726,309.88994686850293,304.5012075406726,0.0,0.0,0.0,5,0.4
detailed,published_monthly_6,augmented_price,47,schedule,tenor_months,-3.0,6,6,106.23581645715937,111.96720355787188,0.7256988404514695,113.99985234520159,117.83124182440059,113.99985234520159,0.0,0.0,0.0,6,0.3333333333333333
detailed,published_monthly_6,augmented_price,47,schedule,tenor_months,-1.0,6,6,30.748254113884894,35.30004050681028,0.9762616631914344,28.66689245713908,31.352123704979988,28.66689245713908,0.0,0.0,0.16666666666666666,6,0.6666666666666666
detailed,published_monthly_6,augmented_price,47,schedule,tenor_months,1.0,6,6,23.73371809920233,30.903480233883972,0.9838259096692098,12.641074356302022,13.31270775317372,-12.641074356302022,0.0,0.0,0.3333333333333333,6,1.0
detailed,published_monthly_6,augmented_price,47,schedule,tenor_months,3.0,6,6,67.76126567214912,71.46558036271738,0.919257700184517,59.99722978410708,62.80463783020287,-59.99722978410708,0.0,0.0,0.0,4,1.0
detailed,published_monthly_6,augmented_price,47,schedule,tenor_months,6.0,6,6,147.2094140366371,149.7003357348601,0.6745202435399014,139.4453781485952,142.94447737670546,-139.4453781485952,0.0,0.0,0.0,6,0.5
detailed,published_monthly_6,augmented_price,47,schedule,tenor_months,12.0,6,6,269.6441984620754,274.5810080310201,0.12022363337786868,261.88016257403376,269.5029928228271,-261.88016257403376,0.0,0.0,0.0,6,0.5
detailed,published_monthly_6,augmented_price,47,terms,coupon_regular,-0.01,6,6,16.533671110587722,19.484964064618342,0.9932988942208745,10.424580290315832,11.762087496153022,-0.17804553184614966,0.0,0.16666666666666666,0.3333333333333333,6,1.0
detailed,published_monthly_6,augmented_price,47,terms,coupon_regular,-0.005,6,6,18.37777091191977,22.630864654140673,0.9908864121763553,5.05200332124929,5.728701729946371,0.27729744675872087,0.16666666666666666,0.5,1.0,6,1.0
detailed,published_monthly_6,augmented_price,47,terms,coupon_regular,-0.0025,6,6,19.424593202314707,24.622528492060283,0.9891730391232008,2.49048722644574,2.8364542517979086,0.2210521447814795,0.16666666666666666,1.0,1.0,6,1.0
detailed,published_monthly_6,augmented_price,47,terms,coupon_regular,-0.001,6,6,20.092164719608263,25.902123200698654,0.9879946579682003,0.9883270774677883,1.1289571300314794,0.10717645280177764,0.5,1.0,1.0,6,1.0
detailed,published_monthly_6,augmented_price,47,terms,coupon_regular,0.001,6,6,21.026301285750378,27.681052508541296,0.9862552525957893,0.9783929700055669,1.1227328015793607,-0.13062094641373,0.5,1.0,1.0,6,1.0
detailed,published_monthly_6,augmented_price,47,terms,coupon_regular,0.0025,6,6,21.76008864733558,29.05902669636857,0.9848269669022789,2.429094442327267,2.797431413252345,-0.3686729816751324,0.16666666666666666,1.0,1.0,6,1.0
detailed,published_monthly_6,augmented_price,47,terms,coupon_regular,0.005,6,6,23.377090861776498,31.41936689032681,0.982216500763328,4.805736797252358,5.5697874334950574,-0.8696682747518736,0.16666666666666666,0.5,1.0,6,1.0
detailed,published_monthly_6,augmented_price,47,terms,coupon_regular,0.01,6,6,26.597485563434322,36.31372637470621,0.9761472993204326,9.435937915641174,11.086017084348128,-2.2216374668112757,0.0,0.3333333333333333,0.5,6,1.0
detailed,published_monthly_6,augmented_price,47,terms,first_strike,-0.05,6,6,16.636149328235962,20.56722507883175,0.9888602313510324,20.874124506332976,26.41495266627885,7.141096010844429,0.0,0.0,0.3333333333333333,5,0.8
detailed,published_monthly_6,augmented_price,47,terms,first_strike,-0.025,6,6,18.063834964209793,20.29564593428815,0.9913051961437142,8.507269220666105,12.246482158162241,5.151424950300117,0.16666666666666666,0.3333333333333333,0.8333333333333334,6,0.8333333333333334
detailed,published_monthly_6,augmented_price,47,terms,first_strike,-0.01,6,6,19.509284452184147,23.791763391732804,0.989227856422362,3.235327566043217,4.628675054625544,2.1616590076777293,0.0,0.8333333333333334,0.8333333333333334,6,0.8333333333333334
detailed,published_monthly_6,augmented_price,47,terms,first_strike,-0.005,6,6,20.213036663394025,25.319323523882534,0.9881349223639886,1.9072026072998414,2.506564205014388,0.98996050161126,0.3333333333333333,0.8333333333333334,1.0,5,0.8
detailed,published_monthly_6,augmented_price,47,terms,first_strike,0.005,6,6,21.117933212634245,28.517570692006462,0.9858660160190309,1.6827267037467717,2.3533868937093323,-0.7942918918506355,0.3333333333333333,0.8333333333333334,1.0,5,0.8
detailed,published_monthly_6,augmented_price,47,terms,first_strike,0.01,6,6,21.50993514897982,30.085270714132687,0.9846958705048783,3.1278155559857637,4.543758398802774,-1.8923176254786542,0.0,0.8333333333333334,0.8333333333333334,6,0.8333333333333334
detailed,published_monthly_6,augmented_price,47,terms,first_strike,0.025,6,6,23.27919403795234,34.827832209961564,0.9808950497962072,7.032114935102427,10.668345044483493,-5.36520329542904,0.0,0.6666666666666666,0.8333333333333334,6,0.8333333333333334
detailed,published_monthly_6,augmented_price,47,terms,first_strike,0.05,6,6,26.57748496739926,42.55860304757287,0.9740775457408257,11.282608206811448,19.805144613156372,-11.012003706227636,0.16666666666666666,0.6666666666666666,0.6666666666666666,6,0.8333333333333334
detailed,published_monthly_6,augmented_price,47,terms,ki_barrier,-0.05,1,1,13.056200580998848,13.056200580998848,,11.821767963162728,11.821767963162728,-11.821767963162728,0.0,0.0,0.0,1,1.0
detailed,published_monthly_6,augmented_price,47,terms,ki_barrier,-0.025,1,1,6.4886963204990025,6.4886963204990025,,5.254263702663245,5.254263702663245,-5.254263702663245,0.0,0.0,1.0,1,1.0
detailed,published_monthly_6,augmented_price,47,terms,ki_barrier,-0.01,1,1,2.6602186564578005,2.6602186564578005,,1.4257860386235155,1.4257860386235155,-1.4257860386235155,0.0,1.0,1.0,1,1.0
detailed,published_monthly_6,augmented_price,47,terms,ki_barrier,-0.005,1,1,1.8189993247979146,1.8189993247979146,,0.5845667069642548,0.5845667069642548,-0.5845667069642548,1.0,1.0,1.0,1,1.0
detailed,published_monthly_6,augmented_price,47,terms,ki_barrier,0.005,1,1,0.5359474359192973,0.5359474359192973,,0.6984851819135685,0.6984851819135685,0.6984851819135685,1.0,1.0,1.0,1,1.0
detailed,published_monthly_6,augmented_price,47,terms,ki_barrier,0.01,1,1,0.2763190979130741,0.2763190979130741,,1.5107517157491728,1.5107517157491728,1.5107517157491728,0.0,1.0,1.0,1,1.0
detailed,published_monthly_6,augmented_price,47,terms,ki_barrier,0.025,1,1,0.7205450336568902,0.7205450336568902,,1.9549776514935004,1.9549776514935004,1.9549776514935004,0.0,1.0,1.0,1,1.0
detailed,published_monthly_6,augmented_price,47,terms,ki_barrier,0.05,1,1,1.051543070225307,1.051543070225307,,0.18288954761013088,0.18288954761013088,0.18288954761013088,1.0,1.0,1.0,1,1.0
detailed,published_monthly_6,augmented_price,47,terms,last_strike,-0.05,6,6,30.19284578105059,38.45765519517157,0.9721472287574121,22.98277200542658,26.531897313580426,-9.372913249314701,0.0,0.0,0.16666666666666666,6,1.0
detailed,published_monthly_6,augmented_price,47,terms,last_strike,-0.025,6,6,24.307687558685757,31.04826499429862,0.9824221487276387,12.167424995294477,13.880605775422387,-4.2463113194399495,0.0,0.16666666666666666,0.5,6,1.0
detailed,published_monthly_6,augmented_price,47,terms,last_strike,-0.01,6,6,21.465998920562015,27.961022455258437,0.985927582353093,4.798115885743903,5.4363347008422735,-1.5128521512708641,0.0,0.6666666666666666,1.0,6,1.0
detailed,published_monthly_6,augmented_price,47,terms,last_strike,-0.005,6,6,20.66779990833614,27.089145224040493,0.9868089610621527,2.4565473159578826,2.8286979049273646,-0.9551273793695324,0.16666666666666666,1.0,1.0,5,1.0
detailed,published_monthly_6,augmented_price,47,terms,last_strike,0.005,6,6,21.055365091125168,26.626270498901018,0.9873184819338082,2.2715637727534923,2.6201826326448288,0.3814124854861576,0.3333333333333333,1.0,1.0,5,1.0
detailed,published_monthly_6,augmented_price,47,terms,last_strike,0.01,6,6,21.3737029419417,26.53910156106815,0.9874389399725713,4.4835444955740895,5.167666687613114,1.0762740118767102,0.0,0.6666666666666666,1.0,6,1.0
detailed,published_monthly_6,augmented_price,47,terms,last_strike,0.025,6,6,24.472078456551873,27.25631792574678,0.9866886465911002,11.88787414382095,13.921725765163442,2.453566611088011,0.0,0.16666666666666666,0.5,6,1.0
detailed,published_monthly_6,augmented_price,47,terms,last_strike,0.05,6,6,33.645221274493146,34.123523476455986,0.978695152333265,25.02388963011681,29.494357308752413,3.218225569644325,0.0,0.16666666666666666,0.16666666666666666,6,1.0
detailed,published_monthly_6,augmented_price,47,terms,monthly_barrier,-0.05,6,6,26.181833102055254,33.99695098993126,0.9780868968291457,10.539320415327131,12.454901930132273,8.658982607563773,0.0,0.3333333333333333,0.6666666666666666,6,1.0
detailed,published_monthly_6,augmented_price,47,terms,monthly_barrier,-0.025,6,6,23.297205597948352,30.157081245460347,0.9832282377133718,5.083628493176767,6.0004738264633675,3.8805682729246413,0.0,0.6666666666666666,1.0,6,1.0
detailed,published_monthly_6,augmented_price,47,terms,monthly_barrier,-0.01,6,6,21.57501733880751,28.079178950846366,0.9857053747302763,1.9389265677910033,2.307592179107691,1.3859786302808452,0.3333333333333333,1.0,1.0,6,1.0
detailed,published_monthly_6,augmented_price,47,terms,monthly_barrier,-0.005,6,6,21.069517898140475,27.420832799393477,0.9864467093922265,0.9596242980931726,1.1408367651258324,0.6642106263798451,0.6666666666666666,1.0,1.0,6,1.0
detailed,published_monthly_6,augmented_price,47,terms,monthly_barrier,0.005,6,6,20.00194471892458,26.119417099679676,0.987845526579751,0.9477584964003535,1.1366681396179459,-0.621906038954599,0.6666666666666666,1.0,1.0,6,1.0
detailed,published_monthly_6,augmented_price,47,terms,monthly_barrier,0.01,6,6,19.466023281428836,25.475818571361472,0.9885000320725201,1.8597585708171922,2.2182221176211456,-1.1779161675639616,0.3333333333333333,1.0,1.0,6,1.0
detailed,published_monthly_6,augmented_price,47,terms,monthly_barrier,0.025,6,6,17.63291527040201,23.46016711972232,0.9904072226358032,4.368347522656857,5.324640440757932,-2.3852640147613666,0.16666666666666666,0.5,1.0,6,1.0
detailed,published_monthly_6,augmented_price,47,terms,monthly_barrier,0.05,6,6,15.671707049886209,19.63106946815931,0.9934559321965133,7.657287879953652,10.081431122547144,-2.825373863521674,0.3333333333333333,0.5,0.5,6,1.0
detailed,published_monthly_6,augmented_price,ensemble,schedule,nobs_early,1.0,6,6,144.85079203500513,162.80841870042067,0.11808551128571076,155.34034964647637,162.12475360050414,155.34034964647637,0.0,0.0,0.0,6,0.3333333333333333
detailed,published_monthly_6,augmented_price,ensemble,schedule,nobs_late,1.0,6,6,212.23100466414266,213.77815863004537,0.13399313218075926,201.74144705267076,204.4178825591887,-201.74144705267076,0.0,0.0,0.0,6,0.6666666666666666
detailed,published_monthly_6,augmented_price,ensemble,schedule,nobs_middle,1.0,6,6,220.19972336362753,225.6417758128311,0.053798263512714106,209.7101657521558,211.47757782224417,-209.7101657521558,0.0,0.0,0.0,6,0.6666666666666666
detailed,published_monthly_6,augmented_price,ensemble,schedule,tenor_months,-12.0,6,6,355.7724671060302,365.0876945206766,-4.045914757408845,366.26202471750094,372.5052231653419,366.26202471750094,0.0,0.0,0.0,6,0.5
detailed,published_monthly_6,augmented_price,ensemble,schedule,tenor_months,-6.0,6,6,211.6527995560391,230.9468901820433,-0.2751437661149574,222.14235716751077,236.50112869434125,222.14235716751077,0.0,0.0,0.0,5,0.4
detailed,published_monthly_6,augmented_price,ensemble,schedule,tenor_months,-3.0,6,6,86.69897024328809,97.90695591524124,0.7902639541415069,97.18852785476012,101.64725273633596,97.18852785476012,0.0,0.0,0.0,6,0.3333333333333333
detailed,published_monthly_6,augmented_price,ensemble,schedule,tenor_months,-1.0,6,6,38.71895146385699,41.73908843154481,0.9668116394156455,30.589837638668183,33.71726691083875,30.589837638668183,0.0,0.16666666666666666,0.16666666666666666,6,0.6666666666666666
detailed,published_monthly_6,augmented_price,ensemble,schedule,tenor_months,1.0,6,6,27.769846620167908,38.12307901706947,0.9753860665978211,15.446433190038803,16.14968877142471,-15.446433190038803,0.0,0.0,0.0,6,1.0
detailed,published_monthly_6,augmented_price,ensemble,schedule,tenor_months,3.0,6,6,78.68043923070218,83.84428141758043,0.8888641540639728,68.1908816192306,70.86481892894925,-68.1908816192306,0.0,0.0,0.0,4,1.0
detailed,published_monthly_6,augmented_price,ensemble,schedule,tenor_months,6.0,6,6,165.7924865930272,169.1213499851106,0.5845915686007663,155.3029289815556,158.68480515507957,-155.3029289815556,0.0,0.0,0.0,6,0.5
detailed,published_monthly_6,augmented_price,ensemble,schedule,tenor_months,12.0,6,6,301.99051331616766,306.49922103770564,-0.0962006404510547,291.50095570469637,298.285816148427,-291.50095570469637,0.0,0.0,0.0,6,0.5
detailed,published_monthly_6,augmented_price,ensemble,terms,coupon_regular,-0.01,6,6,17.26031795778302,22.639034881662564,0.9909538648393347,9.335174821840324,11.109485513372467,1.710825661086164,0.0,0.3333333333333333,0.3333333333333333,6,1.0
detailed,published_monthly_6,augmented_price,ensemble,terms,coupon_regular,-0.005,6,6,19.58906974852228,26.89937302965646,0.9871242835628109,4.6683986963622095,5.487698044115678,0.9496378398249435,0.16666666666666666,0.3333333333333333,1.0,6,1.0
detailed,published_monthly_6,augmented_price,ensemble,terms,coupon_regular,-0.0025,6,6,20.857157725799578,29.197429388256808,0.9847759394097155,2.3205399504207223,2.722714743481974,0.49543219289789775,0.3333333333333333,1.0,1.0,6,1.0
detailed,published_monthly_6,augmented_price,ensemble,terms,coupon_regular,-0.001,6,6,21.63228251322168,30.59984190653613,0.9832450871353623,0.9235668178754496,1.0838837316191356,0.20327238565638575,0.5,1.0,1.0,6,1.0
detailed,published_monthly_6,augmented_price,ensemble,terms,coupon_regular,0.001,6,6,22.67234977860547,32.483585916106065,0.9810722279937781,0.9165798289604838,1.0775892141230325,-0.2106567388700311,0.5,1.0,1.0,6,1.0
detailed,published_monthly_6,augmented_price,ensemble,terms,coupon_regular,0.0025,6,6,23.713432197699756,33.90225054991284,0.979347751809256,2.2768629912764595,2.6833112946666655,-0.5421556116627523,0.3333333333333333,1.0,1.0,6,1.0
detailed,published_monthly_6,augmented_price,ensemble,terms,coupon_regular,0.005,6,6,25.658160617330395,36.27291159866414,0.9762978797962191,4.503525626175716,5.337874997695812,-1.1447105966985127,0.16666666666666666,0.5,1.0,6,1.0
detailed,published_monthly_6,augmented_price,ensemble,terms,coupon_regular,0.01,6,6,29.223070165789977,41.04320691293035,0.9695295759090709,8.950292515488153,10.623574671977073,-2.6162864426072,0.16666666666666666,0.3333333333333333,0.5,6,1.0
detailed,published_monthly_6,augmented_price,ensemble,terms,first_strike,-0.05,6,6,18.213748582301985,19.404178929235165,0.9900844841932639,19.298873085993662,23.65555279441799,8.121493076324608,0.0,0.0,0.16666666666666666,5,0.8
detailed,published_monthly_6,augmented_price,ensemble,terms,first_strike,-0.025,6,6,20.15142142008517,24.071937739603445,0.9877686009138752,7.703003052287232,11.12390359465375,5.760683760979421,0.3333333333333333,0.5,0.6666666666666666,6,0.8333333333333334
detailed,published_monthly_6,augmented_price,ensemble,terms,first_strike,-0.01,6,6,21.315570098410717,28.447922122058085,0.98459896280331,2.9603514714786754,4.24058720274514,2.4709408866788,0.3333333333333333,0.8333333333333334,1.0,6,0.8333333333333334
detailed,published_monthly_6,augmented_price,ensemble,terms,first_strike,-0.005,6,6,21.916636752148708,29.970657079597274,0.9833751047665898,1.7814699205150006,2.3249852646746016,1.158674760017589,0.3333333333333333,1.0,1.0,5,0.8
detailed,published_monthly_6,augmented_price,ensemble,terms,first_strike,0.005,6,6,22.562662458328305,33.26499312952688,0.9807684442881632,1.6186135597755558,2.145055429083758,-0.994497270912926,0.5,1.0,1.0,5,0.8
detailed,published_monthly_6,augmented_price,ensemble,terms,first_strike,0.01,6,6,22.867909190865856,34.82261711118918,0.9794967078677197,2.9560548379580127,4.234777940716021,-2.3289878758412277,0.3333333333333333,0.8333333333333334,1.0,6,0.8333333333333334
detailed,published_monthly_6,augmented_price,ensemble,terms,first_strike,0.025,6,6,25.47605043196654,39.46036644666751,0.9754746479015841,7.491086618742908,10.163630916430595,-6.760581143312538,0.0,0.6666666666666666,0.8333333333333334,6,0.8333333333333334
detailed,published_monthly_6,augmented_price,ensemble,terms,first_strike,0.05,6,6,31.25447199695706,47.40370804137103,0.9678392611280049,14.993362181382688,19.984813904187845,-14.993362181382688,0.16666666666666666,0.16666666666666666,0.3333333333333333,6,0.8333333333333334
detailed,published_monthly_6,augmented_price,ensemble,terms,ki_barrier,-0.05,1,1,14.524461663964757,14.524461663964757,,13.061941938787868,13.061941938787868,-13.061941938787868,0.0,0.0,0.0,1,1.0
detailed,published_monthly_6,augmented_price,ensemble,terms,ki_barrier,-0.025,1,1,7.294551117862284,7.294551117862284,,5.832031392685288,5.832031392685288,-5.832031392685288,0.0,0.0,1.0,1,1.0
detailed,published_monthly_6,augmented_price,ensemble,terms,ki_barrier,-0.01,1,1,3.1088429494684533,3.1088429494684533,,1.6463232242924608,1.6463232242924608,-1.6463232242924608,0.0,1.0,1.0,1,1.0
detailed,published_monthly_6,augmented_price,ensemble,terms,ki_barrier,-0.005,1,1,2.1551695213311177,2.1551695213311177,,0.692649796156223,0.692649796156223,-0.692649796156223,1.0,1.0,1.0,1,1.0
detailed,published_monthly_6,augmented_price,ensemble,terms,ki_barrier,0.005,1,1,0.658733004156602,0.658733004156602,,0.8037867210174987,0.8037867210174987,0.8037867210174987,1.0,1.0,1.0,1,1.0
detailed,published_monthly_6,augmented_price,ensemble,terms,ki_barrier,0.01,1,1,0.2540666971981409,0.2540666971981409,,1.716586422375002,1.716586422375002,1.716586422375002,0.0,1.0,1.0,1,1.0
detailed,published_monthly_6,augmented_price,ensemble,terms,ki_barrier,0.025,1,1,0.9796265562818007,0.9796265562818007,,2.4421462814591735,2.4421462814591735,2.4421462814591735,0.0,1.0,1.0,1,1.0
detailed,published_monthly_6,augmented_price,ensemble,terms,ki_barrier,0.05,1,1,0.3994682563825336,0.3994682563825336,,1.0630514687941428,1.0630514687941428,1.0630514687941428,0.0,1.0,1.0,1,1.0
detailed,published_monthly_6,augmented_price,ensemble,terms,last_strike,-0.05,6,6,30.664785618651877,40.17403832333126,0.9696055850174138,21.111134713256046,25.060462628468915,-5.505432759371875,0.0,0.16666666666666666,0.16666666666666666,6,1.0
detailed,published_monthly_6,augmented_price,ensemble,terms,last_strike,-0.025,6,6,25.256850312660692,34.87815179095124,0.9778181359339337,11.110568416043412,13.31581033405952,-2.9496453860425595,0.16666666666666666,0.16666666666666666,0.6666666666666666,6,1.0
detailed,published_monthly_6,augmented_price,ensemble,terms,last_strike,-0.01,6,6,22.72061046570131,32.518330644328536,0.9809664803633719,4.430818819161267,5.210384476625205,-1.138998573762936,0.16666666666666666,0.6666666666666666,1.0,6,1.0
detailed,published_monthly_6,augmented_price,ensemble,terms,last_strike,-0.005,6,6,22.057614656040943,31.770604915629985,0.9818557355404679,2.2820050478407987,2.729941506765747,-0.7915788568441072,0.16666666666666666,1.0,1.0,5,1.0
detailed,published_monthly_6,augmented_price,ensemble,terms,last_strike,0.005,6,6,22.756912131004356,31.37909378860421,0.9823870801108106,2.1154327171330176,2.535327347318696,0.26342840252267274,0.16666666666666666,1.0,1.0,5,1.0
detailed,published_monthly_6,augmented_price,ensemble,terms,last_strike,0.01,6,6,23.16359731085443,31.253675845168242,0.9825796825416904,4.188998209308664,4.989236374163963,0.884247714625697,0.16666666666666666,0.6666666666666666,1.0,6,1.0
detailed,published_monthly_6,augmented_price,ensemble,terms,last_strike,0.025,6,6,24.513271888829877,31.165058051118272,0.9825970159728528,11.281761133838065,13.439904298878202,2.2860113318859567,0.0,0.3333333333333333,0.5,6,1.0
detailed,published_monthly_6,augmented_price,ensemble,terms,last_strike,0.05,6,6,34.05957289675613,35.60325342058174,0.9768073663851836,23.31267432693277,28.612403727178513,3.808410893995505,0.16666666666666666,0.16666666666666666,0.16666666666666666,6,1.0
detailed,published_monthly_6,augmented_price,ensemble,terms,monthly_barrier,-0.05,6,6,29.372966442255347,39.35219281192459,0.9706396100052945,12.889365990363691,15.273607092066921,11.434870255828713,0.0,0.16666666666666666,0.6666666666666666,6,1.0
detailed,published_monthly_6,augmented_price,ensemble,terms,monthly_barrier,-0.025,6,6,25.599037638099617,35.02814735093003,0.9773726120887818,5.971770814021876,7.059562476419255,4.887390064255614,0.0,0.6666666666666666,0.8333333333333334,6,1.0
detailed,published_monthly_6,augmented_price,ensemble,terms,monthly_barrier,-0.01,6,6,23.23562678554511,32.86022494362758,0.980423050086086,2.231154895648435,2.651388242089889,1.7053601852028681,0.16666666666666666,1.0,1.0,6,1.0
detailed,published_monthly_6,augmented_price,ensemble,terms,monthly_barrier,-0.005,6,6,22.688247595473815,32.19017386912838,0.9813220110494351,1.0957877977138917,1.2965742631982293,0.8107055977616319,0.6666666666666666,1.0,1.0,6,1.0
detailed,published_monthly_6,augmented_price,ensemble,terms,monthly_barrier,0.005,6,6,21.578255777393377,30.867852066376066,0.9830245221854378,1.0645504864683304,1.2816895468165983,-0.7428041267740163,0.6666666666666666,1.0,1.0,6,1.0
detailed,published_monthly_6,augmented_price,ensemble,terms,monthly_barrier,0.01,6,6,21.017697753390774,30.20500066388756,0.9838341690241204,2.075096906914,2.492051488875924,-1.3957711442181993,0.3333333333333333,1.0,1.0,6,1.0
detailed,published_monthly_6,augmented_price,ensemble,terms,monthly_barrier,0.025,6,6,19.439244733089254,28.082416983366862,0.9862547979070051,4.775314791706731,5.866482894912935,-2.7568658612445085,0.0,0.5,0.8333333333333334,6,1.0
detailed,published_monthly_6,augmented_price,ensemble,terms,monthly_barrier,0.05,6,6,17.0413555594414,23.866453085404096,0.9903275691655237,8.344048411698155,10.873969081703244,-3.057368386463803,0.3333333333333333,0.5,0.5,6,1.0
detailed,published_monthly_6,prior_frozen_affine_coupon_delta,ensemble,schedule,nobs_early,1.0,6,6,188.15409983740088,193.50844267085603,-0.245869622729038,162.9347443858114,166.0926254053519,-162.9347443858114,0.0,0.0,0.0,6,0.6666666666666666
detailed,published_monthly_6,prior_frozen_affine_coupon_delta,ensemble,schedule,nobs_late,1.0,6,6,542.4927583292186,551.9141073333102,-4.772150716548229,517.2734028776287,524.0132414054542,-517.2734028776287,0.0,0.0,0.0,6,0.6666666666666666
detailed,published_monthly_6,prior_frozen_affine_coupon_delta,ensemble,schedule,nobs_middle,1.0,6,6,534.6346557014944,539.7169147660974,-4.413483045629341,509.4153002499044,512.5500386649735,-509.4153002499044,0.0,0.0,0.0,6,0.6666666666666666
detailed,published_monthly_6,prior_frozen_affine_coupon_delta,ensemble,schedule,tenor_months,-12.0,6,6,403.61671810293655,419.9409230629363,-5.676085906142448,428.8360735545259,446.5323425523948,428.8360735545259,0.0,0.0,0.0,6,0.5
detailed,published_monthly_6,prior_frozen_affine_coupon_delta,ensemble,schedule,tenor_months,-6.0,6,6,192.509343997686,204.83296900364883,-0.0030778372683135657,217.72869944927592,231.5561753380991,217.72869944927592,0.0,0.0,0.0,5,0.4
detailed,published_monthly_6,prior_frozen_affine_coupon_delta,ensemble,schedule,tenor_months,-3.0,6,6,48.20526323965199,62.21466966202394,0.9153101079445177,50.03453114360866,55.45706102064879,25.24144994465509,0.0,0.0,0.16666666666666666,6,0.5
detailed,published_monthly_6,prior_frozen_affine_coupon_delta,ensemble,schedule,tenor_months,-1.0,6,6,32.57173710389361,36.40583570850798,0.9747511332848694,52.13568831252338,57.79255761140799,38.72309010041892,0.0,0.0,0.0,6,0.3333333333333333
detailed,published_monthly_6,prior_frozen_affine_coupon_delta,ensemble,schedule,tenor_months,1.0,6,6,63.322914375068045,68.35671002639656,0.9208652222375047,23.187155952252553,23.430116408936314,-23.187155952252553,0.0,0.0,0.0,6,1.0
detailed,published_monthly_6,prior_frozen_affine_coupon_delta,ensemble,schedule,tenor_months,3.0,6,6,114.07751848654759,121.36567341742536,0.7671377949656045,88.85816303495794,89.54146088409264,-88.85816303495794,0.0,0.0,0.0,4,1.0
detailed,published_monthly_6,prior_frozen_affine_coupon_delta,ensemble,schedule,tenor_months,6.0,6,6,212.89595119645097,215.23025065422573,0.3272014348349267,187.67659574486126,188.94124366862653,-187.67659574486126,0.0,0.0,0.0,6,0.5
detailed,published_monthly_6,prior_frozen_affine_coupon_delta,ensemble,schedule,tenor_months,12.0,6,6,340.91430006229865,342.82360171774775,-0.3714271026389804,315.6949446107092,320.34730061607814,-315.6949446107092,0.0,0.0,0.0,6,0.5
detailed,published_monthly_6,prior_frozen_affine_coupon_delta,ensemble,terms,coupon_regular,-0.01,6,6,56.59355350079901,63.48035919627402,0.9288743896702106,8.29093151002955,11.975433785798831,-0.06529341214585098,0.16666666666666666,0.6666666666666666,0.6666666666666666,6,1.0
detailed,published_monthly_6,prior_frozen_affine_coupon_delta,ensemble,terms,coupon_regular,-0.005,6,6,52.45123012994312,59.07988085795375,0.9378893162683571,4.145399527632009,5.987674142695907,-0.0326798197647283,0.16666666666666666,0.6666666666666666,0.8333333333333334,6,1.0
detailed,published_monthly_6,prior_frozen_affine_coupon_delta,ensemble,terms,coupon_regular,-0.0025,6,6,50.380035330823375,56.98826057198717,0.9420021261627899,2.0726335364328974,2.9937599729413775,-0.01633990988185256,0.6666666666666666,0.8333333333333334,1.0,6,1.0
detailed,published_monthly_6,prior_frozen_affine_coupon_delta,ensemble,terms,coupon_regular,-0.001,6,6,49.13755024719285,55.773007988580076,0.9443388796288783,0.8292719649373668,1.1977046111671381,-0.0066353050277999275,0.6666666666666666,1.0,1.0,6,1.0
detailed,published_monthly_6,prior_frozen_affine_coupon_delta,ensemble,terms,coupon_regular,0.001,6,6,47.480428839439206,54.20242329902406,0.9473001994281317,0.8291726238624421,1.197560760980774,0.006602191336267715,0.6666666666666666,1.0,1.0,6,1.0
detailed,published_monthly_6,prior_frozen_affine_coupon_delta,ensemble,terms,coupon_regular,0.0025,6,6,46.23787752842509,53.06510483669139,0.9494025848897389,2.072732877507153,2.9938876061027453,0.016108114041432604,0.6666666666666666,0.8333333333333334,1.0,6,1.0
detailed,published_monthly_6,prior_frozen_affine_coupon_delta,ensemble,terms,coupon_regular,0.005,6,6,44.166748956689844,51.25355776085476,0.9526772040493271,4.145432641322787,5.987666771502392,0.032514251306499396,0.16666666666666666,0.6666666666666666,0.8333333333333334,6,1.0
detailed,published_monthly_6,prior_frozen_affine_coupon_delta,ensemble,terms,coupon_regular,0.01,6,6,40.02442558583243,47.986780246199565,0.9583476847142699,8.290832168953985,11.975466912470319,0.06512784368819051,0.16666666666666666,0.6666666666666666,0.6666666666666666,6,1.0
detailed,published_monthly_6,prior_frozen_affine_coupon_delta,ensemble,terms,first_strike,-0.05,6,6,42.79374600383168,49.971486689822974,0.9342388634818373,12.99047686732142,13.999438127130786,4.0212564485342535,0.0,0.16666666666666666,0.3333333333333333,5,1.0
detailed,published_monthly_6,prior_frozen_affine_coupon_delta,ensemble,terms,first_strike,-0.025,6,6,43.937510703491476,51.041103451036186,0.9450086801690404,6.025893588341336,7.074773319583462,3.542496905663073,0.0,0.5,0.6666666666666666,6,0.8333333333333334
detailed,published_monthly_6,prior_frozen_affine_coupon_delta,ensemble,terms,first_strike,-0.01,6,6,46.32996749487726,53.04615215505192,0.9464503492968649,2.3507264166756583,2.8705795333932755,1.5519034916256684,0.3333333333333333,1.0,1.0,6,0.8333333333333334
detailed,published_monthly_6,prior_frozen_affine_coupon_delta,ensemble,terms,first_strike,-0.005,6,6,47.43577862262615,54.111665127490255,0.9458063771559362,1.448228209158349,1.6699507887494425,0.694520145674944,0.3333333333333333,1.0,1.0,5,1.0
detailed,published_monthly_6,prior_frozen_affine_coupon_delta,ensemble,terms,first_strike,0.005,6,6,49.02192872442871,55.91710415026201,0.9456588424763973,1.2163115830016735,1.4217901332610827,-0.5226933938237356,0.5,1.0,1.0,5,1.0
detailed,published_monthly_6,prior_frozen_affine_coupon_delta,ensemble,terms,first_strike,0.01,6,6,50.03262974602573,56.820867860728306,0.945409570686907,2.439494936430822,2.830424118411791,-1.3786249285888577,0.0,1.0,1.0,6,0.8333333333333334
detailed,published_monthly_6,prior_frozen_affine_coupon_delta,ensemble,terms,first_strike,0.025,6,6,53.64779132841613,60.42516658950576,0.942491937521679,5.637310669823898,7.271837134611961,-4.346030097152883,0.3333333333333333,0.5,0.6666666666666666,6,0.8333333333333334
detailed,published_monthly_6,prior_frozen_affine_coupon_delta,ensemble,terms,first_strike,0.05,6,6,60.16128762790868,66.87456248195308,0.9359936155167166,12.283006729941448,15.129458211390357,-10.108927110496891,0.0,0.16666666666666666,0.5,6,0.8333333333333334
detailed,published_monthly_6,prior_frozen_affine_coupon_delta,ensemble,terms,ki_barrier,-0.05,1,1,28.547046743628016,28.547046743628016,,43.78499460499394,43.78499460499394,43.78499460499394,0.0,0.0,0.0,1,1.0
detailed,published_monthly_6,prior_frozen_affine_coupon_delta,ensemble,terms,ki_barrier,-0.025,1,1,4.812741693214775,4.812741693214775,,20.050689554580337,20.050689554580337,20.050689554580337,0.0,0.0,0.0,1,1.0
detailed,published_monthly_6,prior_frozen_affine_coupon_delta,ensemble,terms,ki_barrier,-0.01,1,1,7.10195678511991,7.10195678511991,,8.135991076244649,8.135991076244649,8.135991076244649,0.0,0.0,1.0,1,1.0
detailed,published_monthly_6,prior_frozen_affine_coupon_delta,ensemble,terms,ki_barrier,-0.005,1,1,11.130436931609438,11.130436931609438,,4.107510929754495,4.107510929754495,4.107510929754495,0.0,1.0,1.0,1,1.0
detailed,published_monthly_6,prior_frozen_affine_coupon_delta,ensemble,terms,ki_barrier,0.005,1,1,19.06067366781099,19.06067366781099,,3.8227258064483216,3.8227258064483216,-3.8227258064483216,0.0,1.0,1.0,1,1.0
detailed,published_monthly_6,prior_frozen_affine_coupon_delta,ensemble,terms,ki_barrier,0.01,1,1,22.607096124254895,22.607096124254895,,7.3691482628885225,7.3691482628885225,-7.3691482628885225,0.0,0.0,1.0,1,1.0
detailed,published_monthly_6,prior_frozen_affine_coupon_delta,ensemble,terms,ki_barrier,0.025,1,1,34.33493338024164,34.33493338024164,,19.096985518875222,19.096985518875222,-19.096985518875222,0.0,0.0,0.0,1,1.0
detailed,published_monthly_6,prior_frozen_affine_coupon_delta,ensemble,terms,ki_barrier,0.05,1,1,53.840198033400156,53.840198033400156,,38.60225017203469,38.60225017203469,-38.60225017203469,0.0,0.0,0.0,1,1.0
detailed,published_monthly_6,prior_frozen_affine_coupon_delta,ensemble,terms,last_strike,-0.05,6,6,54.74518016886062,65.3005906081605,0.9196960277686412,10.923092254741562,14.098317889919361,3.4014879915639953,0.0,0.3333333333333333,0.6666666666666666,6,1.0
detailed,published_monthly_6,prior_frozen_affine_coupon_delta,ensemble,terms,last_strike,-0.025,6,6,52.07766794663348,60.31831188397385,0.9336578610218794,5.417339388715946,6.876378058276264,0.5351401707504687,0.0,0.6666666666666666,0.8333333333333334,6,1.0
detailed,published_monthly_6,prior_frozen_affine_coupon_delta,ensemble,terms,last_strike,-0.01,6,6,49.80234400905071,57.023449503871696,0.9414712040279835,1.9454766430387378,2.4691651631850147,0.009053111993739519,0.3333333333333333,1.0,1.0,6,1.0
detailed,published_monthly_6,prior_frozen_affine_coupon_delta,ensemble,terms,last_strike,-0.005,6,6,49.412782461491894,56.308256517457984,0.9430055508913614,1.3498008552914242,1.486322561983101,-0.25924315161703193,0.3333333333333333,1.0,1.0,5,1.0
detailed,published_monthly_6,prior_frozen_affine_coupon_delta,ensemble,terms,last_strike,0.005,6,6,47.71568918434423,54.117146211713205,0.947613384822539,0.8641805182987627,1.2030060911742262,-0.1848316398798683,0.6666666666666666,1.0,1.0,5,1.0
detailed,published_monthly_6,prior_frozen_affine_coupon_delta,ensemble,terms,last_strike,0.01,6,6,46.82228056911905,53.017366781686654,0.9498708701913505,1.893305830712091,2.370968397631404,0.0729953855402865,0.16666666666666666,1.0,1.0,6,1.0
detailed,published_monthly_6,prior_frozen_affine_coupon_delta,ensemble,terms,last_strike,0.025,6,6,44.91923130939176,50.24514023107155,0.9547648571107809,4.486948742993612,5.852353530449606,0.8980509509077788,0.16666666666666666,0.6666666666666666,0.8333333333333334,6,1.0
detailed,published_monthly_6,prior_frozen_affine_coupon_delta,ensemble,terms,last_strike,0.05,6,6,41.58153174466346,45.64564482893862,0.9618785519085977,9.135194828033105,13.004834696933498,3.14289192138666,0.0,0.5,0.6666666666666666,6,1.0
detailed,published_monthly_6,prior_frozen_affine_coupon_delta,ensemble,terms,monthly_barrier,-0.05,6,6,42.17443582004429,49.80821831923786,0.952964478993392,8.444287211092295,9.661507967316803,-0.014817754917669271,0.0,0.3333333333333333,0.8333333333333334,6,1.0
detailed,published_monthly_6,prior_frozen_affine_coupon_delta,ensemble,terms,monthly_barrier,-0.025,6,6,45.39256937732656,52.38093715854308,0.9494004546368046,4.282335029127362,5.106993426024753,-0.44593420917189786,0.0,0.8333333333333334,0.8333333333333334,6,1.0
detailed,published_monthly_6,prior_frozen_affine_coupon_delta,ensemble,terms,monthly_barrier,-0.01,6,6,47.206498267025985,53.94062782279115,0.9472483607858336,1.7211276242481597,2.1227601958392945,-0.3167273888026287,0.3333333333333333,1.0,1.0,6,1.0
detailed,published_monthly_6,prior_frozen_affine_coupon_delta,ensemble,terms,monthly_barrier,-0.005,6,6,47.760753192093034,54.44214586062872,0.9465738426621506,0.8635247180385113,1.0806440001809392,-0.18045341747027713,0.8333333333333334,1.0,1.0,6,1.0
detailed,published_monthly_6,prior_frozen_affine_coupon_delta,ensemble,terms,monthly_barrier,0.005,6,6,48.862347416607314,55.51563351121827,0.9450914737872306,0.8809218166558354,1.1181599224793173,0.20600247697557683,0.8333333333333334,1.0,1.0,6,1.0
detailed,published_monthly_6,prior_frozen_affine_coupon_delta,ensemble,terms,monthly_barrier,0.01,6,6,49.39953361646167,56.06102727584104,0.944311895250078,1.7335632648047792,2.2554185930775494,0.4581982178285375,0.5,1.0,1.0,6,1.0
detailed,published_monthly_6,prior_frozen_affine_coupon_delta,ensemble,terms,monthly_barrier,0.025,6,6,50.92931496001378,57.79236311493143,0.9417865862126072,4.296007376764472,5.913538046037046,1.5302313279168807,0.16666666666666666,0.6666666666666666,0.8333333333333334,6,1.0
detailed,published_monthly_6,prior_frozen_affine_coupon_delta,ensemble,terms,monthly_barrier,0.05,6,6,53.23636813571193,61.032545825583746,0.9367467503460616,8.876837393620841,12.906922743767748,4.239895818620672,0.3333333333333333,0.5,0.5,6,1.0
detailed,regular_test,affine_coupon_delta,101,schedule,nobs_early,1.0,81,81,103.07420130626932,143.94817155691183,0.8687924885712326,83.47354771272033,115.46270079892221,39.77071082439518,0.0,0.012345679012345678,0.06172839506172839,77,0.7792207792207793
detailed,regular_test,affine_coupon_delta,101,schedule,nobs_late,1.0,81,81,175.06352463919967,270.97924322947625,0.7319336198474227,171.63029150078788,257.76145884481446,-155.0682224623764,0.012345679012345678,0.04938271604938271,0.08641975308641975,72,0.5833333333333334
detailed,regular_test,affine_coupon_delta,101,schedule,nobs_middle,1.0,81,81,186.78624404878744,299.3774332508025,0.6730800953108591,192.78135701263395,287.13997801514347,-155.56844818953638,0.0,0.012345679012345678,0.012345679012345678,64,0.609375
detailed,regular_test,affine_coupon_delta,101,schedule,tenor_months,-12.0,128,128,178.04169042849819,243.54806646260698,0.39781500298950734,171.9675442495333,234.1032820027164,133.789195663408,0.0,0.0,0.0078125,123,0.5691056910569106
detailed,regular_test,affine_coupon_delta,101,schedule,tenor_months,-6.0,128,128,105.74371622652032,143.81649371025935,0.864411571307196,90.62024562828253,124.96553721719897,72.32804235525143,0.0,0.015625,0.0703125,121,0.5702479338842975
detailed,regular_test,affine_coupon_delta,101,schedule,tenor_months,-3.0,128,128,75.9857442577918,97.90682153663401,0.9473413765612496,45.821641580821506,63.33962257178949,37.0453602251186,0.0078125,0.078125,0.1640625,120,0.575
detailed,regular_test,affine_coupon_delta,101,schedule,tenor_months,-1.0,128,128,61.72968626423736,80.59866141513596,0.9678902310944981,14.94468708793146,20.640406722477497,12.316850948599988,0.046875,0.234375,0.4765625,111,0.5765765765765766
detailed,regular_test,affine_coupon_delta,101,schedule,tenor_months,1.0,128,128,65.47085321802433,83.68794153384123,0.968476675595872,14.912306187365482,20.535957079476987,-12.245828958812801,0.0546875,0.21875,0.46875,105,0.5714285714285714
detailed,regular_test,affine_coupon_delta,101,schedule,tenor_months,3.0,128,128,78.96488991492987,105.08857300518514,0.9545844002566579,45.19639227030374,61.81950054951138,-36.934776212138914,0.0234375,0.09375,0.15625,118,0.6186440677966102
detailed,regular_test,affine_coupon_delta,101,schedule,tenor_months,6.0,128,128,108.46477390238762,149.68956702240567,0.9185292516188355,88.20114593676395,119.22813265231449,-72.12468782950558,0.0078125,0.0390625,0.0859375,122,0.6229508196721312
detailed,regular_test,affine_coupon_delta,101,schedule,tenor_months,12.0,128,128,176.00100379831207,240.37129919677272,0.8306796749289397,165.35148001433896,219.30610261581234,-135.30259983364783,0.0,0.03125,0.03125,123,0.6422764227642277
detailed,regular_test,affine_coupon_delta,101,terms,coupon_regular,-0.01,128,128,60.34146698620946,75.96946381322344,0.9729591532863812,9.85961663246653,13.817918806589914,1.6449533545990045,0.109375,0.34375,0.6640625,128,1.0
detailed,regular_test,affine_coupon_delta,101,terms,coupon_regular,-0.005,128,128,61.0717628450312,77.59375196876701,0.9716770045507128,4.929752436878786,6.908883574816904,0.8224766772995673,0.171875,0.6640625,0.8671875,128,1.0
detailed,regular_test,affine_coupon_delta,101,terms,coupon_regular,-0.0025,128,128,61.57577500648117,78.62132993610949,0.9708893827501107,2.464848278762208,3.4544330356295196,0.4112616217142544,0.2421875,0.8671875,0.9765625,128,1.0
detailed,regular_test,affine_coupon_delta,101,terms,coupon_regular,-0.001,128,128,61.89507366054033,79.30360404130856,0.9703705831036773,0.985906715214808,1.381762626947196,0.16446273916993062,0.6640625,0.9921875,1.0,128,1.0
detailed,regular_test,affine_coupon_delta,101,terms,coupon_regular,0.001,128,128,62.320937136651146,80.28769159869299,0.9696252982597656,0.9860045040851655,1.3817974172117746,-0.16455121481447604,0.6640625,0.9921875,1.0,128,1.0
detailed,regular_test,affine_coupon_delta,101,terms,coupon_regular,0.0025,128,128,62.640296326677834,81.07975444683572,0.9690266982297576,2.4649414110197054,3.4544965590290606,-0.41126162171418074,0.2421875,0.8671875,0.9765625,128,1.0
detailed,regular_test,affine_coupon_delta,101,terms,coupon_regular,0.005,128,128,63.181041896263274,82.49875385497997,0.9679547152154477,4.929775719943283,6.908930097196687,-0.8224906471381335,0.171875,0.6640625,0.8671875,128,1.0
detailed,regular_test,affine_coupon_delta,101,terms,coupon_regular,0.01,128,128,64.35413010369857,85.68472190473629,0.9655401352761349,9.859663198595307,13.817964551266574,-1.645009233953497,0.109375,0.34375,0.6640625,128,1.0
detailed,regular_test,affine_coupon_delta,101,terms,first_strike,-0.05,128,128,52.76769410795189,69.33569051638388,0.9685578172272687,35.643411031600614,50.0551984700473,-9.762348957735195,0.015625,0.0859375,0.2109375,122,0.7622950819672131
detailed,regular_test,affine_coupon_delta,101,terms,first_strike,-0.025,128,128,55.24074880218683,70.37351180599772,0.9728577461579757,17.486147665192362,24.116958186612816,-3.3723437137042414,0.0234375,0.1796875,0.4609375,119,0.7563025210084033
detailed,regular_test,affine_coupon_delta,101,terms,first_strike,-0.01,128,128,59.00928527579511,75.40195939663975,0.9716260383614996,6.904541727034623,9.334148022943497,-1.0005325535346428,0.046875,0.515625,0.7890625,118,0.7711864406779662
detailed,regular_test,affine_coupon_delta,101,terms,first_strike,-0.005,128,128,60.51670860366834,77.54275080408945,0.9708575731952447,3.410087758712713,4.668074350241547,-0.4651026335359589,0.203125,0.765625,0.9375,111,0.7747747747747747
detailed,regular_test,affine_coupon_delta,101,terms,first_strike,0.005,128,128,63.701410025743826,82.11332775528967,0.969076253618439,3.3360927600239174,4.533336211739059,0.37834174175796986,0.1953125,0.7421875,0.9453125,118,0.7372881355932204
detailed,regular_test,affine_coupon_delta,101,terms,first_strike,0.01,128,128,65.28480028944097,84.3893209784395,0.9681675122060779,6.462350813020604,8.807754018866701,0.6533045520007235,0.0859375,0.59375,0.7578125,121,0.7355371900826446
detailed,regular_test,affine_coupon_delta,101,terms,first_strike,0.025,128,128,70.66830742841896,91.37812491269035,0.9651476954698925,15.360473511827179,20.738687028010723,0.7751587183605098,0.015625,0.2109375,0.5234375,125,0.752
detailed,regular_test,affine_coupon_delta,101,terms,first_strike,0.05,128,128,79.11173831274512,102.69938882998609,0.959722668716921,29.14802237979059,39.217862942632394,-0.5186742218301995,0.0078125,0.1015625,0.265625,123,0.7642276422764228
detailed,regular_test,affine_coupon_delta,101,terms,ki_barrier,-0.05,64,64,70.46142121545981,94.45225329561721,0.9393465409203576,29.121739848045785,39.06001436923327,-0.29270018069626014,0.015625,0.109375,0.3125,53,0.9811320754716981
detailed,regular_test,affine_coupon_delta,101,terms,ki_barrier,-0.025,64,64,62.00116590579472,84.12319411286457,0.9541590792956538,14.127980273460219,19.19980073694964,0.11304847113183092,0.0,0.296875,0.484375,49,1.0
detailed,regular_test,affine_coupon_delta,101,terms,ki_barrier,-0.01,64,64,57.605709771914945,78.40140487100429,0.9611136529449967,5.50903895591286,7.644251198366959,0.20127710333906368,0.109375,0.5625,0.875,43,1.0
detailed,regular_test,affine_coupon_delta,101,terms,ki_barrier,-0.005,64,64,56.3568227442272,76.60118334082583,0.9631282351974914,2.760543019301668,3.8408473742373745,0.25819182550038694,0.28125,0.859375,0.953125,35,1.0
detailed,regular_test,affine_coupon_delta,101,terms,ki_barrier,0.005,64,64,54.28874478888622,73.1788118086882,0.9667884740556318,2.82502996229416,3.8033756206969467,-0.21746510029111596,0.234375,0.890625,0.96875,35,1.0
detailed,regular_test,affine_coupon_delta,101,terms,ki_barrier,0.01,64,64,53.2086002296618,71.65220797222176,0.9683602619887791,5.66144425985397,7.681907539338179,-0.5047924822541852,0.125,0.5625,0.890625,43,1.0
detailed,regular_test,affine_coupon_delta,101,terms,ki_barrier,0.025,64,64,51.097213605539835,66.84858733441081,0.9728642669914679,14.077791564672282,19.172619904372162,-2.057682462705156,0.03125,0.234375,0.40625,51,0.9803921568627451
detailed,regular_test,affine_coupon_delta,101,terms,ki_barrier,0.05,64,64,48.884738101099046,61.70744416381993,0.9772491695048067,27.918707927887112,38.520855259139324,-6.878875480371491,0.015625,0.140625,0.25,54,0.9814814814814815
detailed,regular_test,affine_coupon_delta,101,terms,last_strike,-0.05,128,128,65.01874469471514,87.49497826666784,0.9608364243052114,21.541152885071725,34.58101760115531,-4.710829333767165,0.0390625,0.1953125,0.453125,95,0.9894736842105263
detailed,regular_test,affine_coupon_delta,101,terms,last_strike,-0.025,128,128,63.130707947843405,82.18891258376897,0.9668536983419577,10.787385849341128,16.75547671693894,-1.1631609179653892,0.078125,0.421875,0.6875,88,0.9886363636363636
detailed,regular_test,affine_coupon_delta,101,terms,last_strike,-0.01,128,128,62.49602811202956,80.41439051659138,0.9690517463368703,4.308802809266799,6.624484644444085,-0.19375677409122133,0.1953125,0.7578125,0.8984375,80,0.9875
detailed,regular_test,affine_coupon_delta,101,terms,last_strike,-0.005,128,128,62.32943920973761,80.0582994598768,0.9695631052437548,2.195054049282713,3.31889366547639,-0.06444153410103687,0.3984375,0.890625,0.9765625,64,0.984375
detailed,regular_test,affine_coupon_delta,101,terms,last_strike,0.005,128,128,61.970157081462446,79.54961501133445,0.9704164068530189,2.216626853266562,3.3708313379232053,0.017644308211733295,0.390625,0.890625,0.96875,62,1.0
detailed,regular_test,affine_coupon_delta,101,terms,last_strike,0.01,128,128,61.87439058439451,79.39287214633904,0.9707476011414633,4.439400424664114,6.650756815160725,-0.14714675898353413,0.140625,0.7421875,0.890625,80,0.9875
detailed,regular_test,affine_coupon_delta,101,terms,last_strike,0.025,128,128,61.84272589729544,79.6237518272487,0.9712130601049754,11.057829198797092,16.168066327514765,-1.100054958682501,0.078125,0.3671875,0.640625,88,0.9886363636363636
detailed,regular_test,affine_coupon_delta,101,terms,last_strike,0.05,128,128,62.47305591027057,81.78689010361245,0.9706329961364573,22.224326241836287,31.71694935889481,-4.573632109660537,0.015625,0.1640625,0.375,91,0.989010989010989
detailed,regular_test,affine_coupon_delta,233,schedule,nobs_early,1.0,81,81,112.54944558316531,149.75070140190425,0.8580013801581023,82.11849569848879,108.12271152169691,40.57173838139147,0.0,0.037037037037037035,0.07407407407407407,77,0.6753246753246753
detailed,regular_test,affine_coupon_delta,233,schedule,nobs_late,1.0,81,81,159.6927576139207,237.4397851839048,0.7941848783499419,144.76324648527182,216.25022707835205,-123.38252575454491,0.012345679012345678,0.037037037037037035,0.12345679012345678,72,0.5277777777777778
detailed,regular_test,affine_coupon_delta,233,schedule,nobs_middle,1.0,81,81,175.80027525945223,266.8427681502445,0.7402747835026788,162.39860804048215,244.2116306979783,-130.61614103001835,0.0,0.012345679012345678,0.08641975308641975,64,0.578125
detailed,regular_test,affine_coupon_delta,233,schedule,tenor_months,-12.0,128,128,168.16324143805488,228.24030891791074,0.47113448193602336,145.7020086679474,201.54487692287785,121.56392446078415,0.0078125,0.0234375,0.0625,123,0.6178861788617886
detailed,regular_test,affine_coupon_delta,233,schedule,tenor_months,-6.0,128,128,106.42622419620477,142.82414792003618,0.866276258698178,74.62595528453693,103.88222755816886,61.693567898941154,0.0078125,0.046875,0.109375,121,0.6528925619834711
detailed,regular_test,affine_coupon_delta,233,schedule,tenor_months,-3.0,128,128,79.78445476535833,105.7645762332676,0.9385496917652942,37.322691198698664,52.12800563609506,30.864856819488008,0.03125,0.125,0.234375,120,0.6583333333333333
detailed,regular_test,affine_coupon_delta,233,schedule,tenor_months,-1.0,128,128,67.50149511900301,88.92155728046711,0.9609163026566323,12.069639452858254,16.90344765062144,10.147502649096662,0.0625,0.3125,0.5625,111,0.6756756756756757
detailed,regular_test,affine_coupon_delta,233,schedule,tenor_months,1.0,128,128,63.3203134029259,84.19466063807936,0.968093781023312,12.024829594629212,16.921827894307267,-9.992666284206955,0.046875,0.328125,0.5625,105,0.6761904761904762
detailed,regular_test,affine_coupon_delta,233,schedule,tenor_months,3.0,128,128,69.02579894521139,93.17434012418516,0.9642984792766698,36.55201413040247,51.17205409091316,-29.97296301559903,0.03125,0.1015625,0.21875,118,0.6949152542372882
detailed,regular_test,affine_coupon_delta,233,schedule,tenor_months,6.0,128,128,87.2673495334616,122.40778451247861,0.945520047965051,71.38914371799619,99.37033905249726,-58.2123770057074,0.0078125,0.03125,0.140625,122,0.6967213114754098
detailed,regular_test,affine_coupon_delta,233,schedule,tenor_months,12.0,128,128,138.1917218683587,194.70874123004984,0.8888998180486481,133.76675458378907,184.86903729611356,-107.74856930349313,0.0,0.0390625,0.0859375,123,0.6991869918699187
detailed,regular_test,affine_coupon_delta,233,terms,coupon_regular,-0.01,128,128,62.53914526072813,82.55374864275825,0.9680687616693983,10.01150559269124,14.216466359086699,-2.973084137437815,0.0625,0.3515625,0.65625,128,1.0
detailed,regular_test,affine_coupon_delta,233,terms,coupon_regular,-0.005,128,128,63.04772359886701,83.62261468153861,0.9671047520972758,5.005817988925889,7.108283170397508,-1.4865839782347003,0.140625,0.65625,0.8671875,128,1.0
detailed,regular_test,affine_coupon_delta,233,terms,coupon_regular,-0.0025,128,128,63.497869302495054,84.37682858688504,0.9664712750681513,2.502923955028245,3.554155088708892,-0.7432896608108082,0.3203125,0.8671875,0.984375,128,1.0
detailed,regular_test,affine_coupon_delta,233,terms,coupon_regular,-0.001,128,128,63.91870870512054,84.89755904383313,0.9660431291764575,1.0011738423334822,1.4216541617179197,-0.297310276388789,0.65625,0.9921875,1.0,128,1.0
detailed,regular_test,affine_coupon_delta,233,terms,coupon_regular,0.001,128,128,64.51514728278454,85.66961327166737,0.965416599659771,1.001127276204676,1.4215972924866034,0.2972823367115936,0.65625,0.9921875,1.0,128,1.0
detailed,regular_test,affine_coupon_delta,233,terms,coupon_regular,0.0025,128,128,64.99518767190148,86.30557117156744,0.964905398408043,2.5028554434148553,3.554080820585824,0.7432803475851357,0.3203125,0.8671875,0.984375,128,1.0
detailed,regular_test,affine_coupon_delta,233,terms,coupon_regular,0.005,128,128,65.82566814232314,87.47086936874345,0.9639756424626879,5.0057434831199465,7.108203291750878,1.486556038557515,0.140625,0.65625,0.8671875,128,1.0
detailed,regular_test,affine_coupon_delta,233,terms,coupon_regular,0.01,128,128,67.48666167945669,90.17721939617986,0.961831906742237,10.01149627946555,14.216386180707646,2.9731027638892917,0.0625,0.3515625,0.65625,128,1.0
detailed,regular_test,affine_coupon_delta,233,terms,first_strike,-0.05,128,128,54.717678195046524,74.73676492584681,0.9634684930379612,34.04522641914579,46.98501382207916,-0.15016866512884164,0.0234375,0.1484375,0.2578125,122,0.819672131147541
detailed,regular_test,affine_coupon_delta,233,terms,first_strike,-0.025,128,128,57.12355106065783,76.73791740426584,0.9677263951447891,16.861155821546703,23.013347781695177,1.22637349152218,0.0703125,0.25,0.4375,119,0.8067226890756303
detailed,regular_test,affine_coupon_delta,233,terms,first_strike,-0.01,128,128,61.227008740063255,81.3360985399538,0.966984233267647,6.660494268563158,8.974627900414784,0.7603888874839384,0.1328125,0.5078125,0.7421875,118,0.8135593220338984
detailed,regular_test,affine_coupon_delta,233,terms,first_strike,-0.005,128,128,62.707587527459985,83.21807599008609,0.9664356184919168,3.3486782483224617,4.525312898602182,0.3999330568312631,0.2265625,0.7421875,0.9453125,111,0.8108108108108109
detailed,regular_test,affine_coupon_delta,233,terms,first_strike,0.005,128,128,65.73943131102033,87.38219565655768,0.9649804385469554,3.2868904974945,4.373707912795066,-0.4526634217328025,0.2421875,0.7421875,0.96875,118,0.7711864406779662
detailed,regular_test,affine_coupon_delta,233,terms,first_strike,0.01,128,128,67.13984278805952,89.45961148670294,0.9642274736837061,6.329972845225451,8.475292896251753,-0.9714947815120594,0.125,0.5234375,0.765625,121,0.7603305785123967
detailed,regular_test,affine_coupon_delta,233,terms,first_strike,0.025,128,128,72.32343498580721,95.86002698122788,0.9616449891605352,15.079277374228152,20.080831244629376,-2.983570717142973,0.0703125,0.2265625,0.484375,125,0.76
detailed,regular_test,affine_coupon_delta,233,terms,first_strike,0.05,128,128,81.52914073761268,106.47510500980798,0.9567066569147498,28.367669092672397,38.20821315753194,-6.90182410647137,0.015625,0.1796875,0.28125,123,0.7642276422764228
detailed,regular_test,affine_coupon_delta,233,terms,ki_barrier,-0.05,64,64,63.892540707896586,93.8142341339184,0.9401631941230515,28.403401431344676,41.260313585305376,-6.439308101223718,0.03125,0.203125,0.359375,53,0.9811320754716981
detailed,regular_test,affine_coupon_delta,233,terms,ki_barrier,-0.025,64,64,55.05006820374774,81.64945740825488,0.9568154469315192,13.740856488441317,20.183923577835788,-3.0937093574614236,0.0625,0.328125,0.546875,49,1.0
detailed,regular_test,affine_coupon_delta,233,terms,ki_barrier,-0.01,64,64,51.40166314649181,75.47137782328304,0.9639658721210184,5.426257365744137,7.975995903953729,-1.1125675923482303,0.203125,0.609375,0.875,43,1.0
detailed,regular_test,affine_coupon_delta,233,terms,ki_barrier,-0.005,64,64,50.38120397817306,73.65335675118901,0.9659114870248452,2.7003296053810244,3.9795577665990027,-0.4036991282788337,0.328125,0.859375,0.953125,35,1.0
detailed,regular_test,affine_coupon_delta,233,terms,ki_barrier,0.005,64,64,48.461027097875956,70.44355578566457,0.9692248156946588,2.6624995822296604,3.9227092346241923,0.4547169679376057,0.296875,0.859375,0.96875,35,1.0
detailed,regular_test,affine_coupon_delta,233,terms,ki_barrier,0.01,64,64,47.459525101918715,69.17236198509373,0.9705124334407649,5.304588198090434,7.895928536246272,0.8494157338169437,0.21875,0.609375,0.875,43,1.0
detailed,regular_test,affine_coupon_delta,233,terms,ki_barrier,0.025,64,64,46.08481287629293,65.61463177290348,0.9738568158955292,12.698983281696929,19.43183194963909,1.400709412323454,0.125,0.359375,0.59375,51,0.9803921568627451
detailed,regular_test,affine_coupon_delta,233,terms,ki_barrier,0.05,64,64,45.74014886314471,64.46250710673843,0.9751722981443802,25.18474408994561,38.04149613894268,0.26964926592729954,0.03125,0.1875,0.328125,54,0.9629629629629629
detailed,regular_test,affine_coupon_delta,233,terms,last_strike,-0.05,128,128,68.37952761764936,88.93745787385696,0.9595344446607628,21.001995390994043,35.73803062555041,-9.856111818358173,0.078125,0.3125,0.5078125,95,0.9894736842105263
detailed,regular_test,affine_coupon_delta,233,terms,last_strike,-0.025,128,128,65.84912155412081,85.64857000769433,0.9640044476436022,10.169741067919638,17.06360261696143,-3.7624449708142045,0.140625,0.515625,0.71875,88,0.9886363636363636
detailed,regular_test,affine_coupon_delta,233,terms,last_strike,-0.01,128,128,64.66977003416781,85.13946410417108,0.96530791330265,4.04406312445373,6.69005899940615,-1.2394364476437345,0.3203125,0.75,0.890625,80,0.9875
detailed,regular_test,affine_coupon_delta,233,terms,last_strike,-0.005,128,128,64.38592731485758,85.16932365765139,0.9655527927684745,2.0472840669350307,3.347114720920942,-0.5882499463548936,0.4765625,0.8984375,0.9609375,64,0.984375
detailed,regular_test,affine_coupon_delta,233,terms,last_strike,0.005,128,128,64.0341043865865,85.40989046084593,0.9658971176675786,2.0667526083866568,3.401714009599939,0.5432501730345978,0.4765625,0.8984375,0.9609375,62,1.0
detailed,regular_test,affine_coupon_delta,233,terms,last_strike,0.01,128,128,63.813768894402436,85.55619623349362,0.9660295425324205,4.107362288365198,6.667116651852316,0.9058717364569491,0.2578125,0.7734375,0.90625,80,0.9875
detailed,regular_test,affine_coupon_delta,233,terms,last_strike,0.025,128,128,63.23398736189766,86.68039267925082,0.9658844822789169,10.106180970784822,16.028387080127406,1.5452597124166845,0.1328125,0.4453125,0.7109375,88,0.9886363636363636
detailed,regular_test,affine_coupon_delta,233,terms,last_strike,0.05,128,128,62.481856314618334,89.44755708351808,0.9648739577897517,20.020012331916885,30.912185873115888,0.7569044048601095,0.078125,0.2265625,0.4453125,91,0.989010989010989
detailed,regular_test,affine_coupon_delta,47,schedule,nobs_early,1.0,81,81,87.26240167950718,122.63299537272265,0.9047727889154071,76.33364520801906,107.88972261036908,28.682708949165356,0.012345679012345678,0.06172839506172839,0.14814814814814814,77,0.7662337662337663
detailed,regular_test,affine_coupon_delta,47,schedule,nobs_late,1.0,81,81,168.2306941236236,257.483916414237,0.7579692696927933,148.87586817857016,232.9536336022641,-134.76039016833616,0.012345679012345678,0.06172839506172839,0.12345679012345678,72,0.4583333333333333
detailed,regular_test,affine_coupon_delta,47,schedule,nobs_middle,1.0,81,81,171.59668065438225,269.053675391398,0.735953083270843,151.89239190982747,243.60208387632758,-131.40228950161514,0.012345679012345678,0.09876543209876543,0.16049382716049382,64,0.59375
detailed,regular_test,affine_coupon_delta,47,schedule,tenor_months,-12.0,128,128,143.04787359814623,204.46720350019146,0.575568240980189,144.60959537142583,208.5817073725818,98.38731957890148,0.0,0.046875,0.0546875,123,0.6666666666666666
detailed,regular_test,affine_coupon_delta,47,schedule,tenor_months,-6.0,128,128,87.80576459240231,122.58933887977123,0.9014831219053099,78.02460998662335,113.83952986919135,55.793164414239044,0.0234375,0.0703125,0.125,121,0.6528925619834711
detailed,regular_test,affine_coupon_delta,47,schedule,tenor_months,-3.0,128,128,63.493403876252046,84.13514696365651,0.961113530649905,39.860148530101405,57.86040192291169,29.15962381181856,0.0390625,0.125,0.234375,120,0.6416666666666667
detailed,regular_test,affine_coupon_delta,47,schedule,tenor_months,-1.0,128,128,53.954391709038475,72.24501178633587,0.9742013337450421,13.037116030318959,18.820890048537017,9.783788587419206,0.0625,0.296875,0.5859375,111,0.6216216216216216
detailed,regular_test,affine_coupon_delta,47,schedule,tenor_months,1.0,128,128,59.42288967832179,79.08843289694349,0.9718465138008462,13.125828100038417,18.918401248217148,-9.808273727658834,0.078125,0.3125,0.6015625,105,0.6190476190476191
detailed,regular_test,affine_coupon_delta,47,schedule,tenor_months,3.0,128,128,74.20594487258924,101.62317848511738,0.9575302589798778,40.11516354147813,57.14967111779078,-29.889209176463865,0.015625,0.125,0.1953125,118,0.6610169491525424
detailed,regular_test,affine_coupon_delta,47,schedule,tenor_months,6.0,128,128,104.12336956944308,145.09669094058327,0.923452033614807,78.52364272764652,110.21169338934224,-58.66896721113839,0.0,0.046875,0.125,122,0.6475409836065574
detailed,regular_test,affine_coupon_delta,47,schedule,tenor_months,12.0,128,128,168.08451101638988,230.06516236275522,0.8448879301912495,147.2210519473908,200.78859140547945,-110.30159922067367,0.015625,0.03125,0.0625,123,0.6585365853658537
detailed,regular_test,affine_coupon_delta,47,terms,coupon_regular,-0.01,128,128,55.021067318987555,71.84436901114809,0.9758160278755829,8.79866149856943,12.22425536484465,1.3109112301487977,0.1171875,0.3984375,0.6796875,128,1.0
detailed,regular_test,affine_coupon_delta,47,terms,coupon_regular,-0.005,128,128,55.10848449950254,72.46462157396074,0.975297680464994,4.399356360655518,6.11217194018024,0.655476569832393,0.1796875,0.6796875,0.9140625,128,1.0
detailed,regular_test,affine_coupon_delta,47,terms,coupon_regular,-0.0025,128,128,55.25934621214099,72.9650218989005,0.9749273593330222,2.1997131049243084,3.05611424766157,0.32774992644848444,0.3203125,0.9140625,0.9921875,128,1.0
detailed,regular_test,affine_coupon_delta,47,terms,coupon_regular,-0.001,128,128,55.37834631185652,73.32476076453672,0.9746698031685613,0.8799103876793768,1.2224874890393351,0.13114001745018877,0.6796875,1.0,1.0,128,1.0
detailed,regular_test,affine_coupon_delta,47,terms,coupon_regular,0.001,128,128,55.55984209767518,73.87260437196939,0.9742853332822451,0.8798777913891083,1.2224030007846094,-0.1310049756768265,0.6796875,1.0,1.0,128,1.0
detailed,regular_test,affine_coupon_delta,47,terms,coupon_regular,0.0025,128,128,55.71290954126314,74.33359049392463,0.9739664810325434,2.199638599118392,3.0560098645342864,-0.32768473386818764,0.3203125,0.9140625,0.9921875,128,1.0
detailed,regular_test,affine_coupon_delta,47,terms,coupon_regular,0.005,128,128,56.18890798975597,75.19500412504112,0.9733775920967774,4.399277198236716,6.112032993144569,-0.655388094187751,0.1796875,0.6796875,0.9140625,128,1.0
detailed,regular_test,affine_coupon_delta,47,terms,coupon_regular,0.01,128,128,57.45588181192611,77.25241137721397,0.9719888541946644,8.79861958905356,12.224164333714157,-1.3107855016012402,0.1171875,0.3984375,0.6796875,128,1.0
detailed,regular_test,affine_coupon_delta,47,terms,first_strike,-0.05,128,128,42.855355162498235,62.62421027829724,0.9743502272177168,30.133488066031614,41.39709064349353,-0.2895690280972867,0.03125,0.125,0.2265625,122,0.8524590163934426
detailed,regular_test,affine_coupon_delta,47,terms,first_strike,-0.025,128,128,47.00073175955859,65.54457963623678,0.9764548736663536,14.753080704834199,19.99402198454571,0.8109803401793105,0.0625,0.2421875,0.484375,119,0.8151260504201681
detailed,regular_test,affine_coupon_delta,47,terms,first_strike,-0.01,128,128,52.03311518322816,70.10798609009582,0.9754704434126912,5.830103847293644,7.7723481858946535,0.5076651936362824,0.1015625,0.5859375,0.8125,118,0.8305084745762712
detailed,regular_test,affine_coupon_delta,47,terms,first_strike,-0.005,128,128,53.71991754674756,71.80117934873913,0.9750134403611587,2.945220534707385,3.9286064870076522,0.2588237169383989,0.1875,0.8125,0.96875,111,0.8378378378378378
detailed,regular_test,affine_coupon_delta,47,terms,first_strike,0.005,128,128,57.196439690934824,75.40212823011758,0.9739245384078872,2.843378116991908,3.8178869563422824,-0.2811836526817274,0.2421875,0.84375,0.96875,118,0.8135593220338984
detailed,regular_test,affine_coupon_delta,47,terms,first_strike,0.01,128,128,58.80150208216501,77.1181596396877,0.9734166989106338,5.548626913679822,7.463517702288508,-0.5979319836080448,0.109375,0.6015625,0.8515625,121,0.8099173553719008
detailed,regular_test,affine_coupon_delta,47,terms,first_strike,0.025,128,128,63.86285921968539,82.19521371747497,0.9718005866144048,13.38701586048237,17.870972587241837,-1.811943635212336,0.03125,0.265625,0.5078125,125,0.784
detailed,regular_test,affine_coupon_delta,47,terms,first_strike,0.05,128,128,71.07512897842473,90.28797986003411,0.9688695899655253,25.75849041007094,35.021455038631004,-3.7299769045875766,0.046875,0.1640625,0.28125,123,0.7804878048780488
detailed,regular_test,affine_coupon_delta,47,terms,ki_barrier,-0.05,64,64,52.70658987833221,72.49657927747596,0.9642672897566552,26.506641750336062,37.296127775343614,-5.156960735009919,0.03125,0.15625,0.328125,53,0.9622641509433962
detailed,regular_test,affine_coupon_delta,47,terms,ki_barrier,-0.025,64,64,48.98735417630263,66.10382840768357,0.9716942251386373,12.53797234180385,18.28196804424363,-2.4907711226553624,0.125,0.34375,0.578125,49,0.9795918367346939
detailed,regular_test,affine_coupon_delta,47,terms,ki_barrier,-0.01,64,64,46.92679562728384,63.20425440023357,0.9747278562569035,4.9709017907032065,7.287124860250288,-0.8803516215936069,0.21875,0.671875,0.875,43,0.9534883720930233
detailed,regular_test,affine_coupon_delta,47,terms,ki_barrier,-0.005,64,64,46.2719885307327,62.38556208148783,0.9755436775313211,2.5204988629948426,3.6656757981403962,-0.28911851192389126,0.296875,0.875,0.984375,35,1.0
detailed,regular_test,affine_coupon_delta,47,terms,ki_barrier,0.005,64,64,45.277799003254415,61.08864356813645,0.9768559644885011,2.506224439695287,3.582720944618551,0.34303276478971756,0.3125,0.875,0.984375,35,1.0
detailed,regular_test,affine_coupon_delta,47,terms,ki_barrier,0.01,64,64,45.14037382717656,60.62492911889715,0.9773495825330881,5.050016048416509,7.2879699854129205,0.6288412952450138,0.203125,0.640625,0.875,43,0.9534883720930233
detailed,regular_test,affine_coupon_delta,47,terms,ki_barrier,0.025,64,64,44.53990086399112,59.548097993066655,0.978467578222781,12.432349096647723,18.017671184571675,0.8694550760855465,0.109375,0.328125,0.546875,51,0.9411764705882353
detailed,regular_test,affine_coupon_delta,47,terms,ki_barrier,0.05,64,64,46.92864744267423,61.482261379137285,0.9774149111858987,24.320491862376755,35.9705464599212,-0.731336237269417,0.046875,0.1875,0.375,54,0.9259259259259259
detailed,regular_test,affine_coupon_delta,47,terms,last_strike,-0.05,128,128,58.4017581651826,80.30705438159723,0.9670068733227694,19.304194638263954,32.074551661377264,-8.620926627322902,0.0703125,0.296875,0.4921875,95,0.968421052631579
detailed,regular_test,affine_coupon_delta,47,terms,last_strike,-0.025,128,128,56.7317402787626,75.50963863730732,0.9720222108207951,9.490735371126577,15.330225571632676,-3.154896689263797,0.140625,0.515625,0.7421875,88,0.9772727272727273
detailed,regular_test,affine_coupon_delta,47,terms,last_strike,-0.01,128,128,55.7624729885201,74.04855794904056,0.9737577052474691,3.817633560581081,6.048394673928786,-0.9982192442054525,0.28125,0.7734375,0.90625,80,0.9875
detailed,regular_test,affine_coupon_delta,47,terms,last_strike,-0.005,128,128,55.62709373788491,73.77811883683471,0.9741510577684835,1.948169741275065,3.029498978706995,-0.46789978665020826,0.453125,0.90625,0.984375,64,0.984375
detailed,regular_test,affine_coupon_delta,47,terms,last_strike,0.005,128,128,55.3234476525252,73.43232100222158,0.9747913686349905,1.937194177992644,3.0748715264534043,0.4235519391321436,0.4375,0.90625,0.9765625,62,1.0
detailed,regular_test,affine_coupon_delta,47,terms,last_strike,0.01,128,128,55.17866410739291,73.31181259910466,0.9750571328100586,3.843538476870563,6.039845021165715,0.666684816231329,0.3046875,0.7734375,0.90625,80,0.9875
detailed,regular_test,affine_coupon_delta,47,terms,last_strike,0.025,128,128,54.84680625091751,73.62999061787552,0.9753838734227569,9.55335333216059,14.557639768254955,0.9496230465956095,0.1484375,0.453125,0.703125,88,0.9886363636363636
detailed,regular_test,affine_coupon_delta,47,terms,last_strike,0.05,128,128,55.66533544835608,75.63240896955189,0.9748864494468822,19.104044346092422,28.25495933581802,-0.4320592467969955,0.0625,0.2734375,0.4375,91,0.978021978021978
detailed,regular_test,affine_coupon_delta,ensemble,schedule,nobs_early,1.0,81,81,96.69240446823842,133.36564989704064,0.8873751140671563,75.67732898816885,105.01518656946355,36.341719384984025,0.012345679012345678,0.06172839506172839,0.08641975308641975,77,0.7532467532467533
detailed,regular_test,affine_coupon_delta,ensemble,schedule,nobs_late,1.0,81,81,163.80230168457763,251.18067138263393,0.769674123475751,151.99206399156418,233.3872695443285,-137.7370461284192,0.0,0.037037037037037035,0.09876543209876543,72,0.5416666666666666
detailed,regular_test,affine_coupon_delta,ensemble,schedule,nobs_middle,1.0,81,81,175.48855166459506,274.8414159269756,0.7244708217222844,166.1435655755728,255.56612335322743,-139.19562624039,0.024691358024691357,0.07407407407407407,0.1111111111111111,64,0.59375
detailed,regular_test,affine_coupon_delta,ensemble,schedule,tenor_months,-12.0,128,128,159.40596447118673,221.63085834725496,0.5013210734414051,151.57195551127495,212.84865072166215,117.91347990103118,0.015625,0.0625,0.1171875,123,0.6097560975609756
detailed,regular_test,affine_coupon_delta,ensemble,schedule,tenor_months,-6.0,128,128,96.40432147573961,131.719867485219,0.8862614190712409,80.02734834165294,113.299574034606,63.271591556143775,0.015625,0.09375,0.140625,121,0.6198347107438017
detailed,regular_test,affine_coupon_delta,ensemble,schedule,tenor_months,-3.0,128,128,69.27255207297476,89.686179743473,0.9558129865679839,40.51115205017517,57.32984341997661,32.35661361880831,0.0703125,0.1484375,0.1875,120,0.625
detailed,regular_test,affine_coupon_delta,ensemble,schedule,tenor_months,-1.0,128,128,55.180522044570424,72.80276820181085,0.9738014468403596,13.22340668430817,18.639549039762834,10.749380728371946,0.0703125,0.2734375,0.546875,111,0.6306306306306306
detailed,regular_test,affine_coupon_delta,ensemble,schedule,tenor_months,1.0,128,128,56.67460090984874,74.07720809785341,0.9753012228530306,13.219468172777908,18.63919671493579,-10.682256323559585,0.109375,0.296875,0.5390625,105,0.6285714285714286
detailed,regular_test,affine_coupon_delta,ensemble,schedule,tenor_months,3.0,128,128,67.88133098766664,92.79498172478667,0.9645886042247452,40.16902238003151,56.23999537866018,-32.265649468067394,0.0546875,0.1328125,0.1796875,118,0.635593220338983
detailed,regular_test,affine_coupon_delta,ensemble,schedule,tenor_months,6.0,128,128,94.04456605091663,133.4598693788565,0.9352380328151848,78.54758168543843,108.60042946777466,-63.00201068211712,0.015625,0.0703125,0.140625,122,0.6475409836065574
detailed,regular_test,affine_coupon_delta,ensemble,schedule,tenor_months,12.0,128,128,156.2891169685543,216.95082587399773,0.8620675382406755,147.20461994131313,199.54282520688596,-117.78425611927162,0.0078125,0.015625,0.0625,123,0.6585365853658537
detailed,regular_test,affine_coupon_delta,ensemble,terms,coupon_regular,-0.01,128,128,53.967966765240256,68.2086629883446,0.9782017696701057,8.726581868545486,12.465673320984619,-0.005739850896677057,0.0703125,0.453125,0.6796875,128,1.0
detailed,regular_test,affine_coupon_delta,ensemble,terms,coupon_regular,-0.005,128,128,54.65752145247055,69.514313938698,0.9772681825421448,4.363297919192144,6.232830707395455,-0.0028769103676175023,0.1640625,0.6796875,0.921875,128,1.0
detailed,regular_test,affine_coupon_delta,ensemble,terms,coupon_regular,-0.0025,128,128,55.02802628413851,70.36537663928334,0.9766821408044877,2.1816536162090636,3.1164221216247414,-0.0014260375493910793,0.3671875,0.921875,0.984375,128,1.0
detailed,regular_test,affine_coupon_delta,ensemble,terms,coupon_regular,-0.001,128,128,55.27699112323448,70.93680555996048,0.9762927865543716,0.8726558585481904,1.2465746886550595,-0.0005691732563041785,0.6796875,0.9921875,1.0,128,1.0
detailed,regular_test,affine_coupon_delta,ensemble,terms,coupon_regular,0.001,128,128,55.60900115618728,71.76754190845402,0.9757299750693871,0.8726775894080843,1.2465552807796376,0.0005753820733580828,0.6796875,0.9921875,1.0,128,1.0
detailed,regular_test,affine_coupon_delta,ensemble,terms,coupon_regular,0.0025,128,128,55.85797841291785,72.44062847808414,0.9752755252961819,2.1816411985745665,3.116399692857969,0.0014446640009311285,0.3671875,0.921875,0.984375,128,1.0
detailed,regular_test,affine_coupon_delta,ensemble,terms,coupon_regular,0.005,128,128,56.27294361187749,73.6543460931215,0.9744573404587145,4.363245144246143,6.23278895376196,0.002892432410462664,0.1640625,0.6796875,0.921875,128,1.0
detailed,regular_test,affine_coupon_delta,ensemble,terms,coupon_regular,0.01,128,128,57.18238733276194,76.40592619071533,0.9725993494285279,8.726558585480921,12.4656297723222,0.005769342778089381,0.0703125,0.453125,0.6796875,128,1.0
detailed,regular_test,affine_coupon_delta,ensemble,terms,first_strike,-0.05,128,128,43.27075667219274,60.183785065097744,0.9763103855059208,31.68339299149196,44.80615640086327,-3.400695550320479,0.046875,0.125,0.2421875,122,0.8442622950819673
detailed,regular_test,affine_coupon_delta,ensemble,terms,first_strike,-0.025,128,128,47.19839249737241,62.11541041394374,0.978854099800507,15.519905581342151,21.62979500840332,-0.44499662733435486,0.0546875,0.2578125,0.484375,119,0.8151260504201681
detailed,regular_test,affine_coupon_delta,ensemble,terms,first_strike,-0.01,128,128,51.89461392721053,67.16539623065641,0.9774863517572785,6.0997699076011935,8.37241266144658,0.08917384252848856,0.15625,0.5703125,0.8046875,118,0.8220338983050848
detailed,regular_test,affine_coupon_delta,ensemble,terms,first_strike,-0.005,128,128,53.61769095215019,69.19213483841926,0.9767963252947689,3.0596633575395766,4.211524524562225,0.06455138007782578,0.2890625,0.796875,0.9453125,111,0.8288288288288288
detailed,regular_test,affine_coupon_delta,ensemble,terms,first_strike,0.005,128,128,57.19960697526582,73.53971616888242,0.9751967439997389,2.969979126861393,4.069467261873329,-0.11850177755222431,0.28125,0.7890625,0.9609375,118,0.7966101694915254
detailed,regular_test,affine_coupon_delta,ensemble,terms,first_strike,0.01,128,128,58.876374123187595,75.65750718104141,0.9744141616430348,5.731679700681426,7.88812239655886,-0.3053740710398689,0.1484375,0.59375,0.7890625,121,0.7933884297520661
detailed,regular_test,affine_coupon_delta,ensemble,terms,first_strike,0.025,128,128,63.66839407242898,82.04115360133756,0.9719061969851999,13.560155069032177,18.57767691674794,-1.3401185446650055,0.0546875,0.3046875,0.546875,125,0.792
detailed,regular_test,affine_coupon_delta,ensemble,terms,first_strike,0.05,128,128,71.39273975000685,92.23957196156917,0.9675092656861896,25.588184437364646,35.363637981166974,-3.7168250776297738,0.046875,0.1796875,0.328125,123,0.8048780487804879
detailed,regular_test,affine_coupon_delta,ensemble,terms,ki_barrier,-0.05,64,64,56.123877277969086,78.76411770399983,0.9578218280858485,27.429473697584953,38.785947525885035,-3.96298967230999,0.046875,0.203125,0.296875,53,0.9811320754716981
detailed,regular_test,affine_coupon_delta,ensemble,terms,ki_barrier,-0.025,64,64,48.28872292374973,68.27430515323915,0.9698049049509738,13.194442291083973,18.997858931277804,-1.8238106696616105,0.0625,0.34375,0.53125,49,1.0
detailed,regular_test,affine_coupon_delta,ensemble,terms,ki_barrier,-0.01,64,64,44.9331529828618,62.815208007741404,0.9750380181747091,5.188877004065883,7.542442102986703,-0.5972140368677704,0.1875,0.65625,0.890625,43,1.0
detailed,regular_test,affine_coupon_delta,ensemble,terms,ki_barrier,-0.005,64,64,44.14383299873049,61.16788324844954,0.976489066617864,2.5864575346973484,3.7814080759347255,-0.14487527156728988,0.375,0.875,0.96875,35,1.0
detailed,regular_test,affine_coupon_delta,ensemble,terms,ki_barrier,0.005,64,64,42.60437161473101,58.21067920061575,0.9789852873348246,2.604424597332488,3.721404434032804,0.19342821081210954,0.328125,0.890625,0.96875,35,1.0
detailed,regular_test,affine_coupon_delta,ensemble,terms,ki_barrier,0.01,64,64,41.84665541073842,56.997849470374845,0.9799787742183584,5.244993220647893,7.524958472978987,0.3244881822692459,0.15625,0.625,0.875,43,1.0
detailed,regular_test,affine_coupon_delta,ensemble,terms,ki_barrier,0.025,64,64,39.909397116381356,53.447464872486364,0.9826535219672298,12.78899123164214,18.624628289184443,0.07082734190126372,0.0625,0.3125,0.578125,51,0.9803921568627451
detailed,regular_test,affine_coupon_delta,ensemble,terms,ki_barrier,0.05,64,64,39.37813071737624,52.03019850480279,0.9838254166393275,25.22497525665106,36.99320987777327,-2.4468541505712267,0.0625,0.1875,0.3125,54,0.9629629629629629
detailed,regular_test,affine_coupon_delta,ensemble,terms,last_strike,-0.05,128,128,58.67226193206659,77.45269834910846,0.9693105442496525,20.000905216546894,33.730858757426354,-7.729289259816101,0.0859375,0.2890625,0.53125,95,0.9894736842105263
detailed,regular_test,affine_coupon_delta,ensemble,terms,last_strike,-0.025,128,128,56.741890025594714,72.8191466484639,0.9739804500789944,9.808166624803235,16.167788903002364,-2.6935008593478154,0.1328125,0.5234375,0.7265625,88,0.9886363636363636
detailed,regular_test,affine_coupon_delta,ensemble,terms,last_strike,-0.01,128,128,55.76026301247654,71.59796654855825,0.9754659088340996,3.9272988303915715,6.364771803929694,-0.8104708219802432,0.296875,0.7734375,0.90625,80,0.9875
detailed,regular_test,affine_coupon_delta,ensemble,terms,last_strike,-0.005,128,128,55.59786048823806,71.42753570350094,0.9757719224725288,2.0006908106736097,3.1868682405351385,-0.3735304223688025,0.453125,0.90625,0.984375,64,0.984375
detailed,regular_test,affine_coupon_delta,ensemble,terms,last_strike,0.005,128,128,55.22978106438566,71.29310698175586,0.9762387195354508,2.0204386653240776,3.237938527124368,0.3281488067927931,0.46875,0.90625,0.96875,62,1.0
detailed,regular_test,affine_coupon_delta,ensemble,terms,last_strike,0.01,128,128,55.016935460013464,71.28591411023427,0.9764166277808364,4.029625075457575,6.3613593133473865,0.4751365979014891,0.234375,0.78125,0.90625,80,0.9875
detailed,regular_test,affine_coupon_delta,ensemble,terms,last_strike,0.025,128,128,54.423455062863624,72.0098843215758,0.9764552299830813,10.018263615875654,15.345133534772254,0.4649426001098417,0.0859375,0.421875,0.703125,88,0.9886363636363636
detailed,regular_test,affine_coupon_delta,ensemble,terms,last_strike,0.05,128,128,53.971810916583756,74.64370892954479,0.9755387485328987,19.99552897665525,29.79172463719171,-1.416262317199218,0.0546875,0.2421875,0.40625,91,0.989010989010989
detailed,regular_test,augmented_delta,101,schedule,nobs_early,1.0,81,81,87.64361623928326,119.24255366963308,0.9099655057705771,75.3486971900104,101.75201294787551,35.21077889272291,0.012345679012345678,0.012345679012345678,0.06172839506172839,77,0.7662337662337663
detailed,regular_test,augmented_delta,101,schedule,nobs_late,1.0,81,81,161.49608501612943,235.6932610411323,0.7972015509227215,141.15991576192394,213.80883995245674,-129.4016014661131,0.012345679012345678,0.04938271604938271,0.08641975308641975,72,0.5416666666666666
detailed,regular_test,augmented_delta,101,schedule,nobs_middle,1.0,81,81,181.05864521822932,279.5909708658032,0.7148656584977862,164.30173612087341,259.0331836511685,-148.48802715386395,0.0,0.037037037037037035,0.08641975308641975,64,0.5625
detailed,regular_test,augmented_delta,101,schedule,tenor_months,-12.0,128,128,125.72448681952898,171.83346268770538,0.7002383692159562,121.2230446065114,169.06999901655038,79.1761837742483,0.0078125,0.015625,0.078125,123,0.6747967479674797
detailed,regular_test,augmented_delta,101,schedule,tenor_months,-6.0,128,128,83.26295442108284,111.18532006969765,0.9189598686223198,64.25581332902271,90.98410904486819,43.17318007804167,0.0234375,0.0859375,0.1171875,121,0.6859504132231405
detailed,regular_test,augmented_delta,101,schedule,tenor_months,-3.0,128,128,66.73495934864101,87.73609212771991,0.9577136527987924,32.814105981794896,46.30176888266011,22.210844474710427,0.0234375,0.125,0.234375,120,0.675
detailed,regular_test,augmented_delta,101,schedule,tenor_months,-1.0,128,128,60.919321230837824,81.62643788292047,0.9670660963189794,10.689638016104517,15.033256355139113,7.441791709033661,0.0546875,0.3359375,0.65625,111,0.6846846846846847
detailed,regular_test,augmented_delta,101,schedule,tenor_months,1.0,128,128,65.01288475781024,85.58803419273782,0.9670289830248524,10.910762187939874,15.246922015799793,-7.403081955972758,0.0546875,0.34375,0.6171875,105,0.6857142857142857
detailed,regular_test,augmented_delta,101,schedule,tenor_months,3.0,128,128,75.5821368697386,99.8731455314001,0.9589803905861999,33.439098887105594,46.27002602553855,-22.373221795124785,0.015625,0.109375,0.25,118,0.6864406779661016
detailed,regular_test,augmented_delta,101,schedule,tenor_months,6.0,128,128,96.91672880747932,130.69724003358627,0.9378914379521983,66.00065929777458,90.55405043392093,-43.88891054828086,0.015625,0.0546875,0.140625,122,0.680327868852459
detailed,regular_test,augmented_delta,101,schedule,tenor_months,12.0,128,128,146.40197526907872,198.30917913216126,0.8847530327505393,126.05038397639345,169.90958570431704,-81.33647994820319,0.0,0.046875,0.0625,123,0.6747967479674797
detailed,regular_test,augmented_delta,101,terms,coupon_regular,-0.01,128,128,61.15231928014706,81.86561700376181,0.9685988724770832,9.17410845877628,13.021005560895698,-0.1546691960077231,0.09375,0.3984375,0.6796875,128,1.0
detailed,regular_test,augmented_delta,101,terms,coupon_regular,-0.005,128,128,61.8476849320291,82.01631323456202,0.9683563797209549,4.63572514713749,6.586884992343618,-0.21758712112801432,0.140625,0.6875,0.90625,128,1.0
detailed,regular_test,augmented_delta,101,terms,coupon_regular,-0.0025,128,128,62.231467159644204,82.24613847411456,0.9681432347346571,2.3281698986197688,3.314635924406465,-0.14240499228177445,0.3125,0.90625,0.9765625,128,1.0
detailed,regular_test,augmented_delta,101,terms,coupon_regular,-0.001,128,128,62.4862299337515,82.43799307684657,0.9679821565996383,0.9344317085527223,1.3311739632648223,-0.0647869691845425,0.6796875,0.9921875,1.0,128,1.0
detailed,regular_test,augmented_delta,101,terms,coupon_regular,0.001,128,128,62.82795897414214,82.76067677180441,0.9677253050494344,0.94024043615981,1.3385014878281725,0.07517587250442125,0.671875,0.9921875,1.0,128,1.0
detailed,regular_test,augmented_delta,101,terms,coupon_regular,0.0025,128,128,63.12889134272702,83.0548784673174,0.9674992825194055,2.3618444821817235,3.3603442858956596,0.2068478578323662,0.3203125,0.8984375,0.9765625,128,1.0
detailed,regular_test,augmented_delta,101,terms,coupon_regular,0.005,128,128,63.90660479838733,83.6500092831097,0.9670541023185268,4.760190290834497,6.769530532979926,0.4755029383292052,0.1640625,0.6640625,0.890625,128,1.0
detailed,regular_test,augmented_delta,101,terms,coupon_regular,0.01,128,128,65.4892365986434,85.25990879034063,0.9658809828168843,9.665356789618091,13.745825189376099,1.1894570520500929,0.078125,0.3828125,0.6640625,128,1.0
detailed,regular_test,augmented_delta,101,terms,first_strike,-0.05,128,128,50.29673139376445,72.09889042340231,0.9660017815501207,32.67582075663762,48.22870499426103,-4.060605891424313,0.03125,0.1484375,0.2890625,122,0.8032786885245902
detailed,regular_test,augmented_delta,101,terms,first_strike,-0.025,128,128,53.60913706540413,73.78721885120636,0.9701606235881702,15.97634795886015,23.316175650709752,-1.061466979149474,0.09375,0.2890625,0.5,119,0.8067226890756303
detailed,regular_test,augmented_delta,101,terms,first_strike,-0.01,128,128,58.66877286995914,78.59752448308191,0.9691700763385666,6.277547135674893,8.986446722219872,-0.2337933043052116,0.15625,0.5703125,0.7890625,118,0.8220338983050848
detailed,regular_test,augmented_delta,101,terms,first_strike,-0.005,128,128,60.671018849275164,80.55712885300572,0.968547782830069,3.1221715923083115,4.485380618237401,-0.1103059855104461,0.3125,0.78125,0.9375,111,0.8378378378378378
detailed,regular_test,augmented_delta,101,terms,first_strike,0.005,128,128,64.50548497127036,84.68978585132854,0.9671052290689274,3.0567382215272714,4.39099281098601,0.08402983834085939,0.28125,0.78125,0.96875,118,0.7966101694915254
detailed,regular_test,augmented_delta,101,terms,first_strike,0.01,128,128,66.16874993686162,86.71915611948727,0.9663855753364289,5.96591154407468,8.504130228388133,0.1281922881424052,0.1796875,0.6015625,0.8046875,121,0.7933884297520661
detailed,regular_test,augmented_delta,101,terms,first_strike,0.025,128,128,70.88576939496431,92.6431882672345,0.9641760061772546,14.343735677271155,19.94189673140455,-0.03464023010626782,0.0546875,0.28125,0.5078125,125,0.8
detailed,regular_test,augmented_delta,101,terms,first_strike,0.05,128,128,77.6682156055373,101.08978327632755,0.9609753065826449,27.27656056486171,37.321205083254796,-0.3247682051823839,0.0234375,0.15625,0.296875,123,0.7967479674796748
detailed,regular_test,augmented_delta,101,terms,ki_barrier,-0.05,64,64,62.14688541155934,85.67534063223809,0.9500951669340373,27.43165278111719,37.87855942892132,-1.85418354897381,0.03125,0.1875,0.328125,53,0.9622641509433962
detailed,regular_test,augmented_delta,101,terms,ki_barrier,-0.025,64,64,57.09064029512024,79.04530438680538,0.9595262005330772,13.20265872229071,18.41827849540826,-0.7896918136686982,0.109375,0.3125,0.5,49,0.9795918367346939
detailed,regular_test,augmented_delta,101,terms,ki_barrier,-0.01,64,64,54.575329439534215,75.26573660913338,0.9641619731239545,5.146789304189047,7.268557886993195,-0.188537273491991,0.171875,0.65625,0.84375,43,0.9767441860465116
detailed,regular_test,augmented_delta,101,terms,ki_barrier,-0.005,64,64,53.93733165060911,74.02904231618452,0.9655628478262134,2.5658552592538095,3.630970058200823,0.05859077130879756,0.328125,0.8125,0.96875,35,1.0
detailed,regular_test,augmented_delta,101,terms,ki_barrier,0.005,64,64,52.73845217338453,71.84643152892836,0.9679868412786763,2.5631043612852453,3.5682446850528104,-0.008234170678002611,0.28125,0.859375,1.0,35,1.0
detailed,regular_test,augmented_delta,101,terms,ki_barrier,0.01,64,64,52.44518352645649,70.99651583351948,0.9689366853726444,5.131495823311248,7.185345371508607,-0.07701739728180362,0.203125,0.640625,0.859375,43,0.9767441860465116
detailed,regular_test,augmented_delta,101,terms,ki_barrier,0.025,64,64,51.15381800500829,68.20045565495906,0.9717556462711623,12.350117002653946,17.602666313374627,-0.9187494597563952,0.078125,0.328125,0.59375,51,0.9411764705882353
detailed,regular_test,augmented_delta,101,terms,ki_barrier,0.05,64,64,51.83034092026948,66.14865006419272,0.9738564771633268,24.759465212585383,34.91946140628567,-4.372798190790192,0.015625,0.203125,0.328125,54,0.9074074074074074
detailed,regular_test,augmented_delta,101,terms,last_strike,-0.05,128,128,66.01585684043772,88.69647449684196,0.9597534370882288,20.00373048798349,32.453336130292804,-7.100360916361083,0.0625,0.2734375,0.484375,95,0.9789473684210527
detailed,regular_test,augmented_delta,101,terms,last_strike,-0.025,128,128,63.64659375528106,84.34754169092132,0.9650897090185484,9.696788489001538,15.586581148986301,-2.302634088007427,0.1484375,0.484375,0.6953125,88,0.9772727272727273
detailed,regular_test,augmented_delta,101,terms,last_strike,-0.01,128,128,63.00882001118708,83.02567247748696,0.9670091578101704,3.873664162392694,6.170467384517153,-0.6354085654253735,0.2890625,0.7578125,0.8984375,80,0.975
detailed,regular_test,augmented_delta,101,terms,last_strike,-0.005,128,128,62.80466410082273,82.7925451349427,0.9674485688224725,1.9561647022328665,3.0739948402971558,-0.28285530429985895,0.484375,0.8984375,0.984375,64,0.96875
detailed,regular_test,augmented_delta,101,terms,last_strike,0.005,128,128,62.493803686703075,82.43421903633643,0.9682320044975015,1.9793249264968256,3.143029680545996,0.23119657457106257,0.453125,0.90625,0.9765625,62,0.9838709677419355
detailed,regular_test,augmented_delta,101,terms,last_strike,0.01,128,128,62.27053392620309,82.2796635840563,0.9685816427071293,3.9449481197465297,6.2157423523405715,0.2749891677995508,0.28125,0.7578125,0.9140625,80,0.975
detailed,regular_test,augmented_delta,101,terms,last_strike,0.025,128,128,62.372358760805,82.51556568718479,0.969084093242589,9.82454814572329,15.050497788004579,-0.08284581623598286,0.1484375,0.4375,0.703125,88,0.9772727272727273
detailed,regular_test,augmented_delta,101,terms,last_strike,0.05,128,128,63.09792258283165,84.4118320459368,0.968717683678603,19.655308760020308,29.605539499805243,-2.6680623029655512,0.0390625,0.28125,0.4296875,91,0.978021978021978
detailed,regular_test,augmented_delta,233,schedule,nobs_early,1.0,81,81,91.81059312692452,120.11206198628285,0.9086476680329401,77.21728123379665,96.85798534286363,17.669190804110404,0.0,0.04938271604938271,0.07407407407407407,77,0.7662337662337663
detailed,regular_test,augmented_delta,233,schedule,nobs_late,1.0,81,81,119.99218133731502,174.0282405849407,0.8894370143887312,126.77564285764453,181.89606098426543,-94.7689775346051,0.0,0.08641975308641975,0.1111111111111111,72,0.6388888888888888
detailed,regular_test,augmented_delta,233,schedule,nobs_middle,1.0,81,81,150.1850748487125,228.85525995864953,0.8089596787879865,164.06636901710635,243.16573943896086,-125.68256892018371,0.0,0.0,0.04938271604938271,64,0.625
detailed,regular_test,augmented_delta,233,schedule,tenor_months,-12.0,128,128,131.79608361996765,176.47971629142063,0.6838085275925452,100.64968520821813,143.48826861335795,32.550636663213915,0.015625,0.0625,0.0859375,123,0.6910569105691057
detailed,regular_test,augmented_delta,233,schedule,tenor_months,-6.0,128,128,92.96728300273782,124.39198683755778,0.8985644836302124,52.937087851867375,76.39781641020866,17.944359336865066,0.0234375,0.1171875,0.203125,121,0.6942148760330579
detailed,regular_test,augmented_delta,233,schedule,tenor_months,-3.0,128,128,78.91574508930913,101.96384267750476,0.9428868666983014,26.809207324642205,38.91345314487419,9.375296215392549,0.0703125,0.203125,0.359375,120,0.6916666666666667
detailed,regular_test,augmented_delta,233,schedule,tenor_months,-1.0,128,128,72.01160395426612,91.58441857597558,0.9585404382498871,8.719795763586704,12.612189265928965,3.165205012528115,0.125,0.4609375,0.671875,111,0.7117117117117117
detailed,regular_test,augmented_delta,233,schedule,tenor_months,1.0,128,128,68.12016556198904,87.22163416289615,0.9657583504252746,9.105788484935886,12.991740711614122,-3.1249446073804776,0.109375,0.4609375,0.65625,105,0.6857142857142857
detailed,regular_test,augmented_delta,233,schedule,tenor_months,3.0,128,128,70.65551605676632,90.86982062637226,0.9660426801273069,27.655259939349392,39.416681197956095,-9.520807283980627,0.0546875,0.2109375,0.34375,118,0.711864406779661
detailed,regular_test,augmented_delta,233,schedule,tenor_months,6.0,128,128,80.65942297961824,108.20928093154983,0.9574256855485866,54.66459843839621,77.66859652822036,-18.490640321265843,0.03125,0.1171875,0.1953125,122,0.6967213114754098
detailed,regular_test,augmented_delta,233,schedule,tenor_months,12.0,128,128,111.37114872130425,160.46856331458054,0.9245387837497661,105.28778498724589,148.06941749939998,-32.59071646008931,0.0234375,0.0546875,0.109375,123,0.6747967479674797
detailed,regular_test,augmented_delta,233,terms,coupon_regular,-0.01,128,128,67.67694868235978,86.91849142494706,0.9646029944528636,8.969791395998403,12.225827240821209,1.6477007561941202,0.0703125,0.3984375,0.7265625,128,1.0
detailed,regular_test,augmented_delta,233,terms,coupon_regular,-0.005,128,128,68.46898923803398,87.66826637210895,0.9638448210747996,4.523242569037144,6.136880915403849,0.759514614642688,0.125,0.7265625,0.890625,128,1.0
detailed,regular_test,augmented_delta,233,terms,coupon_regular,-0.0025,128,128,69.00628129536645,88.18746499732357,0.9633744327497643,2.2731440730730927,3.0791786981612854,0.3637827968603573,0.296875,0.890625,1.0,128,1.0
detailed,regular_test,augmented_delta,233,terms,coupon_regular,-0.001,128,128,69.37373293961454,88.54405772047876,0.9630634697403961,0.9120096874372827,1.2348185301807377,0.14168258899483602,0.7265625,1.0,1.0,128,1.0
detailed,regular_test,augmented_delta,233,terms,coupon_regular,0.001,128,128,69.85067651536272,89.07191159899534,0.9626151514882137,0.9158094835415549,1.2398251880340552,-0.1367279528978386,0.71875,1.0,1.0,128,1.0
detailed,regular_test,augmented_delta,233,terms,coupon_regular,0.0025,128,128,70.25304287807091,89.50721516845071,0.9622533212772324,2.2966637957415617,3.110024836966093,-0.33239722609574196,0.2890625,0.8984375,1.0,128,1.0
detailed,regular_test,augmented_delta,233,terms,coupon_regular,0.005,128,128,70.94301016108511,90.30851309225588,0.9616003963340288,4.619623484377554,6.259623157972412,-0.633488043845668,0.125,0.6953125,0.8984375,128,1.0
detailed,regular_test,augmented_delta,233,terms,coupon_regular,0.01,128,128,72.42915096361591,92.20438564627493,0.9600965962780141,9.38596848932068,12.712049353882946,-1.1442091459055155,0.0546875,0.390625,0.671875,128,1.0
detailed,regular_test,augmented_delta,233,terms,first_strike,-0.05,128,128,59.47447706673365,80.5363078156787,0.9575788508661601,34.600871047388694,51.26785085447206,-6.7301535759149935,0.0390625,0.15625,0.3515625,122,0.8114754098360656
detailed,regular_test,augmented_delta,233,terms,first_strike,-0.025,128,128,62.695864882536426,81.38822703068578,0.9636963212278254,16.866743183071144,24.707832805103454,-1.645303787950172,0.0859375,0.3515625,0.5,119,0.7983193277310925
detailed,regular_test,augmented_delta,233,terms,first_strike,-0.01,128,128,66.67828813553733,85.32024752698298,0.9636705412606178,6.631235341282855,9.530912170023798,-0.2755724350024617,0.1875,0.5390625,0.7578125,118,0.7796610169491526
detailed,regular_test,augmented_delta,233,terms,first_strike,-0.005,128,128,68.13871382562849,87.01543872689054,0.9633025458971068,3.329478273660747,4.762883691536172,-0.09863185703764099,0.3125,0.7578125,0.9296875,111,0.8108108108108109
detailed,regular_test,augmented_delta,233,terms,first_strike,0.005,128,128,71.22591440157692,90.65501050668524,0.9623080659814587,3.2235867019576565,4.621857235748289,0.006310969489197765,0.3125,0.75,0.9453125,118,0.788135593220339
detailed,regular_test,augmented_delta,233,terms,first_strike,0.01,128,128,72.72015187528405,92.45893162521473,0.9617885658468122,6.2648145754484466,8.938325591458744,-0.09333209945563242,0.203125,0.546875,0.7734375,121,0.7768595041322314
detailed,regular_test,augmented_delta,233,terms,first_strike,0.025,128,128,76.74363843959802,97.9027007877303,0.9599929654518032,14.955058271513334,20.862602194016652,-1.0844782589544395,0.0546875,0.3515625,0.5,125,0.76
detailed,regular_test,augmented_delta,233,terms,first_strike,0.05,128,128,82.81106041060826,106.0044943724116,0.9570885167204696,28.094391165344618,38.39500816345637,-4.0355484979317895,0.046875,0.1875,0.3203125,123,0.7398373983739838
detailed,regular_test,augmented_delta,233,terms,ki_barrier,-0.05,64,64,70.17971105665666,92.99278841968264,0.9412064791971533,29.02449331687907,40.28594091319581,-3.190687322901498,0.015625,0.1875,0.265625,53,1.0
detailed,regular_test,augmented_delta,233,terms,ki_barrier,-0.025,64,64,64.73186547542565,84.63554878544086,0.953598988022285,13.992416253781224,19.616228598797008,-1.2809830982298556,0.078125,0.3125,0.5625,49,1.0
detailed,regular_test,augmented_delta,233,terms,ki_barrier,-0.01,64,64,62.792224603299616,80.28249313362812,0.9592252638147093,5.491968617052707,7.729819316797006,-0.34317407378114506,0.140625,0.59375,0.84375,43,1.0
detailed,regular_test,augmented_delta,233,terms,ki_barrier,-0.005,64,64,61.94106357167709,78.96611823511265,0.9608163808160297,2.7522817007770874,3.8701484156488233,-0.01188240791235573,0.3125,0.859375,0.96875,35,1.0
detailed,regular_test,augmented_delta,233,terms,ki_barrier,0.005,64,64,59.939871004141935,76.3515221273846,0.9638462357373876,2.758370682645223,3.83207554019391,0.048241230246680034,0.296875,0.859375,0.96875,35,1.0
detailed,regular_test,augmented_delta,233,terms,ki_barrier,0.01,64,64,59.058900552170186,75.35114765689666,0.965009232718188,5.511899513110544,7.689381865677107,0.022401287558398764,0.140625,0.59375,0.84375,43,1.0
detailed,regular_test,augmented_delta,233,terms,ki_barrier,0.025,64,64,55.97203844106217,71.97117327346012,0.9685461178937584,13.428671803272252,18.890007828368766,-0.7718146971593112,0.0625,0.3125,0.546875,51,1.0
detailed,regular_test,augmented_delta,233,terms,ki_barrier,0.05,64,64,51.82416759392841,68.0612930672208,0.9723227760060039,26.55146942856287,37.17207156030046,-4.410721646028534,0.03125,0.140625,0.28125,54,0.9814814814814815
detailed,regular_test,augmented_delta,233,terms,last_strike,-0.05,128,128,72.0337054306658,92.60440722694102,0.9561288121263821,21.293458941000047,35.08852149904427,-7.588951365455855,0.078125,0.265625,0.4609375,95,0.9789473684210527
detailed,regular_test,augmented_delta,233,terms,last_strike,-0.025,128,128,70.85936774129053,89.61445909977375,0.960593779319893,10.415361115257937,16.800478038863297,-2.5208010577239754,0.1015625,0.484375,0.6796875,88,0.9772727272727273
detailed,regular_test,augmented_delta,233,terms,last_strike,-0.01,128,128,70.08939481702163,88.91560755505078,0.9621623113543156,4.132141951627389,6.60786417247038,-0.716605924093224,0.234375,0.7578125,0.890625,80,0.975
detailed,regular_test,augmented_delta,233,terms,last_strike,-0.005,128,128,69.89105546240214,88.84674301919785,0.9625138667527039,2.0950261176469347,3.3003793919587587,-0.3224877364626205,0.46875,0.8984375,0.9765625,64,0.96875
detailed,regular_test,augmented_delta,233,terms,last_strike,0.005,128,128,69.35206950059347,88.79525801223048,0.9631400871709861,2.113059736157407,3.351528623465599,0.268710247876574,0.4453125,0.8984375,0.96875,62,0.9838709677419355
detailed,regular_test,augmented_delta,233,terms,last_strike,0.01,128,128,69.1586485150383,88.69703255155463,0.9634895958645471,4.207778374901743,6.611731426839282,0.34801417087515046,0.21875,0.75,0.890625,80,0.975
detailed,regular_test,augmented_delta,233,terms,last_strike,0.025,128,128,68.82555874967579,88.9866862053482,0.9640449170770609,10.47503533034763,16.00556906982357,0.08527187832072991,0.1015625,0.3984375,0.6875,88,0.9772727272727273
detailed,regular_test,augmented_delta,233,terms,last_strike,0.05,128,128,68.73151811477646,90.25320076041889,0.9642383559253571,20.92788970708756,31.239670122740137,-2.3788400774187144,0.046875,0.1640625,0.3984375,91,0.978021978021978
detailed,regular_test,augmented_delta,47,schedule,nobs_early,1.0,81,81,111.73239004315552,152.31870424079693,0.8530894901465086,92.29668776668942,124.09340169312989,25.678723155663107,0.0,0.024691358024691357,0.06172839506172839,77,0.7402597402597403
detailed,regular_test,augmented_delta,47,schedule,nobs_late,1.0,81,81,151.29852640377686,208.69948003492192,0.8409941756233597,143.43839085217195,200.82046672862717,-89.25252350905397,0.0,0.024691358024691357,0.037037037037037035,72,0.5555555555555556
detailed,regular_test,augmented_delta,47,schedule,nobs_middle,1.0,81,81,173.81732806419961,255.13276809400477,0.7625699278630231,171.35678260184554,257.92330447996994,-141.20358898530296,0.0,0.024691358024691357,0.024691358024691357,64,0.484375
detailed,regular_test,augmented_delta,47,schedule,tenor_months,-12.0,128,128,120.08991426385501,170.99649233502066,0.7031514289851405,98.9614869011802,161.39203882498896,14.843759111241049,0.0,0.046875,0.1015625,123,0.7804878048780488
detailed,regular_test,augmented_delta,47,schedule,tenor_months,-6.0,128,128,88.12071538070859,120.65049383209379,0.9045747200138702,55.594489417966344,91.41074866882917,13.461661641371366,0.0234375,0.1171875,0.2109375,121,0.7768595041322314
detailed,regular_test,augmented_delta,47,schedule,tenor_months,-3.0,128,128,74.49979839677806,99.13621391785574,0.9460106304524378,29.23744139640309,47.43821275896707,8.264400678552589,0.03125,0.2109375,0.375,120,0.7666666666666667
detailed,regular_test,augmented_delta,47,schedule,tenor_months,-1.0,128,128,69.55741493456566,92.79353568753277,0.957438495882281,9.636601315901252,15.586518531397074,3.0375625970641904,0.1328125,0.5078125,0.703125,111,0.7387387387387387
detailed,regular_test,augmented_delta,47,schedule,tenor_months,1.0,128,128,70.1345328312135,95.20511434184525,0.9592031343919857,10.118389796139265,15.96039860203559,-3.2184913033877294,0.140625,0.46875,0.7109375,105,0.7047619047619048
detailed,regular_test,augmented_delta,47,schedule,tenor_months,3.0,128,128,77.9378117942029,107.31790472977659,0.9526370838735804,31.390288673910945,48.81742780213283,-10.437605883044977,0.0390625,0.203125,0.3671875,118,0.7372881355932204
detailed,regular_test,augmented_delta,47,schedule,tenor_months,6.0,128,128,98.10836373262875,137.46128470719665,0.93129640885024,63.50255378383699,97.03679801236991,-22.130477116893918,0.015625,0.125,0.2265625,122,0.7131147540983607
detailed,regular_test,augmented_delta,47,schedule,tenor_months,12.0,128,128,148.49349576452306,211.56822348344045,0.8688269095607718,128.62287253466053,188.63004647813472,-47.128815518061735,0.0078125,0.03125,0.1015625,123,0.6910569105691057
detailed,regular_test,augmented_delta,47,terms,coupon_regular,-0.01,128,128,67.244216361111,92.21502022284955,0.9601575996082018,9.782988177161641,13.444635094272005,1.4569193267841394,0.0859375,0.3828125,0.625,128,1.0
detailed,regular_test,augmented_delta,47,terms,coupon_regular,-0.005,128,128,67.9010363295621,92.30221800946326,0.9599216390330987,4.918370451392829,6.765058668626246,0.566428161860534,0.1796875,0.609375,0.8828125,128,1.0
detailed,regular_test,augmented_delta,47,terms,coupon_regular,-0.0025,128,128,68.51825871158056,92.5259404504892,0.9596821227467653,2.467113426161978,3.3972277770168287,0.24482962101759534,0.296875,0.875,0.984375,128,1.0
detailed,regular_test,augmented_delta,47,terms,coupon_regular,-0.001,128,128,68.90982764916723,92.71699168793725,0.9594999164507304,0.989744000321464,1.3629545375923715,0.0889930143359653,0.625,0.9921875,1.0,128,1.0
detailed,regular_test,augmented_delta,47,terms,coupon_regular,0.001,128,128,69.46626536557102,93.03816474437986,0.9592116300911805,0.9953280033995,1.368855384899244,-0.07747255408792877,0.6171875,0.9921875,1.0,128,1.0
detailed,regular_test,augmented_delta,47,terms,coupon_regular,0.0025,128,128,69.89637339781632,93.32888147778215,0.9589611883758976,2.5006871187380186,3.434373011343155,-0.17267540454918742,0.2890625,0.859375,0.9765625,128,1.0
detailed,regular_test,augmented_delta,47,terms,coupon_regular,0.005,128,128,70.65784902716433,93.90880185337757,0.9584776468803293,5.045346632836536,6.913092043725476,-0.277825265825763,0.15625,0.640625,0.859375,128,1.0
detailed,regular_test,augmented_delta,47,terms,coupon_regular,0.01,128,128,72.2360349131196,95.43288456274543,0.957253271064228,10.271037894860337,14.030432842844883,-0.30498040408088845,0.0859375,0.3359375,0.625,128,1.0
detailed,regular_test,augmented_delta,47,terms,first_strike,-0.05,128,128,62.15161350890725,84.60261439228783,0.9531869901086684,31.729417260087732,44.11041099940038,-2.6018427465139777,0.0234375,0.09375,0.2421875,122,0.7868852459016393
detailed,regular_test,augmented_delta,47,terms,first_strike,-0.025,128,128,63.10693309989824,86.24044774399862,0.9592385649625358,15.612365582291337,21.51341262789616,-0.461439127389087,0.0234375,0.2265625,0.5,119,0.7815126050420168
detailed,regular_test,augmented_delta,47,terms,first_strike,-0.01,128,128,66.19447067842994,89.97662335693973,0.9595969551224702,6.113029773043107,8.374237017087967,-0.0523390704800048,0.140625,0.5859375,0.796875,118,0.8220338983050848
detailed,regular_test,augmented_delta,47,terms,first_strike,-0.005,128,128,67.72422815327715,91.42725786607403,0.959486972733669,3.0614845714085206,4.208745997119561,-0.03125532537708432,0.265625,0.8046875,0.9609375,111,0.8108108108108109
detailed,regular_test,augmented_delta,47,terms,first_strike,0.005,128,128,70.81351941858105,94.4813417228527,0.959059145661101,2.972707388267769,4.078484963710115,0.030422910945992476,0.265625,0.8125,0.96875,118,0.788135593220339
detailed,regular_test,augmented_delta,47,terms,first_strike,0.01,128,128,72.35313366117515,96.02044848812835,0.9587880602162188,5.813643597033129,7.932643636974175,0.04826618478890471,0.1640625,0.5859375,0.8203125,121,0.7851239669421488
detailed,regular_test,augmented_delta,47,terms,first_strike,0.025,128,128,76.69063306610784,100.53979781781689,0.9578086879511529,13.932937336192875,18.73089490604699,-0.01887759553090118,0.078125,0.2734375,0.5078125,125,0.76
detailed,regular_test,augmented_delta,47,terms,first_strike,0.05,128,128,83.33684325834358,107.29465025332853,0.956037629116705,27.3324113744826,35.58967208014338,0.4133794410063518,0.015625,0.09375,0.2421875,123,0.7479674796747967
detailed,regular_test,augmented_delta,47,terms,ki_barrier,-0.05,64,64,70.97763543552523,91.02055942191197,0.9436738680269373,26.748523694316287,37.063600699379464,-4.447320872830164,0.046875,0.140625,0.296875,53,0.9622641509433962
detailed,regular_test,augmented_delta,47,terms,ki_barrier,-0.025,64,64,66.92110460495826,86.3652089163583,0.9516830536319485,12.94082537296163,18.229803883328994,-2.0032796341986363,0.0625,0.3125,0.546875,49,0.9795918367346939
detailed,regular_test,augmented_delta,47,terms,ki_barrier,-0.01,64,64,65.06996601876781,84.01739802501365,0.95534316772401,5.073651018208262,7.250102954204256,-0.6537142730609302,0.15625,0.671875,0.859375,43,0.9767441860465116
detailed,regular_test,augmented_delta,47,terms,ki_barrier,-0.005,64,64,64.43499658992994,83.25738923287535,0.9564419384793724,2.519981615984072,3.6162883786996622,-0.17064496720705633,0.34375,0.859375,0.96875,35,1.0
detailed,regular_test,augmented_delta,47,terms,ki_barrier,0.005,64,64,62.98051269577218,81.80779942827724,0.9584943189738095,2.5192717894257415,3.5636832120854454,0.2140539014312199,0.3125,0.875,0.984375,35,1.0
detailed,regular_test,augmented_delta,47,terms,ki_barrier,0.01,64,64,62.327195528251295,81.2963492849301,0.9592698686967314,5.080458337589008,7.182432274361998,0.3606017673042635,0.15625,0.640625,0.875,43,0.9767441860465116
detailed,regular_test,augmented_delta,47,terms,ki_barrier,0.025,64,64,60.41213568036834,79.38908130793263,0.9617282217136565,12.50607138791739,17.722795713160515,0.12292552672527135,0.09375,0.328125,0.5625,51,0.9607843137254902
detailed,regular_test,augmented_delta,47,terms,ki_barrier,0.05,64,64,57.82959991370571,77.30549852559247,0.9642938596878031,25.069604372279297,35.36766112406494,-2.4672842634496845,0.046875,0.171875,0.265625,54,0.9259259259259259
detailed,regular_test,augmented_delta,47,terms,last_strike,-0.05,128,128,71.85142908764774,95.74437162041446,0.9531032671482816,19.607955528393312,31.21190245738352,-4.2927819130866425,0.046875,0.2421875,0.5,95,0.9789473684210527
detailed,regular_test,augmented_delta,47,terms,last_strike,-0.025,128,128,68.77468047005851,93.64286637125504,0.9569713216039208,9.63035266773414,14.934345086858073,-0.8486486279048686,0.0703125,0.4609375,0.7265625,88,0.9886363636363636
detailed,regular_test,augmented_delta,47,terms,last_strike,-0.01,128,128,68.91374570142312,93.00370255926617,0.9586029803400842,3.867035719494696,5.917649662290834,-0.04511769118259079,0.2578125,0.78125,0.890625,80,0.9875
detailed,regular_test,augmented_delta,47,terms,last_strike,-0.005,128,128,69.09503752377759,92.9578312558771,0.9589645135001831,1.9669746087674413,2.9532102625330094,0.01346825587842107,0.421875,0.890625,0.9921875,64,0.984375
detailed,regular_test,augmented_delta,47,terms,last_strike,0.005,128,128,69.33985961923051,92.81014864281839,0.9597314776719894,1.9680168419881485,3.0001993126513207,-0.06711535930402135,0.4296875,0.8984375,0.984375,62,0.9838709677419355
detailed,regular_test,augmented_delta,47,terms,last_strike,0.01,128,128,69.37644289837235,92.67636201053205,0.9601400807810019,3.9159474441371533,5.935549673444948,-0.323380929778021,0.265625,0.7578125,0.8984375,80,0.9875
detailed,regular_test,augmented_delta,47,terms,last_strike,0.025,128,128,69.20426100355434,92.60830348644613,0.961058732543032,9.74077609807152,14.373115457586445,-1.587779277782881,0.0859375,0.4375,0.671875,88,0.9886363636363636
detailed,regular_test,augmented_delta,47,terms,last_strike,0.05,128,128,68.56454013216756,93.10744817692033,0.9619406734869831,19.763962312627477,28.36783352134333,-5.690972398716837,0.015625,0.265625,0.40625,91,0.989010989010989
detailed,regular_test,augmented_delta,ensemble,schedule,nobs_early,1.0,81,81,92.50385209309734,122.21814523058706,0.9054159796321051,69.13607965115234,94.70234551267168,26.18623095083206,0.0,0.06172839506172839,0.16049382716049382,77,0.8181818181818182
detailed,regular_test,augmented_delta,ensemble,schedule,nobs_late,1.0,81,81,135.74452466028035,197.6432918784229,0.8573950974495921,131.24196741521155,193.80055587691848,-104.47436750325737,0.012345679012345678,0.012345679012345678,0.07407407407407407,72,0.5972222222222222
detailed,regular_test,augmented_delta,ensemble,schedule,nobs_middle,1.0,81,81,158.6147681230532,248.93303488875802,0.7739688418896435,160.53039183591903,249.2852134260427,-138.4580616864502,0.0,0.012345679012345678,0.024691358024691357,64,0.59375
detailed,regular_test,augmented_delta,ensemble,schedule,tenor_months,-12.0,128,128,121.12869976051964,167.38436227780022,0.7155602271623099,101.81407639982544,152.16523598164682,42.1901931829011,0.015625,0.046875,0.1015625,123,0.7235772357723578
detailed,regular_test,augmented_delta,ensemble,schedule,tenor_months,-6.0,128,128,83.67849582002856,113.42285606693049,0.9156652827831269,55.03287254290563,83.47087471677695,24.859733685426058,0.015625,0.0703125,0.1796875,121,0.7355371900826446
detailed,regular_test,augmented_delta,ensemble,schedule,tenor_months,-3.0,128,128,68.8778570927971,89.80457765521474,0.9556962438686067,28.316043725716245,42.84689708088012,13.283513789551753,0.015625,0.1875,0.3515625,120,0.7083333333333334
detailed,regular_test,augmented_delta,ensemble,schedule,tenor_months,-1.0,128,128,61.74531193728339,80.8778961779757,0.9676673565399211,9.270196690588836,13.95383789664744,4.548186439541989,0.078125,0.4609375,0.71875,111,0.7207207207207207
detailed,regular_test,augmented_delta,ensemble,schedule,tenor_months,1.0,128,128,60.80401843767742,80.40191705766726,0.9709036141152537,9.628304445105274,14.284364739651396,-4.582172622247087,0.09375,0.4765625,0.6875,105,0.7047619047619048
detailed,regular_test,augmented_delta,ensemble,schedule,tenor_months,3.0,128,128,66.1633914708575,90.0452276196583,0.9666561714207972,29.526298597017764,43.49808974470604,-14.11054498738352,0.03125,0.1796875,0.34375,118,0.7288135593220338
detailed,regular_test,augmented_delta,ensemble,schedule,tenor_months,6.0,128,128,83.4981181330462,116.34336692070625,0.9507845005070393,58.900973270522734,85.74818628400148,-28.170009328813585,0.015625,0.0390625,0.1640625,122,0.6967213114754098
detailed,regular_test,augmented_delta,ensemble,schedule,tenor_months,12.0,128,128,124.16343894453787,180.5693060232071,0.9044497715312103,114.11427880509564,163.31273022679818,-53.68533730878478,0.015625,0.046875,0.1015625,123,0.7154471544715447
detailed,regular_test,augmented_delta,ensemble,terms,coupon_regular,-0.01,128,128,58.64492472570689,78.11144722749181,0.9714128057554373,8.489884411649722,11.97841848417175,0.9833169623235096,0.09375,0.3984375,0.7265625,128,1.0
detailed,regular_test,augmented_delta,ensemble,terms,coupon_regular,-0.005,128,128,59.59960970941982,78.6662806717192,0.9708886119995885,4.26613548875483,6.032109582555374,0.3694518851250404,0.1875,0.7109375,0.90625,128,1.0
detailed,regular_test,augmented_delta,ensemble,terms,coupon_regular,-0.0025,128,128,60.201847469099484,79.11173875981508,0.9705250890419257,2.1383156833778614,3.0311509985598697,0.15540247519863648,0.3515625,0.90625,0.9921875,128,1.0
detailed,regular_test,augmented_delta,ensemble,terms,coupon_regular,-0.001,128,128,60.56796160089779,79.432839109689,0.9702739347908906,0.8575952191106158,1.216631219057969,0.05529621138215276,0.6953125,1.0,1.0,128,1.0
detailed,regular_test,augmented_delta,ensemble,terms,coupon_regular,0.001,128,128,61.06155942668297,79.924454816461,0.9698995183932557,0.8610138334785034,1.222798325128605,-0.04634154482716453,0.6953125,1.0,1.0,128,1.0
detailed,regular_test,augmented_delta,ensemble,terms,coupon_regular,0.0025,128,128,61.43571552891317,80.3412087786473,0.9695883924357457,2.160473229339887,3.069589790539241,-0.09940825760422241,0.359375,0.90625,0.9921875,128,1.0
detailed,regular_test,augmented_delta,ensemble,terms,coupon_regular,0.005,128,128,62.06744936998569,81.1287732486205,0.9690101712433319,4.3554876607681,6.185250604464883,-0.14527012378075896,0.2109375,0.6875,0.8984375,128,1.0
detailed,regular_test,augmented_delta,ensemble,terms,coupon_regular,0.01,128,128,63.6851632403721,83.06397702165017,0.9676158705461867,8.850313308123084,12.583251378556895,-0.08657749931206288,0.1328125,0.4296875,0.6875,128,1.0
detailed,regular_test,augmented_delta,ensemble,terms,first_strike,-0.05,128,128,49.286804070692874,69.21213361568596,0.968669777955181,31.316662074891354,46.62312611371468,-4.464200737951151,0.0546875,0.1796875,0.3046875,122,0.8278688524590164
detailed,regular_test,augmented_delta,ensemble,terms,first_strike,-0.025,128,128,52.46487369110423,71.04597140250634,0.9723365479647038,15.32501674565708,22.52670459680596,-1.056069964829578,0.09375,0.3125,0.5546875,119,0.8067226890756303
detailed,regular_test,augmented_delta,ensemble,terms,first_strike,-0.01,128,128,56.977091988214696,75.80103035279494,0.9713249006024727,6.035234951279258,8.689618440378853,-0.18723493659588125,0.1953125,0.609375,0.7734375,118,0.8135593220338984
detailed,regular_test,augmented_delta,ensemble,terms,first_strike,-0.005,128,128,58.824333108831446,77.7136732036814,0.9707289581224865,3.016801149395099,4.34776301034188,-0.08006438930843957,0.3125,0.78125,0.9375,111,0.8108108108108109
detailed,regular_test,augmented_delta,ensemble,terms,first_strike,0.005,128,128,62.7464533557452,81.72979670101272,0.9693644533371562,2.935174704226767,4.220635180566449,0.04025457292533552,0.3046875,0.7734375,0.96875,118,0.788135593220339
detailed,regular_test,augmented_delta,ensemble,terms,first_strike,0.01,128,128,64.5795206445807,83.70666662678683,0.9686804371344472,5.715984359322791,8.159478710564594,0.027708791158501334,0.15625,0.625,0.7890625,121,0.768595041322314
detailed,regular_test,augmented_delta,ensemble,terms,first_strike,0.025,128,128,69.5718142483388,89.49072012043264,0.9665725674124898,13.656912129062338,19.024597763793324,-0.379332028197219,0.0546875,0.3125,0.5625,125,0.784
detailed,regular_test,augmented_delta,ensemble,terms,first_strike,0.05,128,128,76.86981390391678,97.79401819026211,0.9634784205876351,26.07998627044318,35.24798236117927,-1.3156457540359254,0.0390625,0.125,0.265625,123,0.7886178861788617
detailed,regular_test,augmented_delta,ensemble,terms,ki_barrier,-0.05,64,64,62.455597025610615,83.62810962618798,0.9524516460044096,27.410779774492493,38.00698263379883,-3.164063914901882,0.015625,0.171875,0.328125,53,0.9811320754716981
detailed,regular_test,augmented_delta,ensemble,terms,ki_barrier,-0.025,64,64,58.139076839655615,76.73073713686038,0.9618617673196465,13.263960714408322,18.546858224096155,-1.3579848486992367,0.03125,0.359375,0.515625,49,1.0
detailed,regular_test,augmented_delta,ensemble,terms,ki_barrier,-0.01,64,64,55.89955614843399,73.02703113441606,0.9662622008641877,5.185620500241097,7.331411494776361,-0.39514187344470614,0.1875,0.640625,0.859375,43,1.0
detailed,regular_test,augmented_delta,ensemble,terms,ki_barrier,-0.005,64,64,55.2942152716513,71.85082372732437,0.967559579850132,2.5824417002196465,3.6635906413982986,-0.041312201270239574,0.34375,0.859375,0.96875,35,1.0
detailed,regular_test,augmented_delta,ensemble,terms,ki_barrier,0.005,64,64,53.9395064535895,69.6200948470376,0.969940112964759,2.5797107742599876,3.6122206094285154,0.08468698699995428,0.296875,0.859375,0.984375,35,1.0
detailed,regular_test,augmented_delta,ensemble,terms,ki_barrier,0.01,64,64,53.27912767229539,68.77773650356448,0.9708479244320715,5.149604296023221,7.267619819501821,0.1019952191934172,0.171875,0.609375,0.875,43,1.0
detailed,regular_test,augmented_delta,ensemble,terms,ki_barrier,0.025,64,64,50.85592696625143,65.85689769389879,0.9736634049126508,12.562040811324412,17.85614969076062,-0.5225462100634436,0.0625,0.359375,0.578125,51,0.9803921568627451
detailed,regular_test,augmented_delta,ensemble,terms,ki_barrier,0.05,64,64,47.99768805617542,62.88268772612213,0.9763743193693674,24.91604327301856,35.38032557439331,-3.7502680334229126,0.046875,0.15625,0.328125,54,0.9444444444444444
detailed,regular_test,augmented_delta,ensemble,terms,last_strike,-0.05,128,128,64.60936614877821,84.27360060230976,0.96366717385652,19.95730267551319,32.38057382850171,-6.3273647316345585,0.078125,0.2578125,0.46875,95,0.9894736842105263
detailed,regular_test,augmented_delta,ensemble,terms,last_strike,-0.025,128,128,62.17504877551066,80.88794358969515,0.9678947394670778,9.748339719493456,15.49078940273225,-1.890694591212105,0.1015625,0.4921875,0.734375,88,0.9886363636363636
detailed,regular_test,augmented_delta,ensemble,terms,last_strike,-0.01,128,128,61.08382191593668,79.92416344398904,0.9694279333965873,3.887335963569149,6.11645209916581,-0.4657107269003845,0.265625,0.7890625,0.8828125,80,0.9875
detailed,regular_test,augmented_delta,ensemble,terms,last_strike,-0.005,128,128,60.79616907247884,79.79681228732781,0.9697616070844585,1.9754560084362005,3.0514453137587654,-0.19729159496136445,0.4140625,0.890625,0.984375,64,0.984375
detailed,regular_test,augmented_delta,ensemble,terms,last_strike,0.005,128,128,60.824593045371046,79.58457841828815,0.9703903961548677,1.9934045849528483,3.1084402209218918,0.14426382104790075,0.4375,0.90625,0.9765625,62,1.0
detailed,regular_test,augmented_delta,ensemble,terms,last_strike,0.01,128,128,60.66961869240165,79.43407183140492,0.9707172331173594,3.9652635301921806,6.139770556004862,0.0998741362989225,0.2265625,0.7890625,0.9140625,80,0.9875
detailed,regular_test,augmented_delta,ensemble,terms,last_strike,0.025,128,128,60.13257149692994,79.56118204910399,0.9712582849203515,9.886861976518137,14.848888215595053,-0.5284510718994216,0.09375,0.40625,0.7109375,88,0.9886363636363636
detailed,regular_test,augmented_delta,ensemble,terms,last_strike,0.05,128,128,60.52145267080039,80.79343469563,0.9713420979824975,19.796709529870313,29.14498369434071,-3.579291593033787,0.0546875,0.2265625,0.4296875,91,0.989010989010989
detailed,regular_test,augmented_price,101,schedule,nobs_early,1.0,81,81,93.52548354353499,127.64149981195997,0.8968355208142129,74.61266138926129,101.2557704968927,1.1430377459288315,0.037037037037037035,0.04938271604938271,0.1111111111111111,77,0.7662337662337663
detailed,regular_test,augmented_price,101,schedule,nobs_late,1.0,81,81,110.33422815281139,155.73056487020438,0.911464383350835,103.08311444532653,147.6792383006699,-82.74900184882614,0.012345679012345678,0.06172839506172839,0.1111111111111111,72,0.625
detailed,regular_test,augmented_price,101,schedule,nobs_middle,1.0,81,81,146.673977321587,220.25917145750722,0.8230415747394689,143.29914448983783,225.59860366139952,-124.39994319200038,0.012345679012345678,0.024691358024691357,0.04938271604938271,64,0.5625
detailed,regular_test,augmented_price,101,schedule,tenor_months,-12.0,128,128,102.38334274023214,139.2263205203137,0.8032098981136107,77.99414143893804,110.38207752075073,11.890255830362982,0.0,0.0625,0.1171875,123,0.7317073170731707
detailed,regular_test,augmented_price,101,schedule,tenor_months,-6.0,128,128,84.8460452158321,115.2754599146417,0.91288780391372,41.168476151361645,58.38578756783749,7.255383883488296,0.015625,0.1015625,0.21875,121,0.7272727272727273
detailed,regular_test,augmented_price,101,schedule,tenor_months,-3.0,128,128,80.93324110742623,108.268216896468,0.9356059757272077,21.015328445276403,29.802060069189924,3.9713109460248552,0.03125,0.171875,0.4140625,120,0.6833333333333333
detailed,regular_test,augmented_price,101,schedule,tenor_months,-1.0,128,128,80.6173314844014,106.83572446963309,0.9435824112805663,6.78195203016554,9.620251898120983,1.4040134879628952,0.109375,0.53125,0.78125,111,0.6846846846846847
detailed,regular_test,augmented_price,101,schedule,tenor_months,1.0,128,128,83.31815534448563,108.53857679640399,0.9469757560033646,7.233388215341451,10.073740987086715,-1.366481857958881,0.0859375,0.5078125,0.75,105,0.6761904761904762
detailed,regular_test,augmented_price,101,schedule,tenor_months,3.0,128,128,88.1327231894692,114.12977617987478,0.9464336573265717,21.658078901476827,30.62323880639696,-4.142074826223631,0.0546875,0.1953125,0.4296875,118,0.711864406779661
detailed,regular_test,augmented_price,101,schedule,tenor_months,6.0,128,128,97.27113641101711,128.43262739339926,0.9400251216607377,42.752267353580166,60.652276960784825,-7.934494750093606,0.03125,0.0859375,0.1640625,122,0.6721311475409836
detailed,regular_test,augmented_price,101,schedule,tenor_months,12.0,128,128,120.41257487096036,167.0388153591626,0.9182328850324083,82.85298753826754,117.15928808207966,-12.8060768706008,0.0078125,0.0546875,0.078125,123,0.6910569105691057
detailed,regular_test,augmented_price,101,terms,coupon_regular,-0.01,128,128,78.34217382452547,102.80617818896658,0.9504800048969915,10.130339676091406,13.655957175664874,-2.0373144975285475,0.0859375,0.3515625,0.625,128,1.0
detailed,regular_test,augmented_price,101,terms,coupon_regular,-0.005,128,128,79.91977155297896,104.92514589559194,0.9482101275308678,5.151854567676638,6.925465341546805,-1.1854315105070388,0.15625,0.6015625,0.859375,128,1.0
detailed,regular_test,augmented_price,101,terms,coupon_regular,-0.0025,128,128,80.7619316342732,106.16399848258604,0.946920701266847,2.5991775243754924,3.4908103245131423,-0.6318708845966854,0.2734375,0.859375,0.984375,128,1.0
detailed,regular_test,augmented_price,101,terms,coupon_regular,-0.001,128,128,81.29973723045512,106.96366899196109,0.946097384615406,1.0459742009351558,1.4034765574014219,-0.2617710069414624,0.59375,1.0,1.0,128,1.0
detailed,regular_test,augmented_price,101,terms,coupon_regular,0.001,128,128,82.06346688227825,108.094997311896,0.9449413866605859,1.053923039109569,1.4133783739392303,0.27337062960834124,0.6015625,1.0,1.0,128,1.0
detailed,regular_test,augmented_price,101,terms,coupon_regular,0.0025,128,128,82.71066314284613,108.99215492384192,0.9440302801786118,2.649700843127846,3.552801711621085,0.7047748157376589,0.265625,0.859375,0.984375,128,1.0
detailed,regular_test,augmented_price,101,terms,coupon_regular,0.005,128,128,83.86464534876706,110.58007046951568,0.9424264401794039,5.347989516630589,7.172509641338482,1.4775734323253489,0.140625,0.609375,0.859375,128,1.0
detailed,regular_test,augmented_price,101,terms,coupon_regular,0.01,128,128,86.29556757960188,114.10161593189176,0.9388930826864655,10.897472746309603,14.626776334881331,3.207092904148558,0.0546875,0.3046875,0.5859375,128,1.0
detailed,regular_test,augmented_price,101,terms,first_strike,-0.05,128,128,63.247243938934226,87.35817222487132,0.9500878732599233,42.835563240064175,62.036689422097794,-17.055186793583527,0.0078125,0.1015625,0.1875,122,0.7459016393442623
detailed,regular_test,augmented_price,101,terms,first_strike,-0.025,128,128,71.03624234880795,93.71650512454184,0.9518651493039489,20.901102803518896,29.815396083328597,-7.1920421815549265,0.046875,0.171875,0.40625,119,0.7647058823529411
detailed,regular_test,augmented_price,101,terms,first_strike,-0.01,128,128,77.09264107315708,101.53417348061436,0.9485507332300953,8.222720156740543,11.46986818762522,-2.5786726260591903,0.0703125,0.4921875,0.703125,118,0.7542372881355932
detailed,regular_test,augmented_price,101,terms,first_strike,-0.005,128,128,79.38597939239418,104.489611480163,0.9470836919191288,4.062105460152756,5.697246742181877,-1.2634183746577279,0.1953125,0.7109375,0.8828125,111,0.7657657657657657
detailed,regular_test,augmented_price,101,terms,first_strike,0.005,128,128,83.93737825301417,110.62721179555652,0.9438708157416702,3.982351866451628,5.556920855000139,1.1964993103319215,0.1953125,0.7265625,0.90625,118,0.7457627118644068
detailed,regular_test,augmented_price,101,terms,first_strike,0.01,128,128,86.09485467921078,113.632868887144,0.9422830279252523,7.766346776283166,10.773459326226419,2.310900409978591,0.078125,0.4921875,0.734375,121,0.743801652892562
detailed,regular_test,augmented_price,101,terms,first_strike,0.025,128,128,92.40771183352166,122.40941521352927,0.9374572947615458,18.25197778311591,25.152586859527442,5.091401130093184,0.015625,0.2109375,0.4296875,125,0.744
detailed,regular_test,augmented_price,101,terms,first_strike,0.05,128,128,101.8514792361994,135.13835598400493,0.9302599536916049,33.38805342788706,45.819345073636825,8.761852788729836,0.015625,0.0859375,0.265625,123,0.7317073170731707
detailed,regular_test,augmented_price,101,terms,ki_barrier,-0.05,64,64,68.32775318574599,93.51327293618887,0.9405464978021392,31.199514043884,44.00651247555572,-6.518917554901848,0.046875,0.171875,0.25,53,1.0
detailed,regular_test,augmented_price,101,terms,ki_barrier,-0.025,64,64,70.05294438881072,92.5186820271133,0.9445526623396033,14.874574127211105,21.495988267622174,-2.8743083853335083,0.0625,0.296875,0.515625,49,1.0
detailed,regular_test,augmented_price,101,terms,ki_barrier,-0.01,64,64,70.78537842304289,92.68239846622546,0.9456569529022077,5.792544029432538,8.43812104648578,-0.9625967181578998,0.171875,0.609375,0.828125,43,1.0
detailed,regular_test,augmented_price,101,terms,ki_barrier,-0.005,64,64,70.87085431417182,92.83076113790754,0.9458489614687142,2.8840880781711817,4.183377625327903,-0.31845517302427884,0.234375,0.828125,0.9375,35,1.0
detailed,regular_test,augmented_price,101,terms,ki_barrier,0.005,64,64,71.5152137690913,93.1723217434677,0.9461616231060918,2.8679378629256016,4.1675038821517925,0.34877902507509495,0.3125,0.828125,0.953125,35,1.0
detailed,regular_test,augmented_price,101,terms,ki_barrier,0.01,64,64,72.07653863462404,93.62626270666044,0.9459781939928023,5.6700185206403315,8.349298206257476,0.6172183895138125,0.1875,0.59375,0.84375,43,1.0
detailed,regular_test,augmented_price,101,terms,ki_barrier,0.025,64,64,72.84231167949319,94.44174025081011,0.9458392023670149,13.888671121068281,20.46056025727523,0.6672928848137647,0.046875,0.3125,0.484375,51,1.0
detailed,regular_test,augmented_price,101,terms,ki_barrier,0.05,64,64,72.47200717184678,96.19819121714148,0.9447088084408437,27.579312148186418,39.73927431663811,-1.6980863226232685,0.015625,0.15625,0.265625,54,1.0
detailed,regular_test,augmented_price,101,terms,last_strike,-0.05,128,128,81.15935995166305,108.9264040949144,0.9393008771609931,24.749960447105668,40.850208381082496,-11.60805530975746,0.046875,0.2890625,0.46875,95,0.9894736842105263
detailed,regular_test,augmented_price,101,terms,last_strike,-0.025,128,128,80.80837819530993,107.03245808851912,0.9437866317627246,11.850683913624561,19.60612247753304,-4.570507002679325,0.109375,0.484375,0.6796875,88,0.9886363636363636
detailed,regular_test,augmented_price,101,terms,last_strike,-0.01,128,128,81.16099378062253,107.07401364799487,0.9451297721808336,4.6507315863334355,7.685482806944387,-1.5455668345327154,0.2734375,0.7109375,0.84375,80,0.9875
detailed,regular_test,augmented_price,101,terms,last_strike,-0.005,128,128,81.4099757032341,107.28345728178539,0.9453420748193008,2.3370065708822145,3.826238515516396,-0.7384396813502585,0.484375,0.84375,0.9609375,64,0.984375
detailed,regular_test,augmented_price,101,terms,last_strike,0.005,128,128,82.0269549677312,107.80941159380798,0.9456639444431072,2.347841216945851,3.878951577743102,0.6874794435524239,0.484375,0.8515625,0.9609375,62,1.0
detailed,regular_test,augmented_price,101,terms,last_strike,0.01,128,128,82.21779986161988,107.99343798666484,0.9458755876585769,4.656197327737195,7.648080453805476,1.188379126240808,0.296875,0.703125,0.84375,80,0.9875
detailed,regular_test,augmented_price,101,terms,last_strike,0.025,128,128,82.9663999799601,109.19040571993288,0.9458648698113284,11.348683976864324,18.551671072943282,2.20615880765394,0.1171875,0.46875,0.65625,88,0.9886363636363636
detailed,regular_test,augmented_price,101,terms,last_strike,0.05,128,128,84.01257717905375,111.90070746439193,0.9450259269212277,22.16574019530353,35.939932264191576,1.9237118924671104,0.078125,0.3046875,0.4453125,91,0.989010989010989
detailed,regular_test,augmented_price,233,schedule,nobs_early,1.0,81,81,101.75399207236588,131.44348255644903,0.8905981900596185,76.10993779299157,98.80191305592281,1.0366103413132173,0.0,0.024691358024691357,0.09876543209876543,77,0.7532467532467533
detailed,regular_test,augmented_price,233,schedule,nobs_late,1.0,81,81,116.78495706988902,164.25483419012951,0.901506715789097,96.52717108725807,153.0546859632024,-82.81480243321892,0.037037037037037035,0.16049382716049382,0.2345679012345679,72,0.6666666666666666
detailed,regular_test,augmented_price,233,schedule,nobs_middle,1.0,81,81,151.18527557804708,227.2389772855691,0.8116485818433951,142.05710303159918,232.21847593196333,-119.44834987536883,0.0,0.024691358024691357,0.07407407407407407,64,0.609375
detailed,regular_test,augmented_price,233,schedule,tenor_months,-12.0,128,128,114.07818075222903,151.47282810858633,0.7670675324988214,90.67265623748757,123.67256809207511,34.332456982806875,0.0078125,0.0390625,0.0546875,123,0.6422764227642277
detailed,regular_test,augmented_price,233,schedule,tenor_months,-6.0,128,128,86.85245318965852,117.73883908917487,0.9091249351380484,45.1570759703111,61.96302933496688,16.259661991965885,0.015625,0.078125,0.171875,121,0.6611570247933884
detailed,regular_test,augmented_price,233,schedule,tenor_months,-3.0,128,128,83.61603227391873,109.44009599987278,0.9342044488819782,22.56797191815197,30.94043965809395,8.04478084561964,0.0390625,0.1875,0.3671875,120,0.65
detailed,regular_test,augmented_price,233,schedule,tenor_months,-1.0,128,128,83.17069181242448,107.81345991658932,0.942545045005702,7.264292515359997,9.963564967341364,2.6335502075831227,0.109375,0.5,0.734375,111,0.6576576576576577
detailed,regular_test,augmented_price,233,schedule,tenor_months,1.0,128,128,84.11626162934292,109.3967915856816,0.946133915240101,7.521285592076176,10.253409548900613,-2.5311333338056485,0.109375,0.46875,0.71875,105,0.638095238095238
detailed,regular_test,augmented_price,233,schedule,tenor_months,3.0,128,128,87.72285079485133,115.03919822574267,0.9455765891628959,22.522989932443338,30.845638557427936,-7.620620521766922,0.0234375,0.1953125,0.3515625,118,0.6694915254237288
detailed,regular_test,augmented_price,233,schedule,tenor_months,6.0,128,128,96.79764723266511,128.64551886370336,0.9398261267074822,44.235860289495506,60.76126239445276,-14.537259811054856,0.0078125,0.078125,0.1953125,122,0.6557377049180327
detailed,regular_test,augmented_price,233,schedule,tenor_months,12.0,128,128,122.14696246884989,166.5229223027192,0.918737174365799,85.09513377197311,117.45574965504566,-25.721085571984872,0.0,0.0390625,0.078125,123,0.6666666666666666
detailed,regular_test,augmented_price,233,terms,coupon_regular,-0.01,128,128,79.71417353484105,103.85748295586347,0.9494620350446207,10.321859514877964,13.720366964318764,-0.3634298077206554,0.078125,0.3203125,0.625,128,1.0
detailed,regular_test,augmented_price,233,terms,coupon_regular,-0.005,128,128,81.5028132338105,105.87759985475786,0.9472656188956379,5.201435304515425,6.947272576462216,-0.2984724867333688,0.1640625,0.609375,0.8515625,128,1.0
detailed,regular_test,augmented_price,233,terms,coupon_regular,-0.0025,128,128,82.44504648854175,107.0857823339616,0.9459949627551613,2.6130388227142713,3.499011236192846,-0.17723179995952024,0.28125,0.8515625,1.0,128,1.0
detailed,regular_test,augmented_price,233,terms,coupon_regular,-0.001,128,128,83.05420504008728,107.8724162050322,0.9451775969588676,1.0484127594843986,1.4061468913210382,-0.07745761281218608,0.6015625,1.0,1.0,128,1.0
detailed,regular_test,augmented_price,233,terms,coupon_regular,0.001,128,128,83.97506889022856,108.9923767151369,0.9440234245794122,1.0532210869217598,1.4153519164729214,0.08582088953227615,0.59375,1.0,1.0,128,1.0
detailed,regular_test,augmented_price,233,terms,coupon_regular,0.0025,128,128,84.69846536682843,109.88494863365209,0.9431095887307068,2.64440503702508,3.556446922307399,0.2302799338096917,0.2890625,0.8515625,0.9921875,128,1.0
detailed,regular_test,augmented_price,233,terms,coupon_regular,0.005,128,128,85.94008844934987,111.472069356657,0.9414938547334057,5.329639255721507,7.176827908402653,0.5107581543912743,0.1875,0.59375,0.84375,128,1.0
detailed,regular_test,augmented_price,233,terms,coupon_regular,0.01,128,128,88.51092028173409,115.01472073232719,0.9379111460412382,10.828035737488605,14.631662388441747,1.210230202076891,0.1171875,0.3046875,0.59375,128,1.0
detailed,regular_test,augmented_price,233,terms,first_strike,-0.05,128,128,67.18078100344187,89.52000880634877,0.9475869744338741,42.83197554074238,61.57627193591113,-15.709393076974049,0.0234375,0.0859375,0.2109375,122,0.7540983606557377
detailed,regular_test,augmented_price,233,terms,first_strike,-0.025,128,128,74.42829763749322,95.92856364284222,0.9495660081978721,20.67257589079206,29.58471134569477,-5.634675259057177,0.03125,0.2265625,0.375,119,0.7563025210084033
detailed,regular_test,augmented_price,233,terms,first_strike,-0.01,128,128,79.58190808612018,103.09284214295245,0.9469589955827843,8.104516271018067,11.406356123892342,-1.7394764805246745,0.1328125,0.4765625,0.71875,118,0.7542372881355932
detailed,regular_test,augmented_price,233,terms,first_strike,-0.005,128,128,81.5189903484983,105.72663309373719,0.9458233543893355,3.9878394959946664,5.657960915165431,-0.8077501785756125,0.234375,0.7265625,0.8828125,111,0.7747747747747747
detailed,regular_test,augmented_price,233,terms,first_strike,0.005,128,128,85.67745499809737,111.14716916900738,0.9433419518529963,3.9287571469867055,5.486618756637073,0.6689050718122529,0.203125,0.734375,0.921875,118,0.7711864406779662
detailed,regular_test,augmented_price,233,terms,first_strike,0.01,128,128,87.56514290020189,113.70993447392172,0.9422047143057275,7.635458502975757,10.616997861830761,1.1842748348533731,0.1171875,0.4921875,0.7578125,121,0.7603305785123967
detailed,regular_test,augmented_price,233,terms,first_strike,0.025,128,128,92.46379179440981,121.02464966698648,0.9388643288414784,17.965595021067422,24.69531858863685,1.746253423524943,0.0546875,0.203125,0.4609375,125,0.752
detailed,regular_test,augmented_price,233,terms,first_strike,0.05,128,128,98.83868276322463,130.75572931318007,0.9347100368123141,33.0995982845517,44.658117611314076,0.39172153453366876,0.0234375,0.109375,0.1953125,123,0.7317073170731707
detailed,regular_test,augmented_price,233,terms,ki_barrier,-0.05,64,64,78.89887822543764,105.92936670383219,0.923710691332302,31.187077019417025,43.489656750966105,-3.987880820320855,0.03125,0.1875,0.296875,53,1.0
detailed,regular_test,augmented_price,233,terms,ki_barrier,-0.025,64,64,76.51938666247361,103.30922944824283,0.930864665601078,15.3838977675811,21.541799521098966,-1.604198597750158,0.015625,0.25,0.4375,49,1.0
detailed,regular_test,augmented_price,233,terms,ki_barrier,-0.01,64,64,75.54566688870241,101.73669657781346,0.9345205953840745,6.049505302021754,8.544058338428956,-0.45407596596635624,0.09375,0.53125,0.859375,43,1.0
detailed,regular_test,augmented_price,233,terms,ki_barrier,-0.005,64,64,75.13475518317756,101.20880438007183,0.9356335501367581,3.0127224132041315,4.2523308894089125,-0.0642879291859686,0.1875,0.859375,0.953125,35,1.0
detailed,regular_test,augmented_price,233,terms,ki_barrier,0.005,64,64,74.4589122530557,100.0992546615478,0.9378587749838744,3.026479404569413,4.264491896458385,0.09453727543081547,0.25,0.859375,0.953125,35,1.0
detailed,regular_test,augmented_price,233,terms,ki_barrier,0.01,64,64,74.18687777276743,99.78395917041775,0.9386386103625339,5.9888979605333095,8.564494436544498,0.10871626377376131,0.078125,0.5625,0.875,43,1.0
detailed,regular_test,augmented_price,233,terms,ki_barrier,0.025,64,64,72.24127556527809,98.08073890518779,0.9415849776160424,14.591197918630357,21.216123974751255,-0.6025095663199633,0.078125,0.234375,0.484375,51,1.0
detailed,regular_test,augmented_price,233,terms,ki_barrier,0.05,64,64,68.84930865946559,95.31689258796169,0.9457172441512427,29.604934780740756,41.96570379529397,-4.227921651083008,0.03125,0.109375,0.203125,54,1.0
detailed,regular_test,augmented_price,233,terms,last_strike,-0.05,128,128,84.74995847613266,107.968127264893,0.940364176811586,26.22959332300058,42.98056906915881,-10.20050559322523,0.03125,0.234375,0.4375,95,0.9894736842105263
detailed,regular_test,augmented_price,233,terms,last_strike,-0.025,128,128,84.23306618794768,107.02407686701194,0.9437954350407769,12.68373841743491,20.729610917115966,-3.96134287646196,0.078125,0.453125,0.6484375,88,0.9886363636363636
detailed,regular_test,augmented_price,233,terms,last_strike,-0.01,128,128,83.9447456143121,107.6214632881012,0.9445672551597207,5.005063731605873,8.136543418918608,-1.3238096162910238,0.1953125,0.6953125,0.8359375,80,0.9875
detailed,regular_test,augmented_price,233,terms,last_strike,-0.005,128,128,83.76410319304671,107.99693871305382,0.944612659669495,2.50746486440772,4.057196827652094,-0.6311839170446669,0.484375,0.8359375,0.953125,64,0.984375
detailed,regular_test,augmented_price,233,terms,last_strike,0.005,128,128,83.33010002057546,108.93217303218462,0.9445263053976841,2.5088516352693544,4.096921357833233,0.5872644779109253,0.4609375,0.84375,0.953125,62,1.0
detailed,regular_test,augmented_price,233,terms,last_strike,0.01,128,128,83.29000097476583,109.33312902550479,0.9445243991852499,4.988935918448263,8.088746410401306,0.9949294576545546,0.2109375,0.7109375,0.84375,80,0.9875
detailed,regular_test,augmented_price,233,terms,last_strike,0.025,128,128,83.19585006915827,111.07046300574756,0.9439846065671494,12.24804067265938,19.670523042915057,1.7736572606153844,0.078125,0.4609375,0.6640625,88,0.9886363636363636
detailed,regular_test,augmented_price,233,terms,last_strike,0.05,128,128,82.74851750818266,114.61106902786814,0.9423306073368717,24.162858455286305,38.093544704881985,1.221159395080179,0.0390625,0.1875,0.4296875,91,0.989010989010989
detailed,regular_test,augmented_price,47,schedule,nobs_early,1.0,81,81,108.69102542148676,142.63192417671252,0.8711810143674864,86.85344904549667,114.03592776942227,19.252878857194414,0.0,0.09876543209876543,0.1728395061728395,77,0.7142857142857143
detailed,regular_test,augmented_price,47,schedule,nobs_late,1.0,81,81,141.7918303787026,187.1883029308001,0.8720831628401435,121.29778888174143,161.29430485207624,-83.36395989374952,0.012345679012345678,0.024691358024691357,0.08641975308641975,72,0.5416666666666666
detailed,regular_test,augmented_price,47,schedule,nobs_middle,1.0,81,81,174.47674108044328,243.25295707610795,0.7841661790026961,155.10139405871314,228.4324834887542,-131.69722211428154,0.012345679012345678,0.04938271604938271,0.06172839506172839,64,0.46875
detailed,regular_test,augmented_price,47,schedule,tenor_months,-12.0,128,128,106.89950130679111,148.92966005418435,0.774823556498047,86.80852355705687,131.1725598271858,8.395882307664106,0.0234375,0.09375,0.1484375,123,0.7560975609756098
detailed,regular_test,augmented_price,47,schedule,tenor_months,-6.0,128,128,83.12268416555199,112.20434820299336,0.9174675742797017,46.83478291027892,71.34093344693976,8.102049236071226,0.0234375,0.15625,0.25,121,0.7272727272727273
detailed,regular_test,augmented_price,47,schedule,tenor_months,-3.0,128,128,73.74878207016584,99.95208463863044,0.9451183308874676,24.014977677161575,36.80909479128651,5.237709413148364,0.078125,0.25,0.4140625,120,0.7166666666666667
detailed,regular_test,augmented_price,47,schedule,tenor_months,-1.0,128,128,73.33903346921716,97.39280476181695,0.9531148545309998,7.935456580180029,12.104507496090392,1.9847909021059804,0.1640625,0.5546875,0.7265625,111,0.7117117117117117
detailed,regular_test,augmented_price,47,schedule,tenor_months,1.0,128,128,76.69763784172855,100.16468162294207,0.9548419198740599,8.311167042706632,12.442243415205478,-2.136704253617374,0.15625,0.5078125,0.7109375,105,0.6761904761904762
detailed,regular_test,augmented_price,47,schedule,tenor_months,3.0,128,128,82.36947095734226,109.33750492189277,0.9508376785342844,25.66840314409757,38.220838173481404,-7.142069730026503,0.0234375,0.21875,0.421875,118,0.7203389830508474
detailed,regular_test,augmented_price,47,schedule,tenor_months,6.0,128,128,94.14876550701892,131.35467940235282,0.9372650236089578,51.71185162216271,76.4367534625841,-15.564317689727929,0.03125,0.09375,0.203125,122,0.7049180327868853
detailed,regular_test,augmented_price,47,schedule,tenor_months,12.0,128,128,129.40381080883287,188.07568422600278,0.8963404849139376,104.44207022203504,150.20581549155247,-34.34571468953334,0.0,0.03125,0.0390625,123,0.6747967479674797
detailed,regular_test,augmented_price,47,terms,coupon_regular,-0.01,128,128,71.7894603993301,95.82196680376958,0.9569798098714826,10.081773346715805,13.975085889319706,3.337958096863752,0.1171875,0.359375,0.6328125,128,1.0
detailed,regular_test,augmented_price,47,terms,coupon_regular,-0.005,128,128,72.90433880926547,96.82738853352488,0.9558955799244231,5.036742815483592,6.987118783556982,1.4719437879334176,0.1875,0.640625,0.8671875,128,1.0
detailed,regular_test,augmented_price,47,terms,coupon_regular,-0.0025,128,128,73.77700909979805,97.54198723113689,0.9551921773444915,2.5245227933471863,3.4997221144282875,0.6887445262080631,0.3203125,0.8671875,0.96875,128,1.0
detailed,regular_test,augmented_price,47,terms,coupon_regular,-0.001,128,128,74.34828645847094,98.03622516391184,0.9547195831413993,1.0114406614122018,1.402106820078688,0.2643983080390445,0.640625,0.9921875,1.0,128,1.0
detailed,regular_test,augmented_price,47,terms,coupon_regular,0.001,128,128,75.12060728045125,98.77037382900828,0.9540307440607785,1.013638582688157,1.406114400854341,-0.25003731393843076,0.6328125,0.9921875,1.0,128,1.0
detailed,regular_test,augmented_price,47,terms,coupon_regular,0.0025,128,128,75.72343239782083,99.37699583654778,0.9534698575453112,2.5378031205675873,3.5242216437114426,-0.5986344105010688,0.2890625,0.8671875,0.96875,128,1.0
detailed,regular_test,augmented_price,47,terms,coupon_regular,0.005,128,128,76.75558386566513,100.4937752993365,0.9524503108528238,5.0879945297621525,7.084500455065096,-1.1119876128444814,0.171875,0.6171875,0.859375,128,1.0
detailed,regular_test,augmented_price,47,terms,coupon_regular,0.01,128,128,78.95787408406207,103.12425833421462,0.9500853004357964,10.246248155942688,14.357099112975613,-1.9031299421210495,0.09375,0.359375,0.6171875,128,1.0
detailed,regular_test,augmented_price,47,terms,first_strike,-0.05,128,128,65.3643881511957,89.07479647310427,0.9481070123471952,43.79758017742442,63.60290549059994,-15.873408295589583,0.0390625,0.109375,0.2421875,122,0.7459016393442623
detailed,regular_test,augmented_price,47,terms,first_strike,-0.025,128,128,66.01268873516054,88.52893953283065,0.9570465567235248,21.356936643979907,30.7249301886456,-6.840682113829745,0.03125,0.2421875,0.4296875,119,0.7394957983193278
detailed,regular_test,augmented_price,47,terms,first_strike,-0.01,128,128,71.09989197204534,93.61597085503915,0.9562624345728221,8.390012023185678,11.895852828536906,-2.497493893842832,0.09375,0.4921875,0.6875,118,0.7288135593220338
detailed,regular_test,augmented_price,47,terms,first_strike,-0.005,128,128,72.92791192834463,95.89531407735394,0.9554304674332601,4.166761122611069,5.92306726305361,-1.232917560339071,0.2421875,0.6875,0.8984375,111,0.7477477477477478
detailed,regular_test,augmented_price,47,terms,first_strike,0.005,128,128,76.59900790884288,101.03619864056638,0.9531813600913386,4.0735977891294555,5.768795755435975,1.1866179778152515,0.265625,0.6953125,0.90625,118,0.7288135593220338
detailed,regular_test,augmented_price,47,terms,first_strike,0.01,128,128,78.35558911562839,103.69412685698336,0.9519377703314771,7.940166232548149,11.226097485593462,2.3119528044879063,0.109375,0.5,0.703125,121,0.7272727272727273
detailed,regular_test,augmented_price,47,terms,first_strike,0.025,128,128,84.1161866668094,111.86736181376895,0.9477659370203372,18.81035243675402,26.409740643656683,5.254126466942873,0.0390625,0.25,0.46875,125,0.744
detailed,regular_test,augmented_price,47,terms,first_strike,0.05,128,128,93.51013185652036,124.85439805409948,0.9404704418194271,35.12718486202192,48.84374271340616,9.649896803302934,0.0234375,0.109375,0.2265625,123,0.7398373983739838
detailed,regular_test,augmented_price,47,terms,ki_barrier,-0.05,64,64,67.90602842692536,93.5277585237895,0.9405280771953018,30.137621848678783,41.20874972694798,-2.7054962012040713,0.046875,0.15625,0.265625,53,1.0
detailed,regular_test,augmented_price,47,terms,ki_barrier,-0.025,64,64,65.59994930571548,88.33850209316587,0.9494499156014795,14.589005875517707,20.259481630457948,-0.9906991649479573,0.03125,0.296875,0.5,49,1.0
detailed,regular_test,augmented_price,47,terms,ki_barrier,-0.01,64,64,65.36551291356287,86.03588763911671,0.9531716618683324,5.711448910922695,8.001888342399928,-0.21602060266889378,0.09375,0.59375,0.84375,43,1.0
detailed,regular_test,augmented_price,47,terms,ki_barrier,-0.005,64,64,65.29007380373974,85.4096933125026,0.9541607722727738,2.844821999661875,3.97760858757651,0.05351506327714323,0.28125,0.828125,0.953125,35,1.0
detailed,regular_test,augmented_price,47,terms,ki_barrier,0.005,64,64,65.02582915797802,84.44138955374518,0.9557789688064878,2.840849448825479,3.954238909674347,-0.020695266726357686,0.28125,0.84375,0.953125,35,1.0
detailed,regular_test,augmented_price,47,terms,ki_barrier,0.01,64,64,64.93301043875105,84.30749756377288,0.9561967715727328,5.637142875213884,7.9288688791479975,-0.11905729829994627,0.09375,0.5625,0.828125,43,1.0
detailed,regular_test,augmented_price,47,terms,ki_barrier,0.025,64,64,65.27259481266348,83.82100380793285,0.9573358788039299,13.771569393664656,19.507108858114293,-1.151282080186388,0.078125,0.28125,0.53125,51,1.0
detailed,regular_test,augmented_price,47,terms,ki_barrier,0.05,64,64,66.00639223620995,84.81802883198475,0.9570168254517966,27.727909344827278,38.35721532185483,-5.251957388001458,0.0625,0.125,0.25,54,1.0
detailed,regular_test,augmented_price,47,terms,last_strike,-0.05,128,128,78.820494967358,105.98835676335712,0.9425311641958144,24.292492469201754,38.920285873751126,-8.566900604769458,0.0234375,0.203125,0.40625,95,0.9894736842105263
detailed,regular_test,augmented_price,47,terms,last_strike,-0.025,128,128,76.42668176692538,100.71321992405376,0.9502284034851766,11.798908773146248,18.760157517524473,-3.0334335990824464,0.0546875,0.4375,0.6484375,88,0.9886363636363636
detailed,regular_test,augmented_price,47,terms,last_strike,-0.01,128,128,75.36094776688554,99.03485423535629,0.9530598220223866,4.6362623504187646,7.379664282856838,-0.9268566519255412,0.203125,0.703125,0.859375,80,0.9875
detailed,regular_test,augmented_price,47,terms,last_strike,-0.005,128,128,75.05655567670237,98.68021380170197,0.9537568101165015,2.328424648210517,3.6789919515764056,-0.42841170948651197,0.4140625,0.859375,0.96875,64,0.984375
detailed,regular_test,augmented_price,47,terms,last_strike,0.005,128,128,74.63765940080751,98.14804575430628,0.9549662543919761,2.3432661572335265,3.7327268563410336,0.3762873184704079,0.40625,0.8671875,0.9609375,62,1.0
detailed,regular_test,augmented_price,47,terms,last_strike,0.01,128,128,74.51812122592989,97.89578604830959,0.9555239248550387,4.644464425161017,7.366967762309121,0.5647375906010453,0.234375,0.7109375,0.8671875,80,0.9875
detailed,regular_test,augmented_price,47,terms,last_strike,0.025,128,128,74.32230341637094,98.00176273192291,0.9563908119475723,11.449503736778174,17.93694898806786,0.6380071697421434,0.0859375,0.40625,0.671875,88,0.9886363636363636
detailed,regular_test,augmented_price,47,terms,last_strike,0.05,128,128,74.87776985178957,99.72134907882896,0.9563415270391565,22.74865845789865,34.96081014336651,-1.2401771580165917,0.046875,0.1875,0.4140625,91,0.989010989010989
detailed,regular_test,augmented_price,ensemble,schedule,nobs_early,1.0,81,81,95.62069015529042,124.65810406794208,0.9016017379897625,73.50263680747521,94.30844184533264,7.144175648145534,0.0,0.037037037037037035,0.08641975308641975,77,0.7532467532467533
detailed,regular_test,augmented_price,ensemble,schedule,nobs_late,1.0,81,81,115.31580096533037,162.33307960491092,0.903797943922265,102.14336267206077,149.61254479200832,-82.97592139193145,0.0,0.012345679012345678,0.09876543209876543,72,0.5555555555555556
detailed,regular_test,augmented_price,ensemble,schedule,nobs_middle,1.0,81,81,147.437398122938,224.35741184024897,0.8163951769895984,139.30892821925133,224.7639486445615,-125.1818383938837,0.0,0.037037037037037035,0.13580246913580246,64,0.546875
detailed,regular_test,augmented_price,ensemble,schedule,tenor_months,-12.0,128,128,100.07968873464729,138.29951587451416,0.8058211705312813,81.39412684508015,117.6414032943181,18.206198373611333,0.0234375,0.0859375,0.1171875,123,0.7398373983739838
detailed,regular_test,augmented_price,ensemble,schedule,tenor_months,-6.0,128,128,77.79296548254834,108.33072082088538,0.9230677381726959,42.48504811414499,61.96361356457316,10.53903170384188,0.0390625,0.1171875,0.2421875,121,0.7355371900826446
detailed,regular_test,augmented_price,ensemble,schedule,tenor_months,-3.0,128,128,74.03055042147544,99.59958210416316,0.9455047523160898,21.713107825256536,31.580204251561906,5.751267068264326,0.0390625,0.234375,0.4375,120,0.7083333333333334
detailed,regular_test,augmented_price,ensemble,schedule,tenor_months,-1.0,128,128,74.43502672611982,97.8808136093097,0.9526438199508785,6.993886902849639,10.255486683130297,2.0074515325507556,0.171875,0.5234375,0.7578125,111,0.7117117117117117
detailed,regular_test,augmented_price,ensemble,schedule,tenor_months,1.0,128,128,76.34471179243823,99.92405965629062,0.9550586224950823,7.392968725279067,10.62199787638413,-2.0114398151272463,0.1484375,0.5234375,0.7421875,105,0.6952380952380952
detailed,regular_test,augmented_price,ensemble,schedule,tenor_months,3.0,128,128,81.46449880036906,106.69042863198746,0.9531893163403237,22.331133437912236,32.341301046436705,-6.301588359338924,0.0546875,0.2265625,0.421875,118,0.7033898305084746
detailed,regular_test,augmented_price,ensemble,schedule,tenor_months,6.0,128,128,91.25053533025545,123.18989274237569,0.9448216390855089,44.30612688606122,64.18824921993578,-12.678690750292109,0.046875,0.1328125,0.2421875,122,0.6967213114754098
detailed,regular_test,augmented_price,ensemble,schedule,tenor_months,12.0,128,128,117.33025064070983,166.8650324289129,0.9184029333781962,86.92808686943677,124.72601770736799,-24.29095904403961,0.015625,0.0546875,0.1171875,123,0.7073170731707317
detailed,regular_test,augmented_price,ensemble,terms,coupon_regular,-0.01,128,128,71.78915003383739,94.60782529335077,0.9580631039386298,9.276896732986888,12.804252106649344,0.3124045972049392,0.1015625,0.40625,0.6484375,128,1.0
detailed,regular_test,augmented_price,ensemble,terms,coupon_regular,-0.005,128,128,73.35433038335609,96.3939491322254,0.9562895553653679,4.678966968649133,6.469221181107546,-0.003986736435564936,0.1796875,0.65625,0.875,128,1.0
detailed,regular_test,augmented_price,ensemble,terms,coupon_regular,-0.0025,128,128,74.26092940341516,97.47832574746218,0.9552506465573597,2.3528145908781686,3.2565332613047016,-0.04011938611592028,0.34375,0.8671875,0.9765625,128,1.0
detailed,regular_test,augmented_price,ensemble,terms,coupon_regular,-0.001,128,128,74.81967594976673,98.18820822491496,0.9545790801644761,0.9443640449431902,1.3084856404979945,-0.024943437238085647,0.65625,1.0,1.0,128,1.0
detailed,regular_test,augmented_price,ensemble,terms,coupon_regular,0.001,128,128,75.57161021548447,99.20276104544233,0.9536273837295814,0.9497065311271736,1.3170453837237324,0.036384735067470704,0.6640625,1.0,1.0,128,1.0
detailed,regular_test,augmented_price,ensemble,terms,coupon_regular,0.0025,128,128,76.16981247062137,100.01418657542696,0.9528712556905672,2.3860427751315934,3.309771460783176,0.11214011301549356,0.328125,0.8671875,0.9765625,128,1.0
detailed,regular_test,augmented_price,ensemble,terms,coupon_regular,0.005,128,128,77.18859087898286,101.46211562068882,0.9515295350450882,4.82457499473046,6.681484087058774,0.2921146579573775,0.1640625,0.6484375,0.8515625,128,1.0
detailed,regular_test,augmented_price,ensemble,terms,coupon_regular,0.01,128,128,79.33714519837221,104.7140192339428,0.9485344706592875,9.864470478965746,13.640893415934954,0.8380643880349297,0.09375,0.3828125,0.6484375,128,1.0
detailed,regular_test,augmented_price,ensemble,terms,first_strike,-0.05,128,128,57.03155448669248,81.00228448477425,0.9570865399513999,42.25720936349086,61.54781601187648,-16.212662722048986,0.0,0.1171875,0.2109375,122,0.7377049180327869
detailed,regular_test,augmented_price,ensemble,terms,first_strike,-0.025,128,128,63.983635972512886,85.6632240945842,0.9597823869084421,20.45676480786109,29.56764572520651,-6.555799851480565,0.0625,0.2109375,0.421875,119,0.7394957983193278
detailed,regular_test,augmented_price,ensemble,terms,first_strike,-0.01,128,128,70.43535776291235,92.94812033759595,0.9568842507804369,8.061692523205199,11.386649986883365,-2.271881000142276,0.0703125,0.5078125,0.71875,118,0.7203389830508474
detailed,regular_test,augmented_price,ensemble,terms,first_strike,-0.005,128,128,72.83426633799965,95.76318761167991,0.9555532003948961,3.9792998282074583,5.655603396111277,-1.101362037857398,0.21875,0.71875,0.8828125,111,0.7387387387387387
detailed,regular_test,augmented_price,ensemble,terms,first_strike,0.005,128,128,77.42592277772386,101.68072089918478,0.9525821312398204,3.9268409760565413,5.494731699518267,1.0173407866532374,0.2109375,0.734375,0.90625,118,0.7372881355932204
detailed,regular_test,augmented_price,ensemble,terms,first_strike,0.01,128,128,79.58315710613704,104.57069355424002,0.9511217584556096,7.629649386796563,10.64418071107058,1.935709349773397,0.078125,0.5234375,0.734375,121,0.7272727272727273
detailed,regular_test,augmented_price,ensemble,terms,first_strike,0.025,128,128,85.42469256488425,113.01344422755534,0.9466901773624192,17.902193985257558,24.7889212051933,4.030593673520423,0.0390625,0.2421875,0.4609375,125,0.72
detailed,regular_test,augmented_price,ensemble,terms,first_strike,0.05,128,128,93.33307651336281,125.13463735159495,0.9402029102942996,32.86422537266694,44.992092018304575,6.2678237088554845,0.0234375,0.1171875,0.21875,123,0.7235772357723578
detailed,regular_test,augmented_price,ensemble,terms,ki_barrier,-0.05,64,64,65.2687546779274,91.90713859760123,0.9425712428036903,30.782330002483,42.57356997111598,-4.404098192142206,0.0,0.140625,0.328125,53,1.0
detailed,regular_test,augmented_price,ensemble,terms,ki_barrier,-0.025,64,64,66.01219038357976,89.10327316823611,0.9485708745628041,14.913974179611163,20.92861095772024,-1.8230687160102979,0.015625,0.265625,0.46875,49,1.0
detailed,regular_test,augmented_price,ensemble,terms,ki_barrier,-0.01,64,64,66.19524018846016,87.94233392380482,0.9510733554043184,5.844294581522392,8.258097506628719,-0.544231095597514,0.078125,0.59375,0.84375,43,1.0
detailed,regular_test,augmented_price,ensemble,terms,ki_barrier,-0.005,64,64,66.07078465015078,87.63097210399489,0.9517454548509113,2.9096933011830783,4.102457279153406,-0.10974267964422368,0.234375,0.84375,0.953125,35,1.0
detailed,regular_test,augmented_price,ensemble,terms,ki_barrier,0.005,64,64,65.84223303413754,87.09196400440278,0.9529592441058559,2.8866071335507653,4.093498771099008,0.14087367792659267,0.265625,0.84375,0.96875,35,1.0
detailed,regular_test,augmented_price,ensemble,terms,ki_barrier,0.01,64,64,65.71949557473708,87.1262938577669,0.9532187088182279,5.706095687251045,8.21053544830848,0.2022924516625887,0.171875,0.59375,0.84375,43,1.0
detailed,regular_test,augmented_price,ensemble,terms,ki_barrier,0.025,64,64,65.27756763976016,86.70882456771602,0.9543454898589814,13.942058928906903,20.215824313517253,-0.3621662538972923,0.046875,0.296875,0.5,51,1.0
detailed,regular_test,augmented_price,ensemble,terms,ki_barrier,0.05,64,64,64.81253333548712,86.7446863069045,0.9550419052176923,27.918526906712785,39.6549177630074,-3.725988453902464,0.015625,0.125,0.25,54,1.0
detailed,regular_test,augmented_price,ensemble,terms,last_strike,-0.05,128,128,76.28883282230362,101.6567398367027,0.9471325410503739,24.745638527052385,40.59656103507919,-10.125153835917335,0.046875,0.25,0.453125,95,0.9894736842105263
detailed,regular_test,augmented_price,ensemble,terms,last_strike,-0.025,128,128,75.83357075477137,98.83341610370826,0.9520690294674408,11.965604564490995,19.533065314437184,-3.855094492741186,0.09375,0.453125,0.65625,88,0.9886363636363636
detailed,regular_test,augmented_price,ensemble,terms,last_strike,-0.01,128,128,75.04530978975829,98.47391315800773,0.9535900616985279,4.700692695589092,7.666525036217115,-1.2654110342496558,0.21875,0.71875,0.8515625,80,0.9875
detailed,regular_test,augmented_price,ensemble,terms,last_strike,-0.005,128,128,74.94506257689034,98.55529705657324,0.9538738121445665,2.365206877803661,3.820465787795171,-0.5993451026270215,0.453125,0.8359375,0.96875,64,0.984375
detailed,regular_test,augmented_price,ensemble,terms,last_strike,0.005,128,128,75.43801868192358,98.87948572442733,0.9542925329616342,2.3705136922466092,3.8696312695835493,0.5503437466446407,0.4453125,0.84375,0.953125,62,1.0
detailed,regular_test,augmented_price,ensemble,terms,last_strike,0.01,128,128,75.51813627845613,98.99104290123833,0.9545231621713296,4.71738442796239,7.634068916360405,0.9160153914988838,0.2109375,0.734375,0.84375,80,0.9875
detailed,regular_test,augmented_price,ensemble,terms,last_strike,0.025,128,128,75.69749427896501,100.03200370992893,0.9545652479477531,11.545224141644756,18.54827332172203,1.5392744126704963,0.1015625,0.421875,0.6640625,88,0.9886363636363636
detailed,regular_test,augmented_price,ensemble,terms,last_strike,0.05,128,128,75.68769987521574,102.73641926908847,0.9536615928872652,22.780123897207545,35.98304065111362,0.6348980431769631,0.0546875,0.2421875,0.4140625,91,0.989010989010989
detailed,regular_test,prior_frozen_affine_coupon_delta,ensemble,schedule,nobs_early,1.0,81,81,135.89993529233598,177.38181704925657,0.8007654782764759,131.03466571227796,166.64846440227686,63.39966977373155,0.0,0.0,0.037037037037037035,77,0.6883116883116883
detailed,regular_test,prior_frozen_affine_coupon_delta,ensemble,schedule,nobs_late,1.0,81,81,246.5596595507232,333.2810821786778,0.5944992850403674,217.64205588829066,298.6253053897105,-206.08403415491634,0.0,0.012345679012345678,0.06172839506172839,72,0.5416666666666666
detailed,regular_test,prior_frozen_affine_coupon_delta,ensemble,schedule,nobs_middle,1.0,81,81,241.84652202590925,322.75014502010595,0.6200415261487511,219.20796141548385,291.36234422618287,-182.68021445920445,0.0,0.012345679012345678,0.024691358024691357,64,0.5625
detailed,regular_test,prior_frozen_affine_coupon_delta,ensemble,schedule,tenor_months,-12.0,128,128,215.12772604259663,285.1047654613326,0.17478044246407531,201.05526162341246,270.97023875219594,160.8769533377644,0.0,0.015625,0.046875,123,0.5853658536585366
detailed,regular_test,prior_frozen_affine_coupon_delta,ensemble,schedule,tenor_months,-6.0,128,128,141.7323454904552,192.57600239884346,0.7568862236161558,114.59850222127207,157.2403100277237,93.4307362184646,0.0,0.0234375,0.0703125,121,0.6033057851239669
detailed,regular_test,prior_frozen_affine_coupon_delta,ensemble,schedule,tenor_months,-3.0,128,128,104.87201113387478,145.84718015306547,0.8831470523949982,59.94578782133115,82.00888863000569,49.25369067011022,0.0,0.0703125,0.1328125,120,0.6
detailed,regular_test,prior_frozen_affine_coupon_delta,ensemble,schedule,tenor_months,-1.0,128,128,96.34974400421599,128.80373138530553,0.9179953629435053,19.864818214242476,27.06079560616293,16.52582673059702,0.03125,0.21875,0.40625,111,0.6036036036036037
detailed,regular_test,prior_frozen_affine_coupon_delta,ensemble,schedule,tenor_months,1.0,128,128,102.47502569611902,132.38292967099974,0.9211193981122756,20.02026188825677,27.332133400198035,-16.599187679552394,0.046875,0.2109375,0.421875,105,0.6
detailed,regular_test,prior_frozen_affine_coupon_delta,ensemble,schedule,tenor_months,3.0,128,128,123.28120227449318,156.3910774470066,0.8994185232941839,61.44724852924999,82.5924600876726,-50.533735794686244,0.0234375,0.0859375,0.15625,118,0.6186440677966102
detailed,regular_test,prior_frozen_affine_coupon_delta,ensemble,schedule,tenor_months,6.0,128,128,163.226346262356,210.33779988595276,0.8391380625264486,121.53771532244397,161.05065303290667,-99.01519293476258,0.0,0.046875,0.0703125,122,0.6147540983606558
detailed,regular_test,prior_frozen_affine_coupon_delta,ensemble,schedule,tenor_months,12.0,128,128,253.60498074797036,328.4332654626116,0.6838900627200346,230.96378911996896,299.37723545150277,-184.95750334485405,0.0,0.0078125,0.0234375,123,0.6422764227642277
detailed,regular_test,prior_frozen_affine_coupon_delta,ensemble,terms,coupon_regular,-0.01,128,128,97.0615232111764,125.279016221194,0.9264641981245539,14.672692881228606,25.594477711841712,-8.21802434632981,0.0703125,0.3515625,0.6015625,128,1.0
detailed,regular_test,prior_frozen_affine_coupon_delta,ensemble,terms,coupon_regular,-0.005,128,128,97.36399192211896,126.01913364983807,0.9252934540496275,7.336364290963577,12.797233143041037,-4.1090113970627105,0.1640625,0.6015625,0.8125,128,1.0
detailed,regular_test,prior_frozen_affine_coupon_delta,ensemble,terms,coupon_regular,-0.0025,128,128,97.51525732167624,126.87257866889499,0.9241935470464556,3.6681984436267387,6.398632744423039,-2.0545282054934293,0.2890625,0.8125,0.9296875,128,1.0
detailed,regular_test,prior_frozen_affine_coupon_delta,ensemble,terms,coupon_regular,-0.001,128,128,97.60600290201268,127.53608923331942,0.9233691846503054,1.467285896708658,2.5594351254908743,-0.8218047629392298,0.6015625,0.9296875,0.9921875,128,1.0
detailed,regular_test,prior_frozen_affine_coupon_delta,ensemble,terms,coupon_regular,0.001,128,128,97.75987250196766,128.59381442624894,0.9220790503298519,1.467265718052976,2.559453967832921,0.8217721666492568,0.6015625,0.9296875,0.9921875,128,1.0
detailed,regular_test,prior_frozen_affine_coupon_delta,ensemble,terms,coupon_regular,0.0025,128,128,97.99366969113899,129.51433537371557,0.9209688435743639,3.668159638519802,6.3986452848761335,2.054514235655057,0.2890625,0.8125,0.9296875,128,1.0
detailed,regular_test,prior_frozen_affine_coupon_delta,ensemble,terms,coupon_regular,0.005,128,128,98.62918461740102,131.2838168345789,0.9188493977174489,7.336323933652193,12.797250371068994,4.1089958750198425,0.1640625,0.6015625,0.8125,128,1.0
detailed,regular_test,prior_frozen_affine_coupon_delta,ensemble,terms,coupon_regular,0.01,128,128,100.46087918575412,135.66150789831278,0.9136186344668022,14.672683568003082,25.594483151650998,8.217987093426872,0.0703125,0.3515625,0.6015625,128,1.0
detailed,regular_test,prior_frozen_affine_coupon_delta,ensemble,terms,first_strike,-0.05,128,128,83.8779891795703,113.98835325086257,0.9150193679231253,32.29726380910906,46.969615145528415,0.9614843474052077,0.046875,0.140625,0.2578125,122,0.7786885245901639
detailed,regular_test,prior_frozen_affine_coupon_delta,ensemble,terms,first_strike,-0.025,128,128,87.95604269560026,118.38816475343071,0.9231853534719019,16.202915973835772,23.518359205965968,0.9863856338824413,0.0703125,0.2890625,0.4375,119,0.7563025210084033
detailed,regular_test,prior_frozen_affine_coupon_delta,ensemble,terms,first_strike,-0.01,128,128,93.52401212608301,123.66441001811809,0.9236789786104139,6.338148280290807,9.240709718288434,0.4428513512602986,0.1640625,0.5078125,0.8203125,118,0.7627118644067796
detailed,regular_test,prior_frozen_affine_coupon_delta,ensemble,terms,first_strike,-0.005,128,128,95.5237136724898,125.75636913619988,0.9233515658252734,3.224573029774957,4.655043905960162,0.2022924366592913,0.2734375,0.796875,0.953125,111,0.7837837837837838
detailed,regular_test,prior_frozen_affine_coupon_delta,ensemble,terms,first_strike,0.005,128,128,99.6799951236708,130.4097322970258,0.9220017598680521,3.1039953056920186,4.513318965921033,-0.17506410191719293,0.3046875,0.796875,0.953125,118,0.7711864406779662
detailed,regular_test,prior_frozen_affine_coupon_delta,ensemble,terms,first_strike,0.01,128,128,101.7593838613002,132.90414824164256,0.9210462668808687,6.118434652475912,8.831747841006166,-0.33464243515132386,0.1328125,0.5234375,0.8046875,121,0.7520661157024794
detailed,regular_test,prior_frozen_affine_coupon_delta,ensemble,terms,first_strike,0.025,128,128,108.00544715007041,140.72971150189395,0.9173355823221173,15.011981560097247,21.12052096203639,-0.7644478826392442,0.0625,0.28125,0.4765625,125,0.744
detailed,regular_test,prior_frozen_affine_coupon_delta,ensemble,terms,first_strike,0.05,128,128,117.37803820156203,153.67560915285256,0.909814886639374,29.386002326302695,39.773328734698005,-0.3290429757998443,0.0234375,0.15625,0.296875,123,0.7235772357723578
detailed,regular_test,prior_frozen_affine_coupon_delta,ensemble,terms,ki_barrier,-0.05,64,64,129.53206633172314,172.91773190623937,0.7967128213636729,40.482543729034184,56.65506238278188,18.44329347283967,0.03125,0.171875,0.203125,53,1.0
detailed,regular_test,prior_frozen_affine_coupon_delta,ensemble,terms,ki_barrier,-0.025,64,64,118.04365295264247,158.64609182722893,0.8369651008788501,19.07334027375107,27.026305915272264,8.50312244605926,0.078125,0.296875,0.4375,49,1.0
detailed,regular_test,prior_frozen_affine_coupon_delta,ensemble,terms,ki_barrier,-0.01,64,64,113.10012339272365,151.27647075303193,0.8552254492070256,7.342774756089682,10.411089115853764,3.3167963637059312,0.125,0.515625,0.734375,43,1.0
detailed,regular_test,prior_frozen_affine_coupon_delta,ensemble,terms,ki_barrier,-0.005,64,64,111.94896550760706,148.99460992702262,0.8605032522500091,3.6625148139447354,5.2101945946060075,1.7755677566441999,0.28125,0.734375,0.90625,35,1.0
detailed,regular_test,prior_frozen_affine_coupon_delta,ensemble,terms,ki_barrier,0.005,64,64,109.8454290903577,144.8951299609916,0.8697955880579425,3.6009057039054024,5.062476680855798,-1.6537631924972676,0.265625,0.765625,0.9375,35,1.0
detailed,regular_test,prior_frozen_affine_coupon_delta,ensemble,terms,ki_barrier,0.01,64,64,108.71937002905567,143.0184510903979,0.8739456423448595,7.148392792487331,10.067432014672107,-3.296525031921405,0.125,0.515625,0.75,43,1.0
detailed,regular_test,prior_frozen_affine_coupon_delta,ensemble,terms,ki_barrier,0.025,64,64,105.62962695419084,137.75296693672541,0.884771737731558,16.916615369593714,23.813345508021847,-8.432616530033846,0.046875,0.265625,0.453125,51,1.0
detailed,regular_test,prior_frozen_affine_coupon_delta,ensemble,terms,ki_barrier,0.05,64,64,101.87629766379216,130.9906819744417,0.8974813347243532,31.727759067598598,44.57291882884873,-17.664711585916667,0.046875,0.140625,0.265625,54,1.0
detailed,regular_test,prior_frozen_affine_coupon_delta,ensemble,terms,last_strike,-0.05,128,128,102.8423481688278,134.57170580611395,0.9073546563810913,21.526447164636373,32.29157431735394,1.7568008216173405,0.046875,0.2265625,0.3984375,95,1.0
detailed,regular_test,prior_frozen_affine_coupon_delta,ensemble,terms,last_strike,-0.025,128,128,99.78759185010173,130.38649149505474,0.9165793041689555,10.686297708367267,15.709968541445784,1.6868817380986707,0.09375,0.359375,0.65625,88,1.0
detailed,regular_test,prior_frozen_affine_coupon_delta,ensemble,terms,last_strike,-0.01,128,128,98.22561540949722,128.80467125418622,0.9205979298187317,4.251677716588756,6.1671110774607625,0.8526027649408475,0.203125,0.7578125,0.8984375,80,1.0
detailed,regular_test,prior_frozen_affine_coupon_delta,ensemble,terms,last_strike,-0.005,128,128,97.95909528716712,128.39967620913745,0.9217083442336735,2.1302010578003268,3.0973788578004307,0.44307649411850997,0.3828125,0.90625,0.984375,64,1.0
detailed,regular_test,prior_frozen_affine_coupon_delta,ensemble,terms,last_strike,0.005,128,128,97.50928490833059,127.74257550983411,0.9237137805558558,2.164511332400188,3.125899421570618,-0.4585502374148809,0.359375,0.90625,0.9765625,62,1.0
detailed,regular_test,prior_frozen_affine_coupon_delta,ensemble,terms,last_strike,0.01,128,128,97.37008561724139,127.52293295925989,0.9245298792263392,4.275068053874008,6.131647869422133,-1.0681813235580297,0.21875,0.71875,0.890625,80,1.0
detailed,regular_test,prior_frozen_affine_coupon_delta,ensemble,terms,last_strike,0.025,128,128,97.30619532190534,127.24641792008825,0.9264807010610968,10.683708150757596,14.990168473513098,-3.1692208888343703,0.078125,0.3515625,0.625,88,1.0
detailed,regular_test,prior_frozen_affine_coupon_delta,ensemble,terms,last_strike,0.05,128,128,97.27985929616145,128.03201734657267,0.9280336580596882,21.702450906979518,29.314229164432888,-7.94855109453068,0.046875,0.1796875,0.3125,91,1.0
