payoff,cohort,model,seed,scope,axis,offset,n_rows,n_families,price_mae,price_rmse,price_r2,delta_mae,delta_rmse,delta_bias,within_1,within_5,within_10,resolved_n,resolved_sign
reference,monthly_test,affine_coupon_delta,101,schedule,nobs_early,1.0,128,128,142.74510843052832,175.91978118740516,0.8529236481114757,195.97632506963296,221.9014665776854,-193.6933586378497,0.0078125,0.015625,0.03125,119,0.3949579831932773
reference,monthly_test,affine_coupon_delta,101,schedule,nobs_late,1.0,128,128,486.0740716406003,542.3476432773717,-0.7993375311171294,545.6296032964954,591.1977998590448,-545.6296032964954,0.0,0.0,0.0,125,0.488
reference,monthly_test,affine_coupon_delta,101,schedule,nobs_middle,1.0,128,128,492.2814449591486,526.2762305020973,-0.5835120345993745,551.8369766150439,581.0209017252682,-551.8369766150439,0.0,0.0,0.0,121,0.5537190082644629
reference,monthly_test,affine_coupon_delta,101,schedule,tenor_months,-12.0,128,128,307.29733609919833,334.5691008039696,-0.17448922957804713,249.93192917097286,275.7161196345623,243.05515369065293,0.0,0.0,0.0078125,125,0.536
reference,monthly_test,affine_coupon_delta,101,schedule,tenor_months,-6.0,128,128,201.68824677747278,217.677548488334,0.6820557655135291,142.52573544060732,161.40479456320017,138.56427960725856,0.0,0.015625,0.015625,120,0.5583333333333333
reference,monthly_test,affine_coupon_delta,101,schedule,tenor_months,-3.0,128,128,116.1284818299376,133.80210114382825,0.899179418551694,65.03574324712099,78.48600042878061,48.64600930768211,0.0078125,0.0234375,0.046875,113,0.5309734513274337
reference,monthly_test,affine_coupon_delta,101,schedule,tenor_months,-1.0,128,128,99.15867232165847,113.85250800473518,0.9341054907931365,40.33469754217306,44.85520276511484,39.04803081293782,0.0,0.03125,0.0625,97,0.6185567010309279
reference,monthly_test,affine_coupon_delta,101,schedule,tenor_months,1.0,128,128,39.349505487771836,46.80766124224867,0.9898898042280804,40.95695990486426,43.55353728387797,-40.83441141266576,0.0,0.0078125,0.015625,96,0.65625
reference,monthly_test,affine_coupon_delta,101,schedule,tenor_months,3.0,128,128,64.15392594181732,79.44743572097423,0.9733437957754086,119.54869217199348,126.90227403270721,-119.54869217199348,0.0,0.0078125,0.015625,111,0.6216216216216216
reference,monthly_test,affine_coupon_delta,101,schedule,tenor_months,6.0,128,128,170.36975294581137,186.61943994031586,0.8694752356033416,227.90932683316078,241.39243646085623,-227.90932683316078,0.0,0.0,0.0,117,0.5897435897435898
reference,monthly_test,affine_coupon_delta,101,schedule,tenor_months,12.0,128,128,363.8008236469225,389.10429230278226,0.5376472000969033,422.50628385693165,446.66852021966855,-422.50628385693165,0.0,0.0,0.0,119,0.5882352941176471
reference,monthly_test,affine_coupon_delta,101,terms,coupon_regular,-0.01,128,128,61.80680386626623,76.49073217348639,0.9723630785731271,8.7388396570459,10.767576319521504,-1.5914952219463885,0.03125,0.234375,0.7578125,128,1.0
reference,monthly_test,affine_coupon_delta,101,terms,coupon_regular,-0.005,128,128,61.89628802807033,75.26982390363099,0.9729003545437311,4.369480032240972,5.3838623636944245,-0.79578933903637,0.046875,0.7578125,0.953125,128,1.0
reference,monthly_test,affine_coupon_delta,101,terms,coupon_regular,-0.0025,128,128,62.01121205511141,74.79733067201488,0.9730805071334363,2.1846934985369444,2.691913489944113,-0.39788589812815184,0.1875,0.953125,0.9921875,128,1.0
reference,monthly_test,affine_coupon_delta,101,terms,coupon_regular,-0.001,128,128,62.08012672157302,74.55902642416135,0.9731595877555304,0.873886989429593,1.0767793320351202,-0.1592285774337748,0.7578125,1.0,1.0,128,1.0
reference,monthly_test,affine_coupon_delta,101,terms,coupon_regular,0.001,128,128,62.219543492310876,74.2948233339549,0.9732305757439013,0.8739190804772078,1.0767620853623947,0.15911149590586612,0.7578125,1.0,1.0,128,1.0
reference,monthly_test,affine_coupon_delta,101,terms,coupon_regular,0.0025,128,128,62.34129159669196,74.1370999438687,0.9732577208657158,2.184723774747302,2.691892412638698,0.3978391328516105,0.1875,0.953125,0.9921875,128,1.0
reference,monthly_test,affine_coupon_delta,101,terms,coupon_regular,0.005,128,128,62.568947781358496,73.9519217510684,0.9732525724075008,4.369344232836738,5.383679931348402,0.7956978986815857,0.046875,0.7578125,0.953125,128,1.0
reference,monthly_test,affine_coupon_delta,101,terms,coupon_regular,0.01,128,128,63.1002494997577,73.87500632566368,0.9730498960749242,8.738811030983925,10.767522298656145,1.5914750679706533,0.03125,0.234375,0.7578125,128,1.0
reference,monthly_test,affine_coupon_delta,101,terms,first_strike,-0.05,128,128,33.719706572638174,42.41008256046508,0.9895966762622843,34.2517537724622,45.19691769185716,-30.084618290594033,0.0234375,0.125,0.2421875,126,0.6507936507936508
reference,monthly_test,affine_coupon_delta,101,terms,first_strike,-0.025,128,128,46.51510291691082,54.88681027985279,0.984283336504277,18.835362403698433,25.592391852039125,-15.845211993307506,0.0546875,0.28125,0.484375,128,0.640625
reference,monthly_test,affine_coupon_delta,101,terms,first_strike,-0.01,128,128,55.62514255765765,65.6686108785055,0.9785599784686378,7.945151464714096,10.938330160644083,-6.61203496528348,0.15625,0.5390625,0.6484375,124,0.6370967741935484
reference,monthly_test,affine_coupon_delta,101,terms,first_strike,-0.005,128,128,58.87056137234537,69.90735842004561,0.9760312927198311,4.037142235226687,5.583202702444689,-3.3481079269052616,0.3125,0.6484375,0.890625,123,0.6341463414634146
reference,monthly_test,affine_coupon_delta,101,terms,first_strike,0.005,128,128,65.52611075135155,79.15243487420612,0.9700338084231666,4.162373768461597,5.777185504060675,3.3364168486926546,0.265625,0.6484375,0.8671875,121,0.6363636363636364
reference,monthly_test,affine_coupon_delta,101,terms,first_strike,0.01,128,128,68.95290384710071,84.15037166205661,0.9664982198717911,8.350353662352669,11.729867208508292,6.737183139129533,0.15625,0.5703125,0.6484375,123,0.6260162601626016
reference,monthly_test,affine_coupon_delta,101,terms,first_strike,0.025,128,128,79.76848336802111,100.59369697856208,0.9534367067096213,21.47159117342138,30.625632823523517,17.29542684587068,0.109375,0.3203125,0.5,124,0.6129032258064516
reference,monthly_test,affine_coupon_delta,101,terms,first_strike,0.05,128,128,98.5136615690065,130.9659160768686,0.9235870984699432,44.68011249150186,64.20108287715863,34.73480846585578,0.0234375,0.171875,0.328125,124,0.6129032258064516
reference,monthly_test,affine_coupon_delta,101,terms,ki_barrier,-0.05,43,43,41.45089829288597,53.34930272078293,0.9866808000250861,33.53295539019182,38.943447499965224,-5.469563990946887,0.0,0.13953488372093023,0.18604651162790697,43,1.0
reference,monthly_test,affine_coupon_delta,101,terms,ki_barrier,-0.025,43,43,38.9429730244068,49.90823620209712,0.9890758665204011,17.404113201496674,19.697961696671797,-0.41324227222407406,0.0,0.06976744186046512,0.3023255813953488,43,1.0
reference,monthly_test,affine_coupon_delta,101,terms,ki_barrier,-0.01,43,43,39.85612649342054,49.516023419069974,0.9895415447643577,7.28011002097019,8.276089312436712,0.2713371403226559,0.0,0.3023255813953488,0.6976744186046512,43,1.0
reference,monthly_test,affine_coupon_delta,101,terms,ki_barrier,-0.005,43,43,39.960148177391304,49.77322058462757,0.9895123614629807,3.634919102166512,4.1759684185930395,0.25737242314011544,0.06976744186046512,0.6976744186046512,1.0,43,1.0
reference,monthly_test,affine_coupon_delta,101,terms,ki_barrier,0.005,43,43,40.08682912332539,50.72362350692929,0.9892425792808732,3.708589602232904,4.427249641835451,-0.47315107124258354,0.18604651162790697,0.6511627906976745,1.0,42,1.0
reference,monthly_test,affine_coupon_delta,101,terms,ki_barrier,0.01,43,43,40.24100391591297,51.48357305885475,0.9889755977105278,7.477034549322701,8.959406953779345,-1.2320176241125245,0.11627906976744186,0.3953488372093023,0.6744186046511628,43,1.0
reference,monthly_test,affine_coupon_delta,101,terms,ki_barrier,0.025,43,43,45.05423800831366,55.3202372098293,0.9874014209345335,19.22333344141411,23.418835941811697,-4.752674417498038,0.06976744186046512,0.16279069767441862,0.27906976744186046,43,1.0
reference,monthly_test,affine_coupon_delta,101,terms,ki_barrier,0.05,43,43,58.42343098792252,68.24538389146323,0.9808696137741248,41.07660314440727,51.09206159728969,-15.774121363380157,0.023255813953488372,0.06976744186046512,0.20930232558139536,43,1.0
reference,monthly_test,affine_coupon_delta,101,terms,last_strike,-0.05,128,128,86.67837790347002,113.3851861870208,0.9337486538163763,32.87347500577259,44.19930694301774,24.650081223109737,0.0234375,0.1640625,0.34375,128,1.0
reference,monthly_test,affine_coupon_delta,101,terms,last_strike,-0.025,128,128,74.19550645155059,93.19196202081741,0.95678062160049,16.399139888507005,21.931200284561747,12.110329349292442,0.0859375,0.34375,0.5078125,128,1.0
reference,monthly_test,affine_coupon_delta,101,terms,last_strike,-0.01,128,128,66.92883993493746,81.64358267716462,0.9674032075356247,6.548386274293685,8.672205819933936,4.846964225250607,0.1875,0.5390625,0.6640625,128,1.0
reference,monthly_test,affine_coupon_delta,101,terms,last_strike,-0.005,128,128,64.46406662575313,77.96368982508982,0.970433497298671,3.270333101041615,4.318269743748209,2.4035650549146035,0.296875,0.6640625,1.0,127,1.0
reference,monthly_test,affine_coupon_delta,101,terms,last_strike,0.005,128,128,59.821282227529274,70.9709529721549,0.9757460738336197,3.219394264393486,4.26273847323947,-2.3494133770388244,0.3203125,0.6640625,1.0,126,1.0
reference,monthly_test,affine_coupon_delta,101,terms,last_strike,0.01,128,128,57.568053702538506,67.65001781755723,0.9780682640408872,6.438152836771526,8.49735206709099,-4.666177696839441,0.1796875,0.53125,0.6640625,128,1.0
reference,monthly_test,affine_coupon_delta,101,terms,last_strike,0.025,128,128,50.70848792790003,58.315565195681884,0.9839037049634947,15.69126683122401,20.781429843017428,-11.917301607764482,0.0859375,0.3359375,0.484375,128,1.0
reference,monthly_test,affine_coupon_delta,101,terms,last_strike,0.05,128,128,39.568523342532856,46.01709615400058,0.9901386112646514,30.304355055326596,39.77142620699307,-23.86378057378655,0.046875,0.203125,0.328125,128,1.0
reference,monthly_test,affine_coupon_delta,101,terms,monthly_barrier,-0.05,123,123,62.76796599661369,75.29410147136929,0.9725960933290603,3.232510109257892,4.645480856317503,-0.015419673144332761,0.3008130081300813,0.7723577235772358,0.926829268292683,0,
reference,monthly_test,affine_coupon_delta,101,terms,monthly_barrier,-0.025,123,123,62.364285457335114,74.96889890944644,0.9728323024070985,1.6115739093563421,2.3105334315358967,-0.014644328171644754,0.5365853658536586,0.926829268292683,1.0,0,
reference,monthly_test,affine_coupon_delta,101,terms,monthly_barrier,-0.01,123,123,62.16340326672381,74.81290161020435,0.9729452473255802,0.6431389630325441,0.9210153335034729,-0.007268859118950076,0.7804878048780488,1.0,1.0,0,
reference,monthly_test,affine_coupon_delta,101,terms,monthly_barrier,-0.005,123,123,62.10161894619523,74.76723224664306,0.9729782682666991,0.32132234030622775,0.45992885470793043,-0.00381857399048844,0.926829268292683,1.0,1.0,0,
reference,monthly_test,affine_coupon_delta,101,terms,monthly_barrier,0.005,128,128,62.05828192430974,74.35598045993088,0.9732455736561071,0.33570919185876846,0.472335452318858,-0.023278407752513885,0.9296875,1.0,1.0,0,
reference,monthly_test,affine_coupon_delta,101,terms,monthly_barrier,0.01,128,128,61.97910087901593,74.29608795106653,0.9732886567909912,0.6706966087222099,0.9432176071508724,-0.04586298018693924,0.7578125,1.0,1.0,0,
reference,monthly_test,affine_coupon_delta,101,terms,monthly_barrier,0.025,128,128,61.75835207735847,74.13586548962323,0.9734037407083883,1.6708113253116608,2.347215724593481,-0.11079013347625732,0.5234375,0.9296875,1.0,0,
reference,monthly_test,affine_coupon_delta,101,terms,monthly_barrier,0.05,128,128,61.51510074102745,73.9326484813983,0.9735493491672891,3.3196574077010155,4.65685611476988,-0.20991545170545578,0.3203125,0.765625,0.9375,0,
reference,monthly_test,affine_coupon_delta,233,schedule,nobs_early,1.0,128,128,147.77746496933327,168.2130097741946,0.8655277536532432,141.37478372257345,160.14429265674474,-138.29587046102705,0.0,0.0,0.0078125,119,0.3949579831932773
reference,monthly_test,affine_coupon_delta,233,schedule,nobs_late,1.0,128,128,614.5805262797371,659.6169118983041,-1.6615871311027797,611.6283782496819,652.9435750176849,-611.6283782496819,0.0,0.0,0.0,125,0.488
reference,monthly_test,affine_coupon_delta,233,schedule,nobs_middle,1.0,128,128,580.7004837615339,608.0136917509211,-1.1135891749782147,577.748335731479,601.9945878310112,-577.748335731479,0.0,0.0,0.0,121,0.5537190082644629
reference,monthly_test,affine_coupon_delta,233,schedule,tenor_months,-12.0,128,128,566.3526935930295,599.0274151954499,-2.7650502595109328,569.3048416230846,602.2699100994462,569.3048416230846,0.0,0.0,0.0,125,0.536
reference,monthly_test,affine_coupon_delta,233,schedule,tenor_months,-6.0,128,128,306.4355882967211,327.3142121843476,0.28112496015997934,309.3877363267763,330.06851927597546,309.3877363267763,0.0,0.0,0.0,120,0.5666666666666667
reference,monthly_test,affine_coupon_delta,233,schedule,tenor_months,-3.0,128,128,120.454953079513,136.3374366016021,0.8953224427544259,121.77450560438592,135.1722376066204,121.77450560438592,0.0,0.0,0.0078125,113,0.6106194690265486
reference,monthly_test,affine_coupon_delta,233,schedule,tenor_months,-1.0,128,128,55.597060233512494,65.12233902294874,0.978441228696497,50.34068230384158,54.82121106416949,47.62058968533954,0.0078125,0.015625,0.0546875,97,0.6082474226804123
reference,monthly_test,affine_coupon_delta,233,schedule,tenor_months,1.0,128,128,50.642242144575675,58.34406339617273,0.9842920675081791,41.950487737790354,44.13061675466291,-41.87086167950383,0.0,0.015625,0.03125,96,0.65625
reference,monthly_test,affine_coupon_delta,233,schedule,tenor_months,3.0,128,128,132.0188033008664,139.19509043310347,0.9181749322737958,126.59040353220962,132.26690439864697,-126.59040353220962,0.0,0.0,0.0,111,0.6216216216216216
reference,monthly_test,affine_coupon_delta,233,schedule,tenor_months,6.0,128,128,249.51639548157618,260.92847102468085,0.7448344185217803,245.51675310400333,256.0453204730398,-245.51675310400333,0.0,0.0,0.0,117,0.5897435897435898
reference,monthly_test,affine_coupon_delta,233,schedule,tenor_months,12.0,128,128,464.63665137107444,485.0483138650268,0.28152535391045364,461.5707955136928,481.1687638257887,-461.5707955136928,0.0,0.0,0.0,119,0.5882352941176471
reference,monthly_test,affine_coupon_delta,233,terms,coupon_regular,-0.01,128,128,28.160255902940072,39.543047441814764,0.9926139490466568,8.774180929486949,11.601774603769917,-0.8171610371209683,0.0390625,0.21875,0.796875,128,1.0
reference,monthly_test,affine_coupon_delta,233,terms,coupon_regular,-0.005,128,128,25.508030559788466,36.84455983529057,0.993506653862143,4.387093175435439,5.800911644083725,-0.40854541251125404,0.1015625,0.796875,0.9375,128,1.0
reference,monthly_test,affine_coupon_delta,233,terms,coupon_regular,-0.0025,128,128,24.54911975651664,35.77277574414156,0.9938425633058648,2.1934660702633364,2.90042263697787,-0.20429187454283237,0.1796875,0.9375,0.9765625,128,1.0
reference,monthly_test,affine_coupon_delta,233,terms,coupon_regular,-0.001,128,128,24.09804841268577,35.22879829755358,0.9940078264518668,0.8773050558132429,1.1600876699351266,-0.08172391277427468,0.796875,0.9921875,1.0,128,1.0
reference,monthly_test,affine_coupon_delta,233,terms,coupon_regular,0.001,128,128,23.55745354820438,34.62656603081662,0.9941851198209976,0.87747260571147,1.1601980210213274,0.0817046201167006,0.796875,0.9921875,1.0,128,1.0
reference,monthly_test,affine_coupon_delta,233,terms,coupon_regular,0.0025,128,128,23.21439683291682,34.27113179629645,0.9942854225267901,2.1936566351602473,2.900533858433085,0.20434755474949873,0.1796875,0.9375,0.9765625,128,1.0
reference,monthly_test,affine_coupon_delta,233,terms,coupon_regular,0.005,128,128,22.8753634751371,33.86971032757101,0.9943894419956311,4.38715482262584,5.800925247789521,0.4085703874782966,0.1015625,0.796875,0.9375,128,1.0
reference,monthly_test,affine_coupon_delta,233,terms,coupon_regular,0.01,128,128,22.59843031392507,33.80725325555708,0.9943560240291495,8.774297706627598,11.60185326131986,0.8171641662095985,0.0390625,0.21875,0.796875,128,1.0
reference,monthly_test,affine_coupon_delta,233,terms,first_strike,-0.05,128,128,47.25848397317621,58.86645225758929,0.9799566826435623,37.93610205641865,48.482050872787795,-30.240209696522168,0.0078125,0.1171875,0.2265625,126,0.6190476190476191
reference,monthly_test,affine_coupon_delta,233,terms,first_strike,-0.025,128,128,34.41346757101533,43.06856837097014,0.9903228997348295,20.870435750118002,27.055494951103977,-15.547589238137638,0.0390625,0.1953125,0.3984375,128,0.625
reference,monthly_test,affine_coupon_delta,233,terms,first_strike,-0.01,128,128,25.523829513110336,36.13040559036558,0.9935098425648001,8.807931834183062,11.522660286012728,-6.428457315988149,0.125,0.46875,0.6171875,124,0.6290322580645161
reference,monthly_test,affine_coupon_delta,233,terms,first_strike,-0.005,128,128,23.793866655289342,35.06900560424989,0.9939682166950657,4.516400249862878,5.885990287770176,-3.2497369799615017,0.1953125,0.6171875,0.890625,123,0.6260162601626016
reference,monthly_test,affine_coupon_delta,233,terms,first_strike,0.005,128,128,26.428100788503393,35.7818394876863,0.9938760967626674,4.534351348571363,6.055845131868376,3.2332775301668635,0.234375,0.625,0.8515625,121,0.6115702479338843
reference,monthly_test,affine_coupon_delta,233,terms,first_strike,0.01,128,128,29.895393463870015,37.82789685992523,0.993230132018687,9.22455677740436,12.29717202041468,6.534997664793385,0.1015625,0.4921875,0.6328125,123,0.6341463414634146
reference,monthly_test,affine_coupon_delta,233,terms,first_strike,0.025,128,128,41.81609481235843,49.34304310799325,0.9887964924738848,23.933478908130684,32.14159255050813,16.92270223828382,0.0390625,0.2109375,0.34375,124,0.6370967741935484
reference,monthly_test,affine_coupon_delta,233,terms,first_strike,0.05,128,128,64.98532900265153,78.86468779179934,0.972291354428742,49.87507696715026,67.83752435589422,35.13959385307378,0.0078125,0.1015625,0.1953125,124,0.6048387096774194
reference,monthly_test,affine_coupon_delta,233,terms,ki_barrier,-0.05,43,43,51.59881316016389,69.10919250097916,0.9776492407053428,37.22195038719233,42.43326989304347,-12.510743847535563,0.0,0.046511627906976744,0.09302325581395349,43,1.0
reference,monthly_test,affine_coupon_delta,233,terms,ki_barrier,-0.025,43,43,39.36528924961626,53.51263998104822,0.9874409928350224,18.009348476291162,20.743404979409817,-4.664398014603196,0.06976744186046512,0.11627906976744186,0.27906976744186046,43,1.0
reference,monthly_test,affine_coupon_delta,233,terms,ki_barrier,-0.01,43,43,35.421450982599495,48.810040716517044,0.9898376449899273,7.434692762503327,8.51432382632899,-1.60167644479016,0.06976744186046512,0.32558139534883723,0.6976744186046512,43,1.0
reference,monthly_test,affine_coupon_delta,233,terms,ki_barrier,-0.005,43,43,34.97639556447867,47.997072115760425,0.9902475054449323,3.7337149791130724,4.247354537541128,-0.7075990526828656,0.16279069767441862,0.6744186046511628,1.0,43,1.0
reference,monthly_test,affine_coupon_delta,233,terms,ki_barrier,0.005,43,43,35.91396705539845,47.93032711872545,0.9903947560501736,3.8417573362126833,4.400848916675069,0.548430955571722,0.16279069767441862,0.627906976744186,1.0,42,1.0
reference,monthly_test,affine_coupon_delta,233,terms,ki_barrier,0.01,43,43,36.740032383688316,48.80444869471116,0.990093128843527,7.685129113841889,8.835924706872609,0.8668005338819454,0.06976744186046512,0.3488372093023256,0.6046511627906976,43,1.0
reference,monthly_test,affine_coupon_delta,233,terms,ki_barrier,0.025,43,43,40.838876343743664,54.30823471533511,0.9878581497811693,18.932399550322877,22.36863969764062,0.9076321581883954,0.046511627906976744,0.18604651162790697,0.3023255813953488,43,1.0
reference,monthly_test,affine_coupon_delta,233,terms,ki_barrier,0.05,43,43,55.46613754112585,72.14724700110676,0.9786195567881613,38.18704757822115,46.583757237340336,-3.1209840010996,0.0,0.13953488372093023,0.20930232558139536,43,1.0
reference,monthly_test,affine_coupon_delta,233,terms,last_strike,-0.05,128,128,39.101275711998,45.24667149888934,0.9894499299021665,31.979509719569855,36.354718674020056,19.369635893264785,0.0078125,0.0703125,0.140625,128,1.0
reference,monthly_test,affine_coupon_delta,233,terms,last_strike,-0.025,128,128,29.029254028969916,35.86926532940391,0.9935972496430453,15.90766488853842,17.881605308591563,10.136768338037655,0.015625,0.125,0.2890625,128,1.0
reference,monthly_test,affine_coupon_delta,233,terms,last_strike,-0.01,128,128,24.813878814348783,34.09046983222237,0.9943167503673798,6.398700000563016,7.140169572696181,4.24031001337183,0.046875,0.3671875,0.90625,128,1.0
reference,monthly_test,affine_coupon_delta,233,terms,last_strike,-0.005,128,128,23.91525647831765,34.29354589753532,0.9942794212006884,3.1874524645196898,3.568922478428322,2.132447740218292,0.1328125,0.9140625,1.0,127,1.0
reference,monthly_test,affine_coupon_delta,233,terms,last_strike,0.005,128,128,24.094390196840628,35.712598758945624,0.9938586522986743,3.106767192056092,3.4883070207019085,-2.1449834152978533,0.1015625,0.8984375,1.0,126,1.0
reference,monthly_test,affine_coupon_delta,233,terms,last_strike,0.01,128,128,24.863908964634433,36.84542655530151,0.9934941453638775,6.263209670685077,6.98867303265134,-4.326240300491918,0.0625,0.390625,0.921875,128,1.0
reference,monthly_test,affine_coupon_delta,233,terms,last_strike,0.025,128,128,30.914760357274368,41.95750725646151,0.9916674811999708,15.49238789382313,17.3611098216609,-11.602547173834562,0.03125,0.1171875,0.296875,128,1.0
reference,monthly_test,affine_coupon_delta,233,terms,last_strike,0.05,128,128,43.97447092819591,53.7875049325418,0.9865270574608358,30.82887332607061,34.60548540553424,-25.0995571546567,0.015625,0.0703125,0.1328125,128,1.0
reference,monthly_test,affine_coupon_delta,233,terms,monthly_barrier,-0.05,123,123,23.837142258512365,35.74031306619029,0.9938254220938856,7.110591826400136,8.133001231094433,-1.1349693546450235,0.04065040650406504,0.2845528455284553,0.8373983739837398,0,
reference,monthly_test,affine_coupon_delta,233,terms,monthly_barrier,-0.025,123,123,22.8988736767689,34.22523802195094,0.9943378219201113,3.5239477467730764,4.0430711441974525,-0.4855937104884202,0.10569105691056911,0.8455284552845529,0.983739837398374,0,
reference,monthly_test,affine_coupon_delta,233,terms,monthly_barrier,-0.01,123,123,22.544808021439565,33.53383320046275,0.9945642813543889,1.4020514682056457,1.6113948085866021,-0.17507774073903154,0.2764227642276423,1.0,1.0,0,
reference,monthly_test,affine_coupon_delta,233,terms,monthly_barrier,-0.005,123,123,22.499007669318807,33.34128414246372,0.9946265252155314,0.699743991944848,0.8047078760184294,-0.08439145437101038,0.8617886178861789,1.0,1.0,0,
reference,monthly_test,affine_coupon_delta,233,terms,monthly_barrier,0.005,128,128,23.768768496635232,34.717434582992986,0.9941674417349096,0.699339434504509,0.8012712311116763,0.10458752512931824,0.859375,1.0,1.0,0,
reference,monthly_test,affine_coupon_delta,233,terms,monthly_barrier,0.01,128,128,23.72219533925181,34.5438691351944,0.9942256142404242,1.3958942145109177,1.600372480108956,0.20286999642848969,0.2734375,1.0,1.0,0,
reference,monthly_test,affine_coupon_delta,233,terms,monthly_barrier,0.025,128,128,23.727286979467294,34.13643942252784,0.99436102362664,3.4678028896450996,3.9837303975824296,0.4607299342751503,0.1015625,0.859375,0.984375,0,
reference,monthly_test,affine_coupon_delta,233,terms,monthly_barrier,0.05,128,128,24.365863909351617,33.83766423775524,0.9944593006168213,6.866436451673508,7.908733443681033,0.7709488272666931,0.0390625,0.2734375,0.875,0,
reference,monthly_test,affine_coupon_delta,47,schedule,nobs_early,1.0,128,128,130.01962157847186,160.35140685615522,0.8778034214951277,132.23432742865043,170.6758398567663,-10.168855265240076,0.0078125,0.0078125,0.0234375,119,0.6470588235294118
reference,monthly_test,affine_coupon_delta,47,schedule,nobs_late,1.0,128,128,474.04991489135176,550.504279636717,-0.8538667838010159,493.74489623305874,576.070608921526,-493.74489623305874,0.0,0.0,0.0,125,0.488
reference,monthly_test,affine_coupon_delta,47,schedule,nobs_middle,1.0,128,128,469.26201938818383,518.8100177564315,-0.5389005833456888,488.9570007298911,543.4521910684014,-488.9570007298911,0.0,0.0,0.0,121,0.5537190082644629
reference,monthly_test,affine_coupon_delta,47,schedule,tenor_months,-12.0,128,128,596.5027299205703,670.5109503238812,-3.717252572175714,576.8077485788633,646.1778884694075,576.8077485788633,0.0,0.0,0.0,125,0.536
reference,monthly_test,affine_coupon_delta,47,schedule,tenor_months,-6.0,128,128,322.70995668716205,363.94415095704954,0.11122226428951654,303.01497534545496,340.2082727292201,303.01497534545496,0.0,0.0,0.0,120,0.5666666666666667
reference,monthly_test,affine_coupon_delta,47,schedule,tenor_months,-3.0,128,128,59.87001019053086,76.33774421208707,0.967182765851202,45.89941862672276,54.886603622302445,35.7026604603525,0.0078125,0.0703125,0.0859375,113,0.6106194690265486
reference,monthly_test,affine_coupon_delta,47,schedule,tenor_months,-1.0,128,128,53.095972477764306,67.2775779105266,0.976990630440622,34.935916146780684,39.49244666168038,33.04369172890863,0.0078125,0.015625,0.03125,97,0.6185567010309279
reference,monthly_test,affine_coupon_delta,47,schedule,tenor_months,1.0,128,128,26.60497996082819,32.71836945295904,0.9950602043262262,33.543114915678416,37.383184888356205,-33.543114915678416,0.0078125,0.0078125,0.015625,96,0.65625
reference,monthly_test,affine_coupon_delta,47,schedule,tenor_months,3.0,128,128,76.21225988654307,87.76124877386886,0.9674729912117781,93.16394179088138,103.61919502779635,-93.16394179088138,0.0,0.0078125,0.0078125,111,0.6216216216216216
reference,monthly_test,affine_coupon_delta,47,schedule,tenor_months,6.0,128,128,152.8243353276885,171.88302699516947,0.8892751396601775,171.46597613826484,189.68068246364095,-171.19629895356502,0.0,0.0,0.0,117,0.5897435897435898
reference,monthly_test,affine_coupon_delta,47,schedule,tenor_months,12.0,128,128,290.89521146877564,316.4594326928268,0.6941717926299289,309.53685227935205,334.83385032357137,-307.66808696091505,0.0,0.0,0.0,119,0.5882352941176471
reference,monthly_test,affine_coupon_delta,47,terms,coupon_regular,-0.01,128,128,23.76905318829666,33.57755241955268,0.9946743809271702,8.226106205023825,10.295657085996437,-0.2419948414899411,0.078125,0.28125,0.8125,128,1.0
reference,monthly_test,affine_coupon_delta,47,terms,coupon_regular,-0.005,128,128,23.601410384033727,34.69062677399232,0.9942436644482037,4.113053303134317,5.147866362530223,-0.12099956759872507,0.1328125,0.8125,0.953125,128,1.0
reference,monthly_test,affine_coupon_delta,47,terms,coupon_regular,-0.0025,128,128,23.815240890346338,35.514933563330665,0.9939310062723553,2.0564916278235614,2.5739064313251645,-0.0605142954736948,0.2421875,0.953125,1.0,128,1.0
reference,monthly_test,affine_coupon_delta,47,terms,coupon_regular,-0.001,128,128,23.985530564751613,36.088669559365876,0.9937117403144327,0.8225550243320564,1.0295214568235955,-0.024205430566022722,0.8125,1.0,1.0,128,1.0
reference,monthly_test,affine_coupon_delta,47,terms,coupon_regular,0.001,128,128,24.342757573968257,36.940328478686745,0.993382050819158,0.8226256820683677,1.0295474295088434,0.02418613790844866,0.8125,1.0,1.0,128,1.0
reference,monthly_test,affine_coupon_delta,47,terms,coupon_regular,0.0025,128,128,24.661698638768016,37.64039569583038,0.9931065664865371,2.056550337622563,2.573924274014401,0.06052340955163038,0.234375,0.953125,1.0,128,1.0
reference,monthly_test,affine_coupon_delta,47,terms,coupon_regular,0.005,128,128,25.258255408219206,38.9154755214067,0.9925932484814447,4.112994110599781,5.147759818026489,0.12100125950140228,0.1328125,0.8125,0.953125,128,1.0
reference,monthly_test,affine_coupon_delta,47,terms,coupon_regular,0.01,128,128,26.8479776250664,41.82589300195477,0.9913611521262674,8.22608481363083,10.295605151799323,0.24203522348155593,0.078125,0.28125,0.8125,128,1.0
reference,monthly_test,affine_coupon_delta,47,terms,first_strike,-0.05,128,128,33.35904407087433,41.5907544398187,0.9899947608390935,28.02102143402711,35.10163742840297,-22.60426796757262,0.03125,0.109375,0.3125,126,0.9841269841269841
reference,monthly_test,affine_coupon_delta,47,terms,first_strike,-0.025,128,128,29.25493003112655,37.45307572379526,0.9926818830327393,16.12808593224448,20.679248838845186,-12.688908565194046,0.03125,0.265625,0.453125,128,0.9765625
reference,monthly_test,affine_coupon_delta,47,terms,first_strike,-0.01,128,128,25.010054396154736,35.83669653457369,0.9936149324483207,6.968878469489331,9.078039248597713,-5.502829778916444,0.1484375,0.5,0.6484375,124,0.8709677419354839
reference,monthly_test,affine_coupon_delta,47,terms,first_strike,-0.005,128,128,24.23133977451854,35.8797610498487,0.9936860969046191,3.582432056286052,4.7009497846774195,-2.8203786466122738,0.2578125,0.65625,0.9921875,123,0.8455284552845529
reference,monthly_test,affine_coupon_delta,47,terms,first_strike,0.005,128,128,25.614520598635572,37.60446965315025,0.9932363374840523,3.6666184833787456,4.925015301082758,2.8648276931974883,0.2890625,0.6484375,0.9609375,121,0.7933884297520661
reference,monthly_test,affine_coupon_delta,47,terms,first_strike,0.01,128,128,28.828290712359767,39.26878014825671,0.9927045744786723,7.4351699815415495,10.088764418510388,5.852594331308259,0.1953125,0.5,0.6640625,123,0.7804878048780488
reference,monthly_test,affine_coupon_delta,47,terms,first_strike,0.025,128,128,39.69674571591496,48.10098390391084,0.989353421266697,19.76576039724993,27.158048921174878,15.550631255231565,0.078125,0.265625,0.46875,124,0.6854838709677419
reference,monthly_test,affine_coupon_delta,47,terms,first_strike,0.05,128,128,60.2272375225781,72.88783571501253,0.9763320725001273,42.53260990135641,60.050160792174545,33.0008860662753,0.046875,0.171875,0.296875,124,0.6290322580645161
reference,monthly_test,affine_coupon_delta,47,terms,ki_barrier,-0.05,43,43,39.50951128803159,49.21909993395126,0.9886632654049669,27.076985685284747,30.869076953034714,-5.871105235098867,0.0,0.023255813953488372,0.13953488372093023,43,1.0
reference,monthly_test,affine_coupon_delta,47,terms,ki_barrier,-0.025,43,43,37.06201481069048,49.33681157138793,0.9893245863181269,12.478700787233288,14.483730201553861,-0.7805039148575562,0.023255813953488372,0.13953488372093023,0.4883720930232558,43,1.0
reference,monthly_test,affine_coupon_delta,47,terms,ki_barrier,-0.01,43,43,37.1105781266134,49.412383797324445,0.9895852791327271,5.152643792273462,6.02969334374961,0.08879445031169785,0.046511627906976744,0.5581395348837209,0.9302325581395349,43,1.0
reference,monthly_test,affine_coupon_delta,47,terms,ki_barrier,-0.005,43,43,37.14054744845178,49.32916355256703,0.9896986598435323,2.5738312275719273,3.0431998096144706,0.16052180615275385,0.18604651162790697,0.9302325581395349,1.0,43,1.0
reference,monthly_test,affine_coupon_delta,47,terms,ki_barrier,0.005,43,43,36.309725389043344,48.86282341055874,0.9900173756394673,2.6705552584441135,3.205135356219954,-0.3654745873785756,0.23255813953488372,0.8372093023255814,1.0,42,1.0
reference,monthly_test,affine_coupon_delta,47,terms,ki_barrier,0.01,43,43,35.75267891237122,48.54095150444106,0.9901998152570767,5.3892427597974635,6.52688883408853,-1.0066704822256585,0.13953488372093023,0.4883720930232558,0.8604651162790697,43,1.0
reference,monthly_test,affine_coupon_delta,47,terms,ki_barrier,0.025,43,43,34.506221916266654,47.611356310502224,0.9906680026798302,13.82944940868043,17.199927285944664,-4.118023566093093,0.023255813953488372,0.23255813953488372,0.4418604651162791,43,1.0
reference,monthly_test,affine_coupon_delta,47,terms,ki_barrier,0.05,43,43,40.487690928428236,48.92360073165123,0.9901686308721773,29.41176672175873,38.83343684113208,-14.29808857401674,0.09302325581395349,0.13953488372093023,0.3488372093023256,43,1.0
reference,monthly_test,affine_coupon_delta,47,terms,last_strike,-0.05,128,128,30.468406492330985,40.311859790868304,0.9916257149074749,17.301118205068633,20.15594318702287,6.039508780697362,0.03125,0.125,0.3125,128,1.0
reference,monthly_test,affine_coupon_delta,47,terms,last_strike,-0.025,128,128,26.25761292352493,37.602190123745274,0.992963642645993,8.10225174513956,9.32704172180614,3.0393825143110007,0.0625,0.328125,0.578125,128,1.0
reference,monthly_test,affine_coupon_delta,47,terms,last_strike,-0.01,128,128,24.548415212926898,36.80073176542853,0.9933771690728893,3.1076514803959676,3.595947274079963,1.314467012959843,0.1953125,0.8984375,1.0,128,1.0
reference,monthly_test,affine_coupon_delta,47,terms,last_strike,-0.005,128,128,24.307770988453747,36.61549177788666,0.9934785385768232,1.5272484588592001,1.7843497370775774,0.6563480255814891,0.328125,1.0,1.0,127,1.0
reference,monthly_test,affine_coupon_delta,47,terms,last_strike,0.005,128,128,24.060227672546112,36.35242156381411,0.9936366256997461,1.4768500668384754,1.7079355278244286,-0.644585494689333,0.34375,1.0,1.0,126,1.0
reference,monthly_test,affine_coupon_delta,47,terms,last_strike,0.01,128,128,24.11102881604255,36.2727892371733,0.993694796863765,2.972366306212886,3.3884982462214364,-1.302654995874036,0.171875,0.9453125,1.0,128,1.0
reference,monthly_test,affine_coupon_delta,47,terms,last_strike,0.025,128,128,24.057635234354457,35.737604735492155,0.9939548396135685,6.930424072527483,8.014751383120792,-3.8910286179549685,0.09375,0.3359375,0.75,128,1.0
reference,monthly_test,affine_coupon_delta,47,terms,last_strike,0.05,128,128,24.671103085610426,34.53143516450905,0.9944469841038761,13.532611799038326,15.344796986415224,-9.272726514221478,0.0234375,0.171875,0.34375,128,1.0
reference,monthly_test,affine_coupon_delta,47,terms,monthly_barrier,-0.05,123,123,22.573591593462073,34.88306067918379,0.994118071558072,3.7480660570346243,4.466266002151605,-1.6915119760404758,0.10569105691056911,0.8373983739837398,0.959349593495935,0,
reference,monthly_test,affine_coupon_delta,47,terms,monthly_barrier,-0.025,123,123,22.34923139410464,34.5121907507621,0.9942424777349302,1.8605517178046993,2.225849794955453,-0.9218706348078037,0.2032520325203252,0.975609756097561,1.0,0,
reference,monthly_test,affine_coupon_delta,47,terms,monthly_barrier,-0.01,123,123,22.33629908784304,34.432518242005386,0.9942690299040317,0.742121440608327,0.8894349519177693,-0.3872363547968671,0.8373983739837398,1.0,1.0,0,
reference,monthly_test,affine_coupon_delta,47,terms,monthly_barrier,-0.005,123,123,22.360282432359508,34.42999792613983,0.994269868839258,0.3708862676853087,0.44461056231062657,-0.19673409500742348,0.975609756097561,1.0,1.0,0,
reference,monthly_test,affine_coupon_delta,47,terms,monthly_barrier,0.005,128,128,24.162074035359467,36.478699727057275,0.9935606425506502,0.3775721415877342,0.450752918697106,0.1735379919409752,0.9765625,1.0,1.0,0,
reference,monthly_test,affine_coupon_delta,47,terms,monthly_barrier,0.01,128,128,24.211494667781437,36.465862452408864,0.9935651739213176,0.7550045847892761,0.9018605194511989,0.3529433161020279,0.8359375,1.0,1.0,0,
reference,monthly_test,affine_coupon_delta,47,terms,monthly_barrier,0.025,128,128,24.39322198292544,36.49374285019499,0.9935553305180923,1.887432299554348,2.25790214937045,0.9262887760996819,0.2265625,0.9765625,1.0,0,
reference,monthly_test,affine_coupon_delta,47,terms,monthly_barrier,0.05,128,128,24.83247052984464,36.76260441636797,0.9934600206610108,3.7829624488949776,4.533533314059946,1.9998522475361824,0.109375,0.8359375,0.9765625,0,
reference,monthly_test,affine_coupon_delta,ensemble,schedule,nobs_early,1.0,128,128,103.21582331408698,146.54837062497623,0.8979353184207248,122.37112908850749,160.6749207136534,-114.05269478803886,0.0078125,0.015625,0.03125,119,0.44537815126050423
reference,monthly_test,affine_coupon_delta,ensemble,schedule,nobs_late,1.0,128,128,524.901504270563,580.2860493062558,-1.0598774516941405,550.3342925930785,602.3154813545959,-550.3342925930785,0.0,0.0,0.0,125,0.488
reference,monthly_test,affine_coupon_delta,ensemble,schedule,nobs_middle,1.0,128,128,514.0813160362889,547.8518813171764,-0.7160114143820955,539.5141043588046,571.5734387729768,-539.5141043588046,0.0,0.0,0.0,121,0.5537190082644629
reference,monthly_test,affine_coupon_delta,ensemble,schedule,tenor_months,-12.0,128,128,488.4887029533827,523.1612529169093,-1.8717625168861893,463.055914630867,498.15217122235356,463.055914630867,0.0,0.0,0.0,125,0.536
reference,monthly_test,affine_coupon_delta,ensemble,schedule,tenor_months,-6.0,128,128,275.75511874901224,296.66353869971795,0.40945632248069996,250.32233042649662,272.1714228417078,250.32233042649662,0.0,0.0,0.0,120,0.5666666666666667
reference,monthly_test,affine_coupon_delta,ensemble,schedule,tenor_months,-3.0,128,128,94.87284146382541,106.65129937714201,0.93594461688828,69.80409032886145,80.29466717656118,68.70772512414024,0.0,0.0390625,0.046875,113,0.6017699115044248
reference,monthly_test,affine_coupon_delta,ensemble,schedule,tenor_months,-1.0,128,128,66.90046099215672,74.92112882029575,0.9714653435500757,41.21845157746492,44.46922203339476,39.90410407572872,0.0,0.0,0.0390625,97,0.6391752577319587
reference,monthly_test,affine_coupon_delta,ensemble,schedule,tenor_months,1.0,128,128,24.05921565529148,31.380176746613962,0.9954560195730358,38.749462669282565,41.038430252239685,-38.749462669282565,0.0,0.0078125,0.015625,96,0.65625
reference,monthly_test,affine_coupon_delta,ensemble,schedule,tenor_months,3.0,128,128,89.96180940907094,98.15902333478888,0.9593089407230224,113.10101249836148,119.53298740268288,-113.10101249836148,0.0,0.0,0.0,111,0.6216216216216216
reference,monthly_test,affine_coupon_delta,ensemble,schedule,tenor_months,6.0,128,128,190.33958426770434,203.33602130263802,0.8450442139937754,214.87412629690968,226.56002584447495,-214.87412629690968,0.0,0.0,0.0,117,0.5897435897435898
reference,monthly_test,affine_coupon_delta,ensemble,schedule,tenor_months,12.0,128,128,372.589523862441,392.7212464461812,0.5290115645731537,397.2483887771799,416.9150996982757,-397.2483887771799,0.0,0.0,0.0,119,0.5882352941176471
reference,monthly_test,affine_coupon_delta,ensemble,terms,coupon_regular,-0.01,128,128,32.574331838371755,38.72873697406818,0.9929150189063439,8.294889478633884,10.477511178657478,-0.8835503668523721,0.0546875,0.265625,0.796875,128,1.0
reference,monthly_test,affine_coupon_delta,ensemble,terms,coupon_regular,-0.005,128,128,31.254243239169526,37.4355730335558,0.9932966672240713,4.1474598456019685,5.2387948950879,-0.441778106382096,0.0625,0.796875,0.953125,128,1.0
reference,monthly_test,affine_coupon_delta,ensemble,terms,coupon_regular,-0.0025,128,128,30.892383204812653,37.05072807111583,0.9933947665950684,2.073675445281076,2.619371956422762,-0.220897356048235,0.171875,0.953125,0.9921875,128,1.0
reference,monthly_test,affine_coupon_delta,ensemble,terms,coupon_regular,-0.001,128,128,30.71966525384626,36.90724471088385,0.9934232403030532,0.829433028120588,1.0477096760943294,-0.08838597359131113,0.796875,1.0,1.0,128,1.0
reference,monthly_test,affine_coupon_delta,ensemble,terms,coupon_regular,0.001,128,128,30.50077802730671,36.819599035132015,0.9934252380742834,0.8295195588530148,1.0477569341337472,0.08833408464371229,0.796875,1.0,1.0,128,1.0
reference,monthly_test,affine_coupon_delta,ensemble,terms,coupon_regular,0.0025,128,128,30.34089210811942,36.832046721014095,0.9933994680701467,2.0737689325275377,2.6194115685062154,0.2209033657175654,0.171875,0.953125,0.9921875,128,1.0
reference,monthly_test,affine_coupon_delta,ensemble,terms,coupon_regular,0.005,128,128,30.209376948925332,37.001370867207754,0.9933039494876224,4.147439497290159,5.238719047587617,0.44175651522042536,0.0625,0.796875,0.953125,128,1.0
reference,monthly_test,affine_coupon_delta,ensemble,terms,coupon_regular,0.01,128,128,30.378868349207757,37.885069965034745,0.9929123613237862,8.29490984246754,10.477513074318145,0.8835581525539709,0.0546875,0.265625,0.796875,128,1.0
reference,monthly_test,affine_coupon_delta,ensemble,terms,first_strike,-0.05,128,128,24.87762837739588,32.28389044703454,0.9939715507757196,32.534594968939885,42.24858808317507,-27.643031984896233,0.015625,0.1171875,0.3125,126,0.7857142857142857
reference,monthly_test,affine_coupon_delta,ensemble,terms,first_strike,-0.025,128,128,20.432388589430687,28.230142119463462,0.9958423253801697,18.015946693190884,24.126013445473586,-14.693903265546435,0.03125,0.3046875,0.46875,128,0.6640625
reference,monthly_test,affine_coupon_delta,ensemble,terms,first_strike,-0.01,128,128,24.449286200707284,31.365550997274905,0.9951088002357982,7.653728332041837,10.390720209413917,-6.181107353395956,0.140625,0.5390625,0.640625,124,0.6532258064516129
reference,monthly_test,affine_coupon_delta,ensemble,terms,first_strike,-0.005,128,128,27.500990639282612,33.7748535641112,0.9944051843960847,3.9323122236273167,5.328892417609719,-3.139407851159688,0.265625,0.6484375,0.9140625,123,0.6504065040650406
reference,monthly_test,affine_coupon_delta,ensemble,terms,first_strike,0.005,128,128,33.79316680738312,40.44820368146807,0.9921746914280237,3.9618035734409496,5.525851174083839,3.1448406906857675,0.3203125,0.6484375,0.8984375,121,0.6363636363636364
reference,monthly_test,affine_coupon_delta,ensemble,terms,first_strike,0.01,128,128,37.13737030892147,44.597646277016736,0.990590215349606,8.051062457972993,11.252605084657803,6.374925045077083,0.1640625,0.546875,0.65625,123,0.6422764227642277
reference,monthly_test,affine_coupon_delta,ensemble,terms,first_strike,0.025,128,128,48.05315642519025,59.66489454383071,0.9836190190617329,20.91127292497797,29.682768619679187,16.589586779795468,0.0625,0.3359375,0.4765625,124,0.6451612903225806
reference,monthly_test,affine_coupon_delta,ensemble,terms,first_strike,0.05,128,128,68.49868124665741,90.22375412648131,0.9637346470792906,43.994067566774376,63.45848704796764,34.29176279506829,0.03125,0.171875,0.359375,124,0.6370967741935484
reference,monthly_test,affine_coupon_delta,ensemble,terms,ki_barrier,-0.05,43,43,33.16036528701967,44.40028160488582,0.9907744536824915,32.22194314222472,36.78680776045188,-7.950471024527149,0.0,0.023255813953488372,0.13953488372093023,43,1.0
reference,monthly_test,affine_coupon_delta,ensemble,terms,ki_barrier,-0.025,43,43,26.33881632804641,36.4366876548681,0.9941773547126758,15.644128548486828,17.989665043969506,-1.9527147338949329,0.023255813953488372,0.16279069767441862,0.32558139534883723,43,1.0
reference,monthly_test,affine_coupon_delta,ensemble,terms,ki_barrier,-0.01,43,43,25.40965261879213,34.961256906602785,0.9947862512584921,6.508515131450559,7.477252093536102,-0.4138482847187225,0.06976744186046512,0.37209302325581395,0.7209302325581395,43,1.0
reference,monthly_test,affine_coupon_delta,ensemble,terms,ki_barrier,-0.005,43,43,25.661339951809147,34.97592192422045,0.9948212545251479,3.2620179542853696,3.7548288558661422,-0.09656827446325471,0.13953488372093023,0.7209302325581395,1.0,43,1.0
reference,monthly_test,affine_coupon_delta,ensemble,terms,ki_barrier,0.005,43,43,26.451788121184425,35.772433021490414,0.9946496206932007,3.353209390196672,3.946194921747766,-0.09673156768318017,0.18604651162790697,0.6976744186046512,1.0,42,1.0
reference,monthly_test,affine_coupon_delta,ensemble,terms,ki_barrier,0.01,43,43,27.608684765709132,36.65430267011837,0.9944118556547582,6.694460251476755,7.972654378433587,-0.4572958574854644,0.13953488372093023,0.3953488372093023,0.6976744186046512,43,1.0
reference,monthly_test,affine_coupon_delta,ensemble,terms,ki_barrier,0.025,43,43,33.00568350782821,41.18605510655808,0.9930168094787372,16.964228118632512,20.635749791121885,-2.654355275134246,0.0,0.23255813953488372,0.3488372093023256,43,1.0
reference,monthly_test,affine_coupon_delta,ensemble,terms,ki_barrier,0.05,43,43,45.747695602743775,55.665401096031374,0.9872723606280989,35.438674217393086,44.7201019500764,-11.064397979498859,0.023255813953488372,0.18604651162790697,0.23255813953488372,43,1.0
reference,monthly_test,affine_coupon_delta,ensemble,terms,last_strike,-0.05,128,128,48.132626387063695,60.003209225624545,0.9814462786423507,26.42564052397704,32.21903169833752,16.686408632357455,0.0078125,0.15625,0.265625,128,1.0
reference,monthly_test,affine_coupon_delta,ensemble,terms,last_strike,-0.025,128,128,38.58969304029202,47.04965672828307,0.9889837312017833,13.085294364408268,15.702780116134184,8.42882673388048,0.015625,0.2578125,0.4765625,128,1.0
reference,monthly_test,affine_coupon_delta,ensemble,terms,last_strike,-0.01,128,128,33.57006480279081,40.46608410428588,0.9919922018254499,5.2297396454960134,6.194918781175885,3.4672470838607508,0.0859375,0.5234375,0.9765625,128,1.0
reference,monthly_test,affine_coupon_delta,ensemble,terms,last_strike,-0.005,128,128,32.038658009571286,38.55336057578905,0.9927699771985449,2.5966728611383214,3.0853568963521645,1.7307869402381195,0.2421875,0.9765625,1.0,127,1.0
reference,monthly_test,affine_coupon_delta,ensemble,terms,last_strike,0.005,128,128,29.093389181071693,35.23171532750819,0.9940229298367189,2.524927340176296,3.01323516762236,-1.7129940956753542,0.25,0.984375,1.0,126,1.0
reference,monthly_test,affine_coupon_delta,ensemble,terms,last_strike,0.01,128,128,27.633934886059734,33.819031905601456,0.9945190035481271,5.0987932153317335,6.0132850664092,-3.43169099773514,0.1171875,0.515625,1.0,128,1.0
reference,monthly_test,affine_coupon_delta,ensemble,terms,last_strike,0.025,128,128,23.292433011431434,30.560006494183423,0.9955795770005712,12.464694130370216,14.702385718325406,-9.136959133184583,0.0390625,0.2265625,0.4765625,128,1.0
reference,monthly_test,affine_coupon_delta,ensemble,terms,last_strike,0.05,128,128,20.586025933684937,29.17751926561103,0.9960354272761439,24.328702822793154,28.500609880145877,-19.412021414221513,0.046875,0.1015625,0.1953125,128,1.0
reference,monthly_test,affine_coupon_delta,ensemble,terms,monthly_barrier,-0.05,123,123,30.79662416397425,37.48114984445756,0.9932092712825132,4.3308702587758425,5.074550449987937,-0.9473003346099319,0.0975609756097561,0.7479674796747967,0.967479674796748,0,
reference,monthly_test,affine_coupon_delta,ensemble,terms,monthly_barrier,-0.025,123,123,30.673818710440305,37.15288102427631,0.9933277000206694,2.145864130035603,2.5117619544917216,-0.47403622448920835,0.14634146341463414,0.967479674796748,1.0,0,
reference,monthly_test,affine_coupon_delta,ensemble,terms,monthly_barrier,-0.01,123,123,30.64801102996391,37.046392551347346,0.9933658938165276,0.8534141349275072,0.9982857444227358,-0.18986098488491046,0.7560975609756098,1.0,1.0,0,
reference,monthly_test,affine_coupon_delta,ensemble,terms,monthly_barrier,-0.005,123,123,30.640192968155983,37.02570784303024,0.9933733000027988,0.4258630721548685,0.49803842886950095,-0.09498137445631044,0.967479674796748,1.0,1.0,0,
reference,monthly_test,affine_coupon_delta,ensemble,terms,monthly_barrier,0.005,128,128,30.598926180043378,36.8347855699172,0.9934343137398488,0.41645020246516146,0.4883845118003372,0.08494903643931767,0.96875,1.0,1.0,0,
reference,monthly_test,affine_coupon_delta,ensemble,terms,monthly_barrier,0.01,128,128,30.5898318151023,36.82792013973098,0.9934367609950284,0.8313839013379068,0.9746698855715853,0.1699834441146273,0.7734375,1.0,1.0,0,
reference,monthly_test,affine_coupon_delta,ensemble,terms,monthly_barrier,0.025,128,128,30.59338188654621,36.847865311893564,0.9934296500651153,2.0664650946856065,2.4203911694884317,0.42540952563299705,0.1640625,0.9765625,1.0,0,
reference,monthly_test,affine_coupon_delta,ensemble,terms,monthly_barrier,0.05,128,128,30.70494826839048,37.01189700734376,0.9933710228164107,4.091445977489277,4.785305175783351,0.8536285410325629,0.078125,0.7734375,0.9765625,0,
reference,monthly_test,augmented_delta,101,schedule,nobs_early,1.0,128,128,132.71208762862548,158.43191276205997,0.8807114312945798,87.21655585606763,133.6075645106726,-20.087552443603872,0.0,0.0234375,0.1484375,119,0.680672268907563
reference,monthly_test,augmented_delta,101,schedule,nobs_late,1.0,128,128,506.8400784232512,569.4053670764558,-0.9833540019949301,549.7558419331679,589.9740313700705,-549.7558419331679,0.0,0.0,0.0,125,0.488
reference,monthly_test,augmented_delta,101,schedule,nobs_middle,1.0,128,128,461.6167877165525,493.37798039198486,-0.3917248549055212,504.5325512264693,526.4607036730059,-504.5325512264693,0.0,0.0,0.0,121,0.5537190082644629
reference,monthly_test,augmented_delta,101,schedule,tenor_months,-12.0,128,128,847.9244953448815,907.5157422233907,-7.641431960073335,805.0087318349647,880.3190630748197,805.0087318349647,0.0,0.0,0.0,125,0.536
reference,monthly_test,augmented_delta,101,schedule,tenor_months,-6.0,128,128,518.8764329219557,547.7731865332618,-1.0133775329880956,475.96066941203907,517.5854145068598,475.96066941203907,0.0,0.0,0.0,120,0.5666666666666667
reference,monthly_test,augmented_delta,101,schedule,tenor_months,-3.0,128,128,334.19101960383557,357.81790338474093,0.27897974636864287,291.27525609391887,314.4955597936784,291.27525609391887,0.0,0.0,0.0,113,0.6017699115044248
reference,monthly_test,augmented_delta,101,schedule,tenor_months,-1.0,128,128,88.70817494293716,117.84803496680411,0.9293993475598725,43.70566176708053,48.04475064847225,42.943632070619664,0.0,0.03125,0.0703125,97,0.6391752577319587
reference,monthly_test,augmented_delta,101,schedule,tenor_months,1.0,128,128,73.09490220217239,80.27029381012674,0.9702672289672645,52.97886244226447,55.38038583371002,-52.97886244226447,0.0,0.0,0.0078125,96,0.65625
reference,monthly_test,augmented_delta,101,schedule,tenor_months,3.0,128,128,115.13561678903521,148.23250670144392,0.9072048145213067,157.94018357020877,164.76562226962537,-157.94018357020877,0.0,0.0,0.0,111,0.6216216216216216
reference,monthly_test,augmented_delta,101,schedule,tenor_months,6.0,128,128,265.3012854149189,291.77824640885467,0.6809307333380237,308.2170489248356,321.0753588971228,-308.2170489248356,0.0,0.0,0.0,117,0.5897435897435898
reference,monthly_test,augmented_delta,101,schedule,tenor_months,12.0,128,128,539.9715320118823,568.1730227980746,0.014168553627974312,582.8872955217992,607.7297430363335,-582.8872955217992,0.0,0.0,0.0,119,0.5882352941176471
reference,monthly_test,augmented_delta,101,terms,coupon_regular,-0.01,128,128,58.307581771573446,76.79052996198216,0.9721460137141541,11.081714386120439,12.96108398802117,-6.14114104071632,0.078125,0.2421875,0.453125,128,1.0
reference,monthly_test,augmented_delta,101,terms,coupon_regular,-0.005,128,128,61.480500358259576,81.36339476816678,0.9683349680723894,5.4812063580223676,6.390859435097739,-3.082884751648331,0.1484375,0.453125,0.9765625,128,1.0
reference,monthly_test,augmented_delta,101,terms,coupon_regular,-0.0025,128,128,63.231994222447874,83.72756323827481,0.9662688164924462,2.724053932353854,3.174923634163081,-1.5413777250796556,0.2265625,0.9765625,1.0,128,1.0
reference,monthly_test,augmented_delta,101,terms,coupon_regular,-0.001,128,128,64.27885774529422,85.16768311969203,0.9649782058565204,1.0854138568975031,1.2653440082184857,-0.6161773420559862,0.4453125,1.0,1.0,128,1.0
reference,monthly_test,augmented_delta,101,terms,coupon_regular,0.001,128,128,65.6658817313009,87.11044199648,0.9631987680956501,1.0793648664839566,1.2592875289422447,0.6150730585989852,0.4453125,1.0,1.0,128,1.0
reference,monthly_test,augmented_delta,101,terms,coupon_regular,0.0025,128,128,66.70084044281596,88.58226128686871,0.9618213334675612,2.6868166682931283,3.1374455304714637,1.5346533769431214,0.2578125,0.9765625,1.0,128,1.0
reference,monthly_test,augmented_delta,101,terms,coupon_regular,0.005,128,128,68.41839819136268,91.05891307715675,0.9594465304579387,5.335677485214546,6.2410041014550135,3.055291355665152,0.1171875,0.4453125,0.9765625,128,1.0
reference,monthly_test,augmented_delta,101,terms,coupon_regular,0.01,128,128,72.1289813041667,96.0712355562624,0.9544223284531608,10.514005274667094,12.358925004984599,6.02181380831947,0.0703125,0.296875,0.4375,128,1.0
reference,monthly_test,augmented_delta,101,terms,first_strike,-0.05,128,128,34.03573344817393,39.83876900592274,0.9908199362190114,39.074416653979526,53.57720348629187,-27.669698854616097,0.046875,0.1171875,0.28125,126,0.6190476190476191
reference,monthly_test,augmented_delta,101,terms,first_strike,-0.025,128,128,46.09052399799077,57.49345022213102,0.982755082826554,22.28004544057209,31.12602845048586,-16.114820565432943,0.046875,0.2578125,0.4609375,128,0.6484375
reference,monthly_test,augmented_delta,101,terms,first_strike,-0.01,128,128,56.72759434304276,73.60334381480942,0.9730657648237534,9.489399416848755,13.37431354739168,-7.0028458572693735,0.140625,0.5,0.65625,124,0.6532258064516129
reference,monthly_test,augmented_delta,101,terms,first_strike,-0.005,128,128,60.72215894463897,79.70890294152174,0.9688389206939187,4.849291929658648,6.832019932429788,-3.5831877145768276,0.2734375,0.65625,0.8046875,123,0.6504065040650406
reference,monthly_test,augmented_delta,101,terms,first_strike,0.005,128,128,69.32053341332926,92.84391523456725,0.9587703273861719,4.891712227268727,7.040753996754773,3.6385192654464236,0.296875,0.6484375,0.78125,121,0.6446280991735537
reference,monthly_test,augmented_delta,101,terms,first_strike,0.01,128,128,73.82261726586842,99.7931720292217,0.9528851880727557,9.837765338026657,14.271445754700858,7.3952882666429405,0.1953125,0.5234375,0.6640625,123,0.6422764227642277
reference,monthly_test,augmented_delta,101,terms,first_strike,0.025,128,128,87.86232918462436,121.66653459215146,0.9318847387241975,25.198650915915398,36.81925836187257,19.20904327961034,0.0546875,0.328125,0.4609375,124,0.6451612903225806
reference,monthly_test,augmented_delta,101,terms,first_strike,0.05,128,128,112.105211835544,159.05925413565598,0.8872885585388757,51.201209683373236,74.90075375503471,38.56206927301234,0.03125,0.15625,0.3203125,124,0.6209677419354839
reference,monthly_test,augmented_delta,101,terms,ki_barrier,-0.05,43,43,30.45782957917677,43.91338203652816,0.9909756814622941,31.1523492109868,36.475676708074566,-6.881043563864026,0.0,0.09302325581395349,0.13953488372093023,43,1.0
reference,monthly_test,augmented_delta,101,terms,ki_barrier,-0.025,43,43,25.991592457171485,33.82329710976141,0.9949826495618181,15.399310191876667,17.618287518086454,-1.3006999867484537,0.0,0.13953488372093023,0.32558139534883723,43,1.0
reference,monthly_test,augmented_delta,101,terms,ki_barrier,-0.01,43,43,26.10067600469551,32.463937007915725,0.9955044959161007,6.386751031575276,7.3280756445984725,-0.12801397967246134,0.0,0.3488372093023256,0.7674418604651163,43,1.0
reference,monthly_test,augmented_delta,101,terms,ki_barrier,-0.005,43,43,26.568373195321414,32.76725531346211,0.9954546602040177,3.1990878420860263,3.715716152875849,0.050197767137094944,0.16279069767441862,0.7674418604651163,1.0,43,1.0
reference,monthly_test,augmented_delta,101,terms,ki_barrier,0.005,43,43,27.849960515874848,34.71370084844541,0.9949616370879882,3.2839249173800154,3.8489714907099097,-0.2508257462303765,0.18604651162790697,0.7674418604651163,1.0,42,1.0
reference,monthly_test,augmented_delta,101,terms,ki_barrier,0.01,43,43,29.290340349049412,36.3042900555686,0.9945180686943189,6.573660001447496,7.788164895397337,-0.7725073975301527,0.11627906976744186,0.3953488372093023,0.7441860465116279,43,1.0
reference,monthly_test,augmented_delta,101,terms,ki_barrier,0.025,43,43,36.23962369899079,43.334332669148715,0.9922693195046349,16.40466275736112,20.289751104833403,-3.4902896257911538,0.046511627906976744,0.2558139534883721,0.37209302325581395,43,1.0
reference,monthly_test,augmented_delta,101,terms,ki_barrier,0.05,43,43,50.25908056487749,61.875966220452796,0.9842738952779498,35.058370641266656,44.51554451854029,-12.866135498696519,0.0,0.09302325581395349,0.16279069767441862,43,1.0
reference,monthly_test,augmented_delta,101,terms,last_strike,-0.05,128,128,89.75584637536278,120.38447495811822,0.9253167793689119,29.194706162593015,36.706885138912185,19.465566775063053,0.0078125,0.15625,0.2890625,128,1.0
reference,monthly_test,augmented_delta,101,terms,last_strike,-0.025,128,128,76.40591498839393,102.55197297593489,0.9476629010473537,14.220854601201912,17.933353961602627,10.05886320467107,0.0546875,0.28125,0.4921875,128,1.0
reference,monthly_test,augmented_delta,101,terms,last_strike,-0.01,128,128,69.2300257087781,92.47230549078506,0.9581828789403207,5.6666075997830685,7.081681728385608,4.173548154610518,0.15625,0.5234375,0.6796875,128,1.0
reference,monthly_test,augmented_delta,101,terms,last_strike,-0.005,128,128,67.05461933788402,89.26513509729371,0.9612404327172344,2.838921604445204,3.5338872529003167,2.092684922895084,0.296875,0.6953125,1.0,127,1.0
reference,monthly_test,augmented_delta,101,terms,last_strike,0.005,128,128,62.95611280391642,83.10390181551439,0.9667444904027199,2.7776859021202354,3.483736824492833,-2.09180489628731,0.3203125,0.7265625,1.0,126,1.0
reference,monthly_test,augmented_delta,101,terms,last_strike,0.01,128,128,60.98329335961982,80.09128989292216,0.9692597245746523,5.5996037109871395,6.954054700528701,-4.20570387627231,0.1640625,0.5078125,0.6796875,128,1.0
reference,monthly_test,augmented_delta,101,terms,last_strike,0.025,128,128,56.239085524989015,71.72932813606161,0.975647112000223,13.861754705256317,17.167854692557583,-11.18872330102992,0.046875,0.2890625,0.4921875,128,1.0
reference,monthly_test,augmented_delta,101,terms,last_strike,0.05,128,128,50.04220937397467,60.208045871091215,0.9831185897786959,28.00805730861612,33.91030227442626,-23.859217093170933,0.0234375,0.109375,0.2109375,128,1.0
reference,monthly_test,augmented_delta,101,terms,monthly_barrier,-0.05,123,123,64.3271460178695,86.09894437196935,0.9641667480349377,3.788195005277308,4.836493351885014,0.5689045278037467,0.17886178861788618,0.6991869918699187,0.967479674796748,0,
reference,monthly_test,augmented_delta,101,terms,monthly_barrier,-0.025,123,123,65.15577354612374,86.73813389874606,0.9636327285096411,1.8620345650649652,2.386394620333081,0.26283709983515546,0.34146341463414637,0.975609756097561,1.0,0,
reference,monthly_test,augmented_delta,101,terms,monthly_barrier,-0.01,123,123,65.61802937293426,87.12983676263352,0.9633035231464118,0.7368200193575727,0.9470438224701846,0.09995165879164285,0.6991869918699187,1.0,1.0,0,
reference,monthly_test,augmented_delta,101,terms,monthly_barrier,-0.005,123,123,65.76574228204348,87.26126040620034,0.9631927362533194,0.36703861825834444,0.4722706806757157,0.049137487644102515,0.975609756097561,1.0,1.0,0,
reference,monthly_test,augmented_delta,101,terms,monthly_barrier,0.005,128,128,65.1030250173703,86.26080237602636,0.9639926780973175,0.3573251888155937,0.46224923278580843,-0.05168374627828598,0.9765625,1.0,1.0,0,
reference,monthly_test,augmented_delta,101,terms,monthly_barrier,0.01,128,128,65.22858127026709,86.38535244227538,0.9638886226771322,0.7124431431293488,0.9223348652226211,-0.10240823030471802,0.7265625,1.0,1.0,0,
reference,monthly_test,augmented_delta,101,terms,monthly_barrier,0.025,128,128,65.580905256857,86.75634013868245,0.963577791194693,1.7638364806771278,2.290438016559097,-0.24982262402772903,0.3515625,0.9765625,1.0,0,
reference,monthly_test,augmented_delta,101,terms,monthly_barrier,0.05,128,128,66.12837083661344,87.36205816019886,0.9630674284165675,3.474014811217785,4.533219462706051,-0.4795333370566368,0.21875,0.71875,0.9765625,0,
reference,monthly_test,augmented_delta,233,schedule,nobs_early,1.0,128,128,121.2081643528289,147.0870274746437,0.8971836365211959,93.57224248671386,137.35980234703538,-75.63050854996861,0.0,0.0234375,0.078125,119,0.3949579831932773
reference,monthly_test,augmented_delta,233,schedule,nobs_late,1.0,128,128,573.6769645311729,632.3615890854661,-1.4461781824054363,654.8347747623691,695.283021416798,-654.8347747623691,0.0,0.0,0.0,125,0.488
reference,monthly_test,augmented_delta,233,schedule,nobs_middle,1.0,128,128,553.4250956324784,586.9963674904267,-0.9699930093377718,634.5829058636749,663.6330683956885,-634.5829058636749,0.0,0.0,0.0,121,0.5537190082644629
reference,monthly_test,augmented_delta,233,schedule,tenor_months,-12.0,128,128,704.8413476402802,729.4426670225006,-4.582898159916841,623.683537409084,651.0245181535303,623.683537409084,0.0,0.0,0.0,125,0.536
reference,monthly_test,augmented_delta,233,schedule,tenor_months,-6.0,128,128,468.72319422311557,487.03697393627243,-0.5916498892512339,387.5653839919193,410.7937829429052,387.5653839919193,0.0,0.0,0.0,120,0.5666666666666667
reference,monthly_test,augmented_delta,233,schedule,tenor_months,-3.0,128,128,249.30639188163184,265.63458439782886,0.602632296867174,168.17397452923615,193.83639786817926,168.14858165043552,0.0,0.0078125,0.0078125,113,0.6017699115044248
reference,monthly_test,augmented_delta,233,schedule,tenor_months,-1.0,128,128,120.91609137935576,149.90395025783778,0.8857673692083805,37.992699431094785,43.26313758124118,36.358026628095715,0.0078125,0.0546875,0.1015625,97,0.6494845360824743
reference,monthly_test,augmented_delta,233,schedule,tenor_months,1.0,128,128,67.22062915751854,86.80130622467497,0.9652321205961151,50.398325912842665,52.094255874596776,-50.398325912842665,0.0,0.0,0.0,96,0.65625
reference,monthly_test,augmented_delta,233,schedule,tenor_months,3.0,128,128,83.26014215478473,100.52129031487371,0.9573268553583651,147.35049641651176,152.20552280330602,-147.35049641651176,0.0,0.0,0.0,111,0.6216216216216216
reference,monthly_test,augmented_delta,233,schedule,tenor_months,6.0,128,128,204.02344047181276,218.8883909388306,0.8204337918097162,285.181250703009,295.03990683496215,-285.181250703009,0.0,0.0,0.0,117,0.5897435897435898
reference,monthly_test,augmented_delta,233,schedule,tenor_months,12.0,128,128,462.419621358172,478.27174702574564,0.3014606081817567,543.5774315893684,566.6640966078731,-543.5774315893684,0.0,0.0,0.0,119,0.5882352941176471
reference,monthly_test,augmented_delta,233,terms,coupon_regular,-0.01,128,128,73.01308018402389,97.07602228088084,0.9554860664546749,17.716064831241965,23.33859131177384,-14.34633972356096,0.0625,0.28125,0.4375,128,1.0
reference,monthly_test,augmented_delta,233,terms,coupon_regular,-0.005,128,128,80.3227312065971,107.31711700891394,0.9449116450796099,8.518933349987492,11.140609639510766,-6.8210086751884464,0.1171875,0.453125,0.6171875,128,1.0
reference,monthly_test,augmented_delta,233,terms,coupon_regular,-0.0025,128,128,83.76855005216774,112.19331531882469,0.9394340353486376,4.1771625629626215,5.44077066201576,-3.31807111389935,0.2109375,0.6171875,0.8984375,128,1.0
reference,monthly_test,augmented_delta,233,terms,coupon_regular,-0.001,128,128,85.74388878499151,115.03352118166755,0.9361093138048922,1.6513160237421594,2.145866264966029,-1.304718091307829,0.4609375,1.0,1.0,128,1.0
reference,monthly_test,augmented_delta,233,terms,coupon_regular,0.001,128,128,88.2830811764734,118.71836064482873,0.9316469805761064,1.6247284305281937,2.105907161432813,1.274104852074136,0.4609375,1.0,1.0,128,1.0
reference,monthly_test,augmented_delta,233,terms,coupon_regular,0.0025,128,128,90.15985905508667,121.40466177677749,0.9282869890261839,4.014222543220967,5.192016034876796,3.1277318635645015,0.2265625,0.6171875,0.9375,128,1.0
reference,monthly_test,augmented_delta,233,terms,coupon_regular,0.005,128,128,93.17809162151238,125.73481857215579,0.9226795788445503,7.876328112790361,10.148607999436367,6.062019721682493,0.09375,0.46875,0.6171875,128,1.0
reference,monthly_test,augmented_delta,233,terms,coupon_regular,0.01,128,128,98.91957313068843,133.85647536062,0.9115201958803382,15.1801239666529,19.41907850588508,11.34697193497171,0.046875,0.296875,0.4609375,128,1.0
reference,monthly_test,augmented_delta,233,terms,first_strike,-0.05,128,128,43.62913903519053,51.00302077358386,0.9849538400097145,53.13517202872391,73.60367389358643,-44.79314472310823,0.03125,0.109375,0.2109375,126,0.6349206349206349
reference,monthly_test,augmented_delta,233,terms,first_strike,-0.025,128,128,64.05242020620264,81.20153473135562,0.965600443411777,27.21077106009883,38.39165005912674,-22.298341456205286,0.0390625,0.2265625,0.4140625,128,0.625
reference,monthly_test,augmented_delta,233,terms,first_strike,-0.01,128,128,77.62886283328851,102.16114556570211,0.948110311159384,11.033065629804089,15.69307850112217,-8.959182057506647,0.109375,0.4765625,0.6640625,124,0.6290322580645161
reference,monthly_test,augmented_delta,233,terms,first_strike,-0.005,128,128,82.36789492856491,109.47164904846694,0.9412237128752045,5.56374128241805,7.9066608607380955,-4.483022272944558,0.2421875,0.6640625,0.703125,123,0.6260162601626016
reference,monthly_test,augmented_delta,233,terms,first_strike,0.005,128,128,91.74365465453684,124.38463085305136,0.9259991962657301,5.494758013951166,7.923903806229382,4.396303848120927,0.234375,0.65625,0.6875,121,0.6115702479338843
reference,monthly_test,augmented_delta,233,terms,first_strike,0.01,128,128,96.48153151746104,131.96576592004726,0.9176092658698315,11.011932899245343,15.89345781697115,8.785245299740685,0.1171875,0.5234375,0.6640625,123,0.6097560975609756
reference,monthly_test,augmented_delta,233,terms,first_strike,0.025,128,128,110.54831219491545,154.94272380715657,0.8895299570273377,27.56934339770669,39.85596969961767,21.921944029949373,0.0390625,0.234375,0.4609375,124,0.6209677419354839
reference,monthly_test,augmented_delta,233,terms,first_strike,0.05,128,128,133.2008429712153,192.32360032086868,0.8352159086183497,54.3631163099144,78.52106753570779,42.71300192775077,0.0234375,0.140625,0.2578125,124,0.6290322580645161
reference,monthly_test,augmented_delta,233,terms,ki_barrier,-0.05,43,43,35.5952258607474,50.598923053180165,0.988018720728616,32.76220213616079,37.703585983480124,-5.614652785566426,0.0,0.023255813953488372,0.16279069767441862,43,1.0
reference,monthly_test,augmented_delta,233,terms,ki_barrier,-0.025,43,43,35.88381110755515,46.322166311415906,0.990589335786772,15.930799166765784,18.438077863112245,-0.7407767260374939,0.046511627906976744,0.23255813953488372,0.2558139534883721,43,1.0
reference,monthly_test,augmented_delta,233,terms,ki_barrier,-0.01,43,43,37.169866419476655,46.60206426079306,0.9907362605573641,6.624796265086462,7.628586460438004,0.0804498000431432,0.09302325581395349,0.3488372093023256,0.7674418604651163,43,1.0
reference,monthly_test,augmented_delta,233,terms,ki_barrier,-0.005,43,43,37.995859858789416,47.20214721209662,0.9905678709258685,3.315955935233785,3.82304855131706,0.15194150961415714,0.09302325581395349,0.7674418604651163,1.0,43,1.0
reference,monthly_test,augmented_delta,233,terms,ki_barrier,0.005,43,43,40.72206993613288,48.98906817043983,0.9899657256545032,3.425701061653537,4.027304730144357,-0.3482169634843054,0.16279069767441862,0.6976744186046512,1.0,42,1.0
reference,monthly_test,augmented_delta,233,terms,ki_barrier,0.01,43,43,42.20913115211637,50.138471049380215,0.9895441374684113,6.851255083788734,8.124911185836924,-0.9628541375430978,0.11627906976744186,0.4186046511627907,0.6976744186046512,43,1.0
reference,monthly_test,augmented_delta,233,terms,ki_barrier,0.025,43,43,46.942006114429944,55.06236570655218,0.9875186020104965,17.439884807192538,20.975024955856075,-3.936853169066499,0.023255813953488372,0.23255813953488372,0.3488372093023256,43,1.0
reference,monthly_test,augmented_delta,233,terms,ki_barrier,0.05,43,43,59.22505485786966,67.9707821733673,0.9810232554651908,36.87360651132672,45.40504518249126,-13.680127023148906,0.023255813953488372,0.06976744186046512,0.16279069767441862,43,1.0
reference,monthly_test,augmented_delta,233,terms,last_strike,-0.05,128,128,108.01873168140293,149.12012951223497,0.8854079162890374,30.733644456835464,37.4219120588092,18.821138119557872,0.0234375,0.109375,0.25,128,1.0
reference,monthly_test,augmented_delta,233,terms,last_strike,-0.025,128,128,97.66790398210867,133.1596353744734,0.9117597356704037,15.382298211023834,18.948693025755254,10.737219941569492,0.0625,0.25,0.4609375,128,1.0
reference,monthly_test,augmented_delta,233,terms,last_strike,-0.01,128,128,91.35570325356676,123.42394916490461,0.9255045692325727,6.323076641187072,7.694637107960348,4.688532285469895,0.09375,0.5,0.625,128,1.0
reference,monthly_test,augmented_delta,233,terms,last_strike,-0.005,128,128,89.18009475641492,120.1492542650915,0.9297805625495832,3.1816790181522565,3.8648260091873268,2.390843188545356,0.2265625,0.6328125,1.0,127,1.0
reference,monthly_test,augmented_delta,233,terms,last_strike,0.005,128,128,84.80980119481279,113.61522079222718,0.9378424610037999,3.1650044656901937,3.8627410104959936,-2.4715144231837867,0.2421875,0.6328125,1.0,126,1.0
reference,monthly_test,augmented_delta,233,terms,last_strike,0.01,128,128,82.51359287755703,110.29431039758998,0.9417033770488941,6.4166743597597815,7.8014806739753,-5.046352885023225,0.0859375,0.5234375,0.6328125,128,1.0
reference,monthly_test,augmented_delta,233,terms,last_strike,0.025,128,128,75.2456171017071,100.23576384506357,0.9524443246031465,16.463428026123438,19.8906328744767,-13.896697354949236,0.03125,0.1875,0.453125,128,1.0
reference,monthly_test,augmented_delta,233,terms,last_strike,0.05,128,128,64.58560467775628,83.72193461792945,0.9673578940302481,34.75079262792133,41.32654719881978,-31.25638168382769,0.0078125,0.1015625,0.1484375,128,1.0
reference,monthly_test,augmented_delta,233,terms,monthly_barrier,-0.05,123,123,83.33257602959429,109.4947975621743,0.9420467841964083,9.30750757698121,11.571745899671795,-5.174405206509722,0.08943089430894309,0.3821138211382114,0.5853658536585366,0,
reference,monthly_test,augmented_delta,233,terms,monthly_barrier,-0.025,123,123,85.84559296338158,114.16247532029348,0.9370004679813593,4.530602354344314,5.61891012848111,-2.510528254315136,0.18699186991869918,0.5853658536585366,1.0,0,
reference,monthly_test,augmented_delta,233,terms,monthly_barrier,-0.01,123,123,87.28865624677624,116.87019413211597,0.9339765672625746,1.782992991005502,2.2082482225653277,-0.986733087679235,0.3821138211382114,1.0,1.0,0,
reference,monthly_test,augmented_delta,233,terms,monthly_barrier,-0.005,123,123,87.77094182905246,117.75651517410503,0.9329713519877002,0.8866845107660061,1.0976336241406583,-0.49055107240754414,0.5853658536585366,1.0,1.0,0,
reference,monthly_test,augmented_delta,233,terms,monthly_barrier,0.005,128,128,87.48210090035576,117.73736377768171,0.9329200934232073,0.8477689698338509,1.0637515443730288,0.4640640690922737,0.6015625,1.0,1.0,0,
reference,monthly_test,augmented_delta,233,terms,monthly_barrier,0.01,128,128,87.94862366104502,118.5755795301137,0.9319615602187276,1.6865506768226624,2.1150742986966624,0.9222980588674545,0.4296875,1.0,1.0,0,
reference,monthly_test,augmented_delta,233,terms,monthly_barrier,0.025,128,128,89.30667823934931,121.03892750835286,0.9291052675316661,4.149489104747772,5.195081990584979,2.2630486637353897,0.21875,0.6171875,1.0,0,
reference,monthly_test,augmented_delta,233,terms,monthly_barrier,0.05,128,128,91.4377398678102,124.97328739865797,0.924421508007604,8.079763501882553,10.090699548862638,4.391670227050781,0.1015625,0.4375,0.6171875,0,
reference,monthly_test,augmented_delta,47,schedule,nobs_early,1.0,128,128,140.56976580462634,173.4855808626044,0.8569656766748853,93.55411758077025,145.13629507032314,-45.72588037745179,0.0,0.03125,0.0625,119,0.7142857142857143
reference,monthly_test,augmented_delta,47,schedule,nobs_late,1.0,128,128,504.554533662726,567.4512665218207,-0.9697643062888632,562.3066010623941,608.0213607732945,-562.3066010623941,0.0,0.0,0.0,125,0.488
reference,monthly_test,augmented_delta,47,schedule,nobs_middle,1.0,128,128,507.73598405699414,544.5492215402559,-0.6953842359811284,565.4880514566624,596.8044508003109,-565.4880514566624,0.0,0.0,0.0,121,0.5537190082644629
reference,monthly_test,augmented_delta,47,schedule,tenor_months,-12.0,128,128,690.2585078458233,713.7173669993371,-4.344780934377541,632.5064404461552,665.8500771580042,632.5064404461552,0.0,0.0,0.0,125,0.536
reference,monthly_test,augmented_delta,47,schedule,tenor_months,-6.0,128,128,579.4665147701598,608.5953589668807,-1.4853121956365074,521.7144473704917,564.28815437973,521.7144473704917,0.0,0.0,0.0,120,0.5666666666666667
reference,monthly_test,augmented_delta,47,schedule,tenor_months,-3.0,128,128,302.0400460379591,319.5719151492387,0.4248772573396007,244.28797863829095,268.73755504142673,244.28797863829095,0.0,0.0078125,0.0078125,113,0.6017699115044248
reference,monthly_test,augmented_delta,47,schedule,tenor_months,-1.0,128,128,74.14481232210805,90.94294044857745,0.9579561955024819,25.102383779396405,32.34549272737641,12.453770105440224,0.0,0.0546875,0.109375,97,0.845360824742268
reference,monthly_test,augmented_delta,47,schedule,tenor_months,1.0,128,128,58.5854284387176,68.85560568328468,0.9781221678024066,42.0590484500229,43.73439027603167,-41.61455705035678,0.0,0.0078125,0.0078125,96,0.6458333333333334
reference,monthly_test,augmented_delta,47,schedule,tenor_months,3.0,128,128,72.34387542139233,92.22454478399143,0.9640803927855554,125.96144404479205,131.88379186514416,-125.70638283115886,0.0,0.0078125,0.0078125,111,0.6216216216216216
reference,monthly_test,augmented_delta,47,schedule,tenor_months,6.0,128,128,197.078414937759,208.37712208601232,0.8372656529181565,253.37658771804158,266.7849009856973,-253.08972811368312,0.0,0.0,0.0078125,117,0.5897435897435898
reference,monthly_test,augmented_delta,47,schedule,tenor_months,12.0,128,128,467.30701367137465,490.9837131674033,0.26383422860367944,523.6051864516573,559.352297363136,-522.4804886430536,0.0,0.0078125,0.0078125,119,0.5882352941176471
reference,monthly_test,augmented_delta,47,terms,coupon_regular,-0.01,128,128,57.80899730223698,77.0875184899144,0.9719301456627618,13.592800021792453,16.367415908009523,-9.164479544851929,0.03125,0.2265625,0.46875,128,1.0
reference,monthly_test,augmented_delta,47,terms,coupon_regular,-0.005,128,128,61.29720928317539,83.519615156307,0.9666344123616735,6.75473919704867,8.181202000478567,-4.650887377948189,0.0625,0.4765625,0.65625,128,1.0
reference,monthly_test,augmented_delta,47,terms,coupon_regular,-0.0025,128,128,63.334881923472786,86.85993723682589,0.9636977370758618,3.354391477070749,4.075208606963283,-2.3306782636791468,0.15625,0.671875,1.0,128,1.0
reference,monthly_test,augmented_delta,47,terms,coupon_regular,-0.001,128,128,64.63563549000635,88.88058411936967,0.9618580822568538,1.3347267483671506,1.6245079111995868,-0.9320121101724604,0.4921875,1.0,1.0,128,1.0
reference,monthly_test,augmented_delta,47,terms,coupon_regular,0.001,128,128,66.3901289258511,91.57692483861344,0.9593281400321992,1.3242221144028006,1.6149644773641807,0.9298321491417785,0.4921875,1.0,1.0,128,1.0
reference,monthly_test,augmented_delta,47,terms,coupon_regular,0.0025,128,128,67.70609231004205,93.59094442756889,0.957381820902358,3.28697617429619,4.015809785816406,2.3175510728421314,0.1875,0.7109375,1.0,128,1.0
reference,monthly_test,augmented_delta,47,terms,coupon_regular,0.005,128,128,69.87291270135609,96.91113615825044,0.9540664023140483,6.4817404303854955,7.945951628083533,4.5997967134074615,0.0859375,0.4921875,0.7265625,128,1.0
reference,monthly_test,augmented_delta,47,terms,coupon_regular,0.01,128,128,74.1946592949227,103.31225305692313,0.94729290895077,12.522463401003431,15.461184755239987,8.97606214725723,0.0859375,0.28125,0.5078125,128,1.0
reference,monthly_test,augmented_delta,47,terms,first_strike,-0.05,128,128,31.85615475910872,37.34121586589646,0.9919348808591076,44.85829745788821,63.10145292427351,-33.766290096273835,0.015625,0.09375,0.3203125,126,0.626984126984127
reference,monthly_test,augmented_delta,47,terms,first_strike,-0.025,128,128,46.455121071948156,59.53387569224462,0.9815093285495887,23.601598493945254,33.55647655115815,-17.920398923904337,0.0546875,0.28125,0.4765625,128,0.65625
reference,monthly_test,augmented_delta,47,terms,first_strike,-0.01,128,128,57.48960907720376,77.24192832467872,0.9703369521259261,9.737221606241897,13.851781438230777,-7.513802017993536,0.15625,0.5390625,0.625,124,0.6532258064516129
reference,monthly_test,augmented_delta,47,terms,first_strike,-0.005,128,128,61.466589987042504,83.6314458887027,0.9656965312009506,4.931924486817783,7.002059639566833,-3.811981074869739,0.265625,0.625,0.8046875,123,0.6504065040650406
reference,monthly_test,augmented_delta,47,terms,first_strike,0.005,128,128,69.59802094885379,96.95925148297772,0.9550342851867513,4.873095722369423,7.074595663175808,3.8276801935765734,0.3125,0.640625,0.796875,121,0.6363636363636364
reference,monthly_test,augmented_delta,47,terms,first_strike,0.01,128,128,73.74170618233836,103.82430460436426,0.9490019149258848,9.783803741235413,14.218525617774956,7.747905619843854,0.1796875,0.5546875,0.640625,123,0.6341463414634146
reference,monthly_test,augmented_delta,47,terms,first_strike,0.025,128,128,86.62499803061506,124.99097453819573,0.928111493910329,24.58227556869436,36.04508372662611,20.03738020392484,0.1015625,0.296875,0.4765625,124,0.6290322580645161
reference,monthly_test,augmented_delta,47,terms,first_strike,0.05,128,128,108.78702520189614,160.68532908583032,0.8849722635045965,49.11402166179262,72.44692705811195,40.921542419510544,0.03125,0.1328125,0.3125,124,0.6370967741935484
reference,monthly_test,augmented_delta,47,terms,ki_barrier,-0.05,43,43,31.462158456719195,39.58431655729259,0.992667248853663,28.357347900322242,33.53361063986344,-3.121764756334844,0.023255813953488372,0.09302325581395349,0.23255813953488372,43,1.0
reference,monthly_test,augmented_delta,47,terms,ki_barrier,-0.025,43,43,28.177536754305926,36.12888123197839,0.9942753151773659,14.106786144276459,17.015713415236583,0.49168098937402555,0.06976744186046512,0.18604651162790697,0.3953488372093023,43,1.0
reference,monthly_test,augmented_delta,47,terms,ki_barrier,-0.01,43,43,28.457770173575035,36.887613162030874,0.9941958699861349,5.877332043509151,7.213862514710346,0.5672534093145253,0.16279069767441862,0.46511627906976744,0.7674418604651163,43,1.0
reference,monthly_test,augmented_delta,47,terms,ki_barrier,-0.005,43,43,28.92399808894393,37.64434953840945,0.9940009038884018,2.993693619215673,3.6792127158467314,0.3941581521269885,0.20930232558139536,0.7906976744186046,1.0,43,1.0
reference,monthly_test,augmented_delta,47,terms,ki_barrier,0.005,43,43,30.938736018435986,40.106581191347246,0.99327458792554,3.1443176806666138,3.93010337937713,-0.5874256506677743,0.27906976744186046,0.7441860465116279,1.0,42,1.0
reference,monthly_test,augmented_delta,47,terms,ki_barrier,0.01,43,43,32.45572801460629,41.68522308590152,0.9927726023128914,6.309785770642203,7.9617571905010935,-1.438180387308893,0.16279069767441862,0.4418604651162791,0.7441860465116279,43,1.0
reference,monthly_test,augmented_delta,47,terms,ki_barrier,0.025,43,43,38.62384641708381,48.57182886223729,0.9902876927966849,16.555590056576005,20.99106753932009,-5.099060572914837,0.046511627906976744,0.23255813953488372,0.3953488372093023,43,1.0
reference,monthly_test,augmented_delta,47,terms,ki_barrier,0.05,43,43,53.1436937198172,66.55380120015788,0.981806221369616,36.23672029757223,46.612170977442325,-15.900691133483434,0.023255813953488372,0.06976744186046512,0.20930232558139536,43,1.0
reference,monthly_test,augmented_delta,47,terms,last_strike,-0.05,128,128,75.95295375045285,107.23278807476731,0.9407433264759193,17.195606205301978,20.863881592381105,9.776557026663795,0.03125,0.2265625,0.3828125,128,1.0
reference,monthly_test,augmented_delta,47,terms,last_strike,-0.025,128,128,70.64350844244566,98.90745141736164,0.9513167426651812,8.732519866821045,10.594751436102634,5.1794546886812896,0.09375,0.390625,0.5625,128,1.0
reference,monthly_test,augmented_delta,47,terms,last_strike,-0.01,128,128,67.52436929714267,93.73580068889338,0.9570323357189149,3.579414535857116,4.320716079105266,2.2190466598452376,0.1953125,0.6015625,1.0,128,1.0
reference,monthly_test,augmented_delta,47,terms,last_strike,-0.005,128,128,66.47020793192098,91.98253302471207,0.958844686261714,1.801150300850471,2.178061417591265,1.1163701546999316,0.3671875,1.0,1.0,127,1.0
reference,monthly_test,augmented_delta,47,terms,last_strike,0.005,128,128,64.496944305158,88.45147370488704,0.9623269376947379,1.7822633412433788,2.2076051870698477,-1.120635685316908,0.3828125,1.0,1.0,126,1.0
reference,monthly_test,augmented_delta,47,terms,last_strike,0.01,128,128,63.41203374764977,86.59382288626134,0.9640655498364761,3.614705980425545,4.443165377281148,-2.2721664526616223,0.234375,0.6171875,1.0,128,1.0
reference,monthly_test,augmented_delta,47,terms,last_strike,0.025,128,128,59.98258532454779,80.78298923726494,0.9691115024394243,9.202596607288191,11.406836105067134,-6.46503657612872,0.1015625,0.40625,0.5546875,128,1.0
reference,monthly_test,augmented_delta,47,terms,last_strike,0.05,128,128,53.611196054604946,70.19684210181819,0.9770525300277404,19.19374704050521,24.118668792503247,-15.125227422298241,0.03125,0.2421875,0.40625,128,1.0
reference,monthly_test,augmented_delta,47,terms,monthly_barrier,-0.05,123,123,60.900817355023385,83.53827343913973,0.9662664878461457,7.295637595944289,9.11186251266779,-3.3071855219399056,0.12195121951219512,0.43089430894308944,0.6747967479674797,0,
reference,monthly_test,augmented_delta,47,terms,monthly_barrier,-0.025,123,123,63.35048691832072,87.41675943299674,0.9630614387387023,3.5290844072171343,4.416146383094982,-1.6188476143813715,0.23577235772357724,0.6991869918699187,1.0,0,
reference,monthly_test,augmented_delta,47,terms,monthly_barrier,-0.01,123,123,64.81470166971162,89.65056414764891,0.9611494990174285,1.384775813032941,1.7338274800839981,-0.6405318655618807,0.44715447154471544,1.0,1.0,0,
reference,monthly_test,augmented_delta,47,terms,monthly_barrier,-0.005,123,123,65.29358553418578,90.37915861883975,0.9605154531826456,0.688016899232942,0.8615866324676873,-0.31922406297389083,0.7073170731707317,1.0,1.0,0,
reference,monthly_test,augmented_delta,47,terms,monthly_barrier,0.005,128,128,65.95770369448871,90.91251330444645,0.96000449704803,0.6671436131000519,0.8378992204370941,0.2984609454870224,0.734375,1.0,1.0,0,
reference,monthly_test,augmented_delta,47,terms,monthly_barrier,0.01,128,128,66.39339036473245,91.58747669278425,0.9594084138293002,1.3265525922179222,1.6657235705284075,0.5943281576037407,0.5,1.0,1.0,0,
reference,monthly_test,augmented_delta,47,terms,monthly_barrier,0.025,128,128,67.65418692656965,93.56413713946974,0.9576373940640323,3.2587116584181786,4.090490886892435,1.4680949971079826,0.2109375,0.7421875,0.9921875,0,
reference,monthly_test,augmented_delta,47,terms,monthly_barrier,0.05,128,128,69.71162978629678,96.69988485175224,0.9547502954290649,6.344630382955074,7.947514909611491,2.8877006843686104,0.109375,0.5,0.7578125,0,
reference,monthly_test,augmented_delta,ensemble,schedule,nobs_early,1.0,128,128,129.3016238366447,156.79393974805936,0.8831652477072234,76.90030138432851,132.03204563393368,-47.14798045700797,0.0,0.1953125,0.359375,119,0.6722689075630253
reference,monthly_test,augmented_delta,ensemble,schedule,nobs_late,1.0,128,128,528.3571922057167,588.4465670235406,-1.1182206187515038,588.9657392526435,629.9533258755298,-588.9657392526435,0.0,0.0,0.0,125,0.488
reference,monthly_test,augmented_delta,ensemble,schedule,nobs_middle,1.0,128,128,507.59262246867513,540.3989094069763,-0.6696397874310769,568.2011695156023,594.6531069698074,-568.2011695156023,0.0,0.0,0.0,121,0.5537190082644629
reference,monthly_test,augmented_delta,ensemble,schedule,tenor_months,-12.0,128,128,747.6747836103285,778.1246308164507,-5.352953926537007,687.0662365634014,727.517929236856,687.0662365634014,0.0,0.0,0.0,125,0.536
reference,monthly_test,augmented_delta,ensemble,schedule,tenor_months,-6.0,128,128,522.3553806384105,545.6776422199434,-0.9980023679681753,461.74683359148344,495.9324399923295,461.74683359148344,0.0,0.0,0.0,120,0.5666666666666667
reference,monthly_test,augmented_delta,ensemble,schedule,tenor_months,-3.0,128,128,295.179152507809,312.35930836967236,0.4505448655145192,234.57060546088195,255.79638665284625,234.57060546088195,0.0,0.0,0.0,113,0.6017699115044248
reference,monthly_test,augmented_delta,ensemble,schedule,tenor_months,-1.0,128,128,93.31746828647526,118.16893255528781,0.9290143360585807,31.771165270606353,36.85298906444629,30.585142934718572,0.015625,0.0390625,0.078125,97,0.6288659793814433
reference,monthly_test,augmented_delta,ensemble,schedule,tenor_months,1.0,128,128,65.25206425556654,75.32628414005234,0.9738170383584892,48.3305818018212,50.17797180264671,-48.3305818018212,0.0078125,0.0078125,0.0078125,96,0.65625
reference,monthly_test,augmented_delta,ensemble,schedule,tenor_months,3.0,128,128,88.24623413206123,111.80925258096322,0.9472048501228694,143.66568760595976,149.01485765353266,-143.66568760595976,0.0,0.0,0.0,111,0.6216216216216216
reference,monthly_test,augmented_delta,ensemble,schedule,tenor_months,6.0,128,128,221.67952473555383,237.9391442066104,0.7878168243871071,282.1626759138426,292.9168282400649,-282.1626759138426,0.0,0.0,0.0,117,0.5897435897435898
reference,monthly_test,augmented_delta,ensemble,schedule,tenor_months,12.0,128,128,489.0402964831785,508.89630321371317,0.20913921635333177,549.648405251407,574.9014925974626,-549.648405251407,0.0,0.0,0.0,119,0.5882352941176471
reference,monthly_test,augmented_delta,ensemble,terms,coupon_regular,-0.01,128,128,58.03815033357484,81.67670690786309,0.9684885442966071,13.324144704577819,16.6689818457023,-9.883986769709718,0.0625,0.2421875,0.515625,128,1.0
reference,monthly_test,augmented_delta,ensemble,terms,coupon_regular,-0.005,128,128,62.539046352038824,89.05668621631527,0.9620637087196019,6.535277160738294,8.167456610151515,-4.851593601594975,0.1328125,0.5078125,0.6640625,128,1.0
reference,monthly_test,augmented_delta,ensemble,terms,coupon_regular,-0.0025,128,128,64.83074995816503,92.69185243490293,0.9586593026111637,3.2315996342028908,4.0381346521790755,-2.396709034219324,0.2265625,0.6640625,1.0,128,1.0
reference,monthly_test,augmented_delta,ensemble,terms,coupon_regular,-0.001,128,128,66.30168275029763,94.84714412386107,0.9565652583802291,1.2834581326072674,1.6039233822444026,-0.9509691811786805,0.53125,1.0,1.0,128,1.0
reference,monthly_test,augmented_delta,ensemble,terms,coupon_regular,0.001,128,128,68.29955181979172,97.68525512675508,0.9537214277231196,1.2709792312234756,1.5882424428101456,0.9396700199383057,0.5390625,1.0,1.0,128,1.0
reference,monthly_test,augmented_delta,ensemble,terms,coupon_regular,0.0025,128,128,69.81026222181484,99.78382572683418,0.951555159288892,3.1531092546258463,3.9406925102758983,2.32664543778319,0.25,0.6875,1.0,128,1.0
reference,monthly_test,augmented_delta,ensemble,terms,coupon_regular,0.005,128,128,72.31582824612369,103.21776770833652,0.9478934863057524,6.220762920643567,7.779236276899909,4.572369263585097,0.140625,0.53125,0.7265625,128,1.0
reference,monthly_test,augmented_delta,ensemble,terms,coupon_regular,0.01,128,128,77.3233470666973,109.81465955465879,0.9404494165119921,12.095734337499954,15.138615111953008,8.781615963516213,0.0703125,0.296875,0.5078125,128,1.0
reference,monthly_test,augmented_delta,ensemble,terms,first_strike,-0.05,128,128,32.40725767043696,39.95257725917883,0.9907674115374604,44.92977760773771,62.969491874213176,-35.40971122466601,0.0234375,0.1484375,0.296875,126,0.6428571428571429
reference,monthly_test,augmented_delta,ensemble,terms,first_strike,-0.025,128,128,47.71716009364603,64.18418432510093,0.9785078223281168,24.0717901177086,34.15154215715259,-18.77785364851423,0.0625,0.25,0.46875,128,0.6484375
reference,monthly_test,augmented_delta,ensemble,terms,first_strike,-0.01,128,128,58.9315163669231,82.72803760212312,0.9659736783443742,9.99544665303861,14.227606921718621,-7.825276644256464,0.125,0.515625,0.65625,124,0.6532258064516129
reference,monthly_test,augmented_delta,ensemble,terms,first_strike,-0.005,128,128,63.05808068244087,89.39938140177044,0.9608016437730094,5.058407246264975,7.208061818048897,-3.9593970207970353,0.2421875,0.6640625,0.765625,123,0.6504065040650406
reference,monthly_test,augmented_delta,ensemble,terms,first_strike,0.005,128,128,71.61112672438415,103.2960731931796,0.9489647063855313,5.0098357774599505,7.30702995485467,3.9541677690480177,0.265625,0.65625,0.765625,121,0.6446280991735537
reference,monthly_test,augmented_delta,ensemble,terms,first_strike,0.01,128,128,76.10867102365805,110.46754155563829,0.9422668591494917,10.039074350382489,14.71585641902257,7.976146395409188,0.1796875,0.546875,0.6640625,123,0.6341463414634146
reference,monthly_test,augmented_delta,ensemble,terms,first_strike,0.025,128,128,90.11729375128779,132.54852340035572,0.9191552284239608,25.22266087558087,37.371446266182595,20.389455837828294,0.078125,0.3203125,0.484375,124,0.6290322580645161
reference,monthly_test,augmented_delta,ensemble,terms,first_strike,0.05,128,128,113.39290021317976,169.35906094713226,0.8722187904706522,49.95524925271385,74.84791737791137,40.73220454009122,0.0390625,0.2109375,0.328125,124,0.6290322580645161
reference,monthly_test,augmented_delta,ensemble,terms,ki_barrier,-0.05,43,43,27.866722093404164,39.56915100470756,0.9926728664280099,30.50764873924187,35.4943039001867,-5.205820368588383,0.023255813953488372,0.06976744186046512,0.11627906976744186,43,1.0
reference,monthly_test,augmented_delta,ensemble,terms,ki_barrier,-0.025,43,43,22.45023395624285,33.32170682326183,0.9951303580236549,15.112653799239371,17.474513110630355,-0.5165985744708048,0.0,0.20930232558139536,0.32558139534883723,43,1.0
reference,monthly_test,augmented_delta,ensemble,terms,ki_barrier,-0.01,43,43,21.82260651038171,33.439731888271695,0.995230184330544,6.281481836077718,7.306564615552999,0.1732297432283593,0.046511627906976744,0.46511627906976744,0.7674418604651163,43,1.0
reference,monthly_test,augmented_delta,ensemble,terms,ki_barrier,-0.005,43,43,22.59496850931172,34.12736726647037,0.995069490526189,3.1388324343765253,3.697603625897471,0.1987658096260801,0.13953488372093023,0.7674418604651163,1.0,43,1.0
reference,monthly_test,augmented_delta,ensemble,terms,ki_barrier,0.005,43,43,26.34431727309235,36.50059379508223,0.994429586013023,3.2222174406051125,3.896213778246028,-0.3954894534609049,0.18604651162790697,0.7441860465116279,1.0,42,1.0
reference,monthly_test,augmented_delta,ensemble,terms,ki_barrier,0.01,43,43,28.799838749164717,38.09722741978904,0.9939632327307433,6.508318172926571,7.880664599142994,-1.0578473074608181,0.13953488372093023,0.37209302325581395,0.7209302325581395,43,1.0
reference,monthly_test,augmented_delta,ensemble,terms,ki_barrier,0.025,43,43,36.55426799567304,44.894619929157855,0.9917025986629684,16.585972185456107,20.566494733388414,-4.175401122590889,0.023255813953488372,0.3023255813953488,0.3488372093023256,43,1.0
reference,monthly_test,augmented_delta,ensemble,terms,ki_barrier,0.05,43,43,50.803327028697275,62.20368554198807,0.9841068709284572,35.72741291261921,45.17673441335411,-14.148984551776321,0.023255813953488372,0.06976744186046512,0.16279069767441862,43,1.0
reference,monthly_test,augmented_delta,ensemble,terms,last_strike,-0.05,128,128,86.60616615975924,124.39641494227705,0.9202560395605506,25.075299175533736,31.06330274036275,16.021087307094888,0.03125,0.140625,0.296875,128,1.0
reference,monthly_test,augmented_delta,ensemble,terms,last_strike,-0.025,128,128,76.46742920627571,110.23957466264032,0.9395221054120568,12.528335325885571,15.554821350123188,8.658512611640653,0.0859375,0.3203125,0.5078125,128,1.0
reference,monthly_test,augmented_delta,ensemble,terms,last_strike,-0.01,128,128,70.69462847784456,101.81353158131066,0.9493077272278018,5.09317297915306,6.264381818718718,3.693709033308597,0.125,0.5546875,0.9296875,128,1.0
reference,monthly_test,augmented_delta,ensemble,terms,last_strike,-0.005,128,128,68.96552161648367,99.02830233618336,0.9522983002486698,2.5422973781823677,3.142447748167435,1.8666327553801385,0.2734375,0.9140625,1.0,127,1.0
reference,monthly_test,augmented_delta,ensemble,terms,last_strike,0.005,128,128,65.59500115433983,93.52742252912908,0.9578789964788436,2.519424337622164,3.132506232538661,-1.8946516682626218,0.34375,0.9296875,1.0,126,1.0
reference,monthly_test,augmented_delta,ensemble,terms,last_strike,0.01,128,128,63.93708820056378,90.74302096819352,0.9605394035841887,5.097063196881223,6.300091641663847,-3.8414077379856577,0.171875,0.546875,0.9140625,128,1.0
reference,monthly_test,augmented_delta,ensemble,terms,last_strike,0.025,128,128,59.33998249577268,82.44956899337085,0.9678238761510606,12.862891583606512,15.912617397698567,-10.516819077369219,0.0703125,0.3203125,0.5078125,128,1.0
reference,monthly_test,augmented_delta,ensemble,terms,last_strike,0.05,128,128,51.8300196608989,68.97922323001112,0.9778417091448558,26.695567541212437,32.63614169055878,-23.41360873309882,0.0234375,0.125,0.28125,128,1.0
reference,monthly_test,augmented_delta,ensemble,terms,monthly_barrier,-0.05,123,123,64.64409839194161,91.52548789350065,0.9595074921426128,6.476782847872293,7.725181097634395,-2.6375620668819035,0.08943089430894309,0.4065040650406504,0.7642276422764228,0,
reference,monthly_test,augmented_delta,ensemble,terms,monthly_barrier,-0.025,123,123,66.20154981736741,94.63991183747852,0.9567048524616374,3.133211032484889,3.749240100992659,-1.2888462562870362,0.2601626016260163,0.7723577235772358,1.0,0,
reference,monthly_test,augmented_delta,ensemble,terms,monthly_barrier,-0.01,123,123,67.20884591409275,96.43854540019767,0.9550435642279561,1.2282498160674817,1.4729337061199272,-0.5091044314830643,0.42276422764227645,1.0,1.0,0,
reference,monthly_test,augmented_delta,ensemble,terms,monthly_barrier,-0.005,123,123,67.5498082243814,97.02602152166219,0.9544941723630549,0.6100139643764874,0.7320441764282497,-0.25354588257909877,0.7804878048780488,1.0,1.0,0,
reference,monthly_test,augmented_delta,ensemble,terms,monthly_barrier,0.005,128,128,67.62394199263359,96.82914284321026,0.954629244716,0.5834363400936213,0.7096937938906087,0.23694708943371343,0.8046875,1.0,1.0,0,
reference,monthly_test,augmented_delta,ensemble,terms,monthly_barrier,0.01,128,128,67.94370073319786,97.38028519318348,0.9541112826826432,1.160106621682609,1.411023206162943,0.47140599538884886,0.46875,1.0,1.0,0,
reference,monthly_test,augmented_delta,ensemble,terms,monthly_barrier,0.025,128,128,68.92433796614802,98.99519541402994,0.9525766675430131,2.8509615610043673,3.465347152036974,1.1604403456052896,0.2890625,0.8203125,1.0,0,
reference,monthly_test,augmented_delta,ensemble,terms,monthly_barrier,0.05,128,128,70.62867772496575,101.55875257694245,0.9500887381223969,5.546147003769814,6.730108647445709,2.2666125247876225,0.140625,0.5,0.84375,0,
reference,monthly_test,augmented_price,101,schedule,nobs_early,1.0,128,128,98.3224148988954,126.71136080779237,0.9236964740961617,114.73545457759974,132.25108411099242,-31.241015717844373,0.0,0.03125,0.0625,119,0.2605042016806723
reference,monthly_test,augmented_price,101,schedule,nobs_late,1.0,128,128,395.835680218865,452.7868313046357,-0.2541361865587368,473.68885527548866,505.4202007260635,-473.68885527548866,0.0,0.0,0.0,125,0.488
reference,monthly_test,augmented_price,101,schedule,nobs_middle,1.0,128,128,384.7806217444985,407.44536247531926,0.05085488755226519,462.63379680112234,483.0483262522642,-462.63379680112234,0.0,0.0,0.0,121,0.5537190082644629
reference,monthly_test,augmented_price,101,schedule,tenor_months,-12.0,128,128,788.0396761427564,827.7322255742185,-6.188811691283066,710.1865010861326,767.1752607963176,710.1865010861326,0.0,0.0,0.0,125,0.536
reference,monthly_test,augmented_price,101,schedule,tenor_months,-6.0,128,128,490.7169449294306,513.8901120000006,-0.7720019732836514,412.8637698728068,441.9345604222798,412.8637698728068,0.0,0.0,0.0,120,0.5666666666666667
reference,monthly_test,augmented_price,101,schedule,tenor_months,-3.0,128,128,333.88196170195044,361.247089879914,0.2650935730375099,255.42014722186286,273.3189498106872,255.42014722186286,0.0,0.0,0.0,113,0.6017699115044248
reference,monthly_test,augmented_price,101,schedule,tenor_months,-1.0,128,128,111.84117805153353,149.89330562885908,0.8857835918735918,32.60907342152556,37.339954425696675,29.151201088625992,0.015625,0.0703125,0.1328125,97,0.5876288659793815
reference,monthly_test,augmented_price,101,schedule,tenor_months,1.0,128,128,80.12937423283265,98.00777162697007,0.9556752075208116,44.817503747776755,46.901343826213875,-44.741677485594664,0.0,0.0078125,0.015625,96,0.65625
reference,monthly_test,augmented_price,101,schedule,tenor_months,3.0,128,128,95.26905574772466,109.33273867500087,0.9495177164071307,134.46662648540996,140.18750841869522,-134.46662648540996,0.0,0.0,0.0078125,111,0.6216216216216216
reference,monthly_test,augmented_price,101,schedule,tenor_months,6.0,128,128,185.03143504852417,211.874582548948,0.8317570502022585,262.4755830508193,273.86082379097246,-262.4755830508193,0.0,0.0,0.0078125,117,0.5897435897435898
reference,monthly_test,augmented_price,101,schedule,tenor_months,12.0,128,128,421.93976481492905,445.8959565653204,0.39283249995090574,499.96084205323467,524.8672876696083,-499.79293987155296,0.0,0.0,0.0,119,0.5882352941176471
reference,monthly_test,augmented_price,101,terms,coupon_regular,-0.01,128,128,77.56457033840081,104.99565718994998,0.9479267480237231,16.572397834466152,20.940016871538294,-12.337076461408287,0.03125,0.2734375,0.3984375,128,1.0
reference,monthly_test,augmented_price,101,terms,coupon_regular,-0.005,128,128,82.65993863937271,113.03450251907071,0.9388855562039929,8.107041023749236,10.24127923818028,-5.911874860913183,0.1015625,0.390625,0.578125,128,1.0
reference,monthly_test,augmented_price,101,terms,coupon_regular,-0.0025,128,128,85.50646751243357,117.05002245090182,0.9340768914252857,4.009096114896238,5.066804938153741,-2.8897605184465647,0.21875,0.578125,0.9609375,128,1.0
reference,monthly_test,augmented_price,101,terms,coupon_regular,-0.001,128,128,87.30231471328055,119.45386113087068,0.9311047771584373,1.592683388541142,2.0140885403439683,-1.139697044311712,0.40625,0.9765625,1.0,128,1.0
reference,monthly_test,augmented_price,101,terms,coupon_regular,0.001,128,128,89.75217799407103,122.64815610869798,0.9270468634242408,1.5800054819944005,1.9974355192054813,1.1175867801842587,0.4140625,0.984375,1.0,128,1.0
reference,monthly_test,augmented_price,101,terms,coupon_regular,0.0025,128,128,91.56784019696202,125.03249880420219,0.9239370697663856,3.9259408242069185,4.962816893823645,2.7513611280980212,0.2109375,0.578125,0.9609375,128,1.0
reference,monthly_test,augmented_price,101,terms,coupon_regular,0.005,128,128,94.57805480857837,128.9764863395618,0.9186412673465133,7.769987911373997,9.823468887161317,5.356128432865564,0.125,0.4296875,0.59375,128,1.0
reference,monthly_test,augmented_price,101,terms,coupon_regular,0.01,128,128,100.53378326232729,136.694101168861,0.9077290633109338,15.288301066650696,19.234380807713478,10.081942512032885,0.0859375,0.2265625,0.4140625,128,1.0
reference,monthly_test,augmented_price,101,terms,first_strike,-0.05,128,128,56.29314866386726,70.72375716577483,0.971068927996976,47.986168674948814,60.235287428956035,-36.96198381268066,0.0078125,0.078125,0.171875,126,0.6031746031746031
reference,monthly_test,augmented_price,101,terms,first_strike,-0.025,128,128,69.3403796704147,91.80838363501972,0.9560267006797443,25.390481463571632,32.3589075295228,-18.226734201759733,0.015625,0.1484375,0.3359375,128,0.609375
reference,monthly_test,augmented_price,101,terms,first_strike,-0.01,128,128,80.27067714308427,108.57723251102834,0.9413879253798407,10.416891583776305,13.479112261847158,-7.295565199083891,0.0859375,0.40625,0.5859375,124,0.5806451612903226
reference,monthly_test,augmented_price,101,terms,first_strike,-0.005,128,128,84.35842844190458,114.71695394415708,0.9354562727267258,5.301793711719559,6.8438017025833044,-3.6457679349781147,0.171875,0.59375,0.8046875,123,0.5934959349593496
reference,monthly_test,augmented_price,101,terms,first_strike,0.005,128,128,92.86850393019594,127.55857536663878,0.9221744293366594,5.330459029370104,6.969681805658726,3.5489819131228915,0.1796875,0.6015625,0.7734375,121,0.5785123966942148
reference,monthly_test,augmented_price,101,terms,first_strike,0.01,128,128,97.40348486446825,134.24822284544152,0.9147345874413186,10.711364329599746,14.064466693081556,7.081711955769909,0.109375,0.390625,0.6015625,123,0.5691056910569106
reference,monthly_test,augmented_price,101,terms,first_strike,0.025,128,128,111.41949625899578,155.17470704904565,0.8891989136218914,27.15064781630887,36.024081666402935,17.610642284475034,0.078125,0.2109375,0.3125,124,0.5645161290322581
reference,monthly_test,augmented_price,101,terms,first_strike,0.05,128,128,135.90198214657022,191.31427305465942,0.836940966219823,55.540119035717,73.71221328320601,34.05574392380065,0.0234375,0.1015625,0.1875,124,0.5483870967741935
reference,monthly_test,augmented_price,101,terms,ki_barrier,-0.05,43,43,50.861512025775,65.33762065016433,0.9800222177801124,38.981035931512366,44.50565542868299,-16.111363407599836,0.0,0.023255813953488372,0.046511627906976744,43,1.0
reference,monthly_test,augmented_price,101,terms,ki_barrier,-0.025,43,43,43.90393581782112,57.083785287178145,0.9857088202301325,18.587662110668283,21.497476422128173,-6.057178362915219,0.023255813953488372,0.16279069767441862,0.20930232558139536,43,1.0
reference,monthly_test,augmented_price,101,terms,ki_barrier,-0.01,43,43,42.244856189828276,54.97575166536817,0.9871080570609889,7.513002923754758,8.760909083150198,-2.0616856870032096,0.06976744186046512,0.3953488372093023,0.6046511627906976,43,1.0
reference,monthly_test,augmented_price,101,terms,ki_barrier,-0.005,43,43,41.57275269386285,54.773651805927045,0.9872992426581209,3.816622272422609,4.373800298942857,-0.9216074505171112,0.11627906976744186,0.627906976744186,1.0,43,1.0
reference,monthly_test,augmented_price,101,terms,ki_barrier,0.005,43,43,39.864373266444304,55.00661263430252,0.9873492167101768,3.817145529759023,4.462849932935985,0.7304607684067056,0.09302325581395349,0.6511627906976745,1.0,42,1.0
reference,monthly_test,augmented_price,101,terms,ki_barrier,0.01,43,43,39.3850742523133,55.445259851722184,0.987213651456547,7.587493022571701,8.945137404909454,1.1990617746415067,0.09302325581395349,0.3953488372093023,0.6046511627906976,43,1.0
reference,monthly_test,augmented_price,101,terms,ki_barrier,0.025,43,43,44.425823601229936,58.23956836333326,0.986036644544973,18.931273283249187,22.5849586298459,1.5027360208621316,0.06976744186046512,0.16279069767441862,0.3023255813953488,43,1.0
reference,monthly_test,augmented_price,101,terms,ki_barrier,0.05,43,43,58.04821941226928,68.06450415552926,0.9809708869553501,38.090817430569224,47.089848317876005,-2.6953513912221254,0.046511627906976744,0.09302325581395349,0.20930232558139536,43,1.0
reference,monthly_test,augmented_price,101,terms,last_strike,-0.05,128,128,114.00033307672467,155.70965752610167,0.8750566427917587,36.892769971862435,42.984578487589864,23.155699646333233,0.0078125,0.0625,0.125,128,1.0
reference,monthly_test,augmented_price,101,terms,last_strike,-0.025,128,128,100.13785620627803,137.88484814433312,0.905386154113321,18.669182590985052,21.638763375257337,12.596363317919893,0.0625,0.1015625,0.28125,128,1.0
reference,monthly_test,augmented_price,101,terms,last_strike,-0.01,128,128,92.87108539913461,127.61644986163162,0.920357648032922,7.618989986988405,8.764556752300582,5.362078741270428,0.078125,0.328125,0.609375,128,1.0
reference,monthly_test,augmented_price,101,terms,last_strike,-0.005,128,128,90.62837845550135,124.29867961584839,0.924846671973329,3.8433712898598364,4.405443566186196,2.716363711437831,0.1171875,0.6171875,0.9921875,127,1.0
reference,monthly_test,augmented_price,101,terms,last_strike,0.005,128,128,86.47838959097214,117.88317625846534,0.933084853122971,3.786570078188864,4.356001116240683,-2.774967257670748,0.09375,0.640625,1.0,126,1.0
reference,monthly_test,augmented_price,101,terms,last_strike,0.01,128,128,84.58422133760514,114.74338616511457,0.9369053548419867,7.639797942615891,8.776146717257731,-5.631963863328565,0.0390625,0.3203125,0.6015625,128,1.0
reference,monthly_test,augmented_price,101,terms,last_strike,0.025,128,128,79.62507027740108,105.75456038240438,0.9470635084985763,19.22573628887767,22.19916092267869,-15.207389523721456,0.015625,0.109375,0.2421875,128,1.0
reference,monthly_test,augmented_price,101,terms,last_strike,0.05,128,128,74.0560421415803,93.0105014063407,0.9597131203723809,39.19604318666582,45.442203681561615,-33.41766938644772,0.03125,0.0625,0.140625,128,1.0
reference,monthly_test,augmented_price,101,terms,monthly_barrier,-0.05,123,123,85.80770373822807,113.40898937400159,0.9378293324654605,13.571386414814771,15.557742783916456,-0.29020193146496287,0.024390243902439025,0.21138211382113822,0.3252032520325203,0,
reference,monthly_test,augmented_price,101,terms,monthly_barrier,-0.025,123,123,86.90866623453263,117.53937693011746,0.9332183203013646,6.5824655982537,7.560418157142909,-0.18888372715895738,0.06504065040650407,0.3252032520325203,0.8861788617886179,0,
reference,monthly_test,augmented_price,101,terms,monthly_barrier,-0.01,123,123,87.6762747263627,120.07404249172482,0.9303070522250108,2.582233126570539,2.970415606550821,-0.08946996394211684,0.22764227642276422,0.943089430894309,1.0,0,
reference,monthly_test,augmented_price,101,terms,monthly_barrier,-0.005,123,123,87.9804844322592,120.92460316401777,0.9293161963927649,1.2824690438867585,1.476149102903121,-0.0473251187704443,0.36585365853658536,1.0,1.0,0,
reference,monthly_test,augmented_price,101,terms,monthly_barrier,0.005,128,128,88.8904466016233,121.89927954486645,0.9280938374940442,1.2442748993635178,1.4366837066172287,0.07949769496917725,0.3984375,1.0,1.0,0,
reference,monthly_test,augmented_price,101,terms,monthly_barrier,0.01,128,128,89.28728832526977,122.74540590139075,0.9270921440223178,2.4703750386834145,2.85489634527847,0.16324687749147415,0.2109375,0.953125,1.0,0,
reference,monthly_test,augmented_price,101,terms,monthly_barrier,0.025,128,128,90.5661017780013,125.27747917522161,0.9240531359159954,6.040036678314209,6.998185513048221,0.4437752068042755,0.0703125,0.40625,0.9140625,0,
reference,monthly_test,augmented_price,101,terms,monthly_barrier,0.05,128,128,92.80551619215939,129.4556296865591,0.9189028266202109,11.619594879448414,13.535652651995488,1.031407155096531,0.0546875,0.234375,0.40625,0,
reference,monthly_test,augmented_price,233,schedule,nobs_early,1.0,128,128,78.8714527775492,93.08518352666155,0.9588211119382483,67.00199441218258,79.49083055179298,-22.416571341912153,0.0078125,0.0625,0.1171875,119,0.35294117647058826
reference,monthly_test,augmented_price,233,schedule,nobs_late,1.0,128,128,371.2163728498712,410.3724116675344,-0.03018076603536124,452.5848855003484,477.82520142870555,-452.5848855003484,0.0,0.0,0.0,125,0.488
reference,monthly_test,augmented_price,233,schedule,nobs_middle,1.0,128,128,360.1642433850019,378.1179902024275,0.18257382679861156,441.5327560354792,460.54407640435403,-441.5327560354792,0.0,0.0,0.0,121,0.5537190082644629
reference,monthly_test,augmented_price,233,schedule,tenor_months,-12.0,128,128,526.5021596531315,548.859324802927,-2.16081788671943,445.13364700265424,470.4383986545992,445.13364700265424,0.0,0.0,0.0,125,0.536
reference,monthly_test,augmented_price,233,schedule,tenor_months,-6.0,128,128,332.89209242559446,347.7082593477654,0.18875190056100066,251.52357977511718,268.72475399045726,251.52357977511718,0.0,0.0,0.0,120,0.5666666666666667
reference,monthly_test,augmented_price,233,schedule,tenor_months,-3.0,128,128,201.2999681326022,214.99310128731565,0.7397010717544374,119.99719325485785,134.1354523690707,119.93145548212487,0.0,0.0078125,0.015625,113,0.6106194690265486
reference,monthly_test,augmented_price,233,schedule,tenor_months,-1.0,128,128,107.71972950728899,133.4030404455199,0.9095318978898279,25.264777676012578,29.274773923415115,23.38865197141846,0.015625,0.0546875,0.1953125,97,0.6597938144329897
reference,monthly_test,augmented_price,233,schedule,tenor_months,1.0,128,128,70.16061006997498,87.16584189184401,0.9649394810917709,36.38943957282663,37.85714983098405,-36.38312722761384,0.0078125,0.0234375,0.0234375,96,0.6666666666666666
reference,monthly_test,augmented_price,233,schedule,tenor_months,3.0,128,128,64.98556586958559,76.33392826201185,0.9753921447605758,108.81507842761539,113.11391796713814,-108.81507842761539,0.0,0.0,0.0,111,0.6216216216216216
reference,monthly_test,augmented_price,233,schedule,tenor_months,6.0,128,128,134.5593237405398,151.7624823301158,0.9136806825540198,212.83716550138797,221.6632513347111,-212.83716550138797,0.0,0.0,0.0,117,0.5897435897435898
reference,monthly_test,augmented_price,233,schedule,tenor_months,12.0,128,128,333.31614914848365,349.9374956203905,0.6260423624490317,412.9577701554168,433.2650362481213,-412.8386526182327,0.0,0.0,0.0078125,119,0.5882352941176471
reference,monthly_test,augmented_price,233,terms,coupon_regular,-0.01,128,128,72.77625703407679,90.79106422485981,0.9610633806595382,22.09134689811617,27.723466103251475,-15.79712143400684,0.0390625,0.1875,0.375,128,1.0
reference,monthly_test,augmented_price,233,terms,coupon_regular,-0.005,128,128,80.05458011667946,101.4765133769644,0.9507447097158349,10.800772171855593,13.486543605678971,-7.472487442583466,0.078125,0.34375,0.5703125,128,1.0
reference,monthly_test,augmented_price,233,terms,coupon_regular,-0.0025,128,128,83.63413283767866,106.80581984726938,0.9451111020042176,5.337711689993739,6.6450337764856995,-3.619996579363942,0.125,0.5703125,0.828125,128,1.0
reference,monthly_test,augmented_price,233,terms,coupon_regular,-0.001,128,128,85.71043984401429,109.97200137632224,0.9416080494745004,2.121864042089631,2.634153617053682,-1.419056563793371,0.359375,1.0,1.0,128,1.0
reference,monthly_test,augmented_price,233,terms,coupon_regular,0.001,128,128,88.40001487894524,114.14135018122687,0.9368158811822904,2.1046423831333714,2.60177330846427,1.379213917845239,0.359375,1.0,1.0,128,1.0
reference,monthly_test,augmented_price,233,terms,coupon_regular,0.0025,128,128,90.39088560086721,117.22135369296444,0.9331439528634643,5.229220766418924,6.444210032089126,3.3718827331128223,0.1171875,0.5703125,0.84375,128,1.0
reference,monthly_test,augmented_price,233,terms,coupon_regular,0.005,128,128,93.60040056236764,122.25128692666446,0.926904612768865,10.350273593251284,12.687518942647177,6.48344784330887,0.0390625,0.3515625,0.5546875,128,1.0
reference,monthly_test,augmented_price,233,terms,coupon_regular,0.01,128,128,99.8128701867351,131.87304532685212,0.9141228836509916,20.321355735572673,24.58617690557117,11.893071553048989,0.015625,0.140625,0.3359375,128,1.0
reference,monthly_test,augmented_price,233,terms,first_strike,-0.05,128,128,58.034205896864606,67.9051925880151,0.9733289663033153,46.27904772118079,57.7037731500148,-37.72677659772914,0.03125,0.0859375,0.15625,126,0.6825396825396826
reference,monthly_test,augmented_price,233,terms,first_strike,-0.025,128,128,70.70387269628756,87.43773613072065,0.9601138444434697,23.23507092934475,29.16413188243564,-17.348869542927183,0.0625,0.1640625,0.3203125,128,0.6875
reference,monthly_test,augmented_price,233,terms,first_strike,-0.01,128,128,80.22002749428998,101.83247328313026,0.9484436525335596,9.348270164435235,11.778060091942974,-6.634801145619956,0.109375,0.3671875,0.6015625,124,0.6774193548387096
reference,monthly_test,augmented_price,233,terms,first_strike,-0.005,128,128,83.6122529093721,106.89753350014148,0.9439553453686138,4.721360753691745,5.912780235724587,-3.2639489624501343,0.171875,0.6015625,0.890625,123,0.6747967479674797
reference,monthly_test,augmented_price,233,terms,first_strike,0.005,128,128,90.52112252527238,117.25129934465778,0.9342435556186097,4.783180911680877,5.965218079387849,3.065308847222089,0.1640625,0.609375,0.875,121,0.6694214876033058
reference,monthly_test,augmented_price,233,terms,first_strike,0.01,128,128,94.01694032664068,122.51548513209963,0.9289870138759161,9.542461453491946,11.939290488671173,6.01394596736039,0.0625,0.328125,0.609375,123,0.6666666666666666
reference,monthly_test,augmented_price,233,terms,first_strike,0.025,128,128,104.55798377642678,138.56543469104125,0.9116488987184396,23.789130773339515,29.94848792294217,14.21004363181419,0.0234375,0.1171875,0.3046875,124,0.6693548387096774
reference,monthly_test,augmented_price,233,terms,first_strike,0.05,128,128,121.30771210713067,165.2342734790969,0.8783672877033032,47.75222149428676,59.9629379063862,25.023675149696526,0.0234375,0.0703125,0.140625,124,0.6693548387096774
reference,monthly_test,augmented_price,233,terms,ki_barrier,-0.05,43,43,46.88758213278054,60.81669055494686,0.9826912298202808,51.13118325185406,59.1789408271206,-32.72485515348209,0.0,0.046511627906976744,0.11627906976744186,43,1.0
reference,monthly_test,augmented_price,233,terms,ki_barrier,-0.025,43,43,47.48738494310376,60.69871791500236,0.9838414796201373,24.660668474470455,28.356569398835582,-14.433890385740948,0.0,0.046511627906976744,0.20930232558139536,43,1.0
reference,monthly_test,augmented_price,233,terms,ki_barrier,-0.01,43,43,50.43220558852062,66.05015945467451,0.9813909688293564,9.738831306150717,11.339746226166916,-5.426284715302231,0.046511627906976744,0.3023255813953488,0.46511627906976744,43,1.0
reference,monthly_test,augmented_price,233,terms,ki_barrier,-0.005,43,43,51.34238493548663,68.41738967773001,0.98018385249463,4.804697939303032,5.609436541218295,-2.6059515425978708,0.13953488372093023,0.4883720930232558,0.9767441860465116,43,1.0
reference,monthly_test,augmented_price,233,terms,ki_barrier,0.005,43,43,54.239410667846194,73.72937913439544,0.9772716050807424,4.710289619227713,5.608291526975966,2.4184920315363616,0.18604651162790697,0.5348837209302325,0.9767441860465116,42,1.0
reference,monthly_test,augmented_price,233,terms,ki_barrier,0.01,43,43,56.081341823043175,76.61447448998497,0.9755859771678657,9.376509087665598,11.132784980099313,4.578631271860857,0.13953488372093023,0.27906976744186046,0.5581395348837209,43,1.0
reference,monthly_test,augmented_price,233,terms,ki_barrier,0.025,43,43,63.818551252588804,85.92797067489427,0.9696035679251197,22.768273087723774,27.37236622203389,9.973415459253529,0.06976744186046512,0.23255813953488372,0.27906976744186046,43,1.0
reference,monthly_test,augmented_price,233,terms,ki_barrier,0.05,43,43,79.93300519425907,102.18932350388194,0.9571068220540868,45.22303978163143,53.68771693609635,14.293580309018612,0.023255813953488372,0.06976744186046512,0.13953488372093023,43,1.0
reference,monthly_test,augmented_price,233,terms,last_strike,-0.05,128,128,108.54465242873115,141.17098924792504,0.8972993982551791,37.90757412401339,42.69200988614685,18.37023829505779,0.0234375,0.0546875,0.109375,128,1.0
reference,monthly_test,augmented_price,233,terms,last_strike,-0.025,128,128,97.82113389253789,126.58183316737238,0.9202621782509649,19.685495148723327,21.75336825562682,10.709261637879536,0.0078125,0.0859375,0.1875,128,1.0
reference,monthly_test,augmented_price,233,terms,last_strike,-0.01,128,128,91.24827307299563,117.82017000386922,0.9321155897703685,8.090352425041296,8.896088168430637,4.723089009601002,0.03125,0.2421875,0.609375,128,1.0
reference,monthly_test,augmented_price,233,terms,last_strike,-0.005,128,128,89.04509773117852,114.92523526826037,0.9357540153432097,4.087498761092623,4.482576050198907,2.4154999537083013,0.0703125,0.5703125,1.0,127,1.0
reference,monthly_test,augmented_price,233,terms,last_strike,0.005,128,128,85.14116823862994,109.21474777453568,0.9425641104359773,4.049904977631135,4.436621456133332,-2.5105647787374137,0.0625,0.625,1.0,126,1.0
reference,monthly_test,augmented_price,233,terms,last_strike,0.01,128,128,83.27145744333963,106.38091117856362,0.9457668800178306,8.215155229496304,8.973872410252591,-5.138414121523965,0.0390625,0.203125,0.5625,128,1.0
reference,monthly_test,augmented_price,233,terms,last_strike,0.025,128,128,77.4943178729115,97.96446946808756,0.9545750845897228,20.860535345486518,22.84927437829444,-14.226171342170954,0.015625,0.0859375,0.1484375,128,1.0
reference,monthly_test,augmented_price,233,terms,last_strike,0.05,128,128,70.37455072780814,85.49554191698203,0.965960231438655,43.026614213362336,47.2614195096634,-32.20286618995791,0.0078125,0.0390625,0.1015625,128,1.0
reference,monthly_test,augmented_price,233,terms,monthly_barrier,-0.05,123,123,81.25659485259837,102.16035247327625,0.9495506778685141,18.775603635524348,20.764564040132136,-1.7316215406588422,0.016260162601626018,0.11382113821138211,0.21951219512195122,0,
reference,monthly_test,augmented_price,233,terms,monthly_barrier,-0.025,123,123,83.03896944238312,106.38771342699685,0.9452891427862117,9.154817922328546,10.062886672574647,-0.47342564032329776,0.024390243902439025,0.1951219512195122,0.44715447154471544,0,
reference,monthly_test,augmented_price,233,terms,monthly_barrier,-0.01,123,123,84.15133193269888,108.93223589005501,0.9426407577344147,3.603464219628311,3.949279471342347,-0.09899216938794143,0.0975609756097561,0.8780487804878049,1.0,0,
reference,monthly_test,augmented_price,233,terms,monthly_barrier,-0.005,123,123,84.53664717039948,109.77408843646481,0.941750761966669,1.7917689269151145,1.9620877448026388,-0.03475968430681926,0.21138211382113822,1.0,1.0,0,
reference,monthly_test,augmented_price,233,terms,monthly_barrier,0.005,128,128,87.4781528320901,112.91012775452774,0.9383078889289208,1.7491774633526802,1.9140875934895862,0.05257781594991684,0.2109375,1.0,1.0,0,
reference,monthly_test,augmented_price,233,terms,monthly_barrier,0.01,128,128,87.86801033136825,113.74614378992341,0.9373909378153623,3.476608544588089,3.8028042390210874,0.07566064596176147,0.0859375,0.8828125,1.0,0,
reference,monthly_test,augmented_price,233,terms,monthly_barrier,0.025,128,128,89.01547730102516,116.19149494815382,0.9346700218113533,8.52587167173624,9.317546011855402,-0.0266125425696373,0.0234375,0.21875,0.6015625,0,
reference,monthly_test,augmented_price,233,terms,monthly_barrier,0.05,128,128,90.52914410571103,120.01897245980872,0.9302950463556864,16.48670993745327,18.016188142103985,-0.7393211126327515,0.015625,0.078125,0.21875,0,
reference,monthly_test,augmented_price,47,schedule,nobs_early,1.0,128,128,90.84674770398834,121.97644985001341,0.9292925012346097,72.4307462166483,107.58352812635198,-56.77776895509184,0.0078125,0.015625,0.2109375,119,0.6134453781512605
reference,monthly_test,augmented_price,47,schedule,nobs_late,1.0,128,128,485.4874827735916,531.8419247937385,-0.730303407869022,513.2260783314474,550.8323445520291,-513.2260783314474,0.0,0.0,0.0,125,0.488
reference,monthly_test,augmented_price,47,schedule,nobs_middle,1.0,128,128,480.20717839877295,507.04120439471046,-0.46987486844137094,507.94577395662907,531.6008707173878,-507.94577395662907,0.0,0.0,0.0,121,0.5537190082644629
reference,monthly_test,augmented_price,47,schedule,tenor_months,-12.0,128,128,610.9655501748366,637.3789083545557,-3.262582094976466,583.2269546169807,607.3515146270666,583.2269546169807,0.0,0.0,0.0,125,0.536
reference,monthly_test,augmented_price,47,schedule,tenor_months,-6.0,128,128,528.8959364557959,550.4322251947433,-1.0329719303009144,501.1573408979399,521.5208967766114,501.1573408979399,0.0,0.0,0.0,120,0.5666666666666667
reference,monthly_test,augmented_price,47,schedule,tenor_months,-3.0,128,128,276.1291866736025,295.1881989490883,0.5092940618584499,247.83108827131946,259.73310768623935,247.83108827131946,0.0,0.0,0.0,113,0.6017699115044248
reference,monthly_test,augmented_price,47,schedule,tenor_months,-1.0,128,128,55.0595158778648,71.42012322322526,0.9740698389530871,18.7445570023004,27.26478326607963,14.563597579199875,0.0078125,0.0625,0.5078125,97,0.6082474226804123
reference,monthly_test,augmented_price,47,schedule,tenor_months,1.0,128,128,43.81544236398443,55.26244912166744,0.985907568341958,36.515397390752995,38.518306167846745,-36.04432604480735,0.0,0.0,0.03125,96,0.6458333333333334
reference,monthly_test,augmented_price,47,schedule,tenor_months,3.0,128,128,87.23178409495618,100.38575632928926,0.9574418511421394,109.79297168769776,116.06073364414449,-109.25625990104936,0.0,0.0,0.0078125,111,0.6126126126126126
reference,monthly_test,augmented_price,47,schedule,tenor_months,6.0,128,128,192.83622580192971,206.0215129732904,0.8409241330131414,218.0080809213835,231.34808842098818,-217.21018599388208,0.0,0.0,0.0078125,117,0.5811965811965812
reference,monthly_test,augmented_price,47,schedule,tenor_months,12.0,128,128,411.4822587854626,438.0891779069687,0.4139070483327757,437.3659127917723,468.85662247494855,-435.65368082374664,0.0,0.0,0.0,119,0.5882352941176471
reference,monthly_test,augmented_price,47,terms,coupon_regular,-0.01,128,128,41.53225203983158,53.23820482632625,0.9866119035219133,15.545439457210401,18.80402339645174,-10.272236524615437,0.0625,0.21875,0.4296875,128,1.0
reference,monthly_test,augmented_price,47,terms,coupon_regular,-0.005,128,128,46.08358120560635,57.263092457909345,0.984315473752714,7.848890574571366,9.501153794862896,-5.107193529993917,0.125,0.40625,0.609375,128,1.0
reference,monthly_test,augmented_price,47,terms,coupon_regular,-0.0025,128,128,48.56074374908676,59.6891070100305,0.9828570784124475,3.9346827990375464,4.762843983909307,-2.529608765617013,0.1875,0.609375,1.0,128,1.0
reference,monthly_test,augmented_price,47,terms,coupon_regular,-0.001,128,128,50.087185289461914,61.25484493294995,0.9818836953813128,1.5768062639981508,1.9065079466251027,-1.0041104472863176,0.4140625,1.0,1.0,128,1.0
reference,monthly_test,augmented_price,47,terms,coupon_regular,0.001,128,128,52.24345527504279,63.45264322506663,0.9804736370238775,1.5793261020444334,1.9062269424379217,0.9913879147109885,0.40625,1.0,1.0,128,1.0
reference,monthly_test,augmented_price,47,terms,coupon_regular,0.0025,128,128,53.88262347481559,65.17177444637139,0.9793344807425647,3.950629591476172,4.762034247213503,2.4509397485914333,0.1796875,0.6171875,1.0,128,1.0
reference,monthly_test,augmented_price,47,terms,coupon_regular,0.005,128,128,56.642679336134925,68.14616723615511,0.9772874465995145,7.892795483969773,9.499580607735352,4.7956352243976035,0.1015625,0.375,0.609375,128,1.0
reference,monthly_test,augmented_price,47,terms,coupon_regular,0.01,128,128,62.17283584356324,74.36628090411669,0.9726902636418477,15.690403887846816,18.817883433176053,9.0709546043848,0.0546875,0.2109375,0.359375,128,1.0
reference,monthly_test,augmented_price,47,terms,first_strike,-0.05,128,128,50.50512036049106,69.39861250050103,0.972142928892102,63.68516519876115,84.67635183087253,-52.33628481411021,0.015625,0.125,0.1875,126,0.5476190476190477
reference,monthly_test,augmented_price,47,terms,first_strike,-0.025,128,128,34.65654441580139,50.77370759407435,0.9865506243313157,32.62348265334367,43.489060047988374,-25.18651711508695,0.015625,0.1640625,0.2890625,128,0.546875
reference,monthly_test,augmented_price,47,terms,first_strike,-0.01,128,128,42.508549698499586,53.82753307383223,0.98559482591521,13.153747355217394,17.592175278849382,-9.87453244996747,0.109375,0.3515625,0.5859375,124,0.5403225806451613
reference,monthly_test,augmented_price,47,terms,first_strike,-0.005,128,128,46.60597735632208,57.55218528663954,0.9837548971491268,6.649190286789235,8.818189892569604,-4.899383999765026,0.109375,0.578125,0.6484375,123,0.5447154471544715
reference,monthly_test,augmented_price,47,terms,first_strike,0.005,128,128,55.735531594762726,67.83932702755546,0.9779876679431649,6.557180483025149,8.832334649139005,4.72938671031928,0.171875,0.59375,0.640625,121,0.5454545454545454
reference,monthly_test,augmented_price,47,terms,first_strike,0.01,128,128,60.55592979971427,74.03610971822232,0.9740675835186932,13.180664175812126,17.664970981896214,9.368085593386544,0.0625,0.375,0.59375,123,0.5447154471544715
reference,monthly_test,augmented_price,47,terms,first_strike,0.025,128,128,75.55058585421746,95.03566799506754,0.958440011991089,33.00254309574424,44.153227291465285,22.768744424305623,0.0234375,0.1640625,0.3046875,124,0.5645161290322581
reference,monthly_test,augmented_price,47,terms,first_strike,0.05,128,128,102.54206920876729,133.1517780504984,0.9210151020916678,65.56252956117228,87.3506531228658,42.5958648309285,0.0078125,0.046875,0.1640625,124,0.5483870967741935
reference,monthly_test,augmented_price,47,terms,ki_barrier,-0.05,43,43,66.07264258589085,80.58521010974525,0.9696099559506369,41.82348370124666,48.09601491473565,-13.809348857102469,0.0,0.023255813953488372,0.16279069767441862,43,1.0
reference,monthly_test,augmented_price,47,terms,ki_barrier,-0.025,43,43,56.17537004547553,68.6531727786298,0.9793288908603409,20.55748039743928,23.794266442752562,-5.043012262834596,0.023255813953488372,0.16279069767441862,0.23255813953488372,43,1.0
reference,monthly_test,augmented_price,47,terms,ki_barrier,-0.01,43,43,51.400255627273125,64.00289695293793,0.9825266858055821,8.453309745289557,9.737025355232976,-1.6904735039601952,0.046511627906976744,0.32558139534883723,0.5348837209302325,43,1.0
reference,monthly_test,augmented_price,47,terms,ki_barrier,-0.005,43,43,50.00124295036373,62.93535649859511,0.983232218023002,4.272667112680831,4.8741978378852835,-0.7416845925672111,0.09302325581395349,0.5581395348837209,1.0,43,1.0
reference,monthly_test,augmented_price,47,terms,ki_barrier,0.005,43,43,48.41250932690952,61.85323130793375,0.9840039630418668,4.274770996251772,5.011524690451478,0.5623895316854006,0.16279069767441862,0.5581395348837209,1.0,42,1.0
reference,monthly_test,augmented_price,47,terms,ki_barrier,0.01,43,43,48.80455922995984,61.79703022918752,0.9841162551600587,8.560016306044982,10.053334514802579,0.8751313226052035,0.06976744186046512,0.3023255813953488,0.5581395348837209,43,1.0
reference,monthly_test,augmented_price,47,terms,ki_barrier,0.025,43,43,51.97703534932868,63.74329054578165,0.9832728305627627,21.549552851233834,25.429552828521505,0.7841257895956674,0.023255813953488372,0.13953488372093023,0.3023255813953488,43,1.0
reference,monthly_test,augmented_price,47,terms,ki_barrier,0.05,43,43,65.00288480562847,75.40235033152466,0.976646770757433,43.1462435372347,52.76879637611162,-3.820395992130271,0.0,0.16279069767441862,0.20930232558139536,43,1.0
reference,monthly_test,augmented_price,47,terms,last_strike,-0.05,128,128,62.3374268230142,79.96921498126115,0.9670445127010103,33.40701141720638,36.9590286388173,16.73623283789493,0.0,0.0625,0.0859375,128,1.0
reference,monthly_test,augmented_price,47,terms,last_strike,-0.025,128,128,55.674843669164204,69.7756217381308,0.9757713600697797,17.086526907204338,18.755533451616788,9.53213043953292,0.0,0.078125,0.1875,128,1.0
reference,monthly_test,augmented_price,47,terms,last_strike,-0.01,128,128,52.71008560454695,64.837359565375,0.9794419745268923,6.969881028713037,7.651508177326246,4.170595862048988,0.0390625,0.2734375,0.875,128,1.0
reference,monthly_test,augmented_price,47,terms,last_strike,-0.005,128,128,51.905936613585176,63.477624387947934,0.9803999798861799,3.5028900933296727,3.860837776431099,2.126231162032733,0.0859375,0.8515625,1.0,127,1.0
reference,monthly_test,augmented_price,47,terms,last_strike,0.005,128,128,50.45201816685661,61.301828081863285,0.98190462327122,3.416988519912896,3.793536148444739,-2.196010579161036,0.078125,0.84375,1.0,126,1.0
reference,monthly_test,augmented_price,47,terms,last_strike,0.01,128,128,49.81451154999225,60.44621215450393,0.9824904348606789,6.9367273494717665,7.659011333075256,-4.485254316881765,0.046875,0.296875,0.8515625,128,1.0
reference,monthly_test,augmented_price,47,terms,last_strike,0.025,128,128,48.41238896286661,59.03842420950166,0.9835021838340988,17.460551975042716,19.485055264420907,-12.423647721744299,0.0234375,0.1015625,0.234375,128,1.0
reference,monthly_test,augmented_price,47,terms,last_strike,0.05,128,128,50.06659696287868,61.40400607811331,0.9824412711728743,35.65734377348174,40.18101910396869,-28.121480048478894,0.0078125,0.0625,0.1171875,128,1.0
reference,monthly_test,augmented_price,47,terms,monthly_barrier,-0.05,123,123,43.08082746917134,56.345837518497184,0.9846533267335938,22.249817848205566,25.13074601969399,-3.9323897865729602,0.008130081300813009,0.0975609756097561,0.24390243902439024,0,
reference,monthly_test,augmented_price,47,terms,monthly_barrier,-0.025,123,123,46.502711953820956,57.86096593991851,0.9838168921308303,10.714715089255233,12.05081526691636,-1.6010679849764196,0.032520325203252036,0.22764227642276422,0.43902439024390244,0,
reference,monthly_test,augmented_price,47,terms,monthly_barrier,-0.01,123,123,48.66376325341554,59.8058302792446,0.9827106917289123,4.1829958194639625,4.6949187281176705,-0.5570756710641752,0.10569105691056911,0.5040650406504065,0.991869918699187,0,
reference,monthly_test,augmented_price,47,terms,monthly_barrier,-0.005,123,123,49.38628527597653,60.58105288269354,0.982259567484582,2.0744839334875587,2.3264850971246336,-0.265041987101237,0.21951219512195122,0.991869918699187,1.0,0,
reference,monthly_test,augmented_price,47,terms,monthly_barrier,0.005,128,128,51.73779502041822,62.963914032699456,0.9808156420623211,2.1390849724411964,2.4182294115517418,0.40795188397169113,0.2109375,0.9765625,1.0,0,
reference,monthly_test,augmented_price,47,terms,monthly_barrier,0.01,128,128,52.34621023889582,63.64580371367427,0.9803978646138486,4.242518916726112,4.794248863772298,0.7889419794082642,0.109375,0.484375,0.9765625,0,
reference,monthly_test,augmented_price,47,terms,monthly_barrier,0.025,128,128,54.46667106916087,65.97396663402978,0.9789375432122147,10.335627011954784,11.668967679965396,1.7767725512385368,0.0078125,0.21875,0.4296875,0,
reference,monthly_test,augmented_price,47,terms,monthly_barrier,0.05,128,128,58.03961476964807,70.47660400894436,0.9759644661761733,19.75542400032282,22.2850922843676,2.9425090178847313,0.0078125,0.1171875,0.2421875,0,
reference,monthly_test,augmented_price,ensemble,schedule,nobs_early,1.0,128,128,77.51362852388155,96.44806016940011,0.9557920383186675,78.80388538113161,92.27249826862018,-36.811785338282775,0.0,0.0234375,0.046875,119,0.31092436974789917
reference,monthly_test,augmented_price,ensemble,schedule,nobs_late,1.0,128,128,417.5131786141094,462.6057535519172,-0.3091191742678068,479.8332730357616,510.409633245406,-479.8332730357616,0.0,0.0,0.0,125,0.488
reference,monthly_test,augmented_price,ensemble,schedule,nobs_middle,1.0,128,128,408.38401450942445,428.87923081758254,-0.051632231314477695,470.7041089310769,490.48537818290987,-470.7041089310769,0.0,0.0,0.0,121,0.5537190082644629
reference,monthly_test,augmented_price,ensemble,schedule,tenor_months,-12.0,128,128,641.835795323575,665.906731704289,-3.652690787030548,579.5157009019225,608.4479516162693,579.5157009019225,0.0,0.0,0.0,125,0.536
reference,monthly_test,augmented_price,ensemble,schedule,tenor_months,-6.0,128,128,450.8349912702736,468.3444542569819,-0.47181912757303635,388.5148968486213,408.2932739477895,388.5148968486213,0.0,0.0,0.0,120,0.5666666666666667
reference,monthly_test,augmented_price,ensemble,schedule,tenor_months,-3.0,128,128,270.2696868763775,288.22048219178237,0.5321862183520184,207.7275636584357,219.2709194991095,207.7275636584357,0.0,0.0,0.0,113,0.6017699115044248
reference,monthly_test,augmented_price,ensemble,schedule,tenor_months,-1.0,128,128,88.00056258804922,113.14619243588383,0.9349205444004377,24.04254245021064,28.582419781123964,22.367816879748087,0.0078125,0.109375,0.1953125,97,0.6391752577319587
reference,monthly_test,augmented_price,ensemble,schedule,tenor_months,1.0,128,128,59.41007195938036,71.1489188707228,0.976640567285957,39.21127246810555,40.81736409627024,-39.056376919338604,0.0,0.0078125,0.015625,96,0.6458333333333334
reference,monthly_test,augmented_price,ensemble,schedule,tenor_months,3.0,128,128,70.54356246391808,85.35871745254421,0.9692295179105631,117.53390377434735,122.56021802130002,-117.51265493802484,0.0,0.0078125,0.0078125,111,0.6216216216216216
reference,monthly_test,augmented_price,ensemble,schedule,tenor_months,6.0,128,128,170.17719615177708,184.1969463937796,0.8728419067778934,230.84097818202977,241.29458292952228,-230.84097818202977,0.0,0.0078125,0.0078125,117,0.5897435897435898
reference,monthly_test,augmented_price,ensemble,schedule,tenor_months,12.0,128,128,388.5258425904079,407.2543038785572,0.4935077389100091,449.5026510905624,474.0948677127625,-449.42842443784406,0.0,0.0078125,0.0078125,119,0.5882352941176471
reference,monthly_test,augmented_price,ensemble,terms,coupon_regular,-0.01,128,128,59.833211294534074,76.57175939853893,0.9723044955509682,17.70443051401522,21.73045228780091,-12.802144806676807,0.03125,0.1953125,0.3984375,128,1.0
reference,monthly_test,augmented_price,ensemble,terms,coupon_regular,-0.005,128,128,64.97484802528778,84.91315963441275,0.9655116980800399,8.736386002429423,10.709157560908796,-6.163851944496836,0.0703125,0.3984375,0.6015625,128,1.0
reference,monthly_test,augmented_price,ensemble,terms,coupon_regular,-0.0025,128,128,67.65084236665601,89.16540798087476,0.9617450641907588,4.334538199317972,5.310712466344649,-3.0131219544758894,0.15625,0.6015625,1.0,128,1.0
reference,monthly_test,augmented_price,ensemble,terms,coupon_regular,-0.001,128,128,69.33294512856664,91.72323405437777,0.9593792962643676,1.7251113934131614,2.113190735677593,-1.1876213517971221,0.375,1.0,1.0,128,1.0
reference,monthly_test,augmented_price,ensemble,terms,coupon_regular,0.001,128,128,71.75948260312556,95.12811250383194,0.9561126173233319,1.7142646714733898,2.0975596468596187,1.162729537580087,0.375,1.0,1.0,128,1.0
reference,monthly_test,augmented_price,ensemble,terms,coupon_regular,0.0025,128,128,73.65028702992868,97.6701161686923,0.9535858246003768,4.2652754802256965,5.2138279586224,2.8580612032674746,0.1484375,0.609375,0.9921875,128,1.0
reference,monthly_test,augmented_price,ensemble,terms,coupon_regular,0.005,128,128,76.8027652505103,101.86957391958906,0.9492457901097233,8.471391918525786,10.323074916028492,5.545070500190775,0.078125,0.3984375,0.6171875,128,1.0
reference,monthly_test,augmented_price,ensemble,terms,coupon_regular,0.01,128,128,83.06026051374258,110.05513238592368,0.9401883224684174,16.690383249893806,20.202179728031204,10.348656223155615,0.0234375,0.1875,0.390625,128,1.0
reference,monthly_test,augmented_price,ensemble,terms,first_strike,-0.05,128,128,39.391148853391954,46.25205271235825,0.9876264048753602,51.964071600182585,66.81864532224796,-42.341681741506626,0.015625,0.1015625,0.2109375,126,0.5873015873015873
reference,monthly_test,augmented_price,ensemble,terms,first_strike,-0.025,128,128,51.78441832684818,64.31552154184924,0.9784197753790902,26.78924109825182,34.69017178081489,-20.254040286591266,0.046875,0.171875,0.296875,128,0.578125
reference,monthly_test,augmented_price,ensemble,terms,first_strike,-0.01,128,128,62.54393984341208,80.96575021667432,0.9674079073087709,10.879019542870147,14.164579234466501,-7.93496626489045,0.0703125,0.3984375,0.59375,124,0.5645161290322581
reference,monthly_test,augmented_price,ensemble,terms,first_strike,-0.005,128,128,66.45435513605929,87.09611438516752,0.9627954215131367,5.5028370964901665,7.132463840987243,-3.936366965731071,0.15625,0.6015625,0.765625,123,0.5691056910569106
reference,monthly_test,augmented_price,ensemble,terms,first_strike,0.005,128,128,74.86098323383416,99.86672453450466,0.9522971193851133,5.50042293166919,7.195732687467922,3.7812258235547622,0.1796875,0.6015625,0.7734375,121,0.5619834710743802
reference,monthly_test,augmented_price,ensemble,terms,first_strike,0.01,128,128,79.46637223123213,106.46808999908842,0.9463716131840607,11.024035424848892,14.437085223428875,7.4879145055055565,0.078125,0.3828125,0.6015625,123,0.5609756097560976
reference,monthly_test,augmented_price,ensemble,terms,first_strike,0.025,128,128,93.60873917709583,126.85936602155458,0.9259462213529592,27.673585771498086,36.41760318185375,18.19647678019831,0.03125,0.171875,0.3515625,124,0.5645161290322581
reference,monthly_test,augmented_price,ensemble,terms,first_strike,0.05,128,128,117.82081056353525,161.3209051721439,0.8840605005362032,55.635569782825215,73.08265391853064,33.89176130147531,0.015625,0.0703125,0.171875,124,0.5403225806451613
reference,monthly_test,augmented_price,ensemble,terms,ki_barrier,-0.05,43,43,45.19218076125177,58.72929705505209,0.9838590069763515,43.88679782122142,49.876352036467104,-20.88185580606154,0.0,0.0,0.046511627906976744,43,1.0
reference,monthly_test,augmented_price,ensemble,terms,ki_barrier,-0.025,43,43,39.12834806639926,49.24785530008687,0.9893630480201018,21.11263037623123,24.153016715860176,-8.511360337163707,0.0,0.11627906976744186,0.20930232558139536,43,1.0
reference,monthly_test,augmented_price,ensemble,terms,ki_barrier,-0.01,43,43,36.47779367994816,47.86221046047146,0.9902284934654777,8.4310761713242,9.782736859476183,-3.0594813020885443,0.06976744186046512,0.32558139534883723,0.5581395348837209,43,1.0
reference,monthly_test,augmented_price,ensemble,terms,ki_barrier,-0.005,43,43,35.583031413145406,48.11653221160736,0.990198898989931,4.244860852815898,4.868360841771212,-1.4230811952272773,0.11627906976744186,0.5581395348837209,1.0,43,1.0
reference,monthly_test,augmented_price,ensemble,terms,ki_barrier,0.005,43,43,35.437809631177856,49.66645733875429,0.9896863122252528,4.228191173469417,4.94159078619513,1.2371141105426935,0.16279069767441862,0.5581395348837209,1.0,42,1.0
reference,monthly_test,augmented_price,ensemble,terms,ki_barrier,0.01,43,43,36.72146689284675,50.89917026428389,0.9892244586512895,8.418880034498022,9.868547785103448,2.2176081230359075,0.11627906976744186,0.3023255813953488,0.5116279069767442,43,1.0
reference,monthly_test,augmented_price,ensemble,terms,ki_barrier,0.025,43,43,44.75898411233961,56.29596687438026,0.9869530780765011,21.00606014221448,24.67533250196446,4.0867590899036905,0.023255813953488372,0.13953488372093023,0.2558139534883721,43,1.0
reference,monthly_test,augmented_price,ensemble,terms,ki_barrier,0.05,43,43,61.05216816098737,70.16408288005277,0.9797788019973008,41.938496495171144,50.24721166138405,2.592610975222028,0.023255813953488372,0.046511627906976744,0.18604651162790697,43,1.0
reference,monthly_test,augmented_price,ensemble,terms,last_strike,-0.05,128,128,92.07287282723067,122.76124941731344,0.9223386971666702,35.861392330844005,40.298172682438555,19.420723593095335,0.015625,0.0390625,0.1171875,128,1.0
reference,monthly_test,augmented_price,ensemble,terms,last_strike,-0.025,128,128,80.70986356419691,107.72459658077825,0.9422500837719202,18.3850140936363,20.442186055079436,10.945918465110765,0.015625,0.09375,0.1953125,128,1.0
reference,monthly_test,augmented_price,ensemble,terms,last_strike,-0.01,128,128,74.49625433722736,98.99188228955776,0.952078552947141,7.512259795020117,8.332655091531297,4.751921204306898,0.0546875,0.2890625,0.6875,128,1.0
reference,monthly_test,augmented_price,ensemble,terms,last_strike,-0.005,128,128,72.49465902496348,96.17022945849327,0.9550120202278588,3.783302022532325,4.19785999130621,2.41936494239299,0.1171875,0.7265625,1.0,127,1.0
reference,monthly_test,augmented_price,ensemble,terms,last_strike,0.005,128,128,68.82846555784477,90.72858393832777,0.9603622455690539,3.7417284325152504,4.144308734454727,-2.493847538523048,0.0859375,0.6953125,1.0,126,1.0
reference,monthly_test,augmented_price,ensemble,terms,last_strike,0.01,128,128,67.34396218774626,88.07505897139957,0.9628256774102729,7.560742483765264,8.369610458286092,-5.085210767244728,0.046875,0.265625,0.6796875,128,1.0
reference,monthly_test,augmented_price,ensemble,terms,last_strike,0.025,128,128,63.78315265590073,80.51740960747162,0.969314264710947,19.055800947185894,21.270022416518906,-13.95240286254542,0.03125,0.09375,0.1796875,128,1.0
reference,monthly_test,augmented_price,ensemble,terms,last_strike,0.05,128,128,59.747019170694614,70.55108448416503,0.976820340736712,39.0625615192111,43.84416301490028,-31.247338541628146,0.0234375,0.0546875,0.109375,128,1.0
reference,monthly_test,augmented_price,ensemble,terms,monthly_barrier,-0.05,123,123,67.2749297368052,84.86026411869474,0.9651903763309877,18.045698724141772,20.08891901440259,-1.9847377528987773,0.008130081300813009,0.13821138211382114,0.21951219512195122,0,
reference,monthly_test,augmented_price,ensemble,terms,monthly_barrier,-0.025,123,123,69.0197379638737,89.546353260588,0.9612397670957582,8.729214913799785,9.693636415364475,-0.7544591174861889,0.04065040650406504,0.22764227642276422,0.4878048780487805,0,
reference,monthly_test,augmented_price,ensemble,terms,monthly_barrier,-0.01,123,123,70.29873961337313,92.47171186258377,0.9586659115176843,3.417896707529597,3.7919070831466404,-0.2485126014647084,0.14634146341463414,0.9186991869918699,1.0,0,
reference,monthly_test,augmented_price,ensemble,terms,monthly_barrier,-0.005,123,123,70.71848230614987,93.45364726573342,0.9577834167940882,1.696411187086567,1.8816227475186404,-0.11570893005942497,0.22764227642276422,1.0,1.0,0,
reference,monthly_test,augmented_price,ensemble,terms,monthly_barrier,0.005,128,128,71.11680259174663,94.42941669378304,0.9568502336708273,1.6904839624961883,1.8667428010414855,0.1800091316303803,0.21875,1.0,1.0,0,
reference,monthly_test,augmented_price,ensemble,terms,monthly_barrier,0.01,128,128,71.69982449329467,95.42910903005355,0.9559317735562302,3.3544267838201556,3.703847915507018,0.3426165009538969,0.1328125,0.921875,1.0,0,
reference,monthly_test,augmented_price,ensemble,terms,monthly_barrier,0.025,128,128,73.36945819178652,98.39975894270377,0.9531454357522462,8.184257894754515,9.03679461549019,0.7313117384910063,0.046875,0.234375,0.484375,0,
reference,monthly_test,augmented_price,ensemble,terms,monthly_barrier,0.05,128,128,76.6514369859153,103.18863568440142,0.9484738640435445,15.682782977819599,17.33239791737884,1.0781983534495674,0.0390625,0.1328125,0.234375,0,
reference,monthly_test,prior_frozen_affine_coupon_delta,ensemble,schedule,nobs_early,1.0,128,128,107.61519676080414,161.53056619461296,0.8759996453204401,114.22698039712733,155.7434372845219,-61.52599137322127,0.0,0.015625,0.046875,119,0.8487394957983193
reference,monthly_test,prior_frozen_affine_coupon_delta,ensemble,schedule,nobs_late,1.0,128,128,407.0235471705629,438.12355978385426,-0.1742223419328366,494.9485670203733,516.2946271265292,-494.9485670203733,0.0,0.0,0.0,125,0.488
reference,monthly_test,prior_frozen_affine_coupon_delta,ensemble,schedule,nobs_middle,1.0,128,128,374.02510788748407,407.35701258443623,0.05126646556068215,453.30853371069077,467.94166237729144,-453.30853371069077,0.0,0.0,0.0,121,0.5537190082644629
reference,monthly_test,prior_frozen_affine_coupon_delta,ensemble,schedule,tenor_months,-12.0,128,128,387.8069227367881,427.95364278519816,-0.9216347124980038,311.82397823091594,343.0374009483718,288.2571866640219,0.0,0.0,0.0,125,0.536
reference,monthly_test,prior_frozen_affine_coupon_delta,ensemble,schedule,tenor_months,-6.0,128,128,199.98095391664063,245.22923981951084,0.5964771034564533,150.0326024423427,165.0369913063284,96.50507537655275,0.0,0.0,0.0,120,0.44166666666666665
reference,monthly_test,prior_frozen_affine_coupon_delta,ensemble,schedule,tenor_months,-3.0,128,128,126.2604293876003,181.30894991947335,0.814876387608661,48.61759937773359,70.10817962806277,-35.86462410382474,0.0234375,0.0390625,0.234375,113,0.3008849557522124
reference,monthly_test,prior_frozen_affine_coupon_delta,ensemble,schedule,tenor_months,-1.0,128,128,157.4890767541562,229.26739625270852,0.7327925137854896,16.48506647179179,22.106765815880436,0.4352400967466901,0.03125,0.09375,0.5390625,97,0.5154639175257731
reference,monthly_test,prior_frozen_affine_coupon_delta,ensemble,schedule,tenor_months,1.0,128,128,171.42579685312563,241.12955719027212,0.7316963514901377,28.257345366897702,30.071750284503604,-23.2986519661441,0.0,0.03125,0.078125,96,0.6041666666666666
reference,monthly_test,prior_frozen_affine_coupon_delta,ensemble,schedule,tenor_months,3.0,128,128,185.52383757025194,246.2949643718879,0.7438174149994934,75.8004113364303,81.14800148532565,-71.68007622432967,0.0,0.0234375,0.046875,111,0.6216216216216216
reference,monthly_test,prior_frozen_affine_coupon_delta,ensemble,schedule,tenor_months,6.0,128,128,219.9160257993002,271.20455486302774,0.7243404055485236,138.65317925036192,149.2750280740113,-133.33802077340283,0.0,0.015625,0.0234375,117,0.5897435897435898
reference,monthly_test,prior_frozen_affine_coupon_delta,ensemble,schedule,tenor_months,12.0,128,128,283.66095442542183,333.86464596344445,0.6596056727189104,228.1786452004323,250.0513552139921,-218.72973027328982,0.0,0.0078125,0.015625,119,0.5882352941176471
reference,monthly_test,prior_frozen_affine_coupon_delta,ensemble,terms,coupon_regular,-0.01,128,128,148.53918521111422,209.4438719291521,0.7927916064783477,22.95592054336644,33.260117912119874,-22.850058335655696,0.0,0.359375,0.390625,128,1.0
reference,monthly_test,prior_frozen_affine_coupon_delta,ensemble,terms,coupon_regular,-0.005,128,128,156.92741217073575,223.30344610480162,0.7614866678711077,11.477959641953944,16.630099188758695,-11.425026658068724,0.0,0.390625,0.6171875,128,1.0
reference,monthly_test,prior_frozen_affine_coupon_delta,ensemble,terms,coupon_regular,-0.0025,128,128,161.16875842199423,230.37088669351596,0.7446417677184887,5.7389877320577405,8.315011598095744,-5.712518527482917,0.34375,0.6171875,0.8125,128,1.0
reference,monthly_test,prior_frozen_affine_coupon_delta,ensemble,terms,coupon_regular,-0.001,128,128,163.75133063645472,234.65053245590428,0.7341529698498103,2.2956217994602905,3.326013999044054,-2.2850344421652222,0.390625,0.8203125,1.0,128,1.0
reference,monthly_test,prior_frozen_affine_coupon_delta,ensemble,terms,coupon_regular,0.001,128,128,167.19485615241717,240.39934717285374,0.7197223354876254,2.2955937872951173,3.326029484884779,2.2850104928947923,0.390625,0.8203125,1.0,128,1.0
reference,monthly_test,prior_frozen_affine_coupon_delta,ensemble,terms,coupon_regular,0.0025,128,128,169.77746382248324,244.74098782266037,0.7085657110070017,5.738998526241689,8.315075650490948,5.712535402582401,0.34375,0.6171875,0.8125,128,1.0
reference,monthly_test,prior_frozen_affine_coupon_delta,ensemble,terms,coupon_regular,0.005,128,128,174.0817800028535,252.03027049677516,0.6893377358860049,11.477973879392575,16.630084443181033,11.425043872014314,0.0,0.390625,0.6171875,128,1.0
reference,monthly_test,prior_frozen_affine_coupon_delta,ensemble,terms,coupon_regular,0.01,128,128,182.8837731275836,266.7889766141235,0.6485195738193346,22.95595612733939,33.26018801674479,22.850090956625884,0.0,0.359375,0.390625,128,1.0
reference,monthly_test,prior_frozen_affine_coupon_delta,ensemble,terms,first_strike,-0.05,128,128,179.01408944545227,219.7580548205421,0.7206662047155075,65.04111331202513,80.77264015091156,-61.82242456608103,0.0,0.0546875,0.1171875,126,0.5317460317460317
reference,monthly_test,prior_frozen_affine_coupon_delta,ensemble,terms,first_strike,-0.025,128,128,175.02221177072806,228.2979683735494,0.728087944593931,32.825418684569726,41.33412960108699,-30.710216140399993,0.0078125,0.125,0.2890625,128,0.5234375
reference,monthly_test,prior_frozen_affine_coupon_delta,ensemble,terms,first_strike,-0.01,128,128,169.92523457542336,233.71478334090284,0.7284299162952869,13.201607428671785,16.738990907317756,-12.28182590626352,0.0703125,0.359375,0.515625,124,0.5241935483870968
reference,monthly_test,prior_frozen_affine_coupon_delta,ensemble,terms,first_strike,-0.005,128,128,167.7724652640023,235.56309552243792,0.7278468700258335,6.639947011318608,8.411628276691458,-6.136067067941142,0.1328125,0.5078125,0.6015625,123,0.5284552845528455
reference,monthly_test,prior_frozen_affine_coupon_delta,ensemble,terms,first_strike,0.005,128,128,162.86779669634745,239.47481350621862,0.7257019748046702,6.49918916700217,8.407257050453493,6.031167674256777,0.1796875,0.53125,0.6171875,121,0.512396694214876
reference,monthly_test,prior_frozen_affine_coupon_delta,ensemble,terms,first_strike,0.01,128,128,160.0937744438388,241.48410337740646,0.7241119427411395,12.998660211678079,16.844251930332597,12.035595233643047,0.078125,0.390625,0.53125,123,0.5121951219512195
reference,monthly_test,prior_frozen_affine_coupon_delta,ensemble,terms,first_strike,0.025,128,128,152.04760148053504,248.3588621340594,0.7161679243929853,32.36435050266053,42.33599072814102,29.895789767625175,0.03125,0.1484375,0.3046875,124,0.5080645161290323
reference,monthly_test,prior_frozen_affine_coupon_delta,ensemble,terms,first_strike,0.05,128,128,172.92519573472993,262.54129306869584,0.6929243636154391,63.273762509771906,84.4188540412492,58.18088532588633,0.015625,0.09375,0.1328125,124,0.5161290322580645
reference,monthly_test,prior_frozen_affine_coupon_delta,ensemble,terms,ki_barrier,-0.05,43,43,332.21500467001493,383.8520467828471,0.3104776214858368,35.22885270220361,46.866706414349046,4.946384647673381,0.0,0.16279069767441862,0.20930232558139536,43,1.0
reference,monthly_test,prior_frozen_affine_coupon_delta,ensemble,terms,ki_barrier,-0.025,43,43,327.74318793948106,383.67842281068283,0.3543795075439399,16.887584523579378,22.61433604498081,1.421360970871804,0.046511627906976744,0.3488372093023256,0.5348837209302325,43,1.0
reference,monthly_test,prior_frozen_affine_coupon_delta,ensemble,terms,ki_barrier,-0.01,43,43,325.96240101472364,384.8302306460153,0.3682948978004321,6.70473975185726,8.921638093707692,0.2151008510541848,0.16279069767441862,0.5116279069767442,0.7209302325581395,43,1.0
reference,monthly_test,prior_frozen_affine_coupon_delta,ensemble,terms,ki_barrier,-0.005,43,43,325.7044220349657,385.62272826721005,0.37047718972571586,3.2392468846929052,4.349271600209864,0.10067227407695116,0.37209302325581395,0.7441860465116279,0.9767441860465116,43,1.0
reference,monthly_test,prior_frozen_affine_coupon_delta,ensemble,terms,ki_barrier,0.005,43,43,325.24314063897907,387.33726911860987,0.3727131463681054,3.2850068908099685,4.342586818274906,-0.06497938792384886,0.32558139534883723,0.7441860465116279,0.9767441860465116,42,1.0
reference,monthly_test,prior_frozen_affine_coupon_delta,ensemble,terms,ki_barrier,0.01,43,43,325.01444176671833,388.1978268842347,0.37320735436273933,6.710471966874385,8.657272581369016,-0.17087012650668565,0.13953488372093023,0.5116279069767442,0.7441860465116279,43,1.0
reference,monthly_test,prior_frozen_affine_coupon_delta,ensemble,terms,ki_barrier,0.025,43,43,324.71159875763266,391.36279761550685,0.3694600931578921,16.88459386145191,21.255995305380434,-0.33442698759871703,0.046511627906976744,0.16279069767441862,0.4418604651162791,43,1.0
reference,monthly_test,prior_frozen_affine_coupon_delta,ensemble,terms,ki_barrier,0.05,43,43,323.5083622025153,396.1903497221468,0.35525948496886883,33.61037544444098,40.679993075913615,-1.5757358955552425,0.023255813953488372,0.09302325581395349,0.13953488372093023,43,1.0
reference,monthly_test,prior_frozen_affine_coupon_delta,ensemble,terms,last_strike,-0.05,128,128,138.3519987767926,214.03648243925122,0.7639208231716824,33.63318866033414,39.866450647598775,-13.99890844935235,0.0078125,0.0390625,0.0703125,128,0.9921875
reference,monthly_test,prior_frozen_affine_coupon_delta,ensemble,terms,last_strike,-0.025,128,128,152.74757126739462,226.2833268586244,0.7451839869872131,15.621791047354552,19.015731043434204,-7.391858729766751,0.0390625,0.09375,0.234375,128,0.9921875
reference,monthly_test,prior_frozen_affine_coupon_delta,ensemble,terms,last_strike,-0.01,128,128,160.5110911580788,233.21198590607943,0.7340300978391388,5.94257181844052,7.381069648634498,-2.967089841685441,0.0625,0.6171875,0.859375,128,0.9921875
reference,monthly_test,prior_frozen_affine_coupon_delta,ensemble,terms,last_strike,-0.005,128,128,162.99636602348713,235.3747457694267,0.7305148027102453,2.9616135811278093,3.6944731593549185,-1.5031732685553418,0.0859375,0.8828125,0.9921875,127,0.9921259842519685
reference,monthly_test,prior_frozen_affine_coupon_delta,ensemble,terms,last_strike,0.005,128,128,167.81935189529847,239.60615281960182,0.7235499265598968,2.8940104276795244,3.52699086881987,1.5529104774274525,0.0546875,0.859375,1.0,126,0.9920634920634921
reference,monthly_test,prior_frozen_affine_coupon_delta,ensemble,terms,last_strike,0.01,128,128,170.17358703710832,241.67259991554275,0.7201070196900948,5.719077219546269,7.064731422310507,3.1303442226296534,0.0546875,0.625,0.84375,128,1.0
reference,monthly_test,prior_frozen_affine_coupon_delta,ensemble,terms,last_strike,0.025,128,128,176.4706531620962,247.28639223591233,0.7105607777675946,13.281443875729181,16.6311557717415,7.47612506882671,0.0234375,0.09375,0.6015625,128,1.0
reference,monthly_test,prior_frozen_affine_coupon_delta,ensemble,terms,last_strike,0.05,128,128,185.3530219234633,255.12757505282104,0.6968800908802597,23.845245669440747,30.531320746366806,14.36112360330299,0.015625,0.0546875,0.1015625,128,1.0
reference,monthly_test,prior_frozen_affine_coupon_delta,ensemble,terms,monthly_barrier,-0.05,123,123,166.1982668617593,236.54786765527078,0.729524056253935,34.52261935081588,44.00830587502741,34.207509462103346,0.0,0.024390243902439025,0.16260162601626016,0,
reference,monthly_test,prior_frozen_affine_coupon_delta,ensemble,terms,monthly_barrier,-0.025,123,123,156.74505847732465,222.11323621132632,0.761526871284741,17.870797051323795,22.700651209598245,17.73498568754533,0.0,0.17073170731707318,0.43902439024390244,0,
reference,monthly_test,prior_frozen_affine_coupon_delta,ensemble,terms,monthly_barrier,-0.01,123,123,150.8972947691957,213.39938408697333,0.7798711863137312,7.296262717828581,9.249847037241654,7.247335219447927,0.016260162601626018,0.44715447154471544,0.6991869918699187,0,
reference,monthly_test,prior_frozen_affine_coupon_delta,ensemble,terms,monthly_barrier,-0.005,123,123,149.0052341724299,210.50425626657878,0.785803518458068,3.6728979772346415,4.653401723029832,3.6493565655014018,0.17073170731707318,0.6910569105691057,0.991869918699187,0,
reference,monthly_test,prior_frozen_affine_coupon_delta,ensemble,terms,monthly_barrier,0.005,128,128,163.82025617796995,235.19972452801935,0.7323067306918822,3.611782255272039,4.621795754110624,-3.5217047358552644,0.1796875,0.6875,0.9921875,0,
reference,monthly_test,prior_frozen_affine_coupon_delta,ensemble,terms,monthly_barrier,0.01,128,128,162.14702663234334,232.90533608353957,0.7375039867862773,7.270917606850366,9.2997680970141,-7.094025301436508,0.03125,0.46875,0.6875,0,
reference,monthly_test,prior_frozen_affine_coupon_delta,ensemble,terms,monthly_barrier,0.025,128,128,157.1037316002218,226.2131309960444,0.7523721677280121,18.531993652383512,23.67142233525856,-18.114891524116224,0.0078125,0.1640625,0.4609375,0,
reference,monthly_test,prior_frozen_affine_coupon_delta,ensemble,terms,monthly_barrier,0.05,128,128,149.17879589457243,215.97780174423198,0.7742737496714666,38.242973387241335,48.75139861908285,-37.496102352937044,0.0,0.03125,0.1640625,0,
reference,other_diagnostic,affine_coupon_delta,101,terms,coupon_regular,-0.01,86,86,90.42595188172517,144.548411348616,0.9557650656796932,12.03172553521256,16.17749409010657,1.150333631061769,0.08139534883720931,0.38372093023255816,0.5581395348837209,86,1.0
reference,other_diagnostic,affine_coupon_delta,101,terms,coupon_regular,-0.005,86,86,87.3140661534541,140.69245224393248,0.9580777471129363,6.015790393879247,8.088690031119082,0.5750961368398149,0.1511627906976744,0.5581395348837209,0.7790697674418605,86,1.0
reference,other_diagnostic,affine_coupon_delta,101,terms,coupon_regular,-0.0025,86,86,85.84693734180438,138.90111884531996,0.9591342054127021,3.0078673971484795,4.0443229699972,0.28750508088012056,0.2441860465116279,0.7790697674418605,0.9883720930232558,86,1.0
reference,other_diagnostic,affine_coupon_delta,101,terms,coupon_regular,-0.001,86,86,85.0034503400801,137.87204340489382,0.959736049020689,1.2031251349190408,1.6177200812363335,0.11505406124647273,0.5581395348837209,1.0,1.0,86,1.0
reference,other_diagnostic,affine_coupon_delta,101,terms,coupon_regular,0.001,86,86,84.1766432719532,136.554959574677,0.9605010146027495,1.2033021288324695,1.617872580695406,-0.1149763157663419,0.5581395348837209,1.0,1.0,86,1.0
reference,other_diagnostic,affine_coupon_delta,101,terms,coupon_regular,0.0025,86,86,83.69779791821688,135.60944959824153,0.9610465528745141,3.007989889660547,4.044450657254861,-0.28754680840544006,0.2441860465116279,0.7790697674418605,0.9883720930232558,86,1.0
reference,other_diagnostic,affine_coupon_delta,101,terms,coupon_regular,0.005,86,86,82.89958174567232,134.11641137081196,0.9619020237510882,6.01594692179861,8.088821301667789,-0.5752147418815036,0.1511627906976744,0.5581395348837209,0.7790697674418605,86,1.0
reference,other_diagnostic,affine_coupon_delta,101,terms,coupon_regular,0.01,86,86,81.38767791089035,131.4531298776016,0.9634109882475121,12.031721502426985,16.17753583587836,-1.1502997026193973,0.08139534883720931,0.38372093023255816,0.5581395348837209,86,1.0
reference,other_diagnostic,affine_coupon_delta,101,terms,first_strike,-0.05,86,86,85.74085993246915,137.7739404990779,0.9543909939104693,24.346795153464015,32.14699515887982,0.43157080164602984,0.03488372093023256,0.1744186046511628,0.29069767441860467,81,0.8641975308641975
reference,other_diagnostic,affine_coupon_delta,101,terms,first_strike,-0.025,86,86,85.76527541573988,138.39651151649088,0.9569360822173371,11.686997896884957,15.357434738661242,2.875726698671942,0.046511627906976744,0.29069767441860467,0.5348837209302325,80,0.825
reference,other_diagnostic,affine_coupon_delta,101,terms,first_strike,-0.01,86,86,85.14576791783261,137.8770807524848,0.9588095581784511,4.750558504643453,6.186147853800298,1.7890878914523318,0.13953488372093023,0.5697674418604651,0.9302325581395349,77,0.8181818181818182
reference,other_diagnostic,affine_coupon_delta,101,terms,first_strike,-0.005,86,86,84.87791864700186,137.62153221050323,0.959424542925808,2.391573799487525,3.110202760884152,0.8935328055396062,0.2558139534883721,0.9302325581395349,1.0,72,0.8055555555555556
reference,other_diagnostic,affine_coupon_delta,101,terms,first_strike,0.005,86,86,84.61330644137894,136.789311416556,0.9607990558435829,2.4569072681632567,3.115456716262426,-1.2008247656067255,0.27906976744186046,0.9069767441860465,1.0,73,0.7945205479452054
reference,other_diagnostic,affine_coupon_delta,101,terms,first_strike,0.01,86,86,84.66741455386976,136.56038101348634,0.9613720730889622,4.813097143186574,6.1679252897355035,-2.352280279851605,0.16279069767441862,0.6046511627906976,0.9186046511627907,76,0.8026315789473685
reference,other_diagnostic,affine_coupon_delta,101,terms,first_strike,0.025,86,86,84.92999821258488,135.44411941137008,0.9631616132124966,11.770207338501217,15.059479716601391,-6.738099750972897,0.08139534883720931,0.26744186046511625,0.5,77,0.7792207792207793
reference,other_diagnostic,affine_coupon_delta,101,terms,first_strike,0.05,86,86,85.64124875396992,134.48805820505424,0.965372568229389,23.726622067746195,29.88076665939733,-15.1685581368241,0.03488372093023256,0.11627906976744186,0.2441860465116279,79,0.759493670886076
reference,other_diagnostic,affine_coupon_delta,101,terms,ki_barrier,-0.05,41,41,77.92405649387554,151.61087718109016,0.9733526386135815,37.306486181430216,52.36500851694096,-28.07950411137284,0.0,0.04878048780487805,0.2682926829268293,40,0.975
reference,other_diagnostic,affine_coupon_delta,101,terms,ki_barrier,-0.025,41,41,79.67530332037167,153.44627939347868,0.9728148132061307,17.63558286277017,24.079789651396432,-13.387869846590652,0.0,0.21951219512195122,0.4878048780487805,40,0.975
reference,other_diagnostic,affine_coupon_delta,101,terms,ki_barrier,-0.01,41,41,82.47873381789675,155.9660133455673,0.9719428862726827,6.707395259745236,9.083597062968261,-5.159589910834301,0.07317073170731707,0.5365853658536586,0.7560975609756098,39,0.9743589743589743
reference,other_diagnostic,affine_coupon_delta,101,terms,ki_barrier,-0.005,41,41,83.47424942537597,156.87090444455788,0.9716163091378138,3.314712797056853,4.510831765692051,-2.553422447930022,0.1951219512195122,0.7560975609756098,0.9512195121951219,38,0.9736842105263158
reference,other_diagnostic,affine_coupon_delta,101,terms,ki_barrier,0.005,41,41,86.0360801225784,159.01114757505087,0.9708263244044015,3.3728959684570636,4.479181375956817,2.552669613160254,0.0975609756097561,0.7804878048780488,0.9512195121951219,38,0.9736842105263158
reference,other_diagnostic,affine_coupon_delta,101,terms,ki_barrier,0.01,41,41,87.6539571930148,160.15345701621982,0.9703922119383354,6.453749674728247,8.58096143622437,4.905351506743004,0.07317073170731707,0.5609756097560976,0.8292682926829268,39,0.9743589743589743
reference,other_diagnostic,affine_coupon_delta,101,terms,ki_barrier,0.025,41,41,92.57544291253537,163.35927126923835,0.9691356566784906,15.121671658281873,20.13253558651426,11.485910272998053,0.04878048780487805,0.17073170731707318,0.5121951219512195,40,0.975
reference,other_diagnostic,affine_coupon_delta,101,terms,ki_barrier,0.05,41,41,100.93309636796585,167.9483311470217,0.9671940413589559,26.29059509733101,34.835476709554065,19.232341816451974,0.024390243902439025,0.14634146341463414,0.24390243902439024,40,0.975
reference,other_diagnostic,affine_coupon_delta,101,terms,last_strike,-0.05,86,86,78.8183798984628,130.6235239577521,0.9631223625112424,20.10018662943743,27.085662938844063,-10.28475965487287,0.011627906976744186,0.22093023255813954,0.3488372093023256,86,0.9069767441860465
reference,other_diagnostic,affine_coupon_delta,101,terms,last_strike,-0.025,86,86,81.50412092886474,133.58807178588353,0.9618410606655216,9.717323749593293,13.049129552028692,-4.241401383147916,0.10465116279069768,0.32558139534883723,0.6162790697674418,86,0.8953488372093024
reference,other_diagnostic,affine_coupon_delta,101,terms,last_strike,-0.01,86,86,83.4278231227075,135.71644639297062,0.9608334222720547,3.8228686809713057,5.171118715013327,-1.5265659246045031,0.22093023255813954,0.7209302325581395,0.9302325581395349,84,0.9285714285714286
reference,other_diagnostic,affine_coupon_delta,101,terms,last_strike,-0.005,86,86,83.99991749131864,136.4822515306847,0.9604669195388855,1.9129578152079452,2.5851478701727175,-0.737078688836606,0.36046511627906974,0.9302325581395349,1.0,79,0.9367088607594937
reference,other_diagnostic,affine_coupon_delta,101,terms,last_strike,0.005,86,86,85.1744221591568,137.95983594849443,0.9597640374639808,1.8567492948021995,2.5049499064787746,0.6599910111390341,0.4186046511627907,0.9418604651162791,1.0,81,0.9382716049382716
reference,other_diagnostic,affine_coupon_delta,101,terms,last_strike,0.01,86,86,86.15158615616622,138.74529976059947,0.9593773210066077,3.7193195910532344,4.990348075948231,1.2162900037428208,0.20930232558139536,0.686046511627907,0.9418604651162791,84,0.9404761904761905
reference,other_diagnostic,affine_coupon_delta,101,terms,last_strike,0.025,86,86,89.35693756567993,141.08060870203948,0.9582123095076293,8.934331412347712,12.082527978034953,2.2727470750263494,0.10465116279069768,0.4186046511627907,0.6162790697674418,86,0.9186046511627907
reference,other_diagnostic,affine_coupon_delta,101,terms,last_strike,0.05,86,86,94.55523186219415,144.8976046222451,0.956255438594296,16.885691452511523,22.873930914222985,1.5906345081883797,0.011627906976744186,0.23255813953488372,0.43023255813953487,86,0.9186046511627907
reference,other_diagnostic,affine_coupon_delta,233,terms,coupon_regular,-0.01,86,86,104.4582697352693,184.02363607161814,0.9283054809024949,12.365785703294039,17.01061217375131,-4.610198847891748,0.05813953488372093,0.3372093023255814,0.5232558139534884,86,1.0
reference,other_diagnostic,affine_coupon_delta,233,terms,coupon_regular,-0.005,86,86,101.69359513860763,182.46749585252118,0.9294862131490447,6.182915344487788,8.50528215109238,-2.305187429568564,0.12790697674418605,0.5232558139534884,0.813953488372093,86,1.0
reference,other_diagnostic,affine_coupon_delta,233,terms,coupon_regular,-0.0025,86,86,100.73521257310819,181.83378206659793,0.9299678267510428,3.09138324129027,4.252578581995589,-1.1525847215292069,0.2558139534883721,0.813953488372093,0.9767441860465116,86,1.0
reference,other_diagnostic,affine_coupon_delta,233,terms,coupon_regular,-0.001,86,86,100.16047741227793,181.5003144706667,0.9302219662159728,1.236582147520642,1.7010045034670687,-0.4610040381897327,0.5232558139534884,0.9767441860465116,1.0,86,1.0
reference,other_diagnostic,affine_coupon_delta,233,terms,coupon_regular,0.001,86,86,99.42714891632347,181.11054876136583,0.9305202132123624,1.2366620018038639,1.7012125796605118,0.4609986143980839,0.5232558139534884,0.9767441860465116,1.0,86,1.0
reference,other_diagnostic,affine_coupon_delta,233,terms,coupon_regular,0.0025,86,86,98.8799398096492,180.85975658915515,0.9307133006049921,3.0915037615354666,4.252762118531866,1.1525499247765356,0.2558139534883721,0.813953488372093,0.9767441860465116,86,1.0
reference,other_diagnostic,affine_coupon_delta,233,terms,coupon_regular,0.005,86,86,98.03932237833578,180.52117222715174,0.9309769178737762,6.183006033070326,8.505463205621867,2.3050133783456896,0.12790697674418605,0.5232558139534884,0.813953488372093,86,1.0
reference,other_diagnostic,affine_coupon_delta,233,terms,coupon_regular,0.01,86,86,97.06555201495979,180.143549198917,0.9312858391007135,12.365847144593562,17.010732358818213,4.610218914788823,0.05813953488372093,0.3372093023255814,0.5232558139534884,86,1.0
reference,other_diagnostic,affine_coupon_delta,233,terms,first_strike,-0.05,86,86,92.46828943575537,169.25007333428422,0.9311705689864016,25.5138880766978,33.26479118164526,-6.292519275510214,0.011627906976744186,0.13953488372093023,0.3023255813953488,81,0.8395061728395061
reference,other_diagnostic,affine_coupon_delta,233,terms,first_strike,-0.025,86,86,96.34497461199382,177.440956742473,0.9292101499912506,12.136167805271661,15.516269578550121,0.08016489711639707,0.06976744186046512,0.27906976744186046,0.4883720930232558,80,0.8
reference,other_diagnostic,affine_coupon_delta,233,terms,first_strike,-0.01,86,86,98.53917271244177,180.33615894441064,0.9295342754864788,4.8051198033856,6.097990878840978,0.8489701663461593,0.18604651162790697,0.5581395348837209,0.8837209302325582,77,0.7922077922077922
reference,other_diagnostic,affine_coupon_delta,233,terms,first_strike,-0.005,86,86,99.21484216919215,180.8966111717844,0.9298945945442976,2.461294122078626,3.0935190612897308,0.45698422874105643,0.27906976744186046,0.8953488372093024,1.0,72,0.7777777777777778
reference,other_diagnostic,affine_coupon_delta,233,terms,first_strike,0.005,86,86,100.39322465518597,181.51936647968498,0.9309699584617438,2.5491745176503087,3.1180755576671206,-0.837014647752097,0.22093023255813954,0.8837209302325582,1.0,73,0.7671232876712328
reference,other_diagnostic,affine_coupon_delta,233,terms,first_strike,0.01,86,86,100.99650192130957,181.85181865405215,0.9315005225129862,5.007107119532591,6.1760739322624,-1.7035599599706093,0.1511627906976744,0.5348837209302325,0.872093023255814,76,0.7763157894736842
reference,other_diagnostic,affine_coupon_delta,233,terms,first_strike,0.025,86,86,102.23333892565834,181.86336481123098,0.9335843022383127,12.464184352540135,15.199797539281203,-5.760555853565898,0.023255813953488372,0.2558139534883721,0.4186046511627907,77,0.7532467532467533
reference,other_diagnostic,affine_coupon_delta,233,terms,first_strike,0.05,86,86,103.85420168993382,180.93968109979332,0.9373212283016655,25.482510190519264,30.769052123355213,-15.6508012976929,0.03488372093023256,0.11627906976744186,0.2558139534883721,79,0.7468354430379747
reference,other_diagnostic,affine_coupon_delta,233,terms,ki_barrier,-0.05,41,41,113.29269626396182,214.0892040880943,0.9468647135645848,32.81862536139362,44.27207910651142,-17.482045411518435,0.024390243902439025,0.12195121951219512,0.2682926829268293,40,1.0
reference,other_diagnostic,affine_coupon_delta,233,terms,ki_barrier,-0.025,41,41,118.39922902504689,223.19167329482136,0.9424857351971098,15.537995274413408,20.37120699063111,-8.277454829858085,0.04878048780487805,0.2682926829268293,0.43902439024390244,40,1.0
reference,other_diagnostic,affine_coupon_delta,233,terms,ki_barrier,-0.01,41,41,120.52369971678104,227.58804726268934,0.9402576985282783,5.923130649073823,7.704640514452131,-3.158342155923204,0.17073170731707318,0.5121951219512195,0.8536585365853658,39,1.0
reference,other_diagnostic,affine_coupon_delta,233,terms,ki_barrier,-0.005,41,41,121.07303509172459,228.78086209398435,0.9396296836737936,2.960576489507183,3.8479983657542496,-1.5597984818060224,0.2682926829268293,0.8536585365853658,0.975609756097561,38,1.0
reference,other_diagnostic,affine_coupon_delta,233,terms,ki_barrier,0.005,41,41,121.67362928798126,231.0195543820637,0.938420878447374,3.0050165480593356,3.8340307309863273,1.5726238758704527,0.1951219512195122,0.8292682926829268,0.975609756097561,38,1.0
reference,other_diagnostic,affine_coupon_delta,233,terms,ki_barrier,0.01,41,41,122.08366023042171,231.96104145941123,0.9378897284474986,5.778865132995738,7.325833737233399,2.958532968914606,0.0975609756097561,0.5365853658536586,0.8780487804878049,39,1.0
reference,other_diagnostic,affine_coupon_delta,233,terms,ki_barrier,0.025,41,41,123.487546240126,234.0154937383995,0.936662824705323,13.63936989100241,17.36768501346793,6.716521050690152,0.024390243902439025,0.24390243902439024,0.43902439024390244,40,1.0
reference,other_diagnostic,affine_coupon_delta,233,terms,ki_barrier,0.05,41,41,127.07306815818878,234.93322257949805,0.9358066235363942,24.640311753422747,30.80975217766521,9.999640491616917,0.024390243902439025,0.14634146341463414,0.2682926829268293,40,1.0
reference,other_diagnostic,affine_coupon_delta,233,terms,last_strike,-0.05,86,86,93.29803919020206,173.52980832719763,0.9349168636964214,20.570948366480046,28.879802137483853,-11.709657203637121,0.03488372093023256,0.2558139534883721,0.4069767441860465,86,0.9651162790697675
reference,other_diagnostic,affine_coupon_delta,233,terms,last_strike,-0.025,86,86,95.78269148458237,177.52758581781322,0.932610439134691,9.753624167813118,13.502997545038426,-4.60236988421674,0.05813953488372093,0.45348837209302323,0.6046511627906976,86,0.9651162790697675
reference,other_diagnostic,affine_coupon_delta,233,terms,last_strike,-0.01,86,86,98.03100003805113,179.78498007715314,0.9312682377384446,3.7817718337845894,5.250478435940682,-1.597218220981286,0.23255813953488372,0.7558139534883721,0.9069767441860465,84,0.9642857142857143
reference,other_diagnostic,affine_coupon_delta,233,terms,last_strike,-0.005,86,86,98.92116202628273,180.56438246260285,0.930805356928141,1.8894448601171492,2.618274304135498,-0.7610660929723767,0.45348837209302323,0.9186046511627907,1.0,79,0.9620253164556962
reference,other_diagnostic,affine_coupon_delta,233,terms,last_strike,0.005,86,86,100.7956964189686,181.9840559572802,0.9299874756385051,1.8367217654405634,2.537650592418715,0.6629435202872106,0.46511627906976744,0.9302325581395349,1.0,81,0.9629629629629629
reference,other_diagnostic,affine_coupon_delta,233,terms,last_strike,0.01,86,86,101.80901577459935,182.68148356041254,0.929575939560255,3.651543574566527,5.0119827256857645,1.202400735355625,0.19767441860465115,0.7209302325581395,0.9302325581395349,84,0.9642857142857143
reference,other_diagnostic,affine_coupon_delta,233,terms,last_strike,0.025,86,86,104.57891156493181,184.6210254883474,0.9284390598333763,8.862491184195806,11.98763776681565,2.104696630622989,0.06976744186046512,0.45348837209302323,0.6395348837209303,86,0.9651162790697675
reference,other_diagnostic,affine_coupon_delta,233,terms,last_strike,0.05,86,86,108.86142932244408,187.35594742545854,0.926863087524434,16.783520671748377,22.281305880984345,0.8972592201343796,0.03488372093023256,0.19767441860465115,0.3953488372093023,86,0.9651162790697675
reference,other_diagnostic,affine_coupon_delta,47,terms,coupon_regular,-0.01,86,86,103.18933315195395,203.73759449955662,0.9121218128381681,11.60067022158656,15.952206506344991,2.2375847287187285,0.08139534883720931,0.38372093023255816,0.5813953488372093,86,1.0
reference,other_diagnostic,affine_coupon_delta,47,terms,coupon_regular,-0.005,86,86,101.00453579569508,200.18529409788817,0.9151274295322571,5.800271712763363,7.976087870971881,1.1187112895093223,0.16279069767441862,0.5813953488372093,0.8023255813953488,86,1.0
reference,other_diagnostic,affine_coupon_delta,47,terms,coupon_regular,-0.0025,86,86,100.00466074770725,198.50548487547485,0.9165370977951541,2.900122771082923,3.9879931367471304,0.5593577072370881,0.3023255813953488,0.8023255813953488,0.9651162790697675,86,1.0
reference,other_diagnostic,affine_coupon_delta,47,terms,coupon_regular,-0.001,86,86,99.41801547131335,197.52944594470495,0.9173528931682496,1.1600386167681493,1.5951585185872765,0.22372857637183616,0.5813953488372093,1.0,1.0,86,1.0
reference,other_diagnostic,affine_coupon_delta,47,terms,coupon_regular,0.001,86,86,98.63583362454119,196.26580345599996,0.9184056180515917,1.1601967816204986,1.5954278697495603,-0.22378944634467127,0.5813953488372093,1.0,1.0,86,1.0
reference,other_diagnostic,affine_coupon_delta,47,terms,coupon_regular,0.0025,86,86,98.0520532985344,195.34692610284225,0.9191687764444482,2.900207423886587,3.9881685113384266,-0.559406365535056,0.313953488372093,0.8023255813953488,0.9651162790697675,86,1.0
reference,other_diagnostic,affine_coupon_delta,47,terms,coupon_regular,0.005,86,86,97.16844343910262,193.87149330821538,0.9203903033200616,5.800410469488581,7.976244200083668,-1.1188784099595492,0.16279069767441862,0.5813953488372093,0.8023255813953488,86,1.0
reference,other_diagnostic,affine_coupon_delta,47,terms,coupon_regular,0.01,86,86,95.66137808817642,191.1361926614222,0.9226438798694129,11.600674158034398,15.952315409839521,-2.237599315684895,0.08139534883720931,0.38372093023255816,0.5813953488372093,86,1.0
reference,other_diagnostic,affine_coupon_delta,47,terms,first_strike,-0.05,86,86,97.84568181332881,188.4497632197013,0.9146688417553704,27.332846421192155,35.47330271060326,-11.65306300338497,0.023255813953488372,0.08139534883720931,0.2558139534883721,81,0.8518518518518519
reference,other_diagnostic,affine_coupon_delta,47,terms,first_strike,-0.025,86,86,98.46769915684494,194.50552945407802,0.9149396519703548,12.346889404610904,16.142114805032232,-3.19750838062763,0.023255813953488372,0.2441860465116279,0.5697674418604651,80,0.8
reference,other_diagnostic,affine_coupon_delta,47,terms,first_strike,-0.01,86,86,98.95825651285902,196.4155715916474,0.9164081144600833,4.753959290318682,6.233436858101899,-0.6537253053952733,0.11627906976744186,0.6395348837209303,0.9186046511627907,77,0.8181818181818182
reference,other_diagnostic,affine_coupon_delta,47,terms,first_strike,-0.005,86,86,99.06378787005647,196.7421786699014,0.917074977901382,2.3918868679965684,3.1569292398542466,-0.33006045165473524,0.29069767441860467,0.9069767441860465,0.9883720930232558,72,0.8055555555555556
reference,other_diagnostic,affine_coupon_delta,47,terms,first_strike,0.005,86,86,99.03530358742375,196.88049897438447,0.9187922265544375,2.2513852195657225,3.003829167308716,0.026116054776745484,0.3372093023255814,0.9186046511627907,0.9883720930232558,73,0.821917808219178
reference,other_diagnostic,affine_coupon_delta,47,terms,first_strike,0.01,86,86,99.06337187156308,197.07700207150512,0.9195504061857003,4.368615960363884,5.905630489851447,0.10372217734571744,0.16279069767441862,0.6162790697674418,0.9302325581395349,76,0.8157894736842105
reference,other_diagnostic,affine_coupon_delta,47,terms,first_strike,0.025,86,86,98.45551015335192,196.46144227080862,0.9224940664798599,10.406853314897482,13.89348816263918,-0.6029520796060512,0.05813953488372093,0.32558139534883723,0.6046511627906976,77,0.7922077922077922
reference,other_diagnostic,affine_coupon_delta,47,terms,first_strike,0.05,86,86,97.29785004497809,194.18550452036308,0.9278084358711519,19.656948540234183,25.941399392908657,-3.1031502951194865,0.023255813953488372,0.18604651162790697,0.3023255813953488,79,0.7848101265822784
reference,other_diagnostic,affine_coupon_delta,47,terms,ki_barrier,-0.05,41,41,113.5988685063866,251.4514094623745,0.9267003941250911,34.31646505997675,46.61554262599502,-22.31385959593988,0.024390243902439025,0.12195121951219512,0.2682926829268293,40,1.0
reference,other_diagnostic,affine_coupon_delta,47,terms,ki_barrier,-0.025,41,41,119.99555404476091,259.1207760051939,0.9224781608415382,16.476219407244912,21.404607215527975,-10.565255548956433,0.024390243902439025,0.21951219512195122,0.4634146341463415,40,1.0
reference,other_diagnostic,affine_coupon_delta,47,terms,ki_barrier,-0.01,41,41,123.70851714234564,263.13087287377783,0.9201404860181598,6.320273947970169,8.088482483404844,-4.043238527345949,0.0975609756097561,0.5121951219512195,0.8048780487804879,39,1.0
reference,other_diagnostic,affine_coupon_delta,47,terms,ki_barrier,-0.005,41,41,124.85456867850101,264.27376611898563,0.9194450607023598,3.1744457538413804,4.037700038879109,-1.9971948104297244,0.17073170731707318,0.8292682926829268,0.975609756097561,38,1.0
reference,other_diagnostic,affine_coupon_delta,47,terms,ki_barrier,0.005,41,41,127.73370265107499,266.47940718782945,0.9180661593779197,3.211234081263949,4.000374497600487,1.9999601034735277,0.14634146341463414,0.7804878048780488,0.975609756097561,38,1.0
reference,other_diagnostic,affine_coupon_delta,47,terms,ki_barrier,0.01,41,41,129.35800655465727,267.4524333636273,0.9174292108534863,6.190994907321969,7.6762331769717616,3.8032761625642695,0.04878048780487805,0.5609756097560976,0.8292682926829268,39,1.0
reference,other_diagnostic,affine_coupon_delta,47,terms,ki_barrier,0.025,41,41,134.5506989401741,269.73089929910793,0.9158545054741378,14.736717738211151,18.120991457581137,8.753022772328157,0.024390243902439025,0.14634146341463414,0.4146341463414634,40,1.0
reference,other_diagnostic,affine_coupon_delta,47,terms,ki_barrier,0.05,41,41,141.13803781430596,271.2771807264366,0.9144090445849938,26.265014582836045,31.93012020356194,13.820792504139545,0.024390243902439025,0.0975609756097561,0.14634146341463414,40,1.0
reference,other_diagnostic,affine_coupon_delta,47,terms,last_strike,-0.05,86,86,92.34595973631599,191.76266132259533,0.9205217317881078,18.12892084791101,27.140533894806428,-11.174941163048032,0.046511627906976744,0.29069767441860467,0.5,86,0.9651162790697675
reference,other_diagnostic,affine_coupon_delta,47,terms,last_strike,-0.025,86,86,95.42500460632306,194.53636883548802,0.9190787575220014,8.598576897365408,12.794468661114974,-4.642090142264155,0.16279069767441862,0.5,0.6976744186046512,86,0.9651162790697675
reference,other_diagnostic,affine_coupon_delta,47,terms,last_strike,-0.01,86,86,97.55447046715051,195.9661726501718,0.918339339574343,3.359389031551374,4.988557859140183,-1.6885172890773579,0.26744186046511625,0.7790697674418605,0.9069767441860465,84,0.9642857142857143
reference,other_diagnostic,affine_coupon_delta,47,terms,last_strike,-0.005,86,86,98.3294699243092,196.4600812911776,0.9180862254625219,1.690731928185668,2.4992325402382773,-0.8193885448078315,0.45348837209302323,0.9069767441860465,1.0,79,0.9746835443037974
reference,other_diagnostic,affine_coupon_delta,47,terms,last_strike,0.005,86,86,99.82590622260692,197.34334224646273,0.9176707773139339,1.6397521224363831,2.410173893963869,0.7467019077419311,0.5116279069767442,0.9069767441860465,1.0,81,0.9629629629629629
reference,other_diagnostic,affine_coupon_delta,47,terms,last_strike,0.01,86,86,100.65985119811366,197.7542369992818,0.9174753679933059,3.246706330094689,4.791461471992442,1.3956583998808567,0.38372093023255816,0.7674418604651163,0.9186046511627907,84,0.9642857142857143
reference,other_diagnostic,affine_coupon_delta,47,terms,last_strike,0.025,86,86,102.95010179864603,198.8540378438436,0.9169800346469303,7.831100902816121,11.447759716909866,2.782235103175622,0.1744186046511628,0.46511627906976744,0.7209302325581395,86,0.9651162790697675
reference,other_diagnostic,affine_coupon_delta,47,terms,last_strike,0.05,86,86,106.24639080892982,200.18113470388823,0.9165074072075152,14.801295412372252,20.884470158848828,2.908597165761991,0.046511627906976744,0.3372093023255814,0.5232558139534884,86,0.9651162790697675
reference,other_diagnostic,affine_coupon_delta,ensemble,terms,coupon_regular,-0.01,86,86,93.01464808692367,170.37672159608886,0.9385447124055946,10.860050734276768,14.952073188166404,-0.4074268293704291,0.09302325581395349,0.3488372093023256,0.627906976744186,86,1.0
reference,other_diagnostic,affine_coupon_delta,ensemble,terms,coupon_regular,-0.005,86,86,90.83627390224883,167.1051413958208,0.9408598203933098,5.429950269848758,7.476001894418796,-0.20379333440644112,0.16279069767441862,0.627906976744186,0.813953488372093,86,1.0
reference,other_diagnostic,affine_coupon_delta,ensemble,terms,coupon_regular,-0.0025,86,86,89.79250307483774,165.57178748746702,0.9419341036558492,2.714893457616878,3.737960516651131,-0.10190731113728103,0.29069767441860467,0.813953488372093,0.9767441860465116,86,1.0
reference,other_diagnostic,affine_coupon_delta,ensemble,terms,coupon_regular,-0.001,86,86,89.19525232584898,164.68564607129844,0.9425519277654846,1.085963570332282,1.495171204034816,-0.04074046685707239,0.627906976744186,1.0,1.0,86,1.0
reference,other_diagnostic,affine_coupon_delta,ensemble,terms,coupon_regular,0.001,86,86,88.54053391628938,163.54443102841833,0.943344444178564,1.0861610162628392,1.4953801319822566,0.040744284095793566,0.627906976744186,1.0,1.0,86,1.0
reference,other_diagnostic,affine_coupon_delta,ensemble,terms,coupon_regular,0.0025,86,86,88.05964559718163,162.7193681184978,0.94391528884066,2.715114446804557,3.738127947048027,0.10186558361211644,0.29069767441860467,0.813953488372093,0.9767441860465116,86,1.0
reference,other_diagnostic,affine_coupon_delta,ensemble,terms,coupon_regular,0.005,86,86,87.25813495648005,161.4042089161507,0.9448217694607144,5.430147380214363,7.476147921985014,0.20364007550161456,0.16279069767441862,0.627906976744186,0.813953488372093,86,1.0
reference,other_diagnostic,affine_coupon_delta,ensemble,terms,coupon_regular,0.01,86,86,85.69636048703018,159.0050686336026,0.9464658693152809,10.860065370220612,14.952160636175504,0.4074399654948831,0.09302325581395349,0.3488372093023256,0.627906976744186,86,1.0
reference,other_diagnostic,affine_coupon_delta,ensemble,terms,first_strike,-0.05,86,86,86.52424882174107,157.310076061396,0.940539366700671,24.962978311380997,31.78697673030543,-5.838003825749647,0.0,0.08139534883720931,0.3023255813953488,81,0.8395061728395061
reference,other_diagnostic,affine_coupon_delta,ensemble,terms,first_strike,-0.025,86,86,87.52133769582392,162.5269112980341,0.9406099330073547,11.526448758306197,14.654436153389865,-0.0805389282796734,0.046511627906976744,0.26744186046511625,0.5348837209302325,80,0.8
reference,other_diagnostic,affine_coupon_delta,ensemble,terms,first_strike,-0.01,86,86,88.2400694350626,163.94466290100308,0.9417619456531504,4.580169846965356,5.7510193729941275,0.6614442508012535,0.11627906976744186,0.5930232558139535,0.9302325581395349,77,0.8051948051948052
reference,other_diagnostic,affine_coupon_delta,ensemble,terms,first_strike,-0.005,86,86,88.60542978482695,164.1156749831176,0.9422980128374895,2.3132782299093764,2.910712675081524,0.3401521942086941,0.26744186046511625,0.9069767441860465,1.0,72,0.8055555555555556
reference,other_diagnostic,affine_coupon_delta,ensemble,terms,first_strike,0.005,86,86,89.20888972038263,163.9685147306234,0.943673453324382,2.291361587249293,2.8645204572123713,-0.6705744528606321,0.26744186046511625,0.9302325581395349,1.0,73,0.7945205479452054
reference,other_diagnostic,affine_coupon_delta,ensemble,terms,first_strike,0.01,86,86,89.48269057025688,164.00060006828616,0.9442887586358809,4.441663581547583,5.646193949687571,-1.3173726874920795,0.16279069767441862,0.6395348837209303,0.9302325581395349,76,0.7894736842105263
reference,other_diagnostic,affine_coupon_delta,ensemble,terms,first_strike,0.025,86,86,89.73426580616487,163.11024888348936,0.9465752133726467,10.786855540365131,13.576695159309743,-4.3672025613815295,0.05813953488372093,0.2558139534883721,0.5348837209302325,77,0.7662337662337663
reference,other_diagnostic,affine_coupon_delta,ensemble,terms,first_strike,0.05,86,86,90.06224190873006,160.97372412174434,0.9503907319785279,21.369099226286423,26.547814074265233,-11.307503243212139,0.03488372093023256,0.16279069767441862,0.2558139534883721,79,0.7468354430379747
reference,other_diagnostic,affine_coupon_delta,ensemble,terms,ki_barrier,-0.05,41,41,93.67124490022836,197.1199258855061,0.9549541750053032,34.492446587398256,47.29621151335554,-22.625136372943548,0.024390243902439025,0.07317073170731707,0.2682926829268293,40,1.0
reference,other_diagnostic,affine_coupon_delta,ensemble,terms,ki_barrier,-0.025,41,41,98.62031307160174,204.7115620226066,0.9516157135601414,16.402214164595605,21.69956164036078,-10.743526741801388,0.04878048780487805,0.1951219512195122,0.43902439024390244,40,1.0
reference,other_diagnostic,affine_coupon_delta,ensemble,terms,ki_barrier,-0.01,41,41,102.14492149794293,208.9335126390903,0.9496500247320264,6.26650501769485,8.183338629686927,-4.120390198034322,0.07317073170731707,0.5365853658536586,0.7804878048780488,39,1.0
reference,other_diagnostic,affine_coupon_delta,ensemble,terms,ki_barrier,-0.005,41,41,103.14318693990434,210.16836204435765,0.9490529846986201,3.128390806659002,4.076922646002874,-2.0368052467218867,0.1951219512195122,0.8048780487804879,0.975609756097561,38,1.0
reference,other_diagnostic,affine_coupon_delta,ensemble,terms,ki_barrier,0.005,41,41,104.89700502627527,212.62252546874333,0.9478379621195667,3.1683430869768396,4.048940859289174,2.0417511975016187,0.17073170731707318,0.7804878048780488,0.975609756097561,38,1.0
reference,other_diagnostic,affine_coupon_delta,ensemble,terms,ki_barrier,0.01,41,41,105.99119700156156,213.74395585782187,0.9472623208479084,6.059619692525307,7.7439866841994185,3.8890535460741855,0.07317073170731707,0.5609756097560976,0.8292682926829268,39,1.0
reference,other_diagnostic,affine_coupon_delta,ensemble,terms,ki_barrier,0.025,41,41,109.79561212674928,216.49150065509554,0.9457935247856292,14.247534002775593,18.22250385556398,8.985151365338957,0.04878048780487805,0.1951219512195122,0.5365853658536586,40,1.0
reference,other_diagnostic,affine_coupon_delta,ensemble,terms,ki_barrier,0.05,41,41,117.13682791822647,219.00482613054623,0.9442161199661127,25.11553165686091,31.768607286907333,14.350924937402924,0.024390243902439025,0.12195121951219512,0.24390243902439024,40,1.0
reference,other_diagnostic,affine_coupon_delta,ensemble,terms,last_strike,-0.05,86,86,82.00121539844984,157.13857974035417,0.946631383316046,18.886198575153724,26.94575551229526,-11.056452673852663,0.05813953488372093,0.2441860465116279,0.45348837209302323,86,0.9534883720930233
reference,other_diagnostic,affine_coupon_delta,ensemble,terms,last_strike,-0.025,86,86,84.61593104477424,160.67096786867828,0.9448004227464127,8.987029987741114,12.715171974992709,-4.49528713654288,0.10465116279069768,0.45348837209302323,0.686046511627907,86,0.9534883720930233
reference,other_diagnostic,affine_coupon_delta,ensemble,terms,last_strike,-0.01,86,86,87.1535625927769,162.7300288927701,0.9436899296737681,3.5150075740535485,4.974120104166226,-1.6041004782210353,0.26744186046511625,0.7674418604651163,0.9186046511627907,84,0.9523809523809523
reference,other_diagnostic,affine_coupon_delta,ensemble,terms,last_strike,-0.005,86,86,88.02995762054363,163.44695502167318,0.9433027534915676,1.7710989109248723,2.4863763031169257,-0.7725111088720819,0.45348837209302323,0.9186046511627907,1.0,79,0.9620253164556962
reference,other_diagnostic,affine_coupon_delta,ensemble,terms,last_strike,0.005,86,86,89.79599007175864,164.76947950918807,0.9426065150299481,1.699862473925836,2.400885823175382,0.6898788130561533,0.4883720930232558,0.9418604651162791,1.0,81,0.9506172839506173
reference,other_diagnostic,affine_coupon_delta,ensemble,terms,last_strike,0.01,86,86,90.7176908591065,165.42536150628794,0.9422521012147673,3.385010481978033,4.763604624859628,1.271449712993161,0.3023255813953488,0.7558139534883721,0.9302325581395349,84,0.9523809523809523
reference,other_diagnostic,affine_coupon_delta,ensemble,terms,last_strike,0.025,86,86,93.10763831837137,167.271591126411,0.9412567330326678,8.169482126600895,11.407594537498051,2.3865596029416962,0.046511627906976744,0.5232558139534884,0.6627906976744186,86,0.9534883720930233
reference,other_diagnostic,affine_coupon_delta,ensemble,terms,last_strike,0.05,86,86,96.60220057064431,169.92199231931792,0.9398409682747012,15.372493264402523,21.106696399213003,1.798830298028294,0.03488372093023256,0.313953488372093,0.4883720930232558,86,0.9534883720930233
reference,other_diagnostic,augmented_delta,101,terms,coupon_regular,-0.01,86,86,98.31699631722084,185.88106993390892,0.9268508863520114,11.495829380413358,14.870388905488884,-1.3745537754870194,0.03488372093023256,0.3023255813953488,0.5116279069767442,86,1.0
reference,other_diagnostic,augmented_delta,101,terms,coupon_regular,-0.005,86,86,96.95322244668624,183.4418912783834,0.9287311004007262,5.803394898194676,7.496617657473882,-0.8227020908695781,0.12790697674418605,0.5232558139534884,0.8255813953488372,86,1.0
reference,other_diagnostic,augmented_delta,101,terms,coupon_regular,-0.0025,86,86,96.31383230117827,182.32340741495776,0.9295901665310133,2.91361028522022,3.7630716110681988,-0.4433934102917828,0.2441860465116279,0.8255813953488372,0.9883720930232558,86,1.0
reference,other_diagnostic,augmented_delta,101,terms,coupon_regular,-0.001,86,86,95.9285625919582,181.68589927788642,0.9300791966172743,1.1679826937904654,1.5086083166443183,-0.18476423274639037,0.5232558139534884,1.0,1.0,86,1.0
reference,other_diagnostic,augmented_delta,101,terms,coupon_regular,0.001,86,86,95.43941549173584,180.87582544642,0.9307001912189574,1.171788795511852,1.5130954603056235,0.19450347529825318,0.5232558139534884,1.0,1.0,86,1.0
reference,other_diagnostic,augmented_delta,101,terms,coupon_regular,0.0025,86,86,95.07392946892891,180.298927991837,0.9311423370670137,2.9356387486291484,3.7904987290376084,0.5037117817605188,0.2558139534883721,0.8372093023255814,0.9883720930232558,86,1.0
reference,other_diagnostic,augmented_delta,101,terms,coupon_regular,0.005,86,86,94.48320173953829,179.39667293520205,0.9318341543147988,5.891275803363601,7.605651744683511,1.0632060506316119,0.13953488372093023,0.5,0.8372093023255814,86,1.0
reference,other_diagnostic,augmented_delta,101,terms,coupon_regular,0.01,86,86,93.4753983514539,177.81836705045683,0.9330482315432672,11.878278751821481,15.29870683421305,2.332316522334898,0.10465116279069768,0.2558139534883721,0.47674418604651164,86,1.0
reference,other_diagnostic,augmented_delta,101,terms,first_strike,-0.05,86,86,84.09902306224265,162.39086720107733,0.9366364281973678,22.840582396322162,32.87424619958906,-13.411323785759864,0.03488372093023256,0.1744186046511628,0.3488372093023256,81,0.8888888888888888
reference,other_diagnostic,augmented_delta,101,terms,first_strike,-0.025,86,86,90.79265058193222,174.0755516587996,0.9318699337106833,10.20097581835941,14.099561709136555,-5.392795963113805,0.06976744186046512,0.4069767441860465,0.627906976744186,80,0.8375
reference,other_diagnostic,augmented_delta,101,terms,first_strike,-0.01,86,86,94.03574035180372,178.98889108877538,0.9305832229424706,3.8357128078305673,5.20023160161561,-1.7873086182061266,0.18604651162790697,0.7093023255813954,0.9651162790697675,77,0.8701298701298701
reference,other_diagnostic,augmented_delta,101,terms,first_strike,-0.005,86,86,94.89592425200186,180.23386990616288,0.9304073364373544,1.9539957704449384,2.624268617520329,-0.9331000490107775,0.3488372093023256,0.9651162790697675,0.9883720930232558,72,0.8472222222222222
reference,other_diagnostic,augmented_delta,101,terms,first_strike,0.005,86,86,96.3727882739914,182.10538004535576,0.9305235285335108,1.7994052478511162,2.3577816752713527,0.691400921287181,0.38372093023255816,0.9651162790697675,1.0,73,0.8082191780821918
reference,other_diagnostic,augmented_delta,101,terms,first_strike,0.01,86,86,97.00432442399774,183.04275599482895,0.9306003862047003,3.481644767647891,4.73057151756102,1.485073681560692,0.2441860465116279,0.7558139534883721,0.9767441860465116,76,0.8157894736842105
reference,other_diagnostic,augmented_delta,101,terms,first_strike,0.025,86,86,98.07709020057358,184.46998323946792,0.9316668073627733,8.060371583047441,10.771199184550847,3.114437138036799,0.05813953488372093,0.4418604651162791,0.686046511627907,77,0.8181818181818182
reference,other_diagnostic,augmented_delta,101,terms,first_strike,0.05,86,86,98.13017212776084,184.61057005104493,0.9347521865086073,14.772296216825632,19.88668258905893,4.402377467360074,0.046511627906976744,0.2558139534883721,0.43023255813953487,79,0.810126582278481
reference,other_diagnostic,augmented_delta,101,terms,ki_barrier,-0.05,41,41,105.48253260034376,226.09409662336,0.940738595954271,34.865615276846945,46.39754987390012,-20.793912078730944,0.0,0.07317073170731707,0.21951219512195122,40,1.0
reference,other_diagnostic,augmented_delta,101,terms,ki_barrier,-0.025,41,41,110.59230840314567,233.4656163856796,0.9370688809904287,16.563107938240698,21.34973504532048,-9.730121787062021,0.024390243902439025,0.1951219512195122,0.43902439024390244,40,1.0
reference,other_diagnostic,augmented_delta,101,terms,ki_barrier,-0.01,41,41,115.16913159554453,237.32540838659796,0.9350361845790375,6.329980162888522,8.061425749122128,-3.6929958195584582,0.12195121951219512,0.4634146341463415,0.7560975609756098,39,1.0
reference,other_diagnostic,augmented_delta,101,terms,ki_barrier,-0.005,41,41,116.82974861416275,238.39900448131988,0.9344469440894868,3.167960866861711,4.020442928448051,-1.8195438935625843,0.14634146341463414,0.8048780487804879,0.975609756097561,38,1.0
reference,other_diagnostic,augmented_delta,101,terms,ki_barrier,0.005,41,41,119.86431816619458,240.46950964687227,0.9332799994460215,3.204849119411736,4.015411457825853,1.8178897202620663,0.12195121951219512,0.7560975609756098,0.975609756097561,38,1.0
reference,other_diagnostic,augmented_delta,101,terms,ki_barrier,0.01,41,41,121.29552482837228,241.3460369266292,0.9327621726532089,6.153781731681126,7.686694582023362,3.43461416576936,0.07317073170731707,0.5365853658536586,0.8048780487804879,39,1.0
reference,other_diagnostic,augmented_delta,101,terms,ki_barrier,0.025,41,41,125.12400843390253,243.37169644996104,0.9314969977936982,14.505500738274275,18.155647980323113,7.800671388281556,0.0,0.21951219512195122,0.4634146341463415,40,1.0
reference,other_diagnostic,augmented_delta,101,terms,ki_barrier,0.05,41,41,130.32711403792098,244.3735804051339,0.9305439867553608,25.901311306025434,32.1079343938907,11.832163488658946,0.07317073170731707,0.12195121951219512,0.21951219512195122,40,1.0
reference,other_diagnostic,augmented_delta,101,terms,last_strike,-0.05,86,86,88.67232605423025,174.25340195743462,0.9343729579514592,17.160976177644592,23.728559355631504,-5.954766373619322,0.06976744186046512,0.22093023255813954,0.45348837209302323,86,0.9651162790697675
reference,other_diagnostic,augmented_delta,101,terms,last_strike,-0.025,86,86,92.34742302532146,178.16007328515357,0.9321293986220517,8.195398054699334,11.22638235922184,-2.217594977526009,0.11627906976744186,0.4418604651162791,0.7093023255813954,86,0.9651162790697675
reference,other_diagnostic,augmented_delta,101,terms,last_strike,-0.01,86,86,94.457100817509,180.08653618053313,0.9310374746922715,3.2061779196121436,4.417337970387578,-0.7603551467895046,0.22093023255813954,0.7906976744186046,0.9534883720930233,84,0.9761904761904762
reference,other_diagnostic,augmented_delta,101,terms,last_strike,-0.005,86,86,95.10819615896672,180.70637723998018,0.930696485609498,1.6144945119875809,2.206562225965498,-0.3620199269737847,0.4186046511627907,0.9534883720930233,1.0,79,0.9746835443037974
reference,other_diagnostic,augmented_delta,101,terms,last_strike,0.005,86,86,96.27363928334607,181.81889759446167,0.9301144967317502,1.5699959474709606,2.128923326487526,0.3023215578508008,0.45348837209302323,0.9418604651162791,1.0,81,0.9753086419753086
reference,other_diagnostic,augmented_delta,101,terms,last_strike,0.01,86,86,96.82725720150275,182.32428499022217,0.9298510717734854,3.144906976946103,4.231874899319497,0.519504775545856,0.2441860465116279,0.8023255813953488,0.9651162790697675,84,0.9761904761904762
reference,other_diagnostic,augmented_delta,101,terms,last_strike,0.025,86,86,98.05423324655627,183.62841723465232,0.9292064808704037,7.577029597274093,10.174091816727875,0.6809080054824664,0.11627906976744186,0.4418604651162791,0.6976744186046512,86,0.9534883720930233
reference,other_diagnostic,augmented_delta,101,terms,last_strike,0.05,86,86,99.42154072250477,184.9540226756808,0.9287263143065647,14.149259856042939,19.012434958774982,-1.0294470606848258,0.08139534883720931,0.27906976744186046,0.45348837209302323,86,0.9534883720930233
reference,other_diagnostic,augmented_delta,233,terms,coupon_regular,-0.01,86,86,113.99262445563085,209.15518745326594,0.9073861322415744,10.313062202676326,14.126960858585926,-1.0854851098716716,0.08139534883720931,0.3488372093023256,0.5930232558139535,86,1.0
reference,other_diagnostic,augmented_delta,233,terms,coupon_regular,-0.005,86,86,112.60979190650835,208.83960381088633,0.9076304695457423,5.145982635806697,7.078880712589993,-0.5990252651909524,0.16279069767441862,0.5930232558139535,0.8837209302325582,86,1.0
reference,other_diagnostic,augmented_delta,233,terms,coupon_regular,-0.0025,86,86,112.01848469949041,208.80375333844077,0.907652517241313,2.569550947047943,3.542943904834534,-0.3112720912972164,0.27906976744186046,0.8837209302325582,0.9767441860465116,86,1.0
reference,other_diagnostic,augmented_delta,233,terms,coupon_regular,-0.001,86,86,111.67731405560825,208.8200820969171,0.9076347758887003,1.0268159864484803,1.4180037890869102,-0.1269615888595581,0.5930232558139535,1.0,1.0,86,1.0
reference,other_diagnostic,augmented_delta,233,terms,coupon_regular,0.001,86,86,111.27963191857165,208.88496002533117,0.907575879440085,1.0251923483009484,1.4190065363600042,0.13001956657845848,0.6162790697674418,1.0,1.0,86,1.0
reference,other_diagnostic,augmented_delta,233,terms,coupon_regular,0.0025,86,86,110.98321225485599,208.96528523318278,0.9075058474775052,2.559296484372412,3.5490650975268156,0.3297632498334544,0.29069767441860467,0.8837209302325582,0.9767441860465116,86,1.0
reference,other_diagnostic,augmented_delta,233,terms,coupon_regular,0.005,86,86,110.54498287826145,209.15748507131468,0.9073415820878215,5.1076713672211005,7.103162714493497,0.6726015657186508,0.18604651162790697,0.627906976744186,0.8837209302325582,86,1.0
reference,other_diagnostic,augmented_delta,233,terms,coupon_regular,0.01,86,86,109.71117994557574,209.75066954542854,0.9068429925038127,10.1808923169855,14.221736386578378,1.376008512322293,0.16279069767441862,0.3953488372093023,0.627906976744186,86,1.0
reference,other_diagnostic,augmented_delta,233,terms,first_strike,-0.05,86,86,100.31552158970554,188.52057433404994,0.9146047023313304,26.476086770753888,39.19137819317877,-22.202960374721446,0.06976744186046512,0.22093023255813954,0.32558139534883723,81,0.8641975308641975
reference,other_diagnostic,augmented_delta,233,terms,first_strike,-0.025,86,86,106.37554904671174,200.46826787572343,0.9096445138326236,11.352673420247347,17.210106547975357,-8.55155104375828,0.13953488372093023,0.4069767441860465,0.6511627906976745,80,0.9125
reference,other_diagnostic,augmented_delta,233,terms,first_strike,-0.01,86,86,109.73316972207962,206.03381529365697,0.9080208692922644,4.268535865384132,6.4176534213854755,-2.7608603905677045,0.2558139534883721,0.7674418604651163,0.872093023255814,77,0.9090909090909091
reference,other_diagnostic,augmented_delta,233,terms,first_strike,-0.005,86,86,110.5841014809361,207.484728082785,0.9077719736046224,2.142248390168006,3.2223398471904225,-1.3733565891761688,0.4069767441860465,0.8837209302325582,0.9883720930232558,72,0.8888888888888888
reference,other_diagnostic,augmented_delta,233,terms,first_strike,0.005,86,86,112.4364173828445,210.0343963268592,0.9075784929011965,2.0055741803141225,2.9313722583071895,1.0426178252398464,0.4069767441860465,0.9186046511627907,0.9883720930232558,73,0.8904109589041096
reference,other_diagnostic,augmented_delta,233,terms,first_strike,0.01,86,86,113.47698960581978,211.32289340997062,0.9074992917345144,3.8711190809984872,5.806503548660252,2.1033817710609415,0.23255813953488372,0.7674418604651163,0.9186046511627907,76,0.868421052631579
reference,other_diagnostic,augmented_delta,233,terms,first_strike,0.025,86,86,115.64551752408352,214.30689285243295,0.9077741694739929,9.45590291774783,13.613450405132781,4.092902828206023,0.03488372093023256,0.36046511627906974,0.6976744186046512,77,0.8311688311688312
reference,other_diagnostic,augmented_delta,233,terms,first_strike,0.05,86,86,117.52139806277135,218.37293943056835,0.9087042678084817,18.79340405331967,25.64369735659214,5.006553711430437,0.03488372093023256,0.1511627906976744,0.32558139534883723,79,0.7721518987341772
reference,other_diagnostic,augmented_delta,233,terms,ki_barrier,-0.05,41,41,123.64020434867871,243.52693868893317,0.9312476559486031,32.30909796973796,43.05064220307994,-14.023958374269125,0.0,0.12195121951219512,0.2682926829268293,40,1.0
reference,other_diagnostic,augmented_delta,233,terms,ki_barrier,-0.025,41,41,129.3060088732286,250.54979634458545,0.9275217490369405,15.130160039457365,19.804996555469565,-6.447505008944166,0.07317073170731707,0.2926829268292683,0.4146341463414634,40,1.0
reference,other_diagnostic,augmented_delta,233,terms,ki_barrier,-0.01,41,41,132.34283109234283,253.5847075898524,0.925829847871159,5.722655562789944,7.474514890038395,-2.4056517941559235,0.07317073170731707,0.5121951219512195,0.8048780487804879,39,1.0
reference,other_diagnostic,augmented_delta,233,terms,ki_barrier,-0.005,41,41,133.6256883672066,254.28620205527812,0.9254187500244818,2.842413301087492,3.728090704130706,-1.180262271769163,0.24390243902439024,0.8048780487804879,0.975609756097561,38,1.0
reference,other_diagnostic,augmented_delta,233,terms,ki_barrier,0.005,41,41,136.26561325868153,255.56219792242925,0.9246420223846561,2.889368047740886,3.75419550111208,1.1871417390742924,0.2926829268292683,0.8292682926829268,1.0,38,1.0
reference,other_diagnostic,augmented_delta,233,terms,ki_barrier,0.01,41,41,137.33444665930546,255.96596643546033,0.9243693596204223,5.552486152910604,7.1861706581690905,2.1821170509830723,0.17073170731707318,0.5365853658536586,0.8536585365853658,39,1.0
reference,other_diagnostic,augmented_delta,233,terms,ki_barrier,0.025,41,41,139.92523009985143,256.4176156402719,0.9239559600397745,13.050388413655563,17.032893612583145,4.73801028710313,0.0975609756097561,0.3170731707317073,0.4878048780487805,40,1.0
reference,other_diagnostic,augmented_delta,233,terms,ki_barrier,0.05,41,41,142.63466361859523,254.3897075913551,0.9247337255427115,23.84540319666872,30.55350582314021,5.942381397192553,0.0975609756097561,0.14634146341463414,0.24390243902439024,40,1.0
reference,other_diagnostic,augmented_delta,233,terms,last_strike,-0.05,86,86,105.89226181000984,202.2187185152272,0.9116181665361376,22.983086337847997,31.80422937798355,-10.879641732821861,0.046511627906976744,0.19767441860465115,0.36046511627906974,86,0.9418604651162791
reference,other_diagnostic,augmented_delta,233,terms,last_strike,-0.025,86,86,107.84082434931531,205.73873730976086,0.9094907279028945,10.924132357185432,14.952920094968793,-4.021813713331786,0.08139534883720931,0.37209302325581395,0.5930232558139535,86,0.9534883720930233
reference,other_diagnostic,augmented_delta,233,terms,last_strike,-0.01,86,86,109.9763030832025,207.60001902245108,0.9083557029005044,4.260929082224305,5.822331610481991,-1.32670323374544,0.1744186046511628,0.6744186046511628,0.9069767441860465,84,0.9761904761904762
reference,other_diagnostic,augmented_delta,233,terms,last_strike,-0.005,86,86,110.81272707261668,208.24326503601944,0.9079655908654248,2.139703094930381,2.9067333361085113,-0.6195466462667136,0.37209302325581395,0.8953488372093024,1.0,79,0.9746835443037974
reference,other_diagnostic,augmented_delta,233,terms,last_strike,0.005,86,86,112.30777667016757,209.36880116612343,0.9073313173670434,2.0685290115517234,2.8438839403830487,0.508983336677847,0.4186046511627907,0.9186046511627907,1.0,81,0.9753086419753086
reference,other_diagnostic,augmented_delta,233,terms,last_strike,0.01,86,86,113.13976945455276,209.89622095087665,0.9070303404173047,4.117846760119117,5.6148287554869265,0.8824000314109086,0.19767441860465115,0.6744186046511628,0.9186046511627907,84,0.9761904761904762
reference,other_diagnostic,augmented_delta,233,terms,last_strike,0.025,86,86,115.73320094819562,211.2956943982431,0.9062664609636876,9.97909266877082,13.395624893030638,1.2148339379896487,0.046511627906976744,0.4069767441860465,0.5813953488372093,86,0.9534883720930233
reference,other_diagnostic,augmented_delta,233,terms,last_strike,0.05,86,86,119.10840411451146,212.72077238752794,0.9057195911761139,19.13880746101224,25.101736154859243,-1.1721793926039414,0.011627906976744186,0.1744186046511628,0.43023255813953487,86,0.9534883720930233
reference,other_diagnostic,augmented_delta,47,terms,coupon_regular,-0.01,86,86,97.81244535333424,172.60615382034632,0.9369258667206545,13.347153197309765,18.8527367789364,4.16561478711376,0.09302325581395349,0.313953488372093,0.5465116279069767,86,1.0
reference,other_diagnostic,augmented_delta,47,terms,coupon_regular,-0.005,86,86,95.51572878375069,169.00023027172756,0.9395108325049009,6.69138612465341,9.451612277054144,2.0580319757609407,0.1744186046511628,0.5465116279069767,0.7558139534883721,86,1.0
reference,other_diagnostic,augmented_delta,47,terms,coupon_regular,-0.0025,86,86,94.43224480631962,167.36998944179084,0.9406659986465783,3.3503243723349985,4.731110067968249,1.025729398741278,0.29069767441860467,0.7558139534883721,0.9651162790697675,86,1.0
reference,other_diagnostic,augmented_delta,47,terms,coupon_regular,-0.001,86,86,93.81208957777235,166.44763986474354,0.9413160623557772,1.3411756996498552,1.893485808232703,0.4098336835240209,0.5465116279069767,0.9767441860465116,1.0,86,1.0
reference,other_diagnostic,augmented_delta,47,terms,coupon_regular,0.001,86,86,92.988969300946,165.28328315750116,0.9421332827011649,1.342819710341535,1.8950197731441858,-0.40978366113448333,0.5465116279069767,0.9767441860465116,1.0,86,1.0
reference,other_diagnostic,augmented_delta,47,terms,coupon_regular,0.0025,86,86,92.3814195964503,164.4591831317097,0.9427095482304463,3.3595067579154825,4.739509484239434,-1.0249117104582082,0.29069767441860467,0.7441860465116279,0.9534883720930233,86,1.0
reference,other_diagnostic,augmented_delta,47,terms,coupon_regular,0.005,86,86,91.51699545404135,163.17932653570375,0.9436013990211916,6.7310730136873165,9.484921688326983,-2.0544287558904912,0.16279069767441862,0.5232558139534884,0.7441860465116279,86,1.0
reference,other_diagnostic,augmented_delta,47,terms,coupon_regular,0.01,86,86,90.09130100226565,160.96908304354574,0.9451352053883465,13.505314073012778,18.985143271705738,-4.149196512130803,0.06976744186046512,0.36046511627906974,0.5116279069767442,86,1.0
reference,other_diagnostic,augmented_delta,47,terms,first_strike,-0.05,86,86,89.05377644177773,150.4381885733527,0.9456208219037199,22.968920681444775,30.179921991544067,-3.8304246691550348,0.09302325581395349,0.1511627906976744,0.3023255813953488,81,0.8765432098765432
reference,other_diagnostic,augmented_delta,47,terms,first_strike,-0.025,86,86,92.3110329915839,160.48863393103537,0.942090233748841,10.841998585176974,13.836787521803624,-0.21322857063149084,0.10465116279069768,0.26744186046511625,0.5465116279069767,80,0.8375
reference,other_diagnostic,augmented_delta,47,terms,first_strike,-0.01,86,86,93.29610073567196,164.30694453290394,0.9415042746975907,4.314859424171744,5.465716156228394,0.3312206572001118,0.16279069767441862,0.6627906976744186,0.9418604651162791,77,0.8311688311688312
reference,other_diagnostic,augmented_delta,47,terms,first_strike,-0.005,86,86,93.30539667762827,165.15372915308387,0.9415657583558626,2.198137716914964,2.767108249888506,0.12918640556700114,0.27906976744186046,0.9534883720930233,1.0,72,0.8194444444444444
reference,other_diagnostic,augmented_delta,47,terms,first_strike,0.005,86,86,93.6374549124395,166.43309530807787,0.9419674598052173,2.068667648310499,2.618532415799442,-0.36918056321911563,0.313953488372093,0.9534883720930233,1.0,73,0.8356164383561644
reference,other_diagnostic,augmented_delta,47,terms,first_strike,0.01,86,86,94.05639936405443,167.19394707156522,0.9420980669870317,4.030732595898724,5.237541755539683,-0.625797090069174,0.20930232558139536,0.6627906976744186,0.9418604651162791,76,0.8289473684210527
reference,other_diagnostic,augmented_delta,47,terms,first_strike,0.025,86,86,95.24041470114581,168.3358595213397,0.9430972078529756,9.592967597112084,12.473591563760854,-1.9970354131759547,0.09302325581395349,0.3372093023255814,0.6046511627906976,77,0.7922077922077922
reference,other_diagnostic,augmented_delta,47,terms,first_strike,0.05,86,86,97.64021770671236,169.10782164003498,0.9452504912879577,18.082820360115058,23.862510080089262,-4.660529563056016,0.05813953488372093,0.22093023255813954,0.37209302325581395,79,0.759493670886076
reference,other_diagnostic,augmented_delta,47,terms,ki_barrier,-0.05,41,41,96.48688024353008,186.79042711845514,0.959551472021537,35.646741415487554,48.7785103133447,-22.93861803721364,0.04878048780487805,0.0975609756097561,0.2926829268292683,40,0.975
reference,other_diagnostic,augmented_delta,47,terms,ki_barrier,-0.025,41,41,106.59735296821991,198.3707178552161,0.9545666535834144,17.034323535253847,22.325634760035022,-10.920731835309567,0.04878048780487805,0.24390243902439024,0.4634146341463415,40,0.975
reference,other_diagnostic,augmented_delta,47,terms,ki_barrier,-0.01,41,41,112.46617737828278,204.655728679139,0.951690686982282,6.544044596574654,8.39461222870598,-4.197367416104166,0.12195121951219512,0.4878048780487805,0.7560975609756098,39,0.9743589743589743
reference,other_diagnostic,augmented_delta,47,terms,ki_barrier,-0.005,41,41,114.21044731374249,206.47563306522932,0.9508275689729,3.2673607648509306,4.1732991063546745,-2.076468987980993,0.21951219512195122,0.7560975609756098,0.975609756097561,38,0.9736842105263158
reference,other_diagnostic,augmented_delta,47,terms,ki_barrier,0.005,41,41,117.76346853627716,210.07613753260358,0.9490798759051383,3.322534852093313,4.142735987557713,2.0838136622697356,0.1951219512195122,0.7804878048780488,1.0,38,0.9736842105263158
reference,other_diagnostic,augmented_delta,47,terms,ki_barrier,0.01,41,41,119.56551023570574,211.70173989756725,0.9482652704912686,6.415544503224575,7.986823515063383,3.975780727175193,0.0,0.43902439024390244,0.8048780487804879,39,0.9743589743589743
reference,other_diagnostic,augmented_delta,47,terms,ki_barrier,0.025,41,41,124.36258823610228,215.82451192063226,0.9461270197547275,15.166688211141077,18.768168229651646,9.222329392484049,0.024390243902439025,0.1951219512195122,0.4146341463414634,40,0.975
reference,other_diagnostic,augmented_delta,47,terms,ki_barrier,0.05,41,41,130.1222731877602,219.781242078019,0.9438198888072387,27.077420006862013,33.02941548322294,14.901744543718612,0.0,0.12195121951219512,0.21951219512195122,40,0.975
reference,other_diagnostic,augmented_delta,47,terms,last_strike,-0.05,86,86,87.44073451773193,157.03524037379327,0.9467015540609399,19.546744805753463,26.175168303716553,-4.21951575643679,0.046511627906976744,0.2441860465116279,0.4186046511627907,86,0.9186046511627907
reference,other_diagnostic,augmented_delta,47,terms,last_strike,-0.025,86,86,90.88522773108272,162.1426721160465,0.9437845639345918,9.612392777187187,12.483747386738184,-0.9922967502601854,0.06976744186046512,0.3372093023255814,0.5813953488372093,86,0.9069767441860465
reference,other_diagnostic,augmented_delta,47,terms,last_strike,-0.01,86,86,92.46520587882091,164.45631457527747,0.9424888868201403,3.8346757187342004,4.941121499494658,-0.2111052759569283,0.18604651162790697,0.7209302325581395,0.9418604651162791,84,0.9047619047619048
reference,other_diagnostic,augmented_delta,47,terms,last_strike,-0.005,86,86,92.94364894761237,165.19370738051512,0.9420844347213817,1.9393591069609155,2.461358941986216,-0.0798196570529033,0.3372093023255814,0.9418604651162791,1.0,79,0.9240506329113924
reference,other_diagnostic,augmented_delta,47,terms,last_strike,0.005,86,86,93.87467079175754,166.4729828496181,0.9414136314776492,1.9265499168126161,2.384959339128419,0.008075605067171754,0.3023255813953488,0.9534883720930233,1.0,81,0.9259259259259259
reference,other_diagnostic,augmented_delta,47,terms,last_strike,0.01,86,86,94.29837278807342,167.02607246351886,0.9411291183483771,3.8462573794084918,4.751939699129997,-0.077823865147986,0.1511627906976744,0.7325581395348837,0.9534883720930233,84,0.9285714285714286
reference,other_diagnostic,augmented_delta,47,terms,last_strike,0.025,86,86,95.36717466932797,168.37251844351096,0.9404809301346332,9.272687400034233,11.573993944109503,-0.8478956868251167,0.08139534883720931,0.29069767441860467,0.627906976744186,86,0.9302325581395349
reference,other_diagnostic,augmented_delta,47,terms,last_strike,0.05,86,86,97.18667624905984,169.39483865874544,0.9402136553085536,18.151611846777822,22.474492923968636,-4.031580541022988,0.011627906976744186,0.1744186046511628,0.3372093023255814,86,0.9302325581395349
reference,other_diagnostic,augmented_delta,ensemble,terms,coupon_regular,-0.01,86,86,97.21437483487469,179.91570840121045,0.9314706035074205,10.674670120657764,14.339617191997922,0.5685253005848334,0.03488372093023256,0.26744186046511625,0.6046511627906976,86,1.0
reference,other_diagnostic,augmented_delta,ensemble,terms,coupon_regular,-0.005,86,86,94.86066278336004,177.75888658691522,0.933078501453092,5.349970264952298,7.194548180909422,0.21210153990013236,0.10465116279069768,0.6046511627906976,0.8488372093023255,86,1.0
reference,other_diagnostic,augmented_delta,ensemble,terms,coupon_regular,-0.0025,86,86,93.81886080317585,176.79989484273923,0.9337916957918836,2.680148763596536,3.602825392778343,0.09035463238401975,0.26744186046511625,0.8488372093023255,0.9767441860465116,86,1.0
reference,other_diagnostic,augmented_delta,ensemble,terms,coupon_regular,-0.001,86,86,93.19396336209296,176.26254636747925,0.9341911890882073,1.073116170574537,1.4423152411253939,0.03270262063928002,0.6046511627906976,1.0,1.0,86,1.0
reference,other_diagnostic,augmented_delta,ensemble,terms,coupon_regular,0.001,86,86,92.36327182186899,175.59018745962416,0.9346912353280896,1.0744861930377252,1.4439814091202086,-0.028420206419313133,0.6046511627906976,1.0,1.0,86,1.0
reference,other_diagnostic,augmented_delta,ensemble,terms,coupon_regular,0.0025,86,86,91.84413624498697,175.11888923617605,0.9350420998808346,2.687908132639949,3.6123702892804705,-0.06381222628798366,0.26744186046511625,0.8488372093023255,0.9767441860465116,86,1.0
reference,other_diagnostic,augmented_delta,ensemble,terms,coupon_regular,0.005,86,86,91.03173594958044,174.39537797768747,0.9355818869228348,5.380795894782768,7.23230714735756,-0.10620704651331478,0.12790697674418605,0.6046511627906976,0.8488372093023255,86,1.0
reference,other_diagnostic,augmented_delta,ensemble,terms,coupon_regular,0.01,86,86,89.51414055193979,173.1763225537628,0.9364982281065539,10.772504839901755,14.48754675851178,-0.14695715915789198,0.03488372093023256,0.313953488372093,0.6162790697674418,86,1.0
reference,other_diagnostic,augmented_delta,ensemble,terms,first_strike,-0.05,86,86,84.19225699577413,157.0762342753425,0.940716012044589,21.88148814765345,31.9537536533245,-13.148236276545493,0.08139534883720931,0.19767441860465115,0.4069767441860465,81,0.9012345679012346
reference,other_diagnostic,augmented_delta,ensemble,terms,first_strike,-0.025,86,86,89.32248121947566,168.8246568143443,0.9359181557173618,9.611246911666576,13.795098417570744,-4.71919185916788,0.11627906976744186,0.4069767441860465,0.6395348837209303,80,0.875
reference,other_diagnostic,augmented_delta,ensemble,terms,first_strike,-0.01,86,86,91.68931680399844,173.7083290586849,0.9346186962261998,3.6671455921740423,5.145949452261343,-1.4056494505246848,0.23255813953488372,0.7674418604651163,0.9418604651162791,77,0.8831168831168831
reference,other_diagnostic,augmented_delta,ensemble,terms,first_strike,-0.005,86,86,92.18680933109809,174.8928707535989,0.9344708014782096,1.8730390682449078,2.5971979007149324,-0.7257567442066958,0.3953488372093023,0.9534883720930233,0.9883720930232558,72,0.8611111111111112
reference,other_diagnostic,augmented_delta,ensemble,terms,first_strike,0.005,86,86,93.38931285230258,176.7600554916951,0.9345423425734436,1.7065280908511098,2.327218088132785,0.45494606110258984,0.4186046511627907,0.9534883720930233,1.0,73,0.8493150684931506
reference,other_diagnostic,augmented_delta,ensemble,terms,first_strike,0.01,86,86,94.04389100787684,177.7274874484579,0.934572373789341,3.2880790088237264,4.6298686176138215,0.987552787517482,0.22093023255813954,0.7790697674418605,0.9534883720930233,76,0.8552631578947368
reference,other_diagnostic,augmented_delta,ensemble,terms,first_strike,0.025,86,86,95.14978303930376,179.40389309313431,0.9353685318020812,7.553500930751127,10.530083633407797,1.7367681843555234,0.08139534883720931,0.4883720930232558,0.7558139534883721,77,0.8181818181818182
reference,other_diagnostic,augmented_delta,ensemble,terms,first_strike,0.05,86,86,96.63661139889115,180.54526935383544,0.9375941844601526,13.773917248655883,19.03139302196589,1.5828005385781394,0.05813953488372093,0.23255813953488372,0.45348837209302323,79,0.7974683544303798
reference,other_diagnostic,augmented_delta,ensemble,terms,ki_barrier,-0.05,41,41,104.6434438522786,214.1431873904265,0.9468379137090297,34.13400015907317,45.61486315515114,-19.252162830071217,0.04878048780487805,0.07317073170731707,0.24390243902439024,40,1.0
reference,other_diagnostic,augmented_delta,ensemble,terms,ki_barrier,-0.025,41,41,109.68144395569763,222.95679657609506,0.9426067222715442,16.21093655983363,20.910049076953356,-9.032786210438603,0.024390243902439025,0.21951219512195122,0.43902439024390244,40,1.0
reference,other_diagnostic,augmented_delta,ensemble,terms,ki_barrier,-0.01,41,41,114.01863940906021,227.3874978733497,0.9403629413413398,6.180925325710106,7.870924660595279,-3.432005009939633,0.0975609756097561,0.43902439024390244,0.7804878048780488,39,1.0
reference,other_diagnostic,augmented_delta,ensemble,terms,ki_barrier,-0.005,41,41,115.49539529969213,228.58970493816977,0.9397305259965465,3.0753135973724013,3.9208566764483788,-1.6920917177709949,0.17073170731707318,0.7804878048780488,0.975609756097561,38,1.0
reference,other_diagnostic,augmented_delta,ensemble,terms,ki_barrier,0.005,41,41,119.18592290744722,230.9052101865934,0.9384818211029822,3.123231475127897,3.9173175215378016,1.69628170720195,0.14634146341463414,0.7804878048780488,1.0,38,1.0
reference,other_diagnostic,augmented_delta,ensemble,terms,ki_barrier,0.01,41,41,120.83992149784741,231.8670393043299,0.9379400585918769,5.967758551966836,7.509374204506941,3.1975039813091,0.0975609756097561,0.5121951219512195,0.8048780487804879,39,1.0
reference,other_diagnostic,augmented_delta,ensemble,terms,ki_barrier,0.025,41,41,125.38929397223016,234.02935356947881,0.9366553220521251,14.025719624769874,17.6934455344142,7.253670355956289,0.07317073170731707,0.17073170731707318,0.5121951219512195,40,1.0
reference,other_diagnostic,augmented_delta,ensemble,terms,ki_barrier,0.05,41,41,130.4537520427196,234.88455061775224,0.9358332191270974,25.0433712512618,31.240254856262904,10.892096476523209,0.024390243902439025,0.17073170731707318,0.24390243902439024,40,1.0
reference,other_diagnostic,augmented_delta,ensemble,terms,last_strike,-0.05,86,86,85.59049266132152,167.57756360857312,0.939305121993404,18.607780023918306,25.27134056773046,-7.017974620959376,0.03488372093023256,0.20930232558139536,0.3488372093023256,86,0.9651162790697675
reference,other_diagnostic,augmented_delta,ensemble,terms,last_strike,-0.025,86,86,89.59278332416172,172.26070363370533,0.9365497458945982,8.88081431876907,11.895675727695458,-2.410568480372661,0.046511627906976744,0.37209302325581395,0.6395348837209303,86,0.9534883720930233
reference,other_diagnostic,augmented_delta,ensemble,terms,last_strike,-0.01,86,86,91.52093351418782,174.51701673203974,0.9352371089923011,3.4825489368261224,4.671114928237706,-0.7660545521639363,0.20930232558139536,0.8023255813953488,0.9418604651162791,84,0.9761904761904762
reference,other_diagnostic,augmented_delta,ensemble,terms,last_strike,-0.005,86,86,92.19823275155755,175.24939358793304,0.9348189507365636,1.7656914973847657,2.333498180059067,-0.35379541009776616,0.36046511627906974,0.9418604651162791,1.0,79,0.9746835443037974
reference,other_diagnostic,augmented_delta,ensemble,terms,last_strike,0.005,86,86,93.43353575635646,176.53164719144587,0.9341199069793534,1.6779984847982836,2.2637233243998276,0.27312683319848596,0.43023255813953487,0.9418604651162791,1.0,81,0.9753086419753086
reference,other_diagnostic,augmented_delta,ensemble,terms,last_strike,0.01,86,86,93.99434599434966,177.1080871470185,0.9338074995860537,3.3765045272171657,4.490411229511491,0.4413603139362206,0.19767441860465115,0.7441860465116279,0.9534883720930233,84,0.9761904761904762
reference,other_diagnostic,augmented_delta,ensemble,terms,last_strike,0.025,86,86,95.7718271338934,178.57415723188433,0.9330499449972913,8.170734493653942,10.784252857663494,0.34928208554899526,0.10465116279069768,0.3953488372093023,0.6976744186046512,86,0.9534883720930233
reference,other_diagnostic,augmented_delta,ensemble,terms,last_strike,0.05,86,86,98.1569045626157,179.93664201736652,0.9325408480274857,15.51927121110664,20.405986561252966,-2.077735664770628,0.05813953488372093,0.23255813953488372,0.4418604651162791,86,0.9534883720930233
reference,other_diagnostic,augmented_price,101,terms,coupon_regular,-0.01,86,86,82.9834937159198,145.36766060505582,0.9552622288395561,11.934705888000568,14.844889568606778,-1.5678045092396036,0.011627906976744186,0.26744186046511625,0.4883720930232558,86,1.0
reference,other_diagnostic,augmented_price,101,terms,coupon_regular,-0.005,86,86,81.04497873229191,144.88126696817852,0.9555442967260059,6.002097957125007,7.460572672569078,-0.8895078084265537,0.046511627906976744,0.5,0.8255813953488372,86,1.0
reference,other_diagnostic,augmented_price,101,terms,coupon_regular,-0.0025,86,86,80.19154781559942,144.79995964370542,0.9555895328650565,3.0071624416944593,3.738369039810331,-0.469300638451133,0.19767441860465115,0.8255813953488372,0.9883720930232558,86,1.0
reference,other_diagnostic,augmented_price,101,terms,coupon_regular,-0.001,86,86,79.7126170775452,144.80309222439226,0.9555860257586427,1.204022301952968,1.4970812218944347,-0.19333066773969068,0.5232558139534884,1.0,1.0,86,1.0
reference,other_diagnostic,augmented_price,101,terms,coupon_regular,0.001,86,86,79.11526458482821,144.8676213831764,0.955545713627071,1.2052370307519455,1.499167027407268,0.20076196299966922,0.5232558139534884,1.0,1.0,86,1.0
reference,other_diagnostic,augmented_price,101,terms,coupon_regular,0.0025,86,86,78.76749960813005,144.9611404425735,0.9554888122340126,3.0141903850459317,3.751184914651746,0.5151129027669743,0.1744186046511628,0.8023255813953488,0.9883720930232558,86,1.0
reference,other_diagnostic,augmented_price,101,terms,coupon_regular,0.005,86,86,78.51085311088296,145.20184510678286,0.9553437419928642,6.0300941318273535,7.511859783527107,1.0723754628453148,0.06976744186046512,0.5232558139534884,0.8023255813953488,86,1.0
reference,other_diagnostic,augmented_price,101,terms,coupon_regular,0.01,86,86,78.31609192786678,145.99363485231336,0.9548688229369756,12.05099642403828,15.04954572295859,2.3001438757014827,0.03488372093023256,0.2558139534883721,0.5116279069767442,86,1.0
reference,other_diagnostic,augmented_price,101,terms,first_strike,-0.05,86,86,86.90504538151343,144.8377970248394,0.949594228127577,30.44112669375769,40.15726799767134,-15.046660384444484,0.011627906976744186,0.08139534883720931,0.2558139534883721,81,0.8641975308641975
reference,other_diagnostic,augmented_price,101,terms,first_strike,-0.025,86,86,82.16637520527789,145.98087930869602,0.9520867972993022,15.053198531141657,19.181697271478267,-4.301067586326043,0.03488372093023256,0.18604651162790697,0.4186046511627907,80,0.85
reference,other_diagnostic,augmented_price,101,terms,first_strike,-0.01,86,86,80.23675548322687,145.57662410948612,0.9540806661536926,5.989766166882063,7.554406756600777,-0.8908201069210101,0.06976744186046512,0.5,0.813953488372093,77,0.8441558441558441
reference,other_diagnostic,augmented_price,101,terms,first_strike,-0.005,86,86,79.72863281090856,145.27329200230884,0.9547871171352386,3.0338541616224535,3.834301451280212,-0.4094247292504327,0.20930232558139536,0.8255813953488372,0.9767441860465116,72,0.875
reference,other_diagnostic,augmented_price,101,terms,first_strike,0.005,86,86,79.01994199204061,144.27629086897892,0.9563903965213046,2.931181474842398,3.682403449879343,0.020377375023951996,0.23255813953488372,0.8372093023255814,0.9883720930232558,73,0.8493150684931506
reference,other_diagnostic,augmented_price,101,terms,first_strike,0.01,86,86,78.54741073649933,143.8870578159804,0.9571159863163792,5.848808067385108,7.306483116292394,0.00032198020571122917,0.08139534883720931,0.5232558139534884,0.8255813953488372,76,0.8421052631578947
reference,other_diagnostic,augmented_price,101,terms,first_strike,0.025,86,86,77.34283881664207,142.02623100407735,0.9594941807978662,14.401273555449452,17.861576634068975,-1.6074844057055353,0.046511627906976744,0.22093023255813954,0.43023255813953487,77,0.8311688311688312
reference,other_diagnostic,augmented_price,101,terms,first_strike,0.05,86,86,76.18097100394706,138.75197154909273,0.9631420512690978,29.03682499693387,35.09451573643823,-7.853543452901044,0.023255813953488372,0.08139534883720931,0.18604651162790697,79,0.7848101265822784
reference,other_diagnostic,augmented_price,101,terms,ki_barrier,-0.05,41,41,84.89452056131837,169.61328530166233,0.9666486649517397,36.015564241969,47.788385582907175,-17.830776196609182,0.024390243902439025,0.12195121951219512,0.2682926829268293,40,1.0
reference,other_diagnostic,augmented_price,101,terms,ki_barrier,-0.025,41,41,86.31705931117047,177.36237116341516,0.9636802735567338,17.092969130633808,22.15159845378915,-8.236792831946678,0.04878048780487805,0.24390243902439024,0.4146341463414634,40,1.0
reference,other_diagnostic,augmented_price,101,terms,ki_barrier,-0.01,41,41,89.37922306119822,181.72501017854884,0.9619098701046573,6.528270619974388,8.409705158027702,-3.094376195676443,0.07317073170731707,0.43902439024390244,0.7317073170731707,39,1.0
reference,other_diagnostic,augmented_price,101,terms,ki_barrier,-0.005,41,41,90.76190781305856,182.97329339586912,0.9613846942889889,3.2499160618195693,4.1955315007804765,-1.5201831996077444,0.21951219512195122,0.8048780487804879,0.975609756097561,38,1.0
reference,other_diagnostic,augmented_price,101,terms,ki_barrier,0.005,41,41,94.1580190356633,185.48054683376267,0.9603052801804275,3.2947307834174575,4.192455769826552,1.5184563377160367,0.21951219512195122,0.7560975609756098,0.975609756097561,38,1.0
reference,other_diagnostic,augmented_price,101,terms,ki_barrier,0.01,41,41,96.08801026863686,186.5863937680582,0.9598122890386779,6.356178513871946,8.060290900494152,2.835907315577918,0.0975609756097561,0.4878048780487805,0.8292682926829268,39,1.0
reference,other_diagnostic,augmented_price,101,terms,ki_barrier,0.025,41,41,102.14915710251783,189.27719106528284,0.9585651251962152,14.981096436882892,19.190555029054224,6.307386046320927,0.0975609756097561,0.2926829268292683,0.4634146341463415,40,1.0
reference,other_diagnostic,augmented_price,101,terms,ki_barrier,0.05,41,41,111.36047536837653,191.73951990048624,0.9572412876002192,27.52985704460037,34.541284090466604,8.871513556355866,0.0,0.14634146341463414,0.2682926829268293,40,1.0
reference,other_diagnostic,augmented_price,101,terms,last_strike,-0.05,86,86,70.78142942521939,134.7380823736651,0.9607625276154953,23.45937243066439,32.77699867603942,-11.524654089336016,0.03488372093023256,0.1744186046511628,0.3372093023255814,86,0.9418604651162791
reference,other_diagnostic,augmented_price,101,terms,last_strike,-0.025,86,86,73.24472901716562,139.63240204505627,0.9583098603215541,11.180840423836033,15.58241378913104,-4.35859381785804,0.10465116279069768,0.36046511627906974,0.6046511627906976,86,0.9418604651162791
reference,other_diagnostic,augmented_price,101,terms,last_strike,-0.01,86,86,76.54783950117051,142.72621607963632,0.9566830199873021,4.390900657938202,6.1224690194811116,-1.4624632083803648,0.16279069767441862,0.6744186046511628,0.9069767441860465,84,0.9642857142857143
reference,other_diagnostic,augmented_price,101,terms,last_strike,-0.005,86,86,77.97180086565407,143.7849067939553,0.9561232046733332,2.20777183502566,3.0444417570886846,-0.687426633584176,0.3488372093023256,0.8953488372093024,1.0,79,0.9620253164556962
reference,other_diagnostic,augmented_price,101,terms,last_strike,0.005,86,86,80.90482025801964,145.87507497100628,0.9550146357774096,2.141709655638813,2.9835584107939184,0.5765375776808391,0.4069767441860465,0.8953488372093024,1.0,81,0.9629629629629629
reference,other_diagnostic,augmented_price,101,terms,last_strike,0.01,86,86,82.38840050603129,146.93213328939754,0.9544419035117212,4.260162326543369,5.931969034670901,1.0168223669247112,0.20930232558139536,0.6627906976744186,0.8837209302325582,84,0.9642857142857143
reference,other_diagnostic,augmented_price,101,terms,last_strike,0.025,86,86,86.53768128324685,150.00946789753243,0.9527555213434299,10.330915618427962,14.42668661014221,1.5433040461105891,0.09302325581395349,0.45348837209302323,0.5581395348837209,86,0.9418604651162791
reference,other_diagnostic,augmented_price,101,terms,last_strike,0.05,86,86,93.1891801891713,154.88084095045923,0.9500199080634187,20.04479472073474,27.700237664957793,-0.5590901749078624,0.046511627906976744,0.19767441860465115,0.4186046511627907,86,0.9418604651162791
reference,other_diagnostic,augmented_price,233,terms,coupon_regular,-0.01,86,86,120.61326209128488,197.88583749629473,0.917097396893892,10.437352784035742,13.728623635963126,2.090139471398768,0.03488372093023256,0.3488372093023256,0.6162790697674418,86,1.0
reference,other_diagnostic,augmented_price,233,terms,coupon_regular,-0.005,86,86,118.39265684047191,196.18163773994564,0.9184883421692434,5.210022847319758,6.861248678493702,0.9633095051891121,0.13953488372093023,0.6162790697674418,0.8604651162790697,86,1.0
reference,other_diagnostic,augmented_price,233,terms,coupon_regular,-0.0025,86,86,117.45645599200165,195.46305995078,0.9190759059134344,2.6015814576269123,3.4301485893074006,0.4643368142288781,0.2558139534883721,0.8604651162790697,0.9767441860465116,86,1.0
reference,other_diagnostic,augmented_price,233,terms,coupon_regular,-0.001,86,86,116.90273285622636,195.07397115354726,0.9193948827364159,1.0396491430064505,1.3719440327088586,0.1819845327111178,0.5930232558139535,1.0,1.0,86,1.0
reference,other_diagnostic,augmented_price,233,terms,coupon_regular,0.001,86,86,116.16961237690118,194.603776676666,0.9197816891499215,1.0392300671385242,1.372077624866648,-0.1774295081001843,0.6046511627906976,1.0,1.0,86,1.0
reference,other_diagnostic,augmented_price,233,terms,coupon_regular,0.0025,86,86,115.62301216909938,194.28714890097865,0.9200434328732753,2.5963605579941773,3.4298544265905875,-0.43613564321237025,0.2558139534883721,0.8604651162790697,0.9883720930232558,86,1.0
reference,other_diagnostic,augmented_price,233,terms,coupon_regular,0.005,86,86,114.71602990813386,193.82697983230017,0.9204268563731458,5.186549405834471,6.859721163123139,-0.8509832547847613,0.11627906976744186,0.6162790697674418,0.8604651162790697,86,1.0
reference,other_diagnostic,augmented_price,233,terms,coupon_regular,0.01,86,86,112.99847898066392,193.15377608428855,0.9210021588201007,10.342281071830167,13.720129223602108,-1.6440132922211352,0.08139534883720931,0.36046511627906974,0.6046511627906976,86,1.0
reference,other_diagnostic,augmented_price,233,terms,first_strike,-0.05,86,86,109.84449370687804,184.19645350227339,0.918477220855133,25.43235175332784,37.06215256145191,-12.982884212959823,0.011627906976744186,0.23255813953488372,0.37209302325581395,81,0.9259259259259259
reference,other_diagnostic,augmented_price,233,terms,first_strike,-0.025,86,86,113.44305735379523,191.64216172117088,0.9174256101607725,11.89738100674522,16.970262510828952,-3.4247684157654272,0.09302325581395349,0.37209302325581395,0.5465116279069767,80,0.9125
reference,other_diagnostic,augmented_price,233,terms,first_strike,-0.01,86,86,115.71200058972163,194.13075882770826,0.9183415756944686,4.719565418198733,6.521891237191286,-0.5812294234940425,0.16279069767441862,0.6744186046511628,0.8488372093023255,77,0.9090909090909091
reference,other_diagnostic,augmented_price,233,terms,first_strike,-0.005,86,86,116.1545003387966,194.5294063878746,0.9189298145813312,2.3922639421116045,3.3003204912060555,-0.2617161025698367,0.3488372093023256,0.8604651162790697,0.9767441860465116,72,0.9166666666666666
reference,other_diagnostic,augmented_price,233,terms,first_strike,0.005,86,86,116.82687565240889,194.9517491670593,0.9203755450027686,2.4007948280082902,3.2228564906836588,-0.11309544463703311,0.3023255813953488,0.8837209302325582,0.9883720930232558,73,0.8767123287671232
reference,other_diagnostic,augmented_price,233,terms,first_strike,0.01,86,86,117.04275187884858,195.15166456390378,0.9211146273739237,4.726763516162746,6.321401170936347,-0.25244329827783485,0.1511627906976744,0.6395348837209303,0.8953488372093024,76,0.881578947368421
reference,other_diagnostic,augmented_price,233,terms,first_strike,0.025,86,86,116.80946321219146,194.85212771796853,0.9237586459959488,11.628089775355232,15.340050740226626,-2.132012210501622,0.06976744186046512,0.26744186046511625,0.5348837209302325,77,0.8571428571428571
reference,other_diagnostic,augmented_price,233,terms,first_strike,0.05,86,86,116.3693498454654,193.21510695419158,0.9285281546534553,23.457204303289647,30.128106430730583,-8.55807728491881,0.03488372093023256,0.10465116279069768,0.26744186046511625,79,0.8354430379746836
reference,other_diagnostic,augmented_price,233,terms,ki_barrier,-0.05,41,41,118.41107755022013,215.35755994719483,0.9462332563276996,35.25846325521304,48.10773993429294,-11.685275641338128,0.024390243902439025,0.12195121951219512,0.24390243902439024,40,1.0
reference,other_diagnostic,augmented_price,233,terms,ki_barrier,-0.025,41,41,125.46655600661218,226.13406763769672,0.9409592880471772,16.546263928517575,22.175983121083117,-5.220957721212531,0.04878048780487805,0.2682926829268293,0.36585365853658536,40,1.0
reference,other_diagnostic,augmented_price,233,terms,ki_barrier,-0.01,41,41,129.40213668980277,231.48567097375752,0.9381939090739226,6.2635398839668515,8.386638384629252,-1.9031701009811424,0.17073170731707318,0.5121951219512195,0.7804878048780488,39,1.0
reference,other_diagnostic,augmented_price,233,terms,ki_barrier,-0.005,41,41,130.91966418683566,232.9269872003724,0.9374217108308609,3.1164869673974143,4.176958542807863,-0.927218748120273,0.2682926829268293,0.8048780487804879,0.975609756097561,38,1.0
reference,other_diagnostic,augmented_price,233,terms,ki_barrier,0.005,41,41,133.79782059005163,235.70524336809783,0.935897570005672,3.1241988287102886,4.170028761444466,0.9309580682860159,0.2926829268292683,0.7560975609756098,0.975609756097561,38,1.0
reference,other_diagnostic,augmented_price,233,terms,ki_barrier,0.01,41,41,135.12148333623458,236.87802985353306,0.9352286583900329,6.0422991635353585,8.012792819767897,1.6666967885765607,0.14634146341463414,0.5365853658536586,0.8048780487804879,39,1.0
reference,other_diagnostic,augmented_price,233,terms,ki_barrier,0.025,41,41,138.4653402156612,239.50640418312025,0.9336556829943058,14.45937293022871,18.99720015017464,3.4284671659513224,0.04878048780487805,0.2682926829268293,0.43902439024390244,40,1.0
reference,other_diagnostic,augmented_price,233,terms,ki_barrier,0.05,41,41,141.97585837793147,240.96802955667866,0.9324663534920316,26.359256377004506,34.2111796130991,3.272703895421045,0.024390243902439025,0.0975609756097561,0.21951219512195122,40,1.0
reference,other_diagnostic,augmented_price,233,terms,last_strike,-0.05,86,86,105.8290328263324,182.42002407806717,0.9280774103352535,26.08091134546224,35.503565970844754,-3.402904399923347,0.046511627906976744,0.19767441860465115,0.3023255813953488,86,0.9651162790697675
reference,other_diagnostic,augmented_price,233,terms,last_strike,-0.025,86,86,111.15234544789608,188.99283982336942,0.9236249278294455,12.737085899439199,17.299484047303988,0.18874849364623492,0.046511627906976744,0.27906976744186046,0.45348837209302323,86,0.9767441860465116
reference,other_diagnostic,augmented_price,233,terms,last_strike,-0.01,86,86,114.57194917588505,192.53891405593015,0.9211706940843638,5.028055168255123,6.890372770324793,0.4698569982839647,0.1744186046511628,0.6627906976744186,0.8604651162790697,84,0.9761904761904762
reference,other_diagnostic,augmented_price,233,terms,last_strike,-0.005,86,86,115.60974596582413,193.70919453917523,0.9203641224432824,2.5469085146463657,3.449394241511946,0.2973114058317601,0.2558139534883721,0.8604651162790697,0.9883720930232558,79,0.9746835443037974
reference,other_diagnostic,augmented_price,233,terms,last_strike,0.005,86,86,117.43352243032912,195.8818942301031,0.9188856585124681,2.4892100941303164,3.4432786882049777,-0.4447256335916446,0.29069767441860467,0.872093023255814,0.9883720930232558,81,0.9753086419753086
reference,other_diagnostic,augmented_price,233,terms,last_strike,0.01,86,86,118.34008428827032,196.9416587126502,0.9181521671755983,5.0353271384225335,6.868754991904373,-1.061751004164071,0.12790697674418605,0.6395348837209303,0.872093023255814,84,0.9761904761904762
reference,other_diagnostic,augmented_price,233,terms,last_strike,0.025,86,86,121.46679340223646,199.90446817490675,0.9161006255911992,12.461306579237759,17.04701450239171,-3.9163774537254663,0.08139534883720931,0.29069767441860467,0.5232558139534884,86,0.9767441860465116
reference,other_diagnostic,augmented_price,233,terms,last_strike,0.05,86,86,125.87391485039015,204.0543536788236,0.9132452255344212,25.278791050347245,34.28964024223208,-12.305218113023184,0.046511627906976744,0.13953488372093023,0.27906976744186046,86,0.9767441860465116
reference,other_diagnostic,augmented_price,47,terms,coupon_regular,-0.01,86,86,111.39612060409989,174.83351021571696,0.9352875123253794,12.915011488767558,17.51224744265207,3.9819631734790737,0.10465116279069768,0.2441860465116279,0.46511627906976744,86,1.0
reference,other_diagnostic,augmented_price,47,terms,coupon_regular,-0.005,86,86,109.09679878913994,172.1772799073946,0.9372151733343888,6.476364374391794,8.790204940115164,1.9013687908187393,0.11627906976744186,0.47674418604651164,0.7906976744186046,86,1.0
reference,other_diagnostic,augmented_price,47,terms,coupon_regular,-0.0025,86,86,108.02402820877926,171.0199314276486,0.9380499137098207,3.2417348035315214,4.403570677139453,0.9314362368611399,0.22093023255813954,0.7906976744186046,0.9651162790697675,86,1.0
reference,other_diagnostic,augmented_price,47,terms,coupon_regular,-0.001,86,86,107.39335093162934,170.38067795473842,0.9385099780632064,1.2976321815982346,1.7634345991312281,0.3683252861333448,0.47674418604651164,0.9767441860465116,1.0,86,1.0
reference,other_diagnostic,augmented_price,47,terms,coupon_regular,0.001,86,86,106.59963247189482,169.59291535173963,0.9390762824676282,1.298822220443755,1.7661228940578833,-0.363188076619954,0.4883720930232558,0.9767441860465116,1.0,86,1.0
reference,other_diagnostic,augmented_price,47,terms,coupon_regular,0.0025,86,86,106.03256395561074,169.05081691093073,0.9394658376905235,3.249232400757397,4.419799889208539,-0.899048879165058,0.22093023255813954,0.7790697674418605,0.9651162790697675,86,1.0
reference,other_diagnostic,augmented_price,47,terms,coupon_regular,0.005,86,86,105.09534735802342,168.24009045148387,0.9400489153924958,6.505548095633816,8.854504237574265,-1.7715492702500761,0.11627906976744186,0.5,0.7790697674418605,86,1.0
reference,other_diagnostic,augmented_price,47,terms,coupon_regular,0.01,86,86,103.6136239913282,166.96622272179627,0.9409709135553304,13.057042261542277,17.761524913008962,-3.458399471501971,0.046511627906976744,0.3023255813953488,0.5,86,1.0
reference,other_diagnostic,augmented_price,47,terms,first_strike,-0.05,86,86,118.32223606361002,181.4369336136785,0.9209015736685345,31.144350066416788,42.23357007665795,-5.097820409486641,0.05813953488372093,0.16279069767441862,0.26744186046511625,81,0.8518518518518519
reference,other_diagnostic,augmented_price,47,terms,first_strike,-0.025,86,86,112.38085549355718,177.46615407181596,0.9291900436770725,16.72401915871978,21.68220711756993,0.7050433590872365,0.05813953488372093,0.23255813953488372,0.37209302325581395,80,0.8125
reference,other_diagnostic,augmented_price,47,terms,first_strike,-0.01,86,86,109.02113394457751,173.44703845680644,0.9348152403051593,7.089331734308237,8.918696527798561,1.105637469830699,0.06976744186046512,0.43023255813953487,0.7558139534883721,77,0.8181818181818182
reference,other_diagnostic,augmented_price,47,terms,first_strike,-0.005,86,86,107.9889983162995,171.74579510325177,0.9368078882136512,3.6356903271900327,4.564986843195473,0.5867490850352002,0.20930232558139536,0.7558139534883721,0.9767441860465116,72,0.8194444444444444
reference,other_diagnostic,augmented_price,47,terms,first_strike,0.005,86,86,105.99307119735731,168.1150021637491,0.9407886256630318,3.5500743475935765,4.47299469230449,-0.9704805366404339,0.19767441860465115,0.7209302325581395,0.9767441860465116,73,0.821917808219178
reference,other_diagnostic,augmented_price,47,terms,first_strike,0.01,86,86,105.02600925062914,166.3784166236312,0.9426615517849485,7.07597126544529,8.857332305764782,-1.9746987167448018,0.08139534883720931,0.38372093023255816,0.7790697674418605,76,0.8026315789473685
reference,other_diagnostic,augmented_price,47,terms,first_strike,0.025,86,86,102.41859229185961,160.68984683597097,0.9481489961197933,17.866565442265486,22.289936717063938,-6.482714640428293,0.03488372093023256,0.16279069767441862,0.32558139534883723,77,0.7922077922077922
reference,other_diagnostic,augmented_price,47,terms,first_strike,0.05,86,86,99.10317391623958,151.3838271351639,0.9561255387261544,36.49363527001956,44.86403071572619,-17.326814601050398,0.011627906976744186,0.10465116279069768,0.16279069767441862,79,0.7215189873417721
reference,other_diagnostic,augmented_price,47,terms,ki_barrier,-0.05,41,41,115.72177617286081,189.31583157143896,0.9584503511536825,36.52759976097481,50.26371740252601,-16.288382442440927,0.04878048780487805,0.17073170731707318,0.2926829268292683,40,1.0
reference,other_diagnostic,augmented_price,47,terms,ki_barrier,-0.025,41,41,119.55245956443228,196.24568179734356,0.9555348445579287,17.407126885301214,23.27841016286047,-7.599953546817225,0.04878048780487805,0.2682926829268293,0.4146341463414634,40,1.0
reference,other_diagnostic,augmented_price,47,terms,ki_barrier,-0.01,41,41,121.29257427438532,199.72138371872106,0.953992124159998,6.665893109045862,8.857142299431885,-2.872952209194986,0.17073170731707318,0.4878048780487805,0.7317073170731707,39,1.0
reference,other_diagnostic,augmented_price,47,terms,ki_barrier,-0.005,41,41,121.94246470483866,200.5949242315861,0.9535886772378782,3.3530604604904246,4.413064036206615,-1.41511910990244,0.17073170731707318,0.7804878048780488,0.926829268292683,38,1.0
reference,other_diagnostic,augmented_price,47,terms,ki_barrier,0.005,41,41,123.51332998328144,202.29003356896058,0.9527844580928679,3.369289773932802,4.375498529015753,1.4246153664903913,0.21951219512195122,0.7804878048780488,0.9512195121951219,38,1.0
reference,other_diagnostic,augmented_price,47,terms,ki_barrier,0.01,41,41,124.20874812070242,202.97216708702132,0.9524438919318935,6.560356310228023,8.46639873028941,2.6596810950980925,0.0975609756097561,0.4878048780487805,0.7804878048780488,39,1.0
reference,other_diagnostic,augmented_price,47,terms,ki_barrier,0.025,41,41,125.73814154826098,204.32319457810303,0.9517158259561087,15.617649284865312,20.15981095371501,5.954250332604094,0.04878048780487805,0.17073170731707318,0.4634146341463415,40,1.0
reference,other_diagnostic,augmented_price,47,terms,ki_barrier,0.05,41,41,126.34395233654678,204.13310846695583,0.9515349968438058,28.621986866300183,36.59079631938945,8.462349476550166,0.024390243902439025,0.0975609756097561,0.1951219512195122,40,1.0
reference,other_diagnostic,augmented_price,47,terms,last_strike,-0.05,86,86,96.38559659467327,157.3317575282404,0.9465000855992662,23.121966950739765,30.6868987617824,-3.3043349513192064,0.046511627906976744,0.13953488372093023,0.3023255813953488,86,0.9651162790697675
reference,other_diagnostic,augmented_price,47,terms,last_strike,-0.025,86,86,101.78652064263392,164.10033887530707,0.9424189091979893,11.301375452082517,14.833502184918954,-0.2368979777765371,0.046511627906976744,0.32558139534883723,0.5697674418604651,86,0.9651162790697675
reference,other_diagnostic,augmented_price,47,terms,last_strike,-0.01,86,86,105.02344910599146,167.63464268605097,0.9402444548527139,4.464469220258238,5.881443210757205,0.18381014954327607,0.10465116279069768,0.6395348837209303,0.8953488372093024,84,0.9642857142857143
reference,other_diagnostic,augmented_price,47,terms,last_strike,-0.005,86,86,106.04809795523015,168.82169992285515,0.9395126110727725,2.250391868282427,2.9281756897853497,0.13490954113676557,0.3023255813953488,0.9069767441860465,1.0,79,0.9620253164556962
reference,other_diagnostic,augmented_price,47,terms,last_strike,0.005,86,86,107.93895582272238,171.0590618061973,0.9381412374278031,2.188848766014558,2.91452100144446,-0.24344213433968004,0.3488372093023256,0.9069767441860465,1.0,81,0.9629629629629629
reference,other_diagnostic,augmented_price,47,terms,last_strike,0.01,86,86,108.8743511462711,172.12262797874936,0.9374815879639041,4.395732655947985,5.778049755864522,-0.6200182094245918,0.16279069767441862,0.6511627906976745,0.9069767441860465,84,0.9642857142857143
reference,other_diagnostic,augmented_price,47,terms,last_strike,0.025,86,86,111.63318874528973,175.04579269375432,0.935669478315343,10.82346203830815,14.177368675775336,-2.518267341246901,0.10465116279069768,0.32558139534883723,0.5813953488372093,86,0.9651162790697675
reference,other_diagnostic,augmented_price,47,terms,last_strike,0.05,86,86,115.94886295836123,178.97801059487028,0.9332577247910778,21.791932188378752,27.982945909991223,-8.530712397985683,0.023255813953488372,0.12790697674418605,0.313953488372093,86,0.9651162790697675
reference,other_diagnostic,augmented_price,ensemble,terms,coupon_regular,-0.01,86,86,97.91848112437829,164.8863270465065,0.9424416906878931,10.411497867731123,13.972919549575963,1.5014327118794257,0.046511627906976744,0.36046511627906974,0.6046511627906976,86,1.0
reference,other_diagnostic,augmented_price,ensemble,terms,coupon_regular,-0.005,86,86,95.86164940111169,163.29887984196174,0.9435232852283282,5.2131668417028285,7.00818986455115,0.658390162527112,0.11627906976744186,0.6162790697674418,0.8837209302325582,86,1.0
reference,other_diagnostic,augmented_price,ensemble,terms,coupon_regular,-0.0025,86,86,94.90514877066843,162.65182723611005,0.94396409984824,2.608891487237112,3.50924137218407,0.30882413754632093,0.2558139534883721,0.8837209302325582,0.9883720930232558,86,1.0
reference,other_diagnostic,augmented_price,ensemble,terms,coupon_regular,-0.001,86,86,94.3523258851104,162.31036891642756,0.9441971353987187,1.0439497498116366,1.4048635995195025,0.11899305036831327,0.6395348837209303,1.0,1.0,86,1.0
reference,other_diagnostic,augmented_price,ensemble,terms,coupon_regular,0.001,86,86,93.64870664639881,161.90948551500693,0.9444715476053391,1.044375473676769,1.4064706752338505,-0.11328520724018219,0.6395348837209303,1.0,1.0,86,1.0
reference,other_diagnostic,augmented_price,ensemble,terms,coupon_regular,0.0025,86,86,93.18756749707043,161.64948942132392,0.9446503774289862,2.6108240413574606,3.5185368699908866,-0.2733572065368137,0.2441860465116279,0.8837209302325582,0.9883720930232558,86,1.0
reference,other_diagnostic,augmented_price,ensemble,terms,coupon_regular,0.005,86,86,92.43749207259074,161.29284453771135,0.9448978860562848,5.221771252363227,7.044972267980902,-0.516719020729712,0.12790697674418605,0.6395348837209303,0.8837209302325582,86,1.0
reference,other_diagnostic,augmented_price,ensemble,terms,coupon_regular,0.01,86,86,90.98113392305837,160.8622540013904,0.9452080045673392,10.433718166032516,14.11506967925439,-0.934089629340468,0.08139534883720931,0.36046511627906974,0.627906976744186,86,1.0
reference,other_diagnostic,augmented_price,ensemble,terms,first_strike,-0.05,86,86,96.44517947007262,162.46833298812558,0.9365759607609332,27.2643607657849,37.383071417745015,-11.042455002296839,0.046511627906976744,0.16279069767441862,0.32558139534883723,81,0.9135802469135802
reference,other_diagnostic,augmented_price,ensemble,terms,first_strike,-0.025,86,86,95.16846499703884,164.12535096223598,0.9394359949847135,13.580777599326277,18.060048514741787,-2.340264214334646,0.09302325581395349,0.26744186046511625,0.47674418604651164,80,0.9
reference,other_diagnostic,augmented_price,ensemble,terms,first_strike,-0.01,86,86,94.74398692574329,163.40284451947474,0.9421462497941777,5.587879137941031,7.1943126159316195,-0.12213735352805762,0.16279069767441862,0.5116279069767442,0.8488372093023255,77,0.8831168831168831
reference,other_diagnostic,augmented_price,ensemble,terms,first_strike,-0.005,86,86,94.44530884787173,162.80668113804842,0.9432148091713477,2.847224157900577,3.6717011213347606,-0.028130582261564948,0.23255813953488372,0.872093023255814,0.9767441860465116,72,0.8888888888888888
reference,other_diagnostic,augmented_price,ensemble,terms,first_strike,0.005,86,86,93.65190580991033,161.25615037536565,0.945521545822003,2.7609326347658683,3.5555219088010093,-0.35439953541772645,0.2558139534883721,0.872093023255814,0.9883720930232558,73,0.863013698630137
reference,other_diagnostic,augmented_price,ensemble,terms,first_strike,0.01,86,86,93.3419510010333,160.52952288457706,0.9466220622112164,5.495691712559359,7.01437784268617,-0.7422733449388806,0.16279069767441862,0.5116279069767442,0.8953488372093024,76,0.868421052631579
reference,other_diagnostic,augmented_price,ensemble,terms,first_strike,0.025,86,86,92.23783308873757,157.57927375990454,0.9501369907558227,13.685603810896977,17.30721265075682,-3.4074037522116956,0.06976744186046512,0.2558139534883721,0.45348837209302323,77,0.8441558441558441
reference,other_diagnostic,augmented_price,ensemble,terms,first_strike,0.05,86,86,90.37643668362068,152.061821374787,0.9557316625128359,27.98455306901752,34.3191604982361,-11.246145112956638,0.0,0.10465116279069768,0.20930232558139536,79,0.810126582278481
reference,other_diagnostic,augmented_price,ensemble,terms,ki_barrier,-0.05,41,41,95.14436190685284,184.4153190133965,0.9605735677254655,35.67788160640777,48.42357171805161,-15.268144760129259,0.024390243902439025,0.12195121951219512,0.3170731707317073,40,1.0
reference,other_diagnostic,augmented_price,ensemble,terms,ki_barrier,-0.025,41,41,101.17268323563023,193.45434731539578,0.956790764380489,16.93006668554816,22.374302785091587,-7.019234699992127,0.024390243902439025,0.2682926829268293,0.3902439024390244,40,1.0
reference,other_diagnostic,augmented_price,ensemble,terms,ki_barrier,-0.01,41,41,105.08695390921328,198.10088994823545,0.9547356901391832,6.452436225625073,8.483326745559342,-2.623499501950857,0.12195121951219512,0.5121951219512195,0.7804878048780488,39,1.0
reference,other_diagnostic,augmented_price,ensemble,terms,ki_barrier,-0.005,41,41,106.06110991335557,199.3543878851163,0.9541609439896288,3.2055930272955657,4.227779067636283,-1.2875070192102065,0.24390243902439024,0.7804878048780488,0.975609756097561,38,1.0
reference,other_diagnostic,augmented_price,ensemble,terms,ki_barrier,0.005,41,41,108.13200635188274,201.8028767499454,0.9530115941186357,3.244207246213909,4.2114018385537815,1.291343257497445,0.21951219512195122,0.7560975609756098,0.975609756097561,38,1.0
reference,other_diagnostic,augmented_price,ensemble,terms,ki_barrier,0.01,41,41,109.32261850634293,202.8406405295213,0.9525055049567546,6.296041176934624,8.108411090888872,2.3874283997509287,0.04878048780487805,0.5121951219512195,0.8292682926829268,39,1.0
reference,other_diagnostic,augmented_price,ensemble,terms,ki_barrier,0.025,41,41,112.55100737143506,205.1782231583787,0.9513108721288827,14.883726072202405,19.261012975698396,5.230034514958853,0.024390243902439025,0.24390243902439024,0.4878048780487805,40,1.0
reference,other_diagnostic,augmented_price,ensemble,terms,ki_barrier,0.05,41,41,116.70960426070997,206.49313046446596,0.9504078925719801,26.965616362790332,34.69653645256599,6.868855642775666,0.0,0.17073170731707318,0.2682926829268293,40,1.0
reference,other_diagnostic,augmented_price,ensemble,terms,last_strike,-0.05,86,86,82.76989465255339,148.89359113217134,0.9520849099922191,23.725757386766343,32.0870864121198,-6.077297813526051,0.023255813953488372,0.13953488372093023,0.3488372093023256,86,0.9534883720930233
reference,other_diagnostic,augmented_price,ensemble,terms,last_strike,-0.025,86,86,88.46747465149524,155.79946587360524,0.9480969521895585,11.44315420440565,15.431395945167043,-1.468914433996028,0.046511627906976744,0.3372093023255814,0.5465116279069767,86,0.9651162790697675
reference,other_diagnostic,augmented_price,ensemble,terms,last_strike,-0.01,86,86,91.87036072795729,159.60312360518742,0.9458331675180357,4.494285010176861,6.105012333051186,-0.2695986868510111,0.1744186046511628,0.6627906976744186,0.9069767441860465,84,0.9642857142857143
reference,other_diagnostic,augmented_price,ensemble,terms,last_strike,-0.005,86,86,92.9558480273756,160.87158093091435,0.9450753928696555,2.2714220640905975,3.043922956132136,-0.0850685622051694,0.3023255813953488,0.8837209302325582,1.0,79,0.9620253164556962
reference,other_diagnostic,augmented_price,ensemble,terms,last_strike,0.005,86,86,95.13998457810455,163.27681051911787,0.9436416755441638,2.189048207891978,3.0158917180069738,-0.03721006341680268,0.37209302325581395,0.8953488372093024,1.0,81,0.9629629629629629
reference,other_diagnostic,augmented_price,ensemble,terms,last_strike,0.01,86,86,96.30563924540412,164.44913577324024,0.9429316662014703,4.405506156615993,5.9957547258807615,-0.22164894888787637,0.19767441860465115,0.6627906976744186,0.8953488372093024,84,0.9642857142857143
reference,other_diagnostic,augmented_price,ensemble,terms,last_strike,0.025,86,86,99.72695348743288,167.74349660296465,0.9409248132758933,10.794149413935932,14.712688704804206,-1.6304469162872943,0.09302325581395349,0.37209302325581395,0.5697674418604651,86,0.9651162790697675
reference,other_diagnostic,augmented_price,ensemble,terms,last_strike,0.05,86,86,105.53018809390883,172.47141804266323,0.9380222333112502,21.60469201484394,28.969814158390026,-7.131673561972174,0.03488372093023256,0.16279069767441862,0.32558139534883723,86,0.9651162790697675
reference,other_diagnostic,prior_frozen_affine_coupon_delta,ensemble,terms,coupon_regular,-0.01,86,86,160.66639783489094,294.46732338697285,0.8164252445144136,18.66027716275796,25.869114609536364,-4.935337564626422,0.03488372093023256,0.18604651162790697,0.4069767441860465,86,1.0
reference,other_diagnostic,prior_frozen_affine_coupon_delta,ensemble,terms,coupon_regular,-0.005,86,86,160.02935448810302,296.3167522834118,0.8140417610284001,9.330164666092704,12.934581886402773,-2.4677510122920236,0.08139534883720931,0.4069767441860465,0.6627906976744186,86,1.0
reference,other_diagnostic,prior_frozen_affine_coupon_delta,ensemble,terms,coupon_regular,-0.0025,86,86,160.01843882656897,297.448197879622,0.8125993280317825,4.665089755672865,6.467241143738842,-1.2338665128910333,0.1744186046511628,0.6627906976744186,0.9069767441860465,86,1.0
reference,other_diagnostic,prior_frozen_affine_coupon_delta,ensemble,terms,coupon_regular,-0.001,86,86,160.2006062691855,298.19234186179386,0.8116537683201726,1.866013736687898,2.586891446193071,-0.49354863628864026,0.4069767441860465,0.9418604651162791,0.9883720930232558,86,1.0
reference,other_diagnostic,prior_frozen_affine_coupon_delta,ensemble,terms,coupon_regular,0.001,86,86,160.45550403390328,299.25991870723715,0.8102996678280612,1.866103519764977,2.5870295741879556,0.4935385919818712,0.4069767441860465,0.9418604651162791,0.9883720930232558,86,1.0
reference,other_diagnostic,prior_frozen_affine_coupon_delta,ensemble,terms,coupon_regular,0.0025,86,86,160.75818634815886,300.1166283273975,0.8092141739444618,4.665016916833247,6.4672969321869855,1.2338571289711822,0.1744186046511628,0.6627906976744186,0.9069767441860465,86,1.0
reference,other_diagnostic,prior_frozen_affine_coupon_delta,ensemble,terms,coupon_regular,0.005,86,86,161.8532907457732,301.65000137542745,0.807272041326717,9.330068485334888,12.93457958276653,2.467586202099351,0.08139534883720931,0.4069767441860465,0.6627906976744186,86,1.0
reference,other_diagnostic,prior_frozen_affine_coupon_delta,ensemble,terms,coupon_regular,0.01,86,86,164.0435137488537,305.1052480430106,0.8028902199502033,18.66022438792762,25.869167441867916,4.935320667402652,0.03488372093023256,0.18604651162790697,0.4069767441860465,86,1.0
reference,other_diagnostic,prior_frozen_affine_coupon_delta,ensemble,terms,first_strike,-0.05,86,86,146.30389749229306,287.36766791943364,0.8015768885524692,22.898493190798725,29.288235594994244,-14.901853441246015,0.03488372093023256,0.11627906976744186,0.22093023255813954,81,0.8271604938271605
reference,other_diagnostic,prior_frozen_affine_coupon_delta,ensemble,terms,first_strike,-0.025,86,86,154.88551374994023,294.74762323799507,0.8046722827122557,9.9124932997342,12.237234738546034,-5.20699580995825,0.011627906976744186,0.29069767441860467,0.6395348837209303,80,0.875
reference,other_diagnostic,prior_frozen_affine_coupon_delta,ensemble,terms,first_strike,-0.01,86,86,158.48728794940013,297.5901051818535,0.8081113599345048,3.5724936171088713,4.468806304996241,-1.5437289237392755,0.18604651162790697,0.7441860465116279,0.9883720930232558,77,0.8831168831168831
reference,other_diagnostic,prior_frozen_affine_coupon_delta,ensemble,terms,first_strike,-0.005,86,86,159.4370197832589,298.21431015895877,0.8094769160437816,1.76556504913191,2.214970234611911,-0.7886049905814783,0.3488372093023256,1.0,1.0,72,0.8888888888888888
reference,other_diagnostic,prior_frozen_affine_coupon_delta,ensemble,terms,first_strike,0.005,86,86,161.1480237808669,299.12572142647207,0.8125438390648652,1.6739423882076678,2.0250029778523038,0.510681024482636,0.32558139534883723,0.9883720930232558,1.0,73,0.8904109589041096
reference,other_diagnostic,prior_frozen_affine_coupon_delta,ensemble,terms,first_strike,0.01,86,86,162.08398978774784,299.7499565439328,0.8138897815136849,3.327608359520055,4.0419970866456145,1.0973408467816423,0.12790697674418605,0.7790697674418605,0.9883720930232558,76,0.8947368421052632
reference,other_diagnostic,prior_frozen_affine_coupon_delta,ensemble,terms,first_strike,0.025,86,86,164.47412454891062,300.5278454706719,0.818636565606417,7.777900384600513,9.468800034499811,2.0536292482906116,0.023255813953488372,0.3953488372093023,0.7209302325581395,77,0.8441558441558441
reference,other_diagnostic,prior_frozen_affine_coupon_delta,ensemble,terms,first_strike,0.05,86,86,167.90770393191693,301.2362219404037,0.8262730399600859,14.682186267050632,18.210482073640506,2.7350507323884474,0.023255813953488372,0.19767441860465115,0.4069767441860465,79,0.8227848101265823
reference,other_diagnostic,prior_frozen_affine_coupon_delta,ensemble,terms,ki_barrier,-0.05,41,41,236.63125052013234,428.0059683628625,0.787630012703872,45.96689398156668,61.13058383518035,15.157375687082029,0.0,0.04878048780487805,0.17073170731707318,40,0.975
reference,other_diagnostic,prior_frozen_affine_coupon_delta,ensemble,terms,ki_barrier,-0.025,41,41,226.3878615634926,416.67984686371085,0.7995414483984095,20.807844884330198,27.271875227766877,5.738504700483775,0.0,0.0975609756097561,0.3170731707317073,40,0.975
reference,other_diagnostic,prior_frozen_affine_coupon_delta,ensemble,terms,ki_barrier,-0.01,41,41,221.88211985278602,412.05446713148007,0.8041641021404146,7.746382157795403,10.057588027288505,1.9257208235502719,0.04878048780487805,0.43902439024390244,0.7317073170731707,39,0.9743589743589743
reference,other_diagnostic,prior_frozen_affine_coupon_delta,ensemble,terms,ki_barrier,-0.005,41,41,221.19691265133048,410.78930781083193,0.8053643771188166,3.809549078527047,4.956687297870932,0.8983406818857737,0.07317073170731707,0.7804878048780488,0.9512195121951219,38,1.0
reference,other_diagnostic,prior_frozen_affine_coupon_delta,ensemble,terms,ki_barrier,0.005,41,41,221.0549689409662,408.5979847793222,0.8073679944014757,3.7250443260237436,4.8577380205625005,-0.7229739061095511,0.12195121951219512,0.7073170731707317,0.975609756097561,38,1.0
reference,other_diagnostic,prior_frozen_affine_coupon_delta,ensemble,terms,ki_barrier,0.01,41,41,221.0512106633131,407.67375199289677,0.8081513140770165,7.1490517059962855,9.382171563079629,-1.475548628142354,0.04878048780487805,0.43902439024390244,0.7317073170731707,39,0.9743589743589743
reference,other_diagnostic,prior_frozen_affine_coupon_delta,ensemble,terms,ki_barrier,0.025,41,41,221.26656927490313,405.34514893149924,0.8099711998768253,16.609651071693282,21.71812245800007,-3.246957448621662,0.024390243902439025,0.17073170731707318,0.3902439024390244,40,0.975
reference,other_diagnostic,prior_frozen_affine_coupon_delta,ensemble,terms,ki_barrier,0.05,41,41,220.77041449483522,402.4192979113789,0.8116528965791999,29.00617554911019,37.98363960045821,-6.564936114823398,0.0,0.07317073170731707,0.2682926829268293,40,0.975
reference,other_diagnostic,prior_frozen_affine_coupon_delta,ensemble,terms,last_strike,-0.05,86,86,161.16798293528583,298.4192284164443,0.8075251875226651,20.674927704411676,26.363813682064933,-1.1891370672992458,0.06976744186046512,0.19767441860465115,0.29069767441860467,86,0.9767441860465116
reference,other_diagnostic,prior_frozen_affine_coupon_delta,ensemble,terms,last_strike,-0.025,86,86,160.7818812453162,298.8352612703141,0.8090478229752217,9.949707886189746,12.571069906644263,0.011232924062810184,0.06976744186046512,0.27906976744186046,0.5697674418604651,86,0.9767441860465116
reference,other_diagnostic,prior_frozen_affine_coupon_delta,ensemble,terms,last_strike,-0.01,86,86,160.61411401220914,298.80761427200554,0.8101397769480984,3.93864428636065,4.974992452529331,0.08786977403034414,0.12790697674418605,0.7441860465116279,0.9767441860465116,84,0.9761904761904762
reference,other_diagnostic,prior_frozen_affine_coupon_delta,ensemble,terms,last_strike,-0.005,86,86,160.52802267712642,298.7927522092748,0.8105265264972056,1.9920466015216192,2.479502594934385,0.05451257841652287,0.26744186046511625,0.9767441860465116,1.0,79,0.9746835443037974
reference,other_diagnostic,prior_frozen_affine_coupon_delta,ensemble,terms,last_strike,0.005,86,86,160.2009693426777,298.6621079950694,0.8114314295248378,1.9458407686893846,2.44805348755721,-0.09867446551958213,0.29069767441860467,0.9767441860465116,1.0,81,0.9753086419753086
reference,other_diagnostic,prior_frozen_affine_coupon_delta,ensemble,terms,last_strike,0.01,86,86,160.05234462793945,298.57505876551306,0.8118782306642975,3.8828952261066467,4.850063360334292,-0.2667082121321783,0.1744186046511628,0.7093023255813954,0.9767441860465116,84,0.9761904761904762
reference,other_diagnostic,prior_frozen_affine_coupon_delta,ensemble,terms,last_strike,0.025,86,86,159.9194022479747,298.17492945206976,0.8133379762149884,9.474427096487918,11.796628295560339,-1.1640012965415523,0.046511627906976744,0.32558139534883723,0.5813953488372093,86,0.9767441860465116
reference,other_diagnostic,prior_frozen_affine_coupon_delta,ensemble,terms,last_strike,0.05,86,86,159.15365791866716,297.0195083012966,0.8161889549669079,18.39099364918331,22.70748851443337,-4.325955868229472,0.03488372093023256,0.13953488372093023,0.32558139534883723,86,0.9767441860465116
reference,published_monthly_6,affine_coupon_delta,101,schedule,nobs_early,1.0,6,6,243.57406077937503,256.65895951122474,0.30196384640172746,271.7846069360773,281.62952169895544,-271.7846069360773,0.0,0.0,0.0,4,0.75
reference,published_monthly_6,affine_coupon_delta,101,schedule,nobs_late,1.0,6,6,550.474505910133,557.8858149291744,-4.423356539768075,578.6850520668344,586.936573024717,-578.6850520668344,0.0,0.0,0.0,6,0.5
reference,published_monthly_6,affine_coupon_delta,101,schedule,nobs_middle,1.0,6,6,584.0534593517796,585.8289914365515,-4.023610951808439,612.2640055084809,614.6169316635152,-612.2640055084809,0.0,0.0,0.0,6,0.5
reference,published_monthly_6,affine_coupon_delta,101,schedule,tenor_months,-12.0,6,6,401.51606031983283,419.92917568933655,-3.628729727708526,373.3055141631307,389.95498093325733,373.3055141631307,0.0,0.0,0.0,5,0.6
reference,published_monthly_6,affine_coupon_delta,101,schedule,tenor_months,-6.0,6,6,235.22598965031406,242.07650966292914,0.03983071551294626,207.0154434936121,214.98286713810032,207.0154434936121,0.0,0.0,0.0,5,0.6
reference,published_monthly_6,affine_coupon_delta,101,schedule,tenor_months,-3.0,6,6,115.6785046602087,126.42547619792398,0.7840995436252729,87.46795850350627,98.91720011416518,87.46795850350627,0.0,0.0,0.0,4,0.75
reference,published_monthly_6,affine_coupon_delta,101,schedule,tenor_months,-1.0,6,6,59.088053680956364,63.398223477875064,0.9516069536128788,30.877507524254426,33.218120434778335,30.877507524254426,0.0,0.0,0.0,3,1.0
reference,published_monthly_6,affine_coupon_delta,101,schedule,tenor_months,1.0,6,6,21.759678998030722,25.62706453363617,0.9929347425990223,49.05884373622636,50.04796124016229,-49.05884373622636,0.0,0.0,0.0,3,1.0
reference,published_monthly_6,affine_coupon_delta,101,schedule,tenor_months,3.0,6,6,112.20336269670042,114.92538254018422,0.8685972623854056,140.41390885340255,143.40876358253502,-140.41390885340255,0.0,0.0,0.0,6,0.6666666666666666
reference,published_monthly_6,affine_coupon_delta,101,schedule,tenor_months,6.0,6,6,239.30743154169372,243.46417260278145,0.47297565412461384,267.51797769839567,272.347561682646,-267.51797769839567,0.0,0.0,0.0,4,0.75
reference,published_monthly_6,affine_coupon_delta,101,schedule,tenor_months,12.0,6,6,462.561476706837,469.116858204558,-0.6273084077749571,490.7720228635396,498.34995953919275,-490.7720228635396,0.0,0.0,0.0,5,0.8
reference,published_monthly_6,affine_coupon_delta,101,terms,coupon_regular,-0.01,6,6,21.443731711659893,25.706622744359922,0.9920727925742509,7.544105703632037,8.3142399761452,-7.544105703632037,0.0,0.3333333333333333,0.8333333333333334,6,1.0
reference,published_monthly_6,affine_coupon_delta,101,terms,coupon_regular,-0.005,6,6,24.480180445334252,29.07898845010278,0.9900519357622832,3.772215924329226,4.157279480264002,-3.772215924329226,0.0,0.8333333333333334,1.0,6,1.0
reference,published_monthly_6,affine_coupon_delta,101,terms,coupon_regular,-0.0025,6,6,26.324662942956213,30.837401348499956,0.9889224384917434,1.8858832137452233,2.0783100364479883,-1.8858832137452233,0.16666666666666666,1.0,1.0,6,1.0
reference,published_monthly_6,affine_coupon_delta,101,terms,coupon_regular,-0.001,6,6,27.456192595367003,31.91067260170803,0.988208592486034,0.7543535613351399,0.8312629837746256,-0.7543535613351399,0.8333333333333334,1.0,1.0,6,1.0
reference,published_monthly_6,affine_coupon_delta,101,terms,coupon_regular,0.001,6,6,28.965222819915045,33.36099214088802,0.9872153645875501,0.7546766632133058,0.8317324836139437,0.7546766632133058,0.8333333333333334,1.0,1.0,6,1.0
reference,published_monthly_6,affine_coupon_delta,101,terms,coupon_regular,0.0025,6,6,30.096738630802673,34.46111238448589,0.9864405960780739,1.886192474100324,2.0787216173916394,1.886192474100324,0.16666666666666666,1.0,1.0,6,1.0
reference,published_monthly_6,affine_coupon_delta,101,terms,coupon_regular,0.005,6,6,31.982754781117666,36.31572831666618,0.9850940589357488,3.772208624415929,4.157327450593135,3.772208624415929,0.0,0.8333333333333334,1.0,6,1.0
reference,published_monthly_6,affine_coupon_delta,101,terms,coupon_regular,0.01,6,6,35.75516452153958,40.091420402673414,0.9822032631111401,7.544618364837436,8.314850871892432,7.544618364837436,0.0,0.3333333333333333,0.8333333333333334,6,1.0
reference,published_monthly_6,affine_coupon_delta,101,terms,first_strike,-0.05,6,6,26.09515404214835,29.619471873706843,0.9862612885569264,7.915051808787713,10.849204396962085,-2.469407322920029,0.3333333333333333,0.5,0.5,6,0.8333333333333334
reference,published_monthly_6,affine_coupon_delta,101,terms,first_strike,-0.025,6,6,28.506446723412108,32.03570194425002,0.9864802975516621,4.007606509245106,4.980603693265599,0.29590056671036713,0.0,0.6666666666666666,1.0,5,1.0
reference,published_monthly_6,affine_coupon_delta,101,terms,first_strike,-0.01,6,6,28.555430886542734,32.402261050676934,0.9872436536958046,1.6125309291399184,1.937945522710611,0.3448847298406894,0.5,1.0,1.0,5,1.0
reference,published_monthly_6,affine_coupon_delta,101,terms,first_strike,-0.005,6,6,28.141694816139836,32.34784438687982,0.9876209095796866,0.7102704938087201,0.8654384201636924,-0.06885134056210536,0.8333333333333334,1.0,1.0,5,1.0
reference,published_monthly_6,affine_coupon_delta,101,terms,first_strike,0.005,6,6,27.912069212749277,32.49123769438114,0.9881139565172,0.9014697555038663,1.2069983932300505,-0.39662893364826823,0.6666666666666666,1.0,1.0,6,0.8333333333333334
reference,published_monthly_6,affine_coupon_delta,101,terms,first_strike,0.01,6,6,28.312062283874184,32.423572341375554,0.9884263444030025,1.809835447619359,2.415235184122091,-0.8287727278139855,0.3333333333333333,1.0,1.0,6,0.8333333333333334
reference,published_monthly_6,affine_coupon_delta,101,terms,first_strike,0.025,6,6,28.667079146848362,31.26429076029926,0.9898478661669018,5.374485267326237,6.850959531905157,-3.512134097723497,0.16666666666666666,0.5,0.8333333333333334,6,0.8333333333333334
reference,published_monthly_6,affine_coupon_delta,101,terms,first_strike,0.05,6,6,26.877467448409334,28.27168173612299,0.9923352594750673,13.68380737904873,16.747607136633206,-11.352753054557574,0.16666666666666666,0.16666666666666666,0.3333333333333333,6,0.8333333333333334
reference,published_monthly_6,affine_coupon_delta,101,terms,ki_barrier,-0.05,1,1,19.026609371105224,19.026609371105224,,1.256737992167487,1.256737992167487,1.256737992167487,0.0,1.0,1.0,1,1.0
reference,published_monthly_6,affine_coupon_delta,101,terms,ki_barrier,-0.025,1,1,19.676354202130824,19.676354202130824,,1.9064828231930733,1.9064828231930733,1.9064828231930733,0.0,1.0,1.0,1,1.0
reference,published_monthly_6,affine_coupon_delta,101,terms,ki_barrier,-0.01,1,1,19.323627019921332,19.323627019921332,,1.5537556409835815,1.5537556409835815,1.5537556409835815,0.0,1.0,1.0,1,1.0
reference,published_monthly_6,affine_coupon_delta,101,terms,ki_barrier,-0.005,1,1,18.66278351346591,18.66278351346591,,0.8929121345281601,0.8929121345281601,0.8929121345281601,1.0,1.0,1.0,1,1.0
reference,published_monthly_6,affine_coupon_delta,101,terms,ki_barrier,0.005,1,1,16.897272807857007,16.897272807857007,,0.8725985710819559,0.8725985710819559,-0.8725985710819559,1.0,1.0,1.0,1,1.0
reference,published_monthly_6,affine_coupon_delta,101,terms,ki_barrier,0.01,1,1,16.194805150229513,16.194805150229513,,1.575066228707632,1.575066228707632,-1.575066228707632,0.0,1.0,1.0,1,1.0
reference,published_monthly_6,affine_coupon_delta,101,terms,ki_barrier,0.025,1,1,11.952856103578597,11.952856103578597,,5.817015275359154,5.817015275359154,-5.817015275359154,0.0,0.0,1.0,1,1.0
reference,published_monthly_6,affine_coupon_delta,101,terms,ki_barrier,0.05,1,1,1.1545974637065228,1.1545974637065228,,16.615273915231228,16.615273915231228,-16.615273915231228,0.0,0.0,0.0,1,1.0
reference,published_monthly_6,affine_coupon_delta,101,terms,last_strike,-0.05,6,6,35.13091194971124,39.053238969232595,0.9810881109408973,7.613694062663449,11.593859123190109,6.920365793009598,0.16666666666666666,0.6666666666666666,0.6666666666666666,6,1.0
reference,published_monthly_6,affine_coupon_delta,101,terms,last_strike,-0.025,6,6,31.345119257871374,34.95353537892953,0.9855818370953228,3.9003477204177126,5.322466426813573,3.1345731011695332,0.16666666666666666,0.6666666666666666,0.8333333333333334,6,1.0
reference,published_monthly_6,affine_coupon_delta,101,terms,last_strike,-0.01,6,6,29.683121486360204,33.763238107864176,0.9867338099569326,1.8124438983698685,2.4734766715884384,1.4725753296580575,0.5,1.0,1.0,6,1.0
reference,published_monthly_6,affine_coupon_delta,101,terms,last_strike,-0.005,6,6,28.692334181421757,33.04223337668978,0.9873468199041712,0.8087983135547901,1.0933718404763428,0.48178802472021826,0.6666666666666666,1.0,1.0,6,1.0
reference,published_monthly_6,affine_coupon_delta,101,terms,last_strike,0.005,6,6,27.91557933607449,32.62653619115428,0.9877757034334426,0.9561243876814846,1.3525604221207634,-0.5069230869412426,0.5,1.0,1.0,6,1.0
reference,published_monthly_6,affine_coupon_delta,101,terms,last_strike,0.01,6,6,28.209305826263215,32.75256447940433,0.9877158929424789,1.7019907008442605,2.053784380114206,-0.5994808677997848,0.5,1.0,1.0,6,1.0
reference,published_monthly_6,affine_coupon_delta,101,terms,last_strike,0.025,6,6,28.837452867896292,32.94030500976251,0.9875808067839632,4.412366808702546,4.822933337320664,-0.9661751964853883,0.16666666666666666,0.5,1.0,6,1.0
reference,published_monthly_6,affine_coupon_delta,101,terms,last_strike,0.05,6,6,29.27071262285517,34.48143691067482,0.9859969498123105,8.102049863172907,9.934271443347589,-0.9771574065089208,0.0,0.5,0.6666666666666666,6,1.0
reference,published_monthly_6,affine_coupon_delta,101,terms,monthly_barrier,-0.05,6,6,29.758180758295264,34.638083214579105,0.9861623329142006,3.8604935010274253,4.347705077947383,1.5476346015930176,0.16666666666666666,0.8333333333333334,1.0,0,
reference,published_monthly_6,affine_coupon_delta,101,terms,monthly_barrier,-0.025,6,6,29.009745102065608,33.62159420704164,0.9869625763003695,1.9676486651102703,2.2127903736351757,0.7991989453633627,0.16666666666666666,1.0,1.0,0,
reference,published_monthly_6,affine_coupon_delta,101,terms,monthly_barrier,-0.01,6,6,28.53638488147438,33.024090455424,0.9874218460550758,0.7959206899007162,0.8943305032459417,0.32583872477213544,0.8333333333333334,1.0,1.0,0,
reference,published_monthly_6,affine_coupon_delta,101,terms,monthly_barrier,-0.005,6,6,28.37465761198382,32.8278424792178,0.9875708949942779,0.39954980214436847,0.44875357616082684,0.16411145528157553,1.0,1.0,1.0,0,
reference,published_monthly_6,affine_coupon_delta,101,terms,monthly_barrier,0.005,6,6,28.044745903152034,32.440759347089305,0.9878622776729072,0.40223201115926105,0.4516832089368998,-0.16580025355021158,1.0,1.0,1.0,0,
reference,published_monthly_6,affine_coupon_delta,101,terms,monthly_barrier,0.01,6,6,27.876462122736182,32.24994992063994,0.9880046406017828,0.8077422777811686,0.9067817486310059,-0.33408403396606445,0.8333333333333334,1.0,1.0,0,
reference,published_monthly_6,affine_coupon_delta,101,terms,monthly_barrier,0.025,6,6,27.4770658062774,31.69163941622651,0.9884163723927428,2.0415584246317544,2.289932635497013,-0.8514523506164551,0.16666666666666666,1.0,1.0,0,
reference,published_monthly_6,affine_coupon_delta,101,terms,monthly_barrier,0.05,6,6,27.390837753502336,30.818253608491897,0.9890460381291699,4.15573517481486,4.655605973419492,-1.75704558690389,0.16666666666666666,0.6666666666666666,1.0,0,
reference,published_monthly_6,affine_coupon_delta,233,schedule,nobs_early,1.0,6,6,261.460818630022,266.1055037109547,0.24963464870389018,236.34835418313742,241.58526850880148,-236.34835418313742,0.0,0.0,0.0,4,0.75
reference,published_monthly_6,affine_coupon_delta,233,schedule,nobs_late,1.0,6,6,736.2664553412345,745.9338290964882,-8.695676696950757,711.1539908943491,722.360535106898,-711.1539908943491,0.0,0.0,0.0,6,0.5
reference,published_monthly_6,affine_coupon_delta,233,schedule,nobs_middle,1.0,6,6,712.7675042405939,715.7597816869068,-6.4990951131999,687.6550397937084,691.4999099472233,-687.6550397937084,0.0,0.0,0.0,6,0.5
reference,published_monthly_6,affine_coupon_delta,233,schedule,tenor_months,-12.0,6,6,686.301291274321,705.7347007770219,-12.07352399445095,711.4137557212057,728.6321314463386,711.4137557212057,0.0,0.0,0.0,5,0.6
reference,published_monthly_6,affine_coupon_delta,233,schedule,tenor_months,-6.0,6,6,367.66423208576936,375.5519092120881,-1.3109069536074895,392.7766965326543,399.03611696825953,392.7766965326543,0.0,0.0,0.0,5,0.6
reference,published_monthly_6,affine_coupon_delta,233,schedule,tenor_months,-3.0,6,6,140.20939226396845,147.27923460751205,0.7070001478952983,165.32185671085284,170.3577107996897,165.32185671085284,0.0,0.0,0.0,4,0.75
reference,published_monthly_6,affine_coupon_delta,233,schedule,tenor_months,-1.0,6,6,22.124030740310747,26.861859035676133,0.991312377992502,46.127157207888864,48.14533841583312,46.127157207888864,0.0,0.0,0.0,3,1.0
reference,published_monthly_6,affine_coupon_delta,233,schedule,tenor_months,1.0,6,6,79.05054440442473,79.6307182350172,0.9317831707409315,53.938079957539834,54.50444608513071,-53.938079957539834,0.0,0.0,0.0,3,1.0
reference,published_monthly_6,affine_coupon_delta,233,schedule,tenor_months,3.0,6,6,182.75926819774818,184.1802218253582,0.6625118870428035,157.64680375086348,159.94070807065793,-157.64680375086348,0.0,0.0,0.0,6,0.6666666666666666
reference,published_monthly_6,affine_coupon_delta,233,schedule,tenor_months,6.0,6,6,327.64787292759866,330.46395848711995,0.029023413599376324,302.5354084807138,306.26100347418196,-302.5354084807138,0.0,0.0,0.0,4,0.75
reference,published_monthly_6,affine_coupon_delta,233,schedule,tenor_months,12.0,6,6,579.4589007689301,584.2517518267183,-1.5241074270390773,554.3464363220459,559.9813858146226,-554.3464363220459,0.0,0.0,0.0,5,0.8
reference,published_monthly_6,affine_coupon_delta,233,terms,coupon_regular,-0.01,6,6,28.311689569614526,29.31448805753636,0.9896915159747285,7.085705132948031,7.860007866907584,-3.199225122729937,0.0,0.3333333333333333,0.6666666666666666,6,1.0
reference,published_monthly_6,affine_coupon_delta,233,terms,coupon_regular,-0.005,6,6,26.712289751300887,28.221393819551555,0.9906300578516495,3.543026680747668,3.9301938322325585,-1.5998253044154893,0.0,0.6666666666666666,1.0,6,1.0
reference,published_monthly_6,affine_coupon_delta,233,terms,coupon_regular,-0.0025,6,6,25.912450373897627,27.867158678857212,0.9909536371176428,1.7715791381067703,1.9651488539916344,-0.7999859270122318,0.16666666666666666,1.0,1.0,6,1.0
reference,published_monthly_6,affine_coupon_delta,233,terms,coupon_regular,-0.001,6,6,25.432598171031106,27.71950269792881,0.9911025695544076,0.7086058143112396,0.785941927404264,-0.3201337241464192,0.6666666666666666,1.0,1.0,6,1.0
reference,published_monthly_6,affine_coupon_delta,233,terms,coupon_regular,0.001,6,6,24.792703008382887,27.59967440353811,0.99124979255655,0.708503656917148,0.7860453690629724,0.31976143850220556,0.6666666666666666,1.0,1.0,6,1.0
reference,published_monthly_6,affine_coupon_delta,233,terms,coupon_regular,0.0025,6,6,24.312864647039532,27.5685033859529,0.9913222248235515,1.7715265055497487,1.9652312709451534,0.799599799844953,0.16666666666666666,1.0,1.0,6,1.0
reference,published_monthly_6,affine_coupon_delta,233,terms,coupon_regular,0.005,6,6,23.512845124532152,27.628047516166248,0.9913727919495171,3.5429416497548423,3.93021879085655,1.5996193223529407,0.0,0.6666666666666666,1.0,6,1.0
reference,published_monthly_6,affine_coupon_delta,233,terms,coupon_regular,0.01,6,6,22.82661854320516,28.161660250216908,0.9912187972872584,7.08568364712927,7.8600721366898965,3.1991417374875817,0.0,0.3333333333333333,0.6666666666666666,6,1.0
reference,published_monthly_6,affine_coupon_delta,233,terms,first_strike,-0.05,6,6,19.908767165720445,24.08848942515712,0.9909132095313001,8.817271374166012,9.56283807843561,5.203697281165257,0.0,0.16666666666666666,0.5,6,0.8333333333333334
reference,published_monthly_6,affine_coupon_delta,233,terms,first_strike,-0.025,6,6,21.190117950965334,24.25425754511023,0.9922504833745116,4.886019374347397,5.155419831644626,3.9223464959197583,0.0,0.5,1.0,5,1.0
reference,published_monthly_6,affine_coupon_delta,233,terms,first_strike,-0.01,6,6,23.41683912535912,25.86076754173162,0.9918743429513144,1.7055225821418898,2.167315756352564,1.695625321525667,0.3333333333333333,1.0,1.0,5,1.0
reference,published_monthly_6,affine_coupon_delta,233,terms,first_strike,-0.005,6,6,24.526956128887832,27.108447704932587,0.9913062460670471,0.585508317997058,0.6385893763737077,0.585508317997058,0.8333333333333334,1.0,1.0,5,1.0
reference,published_monthly_6,affine_coupon_delta,233,terms,first_strike,0.005,6,6,26.114974594674703,28.60899972648129,0.99078468571588,1.110781399740113,1.2031231267274596,-1.002510147790114,0.5,1.0,1.0,6,0.8333333333333334
reference,published_monthly_6,affine_coupon_delta,233,terms,first_strike,0.01,6,6,27.097169919043154,29.596725087926764,0.9903564675392582,2.038368480073081,2.2963876406264703,-1.984705472158061,0.16666666666666666,1.0,1.0,6,0.8333333333333334
reference,published_monthly_6,affine_coupon_delta,233,terms,first_strike,0.025,6,6,31.021301311026644,33.60548355323395,0.9882704737896059,5.908836864141954,6.462310435931794,-5.908836864141954,0.0,0.3333333333333333,1.0,6,0.8333333333333334
reference,published_monthly_6,affine_coupon_delta,233,terms,first_strike,0.05,6,6,39.13173062654429,42.17083104474954,0.9829463050584132,14.019266179659297,14.826446126862429,-14.019266179659297,0.0,0.0,0.16666666666666666,6,0.8333333333333334
reference,published_monthly_6,affine_coupon_delta,233,terms,ki_barrier,-0.05,1,1,32.9939404030647,32.9939404030647,,1.0720154792070247,1.0720154792070247,-1.0720154792070247,0.0,1.0,1.0,1,1.0
reference,published_monthly_6,affine_coupon_delta,233,terms,ki_barrier,-0.025,1,1,31.58483239760062,31.58483239760062,,0.3370925262570381,0.3370925262570381,0.3370925262570381,1.0,1.0,1.0,1,1.0
reference,published_monthly_6,affine_coupon_delta,233,terms,ki_barrier,-0.01,1,1,31.08580920596978,31.08580920596978,,0.8361157178878784,0.8361157178878784,0.8361157178878784,1.0,1.0,1.0,1,1.0
reference,published_monthly_6,affine_coupon_delta,233,terms,ki_barrier,-0.005,1,1,31.402137865623445,31.402137865623445,,0.5197870582342148,0.5197870582342148,0.5197870582342148,1.0,1.0,1.0,1,1.0
reference,published_monthly_6,affine_coupon_delta,233,terms,ki_barrier,0.005,1,1,32.39398028204778,32.39398028204778,,0.47205535819133093,0.47205535819133093,-0.47205535819133093,1.0,1.0,1.0,1,1.0
reference,published_monthly_6,affine_coupon_delta,233,terms,ki_barrier,0.01,1,1,32.67027472953123,32.67027472953123,,0.748349805672964,0.748349805672964,-0.748349805672964,1.0,1.0,1.0,1,1.0
reference,published_monthly_6,affine_coupon_delta,233,terms,ki_barrier,0.025,1,1,35.48290439446828,35.48290439446828,,3.5609794706106186,3.5609794706106186,-3.5609794706106186,0.0,1.0,1.0,1,1.0
reference,published_monthly_6,affine_coupon_delta,233,terms,ki_barrier,0.05,1,1,43.46424752225539,43.46424752225539,,11.542322598397732,11.542322598397732,-11.542322598397732,0.0,0.0,0.0,1,1.0
reference,published_monthly_6,affine_coupon_delta,233,terms,last_strike,-0.05,6,6,28.916861729386255,31.274932616907993,0.9878713194088222,13.53521470146047,15.652318784074271,-3.804397282501063,0.0,0.16666666666666666,0.3333333333333333,6,1.0
reference,published_monthly_6,affine_coupon_delta,233,terms,last_strike,-0.025,6,6,26.294956425722376,28.05009966642652,0.9907146874404287,6.350036905043656,7.849411442266708,-1.182491978837384,0.16666666666666666,0.6666666666666666,0.6666666666666666,6,1.0
reference,published_monthly_6,affine_coupon_delta,233,terms,last_strike,-0.01,6,6,25.089076713865627,27.119404052350745,0.9914410928551939,2.656317879342371,3.3093997660527275,0.023387733019060164,0.16666666666666666,0.8333333333333334,1.0,6,1.0
reference,published_monthly_6,affine_coupon_delta,233,terms,last_strike,-0.005,6,6,25.307288481440384,27.58716343949662,0.9911798697891139,1.1388609082334573,1.5205554291226437,-0.19482403455509098,0.6666666666666666,1.0,1.0,6,1.0
reference,published_monthly_6,affine_coupon_delta,233,terms,last_strike,0.005,6,6,25.041818525952596,28.034874937649807,0.9909743355146903,1.513238056666321,1.7912229766838923,0.07064592093229265,0.3333333333333333,1.0,1.0,6,1.0
reference,published_monthly_6,affine_coupon_delta,233,terms,last_strike,0.01,6,6,24.657638489683148,28.158832810434518,0.9909200748048838,2.6970188158253827,3.457846073917526,0.45482595720224966,0.3333333333333333,0.6666666666666666,1.0,6,1.0
reference,published_monthly_6,affine_coupon_delta,233,terms,last_strike,0.025,6,6,24.21728592810935,29.58450153361494,0.9899823313176278,6.414198932962286,9.298002584033581,0.8951785187754352,0.3333333333333333,0.6666666666666666,0.6666666666666666,6,1.0
reference,published_monthly_6,affine_coupon_delta,233,terms,last_strike,0.05,6,6,30.195859300903066,36.39195911489261,0.9844022194343892,17.68105692250861,21.592275327187856,0.09046112249295153,0.0,0.16666666666666666,0.16666666666666666,6,1.0
reference,published_monthly_6,affine_coupon_delta,233,terms,monthly_barrier,-0.05,6,6,19.67721262356857,24.972022214405932,0.9928077860077161,8.423924446105957,8.796475837425955,5.765557289123535,0.0,0.0,0.8333333333333334,0,
reference,published_monthly_6,affine_coupon_delta,233,terms,monthly_barrier,-0.025,6,6,22.136404533249333,25.89525765983525,0.9922661517069865,4.269083340962728,4.456559173223034,2.976059913635254,0.0,0.8333333333333334,1.0,0,
reference,published_monthly_6,affine_coupon_delta,233,terms,monthly_barrier,-0.01,6,6,23.901000041824773,26.853608116209475,0.9916831193535431,1.7200907071431477,1.7956165602595917,1.2114644050598145,0.0,1.0,1.0,0,
reference,published_monthly_6,affine_coupon_delta,233,terms,monthly_barrier,-0.005,6,6,24.503205636205468,27.235844725131464,0.991444667862101,0.8621811866760254,0.9000162874613192,0.6092588106791178,0.8333333333333334,1.0,1.0,0,
reference,published_monthly_6,affine_coupon_delta,233,terms,monthly_barrier,0.005,6,6,25.728776473862126,28.08985946005803,0.9908997293649355,0.8662541707356771,0.9043877654197965,-0.6163120269775391,0.8333333333333334,1.0,1.0,0,
reference,published_monthly_6,affine_coupon_delta,233,terms,monthly_barrier,0.01,6,6,26.35184369391421,28.559437358268266,0.9905929279583079,1.736283302307129,1.8127935571711,-1.2393792470296223,0.0,1.0,1.0,0,
reference,published_monthly_6,affine_coupon_delta,233,terms,monthly_barrier,0.025,6,6,28.25919232672671,30.12449518601845,0.9895336625899395,4.367629686991374,4.5610848604646765,-3.1467278798421225,0.0,0.8333333333333334,1.0,0,
reference,published_monthly_6,affine_coupon_delta,233,terms,monthly_barrier,0.05,6,6,31.560296236537095,33.190940600620046,0.9872944258348277,8.818109830220541,9.214226244261493,-6.447831789652507,0.0,0.0,0.8333333333333334,0,
reference,published_monthly_6,affine_coupon_delta,47,schedule,nobs_early,1.0,6,6,64.24101358041571,75.85017730521385,0.9390353255868855,67.93180696459281,77.35255018711365,-30.053897065420944,0.0,0.0,0.0,4,0.75
reference,published_monthly_6,affine_coupon_delta,47,schedule,nobs_late,1.0,6,6,579.4537874945548,590.962801927865,-5.085521608880767,592.7700269915578,606.2890500501519,-592.7700269915578,0.0,0.0,0.0,6,0.5
reference,published_monthly_6,affine_coupon_delta,47,schedule,nobs_middle,1.0,6,6,602.5172895049269,609.2803436070778,-4.433862100209568,615.8335290019297,623.2304922248355,-615.8335290019297,0.0,0.0,0.0,6,0.5
reference,published_monthly_6,affine_coupon_delta,47,schedule,tenor_months,-12.0,6,6,823.9625893903691,846.7009908402094,-17.817843835358037,810.6463498933655,831.8567609262252,810.6463498933655,0.0,0.0,0.0,5,0.6
reference,published_monthly_6,affine_coupon_delta,47,schedule,tenor_months,-6.0,6,6,441.5416064169258,456.65219618099223,-2.4167532197720507,428.22536691992235,443.0018880956998,428.22536691992235,0.0,0.0,0.0,5,0.6
reference,published_monthly_6,affine_coupon_delta,47,schedule,tenor_months,-3.0,6,6,91.95019359834957,99.01550475465454,0.867568659363314,78.63395410134561,82.28698809431138,78.63395410134561,0.0,0.0,0.0,4,0.75
reference,published_monthly_6,affine_coupon_delta,47,schedule,tenor_months,-1.0,6,6,59.21739576011896,65.2427008716669,0.9487501441598541,45.9011562631155,47.71090298954073,45.9011562631155,0.0,0.0,0.0,3,1.0
reference,published_monthly_6,affine_coupon_delta,47,schedule,tenor_months,1.0,6,6,41.08467052721729,47.596230108986866,0.9756288863689844,54.40091002422074,56.84683217527153,-54.40091002422074,0.0,0.0,0.0,3,1.0
reference,published_monthly_6,affine_coupon_delta,47,schedule,tenor_months,3.0,6,6,139.7822331521244,146.97537816433703,0.7850875031284338,153.09847264912807,159.00524457936237,-153.09847264912807,0.0,0.0,0.0,6,0.6666666666666666
reference,published_monthly_6,affine_coupon_delta,47,schedule,tenor_months,6.0,6,6,267.6679175722723,278.9410286900973,0.3081923621793238,280.9841570692758,291.2994894452066,-280.9841570692758,0.0,0.0,0.0,4,0.75
reference,published_monthly_6,affine_coupon_delta,47,schedule,tenor_months,12.0,6,6,471.8435093555593,486.4615027412836,-0.749865796361546,485.1597488525634,499.1029435433902,-485.1597488525634,0.0,0.0,0.0,5,0.8
reference,published_monthly_6,affine_coupon_delta,47,terms,coupon_regular,-0.01,6,6,14.358328905059958,16.477248220334804,0.9967431366107854,5.385324810942014,6.933844840006545,-5.385324810942014,0.16666666666666666,0.5,0.8333333333333334,6,1.0
reference,published_monthly_6,affine_coupon_delta,47,terms,coupon_regular,-0.005,6,6,16.533589862804547,18.89227698797273,0.995800973652229,2.692775807446902,3.4671591569448292,-2.692775807446902,0.3333333333333333,0.8333333333333334,1.0,6,1.0
reference,published_monthly_6,affine_coupon_delta,47,terms,coupon_regular,-0.0025,6,6,17.6215289728713,20.215070205872614,0.9952396472951369,1.3463618374533126,1.733656071420197,-1.3463618374533126,0.5,1.0,1.0,6,1.0
reference,published_monthly_6,affine_coupon_delta,47,terms,coupon_regular,-0.001,6,6,18.27417842184938,21.037314930150856,0.9948752303493102,0.5386840883228515,0.6936425124070777,-0.5386840883228515,0.8333333333333334,1.0,1.0,6,1.0
reference,published_monthly_6,affine_coupon_delta,47,terms,coupon_regular,0.001,6,6,19.144416562074184,22.16229920587151,0.9943579093519656,0.5384111437532635,0.6931419188775378,0.5384111437532635,0.8333333333333334,1.0,1.0,6,1.0
reference,published_monthly_6,affine_coupon_delta,47,terms,coupon_regular,0.0025,6,6,19.796965262646456,23.02464941594542,0.9939470363445847,1.3460750513606594,1.733235903684827,1.3460750513606594,0.5,1.0,1.0,6,1.0
reference,published_monthly_6,affine_coupon_delta,47,terms,coupon_regular,0.005,6,6,20.884867265510064,24.49285279940748,0.9932197044063753,2.692371143235102,3.466677169327957,2.692371143235102,0.3333333333333333,0.8333333333333334,1.0,6,1.0
reference,published_monthly_6,affine_coupon_delta,47,terms,coupon_regular,0.01,6,6,23.06037170491739,27.521666541616476,0.9916133802890277,5.385042743550407,6.933574629360127,5.385042743550407,0.16666666666666666,0.5,0.8333333333333334,6,1.0
reference,published_monthly_6,affine_coupon_delta,47,terms,first_strike,-0.05,6,6,17.890966870407283,18.930646674654454,0.9943879403245899,7.521642625331879,9.014287915423786,-2.8444198796318614,0.0,0.3333333333333333,0.6666666666666666,6,1.0
reference,published_monthly_6,affine_coupon_delta,47,terms,first_strike,-0.025,6,6,18.65812374330623,20.310108300500165,0.9945659563445542,3.3894059922960085,4.509341005297731,-0.8956956234243171,0.16666666666666666,0.8333333333333334,1.0,5,1.0
reference,published_monthly_6,affine_coupon_delta,47,terms,first_strike,-0.01,6,6,18.57050712603238,20.738853802430036,0.9947742916514253,1.5863339199374114,1.9592592563251694,-0.3754374022699063,0.5,1.0,1.0,5,1.0
reference,published_monthly_6,affine_coupon_delta,47,terms,first_strike,-0.005,6,6,18.475960047811895,21.111423496595787,0.9947272997779002,0.6546515375375748,0.8894660756954214,-0.4685998248557251,0.8333333333333334,1.0,1.0,5,1.0
reference,published_monthly_6,affine_coupon_delta,47,terms,first_strike,0.005,6,6,18.817393830770925,21.926824363143496,0.9945867724954589,0.5095641844802433,0.6954584205311399,0.07951283703247723,0.8333333333333334,1.0,1.0,6,1.0
reference,published_monthly_6,affine_coupon_delta,47,terms,first_strike,0.01,6,6,19.003207545002926,22.366380922230707,0.9944926806066636,1.0289842329091494,1.4787693924715415,0.1973212319943641,0.6666666666666666,1.0,1.0,6,1.0
reference,published_monthly_6,affine_coupon_delta,47,terms,first_strike,0.025,6,6,19.1285478434426,23.09155382094098,0.9944618273946599,2.952207988541987,3.7605240801385027,-0.42133524289561625,0.16666666666666666,0.8333333333333334,1.0,6,1.0
reference,published_monthly_6,affine_coupon_delta,47,terms,first_strike,0.05,6,6,18.348930168793533,23.321239551042666,0.9947844822140853,7.001123199653293,7.448961422716144,-3.5909368708315816,0.0,0.3333333333333333,0.8333333333333334,6,0.8333333333333334
reference,published_monthly_6,affine_coupon_delta,47,terms,ki_barrier,-0.05,1,1,7.6588115195427235,7.6588115195427235,,7.73939104378222,7.73939104378222,-7.73939104378222,0.0,0.0,1.0,1,1.0
reference,published_monthly_6,affine_coupon_delta,47,terms,ki_barrier,-0.025,1,1,12.632873329022914,12.632873329022914,,2.765329234302044,2.765329234302044,-2.765329234302044,0.0,1.0,1.0,1,1.0
reference,published_monthly_6,affine_coupon_delta,47,terms,ki_barrier,-0.01,1,1,15.050570035973578,15.050570035973578,,0.3476325273513794,0.3476325273513794,-0.3476325273513794,1.0,1.0,1.0,1,1.0
reference,published_monthly_6,affine_coupon_delta,47,terms,ki_barrier,-0.005,1,1,15.335652242103606,15.335652242103606,,0.06255032122135162,0.06255032122135162,-0.06255032122135162,1.0,1.0,1.0,1,1.0
reference,published_monthly_6,affine_coupon_delta,47,terms,ki_barrier,0.005,1,1,15.488815051814527,15.488815051814527,,0.09061248848835657,0.09061248848835657,0.09061248848835657,1.0,1.0,1.0,1,1.0
reference,published_monthly_6,affine_coupon_delta,47,terms,ki_barrier,0.01,1,1,15.755518918234884,15.755518918234884,,0.35731635491053204,0.35731635491053204,0.35731635491053204,1.0,1.0,1.0,1,1.0
reference,published_monthly_6,affine_coupon_delta,47,terms,ki_barrier,0.025,1,1,14.449098626771956,14.449098626771956,,0.9491039365530014,0.9491039365530014,-0.9491039365530014,1.0,1.0,1.0,1,1.0
reference,published_monthly_6,affine_coupon_delta,47,terms,ki_barrier,0.05,1,1,8.550341787436992,8.550341787436992,,6.847860775887966,6.847860775887966,-6.847860775887966,0.0,0.0,1.0,1,1.0
reference,published_monthly_6,affine_coupon_delta,47,terms,last_strike,-0.05,6,6,15.76089251382867,19.112611102344918,0.9954703896983779,8.306897333098783,10.859313413883294,2.444653016825516,0.0,0.3333333333333333,0.8333333333333334,6,1.0
reference,published_monthly_6,affine_coupon_delta,47,terms,last_strike,-0.025,6,6,16.738839679811463,20.120959425186495,0.9952222317445507,2.8255733458532215,4.080526407262752,1.115465759403176,0.16666666666666666,0.8333333333333334,1.0,6,1.0
reference,published_monthly_6,affine_coupon_delta,47,terms,last_strike,-0.01,6,6,18.280353849236537,21.394876783018994,0.9946730623854279,1.0523853364090126,1.560911986215687,0.757617615577247,0.8333333333333334,1.0,1.0,6,1.0
reference,published_monthly_6,affine_coupon_delta,47,terms,last_strike,-0.005,6,6,18.44616800308601,21.4430263737545,0.9946711553398084,0.4481008255647288,0.5957736139773356,0.14273693702287127,0.8333333333333334,1.0,1.0,6,1.0
reference,published_monthly_6,affine_coupon_delta,47,terms,last_strike,0.005,6,6,19.175054885136586,22.104805422696963,0.9943888053829143,0.9531534951594146,1.1437807074210686,-0.20989327381054582,0.5,1.0,1.0,6,1.0
reference,published_monthly_6,affine_coupon_delta,47,terms,last_strike,0.01,6,6,19.463317616220895,22.418355711898876,0.9942447991611374,1.3141910570363202,1.5246858449671696,-0.050820112642314154,0.3333333333333333,1.0,1.0,6,1.0
reference,published_monthly_6,affine_coupon_delta,47,terms,last_strike,0.025,6,6,19.6411515665759,22.134097152909398,0.9943925969288012,2.8009746716254287,3.0116423748657923,0.025050046129357757,0.0,1.0,1.0,6,1.0
reference,published_monthly_6,affine_coupon_delta,47,terms,last_strike,0.05,6,6,17.918411978934273,21.028157847770952,0.9947921988733267,8.00245470388068,9.341506211591332,-0.4769750957687678,0.16666666666666666,0.3333333333333333,0.6666666666666666,6,1.0
reference,published_monthly_6,affine_coupon_delta,47,terms,monthly_barrier,-0.05,6,6,18.924693350680474,22.37448178143616,0.9942262078445169,2.7339657147725425,3.0292723115715177,0.6625056266784668,0.0,0.8333333333333334,1.0,0,
reference,published_monthly_6,affine_coupon_delta,47,terms,monthly_barrier,-0.025,6,6,18.739024882205133,21.86178403233318,0.9944877821285383,1.3450781504313152,1.4976408431613102,0.24358431498209634,0.3333333333333333,1.0,1.0,0,
reference,published_monthly_6,affine_coupon_delta,47,terms,monthly_barrier,-0.01,6,6,18.70187132029514,21.671578610431286,0.9945832814492844,0.5318721135457357,0.5952112983018691,0.0756978988647461,0.8333333333333334,1.0,1.0,0,
reference,published_monthly_6,affine_coupon_delta,47,terms,monthly_barrier,-0.005,6,6,18.70256670781752,21.628924016912926,0.9946045831324437,0.26494264602661133,0.29714664050983425,0.03427267074584961,1.0,1.0,1.0,0,
reference,published_monthly_6,affine_coupon_delta,47,terms,monthly_barrier,0.005,6,6,18.722732945966527,21.57399541534129,0.9946319526292623,0.2626578013102214,0.2958502626973363,-0.027020772298177082,1.0,1.0,1.0,0,
reference,published_monthly_6,affine_coupon_delta,47,terms,monthly_barrier,0.01,6,6,18.742601160891656,21.562039521282,0.9946379007182301,0.5229314168294271,0.5907321492297962,-0.04649162292480469,0.8333333333333334,1.0,1.0,0,
reference,published_monthly_6,affine_coupon_delta,47,terms,monthly_barrier,0.025,6,6,18.84214091766656,21.5893813406197,0.994624293238839,1.2878576914469402,1.4687366198376468,-0.05940596262613932,0.5,1.0,1.0,0,
reference,published_monthly_6,affine_coupon_delta,47,terms,monthly_barrier,0.05,6,6,19.209837925206557,21.84597730185178,0.9944957502470831,2.5046865145365396,2.9161501338825238,0.07361173629760742,0.0,0.8333333333333334,1.0,0,
reference,published_monthly_6,affine_coupon_delta,ensemble,schedule,nobs_early,1.0,6,6,173.92417899260485,183.8507944046972,0.6418243319022316,179.39561939487893,187.97418068277673,-179.39561939487893,0.0,0.0,0.0,4,0.75
reference,published_monthly_6,affine_coupon_delta,ensemble,schedule,nobs_late,1.0,6,6,622.0649162486407,630.6885080759944,-5.931182817380841,627.5363566509141,637.7522803819814,-627.5363566509141,0.0,0.0,0.0,6,0.5
reference,published_monthly_6,affine_coupon_delta,ensemble,schedule,nobs_middle,1.0,6,6,633.1127510324337,635.9956651881622,-4.920829968073787,638.5841914347067,642.3090374042475,-638.5841914347067,0.0,0.0,0.0,6,0.5
reference,published_monthly_6,affine_coupon_delta,ensemble,schedule,tenor_months,-12.0,6,6,637.2599803281743,655.4195408355217,-10.275829358673821,631.7885399259003,647.9969491332807,631.7885399259003,0.0,0.0,0.0,5,0.6
reference,published_monthly_6,affine_coupon_delta,ensemble,schedule,tenor_months,-6.0,6,6,348.14394271766986,355.41157798987797,-1.0696916801072947,342.672502315396,348.9724146666793,342.672502315396,0.0,0.0,0.0,5,0.6
reference,published_monthly_6,affine_coupon_delta,ensemble,schedule,tenor_months,-3.0,6,6,115.94603017417587,120.94560571071632,0.8024101862724474,110.47458977190145,113.80196919328945,110.47458977190145,0.0,0.0,0.0,4,0.75
reference,published_monthly_6,affine_coupon_delta,ensemble,schedule,tenor_months,-1.0,6,6,46.4400474006928,50.69546468243535,0.9690566733573234,40.968606998419105,42.1695108969585,40.968606998419105,0.0,0.0,0.0,3,1.0
reference,published_monthly_6,affine_coupon_delta,ensemble,schedule,tenor_months,1.0,6,6,46.99450417038861,49.329974104271656,0.9738210611563953,52.4659445726625,53.62798044411184,-52.4659445726625,0.0,0.0,0.0,3,1.0
reference,published_monthly_6,affine_coupon_delta,ensemble,schedule,tenor_months,3.0,6,6,144.91495468219122,147.77467275806552,0.7827436345252005,150.38639508446514,153.68364456021467,-150.38639508446514,0.0,0.0,0.0,6,0.6666666666666666
reference,published_monthly_6,affine_coupon_delta,ensemble,schedule,tenor_months,6.0,6,6,278.20774068052134,283.1403385574035,0.2872059756529529,283.67918108279525,289.17672105237983,-283.67918108279525,0.0,0.0,0.0,4,0.75
reference,published_monthly_6,affine_coupon_delta,ensemble,schedule,tenor_months,12.0,6,6,504.6212956104425,511.74251575853157,-0.9364700650768694,510.0927360127168,517.8573645170121,-510.0927360127168,0.0,0.0,0.0,5,0.8
reference,published_monthly_6,affine_coupon_delta,ensemble,terms,coupon_regular,-0.01,6,6,8.966463659889692,10.86326599708829,0.9985843659455063,5.601697125368834,6.566547431746103,-5.376218545768428,0.16666666666666666,0.5,0.8333333333333334,6,1.0
reference,published_monthly_6,affine_coupon_delta,ensemble,terms,coupon_regular,-0.005,6,6,9.430597508636916,12.884736782320461,0.9980468702603605,2.8009516480902987,3.2835285167751294,-2.6882723453978854,0.16666666666666666,0.8333333333333334,1.0,6,1.0
reference,published_monthly_6,affine_coupon_delta,ensemble,terms,coupon_regular,-0.0025,6,6,10.26207536593453,14.075064328400435,0.997692246593731,1.4005186309420796,1.6417215607749445,-1.3440769927372926,0.5,1.0,1.0,6,1.0
reference,published_monthly_6,affine_coupon_delta,ensemble,terms,coupon_regular,-0.001,6,6,10.989298737400532,14.83069959249831,0.9974530700020853,0.5601807783054144,0.6567502616991399,-0.5377237912685686,0.8333333333333334,1.0,1.0,6,1.0
reference,published_monthly_6,affine_coupon_delta,ensemble,terms,coupon_regular,0.001,6,6,12.109710817224368,15.877451221748139,0.9971041770470968,0.5602313015189887,0.6566630838047042,0.5376164151558882,0.8333333333333334,1.0,1.0,6,1.0
reference,published_monthly_6,affine_coupon_delta,ensemble,terms,coupon_regular,0.0025,6,6,12.949947921456442,16.687284003366813,0.9968205402709447,1.4004684057496917,1.6416552227620869,1.3439557751013613,0.5,1.0,1.0,6,1.0
reference,published_monthly_6,affine_coupon_delta,ensemble,terms,coupon_regular,0.005,6,6,14.35050939985831,18.075568309544725,0.9963072168592731,2.8010298841524475,3.283343383403999,2.6880663633344106,0.16666666666666666,0.8333333333333334,1.0,6,1.0
reference,published_monthly_6,affine_coupon_delta,ensemble,terms,coupon_regular,0.01,6,6,17.15136590403411,20.962282692833757,0.9951346438081439,5.601886388327844,6.56666209717937,5.37626761529156,0.16666666666666666,0.5,0.8333333333333334,6,1.0
reference,published_monthly_6,affine_coupon_delta,ensemble,terms,first_strike,-0.05,6,6,12.81940306071101,13.75528876074675,0.9970370057786442,6.355639686600784,7.354511821978423,-0.036709973796038874,0.16666666666666666,0.3333333333333333,0.8333333333333334,6,0.8333333333333334
reference,published_monthly_6,affine_coupon_delta,ensemble,terms,first_strike,-0.025,6,6,12.41078092540647,14.609856402360073,0.9971881604232217,3.4889136449331626,3.578110132539046,1.1075171464015654,0.0,1.0,1.0,5,1.0
reference,published_monthly_6,affine_coupon_delta,ensemble,terms,first_strike,-0.01,6,6,11.545818438857168,14.676290216489889,0.9973829727196856,1.3509989933419977,1.4986359548842172,0.5550242163653599,0.3333333333333333,1.0,1.0,5,1.0
reference,published_monthly_6,affine_coupon_delta,ensemble,terms,first_strike,-0.005,6,6,11.383603365988469,15.076162195018766,0.9973110690687939,0.3493355032471726,0.4225063202430035,0.01601905085961917,1.0,1.0,1.0,5,1.0
reference,published_monthly_6,affine_coupon_delta,ensemble,terms,first_strike,0.005,6,6,11.543441664531807,15.50183851752713,0.997294352460067,0.6995374328559066,0.800559677612142,-0.43987541480184494,0.8333333333333334,1.0,1.0,6,0.8333333333333334
reference,published_monthly_6,affine_coupon_delta,ensemble,terms,first_strike,0.01,6,6,11.573058095760643,15.78631732501,0.9972564651168373,1.4078048641483605,1.561130307401611,-0.8720523226591658,0.16666666666666666,1.0,1.0,6,0.8333333333333334
reference,published_monthly_6,affine_coupon_delta,ensemble,terms,first_strike,0.025,6,6,12.30400321746462,16.541131384918803,0.9971582190755193,3.7945709781101598,4.580635375888333,-3.280768734920356,0.3333333333333333,0.8333333333333334,1.0,6,0.8333333333333334
reference,published_monthly_6,affine_coupon_delta,ensemble,terms,first_strike,0.05,6,6,14.659463702287212,19.007496519689024,0.9965354725223738,9.654318701683003,11.225652724211242,-9.654318701683003,0.0,0.3333333333333333,0.5,6,0.8333333333333334
reference,published_monthly_6,affine_coupon_delta,ensemble,terms,ki_barrier,-0.05,1,1,2.1028398374728567,2.1028398374728567,,2.5182228436076173,2.5182228436076173,-2.5182228436076173,0.0,1.0,1.0,1,1.0
reference,published_monthly_6,affine_coupon_delta,ensemble,terms,ki_barrier,-0.025,1,1,0.24146504451709916,0.24146504451709916,,0.1739179616176827,0.1739179616176827,-0.1739179616176827,1.0,1.0,1.0,1,1.0
reference,published_monthly_6,affine_coupon_delta,ensemble,terms,ki_barrier,-0.01,1,1,1.0961292833089828,1.0961292833089828,,0.6807462771737303,0.6807462771737303,0.6807462771737303,1.0,1.0,1.0,1,1.0
reference,published_monthly_6,affine_coupon_delta,ensemble,terms,ki_barrier,-0.005,1,1,0.8654326299820241,0.8654326299820241,,0.45004962384700775,0.45004962384700775,0.45004962384700775,1.0,1.0,1.0,1,1.0
reference,published_monthly_6,affine_coupon_delta,ensemble,terms,ki_barrier,0.005,1,1,0.0026308074593544006,0.0026308074593544006,,0.41801381359534684,0.41801381359534684,-0.41801381359534684,1.0,1.0,1.0,1,1.0
reference,published_monthly_6,affine_coupon_delta,ensemble,terms,ki_barrier,0.01,1,1,0.23998355368894408,0.23998355368894408,,0.6553665598233547,0.6553665598233547,-0.6553665598233547,1.0,1.0,1.0,1,1.0
reference,published_monthly_6,affine_coupon_delta,ensemble,terms,ki_barrier,0.025,1,1,3.026983221372575,3.026983221372575,,3.4423662275075912,3.4423662275075912,-3.4423662275075912,0.0,1.0,1.0,1,1.0
reference,published_monthly_6,affine_coupon_delta,ensemble,terms,ki_barrier,0.05,1,1,11.253102757036686,11.253102757036686,,11.668485763171944,11.668485763171944,-11.668485763171944,0.0,0.0,0.0,1,1.0
reference,published_monthly_6,affine_coupon_delta,ensemble,terms,last_strike,-0.05,6,6,9.581872415314743,13.587304624775163,0.9977107805964444,8.275007417632102,9.644674139653286,1.8535405091111035,0.0,0.3333333333333333,0.8333333333333334,6,1.0
reference,published_monthly_6,affine_coupon_delta,ensemble,terms,last_strike,-0.025,6,6,10.832963293729335,13.925709908502965,0.9977114394993528,3.3922952140373486,4.460374352034348,1.0225156272446128,0.16666666666666666,0.8333333333333334,1.0,6,1.0
reference,published_monthly_6,affine_coupon_delta,ensemble,terms,last_strike,-0.01,6,6,11.388529324386582,14.988602345150515,0.9973855502034761,1.7861847409769078,2.044902235011654,0.7511935594176279,0.3333333333333333,1.0,1.0,6,1.0
reference,published_monthly_6,affine_coupon_delta,ensemble,terms,last_strike,-0.005,6,6,11.303213600586483,15.1978112681923,0.997323156415413,0.7533913854925363,0.8484383322878694,0.1432336423958145,0.6666666666666666,1.0,1.0,6,1.0
reference,published_monthly_6,affine_coupon_delta,ensemble,terms,last_strike,0.005,6,6,12.465433260321637,16.043961461985138,0.9970439950335783,1.0544147466613023,1.2526176500549326,-0.21539014660693026,0.5,1.0,1.0,6,1.0
reference,published_monthly_6,affine_coupon_delta,ensemble,terms,last_strike,0.01,6,6,13.226120382650151,16.482409561547193,0.9968890403728344,1.8151018689900866,2.004017700682122,-0.06515834108001117,0.16666666666666666,1.0,1.0,6,1.0
reference,published_monthly_6,affine_coupon_delta,ensemble,terms,last_strike,0.025,6,6,15.19330197003516,17.196705419229946,0.9966152339590091,3.873626481741233,5.160562005164281,-0.015315543860629907,0.16666666666666666,0.6666666666666666,1.0,6,1.0
reference,published_monthly_6,affine_coupon_delta,ensemble,terms,last_strike,0.05,6,6,17.658131813112657,20.049381556366193,0.9952657204754788,10.0986005754932,12.900941413600654,-0.4545571265951616,0.0,0.3333333333333333,0.6666666666666666,6,1.0
reference,published_monthly_6,affine_coupon_delta,ensemble,terms,monthly_barrier,-0.05,6,6,14.822854607987514,18.11432271242522,0.9962155795853567,4.87916999393027,5.196215083727192,2.6585658391316733,0.0,0.5,1.0,0,
reference,published_monthly_6,affine_coupon_delta,ensemble,terms,monthly_barrier,-0.025,6,6,13.122632115768587,16.596285100821547,0.9968232945433986,2.4512410163877543,2.6127809066271417,1.3396143913267193,0.16666666666666666,1.0,1.0,0,
reference,published_monthly_6,affine_coupon_delta,ensemble,terms,monthly_barrier,-0.01,6,6,12.096571269651273,15.809519267608879,0.9971173460933375,0.9825163417387373,1.0478832235080866,0.5376670095650719,0.5,1.0,1.0,0,
reference,published_monthly_6,affine_coupon_delta,ensemble,terms,monthly_barrier,-0.005,6,6,11.75394390326801,15.572383306047547,0.9972031746609656,0.49167209201376555,0.5244617803154501,0.26921431223551434,1.0,1.0,1.0,0,
reference,published_monthly_6,affine_coupon_delta,ensemble,terms,monthly_barrier,0.005,6,6,11.429045019568244,15.140204896612678,0.9973562603731535,0.4921687973868938,0.5252385174582364,-0.2697110176086426,1.0,1.0,1.0,0,
reference,published_monthly_6,affine_coupon_delta,ensemble,terms,monthly_barrier,0.01,6,6,11.308312500206133,14.946502335687628,0.9974234752176132,0.9849005275308631,1.051301784580881,-0.5399849679739906,0.5,1.0,1.0,0,
reference,published_monthly_6,affine_coupon_delta,ensemble,terms,monthly_barrier,0.025,6,6,11.254306645960545,14.464548779165517,0.9975869575822572,2.464552720388332,2.6325033905787074,-1.3525287310287941,0.16666666666666666,1.0,1.0,0,
reference,published_monthly_6,affine_coupon_delta,ensemble,terms,monthly_barrier,0.05,6,6,11.556336626513863,14.027409404879801,0.9977306048599697,4.932350582546967,5.2748932289476675,-2.710421880086448,0.0,0.5,1.0,0,
reference,published_monthly_6,augmented_delta,101,schedule,nobs_early,1.0,6,6,88.17124680233094,109.81893671540638,0.8722033330781019,79.55760237491793,94.7868217234806,-31.630737942953914,0.0,0.0,0.16666666666666666,4,0.25
reference,published_monthly_6,augmented_delta,101,schedule,nobs_late,1.0,6,6,638.3206261087007,658.286686215175,-6.551055491631709,600.4804838397023,618.3355577319089,-600.4804838397023,0.0,0.0,0.0,6,0.5
reference,published_monthly_6,augmented_delta,101,schedule,nobs_middle,1.0,6,6,590.4923504447157,600.093987271638,-4.271240469339879,552.6522081757172,558.9404108709655,-552.6522081757172,0.0,0.0,0.0,6,0.5
reference,published_monthly_6,augmented_delta,101,schedule,tenor_months,-12.0,6,6,945.5765289935389,977.2554715531073,-24.06836130531247,983.4166712625366,1020.1259538006731,983.4166712625366,0.0,0.0,0.0,5,0.6
reference,published_monthly_6,augmented_delta,101,schedule,tenor_months,-6.0,6,6,574.0961772507677,595.2220907020018,-4.804978198302853,611.9363195197657,638.2738493773275,611.9363195197657,0.0,0.0,0.0,5,0.6
reference,published_monthly_6,augmented_delta,101,schedule,tenor_months,-3.0,6,6,324.3059869155086,342.9231842023502,-0.588466497414522,362.14612918450604,383.44504406997794,362.14612918450604,0.0,0.0,0.0,4,0.75
reference,published_monthly_6,augmented_delta,101,schedule,tenor_months,-1.0,6,6,27.56170518034014,33.571829202921855,0.986430032881205,45.88903665201118,53.34791243723133,45.88903665201118,0.0,0.0,0.0,3,1.0
reference,published_monthly_6,augmented_delta,101,schedule,tenor_months,1.0,6,6,107.13724643333505,115.54914518360977,0.8563638560515168,69.29710416433711,71.02986843707413,-69.29710416433711,0.0,0.0,0.0,3,1.0
reference,published_monthly_6,augmented_delta,101,schedule,tenor_months,3.0,6,6,238.3384139471582,248.72414409233636,0.38452787634597185,200.49827167816045,205.64257450266606,-200.49827167816045,0.0,0.0,0.0,6,0.6666666666666666
reference,published_monthly_6,augmented_delta,101,schedule,tenor_months,6.0,6,6,423.7469515828416,435.87327971364937,-0.6891999067922039,385.90680931384367,393.57071220834314,-385.90680931384367,0.0,0.0,0.0,4,0.75
reference,published_monthly_6,augmented_delta,101,schedule,tenor_months,12.0,6,6,731.9701994253937,745.3390988935214,-3.107859642318248,694.1300571563964,703.955336259512,-694.1300571563964,0.0,0.0,0.0,5,0.8
reference,published_monthly_6,augmented_delta,101,terms,coupon_regular,-0.01,6,6,48.42830461170494,51.70449682835185,0.9679308974749246,4.064834940764641,5.414953431276295,-2.6947711457808814,0.3333333333333333,0.6666666666666666,1.0,6,1.0
reference,published_monthly_6,augmented_delta,101,terms,coupon_regular,-0.005,6,6,47.184500206572615,49.83746587336404,0.9707792140044652,1.9481014559666316,2.5831020225715853,-1.3514726178513616,0.5,1.0,1.0,6,1.0
reference,published_monthly_6,augmented_delta,101,terms,coupon_regular,-0.0025,6,6,46.517744848194525,48.925073361999715,0.9721162233788899,0.9652009589804541,1.271329813853782,-0.6772003587749271,0.6666666666666666,1.0,1.0,6,1.0
reference,published_monthly_6,augmented_delta,101,terms,coupon_regular,-0.001,6,6,46.103894563909,48.38107537514915,0.9728952898688177,0.38461111485958127,0.5055873919300459,-0.27115857435597324,1.0,1.0,1.0,6,1.0
reference,published_monthly_6,augmented_delta,101,terms,coupon_regular,0.001,6,6,45.53597062567436,47.65753148339705,0.97391003367044,0.3825897342628905,0.5030297944819963,0.2717796994580161,1.0,1.0,1.0,6,1.0
reference,published_monthly_6,augmented_delta,101,terms,coupon_regular,0.0025,6,6,45.09744650529016,47.114866964321585,0.9746546698785069,0.9534329937563998,1.2566011357363962,0.6801918281449204,0.6666666666666666,1.0,1.0,6,1.0
reference,published_monthly_6,augmented_delta,101,terms,coupon_regular,0.005,6,6,44.3428476360732,46.20946298544379,0.9758658656584263,1.905111034711202,2.5243002470436906,1.362392836146886,0.3333333333333333,1.0,1.0,6,1.0
reference,published_monthly_6,augmented_delta,101,terms,coupon_regular,0.01,6,6,42.75235786444197,44.40666527208285,0.978165974391812,4.058075626691185,5.180669813512956,2.717734889851677,0.16666666666666666,0.6666666666666666,1.0,6,1.0
reference,published_monthly_6,augmented_delta,101,terms,first_strike,-0.05,6,6,35.30527933925017,37.1605859072918,0.9783749815573638,11.69315298108591,13.08303409327841,11.69315298108591,0.0,0.3333333333333333,0.3333333333333333,6,0.8333333333333334
reference,published_monthly_6,augmented_delta,101,terms,first_strike,-0.025,6,6,40.67518878179726,42.33628724505124,0.9763884671104816,6.280206902159587,6.970123988688558,6.280206902159587,0.0,0.3333333333333333,1.0,5,1.0
reference,published_monthly_6,augmented_delta,101,terms,first_strike,-0.01,6,6,44.06112291632811,45.98202532385392,0.97431072427232,2.475949462710156,2.876830413934421,2.475949462710156,0.3333333333333333,1.0,1.0,5,1.0
reference,published_monthly_6,augmented_delta,101,terms,first_strike,-0.005,6,6,45.27820714883941,47.392898290619414,0.9734279793119897,1.02677967854672,1.179369878332352,0.9551564566791056,0.5,1.0,1.0,5,1.0
reference,published_monthly_6,augmented_delta,101,terms,first_strike,0.005,6,6,46.981437003343366,49.269162638464366,0.9726690223814839,1.3426539873083432,1.5457471088600006,-1.3426539873083432,0.3333333333333333,1.0,1.0,6,1.0
reference,published_monthly_6,augmented_delta,101,terms,first_strike,0.01,6,6,47.99276860958586,50.407730471273645,0.9720267376431623,2.6495952846275435,2.966760211777575,-2.6495952846275435,0.16666666666666666,0.8333333333333334,1.0,6,1.0
reference,published_monthly_6,augmented_delta,101,terms,first_strike,0.025,6,6,51.745302928507954,54.79284794155864,0.9688177161526406,7.602900209733182,8.28425488713745,-7.602900209733182,0.0,0.16666666666666666,0.8333333333333334,6,0.8333333333333334
reference,published_monthly_6,augmented_delta,101,terms,first_strike,0.05,6,6,59.664930257636115,64.57232460471715,0.9600159286795003,18.570478172558875,20.05955384793253,-18.570478172558875,0.0,0.0,0.0,6,0.6666666666666666
reference,published_monthly_6,augmented_delta,101,terms,ki_barrier,-0.05,1,1,23.87544722358325,23.87544722358325,,0.07125349342821607,0.07125349342821607,-0.07125349342821607,1.0,1.0,1.0,1,1.0
reference,published_monthly_6,augmented_delta,101,terms,ki_barrier,-0.025,1,1,25.340583595136195,25.340583595136195,,1.393882878124714,1.393882878124714,1.393882878124714,0.0,1.0,1.0,1,1.0
reference,published_monthly_6,augmented_delta,101,terms,ki_barrier,-0.01,1,1,25.338331724206,25.338331724206,,1.391631007194519,1.391631007194519,1.391631007194519,0.0,1.0,1.0,1,1.0
reference,published_monthly_6,augmented_delta,101,terms,ki_barrier,-0.005,1,1,24.76629913846591,24.76629913846591,,0.8195984214544296,0.8195984214544296,0.8195984214544296,1.0,1.0,1.0,1,1.0
reference,published_monthly_6,augmented_delta,101,terms,ki_barrier,0.005,1,1,23.131322604915113,23.131322604915113,,0.8153781120975809,0.8153781120975809,-0.8153781120975809,1.0,1.0,1.0,1,1.0
reference,published_monthly_6,augmented_delta,101,terms,ki_barrier,0.01,1,1,22.468194012839376,22.468194012839376,,1.4785067041714992,1.4785067041714992,-1.4785067041714992,0.0,1.0,1.0,1,1.0
reference,published_monthly_6,augmented_delta,101,terms,ki_barrier,0.025,1,1,18.23518566290477,18.23518566290477,,5.711515054106712,5.711515054106712,-5.711515054106712,0.0,0.0,1.0,1,1.0
reference,published_monthly_6,augmented_delta,101,terms,ki_barrier,0.05,1,1,7.042344274619609,7.042344274619609,,16.904356442391872,16.904356442391872,-16.904356442391872,0.0,0.0,0.0,1,1.0
reference,published_monthly_6,augmented_delta,101,terms,last_strike,-0.05,6,6,43.065005845390566,46.39527568356757,0.9733087868747562,8.310463636285728,9.801392587619778,2.6511831109722444,0.16666666666666666,0.3333333333333333,0.6666666666666666,6,1.0
reference,published_monthly_6,augmented_delta,101,terms,last_strike,-0.025,6,6,44.358730034592554,46.582083446658174,0.9743925974847009,4.377085537546212,5.741627247579845,1.7355527472164898,0.3333333333333333,0.6666666666666666,0.8333333333333334,6,1.0
reference,published_monthly_6,augmented_delta,101,terms,last_strike,-0.01,6,6,44.9141999097125,47.006045053158466,0.9742862476810565,2.3008080468409595,2.6153631136138413,1.103225214199887,0.16666666666666666,1.0,1.0,6,1.0
reference,published_monthly_6,augmented_delta,101,terms,last_strike,-0.005,6,6,45.43892552651899,47.62472726143404,0.9737139152344088,0.9896435940431223,1.2184194293671182,0.3295974983937209,0.5,1.0,1.0,6,1.0
reference,published_monthly_6,augmented_delta,101,terms,last_strike,0.005,6,6,45.93347130539951,48.24325470530895,0.9732726969317023,1.077509831223223,1.2769363075474522,-0.420794375240803,0.5,1.0,1.0,6,1.0
reference,published_monthly_6,augmented_delta,101,terms,last_strike,0.01,6,6,45.8306669521459,48.30334981029247,0.973281783056418,1.7425833034018676,2.2353986635849035,-0.4938813054727178,0.5,1.0,1.0,6,1.0
reference,published_monthly_6,augmented_delta,101,terms,last_strike,0.025,6,6,45.75156856442087,49.23169601423773,0.972258640136849,5.138727501448659,7.066420726740896,-1.2048917988108279,0.3333333333333333,0.6666666666666666,0.6666666666666666,6,1.0
reference,published_monthly_6,augmented_delta,101,terms,last_strike,0.05,6,6,45.73540872159507,53.76576348007147,0.965954198017126,14.096365252302753,18.174373422636815,-3.1120964412887875,0.0,0.3333333333333333,0.6666666666666666,6,1.0
reference,published_monthly_6,augmented_delta,101,terms,monthly_barrier,-0.05,6,6,41.859859056667425,43.93642320222813,0.9777359292730626,3.9625167846679688,4.249441546309225,3.696282704671224,0.16666666666666666,1.0,1.0,0,
reference,published_monthly_6,augmented_delta,101,terms,monthly_barrier,-0.025,6,6,43.86128368715041,45.99218842306718,0.9756037359529204,1.9610921541849773,2.1115783800056303,1.831352710723877,0.16666666666666666,1.0,1.0,0,
reference,published_monthly_6,augmented_delta,101,terms,monthly_barrier,-0.01,6,6,45.042747087673284,47.21194023872274,0.9742925575129839,0.7796287536621094,0.8419457257209019,0.7285674413045248,0.6666666666666666,1.0,1.0,0,
reference,published_monthly_6,augmented_delta,101,terms,monthly_barrier,-0.005,6,6,45.43315751095209,47.616003542012045,0.9738506402990088,0.3892183303833008,0.4207239355868843,0.3637870152791341,1.0,1.0,1.0,0,
reference,published_monthly_6,augmented_delta,101,terms,monthly_barrier,0.005,6,6,46.21020339667393,48.42149566512227,0.9729584503716002,0.3878275553385417,0.42015440515578845,-0.3625949223836263,1.0,1.0,1.0,0,
reference,published_monthly_6,augmented_delta,101,terms,monthly_barrier,0.01,6,6,46.596044130519964,48.82225789240851,0.9725089773070003,0.7736682891845703,0.8392850429185059,-0.7236003875732422,0.6666666666666666,1.0,1.0,0,
reference,published_monthly_6,augmented_delta,101,terms,monthly_barrier,0.025,6,6,47.74452629426711,50.01805209588154,0.9711458208091152,1.922150452931722,2.093583670450493,-1.7993648846944172,0.16666666666666666,1.0,1.0,0,
reference,published_monthly_6,augmented_delta,101,terms,monthly_barrier,0.05,6,6,49.626443611975446,51.98800382732394,0.9688282302327289,3.804067770640055,4.17561087346066,-3.567636013031006,0.16666666666666666,0.6666666666666666,1.0,0,
reference,published_monthly_6,augmented_delta,233,schedule,nobs_early,1.0,6,6,108.30340562419315,114.885515910826,0.8601393263188842,107.81828896452983,113.78369313187446,-107.81828896452983,0.0,0.0,0.0,4,0.75
reference,published_monthly_6,augmented_delta,233,schedule,nobs_late,1.0,6,6,666.7413128305025,684.6372659901957,-7.167677630982224,666.2561961708383,683.6104425164066,-666.2561961708383,0.0,0.0,0.0,6,0.5
reference,published_monthly_6,augmented_delta,233,schedule,nobs_middle,1.0,6,6,646.2490186944818,654.1257068811752,-5.263206233790965,645.7639020348175,652.5871323350837,-645.7639020348175,0.0,0.0,0.0,6,0.5
reference,published_monthly_6,augmented_delta,233,schedule,tenor_months,-12.0,6,6,742.5593339277226,769.4624148950883,-14.54119989354008,743.0444505873861,772.4439463686988,743.0444505873861,0.0,0.0,0.0,5,0.6
reference,published_monthly_6,augmented_delta,233,schedule,tenor_months,-6.0,6,6,491.7477908041328,516.5234133694207,-3.371420008256183,492.23290746379644,518.9627748829884,492.23290746379644,0.0,0.0,0.0,5,0.6
reference,published_monthly_6,augmented_delta,233,schedule,tenor_months,-3.0,6,6,226.42741159049638,243.4402520926206,0.19948561171270918,226.91252825015945,244.85969683297034,226.91252825015945,0.0,0.0,0.0,4,0.75
reference,published_monthly_6,augmented_delta,233,schedule,tenor_months,-1.0,6,6,30.220133441189926,36.957050363661885,0.9835553971666151,30.705250100853544,35.85701755072167,30.705250100853544,0.0,0.0,0.16666666666666666,3,1.0
reference,published_monthly_6,augmented_delta,233,schedule,tenor_months,1.0,6,6,60.42836457832406,66.1287270625304,0.9529553123550002,59.94324791866044,61.40192591123498,-59.94324791866044,0.0,0.0,0.0,3,1.0
reference,published_monthly_6,augmented_delta,233,schedule,tenor_months,3.0,6,6,172.5935966902307,178.625326267365,0.6825622535145088,172.10848003056728,176.00017793895537,-172.10848003056728,0.0,0.0,0.0,6,0.6666666666666666
reference,published_monthly_6,augmented_delta,233,schedule,tenor_months,6.0,6,6,326.3810755439724,334.4768527441486,0.00529868456689353,325.89595888430875,332.26841179320155,-325.89595888430875,0.0,0.0,0.0,4,0.75
reference,published_monthly_6,augmented_delta,233,schedule,tenor_months,12.0,6,6,589.524138450001,599.7541123898402,-1.6598323098481438,589.0390217903381,598.0462852242861,-589.0390217903381,0.0,0.0,0.0,5,0.8
reference,published_monthly_6,augmented_delta,233,terms,coupon_regular,-0.01,6,6,14.176002851272946,15.484401266939903,0.9971238004872229,4.330770997537509,5.8203855877619315,-3.3358191003402076,0.16666666666666666,0.8333333333333334,0.8333333333333334,6,1.0
reference,published_monthly_6,augmented_delta,233,terms,coupon_regular,-0.005,6,6,13.637307701321637,15.467394995320797,0.9971854151620583,2.1809346824884415,2.9330602408391186,-1.5508501546250433,0.3333333333333333,0.8333333333333334,1.0,6,1.0
reference,published_monthly_6,augmented_delta,233,terms,coupon_regular,-0.0025,6,6,13.205076629399931,15.548122599364307,0.9971839229274926,1.0847190403276017,1.477382092348866,-0.73104322122203,0.5,1.0,1.0,6,1.0
reference,published_monthly_6,augmented_delta,233,terms,coupon_regular,-0.001,6,6,13.371080063800642,15.631811173255231,0.9971704828334083,0.43157076670063876,0.5945038035599228,-0.27999992999765616,0.8333333333333334,1.0,1.0,6,1.0
reference,published_monthly_6,augmented_delta,233,terms,coupon_regular,0.001,6,6,13.779604277366161,15.791494446010837,0.9971354467786787,0.4277899232175617,0.6000877161484307,0.26095152232382013,0.8333333333333334,1.0,1.0,6,1.0
reference,published_monthly_6,augmented_delta,233,terms,coupon_regular,0.0025,6,6,14.061561695093284,15.951414736219903,0.9970947706191158,1.0902256535159214,1.513108405483219,0.615123424265119,0.5,1.0,1.0,6,1.0
reference,published_monthly_6,augmented_delta,233,terms,coupon_regular,0.005,6,6,14.49546652504614,16.305567680242003,0.9969950190042024,2.2443215317196326,3.0787040155856813,1.0946686400307566,0.3333333333333333,0.8333333333333334,1.0,6,1.0
reference,published_monthly_6,augmented_delta,233,terms,coupon_regular,0.01,6,6,15.282475714571774,17.410483240112033,0.9966437125865224,4.966450413068138,6.4324799375261925,1.580676949686475,0.16666666666666666,0.6666666666666666,0.8333333333333334,6,1.0
reference,published_monthly_6,augmented_delta,233,terms,first_strike,-0.05,6,6,12.530153478081653,15.379627591674241,0.9962958972981838,7.750359136197299,9.746084198433602,-0.32493154497609983,0.0,0.5,0.8333333333333334,6,1.0
reference,published_monthly_6,augmented_delta,233,terms,first_strike,-0.025,6,6,13.15295289881154,15.192630527613293,0.9969593628509111,2.9162116212149445,4.074933026473024,0.8171431852711581,0.16666666666666666,0.8333333333333334,1.0,5,1.0
reference,published_monthly_6,augmented_delta,233,terms,first_strike,-0.01,6,6,13.259776025079494,15.525374603078332,0.9970714014487073,1.384180117605461,1.6890983940012827,0.35879248028828054,0.5,1.0,1.0,5,1.0
reference,published_monthly_6,augmented_delta,233,terms,first_strike,-0.005,6,6,13.8412691289559,15.987548777497715,0.9969761390976641,0.9226709836059147,1.0693411044027232,-0.09924970939755455,0.6666666666666666,1.0,1.0,5,1.0
reference,published_monthly_6,augmented_delta,233,terms,first_strike,0.005,6,6,13.618312170625662,15.781869727020943,0.9971957178192946,0.6073004884852303,0.7719129729294693,-0.2855656122167904,0.8333333333333334,1.0,1.0,6,1.0
reference,published_monthly_6,augmented_delta,233,terms,first_strike,0.01,6,6,13.60922668387866,15.81842402756519,0.997245293995352,1.2404256918364103,1.5480396925076543,-0.5190272571312056,0.6666666666666666,1.0,1.0,6,1.0
reference,published_monthly_6,augmented_delta,233,terms,first_strike,0.025,6,6,13.35334298873507,15.726952797800983,0.9974310873407168,3.302346001275712,3.788642192857466,-2.0305613107565375,0.16666666666666666,0.8333333333333334,1.0,6,1.0
reference,published_monthly_6,augmented_delta,233,terms,first_strike,0.05,6,6,12.790654958846972,16.082961617335567,0.9975195743037483,8.066194055601954,9.07808751724301,-5.792037061312132,0.16666666666666666,0.16666666666666666,0.5,6,0.8333333333333334
reference,published_monthly_6,augmented_delta,233,terms,ki_barrier,-0.05,1,1,24.60321993629077,24.60321993629077,,3.6057570427656316,3.6057570427656316,3.6057570427656316,0.0,1.0,1.0,1,1.0
reference,published_monthly_6,augmented_delta,233,terms,ki_barrier,-0.025,1,1,23.950603278974086,23.950603278974086,,2.9531403854489326,2.9531403854489326,2.9531403854489326,0.0,1.0,1.0,1,1.0
reference,published_monthly_6,augmented_delta,233,terms,ki_barrier,-0.01,1,1,22.941628957787543,22.941628957787543,,1.9441660642623901,1.9441660642623901,1.9441660642623901,0.0,1.0,1.0,1,1.0
reference,published_monthly_6,augmented_delta,233,terms,ki_barrier,-0.005,1,1,22.081109891334563,22.081109891334563,,1.08364699780941,1.08364699780941,1.08364699780941,0.0,1.0,1.0,1,1.0
reference,published_monthly_6,augmented_delta,233,terms,ki_barrier,0.005,1,1,19.943070155879468,19.943070155879468,,1.0543927376468973,1.0543927376468973,-1.0543927376468973,0.0,1.0,1.0,1,1.0
reference,published_monthly_6,augmented_delta,233,terms,ki_barrier,0.01,1,1,19.066556935507833,19.066556935507833,,1.930905958016714,1.930905958016714,-1.930905958016714,0.0,1.0,1.0,1,1.0
reference,published_monthly_6,augmented_delta,233,terms,ki_barrier,0.025,1,1,14.350154916444808,14.350154916444808,,6.647307977080345,6.647307977080345,-6.647307977080345,0.0,0.0,1.0,1,1.0
reference,published_monthly_6,augmented_delta,233,terms,ki_barrier,0.05,1,1,2.890284719565898,2.890284719565898,,18.107178173959255,18.107178173959255,-18.107178173959255,0.0,0.0,0.0,1,1.0
reference,published_monthly_6,augmented_delta,233,terms,last_strike,-0.05,6,6,16.787698768804148,19.79920979609882,0.9951391019914099,7.091220149563418,9.759204989389447,-0.7513480360309295,0.3333333333333333,0.6666666666666666,0.6666666666666666,6,1.0
reference,published_monthly_6,augmented_delta,233,terms,last_strike,-0.025,6,6,15.125889021593139,17.508810546672304,0.9963822296346163,4.546835640238394,5.352757143816773,0.950062870151467,0.0,0.6666666666666666,1.0,6,1.0
reference,published_monthly_6,augmented_delta,233,terms,last_strike,-0.01,6,6,13.84276983028091,16.479839998040706,0.9968394401916849,2.251435532752011,2.5887068034496608,1.0113347201711598,0.16666666666666666,1.0,1.0,6,1.0
reference,published_monthly_6,augmented_delta,233,terms,last_strike,-0.005,6,6,13.631526191304753,16.019970142118037,0.9970257031883532,0.946618954754538,1.1290920833671663,0.32016009630428405,0.5,1.0,1.0,6,1.0
reference,published_monthly_6,augmented_delta,233,terms,last_strike,0.005,6,6,13.55868033785373,15.43524802985526,0.9972640436499383,1.2141228475504453,1.349070891501765,-0.4856640969713531,0.3333333333333333,1.0,1.0,6,1.0
reference,published_monthly_6,augmented_delta,233,terms,last_strike,0.01,6,6,13.381408375273471,15.191610617708887,0.9973572224267633,2.258464108324714,2.3744133032442205,-0.6968351209329229,0.0,1.0,1.0,6,1.0
reference,published_monthly_6,augmented_delta,233,terms,last_strike,0.025,6,6,13.094018486535484,14.517031071212795,0.9975879085782222,6.373965797738897,7.1544942121209845,-2.2546289343800825,0.16666666666666666,0.16666666666666666,0.8333333333333334,6,1.0
reference,published_monthly_6,augmented_delta,233,terms,last_strike,0.05,6,6,17.047930727298382,20.956530869303567,0.9948276165038588,16.936975243190926,19.51785027537113,-6.957291416823861,0.0,0.16666666666666666,0.3333333333333333,6,1.0
reference,published_monthly_6,augmented_delta,233,terms,monthly_barrier,-0.05,6,6,14.60796035464015,16.79835495359247,0.9967454669740277,2.8486053148905435,3.9637552688269198,2.2277235984802246,0.16666666666666666,0.8333333333333334,1.0,0,
reference,published_monthly_6,augmented_delta,233,terms,monthly_barrier,-0.025,6,6,14.11890424425807,16.18210955149489,0.9969798713070458,1.3552109400431316,1.9458294833542211,1.0669231414794922,0.6666666666666666,1.0,1.0,0,
reference,published_monthly_6,augmented_delta,233,terms,monthly_barrier,-0.01,6,6,13.801112146530613,15.879327478874544,0.9970918327061672,0.5248188972473145,0.7691569677963968,0.4143516222635905,0.8333333333333334,1.0,1.0,0,
reference,published_monthly_6,augmented_delta,233,terms,monthly_barrier,-0.005,6,6,13.69153894121852,15.789172456514661,0.9971247612551125,0.2594788869222005,0.38292122527428263,0.20503997802734375,1.0,1.0,1.0,0,
reference,published_monthly_6,augmented_delta,233,terms,monthly_barrier,0.005,6,6,13.467524817937678,15.624812076864439,0.9971843103735735,0.2567966779073079,0.3806348913009552,-0.20096699396769205,1.0,1.0,1.0,0,
reference,published_monthly_6,augmented_delta,233,terms,monthly_barrier,0.01,6,6,13.353282582118178,15.550630384798968,0.9972109829234959,0.5101164182027181,0.7575499063106392,-0.39706627527872723,0.8333333333333334,1.0,1.0,0,
reference,published_monthly_6,augmented_delta,233,terms,monthly_barrier,0.025,6,6,13.001615177943373,15.357201843679785,0.9972799345123179,1.2523929278055828,1.870505674613709,-0.9581446647644043,0.6666666666666666,1.0,1.0,0,
reference,published_monthly_6,augmented_delta,233,terms,monthly_barrier,0.05,6,6,12.389872840398615,15.126114921389165,0.9973611787864707,2.427995204925537,3.66460048661576,-1.7943978309631348,0.16666666666666666,0.8333333333333334,1.0,0,
reference,published_monthly_6,augmented_delta,47,schedule,nobs_early,1.0,6,6,82.20084287878096,105.51364486813956,0.8820270853447254,79.76883983860414,102.55840427232916,-79.76883983860414,0.0,0.0,0.16666666666666666,4,0.75
reference,published_monthly_6,augmented_delta,47,schedule,nobs_late,1.0,6,6,550.2917183328218,571.9390229157502,-4.700027839565176,547.8597152926442,570.5203861648675,-547.8597152926442,0.0,0.0,0.0,6,0.5
reference,published_monthly_6,augmented_delta,47,schedule,nobs_middle,1.0,6,6,572.2123012796259,582.5801587321184,-3.968046558609286,569.780298239448,579.2720640400145,-569.780298239448,0.0,0.0,0.0,6,0.5
reference,published_monthly_6,augmented_delta,47,schedule,tenor_months,-12.0,6,6,817.6065487536707,839.7268550032959,-17.5091216138795,820.0385517938477,843.2892728144543,820.0385517938477,0.0,0.0,0.0,5,0.6
reference,published_monthly_6,augmented_delta,47,schedule,tenor_months,-6.0,6,6,636.9141084259996,655.267440694589,-6.035252498706371,639.3461114661768,658.4557021826387,639.3461114661768,0.0,0.0,0.0,5,0.6
reference,published_monthly_6,augmented_delta,47,schedule,tenor_months,-3.0,6,6,290.0721585298376,303.74452426385903,-0.24623883067979868,292.5041615700142,306.4290637116652,292.5041615700142,0.0,0.0,0.0,4,0.75
reference,published_monthly_6,augmented_delta,47,schedule,tenor_months,-1.0,6,6,26.798714627408117,35.601445708302904,0.9847396654803797,19.023013352002533,27.983422306006144,17.275131540062528,0.16666666666666666,0.16666666666666666,0.5,3,1.0
reference,published_monthly_6,augmented_delta,47,schedule,tenor_months,1.0,6,6,50.715977533720434,55.5311421061042,0.9668255695905953,46.057253166412316,46.91835165971065,-46.057253166412316,0.0,0.0,0.0,3,1.0
reference,published_monthly_6,augmented_delta,47,schedule,tenor_months,3.0,6,6,137.51646192206258,144.17648491285013,0.793194843487325,135.08445888188564,138.22550608704296,-135.08445888188564,0.0,0.0,0.0,6,0.6666666666666666
reference,published_monthly_6,augmented_delta,47,schedule,tenor_months,6.0,6,6,267.4930772809312,275.30491937935517,0.3261107946238785,265.06107424075407,270.0839078207359,-265.06107424075407,0.0,0.0,0.0,4,0.75
reference,published_monthly_6,augmented_delta,47,schedule,tenor_months,12.0,6,6,524.8482311560456,534.4666388564126,-1.1122678656688407,522.4162281158691,529.8030201346687,-522.4162281158691,0.0,0.0,0.0,5,0.8
reference,published_monthly_6,augmented_delta,47,terms,coupon_regular,-0.01,6,6,17.839518345788445,23.512182671572003,0.9933684344258495,4.110333152943189,4.741260750322073,-3.2922083685795465,0.0,0.6666666666666666,1.0,6,1.0
reference,published_monthly_6,augmented_delta,47,terms,coupon_regular,-0.005,6,6,16.940199750475283,23.06547123240012,0.9937410042798626,1.9069519986708958,2.355028405436595,-1.5903879023260525,0.3333333333333333,1.0,1.0,6,1.0
reference,published_monthly_6,augmented_delta,47,terms,coupon_regular,-0.0025,6,6,16.50508778738943,22.754150085074482,0.9939687148671084,0.9133556865983538,1.1844750591716844,-0.7814091460572351,0.6666666666666666,1.0,1.0,6,1.0
reference,published_monthly_6,augmented_delta,47,terms,coupon_regular,-0.001,6,6,16.43595089815123,22.539655919710444,0.9941171429339698,0.36663038035233847,0.47701650615587676,-0.3094048880868489,1.0,1.0,1.0,6,1.0
reference,published_monthly_6,augmented_delta,47,terms,coupon_regular,0.001,6,6,16.53423293566084,22.22320891624135,0.9943268538779744,0.37285430894957666,0.48299187872256355,0.30476093623373224,1.0,1.0,1.0,6,1.0
reference,published_monthly_6,augmented_delta,47,terms,coupon_regular,0.0025,6,6,16.567638984674584,21.96614766008008,0.9944907838582102,0.9409160183535678,1.2205846787387897,0.7527108126216456,0.6666666666666666,1.0,1.0,6,1.0
reference,published_monthly_6,augmented_delta,47,terms,coupon_regular,0.005,6,6,16.54785312681209,21.50795737397368,0.9947716070893395,1.9123236603207066,2.4969015704998365,1.4749462736977488,0.3333333333333333,1.0,1.0,6,1.0
reference,published_monthly_6,augmented_delta,47,terms,coupon_regular,0.01,6,6,16.239825650739174,20.555151681898227,0.9953217991316657,3.9312778347068353,5.275394216334558,2.8104201124774093,0.3333333333333333,0.6666666666666666,0.8333333333333334,6,1.0
reference,published_monthly_6,augmented_delta,47,terms,first_strike,-0.05,6,6,16.507265572435546,17.828351829121196,0.9950224713005876,11.626338941355547,11.767337398118839,8.182042039516901,0.0,0.0,0.16666666666666666,6,0.8333333333333334
reference,published_monthly_6,augmented_delta,47,terms,first_strike,-0.025,6,6,15.890701136345038,19.766776228495107,0.9948528083823124,5.016255523181625,5.281408795858865,4.123710854185953,0.0,0.3333333333333333,1.0,5,1.0
reference,published_monthly_6,augmented_delta,47,terms,first_strike,-0.01,6,6,15.616666908375615,21.339960537730494,0.9944669716999794,1.4874689233385858,1.8833280674503796,1.4320734505438146,0.3333333333333333,1.0,1.0,5,1.0
reference,published_monthly_6,augmented_delta,47,terms,first_strike,-0.005,6,6,16.412514163491625,22.207762992210014,0.9941654458817921,0.3957668654620646,0.4316754194195892,0.3957668654620646,1.0,1.0,1.0,5,1.0
reference,published_monthly_6,augmented_delta,47,terms,first_strike,0.005,6,6,16.88603747936183,23.07133542517472,0.9940069173006961,0.8913369658920499,0.9515264613097042,-0.6972350254654883,0.6666666666666666,1.0,1.0,6,0.8333333333333334
reference,published_monthly_6,augmented_delta,47,terms,first_strike,0.01,6,6,17.23984493822233,23.637891781995744,0.9938487084761645,1.5399743086761897,1.681742623327241,-1.2618004721071985,0.16666666666666666,1.0,1.0,6,0.8333333333333334
reference,published_monthly_6,augmented_delta,47,terms,first_strike,0.025,6,6,18.71316010266916,25.53581730538283,0.9932273333943723,3.587219740574559,4.288957781750889,-3.3101736930095487,0.16666666666666666,0.6666666666666666,1.0,6,0.8333333333333334
reference,published_monthly_6,augmented_delta,47,terms,first_strike,0.05,6,6,20.81909314139466,28.480577710769293,0.9922215733670898,6.725743821718626,8.518928874510076,-6.725743821718626,0.16666666666666666,0.3333333333333333,0.8333333333333334,6,0.8333333333333334
reference,published_monthly_6,augmented_delta,47,terms,ki_barrier,-0.05,1,1,22.458644817272216,22.458644817272216,,13.282623007893548,13.282623007893548,-13.282623007893548,0.0,0.0,0.0,1,1.0
reference,published_monthly_6,augmented_delta,47,terms,ki_barrier,-0.025,1,1,30.138161453107386,30.138161453107386,,5.603106372058392,5.603106372058392,-5.603106372058392,0.0,0.0,1.0,1,1.0
reference,published_monthly_6,augmented_delta,47,terms,ki_barrier,-0.01,1,1,34.23730518917182,34.23730518917182,,1.5039626359939575,1.5039626359939575,-1.5039626359939575,0.0,1.0,1.0,1,1.0
reference,published_monthly_6,augmented_delta,47,terms,ki_barrier,-0.005,1,1,35.09638012448886,35.09638012448886,,0.644887700676918,0.644887700676918,-0.644887700676918,1.0,1.0,1.0,1,1.0
reference,published_monthly_6,augmented_delta,47,terms,ki_barrier,0.005,1,1,36.421966296931714,36.421966296931714,,0.6806984717647238,0.6806984717647238,0.6806984717647238,1.0,1.0,1.0,1,1.0
reference,published_monthly_6,augmented_delta,47,terms,ki_barrier,0.01,1,1,37.288888936240255,37.288888936240255,,1.5476211110750828,1.5476211110750828,1.5476211110750828,0.0,1.0,1.0,1,1.0
reference,published_monthly_6,augmented_delta,47,terms,ki_barrier,0.025,1,1,37.842133561769515,37.842133561769515,,2.100865736603737,2.100865736603737,2.100865736603737,0.0,1.0,1.0,1,1.0
reference,published_monthly_6,augmented_delta,47,terms,ki_barrier,0.05,1,1,35.2854091549907,35.2854091549907,,0.45585867017507553,0.45585867017507553,-0.45585867017507553,1.0,1.0,1.0,1,1.0
reference,published_monthly_6,augmented_delta,47,terms,last_strike,-0.05,6,6,18.894371392516103,23.228115806974465,0.9933096512196574,8.053884228898417,9.388277437461449,-2.636642950276535,0.0,0.3333333333333333,0.5,6,1.0
reference,published_monthly_6,augmented_delta,47,terms,last_strike,-0.025,6,6,17.795916390605573,22.367538151921504,0.9940957589006738,4.000946620272267,4.759624771452983,-1.0505670317345193,0.16666666666666666,0.5,1.0,6,1.0
reference,published_monthly_6,augmented_delta,47,terms,last_strike,-0.01,6,6,17.01115233709849,22.115474117301748,0.9943081880908639,1.8211900546318962,1.9466907758869043,-0.07943027921848866,0.16666666666666666,1.0,1.0,6,1.0
reference,published_monthly_6,augmented_delta,47,terms,last_strike,-0.005,6,6,16.776664613952864,22.288889510435407,0.9942424493973,0.9831038792100216,1.1535791560351558,-0.27489294070336573,0.5,1.0,1.0,6,1.0
reference,published_monthly_6,augmented_delta,47,terms,last_strike,0.005,6,6,16.28628822385023,22.390470201891837,0.9942428391035341,0.5390395050247514,0.67691229149898,0.21121354152758895,0.8333333333333334,1.0,1.0,6,1.0
reference,published_monthly_6,augmented_delta,47,terms,last_strike,0.01,6,6,15.968945346047803,22.225686244107486,0.9943432976068486,1.2261435931755442,1.3966416664293173,0.7987447575562535,0.5,1.0,1.0,6,1.0
reference,published_monthly_6,augmented_delta,47,terms,last_strike,0.025,6,6,15.61110972395818,21.719568982225724,0.9946006614863407,4.239937767800358,4.490775710892836,2.232607406460575,0.0,0.8333333333333334,1.0,6,1.0
reference,published_monthly_6,augmented_delta,47,terms,last_strike,0.05,6,6,17.563709586754765,21.823747491482546,0.9943906751660474,8.72892613957326,10.300568028927053,4.287720866501334,0.0,0.3333333333333333,0.6666666666666666,6,1.0
reference,published_monthly_6,augmented_delta,47,terms,monthly_barrier,-0.05,6,6,17.24765138959295,22.426591725279412,0.9941992823182101,2.6342272758483887,2.928772473748575,2.6342272758483887,0.16666666666666666,1.0,1.0,0,
reference,published_monthly_6,augmented_delta,47,terms,monthly_barrier,-0.025,6,6,16.90959371264186,22.408735393176276,0.9942085158483844,1.2934207916259766,1.4393214382937018,1.2914339701334636,0.16666666666666666,1.0,1.0,0,
reference,published_monthly_6,augmented_delta,47,terms,monthly_barrier,-0.01,6,6,16.66859226560003,22.39591749831542,0.9942151394621112,0.5139907201131185,0.5693735057101352,0.5092223485310873,1.0,1.0,1.0,0,
reference,published_monthly_6,augmented_delta,47,terms,monthly_barrier,-0.005,6,6,16.58226487175034,22.39098241240068,0.994217688644417,0.25659799575805664,0.2837799818562185,0.2534190813700358,1.0,1.0,1.0,0,
reference,published_monthly_6,augmented_delta,47,terms,monthly_barrier,0.005,6,6,16.400967410558525,22.38029389079401,0.9942232077955923,0.2549091974894206,0.28140568390481757,-0.2505381902058919,1.0,1.0,1.0,0,
reference,published_monthly_6,augmented_delta,47,terms,monthly_barrier,0.01,6,6,16.30629536644028,22.374185410952386,0.994226360801824,0.5081295967102051,0.5605013763378741,-0.49819548924763996,1.0,1.0,1.0,0,
reference,published_monthly_6,augmented_delta,47,terms,monthly_barrier,0.025,6,6,16.01607620333228,22.352360100594836,0.9942376193129143,1.2581547101338704,1.3852182068152485,-1.2231866518656414,0.3333333333333333,1.0,1.0,0,
reference,published_monthly_6,augmented_delta,47,terms,monthly_barrier,0.05,6,6,15.937795436527267,22.30418121438001,0.994262433326456,2.4683276812235513,2.7167190421293936,-2.3650129636128745,0.16666666666666666,1.0,1.0,0,
reference,published_monthly_6,augmented_delta,ensemble,schedule,nobs_early,1.0,6,6,86.65837623830824,105.49729823157665,0.8820636362757406,78.48769879465303,93.18153517679357,-73.07262224869571,0.0,0.0,0.0,4,0.75
reference,published_monthly_6,augmented_delta,ensemble,schedule,nobs_late,1.0,6,6,618.451219090675,638.097302896966,-6.094982629558887,604.8654651010615,623.9391785460756,-604.8654651010615,0.0,0.0,0.0,6,0.5
reference,published_monthly_6,augmented_delta,ensemble,schedule,nobs_middle,1.0,6,6,602.9845568062743,611.9801849405249,-4.482125825559709,589.3988028166608,596.5585479116193,-589.3988028166608,0.0,0.0,0.0,6,0.5
reference,published_monthly_6,augmented_delta,ensemble,schedule,tenor_months,-12.0,6,6,835.2474705583112,860.3067590696421,-18.427476579624205,848.8332245479238,876.8129053046499,848.8332245479238,0.0,0.0,0.0,5,0.6
reference,published_monthly_6,augmented_delta,ensemble,schedule,tenor_months,-6.0,6,6,567.586025493633,588.1552467813522,-4.667955896590526,581.1717794832462,604.5183435732832,581.1717794832462,0.0,0.0,0.0,5,0.6
reference,published_monthly_6,augmented_delta,ensemble,schedule,tenor_months,-3.0,6,6,280.2685190119476,295.88505641472807,-0.18257972179948,293.85427300156005,311.0304699675017,293.85427300156005,0.0,0.0,0.0,4,0.75
reference,published_monthly_6,augmented_delta,ensemble,schedule,tenor_months,-1.0,6,6,22.886705283903513,31.803513056901046,0.9878219156977825,31.289806097642664,38.19438486379277,31.289806097642664,0.0,0.0,0.0,3,1.0
reference,published_monthly_6,augmented_delta,ensemble,schedule,tenor_months,1.0,6,6,72.01828907274982,78.19438795758818,0.9342218836051778,58.43253508313675,59.74022797516495,-58.43253508313675,0.0,0.0,0.0,3,1.0
reference,published_monthly_6,augmented_delta,ensemble,schedule,tenor_months,3.0,6,6,182.81615751981676,190.08507398941967,0.640525134692023,169.23040353020414,173.15188689374352,-169.23040353020414,0.0,0.0,0.0,6,0.6666666666666666
reference,published_monthly_6,augmented_delta,ensemble,schedule,tenor_months,6.0,6,6,339.2070348025818,348.0976677656456,-0.07736480292771364,325.6212808129688,331.7187405448646,-325.6212808129688,0.0,0.0,0.0,4,0.75
reference,published_monthly_6,augmented_delta,ensemble,schedule,tenor_months,12.0,6,6,615.4475230104803,625.8596429580782,-1.8964209777106418,601.8617690208679,610.1139288876071,-601.8617690208679,0.0,0.0,0.0,5,0.8
reference,published_monthly_6,augmented_delta,ensemble,terms,coupon_regular,-0.01,6,6,25.116762471591755,27.01807663752499,0.9912433290113845,4.168646363747889,5.15683540859445,-3.1075995382334844,0.0,0.6666666666666666,1.0,6,1.0
reference,published_monthly_6,augmented_delta,ensemble,terms,coupon_regular,-0.005,6,6,23.93107259511574,25.71506338132509,0.9922204372309263,2.008445463246892,2.5647423315691427,-1.4975702249342753,0.3333333333333333,1.0,1.0,6,1.0
reference,published_monthly_6,augmented_delta,ensemble,terms,coupon_regular,-0.0025,6,6,23.261701255105436,25.02913634972573,0.9927023950042285,0.9817023459404316,1.2848663590573484,-0.7298842420179407,0.6666666666666666,1.0,1.0,6,1.0
reference,published_monthly_6,augmented_delta,ensemble,terms,coupon_regular,-0.001,6,6,22.839738116392557,24.609020762402306,0.9929873462208973,0.38924703167556834,0.5155613364352483,-0.2868544641468261,0.8333333333333334,1.0,1.0,6,1.0
reference,published_monthly_6,augmented_delta,ensemble,terms,coupon_regular,0.001,6,6,22.256151402057792,24.041805273290205,0.993360359241617,0.39441132214371305,0.5184106807965726,0.27916405267247296,0.8333333333333334,1.0,1.0,6,1.0
reference,published_monthly_6,augmented_delta,ensemble,terms,coupon_regular,0.0025,6,6,21.804580487206902,23.61352025319037,0.9936334598079136,0.9948582218756664,1.3031172513606217,0.6826753550105623,0.6666666666666666,1.0,1.0,6,1.0
reference,published_monthly_6,augmented_delta,ensemble,terms,coupon_regular,0.005,6,6,21.02928556077556,22.901665291754842,0.9940720571337188,2.0193802250759254,2.638119553020431,1.3106692499588963,0.3333333333333333,0.8333333333333334,1.0,6,1.0
reference,published_monthly_6,augmented_delta,ensemble,terms,coupon_regular,0.01,6,6,19.421344873702157,21.550891673351945,0.9948575748246747,4.231160892380672,5.451042663861943,2.3696106506721626,0.16666666666666666,0.6666666666666666,0.8333333333333334,6,1.0
reference,published_monthly_6,augmented_delta,ensemble,terms,first_strike,-0.05,6,6,16.09530596424732,18.70976124191646,0.9945181408622015,7.692829750478268,9.087900042715582,6.5167544918756946,0.0,0.3333333333333333,0.8333333333333334,6,0.8333333333333334
reference,published_monthly_6,augmented_delta,ensemble,terms,first_strike,-0.025,6,6,18.975157554261994,21.465617367151598,0.9939300458318027,3.740353647205382,4.358953225485784,3.740353647205382,0.16666666666666666,0.8333333333333334,1.0,5,1.0
reference,published_monthly_6,augmented_delta,ensemble,terms,first_strike,-0.01,6,6,21.496791225857123,23.422031783166418,0.9933346217576725,1.4740233365448177,1.724834281033607,1.4222717978478485,0.3333333333333333,1.0,1.0,5,1.0
reference,published_monthly_6,augmented_delta,ensemble,terms,first_strike,-0.005,6,6,22.377009874313142,24.331034072535964,0.9929964347607301,0.5376292256021227,0.6509944687160535,0.4172245375815753,0.8333333333333334,1.0,1.0,5,1.0
reference,published_monthly_6,augmented_delta,ensemble,terms,first_strike,0.005,6,6,23.30011426978187,24.9325391551131,0.9930009705071032,0.7751515416634173,0.8940635689912081,-0.7751515416634173,0.6666666666666666,1.0,1.0,6,0.8333333333333334
reference,published_monthly_6,augmented_delta,ensemble,terms,first_strike,0.01,6,6,23.856695550079774,25.386966745843917,0.9929047049814168,1.4768076712883407,1.625150053478528,-1.4768076712883407,0.16666666666666666,1.0,1.0,6,0.8333333333333334
reference,published_monthly_6,augmented_delta,ensemble,terms,first_strike,0.025,6,6,25.926590746992286,27.194158109813014,0.9923191124183143,4.314545071165928,4.456507717620575,-4.314545071165928,0.0,0.8333333333333334,1.0,6,0.8333333333333334
reference,published_monthly_6,augmented_delta,ensemble,terms,first_strike,0.05,6,6,29.78065148337434,31.05756275168802,0.9907502730291841,10.362753018529753,10.786569654113883,-10.362753018529753,0.0,0.0,0.6666666666666666,6,0.8333333333333334
reference,published_monthly_6,augmented_delta,ensemble,terms,ki_barrier,-0.05,1,1,23.64577065904814,23.64577065904814,,3.249373152852044,3.249373152852044,-3.249373152852044,0.0,1.0,1.0,1,1.0
reference,published_monthly_6,augmented_delta,ensemble,terms,ki_barrier,-0.025,1,1,26.476449442405283,26.476449442405283,,0.418694369494915,0.418694369494915,-0.418694369494915,1.0,1.0,1.0,1,1.0
reference,published_monthly_6,augmented_delta,ensemble,terms,ki_barrier,-0.01,1,1,27.50575529038906,27.50575529038906,,0.6106114784883907,0.6106114784883907,0.6106114784883907,1.0,1.0,1.0,1,1.0
reference,published_monthly_6,augmented_delta,ensemble,terms,ki_barrier,-0.005,1,1,27.314596384763718,27.314596384763718,,0.4194525728630474,0.4194525728630474,0.4194525728630474,1.0,1.0,1.0,1,1.0
reference,published_monthly_6,augmented_delta,ensemble,terms,ki_barrier,0.005,1,1,26.498786352574825,26.498786352574825,,0.39635745932658484,0.39635745932658484,-0.39635745932658484,1.0,1.0,1.0,1,1.0
reference,published_monthly_6,augmented_delta,ensemble,terms,ki_barrier,0.01,1,1,26.27454662819582,26.27454662819582,,0.6205971837040067,0.6205971837040067,-0.6205971837040067,1.0,1.0,1.0,1,1.0
reference,published_monthly_6,augmented_delta,ensemble,terms,ki_barrier,0.025,1,1,23.47582471370697,23.47582471370697,,3.4193190981936965,3.4193190981936965,-3.4193190981936965,0.0,1.0,1.0,1,1.0
reference,published_monthly_6,augmented_delta,ensemble,terms,ki_barrier,0.05,1,1,15.07267938305813,15.07267938305813,,11.822464428842068,11.822464428842068,-11.822464428842068,0.0,0.0,0.0,1,1.0
reference,published_monthly_6,augmented_delta,ensemble,terms,last_strike,-0.05,6,6,20.948371264565747,23.976499733170296,0.9928715951424518,5.433281205594789,6.38037002099524,-0.24560262511136818,0.16666666666666666,0.3333333333333333,0.8333333333333334,6,1.0
reference,published_monthly_6,augmented_delta,ensemble,terms,last_strike,-0.025,6,6,21.418127467131246,23.672915192105428,0.9933865024880381,3.169213754435629,3.910552579556757,0.5450161952116398,0.16666666666666666,0.6666666666666666,1.0,6,1.0
reference,published_monthly_6,augmented_delta,ensemble,terms,last_strike,-0.01,6,6,21.733291282732655,23.74714269382285,0.9934373271506909,1.7570715923278069,1.9190405068036984,0.6783765517172112,0.16666666666666666,1.0,1.0,6,1.0
reference,published_monthly_6,augmented_delta,ensemble,terms,last_strike,-0.005,6,6,22.20722049671379,24.113998645187845,0.9932609393447946,0.817187488492992,0.9127500688068311,0.12495488466487974,0.6666666666666666,1.0,1.0,6,1.0
reference,published_monthly_6,augmented_delta,ensemble,terms,last_strike,0.005,6,6,22.631797045365904,24.39041990882282,0.9931684304572872,0.7712412981527109,0.8684999223777313,-0.23174831022818906,0.6666666666666666,1.0,1.0,6,1.0
reference,published_monthly_6,augmented_delta,ensemble,terms,last_strike,0.01,6,6,22.506872746161815,24.27996286498425,0.9932492968909514,1.033647079020801,1.3990535786170482,-0.13065722294936397,0.6666666666666666,1.0,1.0,6,1.0
reference,published_monthly_6,augmented_delta,ensemble,terms,last_strike,0.025,6,6,22.3973428759103,24.316144095408863,0.9932325108513256,3.72861406082859,5.049163438553802,-0.40897110891011046,0.16666666666666666,0.6666666666666666,1.0,6,1.0
reference,published_monthly_6,augmented_delta,ensemble,terms,last_strike,0.05,6,6,22.734612704460535,27.77997226532161,0.9909110115805551,11.367201022803101,14.342911671676628,-1.9272223305366705,0.0,0.3333333333333333,0.5,6,1.0
reference,published_monthly_6,augmented_delta,ensemble,terms,monthly_barrier,-0.05,6,6,19.76179764947574,22.25321647102509,0.9942886238895327,2.8527445263335878,3.3688101618623856,2.8527445263335878,0.16666666666666666,0.8333333333333334,1.0,0,
reference,published_monthly_6,augmented_delta,ensemble,terms,monthly_barrier,-0.025,6,6,21.18608735739811,23.30469547318185,0.9937361400354703,1.3965699407788208,1.6573418462318863,1.3965699407788208,0.3333333333333333,1.0,1.0,0,
reference,published_monthly_6,augmented_delta,ensemble,terms,monthly_barrier,-0.01,6,6,22.01690987818347,23.921919537207586,0.9933999499948497,0.5507138040333759,0.6562332788012503,0.5507138040333759,0.8333333333333334,1.0,1.0,0,
reference,published_monthly_6,augmented_delta,ensemble,terms,monthly_barrier,-0.005,6,6,22.285793053503767,24.124795998337948,0.9932875281932272,0.2740820248923563,0.3270657501432174,0.2740820248923563,1.0,1.0,1.0,0,
reference,published_monthly_6,augmented_delta,ensemble,terms,monthly_barrier,0.005,6,6,22.81190338472182,24.526211237186992,0.9930622906057541,0.27136670218604514,0.32508098384541956,-0.27136670218604514,1.0,1.0,1.0,0,
reference,published_monthly_6,augmented_delta,ensemble,terms,monthly_barrier,0.01,6,6,23.06863383524554,24.72433223721497,0.9929497532480211,0.5396207173665365,0.6475464771013434,-0.5396207173665365,0.8333333333333334,1.0,1.0,0,
reference,published_monthly_6,augmented_delta,ensemble,terms,monthly_barrier,0.025,6,6,23.81432105507732,25.308097404359604,0.9926128967370157,1.326898733775006,1.6021836574138382,-1.326898733775006,0.3333333333333333,1.0,1.0,0,
reference,published_monthly_6,augmented_delta,ensemble,terms,monthly_barrier,0.05,6,6,24.97323403165956,26.242303857204654,0.9920574657713382,2.5756822692019066,3.1500039835244444,-2.5756822692019066,0.3333333333333333,0.8333333333333334,1.0,0,
reference,published_monthly_6,augmented_price,101,schedule,nobs_early,1.0,6,6,114.20840098884794,132.3742215950672,0.8143171057934472,109.07914652509821,122.74226316850473,12.597100573281447,0.0,0.0,0.0,4,0.25
reference,published_monthly_6,augmented_price,101,schedule,nobs_late,1.0,6,6,485.32772192245193,496.5367259117839,-3.2961582575491892,477.2571194865223,491.2629525160873,-477.2571194865223,0.0,0.0,0.0,6,0.5
reference,published_monthly_6,augmented_price,101,schedule,nobs_middle,1.0,6,6,464.37329310727273,468.48354114985943,-2.2126465936711393,456.302690671343,459.98922091191497,-456.302690671343,0.0,0.0,0.0,6,0.5
reference,published_monthly_6,augmented_price,101,schedule,tenor_months,-12.0,6,6,877.8809510541874,894.8649495894232,-20.01961318927217,885.9515534901165,903.5568806254289,885.9515534901165,0.0,0.0,0.0,5,0.6
reference,published_monthly_6,augmented_price,101,schedule,tenor_months,-6.0,6,6,531.0886444952339,548.6324663124348,-3.9318007171937177,539.159246931163,557.2211286786984,539.159246931163,0.0,0.0,0.0,5,0.6
reference,published_monthly_6,augmented_price,101,schedule,tenor_months,-3.0,6,6,291.33249874361326,305.7114732077932,-0.26243155068341384,299.4031011795418,314.6510478905034,299.4031011795418,0.0,0.0,0.0,4,0.75
reference,published_monthly_6,augmented_price,101,schedule,tenor_months,-1.0,6,6,29.02117694997105,38.309926659399515,0.9823293946929521,29.523464281008483,36.94796660184767,28.34063450153917,0.0,0.16666666666666666,0.16666666666666666,3,1.0
reference,published_monthly_6,augmented_price,101,schedule,tenor_months,1.0,6,6,65.4778714015459,69.9708751850216,0.9473298111332281,57.40726896561682,58.26178783577398,-57.40726896561682,0.0,0.0,0.0,3,1.0
reference,published_monthly_6,augmented_price,101,schedule,tenor_months,3.0,6,6,174.35352316829872,179.243004088786,0.6803630887322014,166.28292073236983,169.24815178524725,-166.28292073236983,0.0,0.0,0.0,6,0.6666666666666666
reference,published_monthly_6,augmented_price,101,schedule,tenor_months,6.0,6,6,326.61273892999935,332.9877909836009,0.014135616966210685,318.5421364940703,323.45470328179056,-318.5421364940703,0.0,0.0,0.0,4,0.75
reference,published_monthly_6,augmented_price,101,schedule,tenor_months,12.0,6,6,585.4744995428864,594.9325430618047,-1.6172381342842321,577.403897106958,585.7778214562724,-577.403897106958,0.0,0.0,0.0,5,0.8
reference,published_monthly_6,augmented_price,101,terms,coupon_regular,-0.01,6,6,16.45766458815554,19.264493718562154,0.9955481002722878,7.490825707713763,9.315246020272829,-3.2521739155054092,0.0,0.3333333333333333,0.8333333333333334,6,1.0
reference,published_monthly_6,augmented_price,101,terms,coupon_regular,-0.005,6,6,15.804442871672714,20.16952452812184,0.9952140152350527,3.6265665044387183,4.499187466661281,-1.27796022262838,0.0,0.8333333333333334,1.0,6,1.0
reference,published_monthly_6,augmented_price,101,terms,coupon_regular,-0.0025,6,6,15.563662041289414,20.951255697010158,0.9948866121145287,1.789136497510804,2.223913406599817,-0.5536200619406172,0.16666666666666666,1.0,1.0,6,1.0
reference,published_monthly_6,augmented_price,101,terms,coupon_regular,-0.001,6,6,15.443960678970447,21.49895245695054,0.9946478493265831,0.7109282331334219,0.8853958062157742,-0.20112311674488925,0.8333333333333334,1.0,1.0,6,1.0
reference,published_monthly_6,augmented_price,101,terms,coupon_regular,0.001,6,6,16.270817534066737,22.30813232437364,0.994283412497029,0.7049608992205721,0.8815315955501557,0.17382939987712417,0.8333333333333334,1.0,1.0,6,1.0
reference,published_monthly_6,augmented_price,101,terms,coupon_regular,0.0025,6,6,17.11174388654096,22.96893129846146,0.9939762964354503,1.7536553409364497,2.2007655577081846,0.3847514722082342,0.3333333333333333,1.0,1.0,6,1.0
reference,published_monthly_6,augmented_price,101,terms,coupon_regular,0.005,6,6,18.55230086969459,24.16758860092241,0.993398592810858,3.485462440384758,4.405253883466981,0.6023342741860299,0.0,0.8333333333333334,1.0,6,1.0
reference,published_monthly_6,augmented_price,101,terms,coupon_regular,0.01,6,6,21.976809882145364,26.935648018995536,0.9919667302583293,6.935816546281181,8.922619030121508,0.5292510158485845,0.16666666666666666,0.3333333333333333,0.8333333333333334,6,1.0
reference,published_monthly_6,augmented_price,101,terms,first_strike,-0.05,6,6,17.307735421280086,20.05152135236942,0.9937036909205529,17.475598252895807,19.863338712337697,17.475598252895807,0.0,0.16666666666666666,0.3333333333333333,6,0.6666666666666666
reference,published_monthly_6,augmented_price,101,terms,first_strike,-0.025,6,6,15.657618363387883,20.101136407749213,0.9946772034573048,11.04460484120581,11.617801923771601,11.04460484120581,0.0,0.0,0.3333333333333333,5,0.8
reference,published_monthly_6,augmented_price,101,terms,first_strike,-0.01,6,6,14.275538465525642,20.688934338707934,0.9947994184596624,4.7390384837571125,4.897890169438014,4.7390384837571125,0.0,0.6666666666666666,1.0,5,0.8
reference,published_monthly_6,augmented_price,101,terms,first_strike,-0.005,6,6,15.191022690489262,21.3939398014398,0.9945852353670919,2.1355271053810907,2.339809440675653,2.1355271053810907,0.16666666666666666,1.0,1.0,5,0.8
reference,published_monthly_6,augmented_price,101,terms,first_strike,0.005,6,6,17.265243327348497,23.03450570060829,0.9940260360388161,2.602994201083978,2.7045120753690775,-2.602994201083978,0.0,1.0,1.0,6,0.6666666666666666
reference,published_monthly_6,augmented_price,101,terms,first_strike,0.01,6,6,19.004446987373132,24.303486335964305,0.9934974157936174,5.229482992655701,5.388576377909724,-5.229482992655701,0.0,0.5,1.0,6,0.6666666666666666
reference,published_monthly_6,augmented_price,101,terms,first_strike,0.025,6,6,24.72661679289801,29.73564803501236,0.9908163571136794,14.293422244696155,14.557435236463053,-14.293422244696155,0.0,0.0,0.0,6,0.6666666666666666
reference,published_monthly_6,augmented_price,101,terms,first_strike,0.05,6,6,39.434621563077904,42.870232644074235,0.9823759445130404,31.36401912714872,31.866587374590857,-31.36401912714872,0.0,0.0,0.0,6,0.6666666666666666
reference,published_monthly_6,augmented_price,101,terms,ki_barrier,-0.05,1,1,19.428344676891356,19.428344676891356,,2.482261374592767,2.482261374592767,-2.482261374592767,0.0,1.0,1.0,1,1.0
reference,published_monthly_6,augmented_price,101,terms,ki_barrier,-0.025,1,1,21.879937919477015,21.879937919477015,,0.03066813200712204,0.03066813200712204,-0.03066813200712204,1.0,1.0,1.0,1,1.0
reference,published_monthly_6,augmented_price,101,terms,ki_barrier,-0.01,1,1,22.675196195641547,22.675196195641547,,0.7645901441574097,0.7645901441574097,0.7645901441574097,1.0,1.0,1.0,1,1.0
reference,published_monthly_6,augmented_price,101,terms,ki_barrier,-0.005,1,1,22.406551251808196,22.406551251808196,,0.49594520032405853,0.49594520032405853,0.49594520032405853,1.0,1.0,1.0,1,1.0
reference,published_monthly_6,augmented_price,101,terms,ki_barrier,0.005,1,1,21.437954646846265,21.437954646846265,,0.47265140463908484,0.47265140463908484,-0.47265140463908484,1.0,1.0,1.0,1,1.0
reference,published_monthly_6,augmented_price,101,terms,ki_barrier,0.01,1,1,21.13960648079592,21.13960648079592,,0.7709995706876125,0.7709995706876125,-0.7709995706876125,1.0,1.0,1.0,1,1.0
reference,published_monthly_6,augmented_price,101,terms,ki_barrier,0.025,1,1,18.12849334875682,18.12849334875682,,3.782112702727318,3.782112702727318,-3.782112702727318,0.0,1.0,1.0,1,1.0
reference,published_monthly_6,augmented_price,101,terms,ki_barrier,0.05,1,1,9.425337972739726,9.425337972739726,,12.485268078744411,12.485268078744411,-12.485268078744411,0.0,0.0,0.0,1,1.0
reference,published_monthly_6,augmented_price,101,terms,last_strike,-0.05,6,6,26.30765667216262,31.104489118960263,0.9880031580070353,14.75542112108734,17.298862250431196,-2.607237992187342,0.0,0.16666666666666666,0.3333333333333333,6,1.0
reference,published_monthly_6,augmented_price,101,terms,last_strike,-0.025,6,6,20.779810413821604,26.324332965170775,0.991822087476579,6.961580560439163,9.18076336584673,-0.2520634738935363,0.3333333333333333,0.5,0.6666666666666666,6,1.0
reference,published_monthly_6,augmented_price,101,terms,last_strike,-0.01,6,6,17.386736099608243,23.33931742369985,0.9936608017699371,2.978981115337876,3.875988552326296,0.4763830333120289,0.16666666666666666,0.6666666666666666,1.0,6,1.0
reference,published_monthly_6,augmented_price,101,terms,last_strike,-0.005,6,6,16.54572637596478,22.63020096849014,0.9940647676881565,1.2730707000527117,1.773821354971242,0.04508466066585629,0.6666666666666666,1.0,1.0,6,1.0
reference,published_monthly_6,augmented_price,101,terms,last_strike,0.005,6,6,14.434862883658448,21.400147937639236,0.994740850816992,1.7546185958716605,2.140040557099455,-0.1958861822883291,0.3333333333333333,1.0,1.0,6,1.0
reference,published_monthly_6,augmented_price,101,terms,last_strike,0.01,6,6,13.139786577576464,20.530220639030745,0.9951734122571771,3.163461298164395,4.150464594055259,-0.10416626971628891,0.3333333333333333,0.6666666666666666,1.0,6,1.0
reference,published_monthly_6,augmented_price,101,terms,last_strike,0.025,6,6,10.445141684574688,19.069184224674764,0.9958379970825951,8.579238313353725,11.29391544458569,-0.6901063501007041,0.16666666666666666,0.5,0.6666666666666666,6,1.0
reference,published_monthly_6,augmented_price,101,terms,last_strike,0.05,6,6,21.32436869862522,24.099477549377514,0.9931598253651591,22.332007354332337,26.512301047467105,-3.644961965580779,0.0,0.16666666666666666,0.16666666666666666,6,1.0
reference,published_monthly_6,augmented_price,101,terms,monthly_barrier,-0.05,6,6,15.988900633011326,20.246511276063195,0.9952722383353869,11.13454500834147,12.634245729170802,11.13454500834147,0.0,0.16666666666666666,0.3333333333333333,0,
reference,published_monthly_6,augmented_price,101,terms,monthly_barrier,-0.025,6,6,14.628225933863783,20.13564219234418,0.9953238746345965,5.427102247873942,6.229632654854642,5.427102247873942,0.16666666666666666,0.3333333333333333,1.0,0,
reference,published_monthly_6,augmented_price,101,terms,monthly_barrier,-0.01,6,6,15.036223334674105,20.996044442747532,0.9949157120122655,2.1307667096455893,2.4656292181621726,2.1307667096455893,0.16666666666666666,1.0,1.0,0,
reference,published_monthly_6,augmented_price,101,terms,monthly_barrier,-0.005,6,6,15.381433568998242,21.415714566387816,0.9947104306536758,1.0581811269124348,1.2280161607676623,1.0581811269124348,0.3333333333333333,1.0,1.0,0,
reference,published_monthly_6,augmented_price,101,terms,monthly_barrier,0.005,6,6,16.221616494055525,22.422532776524196,0.9942013818512497,1.043379306793213,1.2180325709440956,-1.043379306793213,0.3333333333333333,1.0,1.0,0,
reference,published_monthly_6,augmented_price,101,terms,monthly_barrier,0.01,6,6,17.055386133388613,22.999289977398394,0.9938992386967486,2.0760297775268555,2.425186966922908,-2.0708640416463218,0.16666666666666666,1.0,1.0,0,
reference,published_monthly_6,augmented_price,101,terms,monthly_barrier,0.025,6,6,19.470069634314314,24.957280618681626,0.992816274981147,5.149344603220622,5.977720103351783,-5.052387714385986,0.16666666666666666,0.3333333333333333,1.0,0,
reference,published_monthly_6,augmented_price,101,terms,monthly_barrier,0.05,6,6,23.180955476955507,28.713398120403028,0.9904912296069683,10.123650232950846,11.637794152308617,-9.645620981852213,0.0,0.16666666666666666,0.3333333333333333,0,
reference,published_monthly_6,augmented_price,233,schedule,nobs_early,1.0,6,6,115.64130005002426,136.40491651982123,0.802837141332381,89.00877230655816,106.62374300591347,-54.47461541742087,0.0,0.0,0.0,4,0.5
reference,published_monthly_6,augmented_price,233,schedule,nobs_late,1.0,6,6,472.88694112385775,477.9606576492624,-2.9807217219042816,464.9287927844044,476.22316439233356,-464.9287927844044,0.0,0.0,0.0,6,0.5
reference,published_monthly_6,augmented_price,233,schedule,nobs_middle,1.0,6,6,459.92420373908834,461.0566599352607,-2.1115936583637556,451.9660553996348,455.2188234418086,-451.9660553996348,0.0,0.0,0.0,6,0.5
reference,published_monthly_6,augmented_price,233,schedule,tenor_months,-12.0,6,6,533.1992112470585,548.9961919160252,-6.911309739321335,541.1573595865112,553.5248871076354,541.1573595865112,0.0,0.0,0.0,5,0.6
reference,published_monthly_6,augmented_price,233,schedule,tenor_months,-6.0,6,6,323.7286550110827,339.7984594907418,-0.8918440015149149,331.6868033505355,341.18598692658907,331.6868033505355,0.0,0.0,0.0,5,0.6
reference,published_monthly_6,augmented_price,233,schedule,tenor_months,-3.0,6,6,136.27926066962846,147.79745018607048,0.7049346263751157,144.23740900908078,146.66378312821013,144.23740900908078,0.0,0.0,0.0,4,0.75
reference,published_monthly_6,augmented_price,233,schedule,tenor_months,-1.0,6,6,35.52231838264379,45.01907704187474,0.9755981945913738,16.07390200626105,19.388644362685444,12.732065515282253,0.16666666666666666,0.16666666666666666,0.3333333333333333,3,1.0
reference,published_monthly_6,augmented_price,233,schedule,tenor_months,1.0,6,6,54.40981127621793,60.77353823343633,0.9602662726836886,42.75277166006466,43.21250831623842,-42.75277166006466,0.0,0.0,0.0,3,1.0
reference,published_monthly_6,augmented_price,233,schedule,tenor_months,3.0,6,6,132.5597396625411,136.8526482624556,0.8136716624377806,124.60159132308843,125.63662505662836,-124.60159132308843,0.0,0.0,0.0,6,0.6666666666666666
reference,published_monthly_6,augmented_price,233,schedule,tenor_months,6.0,6,6,246.7210572588568,249.75395011571302,0.44539307545761875,238.76290891940394,240.47433535505886,-238.76290891940394,0.0,0.0,0.0,4,0.75
reference,published_monthly_6,augmented_price,233,schedule,tenor_months,12.0,6,6,454.2441452338044,457.8599219720715,-0.5501475850270179,446.28599689435214,449.4500638791335,-446.28599689435214,0.0,0.0,0.0,5,0.8
reference,published_monthly_6,augmented_price,233,terms,coupon_regular,-0.01,6,6,26.31526717471176,30.16261436027495,0.9890863973660541,10.120249286293983,12.34150316134276,0.984921599427859,0.0,0.3333333333333333,0.6666666666666666,6,1.0
reference,published_monthly_6,augmented_price,233,terms,coupon_regular,-0.005,6,6,26.449923103986595,32.54906822963005,0.9875360094100732,4.9924481759468735,6.277848687390975,0.6722044133477757,0.16666666666666666,0.6666666666666666,0.6666666666666666,6,1.0
reference,published_monthly_6,augmented_price,233,terms,coupon_regular,-0.0025,6,6,26.617023463981543,34.13239101412954,0.986428681334741,2.4877869536479307,3.1755883076959153,0.39498785965972455,0.16666666666666666,0.8333333333333334,1.0,6,1.0
reference,published_monthly_6,augmented_price,233,terms,coupon_regular,-0.001,6,6,26.742664823205512,35.19535378357443,0.9856561940006561,0.9941282785601085,1.2803621314264877,0.17379009889231778,0.6666666666666666,1.0,1.0,6,1.0
reference,published_monthly_6,augmented_price,233,terms,coupon_regular,0.001,6,6,27.485131857813638,36.73821512619805,0.9844959008331811,0.9939901166492037,1.2948098619432205,-0.19681214955117987,0.6666666666666666,1.0,1.0,6,1.0
reference,published_monthly_6,augmented_price,233,terms,coupon_regular,0.0025,6,6,28.818251442267865,37.98773724964822,0.9835233519577792,2.5025877025392327,3.2681163458746156,-0.5388224985864435,0.3333333333333333,0.8333333333333334,1.0,6,1.0
reference,published_monthly_6,augmented_price,233,terms,coupon_regular,0.005,6,6,31.185124249611665,40.24409422447395,0.981694811845844,5.083760990036858,6.648377451254128,-1.2449130084779512,0.16666666666666666,0.6666666666666666,0.8333333333333334,6,1.0
reference,published_monthly_6,augmented_price,233,terms,coupon_regular,0.01,6,6,36.463361522907384,45.41771186258931,0.9771604262292287,10.514479418595634,13.819212291605313,-3.2433256341351395,0.0,0.3333333333333333,0.6666666666666666,6,1.0
reference,published_monthly_6,augmented_price,233,terms,first_strike,-0.05,6,6,23.962081453969706,30.056225557770915,0.9858531332373532,21.438080360078146,25.35560531379026,14.404468930843805,0.0,0.16666666666666666,0.3333333333333333,6,0.6666666666666666
reference,published_monthly_6,augmented_price,233,terms,first_strike,-0.025,6,6,24.684025132511426,32.14893453306411,0.9863845558444972,11.146650804413689,13.534617012818499,9.957614802651937,0.16666666666666666,0.3333333333333333,0.5,5,0.8
reference,published_monthly_6,augmented_price,233,terms,first_strike,-0.01,6,6,25.41456131916463,33.5733855213804,0.9863048768310256,4.487376466600431,5.502834444101419,4.420550998507275,0.16666666666666666,0.5,1.0,5,0.8
reference,published_monthly_6,augmented_price,233,terms,first_strike,-0.005,6,6,26.36097563109858,34.89459242205836,0.9855949654334897,2.4861067562467523,2.7469373431046096,1.99644960090518,0.16666666666666666,1.0,1.0,5,0.8
reference,published_monthly_6,augmented_price,233,terms,first_strike,0.005,6,6,28.334268851102326,37.279954275281106,0.9843521185895667,2.545501065750917,3.092237688134866,-2.5037524675329528,0.3333333333333333,1.0,1.0,6,0.6666666666666666
reference,published_monthly_6,augmented_price,233,terms,first_strike,0.01,6,6,30.009779950500768,38.66119831388945,0.9835449407058311,5.195559125393629,6.1449314400216295,-5.072822117971049,0.16666666666666666,0.3333333333333333,1.0,6,0.6666666666666666
reference,published_monthly_6,augmented_price,233,terms,first_strike,0.025,6,6,35.093521868499614,43.95954810558697,0.9799291109173305,14.211366517055367,16.19765767892894,-14.211366517055367,0.0,0.16666666666666666,0.3333333333333333,6,0.6666666666666666
reference,published_monthly_6,augmented_price,233,terms,first_strike,0.05,6,6,45.68238756215851,56.793802729574956,0.9690688499295556,32.21924643860095,34.80555405137622,-32.21924643860095,0.0,0.0,0.16666666666666666,6,0.6666666666666666
reference,published_monthly_6,augmented_price,233,terms,ki_barrier,-0.05,1,1,16.3088121910896,16.3088121910896,,4.893269255757318,4.893269255757318,-4.893269255757318,0.0,1.0,1.0,1,1.0
reference,published_monthly_6,augmented_price,233,terms,ki_barrier,-0.025,1,1,12.929770675798864,12.929770675798864,,1.5142277404665947,1.5142277404665947,-1.5142277404665947,0.0,1.0,1.0,1,1.0
reference,published_monthly_6,augmented_price,233,terms,ki_barrier,-0.01,1,1,11.313160394629449,11.313160394629449,,0.10238254070281982,0.10238254070281982,0.10238254070281982,1.0,1.0,1.0,1,1.0
reference,published_monthly_6,augmented_price,233,terms,ki_barrier,-0.005,1,1,11.262324442466706,11.262324442466706,,0.15321849286556244,0.15321849286556244,0.15321849286556244,1.0,1.0,1.0,1,1.0
reference,published_monthly_6,augmented_price,233,terms,ki_barrier,0.005,1,1,11.521625774601489,11.521625774601489,,0.1060828392704325,0.1060828392704325,-0.1060828392704325,1.0,1.0,1.0,1,1.0
reference,published_monthly_6,augmented_price,233,terms,ki_barrier,0.01,1,1,11.43015956382078,11.43015956382078,,0.014616628487905459,0.014616628487905459,-0.014616628487905459,1.0,1.0,1.0,1,1.0
reference,published_monthly_6,augmented_price,233,terms,ki_barrier,0.025,1,1,13.128182371458024,13.128182371458024,,1.7126394361257553,1.7126394361257553,-1.7126394361257553,0.0,1.0,1.0,1,1.0
reference,published_monthly_6,augmented_price,233,terms,ki_barrier,0.05,1,1,19.159261522194356,19.159261522194356,,7.743718586862087,7.743718586862087,-7.743718586862087,0.0,0.0,1.0,1,1.0
reference,published_monthly_6,augmented_price,233,terms,last_strike,-0.05,6,6,35.15876509135372,42.15438448856595,0.977965342796148,25.4889447995358,29.877008156336235,-12.423626281321049,0.16666666666666666,0.16666666666666666,0.3333333333333333,6,1.0
reference,published_monthly_6,augmented_price,233,terms,last_strike,-0.025,6,6,31.077104123619392,37.63385461464349,0.9832858184315337,12.875337894592022,14.654723175317702,-4.6271437414818335,0.16666666666666666,0.16666666666666666,0.3333333333333333,6,1.0
reference,published_monthly_6,augmented_price,233,terms,last_strike,-0.01,6,6,27.441403799690306,35.66264304495227,0.98519920359462,5.153597282452717,5.813684039973944,-1.1532079548471508,0.16666666666666666,0.3333333333333333,1.0,6,1.0
reference,published_monthly_6,augmented_price,233,terms,last_strike,-0.005,6,6,27.098984846742194,35.763091521378314,0.9851771740504922,2.5472361192935042,2.791523922944543,-0.7503393238617315,0.16666666666666666,1.0,1.0,6,1.0
reference,published_monthly_6,augmented_price,233,terms,last_strike,0.005,6,6,27.9340423491473,36.23734019585802,0.9849202352837776,2.5446161321467824,3.024502796521998,0.5633776510755218,0.3333333333333333,1.0,1.0,6,1.0
reference,published_monthly_6,augmented_price,233,terms,last_strike,0.01,6,6,29.268162577620085,36.561724118570574,0.984692428145401,5.314477701567942,6.110075961125886,1.378499269071553,0.16666666666666666,0.5,1.0,6,1.0
reference,published_monthly_6,augmented_price,233,terms,last_strike,0.025,6,6,33.56900529242648,38.42896979946006,0.983097317426997,13.614066016756825,15.534388853873178,2.7671617290212036,0.0,0.16666666666666666,0.5,6,1.0
reference,published_monthly_6,augmented_price,233,terms,last_strike,0.05,6,6,40.24143915012822,44.73353132619866,0.9764322403162027,28.14005044019885,33.446877396888056,2.562166400253775,0.16666666666666666,0.16666666666666666,0.16666666666666666,6,1.0
reference,published_monthly_6,augmented_price,233,terms,monthly_barrier,-0.05,6,6,28.511826502883498,35.835633510265495,0.985188967044059,9.885032971700033,10.540043388170943,9.885032971700033,0.0,0.16666666666666666,0.5,0,
reference,published_monthly_6,augmented_price,233,terms,monthly_barrier,-0.025,6,6,27.62431334217793,35.49186439394446,0.9854717667951522,5.325078964233398,5.618517351066581,5.325078964233398,0.0,0.5,1.0,0,
reference,published_monthly_6,augmented_price,233,terms,monthly_barrier,-0.01,6,6,27.137244053288367,35.65012674206358,0.9853419117592687,2.2152066230773926,2.325835472864082,2.2152066230773926,0.16666666666666666,1.0,1.0,0,
reference,published_monthly_6,augmented_price,233,terms,monthly_barrier,-0.005,6,6,26.984060116215613,35.77903768322431,0.985235712735538,1.121064027150472,1.1753603969296964,1.121064027150472,0.3333333333333333,1.0,1.0,0,
reference,published_monthly_6,augmented_price,233,terms,monthly_barrier,0.005,6,6,27.239500079820875,36.16265187329878,0.9849174172550765,1.1474887530008953,1.1997492857513357,-1.1474887530008953,0.3333333333333333,1.0,1.0,0,
reference,published_monthly_6,augmented_price,233,terms,monthly_barrier,0.01,6,6,27.96439190136425,36.42151747940321,0.9847007110041471,2.3208061854044595,2.423633577144513,-2.3208061854044595,0.0,1.0,1.0,0,
reference,published_monthly_6,augmented_price,233,terms,monthly_barrier,0.025,6,6,30.22032836503816,37.481093622756504,0.9837975875315897,5.98520040512085,6.230164895747779,-5.98520040512085,0.0,0.16666666666666666,1.0,0,
reference,published_monthly_6,augmented_price,233,terms,monthly_barrier,0.05,6,6,34.22178685095938,40.219861441960866,0.98134323609772,12.521048386891684,12.97811168069304,-12.521048386891684,0.0,0.0,0.16666666666666666,0,
reference,published_monthly_6,augmented_price,47,schedule,nobs_early,1.0,6,6,124.96638611507508,137.93694434399842,0.7983834122961264,108.45367447783548,122.69622162230309,-108.45367447783548,0.0,0.0,0.0,4,0.75
reference,published_monthly_6,augmented_price,47,schedule,nobs_late,1.0,6,6,529.2774054297355,544.5738822955275,-4.1676267323138685,525.9540149269418,546.9962064286664,-525.9540149269418,0.0,0.0,0.0,6,0.5
reference,published_monthly_6,augmented_price,47,schedule,nobs_middle,1.0,6,6,533.469282175622,537.4805836353216,-3.228631477733771,530.1458916728282,536.3272143035188,-530.1458916728282,0.0,0.0,0.0,6,0.5
reference,published_monthly_6,augmented_price,47,schedule,tenor_months,-12.0,6,6,731.6757244738856,743.8275210777863,-13.522928857333,734.9991149766785,747.1185188885835,734.9991149766785,0.0,0.0,0.0,5,0.6
reference,published_monthly_6,augmented_price,47,schedule,tenor_months,-6.0,6,6,584.0441924637804,591.8891496196817,-4.740150356332609,587.3675829665735,593.8982604220141,587.3675829665735,0.0,0.0,0.0,5,0.6
reference,published_monthly_6,augmented_price,47,schedule,tenor_months,-3.0,6,6,250.12264207450517,258.57266115406895,0.09687144437915618,253.44603257729773,257.1873133180596,253.44603257729773,0.0,0.0,0.0,4,0.75
reference,published_monthly_6,augmented_price,47,schedule,tenor_months,-1.0,6,6,39.307706230216354,47.292635935968484,0.9730712727803941,18.13326687934912,20.624401740781753,13.681070801181098,0.0,0.16666666666666666,0.16666666666666666,3,1.0
reference,published_monthly_6,augmented_price,47,schedule,tenor_months,1.0,6,6,49.03138615491056,57.792173485614114,0.9640690814657905,40.68627862570187,41.00401560310021,-40.68627862570187,0.0,0.0,0.0,3,1.0
reference,published_monthly_6,augmented_price,47,schedule,tenor_months,3.0,6,6,122.60049890809569,128.9155194957824,0.8346581078340023,119.27710840530278,120.83992324918019,-119.27710840530278,0.0,0.0,0.0,6,0.6666666666666666
reference,published_monthly_6,augmented_price,47,schedule,tenor_months,6.0,6,6,234.89450232467303,239.62222458667156,0.4894776642463343,231.57111182187995,234.1974340468881,-231.57111182187995,0.0,0.0,0.0,4,0.75
reference,published_monthly_6,augmented_price,47,schedule,tenor_months,12.0,6,6,452.9538040154918,458.95619357593233,-0.5575796276512022,449.6304135126993,455.23902287674537,-449.6304135126993,0.0,0.0,0.0,5,0.8
reference,published_monthly_6,augmented_price,47,terms,coupon_regular,-0.01,6,6,25.580507027709547,28.196820147746973,0.9904625902285499,8.81941323975722,11.322398304970928,-2.464796558022499,0.0,0.5,0.6666666666666666,6,1.0
reference,published_monthly_6,augmented_price,47,terms,coupon_regular,-0.005,6,6,29.5613160904295,32.599063222836925,0.9874976909128315,4.467091336846352,5.5792366336969765,-0.9414920028712999,0.0,0.6666666666666666,0.8333333333333334,6,1.0
reference,published_monthly_6,augmented_price,47,terms,coupon_regular,-0.0025,6,6,31.48652082443641,34.800694151503485,0.985892032933391,2.245112030042542,2.773740898191624,-0.3905020174052982,0.0,0.8333333333333334,1.0,6,1.0
reference,published_monthly_6,augmented_price,47,terms,coupon_regular,-0.001,6,6,32.624041746991374,36.11652440434875,0.9848955250561542,0.9004710035191641,1.1062692918951536,-0.13635273608896478,0.6666666666666666,1.0,1.0,6,1.0
reference,published_monthly_6,augmented_price,47,terms,coupon_regular,0.001,6,6,34.12201127999773,37.862782736723126,0.9835322035396795,0.9035437073972487,1.103109923510985,0.10856231384807143,0.6666666666666666,1.0,1.0,6,1.0
reference,published_monthly_6,augmented_price,47,terms,coupon_regular,0.0025,6,6,35.231953262558214,39.16583524588022,0.9824855380854505,2.2629770305421624,2.752409600277273,0.21934858295652523,0.16666666666666666,0.8333333333333334,1.0,6,1.0
reference,published_monthly_6,augmented_price,47,terms,coupon_regular,0.005,6,6,37.059344390304126,41.32749086849251,0.9806959710535725,4.540166629685295,5.4961203754979335,0.260700318548416,0.0,0.6666666666666666,0.8333333333333334,6,1.0
reference,published_monthly_6,augmented_price,47,terms,coupon_regular,0.01,6,6,40.640419952675074,45.631032902577545,0.9769453734059271,9.120922823747001,11.004191877738226,-0.21103867226176712,0.16666666666666666,0.16666666666666666,0.6666666666666666,6,1.0
reference,published_monthly_6,augmented_price,47,terms,first_strike,-0.05,6,6,24.491498832590878,34.529039613661205,0.9813293095334696,13.948955426199566,17.04562923613107,10.17710884122385,0.0,0.16666666666666666,0.5,6,0.8333333333333334
reference,published_monthly_6,augmented_price,47,terms,first_strike,-0.025,6,6,29.200077253601194,36.258121368784444,0.9826815411753735,7.322814159923129,9.230130769911794,7.050100230508382,0.3333333333333333,0.3333333333333333,0.8333333333333334,5,1.0
reference,published_monthly_6,augmented_price,47,terms,first_strike,-0.01,6,6,31.6190666153819,36.218245181620844,0.9840621227987668,3.068220949628287,3.6970854208127,3.068220949628287,0.16666666666666666,0.8333333333333334,1.0,5,1.0
reference,published_monthly_6,augmented_price,47,terms,first_strike,-0.005,6,6,32.96115411952572,37.052897806228444,0.9837578916997132,1.721875869151619,1.839275240669552,1.2890418084959188,0.16666666666666666,1.0,1.0,5,1.0
reference,published_monthly_6,augmented_price,47,terms,first_strike,0.005,6,6,34.22374584950103,37.335165552466776,0.9843057355250991,1.787329984207948,2.1529374086511135,-1.7360446428259213,0.3333333333333333,1.0,1.0,6,0.8333333333333334
reference,published_monthly_6,augmented_price,47,terms,first_strike,0.01,6,6,34.808495863134034,37.55833988985937,0.9844703522388263,3.686468860755364,4.30469746205894,-3.4780998470054727,0.16666666666666666,0.8333333333333334,1.0,6,0.8333333333333334
reference,published_monthly_6,augmented_price,47,terms,first_strike,0.025,6,6,36.272365735533334,38.765306170034734,0.9843920232642936,10.009954701074294,11.629597827980152,-9.798337958960069,0.16666666666666666,0.16666666666666666,0.5,6,0.8333333333333334
reference,published_monthly_6,augmented_price,47,terms,first_strike,0.05,6,6,37.95285278010336,43.55700661010747,0.9818067527126564,22.111689459739456,25.236364808576127,-22.111689459739456,0.16666666666666666,0.16666666666666666,0.16666666666666666,6,0.8333333333333334
reference,published_monthly_6,augmented_price,47,terms,ki_barrier,-0.05,1,1,20.757528255382567,20.757528255382567,,8.460607245564447,8.460607245564447,-8.460607245564447,0.0,0.0,1.0,1,1.0
reference,published_monthly_6,augmented_price,47,terms,ki_barrier,-0.025,1,1,25.92590120683053,25.92590120683053,,3.292234294116497,3.292234294116497,-3.292234294116497,0.0,1.0,1.0,1,1.0
reference,published_monthly_6,augmented_price,47,terms,ki_barrier,-0.01,1,1,28.61003067592719,28.61003067592719,,0.6081048250198364,0.6081048250198364,-0.6081048250198364,1.0,1.0,1.0,1,1.0
reference,published_monthly_6,augmented_price,47,terms,ki_barrier,-0.005,1,1,29.016706357399016,29.016706357399016,,0.20142914354801178,0.20142914354801178,-0.20142914354801178,1.0,1.0,1.0,1,1.0
reference,published_monthly_6,augmented_price,47,terms,ki_barrier,0.005,1,1,29.46789239098689,29.46789239098689,,0.24975689003864954,0.24975689003864954,0.24975689003864954,1.0,1.0,1.0,1,1.0
reference,published_monthly_6,augmented_price,47,terms,ki_barrier,0.01,1,1,29.914006238181173,29.914006238181173,,0.6958707372347508,0.6958707372347508,0.6958707372347508,1.0,1.0,1.0,1,1.0
reference,published_monthly_6,augmented_price,47,terms,ki_barrier,0.025,1,1,29.28111843268016,29.28111843268016,,0.06298293173313141,0.06298293173313141,0.06298293173313141,1.0,1.0,1.0,1,1.0
reference,published_monthly_6,augmented_price,47,terms,ki_barrier,0.05,1,1,25.02983397493699,25.02983397493699,,4.1883015260100365,4.1883015260100365,-4.1883015260100365,0.0,1.0,1.0,1,1.0
reference,published_monthly_6,augmented_price,47,terms,last_strike,-0.05,6,6,41.020809274684325,41.404141578476,0.978742687178395,14.907332212560709,17.946079334941775,-6.649326977630458,0.16666666666666666,0.16666666666666666,0.3333333333333333,6,1.0
reference,published_monthly_6,augmented_price,47,terms,last_strike,-0.025,6,6,38.25410412262287,39.566561906440626,0.9815250046095201,7.572511331074768,9.243967693527317,-2.3271991817487607,0.16666666666666666,0.5,0.6666666666666666,6,1.0
reference,published_monthly_6,augmented_price,47,terms,last_strike,-0.01,6,6,34.95560251145313,37.50376339134766,0.9836315433892544,3.0450829735232734,3.844739509483751,-0.37328117796116445,0.16666666666666666,0.8333333333333334,1.0,6,1.0
reference,published_monthly_6,augmented_price,47,terms,last_strike,-0.005,6,6,34.15542196948081,37.20310339935688,0.9839594505866989,1.496306890828742,1.8220199480063441,-0.383274053119951,0.5,1.0,1.0,6,1.0
reference,published_monthly_6,augmented_price,47,terms,last_strike,0.005,6,6,32.14171404815837,36.44273991074197,0.9847488011991498,1.4962697716222868,1.9638035590763916,0.24022113531827904,0.5,1.0,1.0,6,1.0
reference,published_monthly_6,augmented_price,47,terms,last_strike,0.01,6,6,30.903063472463753,36.070763314790334,0.985100776406962,3.2377525365187068,4.011826234946014,0.7759956514669795,0.3333333333333333,0.6666666666666666,1.0,6,1.0
reference,published_monthly_6,augmented_price,47,terms,last_strike,0.025,6,6,28.907940619625453,34.82460687537479,0.9861193246605631,8.7868668689496,10.94869802117677,1.5698037565582315,0.16666666666666666,0.3333333333333333,0.6666666666666666,6,1.0
reference,published_monthly_6,augmented_price,47,terms,last_strike,0.05,6,6,28.84165347253626,35.26701717965272,0.9853516268960815,22.402340835167298,25.316514856369015,1.06221551448107,0.0,0.0,0.0,6,1.0
reference,published_monthly_6,augmented_price,47,terms,monthly_barrier,-0.05,6,6,31.846617034429375,43.02702197578006,0.9786480397570037,15.987555185953775,18.3799451929352,15.987555185953775,0.0,0.0,0.3333333333333333,0,
reference,published_monthly_6,augmented_price,47,terms,monthly_barrier,-0.025,6,6,31.287529073758986,39.19057669420734,0.9822859248057714,8.146464824676514,9.31879526496425,8.146464824676514,0.0,0.3333333333333333,0.6666666666666666,0,
reference,published_monthly_6,augmented_price,47,terms,monthly_barrier,-0.01,6,6,32.56515463451948,37.635764325946234,0.9836635888118462,3.282825152079264,3.7472308799472533,3.282825152079264,0.0,0.6666666666666666,1.0,0,
reference,published_monthly_6,augmented_price,47,terms,monthly_barrier,-0.005,6,6,32.974737885201044,37.271603871103416,0.9839781987932443,1.6443928082784016,1.875780252007091,1.6443928082784016,0.3333333333333333,1.0,1.0,0,
reference,published_monthly_6,augmented_price,47,terms,monthly_barrier,0.005,6,6,33.76817504823612,36.79637968002003,0.9843841597216052,1.6494592030843098,1.879847437179383,-1.6494592030843098,0.3333333333333333,1.0,1.0,0,
reference,published_monthly_6,augmented_price,47,terms,monthly_barrier,0.01,6,6,34.15202896058963,36.69033156969998,0.984474040519987,3.302296002705892,3.761912720327039,-3.302296002705892,0.0,0.6666666666666666,1.0,0,
reference,published_monthly_6,augmented_price,47,terms,monthly_barrier,0.025,6,6,35.25223136206872,36.91088682990885,0.984286818210039,8.268256982167562,9.40983175077171,-8.268256982167562,0.0,0.3333333333333333,0.6666666666666666,0,
reference,published_monthly_6,augmented_price,47,terms,monthly_barrier,0.05,6,6,36.911525331540965,38.99176049928257,0.9824651980931445,16.49618148803711,18.76149377864446,-16.49618148803711,0.0,0.0,0.3333333333333333,0,
reference,published_monthly_6,augmented_price,ensemble,schedule,nobs_early,1.0,6,6,98.35496527173898,119.98819954606435,0.8474394901321771,80.10950081836883,99.161236119733,-50.11039644065855,0.0,0.16666666666666666,0.3333333333333333,4,0.5
reference,published_monthly_6,augmented_price,ensemble,schedule,nobs_late,1.0,6,6,495.83068949201515,505.7699776702032,-3.4574205506419498,489.3799757326232,504.51365908695215,-489.3799757326232,0.0,0.0,0.0,6,0.5
reference,published_monthly_6,augmented_price,ensemble,schedule,nobs_middle,1.0,6,6,485.92225967399463,488.3837181254728,-2.491376078193541,479.4715459146025,483.43315940331235,-479.4715459146025,0.0,0.0,0.0,6,0.5
reference,published_monthly_6,augmented_price,ensemble,schedule,tenor_months,-12.0,6,6,714.2519622583774,726.9841373436946,-12.87265524522934,720.7026760177686,732.1700857435449,720.7026760177686,0.0,0.0,0.0,5,0.6
reference,published_monthly_6,augmented_price,ensemble,schedule,tenor_months,-6.0,6,6,479.62049732336527,492.05750616967043,-2.9671099152186104,486.07121108275686,496.19266413243963,486.07121108275686,0.0,0.0,0.0,5,0.6
reference,published_monthly_6,augmented_price,ensemble,schedule,tenor_months,-3.0,6,6,225.91146716258208,235.95672816961508,0.2479458794784416,232.36218092197308,238.0659050970106,232.36218092197308,0.0,0.0,0.0,4,0.75
reference,published_monthly_6,augmented_price,ensemble,schedule,tenor_months,-1.0,6,6,31.85216238059972,41.0925048090993,0.97966922122535,19.153011727975265,24.44135842647054,18.251256939333803,0.0,0.3333333333333333,0.3333333333333333,3,1.0
reference,published_monthly_6,augmented_price,ensemble,schedule,tenor_months,1.0,6,6,53.39948684318521,59.847043031679576,0.9614685228755975,46.948773083794144,47.42897116405434,-46.948773083794144,0.0,0.0,0.0,3,1.0
reference,published_monthly_6,augmented_price,ensemble,schedule,tenor_months,3.0,6,6,143.1712539129782,146.63366188163772,0.7860856802090737,136.72054015358708,138.4061481869437,-136.72054015358708,0.0,0.0,0.0,6,0.6666666666666666
reference,published_monthly_6,augmented_price,ensemble,schedule,tenor_months,6.0,6,6,269.409432837843,272.91852655772817,0.3377429473376876,262.95871907845157,265.7777730030738,-262.95871907845157,0.0,0.0,0.0,4,0.75
reference,published_monthly_6,augmented_price,ensemble,schedule,tenor_months,12.0,6,6,497.55748293072764,502.85339252658235,-0.8697802026225512,491.1067691713368,496.3744440311423,-491.1067691713368,0.0,0.0,0.0,5,0.8
reference,published_monthly_6,augmented_price,ensemble,terms,coupon_regular,-0.01,6,6,16.28556003928558,20.024040736748614,0.9951901269469181,8.581789389252847,10.3603033133679,-1.5773496246999532,0.0,0.3333333333333333,0.8333333333333334,6,1.0
reference,published_monthly_6,augmented_price,ensemble,terms,coupon_regular,-0.005,6,6,20.126861119539473,23.77632109461031,0.9933492701790351,4.3008274916148,5.16773461343786,-0.5157492707175505,0.0,0.8333333333333334,0.8333333333333334,6,1.0
reference,published_monthly_6,augmented_price,ensemble,terms,coupon_regular,-0.0025,6,6,22.033588413666923,25.809727365985275,0.992240111913994,2.1560693134859847,2.587354137048503,-0.18304473989570505,0.16666666666666666,0.8333333333333334,1.0,6,1.0
reference,published_monthly_6,augmented_price,ensemble,terms,coupon_regular,-0.001,6,6,23.17697045962359,27.067376222467896,0.9915162853717325,0.8642446249727751,1.0367776579436099,-0.0545619179804504,0.8333333333333334,1.0,1.0,6,1.0
reference,published_monthly_6,augmented_price,ensemble,terms,coupon_regular,0.001,6,6,24.703649563197057,28.783111010033952,0.990483310561364,0.8668206234771763,1.0401627991069757,0.028526521391215216,0.6666666666666666,1.0,1.0,6,1.0
reference,published_monthly_6,augmented_price,ensemble,terms,coupon_regular,0.0025,6,6,25.852069655329917,30.098038711040193,0.9896567170159632,2.1730733580061323,2.6088676885945885,0.021759185525549302,0.3333333333333333,1.0,1.0,6,1.0
reference,published_monthly_6,augmented_price,ensemble,terms,coupon_regular,0.005,6,6,27.77741108265612,32.343892124340584,0.9881762716676503,4.369796686702117,5.255033614537251,-0.1272928052477731,0.0,0.6666666666666666,1.0,6,1.0
reference,published_monthly_6,augmented_price,ensemble,terms,coupon_regular,0.01,6,6,31.69879605300351,37.05972146004932,0.9847930613060831,8.857072929541273,10.721698923341641,-0.9750377635166032,0.0,0.3333333333333333,0.6666666666666666,6,1.0
reference,published_monthly_6,augmented_price,ensemble,terms,first_strike,-0.05,6,6,19.504882499264266,23.585403857031263,0.9912887993921109,16.197673105117037,19.88299165187233,14.019058674987145,0.0,0.16666666666666666,0.5,6,0.6666666666666666
reference,published_monthly_6,augmented_price,ensemble,terms,first_strike,-0.025,6,6,19.710959139900904,25.41416198844223,0.9914915542883801,9.350773291455253,11.022544169934967,9.350773291455253,0.16666666666666666,0.3333333333333333,0.5,5,0.8
reference,published_monthly_6,augmented_price,ensemble,terms,first_strike,-0.01,6,6,21.703436592696864,26.21083342830642,0.9916528670950052,4.0759368106310765,4.521843362508042,4.0759368106310765,0.0,0.5,1.0,5,0.8
reference,published_monthly_6,augmented_price,ensemble,terms,first_strike,-0.005,6,6,23.275664253056977,27.354441462880583,0.9911477484241266,2.068377537445705,2.215129280669068,1.8070061715938788,0.16666666666666666,1.0,1.0,5,0.8
reference,published_monthly_6,augmented_price,ensemble,terms,first_strike,0.005,6,6,25.05698196103549,28.949993730631533,0.9905636997278102,2.280930437147802,2.5664460072377766,-2.280930437147802,0.16666666666666666,1.0,1.0,6,0.6666666666666666
reference,published_monthly_6,augmented_price,ensemble,terms,first_strike,0.01,6,6,25.929158817252755,29.980847671321254,0.9901045250149728,4.593468319211235,5.104977003097677,-4.593468319211235,0.16666666666666666,0.3333333333333333,1.0,6,0.6666666666666666
reference,published_monthly_6,augmented_price,ensemble,terms,first_strike,0.025,6,6,28.3656771513112,34.22599375413126,0.9878333138337261,12.767708906903986,13.690111113504244,-12.767708906903986,0.0,0.16666666666666666,0.3333333333333333,6,0.6666666666666666
reference,published_monthly_6,augmented_price,ensemble,terms,first_strike,0.05,6,6,36.34220727108883,45.11248229954613,0.9804841433157798,28.564985008496745,29.769016255133458,-28.564985008496745,0.0,0.0,0.0,6,0.6666666666666666
reference,published_monthly_6,augmented_price,ensemble,terms,ki_barrier,-0.05,1,1,7.959020247060835,7.959020247060835,,5.278712625305587,5.278712625305587,-5.278712625305587,0.0,0.0,1.0,1,1.0
reference,published_monthly_6,augmented_price,ensemble,terms,ki_barrier,-0.025,1,1,11.625356150168955,11.625356150168955,,1.6123767221974816,1.6123767221974816,-1.6123767221974816,0.0,1.0,1.0,1,1.0
reference,published_monthly_6,augmented_price,ensemble,terms,ki_barrier,-0.01,1,1,13.32402215898037,13.32402215898037,,0.08628928661346436,0.08628928661346436,0.08628928661346436,1.0,1.0,1.0,1,1.0
reference,published_monthly_6,augmented_price,ensemble,terms,ki_barrier,-0.005,1,1,13.386977722246229,13.386977722246229,,0.14924484987979625,0.14924484987979625,0.14924484987979625,1.0,1.0,1.0,1,1.0
reference,published_monthly_6,augmented_price,ensemble,terms,ki_barrier,0.005,1,1,13.128073754411162,13.128073754411162,,0.10965911795695593,0.10965911795695593,-0.10965911795695593,1.0,1.0,1.0,1,1.0
reference,published_monthly_6,augmented_price,ensemble,terms,ki_barrier,0.01,1,1,13.207817718384831,13.207817718384831,,0.029915153980995868,0.029915153980995868,-0.029915153980995868,1.0,1.0,1.0,1,1.0
reference,published_monthly_6,augmented_price,ensemble,terms,ki_barrier,0.025,1,1,11.427143136659652,11.427143136659652,,1.810589735707019,1.810589735707019,-1.810589735707019,0.0,1.0,1.0,1,1.0
reference,published_monthly_6,augmented_price,ensemble,terms,ki_barrier,0.05,1,1,5.0986368084941205,5.0986368084941205,,8.139096063872543,8.139096063872543,-8.139096063872543,0.0,0.0,1.0,1,1.0
reference,published_monthly_6,augmented_price,ensemble,terms,last_strike,-0.05,6,6,32.472476689456016,35.08412930775167,0.9847369193257323,17.85062887022924,20.99454192821386,-7.226730417046716,0.0,0.3333333333333333,0.3333333333333333,6,1.0
reference,published_monthly_6,augmented_price,ensemble,terms,last_strike,-0.025,6,6,29.31436770336889,31.287967743073224,0.9884473286054829,8.936017532315951,10.666396955326256,-2.4021354657084752,0.0,0.3333333333333333,0.5,6,1.0
reference,published_monthly_6,augmented_price,ensemble,terms,last_strike,-0.01,6,6,25.731452595545914,28.61446176163745,0.9904713978563133,3.675855328225613,4.36429854584438,-0.35003536649894745,0.16666666666666666,0.6666666666666666,1.0,6,1.0
reference,published_monthly_6,augmented_price,ensemble,terms,last_strike,-0.005,6,6,24.827791767505612,28.240371574383282,0.9907572391892446,1.7153539603784875,2.05585467232757,-0.3628429054390405,0.16666666666666666,1.0,1.0,6,1.0
reference,published_monthly_6,augmented_price,ensemble,terms,last_strike,0.005,6,6,22.592950614066165,27.546103978962186,0.9912863060112236,1.8398905487520436,2.314827346996854,0.20257086803478716,0.5,1.0,1.0,6,1.0
reference,published_monthly_6,augmented_price,ensemble,terms,last_strike,0.01,6,6,21.236481523864615,27.157999355887434,0.9915540497392981,3.692105498165201,4.646189173658415,0.6834428836074758,0.16666666666666666,0.6666666666666666,1.0,6,1.0
reference,published_monthly_6,augmented_price,ensemble,terms,last_strike,0.025,6,6,22.056897973124553,26.595682103482744,0.9919041879365522,9.678007071630885,12.308335295778217,1.215619711825811,0.16666666666666666,0.3333333333333333,0.6666666666666666,6,1.0
reference,published_monthly_6,augmented_price,ensemble,terms,last_strike,0.05,6,6,27.577472070541564,30.113991283288737,0.9893195740042369,24.260581863422942,27.938058171507006,-0.006860016949140402,0.0,0.0,0.16666666666666666,6,1.0
reference,published_monthly_6,augmented_price,ensemble,terms,monthly_barrier,-0.05,6,6,20.77008824433263,29.583134151272475,0.9899064592365123,12.335711055331823,13.511741553540164,12.335711055331823,0.0,0.16666666666666666,0.5,0,
reference,published_monthly_6,augmented_price,ensemble,terms,monthly_barrier,-0.025,6,6,21.780820027925074,27.996967627836938,0.9909598181712339,6.299548678927643,6.879772525641027,6.299548678927643,0.0,0.5,0.8333333333333334,0,
reference,published_monthly_6,augmented_price,ensemble,terms,monthly_barrier,-0.01,6,6,23.0874862961676,27.75084657024348,0.9911180638253781,2.5429328282672303,2.774064634678067,2.5429328282672303,0.0,1.0,1.0,0,
reference,published_monthly_6,augmented_price,ensemble,terms,monthly_barrier,-0.005,6,6,23.515778782570425,27.80146535982134,0.9910856321735435,1.2745459874467329,1.389995239962361,1.2745459874467329,0.5,1.0,1.0,0,
reference,published_monthly_6,augmented_price,ensemble,terms,monthly_barrier,0.005,6,6,24.360045462122798,28.106199699064735,0.9908891387923514,1.2801090876266945,1.3954356559671437,-1.2801090876266945,0.5,1.0,1.0,0,
reference,published_monthly_6,augmented_price,ensemble,terms,monthly_barrier,0.01,6,6,24.776085882654115,28.360200951169137,0.9907237214122219,2.5646554099190144,2.795244823969253,-2.5646554099190144,0.0,1.0,1.0,0,
reference,published_monthly_6,augmented_price,ensemble,terms,monthly_barrier,0.025,6,6,25.997616849942762,29.510864970012403,0.9899557143916639,6.435281700558441,7.012536461244321,-6.435281700558441,0.0,0.5,0.8333333333333334,0,
reference,published_monthly_6,augmented_price,ensemble,terms,monthly_barrier,0.05,6,6,27.938873902894557,32.56682414769472,0.987767759995936,12.88761695226089,14.050176689227776,-12.88761695226089,0.0,0.0,0.5,0,
reference,published_monthly_6,prior_frozen_affine_coupon_delta,ensemble,schedule,nobs_early,1.0,6,6,129.871186106259,146.83060998842254,0.7715462642635937,191.67099730422117,202.66850093745882,-191.67099730422117,0.0,0.0,0.0,4,0.75
reference,published_monthly_6,prior_frozen_affine_coupon_delta,ensemble,schedule,nobs_late,1.0,6,6,438.91795604313876,447.8486558778509,-2.4949427724616817,539.1251513061837,554.7480052048516,-539.1251513061837,0.0,0.0,0.0,6,0.5
reference,published_monthly_6,prior_frozen_affine_coupon_delta,ensemble,schedule,nobs_middle,1.0,6,6,414.91451785185745,419.11059820190616,-1.5711745721293666,515.1217131149023,521.7712424880293,-515.1217131149023,0.0,0.0,0.0,6,0.5
reference,published_monthly_6,prior_frozen_affine_coupon_delta,ensemble,schedule,tenor_months,-12.0,6,6,465.8594730370157,486.99134233587404,-5.225184178718055,365.6522777739701,382.7849824876552,365.6522777739701,0.0,0.0,0.0,5,0.6
reference,published_monthly_6,prior_frozen_affine_coupon_delta,ensemble,schedule,tenor_months,-6.0,6,6,278.22411811745013,288.7068732326078,-0.3657045538211132,178.01692285440456,196.15602167656334,178.01692285440456,0.0,0.0,0.16666666666666666,5,0.6
reference,published_monthly_6,prior_frozen_affine_coupon_delta,ensemble,schedule,tenor_months,-3.0,6,6,85.58796070133303,112.35694800911219,0.8294765024702491,40.073060098414494,55.86417289124271,-14.61923456171308,0.0,0.0,0.0,4,0.5
reference,published_monthly_6,prior_frozen_affine_coupon_delta,ensemble,schedule,tenor_months,-1.0,6,6,97.18217688550521,127.866010684099,0.8031483692542843,39.20751310750398,45.20305926695635,-3.025018377540201,0.0,0.0,0.16666666666666666,3,0.6666666666666666
reference,published_monthly_6,prior_frozen_affine_coupon_delta,ensemble,schedule,tenor_months,1.0,6,6,87.03702243034604,119.79802801116857,0.8456062904173806,32.52812466791094,32.74016687221226,-32.52812466791094,0.0,0.0,0.0,3,1.0
reference,published_monthly_6,prior_frozen_affine_coupon_delta,ensemble,schedule,tenor_months,3.0,6,6,86.21333379629505,100.3013680602317,0.8999110321891843,92.31133794877651,93.41587070498142,-92.31133794877651,0.0,0.0,0.0,6,0.6666666666666666
reference,published_monthly_6,prior_frozen_affine_coupon_delta,ensemble,schedule,tenor_months,6.0,6,6,112.99012689116505,121.12879872342663,0.8695466078299903,164.54572188564478,167.062869067461,-164.54572188564478,0.0,0.0,0.0,4,0.75
reference,published_monthly_6,prior_frozen_affine_coupon_delta,ensemble,schedule,tenor_months,12.0,6,6,186.38020433009447,200.30101543354445,0.7033296867756754,260.1125115093051,269.4023379464231,-260.1125115093051,0.0,0.0,0.0,5,0.8
reference,published_monthly_6,prior_frozen_affine_coupon_delta,ensemble,terms,coupon_regular,-0.01,6,6,91.14246096803556,122.80294846434039,0.8190961696783994,23.04940053986185,25.300667319533705,-16.52900919814886,0.0,0.0,0.0,6,1.0
reference,published_monthly_6,prior_frozen_affine_coupon_delta,ensemble,terms,coupon_regular,-0.005,6,6,96.45058125888652,131.08536328219054,0.7978431810842666,11.524753684798752,12.650384918728442,-8.26455177366721,0.0,0.0,0.6666666666666666,6,1.0
reference,published_monthly_6,prior_frozen_affine_coupon_delta,ensemble,terms,coupon_regular,-0.0025,6,6,99.35169177222997,135.4798190197831,0.7861851624741594,5.76238653560461,6.325307128699509,-4.132249820563096,0.0,0.6666666666666666,1.0,6,1.0
reference,published_monthly_6,prior_frozen_affine_coupon_delta,ensemble,terms,coupon_regular,-0.001,6,6,101.09216122132602,138.1882776682505,0.7788758683300396,2.305073640412631,2.5303375920842934,-1.6530591497819864,0.0,1.0,1.0,6,1.0
reference,published_monthly_6,prior_frozen_affine_coupon_delta,ensemble,terms,coupon_regular,0.001,6,6,103.41330344612864,141.8775714813555,0.7687733305007379,2.3049917088616416,2.530056386998024,1.6529517736704162,0.0,1.0,1.0,6,1.0
reference,published_monthly_6,prior_frozen_affine_coupon_delta,ensemble,terms,coupon_regular,0.0025,6,6,105.15347884895466,144.69830345335464,0.760938911689598,5.762170741955316,6.324872388423629,4.131830579704585,0.0,0.6666666666666666,1.0,6,1.0
reference,published_monthly_6,prior_frozen_affine_coupon_delta,ensemble,terms,coupon_regular,0.005,6,6,108.47147482726662,149.49621714969928,0.7474017777276132,11.524633238712946,12.650144933742196,8.264279564221454,0.0,0.0,0.6666666666666666,6,1.0
reference,published_monthly_6,prior_frozen_affine_coupon_delta,ensemble,terms,coupon_regular,0.01,6,6,116.73595550749481,159.41186206725905,0.7186293700553994,23.049424234363585,25.300617155497815,16.528760244449042,0.0,0.0,0.0,6,1.0
reference,published_monthly_6,prior_frozen_affine_coupon_delta,ensemble,terms,first_strike,-0.05,6,6,81.68323154675,112.82793847282252,0.8006461226702695,28.09480397610182,32.70946897247575,-26.635646955420636,0.0,0.16666666666666666,0.3333333333333333,6,1.0
reference,published_monthly_6,prior_frozen_affine_coupon_delta,ensemble,terms,first_strike,-0.025,6,6,90.02083780544126,127.79150716541048,0.784869181745775,12.4270190224049,14.489534004879612,-11.151370144552656,0.16666666666666666,0.3333333333333333,0.3333333333333333,5,1.0
reference,published_monthly_6,prior_frozen_affine_coupon_delta,ensemble,terms,first_strike,-0.01,6,6,97.5036427754294,134.98710415162537,0.7786088639630001,4.786575076687482,5.62150132557304,-4.145530525387804,0.16666666666666666,0.5,1.0,5,1.0
reference,published_monthly_6,prior_frozen_affine_coupon_delta,ensemble,terms,first_strike,-0.005,6,6,99.70206835793579,137.59497988593694,0.7760231033696182,2.560261746661654,2.9985113751782735,-2.3055156357582685,0.3333333333333333,1.0,1.0,5,1.0
reference,published_monthly_6,prior_frozen_affine_coupon_delta,ensemble,terms,first_strike,0.005,6,6,104.44028445550582,142.30963359698245,0.771979756540329,2.398891159229685,2.690691210185072,1.8319887345039572,0.16666666666666666,1.0,1.0,6,1.0
reference,published_monthly_6,prior_frozen_affine_coupon_delta,ensemble,terms,first_strike,0.01,6,6,106.62938767723335,144.46835293579062,0.7702294982612542,4.649560403492777,5.242025688464339,3.6305487710574194,0.16666666666666666,0.5,1.0,6,1.0
reference,published_monthly_6,prior_frozen_affine_coupon_delta,ensemble,terms,first_strike,0.025,6,6,111.8386249826802,149.87206109590193,0.7667070944266652,10.378378640239498,11.651524627294771,7.750097305203539,0.0,0.16666666666666666,0.5,6,1.0
reference,published_monthly_6,prior_frozen_affine_coupon_delta,ensemble,terms,first_strike,0.05,6,6,118.44499585684419,157.43835979628253,0.7623076064151487,18.469488597785432,20.50262458580144,12.161941583165358,0.0,0.0,0.16666666666666666,6,1.0
reference,published_monthly_6,prior_frozen_affine_coupon_delta,ensemble,terms,ki_barrier,-0.05,1,1,222.59296189745328,222.59296189745328,,42.62335487703558,42.62335487703558,42.62335487703558,0.0,0.0,0.0,1,1.0
reference,published_monthly_6,prior_frozen_affine_coupon_delta,ensemble,terms,ki_barrier,-0.025,1,1,199.63032670070788,199.63032670070788,,19.66071968029017,19.66071968029017,19.66071968029017,0.0,0.0,0.0,1,1.0
reference,published_monthly_6,prior_frozen_affine_coupon_delta,ensemble,terms,ki_barrier,-0.01,1,1,187.96245243648627,187.96245243648627,,7.992845416069031,7.992845416069031,7.992845416069031,0.0,0.0,1.0,1,1.0
reference,published_monthly_6,prior_frozen_affine_coupon_delta,ensemble,terms,ki_barrier,-0.005,1,1,183.97566975156406,183.97566975156406,,4.006062731146812,4.006062731146812,4.006062731146812,0.0,1.0,1.0,1,1.0
reference,published_monthly_6,prior_frozen_affine_coupon_delta,ensemble,terms,ki_barrier,0.005,1,1,176.18750705570164,176.18750705570164,,3.7820999647172835,3.7820999647172835,-3.7820999647172835,0.0,1.0,1.0,1,1.0
reference,published_monthly_6,prior_frozen_affine_coupon_delta,ensemble,terms,ki_barrier,0.01,1,1,172.77263069649416,172.77263069649416,,7.196976323922476,7.196976323922476,-7.196976323922476,0.0,0.0,1.0,1,1.0
reference,published_monthly_6,prior_frozen_affine_coupon_delta,ensemble,terms,ki_barrier,0.025,1,1,161.49415465196034,161.49415465196034,,18.47545236845737,18.47545236845737,-18.47545236845737,0.0,0.0,0.0,1,1.0
reference,published_monthly_6,prior_frozen_affine_coupon_delta,ensemble,terms,ki_barrier,0.05,1,1,142.16448452323675,142.16448452323675,,37.80512249718073,37.80512249718073,-37.80512249718073,0.0,0.0,0.0,1,1.0
reference,published_monthly_6,prior_frozen_affine_coupon_delta,ensemble,terms,last_strike,-0.05,6,6,93.39580462221117,117.72914149585577,0.8281344833782314,37.0831798753804,41.22215349355187,-34.47164929327031,0.0,0.0,0.16666666666666666,6,1.0
reference,published_monthly_6,prior_frozen_affine_coupon_delta,ensemble,terms,last_strike,-0.025,6,6,95.48142728385483,128.17992438894552,0.8061044990166341,18.467127300799017,20.84237090545212,-17.85910997208609,0.0,0.16666666666666666,0.16666666666666666,6,1.0
reference,published_monthly_6,prior_frozen_affine_coupon_delta,ensemble,terms,last_strike,-0.01,6,6,99.4760831752792,134.979897462737,0.7879705342038499,7.149457977463925,8.287124273461682,-6.965256866895861,0.16666666666666666,0.3333333333333333,0.6666666666666666,6,1.0
reference,published_monthly_6,prior_frozen_affine_coupon_delta,ensemble,terms,last_strike,-0.005,6,6,100.62757400847568,137.20232439437157,0.781835622666499,3.7413997397656438,4.297402120521432,-3.7413997397656438,0.16666666666666666,0.6666666666666666,1.0,6,1.0
reference,published_monthly_6,prior_frozen_affine_coupon_delta,ensemble,terms,last_strike,0.005,6,6,104.02845160880527,142.5457930399659,0.766659164748901,3.8858143877651337,4.394227798915703,3.720437002678897,0.16666666666666666,0.6666666666666666,1.0,6,1.0
reference,published_monthly_6,prior_frozen_affine_coupon_delta,ensemble,terms,last_strike,0.01,6,6,108.06349421261378,145.63081101314742,0.7571380329211552,7.856298949569033,8.98116012816812,7.856298949569033,0.16666666666666666,0.3333333333333333,0.6666666666666666,6,1.0
reference,published_monthly_6,prior_frozen_affine_coupon_delta,ensemble,terms,last_strike,0.025,6,6,120.3503692643714,154.48552912211707,0.7268421027914578,20.143174001325917,22.737539408355058,20.143174001325917,0.0,0.0,0.3333333333333333,6,1.0
reference,published_monthly_6,prior_frozen_affine_coupon_delta,ensemble,terms,last_strike,0.05,6,6,141.11249982824393,169.57972111523438,0.6613120324780712,40.905304565198016,46.18339967523768,40.905304565198016,0.0,0.0,0.0,6,1.0
reference,published_monthly_6,prior_frozen_affine_coupon_delta,ensemble,terms,monthly_barrier,-0.05,6,6,131.10273306330419,168.10073119931837,0.6740924807692183,30.895537800258627,32.550715694186245,30.895537800258627,0.0,0.0,0.0,0,
reference,published_monthly_6,prior_frozen_affine_coupon_delta,ensemble,terms,monthly_barrier,-0.025,6,6,116.62529466642688,154.64668365085635,0.7241732402023884,16.418099403381163,17.258510972586606,16.418099403381163,0.0,0.0,0.16666666666666666,0,
reference,published_monthly_6,prior_frozen_affine_coupon_delta,ensemble,terms,monthly_barrier,-0.01,6,6,107.05676493514329,145.99678713840348,0.7541660990422593,6.8049629529319065,7.146297194838038,6.8049629529319065,0.0,0.16666666666666666,0.8333333333333334,0,
reference,published_monthly_6,prior_frozen_affine_coupon_delta,ensemble,terms,monthly_barrier,-0.005,6,6,104.68403648140126,143.02855999003495,0.764060471162871,3.4424000316198486,3.614122159782434,3.4424000316198486,0.0,0.8333333333333334,1.0,0,
reference,published_monthly_6,prior_frozen_affine_coupon_delta,ensemble,terms,monthly_barrier,0.005,6,6,99.76281209921308,136.981476484631,0.7835892343705372,3.5231312115987143,3.697270178294462,-3.5231312115987143,0.0,0.8333333333333334,1.0,0,
reference,published_monthly_6,prior_frozen_affine_coupon_delta,ensemble,terms,monthly_barrier,0.01,6,6,97.21368701062663,133.9103216331931,0.7931844059701811,7.126861148410804,7.477937255893517,-7.126861148410804,0.0,0.16666666666666666,0.8333333333333334,0,
reference,published_monthly_6,prior_frozen_affine_coupon_delta,ensemble,terms,monthly_barrier,0.025,6,6,90.03834578819048,124.56379340756204,0.8210470646185406,18.4264116817053,19.328472030266262,-18.4264116817053,0.0,0.0,0.16666666666666666,0,
reference,published_monthly_6,prior_frozen_affine_coupon_delta,ensemble,terms,monthly_barrier,0.05,6,6,81.36739320318308,108.97571703903095,0.8630334092024039,38.89696465598225,40.807579911922524,-38.89696465598225,0.0,0.0,0.0,0,
reference,regular_test,affine_coupon_delta,101,schedule,nobs_early,1.0,81,81,149.28069647884294,243.32470784272317,0.779175535383494,141.01800220834335,232.56670828510153,98.40344592109284,0.012345679012345678,0.04938271604938271,0.08641975308641975,79,0.7215189873417721
reference,regular_test,affine_coupon_delta,101,schedule,nobs_late,1.0,81,81,304.0509439913512,416.05460211792365,0.32936488772721983,294.93490531184204,399.5211552644114,-293.65685397564573,0.0,0.0,0.0,81,0.13580246913580246
reference,regular_test,affine_coupon_delta,101,schedule,nobs_middle,1.0,81,81,289.0969924615378,401.3240123005614,0.4057273854957688,278.863284850449,384.88128970575275,-272.2284706285848,0.0,0.0,0.04938271604938271,81,0.18518518518518517
reference,regular_test,affine_coupon_delta,101,schedule,tenor_months,-12.0,128,128,204.77637143768396,316.07088424905925,0.09202396264151758,205.3851820718237,323.1355482068733,130.08885457857377,0.0,0.0,0.03125,125,0.568
reference,regular_test,affine_coupon_delta,101,schedule,tenor_months,-6.0,128,128,109.98862711049267,165.9512977582983,0.8363224034363892,103.45490000754913,165.84970175439122,64.3761444952097,0.0,0.046875,0.1171875,121,0.5785123966942148
reference,regular_test,affine_coupon_delta,101,schedule,tenor_months,-3.0,128,128,70.15688874860057,96.4161145609507,0.9535775405871576,51.21598644570804,82.63068932280284,32.245352577621205,0.03125,0.1328125,0.21875,119,0.5882352941176471
reference,regular_test,affine_coupon_delta,101,schedule,tenor_months,-1.0,128,128,51.264563946389735,68.97640127626768,0.9785215555840127,16.98369973404533,27.112551221756814,10.55694909333003,0.046875,0.328125,0.5703125,105,0.6095238095238096
reference,regular_test,affine_coupon_delta,101,schedule,tenor_months,1.0,128,128,57.706878309470405,79.07842983409407,0.974227561818749,16.452573145234357,26.447921197839623,-10.205966232403624,0.0546875,0.34375,0.5703125,104,0.5961538461538461
reference,regular_test,affine_coupon_delta,101,schedule,tenor_months,3.0,128,128,80.72392067968943,115.85263225999195,0.9491906699462576,49.86334603824161,79.74994456338743,-30.976761965234196,0.0078125,0.1015625,0.234375,113,0.6017699115044248
reference,regular_test,affine_coupon_delta,101,schedule,tenor_months,6.0,128,128,121.22515098012269,182.27251694377046,0.8882088097068301,97.89471561738507,155.01366154566418,-60.45163137929649,0.015625,0.0546875,0.1484375,115,0.6
reference,regular_test,affine_coupon_delta,101,schedule,tenor_months,12.0,128,128,204.64259521224628,311.3192467766054,0.7348333255265953,187.73088947763762,289.8301411711688,-115.65154508926783,0.0,0.0390625,0.078125,121,0.628099173553719
reference,regular_test,affine_coupon_delta,101,terms,coupon_regular,-0.01,128,128,51.407565058010995,69.45385904644785,0.9794373661165233,7.360969173333919,9.474940283756203,-0.06425650689440443,0.0859375,0.421875,0.71875,128,1.0
reference,regular_test,affine_coupon_delta,101,terms,coupon_regular,-0.005,128,128,51.39818369670525,69.27796158290553,0.9794060598956263,3.6804947227162,4.7375371594012385,-0.03217756744318939,0.21875,0.71875,0.9609375,128,1.0
reference,regular_test,affine_coupon_delta,101,terms,coupon_regular,-0.0025,128,128,51.40560746262379,69.31143764291,0.9793300816638947,1.8402745039978377,2.368749392766981,-0.01608236824783188,0.3671875,0.9609375,1.0,128,1.0
reference,regular_test,affine_coupon_delta,101,terms,coupon_regular,-0.001,128,128,51.410030744306205,69.37026163100047,0.9792651034688972,0.7362107930627341,0.9475499786789193,-0.006419255514629164,0.71875,1.0,1.0,128,1.0
reference,regular_test,affine_coupon_delta,101,terms,coupon_regular,0.001,128,128,51.43243309879313,69.49396211310516,0.9791556324932574,0.7360762484604493,0.9474477641142687,0.006397454572531137,0.71875,1.0,1.0,128,1.0
reference,regular_test,affine_coupon_delta,101,terms,coupon_regular,0.0025,128,128,51.46530297631977,69.6204429588389,0.9790564346651938,1.8402099532540888,2.368736725010294,0.016060965446134556,0.3671875,0.9609375,1.0,128,1.0
reference,regular_test,affine_coupon_delta,101,terms,coupon_regular,0.005,128,128,51.70593132115118,69.89498580185985,0.9788585216010259,3.68046402252124,4.737448083185396,0.032056483866957586,0.21875,0.71875,0.9609375,128,1.0
reference,regular_test,affine_coupon_delta,101,terms,coupon_regular,0.01,128,128,52.355205682781445,70.67925627037692,0.9783409004021544,7.3610357839303715,9.475025719702053,0.06411437434144251,0.0859375,0.421875,0.71875,128,1.0
reference,regular_test,affine_coupon_delta,101,terms,first_strike,-0.05,128,128,45.37417879456706,67.1507401474512,0.9743181585219769,23.584762350619105,33.142391139622475,2.526588298745991,0.0546875,0.2109375,0.3359375,121,0.8429752066115702
reference,regular_test,affine_coupon_delta,101,terms,first_strike,-0.025,128,128,47.16541981831106,66.34996271182477,0.9783952044598939,11.626371796828,16.43385561581638,2.064832827649298,0.1015625,0.34375,0.6171875,119,0.8571428571428571
reference,regular_test,affine_coupon_delta,101,terms,first_strike,-0.01,128,128,49.49443743373894,67.79842259261791,0.9791730185649299,4.717291623142955,6.652280559296051,0.9294518877359226,0.1796875,0.6953125,0.859375,120,0.8666666666666667
reference,regular_test,affine_coupon_delta,101,terms,first_strike,-0.005,128,128,50.36249982718528,68.5263005353011,0.9792529057337542,2.420287829042839,3.4370736831907784,0.4861461727268761,0.34375,0.8515625,0.9921875,121,0.8512396694214877
reference,regular_test,affine_coupon_delta,101,terms,first_strike,0.005,128,128,52.48657348437786,70.33797279892704,0.9791407476750948,2.2109169451626562,3.1090565271096517,-0.4212083731981693,0.375,0.859375,1.0,118,0.847457627118644
reference,regular_test,affine_coupon_delta,101,terms,first_strike,0.01,128,128,53.63414875108321,71.40610946403403,0.9789847898156434,4.3448011629395,6.104850662496246,-0.7846894470543098,0.203125,0.671875,0.859375,121,0.8347107438016529
reference,regular_test,affine_coupon_delta,101,terms,first_strike,0.025,128,128,56.99570716303519,74.65568657657347,0.9783591414476069,10.751390642675688,14.711732868925353,-1.9385903381820149,0.0859375,0.3203125,0.640625,123,0.8617886178861789
reference,regular_test,affine_coupon_delta,101,terms,first_strike,0.05,128,128,62.041720128699154,80.71991996324455,0.9766635167881557,21.302274495329282,28.658438162086757,-2.7768959032837293,0.0390625,0.171875,0.2890625,124,0.8709677419354839
reference,regular_test,affine_coupon_delta,101,terms,ki_barrier,-0.05,64,64,49.16991026999811,71.55988141070782,0.964121769185264,19.421006011233352,26.46489877547499,-3.610169460996985,0.015625,0.171875,0.421875,59,0.9491525423728814
reference,regular_test,affine_coupon_delta,101,terms,ki_barrier,-0.025,64,64,47.012004897750174,68.78467652084726,0.9692571310059919,9.489717293841142,12.903360105942719,-1.357887862172598,0.03125,0.453125,0.65625,55,0.9454545454545454
reference,regular_test,affine_coupon_delta,101,terms,ki_barrier,-0.01,64,64,46.36231887485589,67.0285955767469,0.9718920889305418,3.7925278076824425,5.11436793029994,-0.35100231897862016,0.1875,0.703125,0.9375,47,0.9787234042553191
reference,regular_test,affine_coupon_delta,101,terms,ki_barrier,-0.005,64,64,46.14148769261374,66.45401561086264,0.9726825353881688,1.920720757334493,2.592313606789676,-0.052037013578228514,0.421875,0.9375,1.0,38,1.0
reference,regular_test,affine_coupon_delta,101,terms,ki_barrier,0.005,64,64,45.986775780363544,65.2528562809292,0.9742268179750729,1.964274613264327,2.6441057017922422,0.11233510371918473,0.421875,0.953125,1.0,37,1.0
reference,regular_test,affine_coupon_delta,101,terms,ki_barrier,0.01,64,64,45.99520277378896,64.69608516818191,0.9749226125860823,3.9036475664470345,5.212109264108672,0.13891006773337694,0.1875,0.734375,0.921875,48,0.9791666666666666
reference,regular_test,affine_coupon_delta,101,terms,ki_barrier,0.025,64,64,46.01292725291083,63.025232814868794,0.9768189159536786,9.597707435876753,13.108714464892612,-0.4640067662112416,0.078125,0.359375,0.65625,56,0.9464285714285714
reference,regular_test,affine_coupon_delta,101,terms,ki_barrier,0.05,64,64,47.323903479686095,61.51856932852224,0.9786500411244997,19.341910593483284,27.121586843291368,-3.3038202014674125,0.046875,0.21875,0.4375,58,0.9137931034482759
reference,regular_test,affine_coupon_delta,101,terms,last_strike,-0.05,128,128,54.86626882285148,71.77620092011132,0.9762598398322809,17.08208313638655,26.172192691846583,-4.186855858424678,0.0859375,0.25,0.5,122,0.9590163934426229
reference,regular_test,affine_coupon_delta,101,terms,last_strike,-0.025,128,128,53.04948482664952,69.59136637128353,0.9784593403264352,8.488199001546793,12.687124310145583,-1.0377235120201176,0.1328125,0.5,0.71875,120,0.9666666666666667
reference,regular_test,affine_coupon_delta,101,terms,last_strike,-0.01,128,128,51.87911005683517,69.17676408878012,0.9791181637731102,3.4260422148897005,4.997602413770378,-0.25709082395769656,0.2421875,0.796875,0.9140625,114,0.9649122807017544
reference,regular_test,affine_coupon_delta,101,terms,last_strike,-0.005,128,128,51.68532334342399,69.33378769810217,0.9791473213251937,1.7637759316712618,2.585782041789767,-0.09876978800942494,0.484375,0.921875,1.0,104,0.9615384615384616
reference,regular_test,affine_coupon_delta,101,terms,last_strike,0.005,128,128,51.3051908705344,69.64270389357246,0.9792110281236679,1.7178039917101464,2.5128238444681354,-0.004013266957675482,0.453125,0.9296875,1.0,102,0.9607843137254902
reference,regular_test,affine_coupon_delta,101,terms,last_strike,0.01,128,128,51.12919879324034,69.88878065886955,0.9791767370928921,3.442570040700957,4.927949679820673,-0.08425131230615068,0.265625,0.7890625,0.9375,113,0.9646017699115044
reference,regular_test,affine_coupon_delta,101,terms,last_strike,0.025,128,128,50.68178421184797,70.88746235237024,0.9789067238740049,8.813942317618057,12.3989928438441,-0.9375443332052475,0.1015625,0.390625,0.703125,119,0.9663865546218487
reference,regular_test,affine_coupon_delta,101,terms,last_strike,0.05,128,128,50.84947340597466,73.63423951726118,0.9777517626615493,18.118280430673618,24.88400776045354,-4.114399875397795,0.0390625,0.234375,0.4296875,122,0.9672131147540983
reference,regular_test,affine_coupon_delta,233,schedule,nobs_early,1.0,81,81,203.65703357086005,299.9472453461222,0.6644443771418322,190.13511927324492,279.1144336145602,170.324110143245,0.0,0.037037037037037035,0.07407407407407407,79,0.5189873417721519
reference,regular_test,affine_coupon_delta,233,schedule,nobs_late,1.0,81,81,288.45549782122,413.7961272571917,0.336625961817798,265.626686335547,390.27797338377337,-221.73696240629624,0.0,0.06172839506172839,0.07407407407407407,81,0.4691358024691358
reference,regular_test,affine_coupon_delta,233,schedule,nobs_middle,1.0,81,81,296.225432276375,413.82334372676513,0.3681334030468282,273.81623821462017,388.20232527945524,-202.60909023102363,0.0,0.04938271604938271,0.06172839506172839,81,0.43209876543209874
reference,regular_test,affine_coupon_delta,233,schedule,tenor_months,-12.0,128,128,197.96591167099183,281.187212106888,0.2813845735366759,187.07237707115536,280.6888941747066,156.54669049872882,0.0,0.0390625,0.0859375,125,0.64
reference,regular_test,affine_coupon_delta,233,schedule,tenor_months,-6.0,128,128,114.57117975812187,156.7791900322449,0.8539152888690202,96.44333310071154,147.35981272504725,79.34088242461348,0.015625,0.0625,0.1171875,121,0.6694214876033058
reference,regular_test,affine_coupon_delta,233,schedule,tenor_months,-3.0,128,128,76.46300850704122,99.82249680347141,0.9502393837657266,48.42597584741391,74.03008397142008,39.94007938748048,0.015625,0.1015625,0.2578125,119,0.680672268907563
reference,regular_test,affine_coupon_delta,233,schedule,tenor_months,-1.0,128,128,58.38369310659785,78.74461671524162,0.972007382685147,16.114961652438375,24.41336571837318,13.06195536195052,0.046875,0.3515625,0.546875,105,0.6952380952380952
reference,regular_test,affine_coupon_delta,233,schedule,tenor_months,1.0,128,128,64.6294639861421,85.93766110705693,0.9695626743381693,15.633284901507977,23.775964514546875,-12.666948882922041,0.0546875,0.34375,0.5546875,104,0.7211538461538461
reference,regular_test,affine_coupon_delta,233,schedule,tenor_months,3.0,128,128,85.04440435722987,114.83308093760817,0.95008102135056,47.2398994804568,71.76236241281624,-38.282032957453644,0.0078125,0.1015625,0.2421875,113,0.7168141592920354
reference,regular_test,affine_coupon_delta,233,schedule,tenor_months,6.0,128,128,122.56078428522304,171.0081297504935,0.9015991808893097,92.36710727275295,139.0256802064137,-74.10156069414825,0.0078125,0.0390625,0.109375,115,0.7304347826086957
reference,regular_test,affine_coupon_delta,233,schedule,tenor_months,12.0,128,128,199.3894794338017,283.1110410054797,0.7807090982806375,176.30543451184684,258.7690313873504,-139.0048637730709,0.0,0.0234375,0.0703125,121,0.7603305785123967
reference,regular_test,affine_coupon_delta,233,terms,coupon_regular,-0.01,128,128,58.23216247525698,76.76325852625122,0.9748815530425731,9.030077173064152,11.79923673390568,-0.6640096184952803,0.0859375,0.3984375,0.6171875,128,1.0
reference,regular_test,affine_coupon_delta,233,terms,coupon_regular,-0.005,128,128,58.49952987119796,77.63442293314426,0.974138250401646,4.515002911871609,5.89960033280596,-0.33208206292086595,0.1953125,0.6171875,0.8984375,128,1.0
reference,regular_test,affine_coupon_delta,233,terms,coupon_regular,-0.0025,128,128,58.65378255567907,78.23333385194097,0.9736662552098085,2.257448429629828,2.949792377637551,-0.16603927259954315,0.3203125,0.8984375,1.0,128,1.0
reference,regular_test,affine_coupon_delta,233,terms,coupon_regular,-0.001,128,128,58.84498968335871,78.64378935871144,0.9733508065013421,0.9030712793658797,1.1799500955506208,-0.0664057425456121,0.625,1.0,1.0,128,1.0
reference,regular_test,affine_coupon_delta,233,terms,coupon_regular,0.001,128,128,59.14631308238399,79.24902369112752,0.972892940031817,0.9030074395316963,1.1799311883106056,0.06640256805500641,0.6171875,1.0,1.0,128,1.0
reference,regular_test,affine_coupon_delta,233,terms,coupon_regular,0.0025,128,128,59.37237235127241,79.74586183750205,0.9725214783730189,2.2575259179963423,2.9497989910903195,0.16604115286221122,0.3203125,0.8984375,1.0,128,1.0
reference,regular_test,affine_coupon_delta,233,terms,coupon_regular,0.005,128,128,59.83072056215397,80.65337473431735,0.9718493517728262,4.515056720430342,5.899574214028526,0.33202151531198393,0.1953125,0.6171875,0.8984375,128,1.0
reference,regular_test,affine_coupon_delta,233,terms,coupon_regular,0.01,128,128,60.83117981397268,82.75452478977842,0.97030796562165,9.030177540301034,11.799274674014024,0.6639093954581764,0.0859375,0.3984375,0.6171875,128,1.0
reference,regular_test,affine_coupon_delta,233,terms,first_strike,-0.05,128,128,50.96071463698445,73.38156701000804,0.9693310776264378,28.10446205935235,39.39733859142445,-3.708816572658179,0.0390625,0.1953125,0.34375,121,0.8181818181818182
reference,regular_test,affine_coupon_delta,233,terms,first_strike,-0.025,128,128,53.96546867515914,74.04812638155641,0.973091038164376,13.931517154946658,19.381093872034562,0.054000286958398536,0.0625,0.3359375,0.5234375,119,0.8151260504201681
reference,regular_test,affine_coupon_delta,233,terms,first_strike,-0.01,128,128,56.91042549324962,76.63978782054077,0.9733868833183082,5.573991830390393,7.7818915352796925,0.4578487624021365,0.15625,0.6171875,0.8125,120,0.8
reference,regular_test,affine_coupon_delta,233,terms,first_strike,-0.005,128,128,57.956078613085715,77.69289147066732,0.9733310893414714,2.825368386154878,3.993068639647039,0.3101168928988045,0.2578125,0.8046875,0.9765625,121,0.8099173553719008
reference,regular_test,affine_coupon_delta,233,terms,first_strike,0.005,128,128,59.95533649996008,80.25826426248607,0.9728419509179836,2.655725519265009,3.6637942915246495,-0.36918469418014865,0.2890625,0.8203125,0.9921875,118,0.788135593220339
reference,regular_test,affine_coupon_delta,233,terms,first_strike,0.01,128,128,60.91307381976946,81.62274036921113,0.9725409607216042,5.224732936333263,7.24895614559627,-0.8078374696463774,0.1640625,0.640625,0.8203125,121,0.7933884297520661
reference,regular_test,affine_coupon_delta,233,terms,first_strike,0.025,128,128,64.38652438976077,85.90960605252685,0.9713429056316986,12.80311259389176,17.63320648067471,-2.95444906289534,0.0546875,0.328125,0.5703125,123,0.7886178861788617
reference,regular_test,affine_coupon_delta,233,terms,first_strike,0.05,128,128,71.55192284468981,94.14308063103434,0.9682567949333436,25.559950429271947,34.827048999620914,-7.788459092611445,0.0234375,0.15625,0.2734375,124,0.8225806451612904
reference,regular_test,affine_coupon_delta,233,terms,ki_barrier,-0.05,64,64,52.36990988167726,69.55081011769816,0.9661080793428183,20.50565989307749,28.1316546350697,2.2409391198307285,0.078125,0.234375,0.40625,59,1.0
reference,regular_test,affine_coupon_delta,233,terms,ki_barrier,-0.025,64,64,51.47416838796441,70.02427952747138,0.9681390813176748,9.964698079507798,13.439683974618953,1.4213742782206589,0.09375,0.390625,0.578125,55,1.0
reference,regular_test,affine_coupon_delta,233,terms,ki_barrier,-0.01,64,64,51.34100144378327,70.69466947695982,0.9687333272831965,3.942500314093195,5.273302180336662,0.7258394079205268,0.25,0.703125,0.90625,47,1.0
reference,regular_test,affine_coupon_delta,233,terms,ki_barrier,-0.005,64,64,51.46375785086508,70.93978092992543,0.9688701077951702,1.9852215714054182,2.674643832995642,0.48060499329585593,0.359375,0.921875,1.0,38,1.0
reference,regular_test,affine_coupon_delta,233,terms,ki_barrier,0.005,64,64,51.78622787334707,71.36954934596181,0.9691684827891055,2.0235044610065716,2.6946853402763593,-0.4088423222613832,0.34375,0.9375,1.0,37,1.0
reference,regular_test,affine_coupon_delta,233,terms,ki_barrier,0.01,64,64,51.85117742703973,71.57766179929217,0.969304034338756,4.016986028601726,5.337331915221988,-0.8919895165599885,0.21875,0.6875,0.921875,48,1.0
reference,regular_test,affine_coupon_delta,233,terms,ki_barrier,0.025,64,64,51.32460350959926,71.79534037937319,0.9699186486711819,9.952637747473394,13.360791795836912,-2.9563284213654697,0.125,0.34375,0.65625,56,1.0
reference,regular_test,affine_coupon_delta,233,terms,ki_barrier,0.05,64,64,53.338048485995415,72.38053536708156,0.9704451900509963,20.150258101251286,27.35562248674222,-8.011767574857611,0.0625,0.203125,0.375,58,0.9827586206896551
reference,regular_test,affine_coupon_delta,233,terms,last_strike,-0.05,128,128,63.38763582949075,84.6510898294751,0.9669791828017993,19.445666648253493,30.247954966074133,-5.296005165437236,0.015625,0.2578125,0.453125,122,0.9918032786885246
reference,regular_test,affine_coupon_delta,233,terms,last_strike,-0.025,128,128,61.03035922218112,80.98615956423971,0.9708277530250454,9.57542881189147,14.733713772198877,-1.5825285917186802,0.109375,0.453125,0.703125,120,0.9916666666666667
reference,regular_test,affine_coupon_delta,233,terms,last_strike,-0.01,128,128,59.62107171855177,79.50420069366596,0.9724178350865471,3.8495680786048374,5.806503427474485,-0.4698421529028566,0.2890625,0.765625,0.8984375,114,0.9912280701754386
reference,regular_test,affine_coupon_delta,233,terms,last_strike,-0.005,128,128,59.24974293276901,79.28397996384898,0.9727326530158252,1.9843127621958652,2.9946820879805727,-0.20411634103705475,0.453125,0.90625,0.9921875,104,0.9903846153846154
reference,regular_test,affine_coupon_delta,233,terms,last_strike,0.005,128,128,58.77798701574014,78.78382952338077,0.9733954487834962,1.8919864262764654,2.8656782549698807,0.09909811189087721,0.4375,0.9140625,0.9921875,102,0.9901960784313726
reference,regular_test,affine_coupon_delta,233,terms,last_strike,0.01,128,128,58.504018262548534,78.61184054866571,0.9736542974229769,3.788035969017074,5.630553287713717,0.11953603685833508,0.2578125,0.78125,0.8984375,113,0.9911504424778761
reference,regular_test,affine_coupon_delta,233,terms,last_strike,0.025,128,128,57.79784823938189,78.43683988923212,0.9741747011966131,9.68871634088767,14.211008831540632,-0.44689566122057545,0.1015625,0.4375,0.6484375,119,0.9915966386554622
reference,regular_test,affine_coupon_delta,233,terms,last_strike,0.05,128,128,57.36492156400426,79.15030921845974,0.9742936019040193,19.965332770758927,28.091482668849647,-3.194439436192625,0.0390625,0.203125,0.3828125,122,0.9836065573770492
reference,regular_test,affine_coupon_delta,47,schedule,nobs_early,1.0,81,81,119.14061227503508,192.74793284973924,0.8614347839716695,109.86838783134242,175.02493131064483,73.6987923813175,0.012345679012345678,0.06172839506172839,0.1111111111111111,79,0.7088607594936709
reference,regular_test,affine_coupon_delta,47,schedule,nobs_late,1.0,81,81,249.4008805058271,375.1590406914186,0.4547239022197681,246.63606063091223,374.07842100326866,-225.10727393142915,0.012345679012345678,0.037037037037037035,0.04938271604938271,81,0.41975308641975306
reference,regular_test,affine_coupon_delta,47,schedule,nobs_middle,1.0,81,81,252.04612236605084,374.7738990659258,0.4817562175003145,247.68533167667843,373.74370841709987,-213.44060816876626,0.0,0.012345679012345678,0.037037037037037035,81,0.43209876543209874
reference,regular_test,affine_coupon_delta,47,schedule,tenor_months,-12.0,128,128,217.7933230732027,330.2093222143398,0.008976247208349108,215.06869920059611,329.3431228405271,126.99957843615536,0.0078125,0.03125,0.0546875,125,0.536
reference,regular_test,affine_coupon_delta,47,schedule,tenor_months,-6.0,128,128,121.09262079034545,185.6437807808196,0.7951722744948346,112.81628725435772,177.4829190289946,65.79668150504494,0.0,0.0546875,0.109375,121,0.5537190082644629
reference,regular_test,affine_coupon_delta,47,schedule,tenor_months,-3.0,128,128,74.70937978324365,109.32224383584956,0.9403176428622103,56.23573826007669,89.09879587254385,32.97614277547048,0.0390625,0.1171875,0.1875,119,0.5462184873949579
reference,regular_test,affine_coupon_delta,47,schedule,tenor_months,-1.0,128,128,53.07282565122464,73.34409262981121,0.9757153392811242,18.532917742335183,29.198204461686295,10.687450669098023,0.0703125,0.3359375,0.5390625,105,0.5428571428571428
reference,regular_test,affine_coupon_delta,47,schedule,tenor_months,1.0,128,128,54.860357378660446,75.48768198507172,0.9765149434165125,18.194988390478407,28.46237902442082,-10.189081354125847,0.0703125,0.25,0.5546875,104,0.5384615384615384
reference,regular_test,affine_coupon_delta,47,schedule,tenor_months,3.0,128,128,78.44851779645688,111.20978299389553,0.9531814840132228,54.366501026978156,84.85052782113587,-30.405577173609647,0.03125,0.1015625,0.1796875,113,0.5575221238938053
reference,regular_test,affine_coupon_delta,47,schedule,tenor_months,6.0,128,128,121.86574639054939,178.68017340547527,0.8925718913934966,105.63365523191442,162.45465595449346,-57.53001192676038,0.015625,0.046875,0.109375,115,0.5652173913043478
reference,regular_test,affine_coupon_delta,47,schedule,tenor_months,12.0,128,128,207.04079195593664,304.41206603002314,0.7464692008927448,200.3133893062007,294.0383500273708,-104.64608759858524,0.0,0.0,0.0234375,121,0.5537190082644629
reference,regular_test,affine_coupon_delta,47,terms,coupon_regular,-0.01,128,128,48.99253470604496,67.21481803324373,0.980741784826991,7.75289270413729,10.145443809475985,0.5912129777328424,0.109375,0.4296875,0.703125,128,1.0
reference,regular_test,affine_coupon_delta,47,terms,coupon_regular,-0.005,128,128,49.39913235296829,67.8997590404038,0.9802172933889864,3.876425249540868,5.072723949459726,0.2956340089828397,0.203125,0.703125,0.953125,128,1.0
reference,regular_test,affine_coupon_delta,47,terms,coupon_regular,-0.0025,128,128,49.647452391476335,68.38089921414183,0.9798813626713059,1.9381542702515917,2.5363266317829516,0.14781177843300003,0.390625,0.953125,1.0,128,1.0
reference,regular_test,affine_coupon_delta,47,terms,coupon_regular,-0.001,128,128,49.80596577493109,68.71298646155383,0.979656163497514,0.7752299203615014,1.0144933436526518,0.05916448018979284,0.703125,1.0,1.0,128,1.0
reference,regular_test,affine_coupon_delta,47,terms,coupon_regular,0.001,128,128,50.074027334151516,69.2052634371002,0.979328460214439,0.7753419499301041,1.0146040274926527,-0.05910711871304858,0.703125,1.0,1.0,128,1.0
reference,regular_test,affine_coupon_delta,47,terms,coupon_regular,0.0025,128,128,50.29926324253113,69.61100117466945,0.9790621149282419,1.9382319496168443,2.5363890866078163,-0.14778195849309356,0.390625,0.953125,1.0,128,1.0
reference,regular_test,affine_coupon_delta,47,terms,coupon_regular,0.005,128,128,50.70769666460882,70.35530277533208,0.9785791359712421,3.8765856162256873,5.072833716340034,-0.2955921111085139,0.203125,0.703125,0.953125,128,1.0
reference,regular_test,affine_coupon_delta,47,terms,coupon_regular,0.01,128,128,52.02685406330258,72.08889460299066,0.9774683400163331,7.753060170914978,10.145630895357767,-0.5912573214154699,0.109375,0.4296875,0.703125,128,1.0
reference,regular_test,affine_coupon_delta,47,terms,first_strike,-0.05,128,128,41.33202341857185,63.27526482923877,0.9771969732791845,22.571789416089814,31.266187066233385,0.16354353017413736,0.03125,0.2109375,0.359375,121,0.8512396694214877
reference,regular_test,affine_coupon_delta,47,terms,first_strike,-0.025,128,128,45.08112789611091,64.89180146777944,0.97933437920385,11.25572268565702,15.266259871274796,0.8812755035378357,0.0546875,0.34375,0.578125,119,0.8739495798319328
reference,regular_test,affine_coupon_delta,47,terms,first_strike,-0.01,128,128,47.861636529180316,67.1104470491062,0.9795935521195537,4.548275088141963,6.1470325237633405,0.4628406514020754,0.171875,0.6640625,0.8828125,120,0.8583333333333333
reference,regular_test,affine_coupon_delta,47,terms,first_strike,-0.005,128,128,48.91404281832693,67.99129433487853,0.9795755991840831,2.2875662807685635,3.1640637870106163,0.25485686793399515,0.3515625,0.890625,1.0,121,0.8512396694214877
reference,regular_test,affine_coupon_delta,47,terms,first_strike,0.005,128,128,50.908155745924574,69.90477970055498,0.9793968897943953,2.171124814393503,2.9063871091820226,-0.19466881353582724,0.359375,0.9140625,1.0,118,0.8559322033898306
reference,regular_test,affine_coupon_delta,47,terms,first_strike,0.01,128,128,51.88011214716095,70.96751095639036,0.9792421608534556,4.2762407745782784,5.688707351930635,-0.3376359847873878,0.1953125,0.6875,0.8984375,121,0.859504132231405
reference,regular_test,affine_coupon_delta,47,terms,first_strike,0.025,128,128,54.831942056170774,73.87206387449388,0.978811063268389,10.437374844191556,13.817786857857197,-0.8741352015252539,0.0859375,0.34375,0.5859375,123,0.8455284552845529
reference,regular_test,affine_coupon_delta,47,terms,first_strike,0.05,128,128,59.816221652604355,79.17446381481504,0.9775485587455661,20.7746933063075,27.675119057594422,-0.8652911263052383,0.0390625,0.1953125,0.3203125,124,0.8548387096774194
reference,regular_test,affine_coupon_delta,47,terms,ki_barrier,-0.05,64,64,44.58216728368534,62.62709598763994,0.9725200243811618,19.077815323990457,25.356478901052434,-0.18861139379441672,0.078125,0.203125,0.375,59,0.9830508474576272
reference,regular_test,affine_coupon_delta,47,terms,ki_barrier,-0.025,64,64,44.4542357837927,62.55731236293602,0.974571709760892,9.375554902246222,12.413457252220184,0.31804573729944785,0.09375,0.4375,0.59375,55,0.9818181818181818
reference,regular_test,affine_coupon_delta,47,terms,ki_barrier,-0.01,64,64,44.4398816318086,62.05962878279381,0.9759050140185362,3.815814879218427,4.935125199975123,0.3127699064013236,0.203125,0.6875,0.9375,47,0.9787234042553191
reference,regular_test,affine_coupon_delta,47,terms,ki_barrier,-0.005,64,64,44.35473446029448,61.86484937685915,0.9763252255252918,1.9336529162634783,2.527933347436732,0.2789643426658587,0.40625,0.9375,1.0,38,1.0
reference,regular_test,affine_coupon_delta,47,terms,ki_barrier,0.005,64,64,44.12385674918677,61.3767348216371,0.9771978105721774,2.0049427326302975,2.5861285282696866,-0.2169991851163407,0.34375,0.96875,1.0,37,1.0
reference,regular_test,affine_coupon_delta,47,terms,ki_barrier,0.01,64,64,44.16960711508979,61.19919911766391,0.9775602629645923,3.955027024028823,5.090822904871738,-0.5183428996242585,0.203125,0.6875,0.953125,48,0.9791666666666666
reference,regular_test,affine_coupon_delta,47,terms,ki_barrier,0.025,64,64,44.01563106263339,60.22331125258268,0.9788342293665291,9.659902995064234,12.965400984715881,-2.099334701430052,0.09375,0.390625,0.59375,56,0.9821428571428571
reference,regular_test,affine_coupon_delta,47,terms,ki_barrier,0.05,64,64,45.25755973737981,59.28814706979546,0.9801701082249303,19.557033991557546,27.464155436033487,-6.565609880994695,0.046875,0.21875,0.40625,58,0.9655172413793104
reference,regular_test,affine_coupon_delta,47,terms,last_strike,-0.05,128,128,50.89182542186464,71.6035834183435,0.9763738898768198,16.673070628234807,24.990508386878002,-2.4335992021951824,0.03125,0.234375,0.5234375,122,0.9590163934426229
reference,regular_test,affine_coupon_delta,47,terms,last_strike,-0.025,128,128,50.26330573516893,69.88738834149488,0.9782756948318749,8.245777639269363,12.245605441273764,-0.25574782546997693,0.078125,0.53125,0.6875,120,0.9666666666666667
reference,regular_test,affine_coupon_delta,47,terms,last_strike,-0.01,128,128,50.01122382187753,69.15805150080121,0.9791294594835287,3.3269402995550386,4.841088536156031,0.038115149131044634,0.28125,0.78125,0.9375,114,0.9736842105263158
reference,regular_test,affine_coupon_delta,47,terms,last_strike,-0.005,128,128,50.00839564458002,69.13286509532976,0.9792680042947144,1.712259897341331,2.5130691910476592,0.046265076535443525,0.5,0.9375,1.0,104,0.9711538461538461
reference,regular_test,affine_coupon_delta,47,terms,last_strike,0.005,128,128,49.926084502780526,68.93747874733906,0.9796299284338523,1.6797911636531353,2.433225203669482,-0.14428441653338575,0.4609375,0.953125,1.0,102,0.9803921568627451
reference,regular_test,affine_coupon_delta,47,terms,last_strike,0.01,128,128,49.77738103197377,68.83625953667443,0.9797992086831371,3.3561664499187223,4.819857546732318,-0.36052349745295936,0.265625,0.78125,0.9375,113,0.9734513274336283
reference,regular_test,affine_coupon_delta,47,terms,last_strike,0.025,128,128,49.370447017374545,68.7162705405495,0.9801790557337237,8.649637530014541,12.290088563377205,-1.599235052630926,0.078125,0.4375,0.703125,119,0.9663865546218487
reference,regular_test,affine_coupon_delta,47,terms,last_strike,0.05,128,128,48.59915793821557,69.26003969955055,0.9803165387577543,17.865393552657526,24.928498425761706,-5.3555967536522076,0.046875,0.2265625,0.4453125,122,0.9590163934426229
reference,regular_test,affine_coupon_delta,ensemble,schedule,nobs_early,1.0,81,81,152.5650667890182,240.09446946608153,0.7849996942442643,141.9716631424643,222.59820092868173,114.14211614855157,0.037037037037037035,0.04938271604938271,0.08641975308641975,79,0.620253164556962
reference,regular_test,affine_coupon_delta,ensemble,schedule,nobs_late,1.0,81,81,266.7345020261654,395.78863341048697,0.39310681222267374,255.68021729976567,382.98321176339743,-246.83369677112384,0.012345679012345678,0.024691358024691357,0.06172839506172839,81,0.32098765432098764
reference,regular_test,affine_coupon_delta,ensemble,schedule,nobs_middle,1.0,81,81,268.1151504500525,390.0531858064074,0.43863790390287083,255.81464062019657,376.0848499305757,-229.42605634279172,0.012345679012345678,0.04938271604938271,0.06172839506172839,81,0.30864197530864196
reference,regular_test,affine_coupon_delta,ensemble,schedule,tenor_months,-12.0,128,128,200.5472314357333,303.86725249328794,0.1607850684325951,198.74957312312432,307.754685403619,137.87837450448592,0.0078125,0.0078125,0.0234375,125,0.608
reference,regular_test,affine_coupon_delta,ensemble,schedule,tenor_months,-6.0,128,128,109.89253795497639,164.6455670772612,0.8388879521950302,102.4410501425636,161.8735301403449,69.8379028082893,0.015625,0.046875,0.09375,121,0.5950413223140496
reference,regular_test,affine_coupon_delta,ensemble,schedule,tenor_months,-3.0,128,128,69.88743798901756,96.39176532005808,0.9536009849858635,50.968494969358865,81.05803459246322,35.05385824685728,0.0390625,0.09375,0.2265625,119,0.5798319327731093
reference,regular_test,affine_coupon_delta,ensemble,schedule,tenor_months,-1.0,128,128,49.98705317933415,67.69070561839172,0.979314794364577,16.853061811497945,26.62198251579892,11.435451708126095,0.0703125,0.3359375,0.5703125,105,0.5904761904761905
reference,regular_test,affine_coupon_delta,ensemble,schedule,tenor_months,1.0,128,128,54.98286971580111,75.30513247584017,0.9766283924364683,16.419175286145883,25.940372315797,-11.020665489817357,0.0390625,0.375,0.5546875,104,0.5865384615384616
reference,regular_test,affine_coupon_delta,ensemble,schedule,tenor_months,3.0,128,128,77.83181412130418,110.2552990059643,0.9539816969456572,49.327982760423566,77.90281118012747,-33.22145736543258,0.03125,0.109375,0.2578125,113,0.5929203539823009
reference,regular_test,affine_coupon_delta,ensemble,schedule,tenor_months,6.0,128,128,117.47615712757838,174.00642818901932,0.8981183936498488,96.51987363501243,150.38196097406274,-64.02773466673506,0.015625,0.0625,0.109375,115,0.591304347826087
reference,regular_test,affine_coupon_delta,ensemble,schedule,tenor_months,12.0,128,128,197.23647706724734,295.44563575635124,0.7611846938395255,183.6894382834402,277.293623237013,-119.76749882030813,0.0,0.015625,0.046875,121,0.5950413223140496
reference,regular_test,affine_coupon_delta,ensemble,terms,coupon_regular,-0.01,128,128,48.62467677943244,65.49396871807113,0.9817152681198403,7.517839472275172,9.66743951469385,-0.04568438255239948,0.109375,0.4296875,0.7109375,128,1.0
reference,regular_test,affine_coupon_delta,ensemble,terms,coupon_regular,-0.005,128,128,48.58829528151147,65.99601965924946,0.9813110573847468,3.758891719354615,4.833726352696158,-0.02287520712716995,0.2265625,0.7109375,0.9609375,128,1.0
reference,regular_test,affine_coupon_delta,ensemble,terms,coupon_regular,-0.0025,128,128,48.66348352375965,66.37775595625472,0.9810428049329389,1.8794370835336371,2.416840714590846,-0.011436620804976816,0.375,0.9609375,1.0,128,1.0
reference,regular_test,affine_coupon_delta,ensemble,terms,coupon_regular,-0.001,128,128,48.72184488997639,66.64788213208074,0.9808606178277752,0.7518079895137801,0.9667582190533839,-0.00455350595700986,0.7109375,1.0,1.0,128,1.0
reference,regular_test,affine_coupon_delta,ensemble,terms,coupon_regular,0.001,128,128,48.82759105916272,67.05507294681378,0.9805930246651041,0.7517851842179389,0.9667488093332963,0.004564301304737145,0.7109375,1.0,1.0,128,1.0
reference,regular_test,affine_coupon_delta,ensemble,terms,coupon_regular,0.0025,128,128,48.92317958837361,67.39530392062649,0.9803737953163204,1.8794765317191997,2.4168766753022433,0.011440053271643713,0.375,0.9609375,1.0,128,1.0
reference,regular_test,affine_coupon_delta,ensemble,terms,coupon_regular,0.005,128,128,49.213169577731236,68.0272617016087,0.9799733046595036,3.7589667244270224,4.8337470535240525,0.02282862935667318,0.2265625,0.7109375,0.9609375,128,1.0
reference,regular_test,affine_coupon_delta,ensemble,terms,coupon_regular,0.01,128,128,50.05012150911675,69.52632887980053,0.9790417482237336,7.5179333006187035,9.667543295336069,0.045588816127882015,0.109375,0.4296875,0.7109375,128,1.0
reference,regular_test,affine_coupon_delta,ensemble,terms,first_strike,-0.05,128,128,41.16032621777195,61.90498934230766,0.9781739141317712,23.45369756627469,33.22908976611517,-0.3395615812461208,0.0390625,0.21875,0.3125,121,0.8264462809917356
reference,regular_test,affine_coupon_delta,ensemble,terms,first_strike,-0.025,128,128,43.415068184289005,62.56613965362564,0.9807891087357644,11.517167258831282,16.352047226864826,1.0000362060483692,0.1171875,0.34375,0.6328125,119,0.8571428571428571
reference,regular_test,affine_coupon_delta,ensemble,terms,first_strike,-0.01,128,128,46.36606130840016,64.8118633567002,0.9809674856438071,4.690007901253294,6.595586061580545,0.6167137671799321,0.1875,0.6953125,0.8515625,120,0.8416666666666667
reference,regular_test,affine_coupon_delta,ensemble,terms,first_strike,-0.005,128,128,47.54147929226347,65.75120859344202,0.9808992602515516,2.3870196275868967,3.40359765811824,0.3503733111864459,0.359375,0.828125,1.0,121,0.8429752066115702
reference,regular_test,affine_coupon_delta,ensemble,terms,first_strike,0.005,128,128,50.022560178856,67.9612027651841,0.9805266282169528,2.250546484268786,3.0833665375876915,-0.32835396030481623,0.34375,0.8515625,1.0,118,0.847457627118644
reference,regular_test,affine_coupon_delta,ensemble,terms,first_strike,0.01,128,128,51.29400265808459,69.1783419377502,0.980275623098782,4.406937527574582,6.057770394136393,-0.6433876338294768,0.171875,0.703125,0.859375,121,0.8512396694214877
reference,regular_test,affine_coupon_delta,ensemble,terms,first_strike,0.025,128,128,54.93732590085804,72.77478536644225,0.9794358593657118,10.792881229848666,14.622643210016163,-1.9223915342009497,0.046875,0.375,0.59375,123,0.8292682926829268
reference,regular_test,affine_coupon_delta,ensemble,terms,first_strike,0.05,128,128,60.44158778567932,79.38888856896175,0.9774267855498078,21.510595982355834,28.726864864948613,-3.8102153740670026,0.015625,0.15625,0.34375,124,0.8548387096774194
reference,regular_test,affine_coupon_delta,ensemble,terms,ki_barrier,-0.05,64,64,43.5702569485246,61.17079761122309,0.9737831758043967,19.333337715749376,26.228978961894033,-0.5192805783203864,0.03125,0.25,0.421875,59,0.9830508474576272
reference,regular_test,affine_coupon_delta,ensemble,terms,ki_barrier,-0.025,64,64,42.918521656669256,60.68402208080804,0.9760718175576281,9.458893347143592,12.697655699109744,0.1271773844490599,0.109375,0.453125,0.625,55,0.9818181818181818
reference,regular_test,affine_coupon_delta,ensemble,terms,ki_barrier,-0.01,64,64,42.84407938533188,60.30764803285588,0.9772462430838342,3.773051099502534,5.017568468207032,0.2292023317809553,0.1875,0.71875,0.921875,47,0.9787234042553191
reference,regular_test,affine_coupon_delta,ensemble,terms,ki_barrier,-0.005,64,64,42.74980499313574,60.178562053226486,0.9775982707874701,1.9150570268200393,2.5538830467911913,0.23584410746102327,0.390625,0.9375,1.0,38,1.0
reference,regular_test,affine_coupon_delta,ensemble,terms,ki_barrier,0.005,64,64,42.618132467008294,59.834747352995805,0.9783291517484208,1.9777802929746748,2.597733840946003,-0.17116880121963451,0.34375,0.953125,1.0,37,1.0
reference,regular_test,affine_coupon_delta,ensemble,terms,ki_barrier,0.01,64,64,42.634133721638634,59.694230148460285,0.9786503383371022,3.9231376853616107,5.124666274765166,-0.42380744948373317,0.21875,0.75,0.9375,48,0.9791666666666666
reference,regular_test,affine_coupon_delta,ensemble,terms,ki_barrier,0.025,64,64,43.43989212845429,58.93674973792693,0.9797289060047288,9.609722832916368,12.923699115664755,-1.8398899630023993,0.046875,0.375,0.625,56,0.9821428571428571
reference,regular_test,affine_coupon_delta,ensemble,terms,ki_barrier,0.05,64,64,45.600379483730734,58.37183177101703,0.980778324857503,19.42905039685624,26.885415319482426,-5.960399219106677,0.015625,0.234375,0.421875,58,0.9655172413793104
reference,regular_test,affine_coupon_delta,ensemble,terms,last_strike,-0.05,128,128,51.73282207718003,70.27260526110945,0.9772440579623348,16.901942538136304,26.435225570916906,-3.9721534086858643,0.1015625,0.3046875,0.4921875,122,0.9836065573770492
reference,regular_test,affine_coupon_delta,ensemble,terms,last_strike,-0.025,128,128,50.28851916028454,67.83509256571817,0.9795328620871813,8.374726517339415,12.86937270062512,-0.9586666430696666,0.1484375,0.4921875,0.7109375,120,0.9833333333333333
reference,regular_test,affine_coupon_delta,ensemble,terms,last_strike,-0.01,128,128,49.30182905343431,66.99291363165452,0.9804157956480577,3.3876564966049303,5.073750693155187,-0.22960594257665595,0.3046875,0.7734375,0.9140625,114,0.9824561403508771
reference,regular_test,affine_coupon_delta,ensemble,terms,last_strike,-0.005,128,128,49.047925762323786,66.98466614143317,0.9805364169397585,1.7521915157170258,2.6300848567433572,-0.08554035083710745,0.46875,0.921875,0.9921875,104,0.9807692307692307
reference,regular_test,affine_coupon_delta,ensemble,terms,last_strike,0.005,128,128,48.67233416695757,66.87477380711468,0.9808306928907644,1.7034429069608366,2.5326415800802704,-0.016399857200139367,0.453125,0.9375,0.9921875,102,0.9803921568627451
reference,regular_test,affine_coupon_delta,ensemble,terms,last_strike,0.01,128,128,48.50082668003922,66.87223295863706,0.9809354962174056,3.4078802177681684,4.980912528869064,-0.10841292430032487,0.25,0.78125,0.9453125,113,0.9823008849557522
reference,regular_test,affine_coupon_delta,ensemble,terms,last_strike,0.025,128,128,48.04232664808505,67.11759731485854,0.981090589891441,8.829694154517012,12.612946325744149,-0.994558349018957,0.109375,0.4296875,0.6875,119,0.9831932773109243
reference,regular_test,affine_coupon_delta,ensemble,terms,last_strike,0.05,128,128,48.04951609924875,68.44386107772705,0.9807777155614885,18.316120926717595,25.261512765132903,-4.221478688414262,0.0546875,0.2265625,0.3828125,122,0.9754098360655737
reference,regular_test,augmented_delta,101,schedule,nobs_early,1.0,81,81,182.77356749685453,285.703642418106,0.6955567710851401,168.36603122336192,267.0011663979538,133.6945466468084,0.024691358024691357,0.08641975308641975,0.13580246913580246,79,0.5949367088607594
reference,regular_test,augmented_delta,101,schedule,nobs_late,1.0,81,81,284.53329842555837,393.8426221558711,0.39906007846521074,280.3453504526317,403.8439072570142,-256.0361093881831,0.0,0.0,0.024691358024691357,81,0.2962962962962963
reference,regular_test,augmented_delta,101,schedule,nobs_middle,1.0,81,81,279.5708823424473,383.3563809265512,0.4577484286157293,277.33716457478755,392.2196834863483,-235.36154083257784,0.0,0.012345679012345678,0.024691358024691357,81,0.2839506172839506
reference,regular_test,augmented_delta,101,schedule,tenor_months,-12.0,128,128,178.59313426401184,267.74469487767635,0.3484508942067507,159.1128134575335,249.96873051033407,82.8665485580159,0.0,0.0390625,0.078125,125,0.664
reference,regular_test,augmented_delta,101,schedule,tenor_months,-6.0,128,128,115.35572937088716,168.76279850041178,0.8307294637173175,86.77772214949164,140.68054224567794,48.26410562952424,0.0234375,0.1171875,0.1640625,121,0.6776859504132231
reference,regular_test,augmented_delta,101,schedule,tenor_months,-3.0,128,128,83.63886191376174,114.56356641059469,0.9344576599279316,44.369742762234935,72.37936551947658,25.839436512643562,0.046875,0.1640625,0.2734375,119,0.6890756302521008
reference,regular_test,augmented_delta,101,schedule,tenor_months,-1.0,128,128,64.11100038889626,87.51188175581179,0.9654271003876552,14.872620741683022,24.069495822860144,8.71987340538514,0.078125,0.40625,0.59375,105,0.7047619047619048
reference,regular_test,augmented_delta,101,schedule,tenor_months,1.0,128,128,57.44817232956846,82.55093240588661,0.971914419963683,14.513675623485142,23.606672184193098,-8.558396061941494,0.125,0.390625,0.59375,104,0.7307692307692307
reference,regular_test,augmented_delta,101,schedule,tenor_months,3.0,128,128,72.66982985449869,102.37051450480345,0.9603282435488947,44.78929909376134,71.41773799732096,-26.320847584087765,0.0390625,0.1640625,0.2890625,113,0.7079646017699115
reference,regular_test,augmented_delta,101,schedule,tenor_months,6.0,128,128,105.64714398889805,152.5733302367198,0.9216710237378317,88.00256324321072,137.67530590447623,-51.337829736044114,0.015625,0.09375,0.1796875,115,0.7130434782608696
reference,regular_test,augmented_delta,101,schedule,tenor_months,12.0,128,128,174.54490668508032,253.69948610244634,0.8239053445966218,166.01187310256893,248.33410304360152,-95.26691490092193,0.015625,0.0703125,0.0859375,121,0.71900826446281
reference,regular_test,augmented_delta,101,terms,coupon_regular,-0.01,128,128,58.56238638740212,82.77492146485083,0.9707932297024822,7.634231669595465,10.396893249114521,-0.9328172532065457,0.1015625,0.4296875,0.71875,128,0.9921875
reference,regular_test,augmented_delta,101,terms,coupon_regular,-0.005,128,128,58.3699062537109,82.13295448047997,0.9710542947736267,3.808860777528025,5.161918924577222,-0.5328658967822167,0.1875,0.734375,0.921875,128,0.9921875
reference,regular_test,augmented_delta,101,terms,coupon_regular,-0.0025,128,128,58.35390678685097,81.93035437738008,0.9711185752571384,1.9034930306176343,2.5729912798585235,-0.2825011605552087,0.3671875,0.921875,1.0,128,0.9921875
reference,regular_test,augmented_delta,101,terms,coupon_regular,-0.001,128,128,58.39764422039148,81.84634656782191,0.9711361802220683,0.7616529156997178,1.0274017895410015,-0.11678098060656333,0.7265625,1.0,1.0,128,0.9921875
reference,regular_test,augmented_delta,101,terms,coupon_regular,0.001,128,128,58.47013037520404,81.77795672549773,0.9711352974972738,0.7619301583229874,1.0254854771550062,0.12167190624556197,0.734375,1.0,1.0,128,0.9921875
reference,regular_test,augmented_delta,101,terms,coupon_regular,0.0025,128,128,58.535082678665525,81.7593123153714,0.9711163873978481,1.905837876178945,2.5603836546769423,0.31346020319809526,0.34375,0.921875,1.0,128,0.9921875
reference,regular_test,augmented_delta,101,terms,coupon_regular,0.005,128,128,58.6500021933326,81.79066681397467,0.9710498505866566,3.8171148345572874,5.112019365962498,0.6566200288555897,0.1953125,0.75,0.921875,128,0.9921875
reference,regular_test,augmented_delta,101,terms,coupon_regular,0.01,128,128,58.881383907016755,82.09002559206232,0.9707828911469105,7.6467688263704385,10.209390979381103,1.4276032198686144,0.09375,0.453125,0.7421875,128,0.9921875
reference,regular_test,augmented_delta,101,terms,first_strike,-0.05,128,128,50.812621691579864,72.1708228146109,0.9703347599815837,24.333939519839987,34.833585425686664,-6.538365475467799,0.0625,0.1640625,0.3203125,121,0.8512396694214877
reference,regular_test,augmented_delta,101,terms,first_strike,-0.025,128,128,52.92161936874766,75.75373246962363,0.9718371328749872,11.991867506797158,17.066701080396783,-2.6478689474843122,0.0859375,0.34375,0.578125,119,0.865546218487395
reference,regular_test,augmented_delta,101,terms,first_strike,-0.01,128,128,55.90547456911344,79.18457832850457,0.9715901875049717,4.834243956475499,6.817341288142417,-0.8896166782287764,0.125,0.671875,0.8671875,120,0.8416666666666667
reference,regular_test,augmented_delta,101,terms,first_strike,-0.005,128,128,57.12749349689293,80.44982249191023,0.9714048165299969,2.437158014533149,3.4891626207840747,-0.403276199256652,0.328125,0.875,0.96875,121,0.8099173553719008
reference,regular_test,augmented_delta,101,terms,first_strike,0.005,128,128,59.58525669574823,83.12413558912935,0.9708677970412982,2.3275929489609553,3.163140067843354,0.41523571412835736,0.2734375,0.890625,0.9921875,118,0.8220338983050848
reference,regular_test,augmented_delta,101,terms,first_strike,0.01,128,128,60.72218308099976,84.54230789026043,0.9705414616953076,4.6354689860333265,6.263007270864422,0.8231132494717411,0.1484375,0.6796875,0.890625,121,0.8181818181818182
reference,regular_test,augmented_delta,101,terms,first_strike,0.025,128,128,63.43059316947959,88.1110359328388,0.9698554147158279,11.077691835482256,14.710935975466406,1.4882064185027652,0.046875,0.28125,0.609375,123,0.8048780487804879
reference,regular_test,augmented_delta,101,terms,first_strike,0.05,128,128,67.22442686582346,93.39962676500316,0.968756171511386,20.68102921526588,27.73584095807317,1.5895680782850823,0.0234375,0.203125,0.3515625,124,0.8306451612903226
reference,regular_test,augmented_delta,101,terms,ki_barrier,-0.05,64,64,57.72311959013568,81.65626728819667,0.9532834414991416,19.04919063237806,25.8702538597891,-1.3981665875762692,0.046875,0.21875,0.40625,59,0.9830508474576272
reference,regular_test,augmented_delta,101,terms,ki_barrier,-0.025,64,64,57.189499566307305,80.26469779944938,0.9581389472832806,9.431639333022757,12.653862889061324,-0.14105903908299855,0.046875,0.421875,0.625,55,0.9818181818181818
reference,regular_test,augmented_delta,101,terms,ki_barrier,-0.01,64,64,56.92677976060567,79.11172731206129,0.9608447442599305,3.791430767431545,5.039052500633034,0.16203534769980832,0.21875,0.71875,0.9375,47,0.9787234042553191
reference,regular_test,augmented_delta,101,terms,ki_barrier,-0.005,64,64,56.69586646240106,78.64557332543356,0.9617398651471476,1.928414402413182,2.5792107726525235,0.2088450660230593,0.40625,0.9375,1.0,38,1.0
reference,regular_test,augmented_delta,101,terms,ki_barrier,0.005,64,64,56.12870753654967,77.56421849123768,0.9635840344149328,1.9894186369298645,2.6405199784141087,-0.15724552872901165,0.375,0.96875,1.0,37,1.0
reference,regular_test,augmented_delta,101,terms,ki_barrier,0.01,64,64,55.75687656595734,77.02601511934213,0.9644531479374713,3.9437566709239036,5.185995058878528,-0.4088659309782091,0.21875,0.734375,0.96875,48,0.9791666666666666
reference,regular_test,augmented_delta,101,terms,ki_barrier,0.025,64,64,53.83842616285253,74.95788092822586,0.967210150355324,9.737987926617885,13.177401038108394,-1.8980200137011705,0.0625,0.375,0.5625,56,0.9821428571428571
reference,regular_test,augmented_delta,101,terms,ki_barrier,0.05,64,64,52.980921152586205,71.59533107518726,0.9710829495772174,19.646002880103577,27.786134879490152,-6.385995009254354,0.046875,0.265625,0.421875,58,0.9655172413793104
reference,regular_test,augmented_delta,101,terms,last_strike,-0.05,128,128,60.24976224766192,83.99510257136257,0.967488976724118,15.79116200353019,24.737817785007014,-4.105155585566536,0.125,0.3203125,0.4765625,122,0.9754098360655737
reference,regular_test,augmented_delta,101,terms,last_strike,-0.025,128,128,59.06737195501137,82.67979741481246,0.9695948549421077,7.910192693098603,12.005849255036207,-1.0088525122070375,0.1640625,0.5234375,0.71875,120,0.975
reference,regular_test,augmented_delta,101,terms,last_strike,-0.01,128,128,58.56313476762545,82.00882017541352,0.9706526205557455,3.202066226862371,4.709286840761377,-0.24489981145598,0.265625,0.796875,0.9453125,114,0.9912280701754386
reference,regular_test,augmented_delta,101,terms,last_strike,-0.005,128,128,58.52539898925261,81.96243450570863,0.9708591847340285,1.6633486713593206,2.448445480467078,-0.09231106595446661,0.46875,0.953125,1.0,104,0.9903846153846154
reference,regular_test,augmented_delta,101,terms,last_strike,0.005,128,128,58.34147912058776,81.75106037430206,0.9713536989289082,1.6275347168557346,2.36947328934987,-0.011338119007026172,0.453125,0.96875,1.0,102,0.9901960784313726
reference,regular_test,augmented_delta,101,terms,last_strike,0.01,128,128,58.13530396288446,81.64886837039708,0.9715793376311354,3.2682345338786645,4.679184867935347,-0.10011639236472535,0.2578125,0.8046875,0.9609375,113,0.9911504424778761
reference,regular_test,augmented_delta,101,terms,last_strike,0.025,128,128,57.401593652200575,81.35111757145903,0.9722200010102923,8.505820020878065,11.845267041374228,-0.9875982649779566,0.1015625,0.4140625,0.6875,119,0.9747899159663865
reference,regular_test,augmented_delta,101,terms,last_strike,0.05,128,128,56.491345922322864,81.15350518436664,0.9729759421219658,17.629183703994688,23.849762891938198,-4.252612802083604,0.046875,0.2265625,0.359375,122,0.9754098360655737
reference,regular_test,augmented_delta,233,schedule,nobs_early,1.0,81,81,192.00629781206317,295.2885716811097,0.6747868909811944,179.8843486979738,271.8895369753395,148.09822981472516,0.0,0.037037037037037035,0.06172839506172839,79,0.5949367088607594
reference,regular_test,augmented_delta,233,schedule,nobs_late,1.0,81,81,273.9719024998932,364.01107779520265,0.4866485080589509,264.787135916442,366.5683361135061,-202.30645161456476,0.0,0.012345679012345678,0.024691358024691357,81,0.35802469135802467
reference,regular_test,augmented_delta,233,schedule,nobs_middle,1.0,81,81,265.6393187070867,356.2803929910595,0.5316405668330665,260.3203141783793,357.74693241729045,-172.26117194428804,0.0,0.037037037037037035,0.04938271604938271,81,0.3950617283950617
reference,regular_test,augmented_delta,233,schedule,tenor_months,-12.0,128,128,189.3810184445623,289.6764038141872,0.23733881339525842,177.5550094228405,274.90444415353625,95.41913307948835,0.015625,0.0234375,0.03125,125,0.608
reference,regular_test,augmented_delta,233,schedule,tenor_months,-6.0,128,128,114.93487067452827,172.72601613709188,0.8226858290311844,93.35157810523711,147.48765427718237,52.39054915716315,0.0078125,0.046875,0.1015625,121,0.628099173553719
reference,regular_test,augmented_delta,233,schedule,tenor_months,-3.0,128,128,83.2548993889592,114.38894703168405,0.9346573087480319,47.026998534357816,74.76677827205094,27.45872241651462,0.015625,0.109375,0.2265625,119,0.6302521008403361
reference,regular_test,augmented_delta,233,schedule,tenor_months,-1.0,128,128,64.42801560641647,86.35175299249212,0.9663376774564859,15.643687623147045,24.771492861309405,9.212142578649642,0.0234375,0.40625,0.578125,105,0.6571428571428571
reference,regular_test,augmented_delta,233,schedule,tenor_months,1.0,128,128,57.797117912804715,82.32997986238509,0.972064564253016,15.341812467647895,24.424380018161376,-9.0403042715634,0.0390625,0.3984375,0.578125,104,0.6730769230769231
reference,regular_test,augmented_delta,233,schedule,tenor_months,3.0,128,128,75.74901660096123,104.82122861607995,0.9584060516050896,47.107361361735755,74.13574733603632,-27.84509201921931,0.03125,0.109375,0.2265625,113,0.6548672566371682
reference,regular_test,augmented_delta,233,schedule,tenor_months,6.0,128,128,111.73507784263292,160.30634202854486,0.9135297713332299,93.0868270832801,145.10644667635177,-55.03142247067899,0.0078125,0.0546875,0.1328125,115,0.6695652173913044
reference,regular_test,augmented_delta,233,schedule,tenor_months,12.0,128,128,187.5558279026518,277.89296561474254,0.7887181908345579,178.48450078668398,271.69975469630685,-106.01272897102747,0.0,0.046875,0.0703125,121,0.6942148760330579
reference,regular_test,augmented_delta,233,terms,coupon_regular,-0.01,128,128,56.21432240858929,78.61937825430095,0.9736521495175134,7.954915078900135,10.670600768264984,-0.48618288609820065,0.078125,0.4140625,0.6875,128,1.0
reference,regular_test,augmented_delta,233,terms,coupon_regular,-0.005,128,128,56.81112246559335,79.61744102913528,0.9728002023086406,3.9819649073372902,5.365722374773303,-0.3327945246904467,0.2109375,0.6875,0.953125,128,1.0
reference,regular_test,augmented_delta,233,terms,coupon_regular,-0.0025,128,128,57.19420495771523,80.24860707151943,0.9722920782524009,1.9925300683050107,2.692172162143284,-0.18893583809646464,0.3359375,0.953125,1.0,128,1.0
reference,regular_test,augmented_delta,233,terms,coupon_regular,-0.001,128,128,57.466347705132314,80.66890111289803,0.9719606791956253,0.7980005263428513,1.0793783710198306,-0.08100888051558282,0.6953125,1.0,1.0,128,1.0
reference,regular_test,augmented_delta,233,terms,coupon_regular,0.001,128,128,57.836381887964514,81.27731732716376,0.9714876314125216,0.8001955887690807,1.0827879257497284,0.0881536067851509,0.703125,1.0,1.0,128,1.0
reference,regular_test,augmented_delta,233,terms,coupon_regular,0.0025,128,128,58.12648517293652,81.76944485853078,0.9711092277831657,2.0046828659251332,2.713829708996638,0.23392059871306037,0.328125,0.9609375,1.0,128,1.0
reference,regular_test,augmented_delta,233,terms,coupon_regular,0.005,128,128,58.69646758285046,82.65741771036022,0.9704330192478238,4.02327110505818,5.452623324534313,0.5126375588200367,0.1953125,0.703125,0.953125,128,1.0
reference,regular_test,augmented_delta,233,terms,coupon_regular,0.01,128,128,60.28072880912407,84.68533254508368,0.9689062680004431,8.129731772622714,11.016569795193638,1.2016503934282805,0.125,0.3984375,0.703125,128,1.0
reference,regular_test,augmented_delta,233,terms,first_strike,-0.05,128,128,49.73289143181114,72.68245694581863,0.9699126628559795,26.48853462060591,37.67779050792983,-12.183395653597472,0.03125,0.15625,0.3125,121,0.8512396694214877
reference,regular_test,augmented_delta,233,terms,first_strike,-0.025,128,128,52.74559406256265,75.60146978784107,0.9719502320981335,12.663308349426492,17.873597199110794,-4.335690879621325,0.078125,0.3515625,0.5625,119,0.8571428571428571
reference,regular_test,augmented_delta,233,terms,first_strike,-0.01,128,128,55.69467633331885,78.66529699153524,0.9719615808420827,5.0803370251693805,7.090013862139016,-1.33063517021219,0.1640625,0.640625,0.8671875,120,0.85
reference,regular_test,augmented_delta,233,terms,first_strike,-0.005,128,128,56.646979614254015,79.74343045654797,0.9719047736081731,2.557769989589967,3.6246688056754532,-0.5892380343429976,0.328125,0.8515625,0.96875,121,0.8429752066115702
reference,regular_test,augmented_delta,233,terms,first_strike,0.005,128,128,58.46889462492831,82.06533248631526,0.9716052199119234,2.4191856449421416,3.274244115282178,0.5402192036417546,0.3203125,0.875,0.9921875,118,0.8305084745762712
reference,regular_test,augmented_delta,233,terms,first_strike,0.01,128,128,59.21809270251199,83.23938008993399,0.9714424681563207,4.713486320443432,6.444168193569405,1.0207957791596225,0.1796875,0.671875,0.8671875,121,0.8347107438016529
reference,regular_test,augmented_delta,233,terms,first_strike,0.025,128,128,61.42694967735922,86.09083869145374,0.9712218695982,11.247146486930433,15.338628868606484,1.6873604378585392,0.078125,0.359375,0.5703125,123,0.8292682926829268
reference,regular_test,augmented_delta,233,terms,first_strike,0.05,128,128,65.92167816100931,90.40554679973444,0.9707272099331384,22.213779773075657,29.897972690931564,1.715673811500892,0.046875,0.203125,0.359375,124,0.8145161290322581
reference,regular_test,augmented_delta,233,terms,ki_barrier,-0.05,64,64,55.544904519469284,79.52393443478641,0.9556914526203222,19.708092543451734,25.998292179275232,-4.301387762650847,0.0,0.15625,0.34375,59,0.9152542372881356
reference,regular_test,augmented_delta,233,terms,ki_barrier,-0.025,64,64,55.11178526062578,79.956296902806,0.9584600145653551,9.595822295872495,12.5823869303856,-1.6695083956389374,0.046875,0.34375,0.671875,55,0.9272727272727272
reference,regular_test,augmented_delta,233,terms,ki_barrier,-0.01,64,64,55.27149612469658,79.70995811112832,0.9602503331750218,3.7729041863155244,4.941418659899807,-0.4680230004790551,0.15625,0.71875,0.953125,47,0.9361702127659575
reference,regular_test,augmented_delta,233,terms,ki_barrier,-0.005,64,64,55.24963767637854,79.51874177567096,0.9608855768223364,1.8807413349471365,2.5112229212790504,-0.1092574725626035,0.296875,0.953125,1.0,38,1.0
reference,regular_test,augmented_delta,233,terms,ki_barrier,0.005,64,64,55.286259132646094,78.99446515044072,0.962228666842136,1.965853653072069,2.582145956118525,0.16712481078381333,0.3125,0.96875,1.0,37,1.0
reference,regular_test,augmented_delta,233,terms,ki_barrier,0.01,64,64,55.435838818079745,78.73369358095705,0.9628595178784931,3.8791320870320005,5.042004694808009,0.2459283447824416,0.109375,0.71875,0.96875,48,0.9166666666666666
reference,regular_test,augmented_delta,233,terms,ki_barrier,0.025,64,64,55.78661216422435,77.47430786905188,0.9649716053191507,9.562427798984572,12.631718879046561,-0.21390008879825462,0.046875,0.328125,0.625,56,0.9107142857142857
reference,regular_test,augmented_delta,233,terms,ki_barrier,0.05,64,64,56.574046892458256,75.23286439255524,0.9680699364071631,18.912053585867397,26.214653889218216,-2.859551393698591,0.078125,0.171875,0.328125,58,0.896551724137931
reference,regular_test,augmented_delta,233,terms,last_strike,-0.05,128,128,59.50110591571226,83.84553534760184,0.9676046561869844,17.639552790477563,28.034036096110093,-7.101043356815353,0.046875,0.3125,0.5078125,122,0.9590163934426229
reference,regular_test,augmented_delta,233,terms,last_strike,-0.025,128,128,58.31671862641426,81.90122577370384,0.970164791625546,8.622874961836107,13.517602684186244,-2.3438102906608647,0.125,0.515625,0.7109375,120,0.9583333333333334
reference,regular_test,augmented_delta,233,terms,last_strike,-0.01,128,128,57.53727206877473,81.12849736743026,0.9712792971439242,3.4551272827666253,5.268117294048624,-0.7388220822904259,0.265625,0.78125,0.9296875,114,0.9736842105263158
reference,regular_test,augmented_delta,233,terms,last_strike,-0.005,128,128,57.577461270252684,81.11756117970398,0.9714568586310283,1.7829862779472023,2.740273251412582,-0.3325596939151485,0.5078125,0.9296875,0.9921875,104,0.9711538461538461
reference,regular_test,augmented_delta,233,terms,last_strike,0.005,128,128,57.72331138167249,80.93258155881334,0.9719244320708754,1.740788584885498,2.608945834098584,0.21537373533161971,0.46875,0.9375,0.9921875,102,0.9803921568627451
reference,regular_test,augmented_delta,233,terms,last_strike,0.01,128,128,57.66641645219443,80.83919171499957,0.9721402137218721,3.505914870571966,5.1627365625716335,0.3396680972073228,0.2265625,0.7890625,0.9375,113,0.9734513274336283
reference,regular_test,augmented_delta,233,terms,last_strike,0.025,128,128,57.91382566828392,80.70875206812232,0.9726569823321101,9.071330978224674,13.007527958370261,0.009745766952013013,0.0546875,0.4140625,0.6875,119,0.957983193277311
reference,regular_test,augmented_delta,233,terms,last_strike,0.05,128,128,58.00232218115315,80.76717408333005,0.9732326256417742,18.75690763106104,25.79327054426146,-2.598560626502149,0.0,0.1484375,0.3515625,122,0.9508196721311475
reference,regular_test,augmented_delta,47,schedule,nobs_early,1.0,81,81,148.77331222828144,238.30032287979867,0.7882009408537494,139.44748869797965,221.5729186672039,113.88136667702081,0.0,0.04938271604938271,0.09876543209876543,79,0.6582278481012658
reference,regular_test,augmented_delta,47,schedule,nobs_late,1.0,81,81,286.1164381589199,425.86808159605926,0.29735524278969094,280.945776039311,427.0493881539286,-265.36376534525203,0.012345679012345678,0.037037037037037035,0.04938271604938271,81,0.3333333333333333
reference,regular_test,augmented_delta,47,schedule,nobs_middle,1.0,81,81,281.74118070705083,411.4223749385939,0.3754442083914835,276.73205297104363,414.9522535003243,-251.2172299402137,0.0,0.012345679012345678,0.04938271604938271,81,0.3333333333333333
reference,regular_test,augmented_delta,47,schedule,tenor_months,-12.0,128,128,196.41697901131926,295.2992567925349,0.20744371901510228,186.56938111418003,287.09466534353885,70.58336771770246,0.0078125,0.0234375,0.03125,125,0.64
reference,regular_test,augmented_delta,47,schedule,tenor_months,-6.0,128,128,113.32418603203152,165.51695771233977,0.8371780605176183,96.0091300666351,147.14752310235934,36.97251324762965,0.015625,0.0390625,0.1484375,121,0.6528925619834711
reference,regular_test,augmented_delta,47,schedule,tenor_months,-3.0,128,128,74.9603231297638,106.21904327318212,0.943657817779549,47.82402046276607,72.6748411137058,18.97752628868269,0.03125,0.140625,0.265625,119,0.6470588235294118
reference,regular_test,augmented_delta,47,schedule,tenor_months,-1.0,128,128,57.038488250089266,80.83920862910375,0.9704983798562196,15.836323299417625,23.79162948218517,6.225307262826088,0.0625,0.3671875,0.5546875,105,0.6476190476190476
reference,regular_test,augmented_delta,47,schedule,tenor_months,1.0,128,128,56.53115054161993,80.11111718444333,0.9735500407017398,15.3821210823362,23.014867133668783,-5.924722923025001,0.1171875,0.375,0.53125,104,0.6442307692307693
reference,regular_test,augmented_delta,47,schedule,tenor_months,3.0,128,128,75.60171344587141,102.31604484123534,0.9603704496928402,47.12162438487302,69.29981571999487,-18.180524831790837,0.03125,0.1171875,0.2421875,113,0.6283185840707964
reference,regular_test,augmented_delta,47,schedule,tenor_months,6.0,128,128,112.65390433468998,152.97112155620232,0.9212620504877335,92.79301585935445,134.14340443732078,-35.08096555339307,0.0234375,0.046875,0.1328125,115,0.6347826086956522
reference,regular_test,augmented_delta,47,schedule,tenor_months,12.0,128,128,186.99035483023425,258.2854939004801,0.8174814410834612,178.0781441775874,249.26011007352085,-65.46780091949616,0.0,0.0390625,0.0703125,121,0.6198347107438017
reference,regular_test,augmented_delta,47,terms,coupon_regular,-0.01,128,128,54.513609132376224,76.51382097602838,0.9750445295586757,7.8935340049210945,10.364938327132995,1.2505148547546319,0.078125,0.421875,0.671875,128,1.0
reference,regular_test,augmented_delta,47,terms,coupon_regular,-0.005,128,128,54.11122399120931,76.71393935369505,0.9747478817839681,3.957349950408873,5.18991015934288,0.5311189219743636,0.203125,0.6640625,0.9375,128,1.0
reference,regular_test,augmented_delta,47,terms,coupon_regular,-0.0025,128,128,53.944384824955975,76.90443362585852,0.9745532863358307,1.9816937792735794,2.599563605398109,0.24275080168930196,0.34375,0.9375,1.0,128,0.9921875
reference,regular_test,augmented_delta,47,terms,coupon_regular,-0.001,128,128,53.891301797281876,77.04697583023703,0.9744220106947613,0.793378176051192,1.0413408323339746,0.09175145707558846,0.6875,1.0,1.0,128,0.9921875
reference,regular_test,augmented_delta,47,terms,coupon_regular,0.001,128,128,53.81254943542289,77.26956934455929,0.9742301696907337,0.7947093452870224,1.043638396285622,-0.08481627838530884,0.6953125,1.0,1.0,128,0.9921875
reference,regular_test,augmented_delta,47,terms,coupon_regular,0.0025,128,128,53.79434344262307,77.46121981709867,0.9740733911817012,1.9920799487736074,2.614450063594978,-0.1988836281622448,0.328125,0.9375,1.0,128,0.9921875
reference,regular_test,augmented_delta,47,terms,coupon_regular,0.005,128,128,53.94378346770439,77.8275354992555,0.9737874140096234,4.000421935886455,5.249577006796088,-0.3556810436227046,0.2109375,0.6875,0.9453125,128,0.9921875
reference,regular_test,augmented_delta,47,terms,coupon_regular,0.01,128,128,54.54701243739774,78.74347617352537,0.9731165115696179,8.061516315443441,10.604333835037515,-0.5498833160381771,0.0859375,0.3984375,0.6796875,128,0.9921875
reference,regular_test,augmented_delta,47,terms,first_strike,-0.05,128,128,50.965362030152136,74.1541999684491,0.9686818528254454,22.949607552292946,31.54110327054429,-0.7491712194005231,0.0234375,0.2109375,0.3671875,121,0.8512396694214877
reference,regular_test,augmented_delta,47,terms,first_strike,-0.025,128,128,51.32231742273769,74.33425439983003,0.9728826795232639,11.877112133649764,15.952020486446845,0.2934852304078957,0.046875,0.3515625,0.53125,119,0.8487394957983193
reference,regular_test,augmented_delta,47,terms,first_strike,-0.01,128,128,52.834279428593646,75.78500087869828,0.9739772211711225,4.8565952847687495,6.493137436310245,0.23621727270801796,0.1875,0.6171875,0.875,120,0.8333333333333334
reference,regular_test,augmented_delta,47,terms,first_strike,-0.005,128,128,53.277068496803885,76.37868120214515,0.9742256917824126,2.463433088050806,3.338709259919688,0.145701205576188,0.328125,0.875,0.984375,121,0.8181818181818182
reference,regular_test,augmented_delta,47,terms,first_strike,0.005,128,128,54.50536169004127,77.9464683972469,0.9743839637813361,2.3034897267789347,3.0434892758855763,-0.09769950706686362,0.359375,0.90625,0.9921875,118,0.8305084745762712
reference,regular_test,augmented_delta,47,terms,first_strike,0.01,128,128,55.4168015642387,78.91161551240832,0.974334787504327,4.630044327556485,6.042177069249384,-0.1584821177214812,0.171875,0.6171875,0.90625,121,0.8347107438016529
reference,regular_test,augmented_delta,47,terms,first_strike,0.025,128,128,57.57339745958923,81.65467375713845,0.974111267107376,11.403019908228694,14.607762207143628,-0.5581234821196025,0.078125,0.296875,0.5390625,123,0.7967479674796748
reference,regular_test,augmented_delta,47,terms,first_strike,0.05,128,128,61.62865304334349,86.7950508820217,0.973018636818046,22.38705181706124,28.38517816421875,-0.7144634353462609,0.0390625,0.1796875,0.2890625,124,0.7741935483870968
reference,regular_test,augmented_delta,47,terms,ki_barrier,-0.05,64,64,53.73731840357756,74.75327132116468,0.9608481578755946,19.222092571202666,25.415219753165232,-3.649946248158812,0.046875,0.171875,0.34375,59,0.8983050847457628
reference,regular_test,augmented_delta,47,terms,ki_barrier,-0.025,64,64,52.32893700446088,71.07990152971095,0.9671712285148765,9.492372177463645,12.273258971463122,-1.4807013700871412,0.046875,0.3125,0.65625,55,0.9090909090909091
reference,regular_test,augmented_delta,47,terms,ki_barrier,-0.01,64,64,52.37707311975841,69.20573939955871,0.9700364989162501,3.778159023767027,4.828392547039569,-0.4250983430150277,0.1875,0.75,0.953125,47,0.9361702127659575
reference,regular_test,augmented_delta,47,terms,ki_barrier,-0.005,64,64,52.46382774705114,68.66122034632623,0.9708377541458315,1.9031444375480837,2.4384788443835093,-0.09322941105347113,0.328125,0.953125,1.0,38,1.0
reference,regular_test,augmented_delta,47,terms,ki_barrier,0.005,64,64,52.33271265788075,67.46108527704399,0.9724529158913325,1.9707255399941155,2.5088603749667793,0.16190940436596668,0.3125,0.953125,1.0,37,1.0
reference,regular_test,augmented_delta,47,terms,ki_barrier,0.01,64,64,52.178432493989604,66.88227608753644,0.9731991619648941,3.8742269004384675,4.914600969776615,0.2464871383272109,0.15625,0.75,0.953125,48,0.9166666666666666
reference,regular_test,augmented_delta,47,terms,ki_barrier,0.025,64,64,51.88320313680734,65.1152081149332,0.97525601235242,9.546846483290818,12.320812980683636,-0.13225103868171562,0.046875,0.296875,0.671875,56,0.8928571428571429
reference,regular_test,augmented_delta,47,terms,ki_barrier,0.05,64,64,51.63215756543897,63.07886116423188,0.9775533116605617,18.677279764669947,25.47692351437131,-2.432418921302694,0.015625,0.21875,0.34375,58,0.8793103448275862
reference,regular_test,augmented_delta,47,terms,last_strike,-0.05,128,128,56.08993556924392,81.77647606347699,0.9691837709679817,16.029490788971696,23.529498216467665,-2.450046358862892,0.0625,0.265625,0.4921875,122,0.9508196721311475
reference,regular_test,augmented_delta,47,terms,last_strike,-0.025,128,128,54.2309586656493,79.20455137621263,0.9720971509991045,8.003185778992094,11.403976006048783,-0.29800193068028136,0.1015625,0.515625,0.71875,120,0.9583333333333334
reference,regular_test,augmented_delta,47,terms,last_strike,-0.01,128,128,54.00678050437124,77.85023757883198,0.973553507342915,3.2112785199812306,4.498738199486516,0.009854165604338022,0.2734375,0.796875,0.9609375,114,0.9649122807017544
reference,regular_test,augmented_delta,47,terms,last_strike,-0.005,128,128,53.937085264368164,77.59718422751368,0.9738805562951535,1.6725958619111527,2.335805910277314,0.030064720350007304,0.4140625,0.9375,1.0,104,0.9711538461538461
reference,regular_test,augmented_delta,47,terms,last_strike,0.005,128,128,53.86826268357103,76.92811034813057,0.9746340055992943,1.6543388223896427,2.2956524161848137,-0.12356714586106443,0.4375,0.9453125,1.0,102,0.9607843137254902
reference,regular_test,augmented_delta,47,terms,last_strike,0.01,128,128,53.778188304884374,76.61618211041582,0.9749749548972586,3.2582251389200487,4.474425909209102,-0.31414828984998167,0.2578125,0.78125,0.9453125,113,0.9557522123893806
reference,regular_test,augmented_delta,47,terms,last_strike,0.025,128,128,53.27950344380798,75.77539941916211,0.9758975246634297,8.432260614742214,11.268395827135432,-1.444677414760614,0.078125,0.40625,0.7109375,119,0.9495798319327731
reference,regular_test,augmented_delta,47,terms,last_strike,0.05,128,128,52.34462505612552,74.98311859886084,0.9769291818894072,17.404480994717836,22.673058962074556,-4.905074114794844,0.046875,0.203125,0.3828125,122,0.9426229508196722
reference,regular_test,augmented_delta,ensemble,schedule,nobs_early,1.0,81,81,172.8446274318027,268.7903060390858,0.7305352453648575,157.27397996243744,248.6806523514721,131.89138104618488,0.0,0.04938271604938271,0.12345679012345678,79,0.5949367088607594
reference,regular_test,augmented_delta,ensemble,schedule,nobs_late,1.0,81,81,275.0139509630695,389.9071334731445,0.4110099080994697,267.20787784687735,395.84095322888294,-241.23544211599986,0.0,0.037037037037037035,0.037037037037037035,81,0.2962962962962963
reference,regular_test,augmented_delta,ensemble,schedule,nobs_middle,1.0,81,81,269.2200186534883,378.54642249796876,0.4712702850563705,265.13397996790457,384.07876867044644,-219.61331423902635,0.0,0.037037037037037035,0.037037037037037035,81,0.32098765432098764
reference,regular_test,augmented_delta,ensemble,schedule,tenor_months,-12.0,128,128,182.8917637446975,279.5809481310822,0.28957121311149725,170.34950202741044,266.9356681012908,82.95634978506905,0.0,0.03125,0.0546875,125,0.608
reference,regular_test,augmented_delta,ensemble,schedule,tenor_months,-6.0,128,128,109.88088375615676,164.84881680643431,0.8384899312509949,90.09106794607558,143.22371921927368,45.8757226781058,0.015625,0.0546875,0.140625,121,0.628099173553719
reference,regular_test,augmented_delta,ensemble,schedule,tenor_months,-3.0,128,128,76.09414702082861,106.85143228773238,0.9429849395374086,45.3556869061971,72.27569521887007,24.091895072613703,0.03125,0.15625,0.296875,119,0.6386554621848739
reference,regular_test,augmented_delta,ensemble,schedule,tenor_months,-1.0,128,128,56.850335291525475,78.99212148070191,0.9718311371266612,15.053471212296223,23.869627193921975,8.052441082287078,0.109375,0.4140625,0.5859375,105,0.6476190476190476
reference,regular_test,augmented_delta,ensemble,schedule,tenor_months,1.0,128,128,51.97352696915673,75.44458847421515,0.9765417495030074,14.754207367260841,23.32297288936756,-7.841141085509875,0.1015625,0.3984375,0.5703125,104,0.6634615384615384
reference,regular_test,augmented_delta,ensemble,schedule,tenor_months,3.0,128,128,69.1218207260628,97.65969733437467,0.963895411038619,45.2833669097766,70.49852675981202,-24.115488145032565,0.015625,0.1796875,0.296875,113,0.6637168141592921
reference,regular_test,augmented_delta,ensemble,schedule,tenor_months,6.0,128,128,105.31648503219611,150.20308260546693,0.9240858225835314,89.14220397221192,136.64954484213254,-47.15007258670532,0.0390625,0.1015625,0.1640625,115,0.6695652173913044
reference,regular_test,augmented_delta,ensemble,schedule,tenor_months,12.0,128,128,176.3009507514895,256.92339243711257,0.8194014347878309,169.85331938133118,251.55939730062565,-88.91581493048176,0.0078125,0.0625,0.0859375,121,0.6776859504132231
reference,regular_test,augmented_delta,ensemble,terms,coupon_regular,-0.01,128,128,51.13640841756885,73.22686790290872,0.9771425963558324,6.818036343514291,9.255762602440736,-0.05616176151659785,0.1171875,0.453125,0.8046875,128,1.0
reference,regular_test,augmented_delta,ensemble,terms,coupon_regular,-0.005,128,128,50.9197867135185,73.34313323179953,0.9769182803195688,3.4154034983755817,4.630830825651401,-0.1115138331660247,0.21875,0.796875,0.9609375,128,1.0
reference,regular_test,augmented_delta,ensemble,terms,coupon_regular,-0.0025,128,128,50.96172761840059,73.50461813431147,0.9767534666197064,1.710545702992654,2.3184812716964562,-0.07622873232075869,0.4140625,0.9609375,1.0,128,1.0
reference,regular_test,augmented_delta,ensemble,terms,coupon_regular,-0.001,128,128,50.988112314726315,73.6342628180678,0.9766377270201403,0.6851357674459689,0.928451597122169,-0.03534613468215121,0.7890625,1.0,1.0,128,1.0
reference,regular_test,augmented_delta,ensemble,terms,coupon_regular,0.001,128,128,51.033752580741655,73.84520662304516,0.9764636455745186,0.6873413106659081,0.9301689112637179,0.04166974488192855,0.7890625,1.0,1.0,128,1.0
reference,regular_test,augmented_delta,ensemble,terms,coupon_regular,0.0025,128,128,51.08942040613427,74.03216838038783,0.976318021011507,1.7225623151752085,2.329378524066214,0.11616572458304263,0.3984375,0.9609375,1.0,128,1.0
reference,regular_test,augmented_delta,ensemble,terms,coupon_regular,0.005,128,128,51.25669662036037,74.39883491368523,0.9760461359258564,3.4591122168347685,4.674690397867908,0.27119218135108664,0.2265625,0.7890625,0.9609375,128,1.0
reference,regular_test,augmented_delta,ensemble,terms,coupon_regular,0.01,128,128,51.83654936768362,75.34364113824788,0.9753878436337752,6.981341739883582,9.43358716672828,0.6931234324196305,0.1171875,0.5,0.765625,128,1.0
reference,regular_test,augmented_delta,ensemble,terms,first_strike,-0.05,128,128,43.41355133338503,66.27503935282076,0.9749836155953062,22.803577378665732,32.82259763466931,-6.49031078282184,0.046875,0.203125,0.359375,121,0.8760330578512396
reference,regular_test,augmented_delta,ensemble,terms,first_strike,-0.025,128,128,45.72237199905938,68.78381473386658,0.9767811176780942,11.195216383783144,16.02960860643859,-2.230024865565798,0.1015625,0.3984375,0.59375,119,0.8907563025210085
reference,regular_test,augmented_delta,ensemble,terms,first_strike,-0.01,128,128,48.75454883563452,71.56351776993338,0.9767955909974724,4.498932158465163,6.433495187240245,-0.6613448585775193,0.25,0.65625,0.8828125,120,0.875
reference,regular_test,augmented_delta,ensemble,terms,first_strike,-0.005,128,128,49.81876543488844,72.57715448721292,0.9767275245489152,2.2781808264990246,3.306580236731417,-0.28227100934105265,0.40625,0.8828125,0.9921875,121,0.859504132231405
reference,regular_test,augmented_delta,ensemble,terms,first_strike,0.005,128,128,52.09070477145802,74.83270832593493,0.9763896747680029,2.152330773625576,2.9648643049810786,0.2859184702345318,0.390625,0.8984375,1.0,118,0.847457627118644
reference,regular_test,augmented_delta,ensemble,terms,first_strike,0.01,128,128,53.2278398901578,76.05065005192714,0.9761620526369758,4.261259615802119,5.855282176447396,0.5618089703034184,0.2265625,0.6640625,0.890625,121,0.8512396694214877
reference,regular_test,augmented_delta,ensemble,terms,first_strike,0.025,128,128,56.00674741459167,79.13348035899337,0.9756852822619939,10.256068833652591,13.852792900721939,0.8724811247473557,0.0859375,0.4140625,0.6015625,123,0.8373983739837398
reference,regular_test,augmented_delta,ensemble,terms,first_strike,0.05,128,128,60.32888986555763,84.02558732749773,0.9747130134688002,19.560525432052003,26.513328770158022,0.8635928181466578,0.0703125,0.2265625,0.4140625,124,0.8225806451612904
reference,regular_test,augmented_delta,ensemble,terms,ki_barrier,-0.05,64,64,49.03717887771735,71.61311084666254,0.9640683736725622,18.89076955003359,25.397521129434494,-3.1165001994617976,0.015625,0.234375,0.40625,59,0.9152542372881356
reference,regular_test,augmented_delta,ensemble,terms,ki_barrier,-0.025,64,64,49.010377464908245,70.21565009570064,0.967964696838945,9.291297037387288,12.316415905163668,-1.0970896016027827,0.078125,0.390625,0.640625,55,0.9272727272727272
reference,regular_test,augmented_delta,ensemble,terms,ki_barrier,-0.01,64,64,49.045897664051196,69.16462170591085,0.9700720931912774,3.696834506971411,4.860802007442528,-0.24369533193137272,0.171875,0.71875,0.953125,47,0.9361702127659575
reference,regular_test,augmented_delta,ensemble,terms,ki_barrier,-0.005,64,64,49.06887050905783,68.7646051877688,0.9707498674471169,1.8709346641552989,2.472790418934136,0.0021193941356962426,0.375,0.953125,1.0,38,1.0
reference,regular_test,augmented_delta,ensemble,terms,ki_barrier,0.005,64,64,49.04355104967571,67.80960197126664,0.9721675538058211,1.941623246219601,2.541156991459754,0.05726289547379181,0.328125,0.96875,1.0,37,1.0
reference,regular_test,augmented_delta,ensemble,terms,ki_barrier,0.01,64,64,48.95781934200697,67.33722051230627,0.9728333143411765,3.838679847540328,4.973919485490281,0.02784985071056781,0.15625,0.734375,0.96875,48,0.9166666666666666
reference,regular_test,augmented_delta,ensemble,terms,ki_barrier,0.025,64,64,48.352714812572316,65.53450467422057,0.9749363182812055,9.364788912624729,12.528321141548808,-0.7480570470603572,0.109375,0.328125,0.625,56,0.9107142857142857
reference,regular_test,augmented_delta,ensemble,terms,ki_barrier,0.05,64,64,48.065143442863075,62.74459198187161,0.9777905814953457,18.695624286269993,26.148226123197645,-3.892655108085103,0.078125,0.203125,0.390625,58,0.8793103448275862
reference,regular_test,augmented_delta,ensemble,terms,last_strike,-0.05,128,128,53.085247979456625,76.73842786308127,0.9728638329167174,15.688007731029398,24.62051592582075,-4.5520817670815035,0.0234375,0.3203125,0.5390625,122,0.9754098360655737
reference,regular_test,augmented_delta,ensemble,terms,last_strike,-0.025,128,128,51.679631487394616,74.91570314503079,0.9750371600526371,7.734922712804549,11.87989727054376,-1.2168882445159332,0.140625,0.515625,0.734375,120,0.975
reference,regular_test,augmented_delta,ensemble,terms,last_strike,-0.01,128,128,51.15194132069019,74.0416593634354,0.9760778347602591,3.1423989819983413,4.648066129028866,-0.3246225760473156,0.328125,0.8046875,0.953125,114,0.9912280701754386
reference,regular_test,augmented_delta,ensemble,terms,last_strike,-0.005,128,128,51.14566143352427,73.96893217105405,0.9762660131793279,1.6540197400220344,2.4237338402606112,-0.13160201317306958,0.453125,0.9609375,1.0,104,0.9903846153846154
reference,regular_test,augmented_delta,ensemble,terms,last_strike,0.005,128,128,50.98142761050832,73.65290689791951,0.9767479339949375,1.5874374434352068,2.335340480727739,0.026822823487938442,0.4921875,0.96875,1.0,102,0.9901960784313726
reference,regular_test,augmented_delta,ensemble,terms,last_strike,0.01,128,128,50.893429387017214,73.49849425605332,0.9769701696202368,3.213469871785607,4.592363279156653,-0.02486552833574271,0.296875,0.796875,0.9609375,113,0.9911504424778761
reference,regular_test,augmented_delta,ensemble,terms,last_strike,0.025,128,128,50.53640421715289,73.1047496534676,0.9775665345570794,8.418306486525898,11.602050609765136,-0.8075099709287342,0.078125,0.421875,0.71875,119,0.9747899159663865
reference,regular_test,augmented_delta,ensemble,terms,last_strike,0.05,128,128,49.947558462557595,72.79614607129668,0.9782553324276062,17.43196205247661,23.251369626785408,-3.9187491811267816,0.0390625,0.203125,0.375,122,0.9672131147540983
reference,regular_test,augmented_price,101,schedule,nobs_early,1.0,81,81,192.39768574535347,280.5210153442072,0.7065017140406187,174.1010120158743,254.7312363629035,135.62781226220102,0.024691358024691357,0.07407407407407407,0.07407407407407407,79,0.5822784810126582
reference,regular_test,augmented_price,101,schedule,nobs_late,1.0,81,81,254.9814801240404,360.7316010470903,0.49585669272748223,253.98953402516668,362.2402518816071,-242.64317382369458,0.0,0.037037037037037035,0.037037037037037035,81,0.25925925925925924
reference,regular_test,augmented_price,101,schedule,nobs_middle,1.0,81,81,267.5055449622752,381.2234509896233,0.46376563426015394,265.5774922914584,380.33477687193556,-241.1635746925843,0.0,0.024691358024691357,0.024691358024691357,81,0.2716049382716049
reference,regular_test,augmented_price,101,schedule,tenor_months,-12.0,128,128,164.76438807299934,238.64092356157522,0.482398833459335,146.73230385644246,221.92286759482545,73.21245409293897,0.0,0.0078125,0.03125,125,0.664
reference,regular_test,augmented_price,101,schedule,tenor_months,-6.0,128,128,105.83607539255655,151.50542196707752,0.863578040280557,77.4429534671129,120.12580851548519,40.0847651179638,0.0,0.0625,0.1171875,121,0.6942148760330579
reference,regular_test,augmented_price,101,schedule,tenor_months,-3.0,128,128,81.17041479953608,111.00199798207197,0.938469494213011,39.08363130636826,61.05955646073559,21.079367671365013,0.0234375,0.1328125,0.2890625,119,0.7058823529411765
reference,regular_test,augmented_price,101,schedule,tenor_months,-1.0,128,128,67.41536040026566,93.95764896310374,0.9601465390346482,13.024438806190119,20.321855860493784,7.056335709381226,0.078125,0.453125,0.640625,105,0.7238095238095238
reference,regular_test,augmented_price,101,schedule,tenor_months,1.0,128,128,64.92123561545782,92.74363331218805,0.9645507016839429,12.67379682326676,19.90307575729042,-6.864664888068546,0.109375,0.4140625,0.6171875,104,0.75
reference,regular_test,augmented_price,101,schedule,tenor_months,3.0,128,128,78.7023540350099,107.59053201116059,0.9561792539571573,39.34318391601573,60.77773413569676,-21.275491355140126,0.046875,0.125,0.3046875,113,0.7433628318584071
reference,regular_test,augmented_price,101,schedule,tenor_months,6.0,128,128,106.93404394132519,147.79233179782432,0.9265031033753723,78.09811207373937,119.48391793266278,-41.94991657601804,0.03125,0.0703125,0.1328125,115,0.7304347826086957
reference,regular_test,augmented_price,101,schedule,tenor_months,12.0,128,128,167.76210557217752,239.35306126589612,0.8432581484206864,150.5378097876252,225.03180350703622,-80.47091865219986,0.0078125,0.0234375,0.078125,121,0.743801652892562
reference,regular_test,augmented_price,101,terms,coupon_regular,-0.01,128,128,63.69333602591451,91.25800467526238,0.9645000355610134,9.395411641725028,12.119003849656904,-1.0258610350235051,0.078125,0.328125,0.6328125,128,1.0
reference,regular_test,augmented_price,101,terms,coupon_regular,-0.005,128,128,63.52330064129962,91.12949066008265,0.9643657904232451,4.694839952940431,6.03181372009545,-0.629569776317415,0.1484375,0.6328125,0.921875,128,1.0
reference,regular_test,augmented_price,101,terms,coupon_regular,-0.0025,128,128,63.64145943268851,91.2005044212225,0.9642131537400459,2.3471182134623327,3.0120496596176087,-0.3414026567867646,0.2578125,0.921875,0.9921875,128,1.0
reference,regular_test,augmented_price,101,terms,coupon_regular,-0.001,128,128,63.748715591448025,91.28591017408536,0.9640943570567604,0.9386978430751091,1.2042602391401869,-0.14265312172938133,0.625,1.0,1.0,128,1.0
reference,regular_test,augmented_price,101,terms,coupon_regular,0.001,128,128,63.951655362922686,91.44938899230819,0.963904239899451,0.9384881894026573,1.2040298083102143,0.15029144896349564,0.6171875,1.0,1.0,128,1.0
reference,regular_test,augmented_price,101,terms,coupon_regular,0.0025,128,128,64.13968713767426,91.6094175730451,0.9637375372523238,2.3464359534749137,3.0102929207791793,0.38956788399567216,0.265625,0.90625,1.0,128,1.0
reference,regular_test,augmented_price,101,terms,coupon_regular,0.005,128,128,64.47240390038357,91.94774651100387,0.9634131102707707,4.706392505555414,6.0246536549753245,0.822106737139014,0.1171875,0.625,0.90625,128,1.0
reference,regular_test,augmented_price,101,terms,coupon_regular,0.01,128,128,65.13983080461995,92.89860693097026,0.9625824920541737,9.493307994212955,12.088916904756134,1.795973894419148,0.0703125,0.34375,0.6171875,128,1.0
reference,regular_test,augmented_price,101,terms,first_strike,-0.05,128,128,58.86554406102408,86.45236841143279,0.9574324804485381,35.56320923977364,50.342308642364856,-13.25170180910027,0.015625,0.15625,0.28125,121,0.8264462809917356
reference,regular_test,augmented_price,101,terms,first_strike,-0.025,128,128,57.915889077937756,86.08124362499602,0.9636348101063283,17.061821606377027,24.219076214694102,-4.23437695334178,0.03125,0.296875,0.4453125,119,0.8151260504201681
reference,regular_test,augmented_price,101,terms,first_strike,-0.01,128,128,61.21420770658344,88.78170583691583,0.9642863596245358,6.694039038855408,9.55987321077715,-1.1280026610402274,0.1484375,0.5703125,0.7890625,120,0.8083333333333333
reference,regular_test,augmented_price,101,terms,first_strike,-0.005,128,128,62.48864649010728,89.98043273415004,0.9642283591389814,3.30810458122384,4.79829292688849,-0.4604547487251692,0.296875,0.796875,0.9140625,121,0.8099173553719008
reference,regular_test,augmented_price,101,terms,first_strike,0.005,128,128,65.3751894872411,92.79909835362206,0.9636916464310024,3.18746601594709,4.500404797066116,0.35582199048076285,0.265625,0.796875,0.9453125,118,0.7796610169491526
reference,regular_test,augmented_price,101,terms,first_strike,0.01,128,128,67.13411971914891,94.3891097242351,0.9632796531307671,6.280862921007307,8.917602263626884,0.596350172391491,0.125,0.578125,0.796875,121,0.7933884297520661
reference,regular_test,augmented_price,101,terms,first_strike,0.025,128,128,71.95099872571008,98.97260994518763,0.9619654095150834,14.881581273992198,21.21029941553158,0.21048306887193324,0.046875,0.296875,0.5,123,0.7886178861788617
reference,regular_test,augmented_price,101,terms,first_strike,0.05,128,128,78.99349337850518,106.82670568524063,0.9591272710406521,27.823465955215703,40.28478954101398,-2.5723495262209313,0.0234375,0.1953125,0.3359375,124,0.7903225806451613
reference,regular_test,augmented_price,101,terms,ki_barrier,-0.05,64,64,55.071855676617545,77.78893868836953,0.957603745784111,19.751735549264893,26.511416334473534,0.8072704616934072,0.09375,0.234375,0.390625,59,0.9661016949152542
reference,regular_test,augmented_price,101,terms,ki_barrier,-0.025,64,64,54.040040721200015,75.28994862006495,0.9631671777250552,9.717926971226309,12.853585598541779,0.9541856218905505,0.09375,0.390625,0.59375,55,0.9636363636363636
reference,regular_test,augmented_price,101,terms,ki_barrier,-0.01,64,64,53.99438269756014,73.8016909217508,0.9659246005364662,3.8166066571526853,5.072477401066712,0.597335519075083,0.1875,0.6875,0.921875,47,0.9787234042553191
reference,regular_test,augmented_price,101,terms,ki_barrier,-0.005,64,64,53.87344655551232,73.25949156528591,0.9668009442715877,1.9268758980324492,2.586508355390959,0.4259270449401812,0.390625,0.9375,1.0,38,1.0
reference,regular_test,augmented_price,101,terms,ki_barrier,0.005,64,64,53.71308722470708,72.18807919548978,0.9684572204971228,1.961106300354004,2.627042561867015,-0.37325648668532574,0.40625,0.9375,1.0,37,1.0
reference,regular_test,augmented_price,101,terms,ki_barrier,0.01,64,64,53.58617325312902,71.64562630864441,0.9692457137215245,3.889599809035038,5.164371947935651,-0.839490863028914,0.1875,0.703125,0.9375,48,0.9583333333333334
reference,regular_test,augmented_price,101,terms,ki_barrier,0.025,64,64,52.76913583258775,69.86374524841727,0.9715155032226892,9.60497665591538,13.059870661705972,-2.963201581966132,0.125,0.390625,0.625,56,0.9642857142857143
reference,regular_test,augmented_price,101,terms,ki_barrier,0.05,64,64,53.16252649528437,67.77501440205606,0.9740866341869112,19.67974076004854,27.278111565797726,-8.46972682447328,0.0625,0.203125,0.4375,58,0.9827586206896551
reference,regular_test,augmented_price,101,terms,last_strike,-0.05,128,128,67.05507428826343,94.59098799467729,0.9587691552558071,19.14894575451035,29.669654943081788,-6.954234322765842,0.0234375,0.2734375,0.4375,122,0.9918032786885246
reference,regular_test,augmented_price,101,terms,last_strike,-0.025,128,128,64.9776394830318,92.48076380276014,0.9619590733119174,9.303725735653037,14.276348328358232,-2.300620206263072,0.1171875,0.421875,0.703125,120,0.9916666666666667
reference,regular_test,augmented_price,101,terms,last_strike,-0.01,128,128,64.04926849257131,91.6104921400361,0.963378288937267,3.698584085330367,5.569781387737911,-0.7286054736468942,0.2734375,0.7890625,0.8984375,114,0.9912280701754386
reference,regular_test,augmented_price,101,terms,last_strike,-0.005,128,128,63.99826417505972,91.5535771128056,0.9636401039216117,1.8938876261624196,2.859787644134194,-0.32865745232750965,0.4140625,0.9140625,0.9921875,104,0.9903846153846154
reference,regular_test,augmented_price,101,terms,last_strike,0.005,128,128,63.750367648381456,91.30395650695952,0.9642677011345717,1.8224905725413314,2.743857668234879,0.21366010179432726,0.453125,0.921875,0.9921875,102,0.9901960784313726
reference,regular_test,augmented_price,101,terms,last_strike,0.01,128,128,63.6127834560912,91.20263382660583,0.9645391928764736,3.6815082140577333,5.430283644873648,0.3385132572147996,0.2265625,0.78125,0.921875,113,0.9911504424778761
reference,regular_test,augmented_price,101,terms,last_strike,0.025,128,128,63.2344666406336,90.98214832247011,0.9652529808607471,9.316180685224632,13.617551036851971,0.023580563797925946,0.0546875,0.40625,0.703125,119,0.9915966386554622
reference,regular_test,augmented_price,101,terms,last_strike,0.05,128,128,62.93057377190749,90.93908455732893,0.9660658360940387,18.926510912715454,26.77166683687616,-2.5182573375059296,0.0234375,0.203125,0.359375,122,0.9918032786885246
reference,regular_test,augmented_price,233,schedule,nobs_early,1.0,81,81,182.4485780275849,249.92562680729438,0.7670319605130294,169.4849964923555,223.77681140350765,129.28489200595132,0.0,0.037037037037037035,0.04938271604938271,79,0.5316455696202531
reference,regular_test,augmented_price,233,schedule,nobs_late,1.0,81,81,225.55838404361486,304.6906765394328,0.6403302130361637,209.57089013044643,301.1438018593099,-184.71450863901427,0.0,0.024691358024691357,0.1111111111111111,81,0.4567901234567901
reference,regular_test,augmented_price,233,schedule,nobs_middle,1.0,81,81,244.06657494218442,334.0819797473271,0.5881856010219553,234.39874847080944,330.1636286266258,-180.3103744983079,0.012345679012345678,0.07407407407407407,0.08641975308641975,81,0.4567901234567901
reference,regular_test,augmented_price,233,schedule,tenor_months,-12.0,128,128,172.1666260029852,236.30497794574097,0.49248235606169866,149.06208667056944,213.2451869773695,75.98459627224929,0.0078125,0.03125,0.0625,125,0.648
reference,regular_test,augmented_price,233,schedule,tenor_months,-6.0,128,128,110.87440075398862,148.1944777197938,0.869475519219567,77.16745235154515,111.26856255645487,40.3979828696456,0.03125,0.0625,0.140625,121,0.6611570247933884
reference,regular_test,augmented_price,233,schedule,tenor_months,-3.0,128,128,83.78354509054984,110.08613804980652,0.9394806623846926,38.59164336261225,55.7333649722305,21.02574677413152,0.03125,0.1484375,0.2265625,119,0.6890756302521008
reference,regular_test,augmented_price,233,schedule,tenor_months,-1.0,128,128,69.50012543329814,94.05370837494408,0.9600650074716401,12.906755712292277,18.461250434178655,7.012102543699864,0.0703125,0.375,0.5625,105,0.6857142857142857
reference,regular_test,augmented_price,233,schedule,tenor_months,1.0,128,128,66.69129678532525,91.57306107895101,0.9654399075576702,12.559598243154142,18.161078563752817,-6.804990394100059,0.0859375,0.3671875,0.59375,104,0.6923076923076923
reference,regular_test,augmented_price,233,schedule,tenor_months,3.0,128,128,78.85186547366854,102.73052190273101,0.9600487248041325,38.50963269162669,55.332714710807274,-21.0805841667246,0.0390625,0.15625,0.265625,113,0.6814159292035398
reference,regular_test,augmented_price,233,schedule,tenor_months,6.0,128,128,104.82309158802623,137.19079534750946,0.9366691748225002,76.51923739864802,109.55397179734624,-41.70709284113855,0.015625,0.09375,0.1796875,115,0.6956521739130435
reference,regular_test,augmented_price,233,schedule,tenor_months,12.0,128,128,161.31751885557844,223.85982322872064,0.8628930995385469,148.79218596268188,211.5343826021094,-81.30541161873255,0.0078125,0.03125,0.1015625,121,0.7107438016528925
reference,regular_test,augmented_price,233,terms,coupon_regular,-0.01,128,128,64.04313121844308,87.96704919298678,0.9670142754218459,9.56825641876397,12.871953902665842,3.8792612972514084,0.078125,0.4140625,0.625,128,1.0
reference,regular_test,augmented_price,233,terms,coupon_regular,-0.005,128,128,64.83188770408333,89.34737187594874,0.9657458804719097,4.759279249740454,6.4063956208040524,1.8308401108176136,0.171875,0.625,0.8515625,128,1.0
reference,regular_test,augmented_price,233,terms,coupon_regular,-0.0025,128,128,65.2654810283526,90.18286405789479,0.9650073370100387,2.3786413435979434,3.1976410197864475,0.8887906452485671,0.3359375,0.8671875,0.9921875,128,1.0
reference,regular_test,augmented_price,233,terms,coupon_regular,-0.001,128,128,65.52768616044196,90.72760478518767,0.9645322124102796,0.952080018624353,1.2779748921441785,0.3492202394409105,0.625,0.9921875,1.0,128,1.0
reference,regular_test,augmented_price,233,terms,coupon_regular,0.001,128,128,65.87918706695771,91.50222434710207,0.9638625188285891,0.9532855145710831,1.2767880568589476,-0.3409160165659462,0.625,0.9921875,1.0,128,1.0
reference,regular_test,augmented_price,233,terms,coupon_regular,0.0025,128,128,66.14683773992962,92.11839360501102,0.9633334740659008,2.386000045419981,3.1901510535327886,-0.8367324896777669,0.3203125,0.890625,0.9921875,128,1.0
reference,regular_test,augmented_price,233,terms,coupon_regular,0.005,128,128,66.62328500308024,93.20984349676402,0.9624018159678344,4.783532859951568,6.376571891097879,-1.6230201465465748,0.1875,0.6171875,0.890625,128,1.0
reference,regular_test,augmented_price,233,terms,coupon_regular,0.01,128,128,67.97370725105756,95.62287004416784,0.9603557683102283,9.628947812132537,12.753012735228861,-3.0514250646810988,0.0703125,0.3828125,0.609375,128,1.0
reference,regular_test,augmented_price,233,terms,first_strike,-0.05,128,128,61.78796288675005,86.00799523500845,0.9578689577730257,34.83834971833069,50.211736447758526,-9.295350379876254,0.0234375,0.140625,0.2890625,121,0.7768595041322314
reference,regular_test,augmented_price,233,terms,first_strike,-0.025,128,128,60.604615024435525,84.97911161390157,0.9645600445258213,17.10023756209618,24.254998652208805,-2.299540334739503,0.078125,0.296875,0.4765625,119,0.7983193277310925
reference,regular_test,augmented_price,233,terms,first_strike,-0.01,128,128,63.016682570982994,88.0392332268355,0.9648812011523922,6.757762702072796,9.592623279121748,-0.36722853290120827,0.1796875,0.546875,0.765625,120,0.7916666666666666
reference,regular_test,augmented_price,233,terms,first_strike,-0.005,128,128,64.28275924543254,89.42266186948709,0.9646704672291048,3.4312173075886676,4.855786074643833,-0.0824076326243812,0.265625,0.7734375,0.9140625,121,0.7851239669421488
reference,regular_test,augmented_price,233,terms,first_strike,0.005,128,128,67.21739557043077,92.82750223351036,0.9636694165610682,3.3053245401194244,4.5145300235074055,-0.016986436137813032,0.2265625,0.7734375,0.9453125,118,0.7711864406779662
reference,regular_test,augmented_price,233,terms,first_strike,0.01,128,128,68.81239294258646,94.66905778689815,0.9630615128309293,6.443846764186068,8.918219477583493,-0.14379981733266814,0.140625,0.53125,0.7734375,121,0.7768595041322314
reference,regular_test,augmented_price,233,terms,first_strike,0.025,128,128,72.97883442082183,100.0746882155823,0.9611136491539715,15.30247362412532,21.060227618116073,-1.5957192757244534,0.078125,0.28125,0.4921875,123,0.7886178861788617
reference,regular_test,augmented_price,233,terms,first_strike,0.05,128,128,79.76616276820664,108.94175065328449,0.95749278384209,28.895976354113373,39.52418121946871,-6.018503822619094,0.0546875,0.15625,0.25,124,0.7903225806451613
reference,regular_test,augmented_price,233,terms,ki_barrier,-0.05,64,64,63.108400101526186,85.26112028847122,0.9490676324307314,22.86734330498924,30.70524596557936,1.0151137206703433,0.0,0.1875,0.296875,59,1.0
reference,regular_test,augmented_price,233,terms,ki_barrier,-0.025,64,64,58.58033910372846,80.53668411607737,0.9578547644575366,11.179827401492123,14.87822084775086,0.9944373835654311,0.09375,0.28125,0.5625,55,1.0
reference,regular_test,augmented_price,233,terms,ki_barrier,-0.01,64,64,56.792413613657246,78.02244242587527,0.9619155740486349,4.338682361917259,5.840729419226767,0.5977080481049293,0.171875,0.703125,0.890625,47,1.0
reference,regular_test,augmented_price,233,terms,ki_barrier,-0.005,64,64,56.52793731266382,77.17986176405316,0.9631526785055176,2.171882917212012,2.9546317428060465,0.42345904011745017,0.3125,0.890625,1.0,38,1.0
reference,regular_test,augmented_price,233,terms,ki_barrier,0.005,64,64,55.81306834268152,75.5346508088969,0.9654648426164116,2.1852086847648025,3.005863849958482,-0.36521917286639416,0.34375,0.890625,0.984375,37,1.0
reference,regular_test,augmented_price,233,terms,ki_barrier,0.01,64,64,55.49025344566816,74.75639153192031,0.9665171092696566,4.295833774842322,5.948325713648293,-0.8183312141336504,0.234375,0.671875,0.90625,48,1.0
reference,regular_test,augmented_price,233,terms,ki_barrier,0.025,64,64,54.127711698117,72.2971730645002,0.9694966557310056,10.67829303140752,14.861409081002114,-2.8691380019299686,0.078125,0.390625,0.5625,56,1.0
reference,regular_test,augmented_price,233,terms,ki_barrier,0.05,64,64,51.26907895883292,69.11132693800758,0.9730546982252458,22.03438436538757,30.13440606431319,-8.140802317570586,0.03125,0.15625,0.34375,58,1.0
reference,regular_test,augmented_price,233,terms,last_strike,-0.05,128,128,69.57349662323738,98.74661945041288,0.955066817172539,22.430619113962166,36.19613112201322,-10.693820422748104,0.0390625,0.1953125,0.3984375,122,0.9918032786885246
reference,regular_test,augmented_price,233,terms,last_strike,-0.025,128,128,67.4460775880492,93.68674386029825,0.9609604716536658,10.827717907707363,17.362417404450042,-4.1093836879396495,0.0703125,0.421875,0.6953125,120,0.9916666666666667
reference,regular_test,augmented_price,233,terms,last_strike,-0.01,128,128,66.16669480445955,91.79320414243995,0.9632320633545545,4.292438826135671,6.783511438681908,-1.4378774634096771,0.1875,0.75,0.8828125,114,0.9912280701754386
reference,regular_test,augmented_price,233,terms,last_strike,-0.005,128,128,65.89686926715851,91.49426778791711,0.9636871972731211,2.1783764029387385,3.4482100041630592,-0.6808976198857029,0.390625,0.90625,0.9765625,104,0.9903846153846154
reference,regular_test,augmented_price,233,terms,last_strike,0.005,128,128,65.60636355894383,90.92965652834198,0.9645600692787687,2.066903896785031,3.302136278081195,0.5613507585755237,0.4453125,0.9140625,0.9765625,102,0.9901960784313726
reference,regular_test,augmented_price,233,terms,last_strike,0.01,128,128,65.69871239612092,90.70351883952657,0.9649262560515717,4.136069924725841,6.518192211615693,1.0294754451606423,0.234375,0.75,0.921875,113,0.9911504424778761
reference,regular_test,augmented_price,233,terms,last_strike,0.025,128,128,66.02877847650069,90.4571951775469,0.9656527941140234,10.36898853816092,16.18966831993071,1.7175492249274007,0.0859375,0.3984375,0.703125,119,0.9915966386554622
reference,regular_test,augmented_price,233,terms,last_strike,0.05,128,128,66.95720512917211,90.96233693366425,0.9660484805019872,20.51683465162447,31.233984164229735,0.7635744038270786,0.0546875,0.1953125,0.40625,122,0.9918032786885246
reference,regular_test,augmented_price,47,schedule,nobs_early,1.0,81,81,154.22566941504488,241.2032369453076,0.7830093461540899,154.630414275006,222.08071442042768,117.89992654497388,0.0,0.037037037037037035,0.06172839506172839,79,0.5822784810126582
reference,regular_test,augmented_price,47,schedule,nobs_late,1.0,81,81,275.92059778488596,395.15727232242085,0.3950414970322962,246.72973503902315,377.34835877975826,-229.1961010528341,0.0,0.037037037037037035,0.1111111111111111,81,0.3950617283950617
reference,regular_test,augmented_price,47,schedule,nobs_middle,1.0,81,81,281.8061425549652,401.60348631196473,0.4048994181922887,254.30704961484298,384.7702532240117,-233.74740290047154,0.024691358024691357,0.037037037037037035,0.09876543209876543,81,0.38271604938271603
reference,regular_test,augmented_price,47,schedule,tenor_months,-12.0,128,128,185.4041207952505,257.7045104612922,0.39639970425719073,176.78185232091073,257.83130373216835,56.5592842151118,0.015625,0.0390625,0.0703125,125,0.616
reference,regular_test,augmented_price,47,schedule,tenor_months,-6.0,128,128,106.03516958027703,144.04412022089198,0.8766841206881544,89.01873422257479,130.84628694804576,29.161124315461166,0.0234375,0.0859375,0.1328125,121,0.6363636363636364
reference,regular_test,augmented_price,47,schedule,tenor_months,-3.0,128,128,74.0501989104901,96.82440845279193,0.9531835371774351,43.86997649725102,64.26681899629632,14.85765324180769,0.0390625,0.1328125,0.2265625,119,0.6302521008403361
reference,regular_test,augmented_price,47,schedule,tenor_months,-1.0,128,128,61.97781516709245,81.22694613016714,0.9702146977811038,14.394289480077534,21.006371227643424,4.832644737649087,0.1328125,0.328125,0.546875,105,0.6285714285714286
reference,regular_test,augmented_price,47,schedule,tenor_months,1.0,128,128,64.98137457849475,86.20452936027341,0.9693733424920538,13.921086031428484,20.26450276759302,-4.482150821074356,0.1015625,0.3359375,0.5390625,104,0.6153846153846154
reference,regular_test,augmented_price,47,schedule,tenor_months,3.0,128,128,80.96944926963815,106.90602157451796,0.9567350712438331,42.38403172088844,60.66527961717787,-13.597165135819827,0.0234375,0.1484375,0.234375,113,0.6283185840707964
reference,regular_test,augmented_price,47,schedule,tenor_months,6.0,128,128,111.32916456985255,149.809934427234,0.9244827047319518,82.76485417792264,116.8637548085781,-25.389515739848317,0.0,0.0625,0.125,115,0.6347826086956522
reference,regular_test,augmented_price,47,schedule,tenor_months,12.0,128,128,175.6137465886519,237.2574214859934,0.8459908186401041,156.56417036701805,214.54909296403977,-44.17189487495337,0.0,0.0,0.0390625,121,0.6198347107438017
reference,regular_test,augmented_price,47,terms,coupon_regular,-0.01,128,128,61.19808046110936,79.88606104082453,0.9727962987997383,9.028777540195735,12.044196959075894,1.66148888048095,0.0234375,0.390625,0.6484375,128,1.0
reference,regular_test,augmented_price,47,terms,coupon_regular,-0.005,128,128,61.37787040253745,80.47856420040684,0.9722086474647272,4.539275332315204,6.039502278806856,0.6328752264768508,0.15625,0.65625,0.8984375,128,1.0
reference,regular_test,augmented_price,47,terms,coupon_regular,-0.0025,128,128,61.50838735220982,80.91064232772901,0.9718330226405479,2.275868088860686,3.029985898671515,0.2678080355593314,0.328125,0.8984375,1.0,128,1.0
reference,regular_test,augmented_price,47,terms,coupon_regular,-0.001,128,128,61.60016239945339,81.21351077315387,0.9715808046317179,0.9117844272016857,1.2151843857717235,0.09556522301863885,0.640625,1.0,1.0,128,1.0
reference,regular_test,augmented_price,47,terms,coupon_regular,0.001,128,128,61.81502917381383,81.6688965171759,0.971212234889509,0.9141359900822863,1.2201593015688479,-0.0803785263172661,0.6328125,1.0,1.0,128,1.0
reference,regular_test,augmented_price,47,terms,coupon_regular,0.0025,128,128,62.014769866088464,82.05003815055274,0.9709106091965803,2.292195480006436,3.0615161282064527,-0.1727274336541691,0.3203125,0.8984375,0.9921875,128,1.0
reference,regular_test,augmented_price,47,terms,coupon_regular,0.005,128,128,62.37777108465863,82.76290339783642,0.9703575055550118,4.612786806460159,6.165285599441089,-0.2527931821920598,0.1953125,0.625,0.90625,128,1.0
reference,regular_test,augmented_price,47,terms,coupon_regular,0.01,128,128,63.10744615205317,84.49815052175275,0.9690435705354538,9.385022694089761,12.537670199971824,-0.14742623525671705,0.0859375,0.3671875,0.6171875,128,1.0
reference,regular_test,augmented_price,47,terms,first_strike,-0.05,128,128,61.952666325713295,81.34835590535555,0.9623103492396509,35.12421461225252,50.583990852756095,-10.34844803773558,0.03125,0.1484375,0.2578125,121,0.71900826446281
reference,regular_test,augmented_price,47,terms,first_strike,-0.025,128,128,58.29250827625851,77.65323155160564,0.9704070771611085,17.087656314254975,24.565314633834742,-2.8203312618516057,0.0390625,0.2578125,0.4609375,119,0.7647058823529411
reference,regular_test,augmented_price,47,terms,first_strike,-0.01,128,128,59.21147896825613,79.26363236616864,0.9715334332344212,6.734705459988618,9.735882088011094,-0.5844548668173954,0.140625,0.5625,0.8046875,120,0.75
reference,regular_test,augmented_price,47,terms,first_strike,-0.005,128,128,60.38532250745727,80.18036732400667,0.9715960466937568,3.424640297593821,4.943740306340148,-0.19333280787395768,0.265625,0.796875,0.90625,121,0.7603305785123967
reference,regular_test,augmented_price,47,terms,first_strike,0.005,128,128,62.91694846513647,82.72883529099936,0.9711442170268714,3.25013202278933,4.612256611683234,0.09970828246150626,0.25,0.8046875,0.921875,118,0.7372881355932204
reference,regular_test,augmented_price,47,terms,first_strike,0.01,128,128,64.20472381225017,84.21359370021688,0.9707700954861029,6.407129793745601,9.111932300585009,0.0964394974022672,0.09375,0.578125,0.8046875,121,0.743801652892562
reference,regular_test,augmented_price,47,terms,first_strike,0.025,128,128,67.73003413986198,88.75210452071174,0.9694151736734077,15.230570844427955,21.795619819311778,-0.9339493938799323,0.0625,0.2421875,0.5234375,123,0.7479674796747967
reference,regular_test,augmented_price,47,terms,first_strike,0.05,128,128,73.69590924401172,97.08665522151576,0.966240730378958,28.870427156201913,41.704034515990976,-4.437634974950923,0.03125,0.171875,0.3125,124,0.7419354838709677
reference,regular_test,augmented_price,47,terms,ki_barrier,-0.05,64,64,57.98604243517927,77.02384832916594,0.9584336182466363,20.331956647414092,26.73931700486633,0.42852951027453023,0.03125,0.109375,0.390625,59,0.9322033898305084
reference,regular_test,augmented_price,47,terms,ki_barrier,-0.025,64,64,57.9233513913107,76.69449814995077,0.9617801114846389,9.826934652014947,12.894536263548545,0.5966043193669376,0.09375,0.34375,0.65625,55,0.9090909090909091
reference,regular_test,augmented_price,47,terms,ki_barrier,-0.01,64,64,57.96548987926515,76.5092530792234,0.9633784893274272,3.834032367488059,5.052135612446137,0.4135390089747183,0.15625,0.671875,0.921875,47,0.9361702127659575
reference,regular_test,augmented_price,47,terms,ki_barrier,-0.005,64,64,57.91521983610676,76.41094229885917,0.9638832185050928,1.9427886545890942,2.56358861537804,0.32729998428840207,0.359375,0.90625,1.0,38,1.0
reference,regular_test,augmented_price,47,terms,ki_barrier,0.005,64,64,58.10497927385826,76.29319502200967,0.9647677326086731,1.968228027767812,2.588697598758984,-0.26071546676879126,0.375,0.921875,1.0,37,1.0
reference,regular_test,augmented_price,47,terms,ki_barrier,0.01,64,64,58.16023402404484,76.23507413551411,0.9651794249078314,3.893375108639399,5.090158008953772,-0.6011095368303361,0.15625,0.71875,0.921875,48,0.9166666666666666
reference,regular_test,augmented_price,47,terms,ki_barrier,0.025,64,64,58.467082921022694,76.06533662258495,0.9662340939776516,9.535511730782067,12.740516266043663,-2.264458193909377,0.09375,0.375,0.65625,56,0.9107142857142857
reference,regular_test,augmented_price,47,terms,ki_barrier,0.05,64,64,59.933928584015376,76.73036965407785,0.9667861538418852,19.400486329686828,26.197712896788993,-6.72896386058225,0.015625,0.171875,0.421875,58,0.896551724137931
reference,regular_test,augmented_price,47,terms,last_strike,-0.05,128,128,64.9330285038605,85.95906504434305,0.9659508655990394,19.574624788559355,29.31052266675011,-4.74483915255405,0.046875,0.203125,0.4140625,122,0.9836065573770492
reference,regular_test,augmented_price,47,terms,last_strike,-0.025,128,128,62.41258553275452,82.91898437081575,0.9694186805013858,9.553524925315287,14.144784676655908,-1.3124031355643337,0.0859375,0.4140625,0.6953125,120,0.9833333333333333
reference,regular_test,augmented_price,47,terms,last_strike,-0.01,128,128,61.77733594638615,81.7848776803498,0.9708126802193389,3.801428181429704,5.5411266799189995,-0.36115215183235716,0.21875,0.7734375,0.921875,114,0.9824561403508771
reference,regular_test,augmented_price,47,terms,last_strike,-0.005,128,128,61.780582745575,81.67860299404134,0.9710606614359356,1.965757097272823,2.846179177015139,-0.14947564558436466,0.390625,0.921875,0.9921875,104,0.9807692307692307
reference,regular_test,augmented_price,47,terms,last_strike,0.005,128,128,61.75057950622278,81.39085574373075,0.9716055806275246,1.8800074646715075,2.7164375546780923,0.04371701499136782,0.421875,0.921875,0.9921875,102,0.9803921568627451
reference,regular_test,augmented_price,47,terms,last_strike,0.01,128,128,61.76401894344202,81.3198974748391,0.9718078952533625,3.7718760922240717,5.364624142276503,0.0078099241945892295,0.203125,0.7734375,0.921875,113,0.9823008849557522
reference,regular_test,augmented_price,47,terms,last_strike,0.025,128,128,62.134059178842705,81.39759653650214,0.9721882484175305,9.692941586254165,13.469647296251841,-0.7355451233840236,0.078125,0.390625,0.640625,119,0.9831932773109243
reference,regular_test,augmented_price,47,terms,last_strike,0.05,128,128,62.87841843344694,82.32869552410372,0.9721876000848645,19.903470309334804,26.505332801112377,-3.815142649109476,0.0390625,0.1484375,0.3125,122,0.9836065573770492
reference,regular_test,augmented_price,ensemble,schedule,nobs_early,1.0,81,81,173.7709746157019,251.96445049704195,0.7632154800316013,160.41088123426206,228.97662940835485,127.60421027104209,0.0,0.037037037037037035,0.07407407407407407,79,0.6075949367088608
reference,regular_test,augmented_price,ensemble,schedule,nobs_late,1.0,81,81,246.79176848376198,349.4689227335506,0.5268457450740176,228.90455768898002,343.86717417156433,-218.8512611718476,0.012345679012345678,0.037037037037037035,0.08641975308641975,81,0.37037037037037035
reference,regular_test,augmented_price,ensemble,schedule,nobs_middle,1.0,81,81,257.88737729396246,368.0798017862881,0.5001043022291876,244.8944053979754,361.61977788698266,-218.40711736378782,0.0,0.037037037037037035,0.06172839506172839,81,0.345679012345679
reference,regular_test,augmented_price,ensemble,schedule,tenor_months,-12.0,128,128,167.32004031835473,238.35079688369598,0.48365661121568404,153.36560590542626,227.71156358254248,68.58544486010004,0.0,0.03125,0.0625,125,0.648
reference,regular_test,augmented_price,ensemble,schedule,tenor_months,-6.0,128,128,101.88663433427651,141.9173453409468,0.8802986934328222,79.31376447855143,119.04747435138219,36.54795743435682,0.015625,0.0703125,0.125,121,0.6776859504132231
reference,regular_test,augmented_price,ensemble,schedule,tenor_months,-3.0,128,128,74.16846987353124,99.18626588005434,0.950871673115203,39.523517548878495,59.46262976977591,18.98758922910139,0.0234375,0.15625,0.2890625,119,0.680672268907563
reference,regular_test,augmented_price,ensemble,schedule,tenor_months,-1.0,128,128,60.44457747765566,82.27046138199603,0.9694444837396407,13.108374767977153,19.628675667500687,6.300360996910072,0.1171875,0.421875,0.59375,105,0.7047619047619048
reference,regular_test,augmented_price,ensemble,schedule,tenor_months,1.0,128,128,60.03256947714308,82.74063970875814,0.9717851867359021,12.744414774845513,19.123109503078833,-6.050602034414297,0.109375,0.40625,0.578125,104,0.7115384615384616
reference,regular_test,augmented_price,ensemble,schedule,tenor_months,3.0,128,128,74.80310731874442,99.18151466875695,0.9627614184552042,39.11592414569865,57.936741882696914,-18.651080219228163,0.03125,0.171875,0.296875,113,0.6991150442477876
reference,regular_test,augmented_price,ensemble,schedule,tenor_months,6.0,128,128,103.34208070445504,139.4190776768802,0.9345952018494983,77.21391440804076,113.23032259547094,-36.34884171900164,0.0390625,0.09375,0.171875,115,0.7043478260869566
reference,regular_test,augmented_price,ensemble,schedule,tenor_months,12.0,128,128,163.61494180269077,227.74477514870145,0.8580929915952625,148.2627896574913,212.55218521783488,-68.64940838196192,0.0234375,0.0546875,0.0859375,121,0.7107438016528925
reference,regular_test,augmented_price,ensemble,terms,coupon_regular,-0.01,128,128,57.2020369067186,78.82453272068985,0.9735144625528329,8.205759043882837,11.12443398440805,1.5049630475696123,0.078125,0.4765625,0.6640625,128,1.0
reference,regular_test,augmented_price,ensemble,terms,coupon_regular,-0.005,128,128,57.59940699837724,79.42489670882316,0.9729316015043918,4.081739239200582,5.530813789607952,0.6113818536589759,0.1875,0.671875,0.921875,128,1.0
reference,regular_test,augmented_price,ensemble,terms,coupon_regular,-0.0025,128,128,57.81976942235477,79.8618125477876,0.9725585363109487,2.041646721462403,2.761706191449424,0.2717320080070678,0.3671875,0.9140625,0.9921875,128,1.0
reference,regular_test,augmented_price,ensemble,terms,coupon_regular,-0.001,128,128,57.98742989926638,80.16639256554426,0.9723089202886483,0.8177049629157034,1.1043299074656034,0.10071078024336333,0.6796875,1.0,1.0,128,1.0
reference,regular_test,augmented_price,ensemble,terms,coupon_regular,0.001,128,128,58.20932514417009,80.6211666591896,0.9719461330939136,0.8206141958557258,1.1044198845976576,-0.09033436463995759,0.6796875,1.0,1.0,128,1.0
reference,regular_test,augmented_price,ensemble,terms,coupon_regular,0.0025,128,128,58.37484895483153,80.99875455938836,0.9716512617507757,2.058597614135059,2.7624289009278,-0.20663067977879496,0.3515625,0.921875,0.9921875,128,1.0
reference,regular_test,augmented_price,ensemble,terms,coupon_regular,0.005,128,128,58.65752236601932,81.69747101722194,0.9711157870857426,4.142553825358329,5.533694923916232,-0.35123553053326156,0.1796875,0.671875,0.921875,128,1.0
reference,regular_test,augmented_price,ensemble,terms,coupon_regular,0.01,128,128,59.47172400598431,83.35888385446647,0.9698726981758732,8.421390378692532,11.133702427583826,-0.4676258018396016,0.0625,0.421875,0.6640625,128,1.0
reference,regular_test,augmented_price,ensemble,terms,first_strike,-0.05,128,128,55.10517320022623,77.02501798363639,0.966210001700501,34.043434747777816,49.15323821812892,-10.965166742237443,0.0390625,0.1796875,0.2734375,121,0.8264462809917356
reference,regular_test,augmented_price,ensemble,terms,first_strike,-0.025,128,128,53.205171090649195,75.12535156508342,0.972302419761115,16.39665256116428,23.67161301362585,-3.11808284997774,0.0703125,0.3046875,0.4765625,119,0.8151260504201681
reference,regular_test,augmented_price,ensemble,terms,first_strike,-0.01,128,128,55.51110894604389,77.68336894731114,0.9726571831181692,6.436424038360729,9.34769485209389,-0.6932286869197233,0.171875,0.5859375,0.796875,120,0.7833333333333333
reference,regular_test,augmented_price,ensemble,terms,first_strike,-0.005,128,128,56.567373028642045,78.89293057611053,0.972500874405736,3.2407267016387458,4.725472306634038,-0.24539839640782743,0.2890625,0.7890625,0.921875,121,0.7851239669421488
reference,regular_test,augmented_price,ensemble,terms,first_strike,0.005,128,128,59.500292253254514,81.91678067907918,0.9717079253551433,3.1019352350608194,4.388800250064077,0.14618127893474053,0.2734375,0.8046875,0.9609375,118,0.7711864406779662
reference,regular_test,augmented_price,ensemble,terms,first_strike,0.01,128,128,60.9431290737785,83.60103738062595,0.9711937763437433,6.05787993419664,8.66921942533352,0.18299661748703033,0.1484375,0.59375,0.8125,121,0.7768595041322314
reference,regular_test,augmented_price,ensemble,terms,first_strike,0.025,128,128,64.56642430502785,88.49441549721726,0.9695925200565276,14.282134738532536,20.514099472263432,-0.7730618669108055,0.0625,0.3203125,0.5703125,123,0.7642276422764228
reference,regular_test,augmented_price,ensemble,terms,first_strike,0.05,128,128,71.22286483096678,96.72877391219788,0.9664891588281445,26.54729768321222,38.68993229364839,-4.342829441263666,0.0390625,0.1875,0.3515625,124,0.782258064516129
reference,regular_test,augmented_price,ensemble,terms,ki_barrier,-0.05,64,64,52.161789743215124,72.30464733764933,0.9633710710760498,20.512975148779006,27.585592208671308,0.7503045642126793,0.078125,0.21875,0.359375,59,0.9830508474576272
reference,regular_test,augmented_price,ensemble,terms,ki_barrier,-0.025,64,64,49.385831946056086,69.79019704994386,0.9683517394730762,10.034506001587427,13.330128677640916,0.8484091082743298,0.09375,0.359375,0.578125,55,0.9818181818181818
reference,regular_test,augmented_price,ensemble,terms,ki_barrier,-0.01,64,64,48.86577036303065,68.40961008376242,0.970721922154755,3.907197776367026,5.233610578099578,0.5361941920515421,0.21875,0.703125,0.921875,47,0.9787234042553191
reference,regular_test,augmented_price,ensemble,terms,ki_barrier,-0.005,64,64,48.818782374743165,67.91610874487776,0.9714672572437438,1.974449030860948,2.6576916092484937,0.39222868978205744,0.390625,0.921875,1.0,38,1.0
reference,regular_test,augmented_price,ensemble,terms,ki_barrier,0.005,64,64,48.95484849687891,66.97593162929628,0.9728477068117691,1.9946614534127414,2.697558540753707,-0.3330637087734921,0.375,0.9375,1.0,37,1.0
reference,regular_test,augmented_price,ensemble,terms,ki_barrier,0.01,64,64,48.96373837497005,66.518946221962,0.9734895556665433,3.9415318795945553,5.314178634710737,-0.7529772046643637,0.25,0.703125,0.921875,48,0.9791666666666666
reference,regular_test,augmented_price,ensemble,terms,ki_barrier,0.025,64,64,48.586336562385696,65.0414649829265,0.9753120258694505,9.703444832004681,13.332378066410518,-2.6989325926017966,0.140625,0.375,0.578125,56,0.9821428571428571
reference,regular_test,augmented_price,ensemble,terms,ki_barrier,0.05,64,64,48.84219700089804,63.580665198794456,0.9771947559883325,19.804457622308504,27.416594452319593,-7.779831000875388,0.015625,0.25,0.421875,58,0.9655172413793104
reference,regular_test,augmented_price,ensemble,terms,last_strike,-0.05,128,128,61.24855608870075,85.5865419469709,0.9662453454032486,19.890866830518167,31.255682994592387,-7.464297966022754,0.046875,0.2421875,0.4375,122,0.9836065573770492
reference,regular_test,augmented_price,ensemble,terms,last_strike,-0.025,128,128,59.35626255296522,82.1026123408377,0.9700178879091671,9.681378850228327,15.004248433870327,-2.5741356765889147,0.109375,0.4140625,0.734375,120,0.9833333333333333
reference,regular_test,augmented_price,ensemble,terms,last_strike,-0.01,128,128,58.30222167315856,80.79449252018038,0.9715152957747543,3.8571240246917156,5.85710538420238,-0.8425450296296718,0.203125,0.7734375,0.9140625,114,0.9824561403508771
reference,regular_test,augmented_price,ensemble,terms,last_strike,-0.005,128,128,58.18718778947941,80.65791382842283,0.9717794178389678,1.972985329339275,2.9977727295197663,-0.38634357259920965,0.4140625,0.9140625,0.984375,104,0.9807692307692307
reference,regular_test,augmented_price,ensemble,terms,last_strike,0.005,128,128,58.0705474404637,80.31072794968439,0.9723542174386786,1.8658313197859413,2.8633660927683597,0.27290929178707873,0.4453125,0.921875,0.9921875,102,0.9803921568627451
reference,regular_test,augmented_price,ensemble,terms,last_strike,0.01,128,128,57.96982706988728,80.18678456782584,0.9725880801473117,3.782537367893365,5.65330467937615,0.4585995421899873,0.2109375,0.7734375,0.921875,113,0.9823008849557522
reference,regular_test,augmented_price,ensemble,terms,last_strike,0.025,128,128,57.823037945399435,80.08627975805362,0.9730771260185652,9.539316627429834,14.121523224554336,0.3351948884470375,0.0859375,0.40625,0.7109375,119,0.9831932773109243
reference,regular_test,augmented_price,ensemble,terms,last_strike,0.05,128,128,58.32740843540127,80.58321485200987,0.9733544201201966,19.479508936832072,27.508102618302253,-1.856608527596091,0.0078125,0.1484375,0.375,122,0.9836065573770492
reference,regular_test,prior_frozen_affine_coupon_delta,ensemble,schedule,nobs_early,1.0,81,81,283.6381108938723,371.0711179549721,0.48644250675082146,201.7795170526166,252.63610715495614,161.53169653766102,0.0,0.0,0.012345679012345678,79,0.4430379746835443
reference,regular_test,prior_frozen_affine_coupon_delta,ensemble,schedule,nobs_late,1.0,81,81,278.29493935876656,365.3596446938628,0.4828377932359669,268.6719139069951,351.7577764712153,-267.93110419061884,0.0,0.0,0.012345679012345678,81,0.13580246913580246
reference,regular_test,prior_frozen_affine_coupon_delta,ensemble,schedule,nobs_middle,1.0,81,81,274.73245678086084,354.1967869953388,0.5371026858388321,244.90627471747922,321.37254386773,-223.86525940496674,0.0,0.012345679012345678,0.024691358024691357,81,0.20987654320987653
reference,regular_test,prior_frozen_affine_coupon_delta,ensemble,schedule,tenor_months,-12.0,128,128,247.10102779933027,315.42366511290095,0.09573868500242322,180.6678902194276,256.37309877329784,134.12374288831094,0.0078125,0.03125,0.0546875,125,0.648
reference,regular_test,prior_frozen_affine_coupon_delta,ensemble,schedule,tenor_months,-6.0,128,128,179.1738752158563,238.53440251876026,0.6618339685118269,104.82861355640706,150.20532104854456,80.54999058355963,0.0078125,0.0625,0.1171875,121,0.6611570247933884
reference,regular_test,prior_frozen_affine_coupon_delta,ensemble,schedule,tenor_months,-3.0,128,128,141.65259199870388,197.96696893113074,0.8042893945528576,55.09471198182721,78.24713654598708,43.186464991623666,0.0234375,0.109375,0.203125,119,0.6722689075630253
reference,regular_test,prior_frozen_affine_coupon_delta,ensemble,schedule,tenor_months,-1.0,128,128,126.86184640142336,178.49993043381747,0.8561606001064405,18.81687682397898,26.277207578696164,14.517112736292791,0.046875,0.2421875,0.4765625,105,0.6857142857142857
reference,regular_test,prior_frozen_affine_coupon_delta,ensemble,schedule,tenor_months,1.0,128,128,124.4780456011552,171.59687178058886,0.8786448631295294,18.2764558089223,25.739607696590884,-14.417023520354846,0.046875,0.265625,0.4765625,104,0.7115384615384616
reference,regular_test,prior_frozen_affine_coupon_delta,ensemble,schedule,tenor_months,3.0,128,128,131.90402457758125,178.4110922727529,0.879503242282499,56.22013739652992,78.12980233487899,-44.30474393147141,0.03125,0.125,0.234375,113,0.6991150442477876
reference,regular_test,prior_frozen_affine_coupon_delta,ensemble,schedule,tenor_months,6.0,128,128,157.37035688130106,207.73900696620706,0.8547884030508468,111.14763051673407,151.92422124559457,-86.53459133671727,0.0078125,0.046875,0.1015625,115,0.7130434782608696
reference,regular_test,prior_frozen_affine_coupon_delta,ensemble,schedule,tenor_months,12.0,128,128,217.61452363786708,291.47306737688666,0.7675637486049162,211.73767483829909,280.103468435388,-161.26300919729778,0.0,0.0078125,0.0234375,121,0.7107438016528925
reference,regular_test,prior_frozen_affine_coupon_delta,ensemble,terms,coupon_regular,-0.01,128,128,122.08225763549927,167.14301776450804,0.8809135199798155,16.762916217790952,28.75919964756107,-10.035449234380664,0.0625,0.328125,0.546875,128,1.0
reference,regular_test,prior_frozen_affine_coupon_delta,ensemble,terms,coupon_regular,-0.005,128,128,122.6532926535931,169.66813617393197,0.8764764335994824,8.381494278592683,14.379631623599739,-5.017738230487642,0.125,0.546875,0.7734375,128,1.0
reference,regular_test,prior_frozen_affine_coupon_delta,ensemble,terms,coupon_regular,-0.0025,128,128,123.22361005112761,171.36972626364923,0.8736436265163605,4.190766099529869,7.189813379222283,-2.508899176570857,0.2265625,0.7734375,0.921875,128,1.0
reference,regular_test,prior_frozen_affine_coupon_delta,ensemble,terms,coupon_regular,-0.001,128,128,123.72642397410624,172.52646648923118,0.8717472568331243,1.676338563091061,2.875932741309785,-1.0035506354566794,0.546875,0.9296875,0.984375,128,1.0
reference,regular_test,prior_frozen_affine_coupon_delta,ensemble,terms,coupon_regular,0.001,128,128,124.3968947645781,174.2231116818934,0.8689894989741166,1.6762304872972948,2.8758717374875413,1.003491581611692,0.546875,0.9296875,0.984375,128,1.0
reference,regular_test,prior_frozen_affine_coupon_delta,ensemble,terms,coupon_regular,0.0025,128,128,124.91096422956711,175.6085242907796,0.8667496868503173,4.19071973332523,7.189828185909068,2.5088964002208254,0.2265625,0.7734375,0.921875,128,1.0
reference,regular_test,prior_frozen_affine_coupon_delta,ensemble,terms,coupon_regular,0.005,128,128,125.89404955503991,178.12590480911786,0.8626914823778241,8.381419771389778,14.379594005760577,5.017718040190316,0.125,0.546875,0.7734375,128,1.0
reference,regular_test,prior_frozen_affine_coupon_delta,ensemble,terms,coupon_regular,0.01,128,128,128.81185848259662,183.90192266580735,0.8533679197290296,16.762839882634673,28.759166480009107,10.035335041505004,0.0625,0.328125,0.546875,128,1.0
reference,regular_test,prior_frozen_affine_coupon_delta,ensemble,terms,first_strike,-0.05,128,128,112.19837133866073,159.79554386823418,0.8545700410381266,30.35135488683651,41.265743490692955,-6.198927888901921,0.0390625,0.1328125,0.2734375,121,0.768595041322314
reference,regular_test,prior_frozen_affine_coupon_delta,ensemble,terms,first_strike,-0.025,128,128,116.34578365173519,165.52581897581635,0.8655377775901313,15.382129963210254,20.958770371234554,-2.2384083209416916,0.0390625,0.25,0.3828125,119,0.7815126050420168
reference,regular_test,prior_frozen_affine_coupon_delta,ensemble,terms,first_strike,-0.01,128,128,120.8573399082947,170.08490990390612,0.8689253462198299,6.209512937001553,8.503702131744898,-0.7451530248629159,0.1640625,0.5,0.828125,120,0.7916666666666666
reference,regular_test,prior_frozen_affine_coupon_delta,ensemble,terms,first_strike,-0.005,128,128,122.45919154405996,171.72177348126968,0.8697152940437896,3.1578031201594374,4.351235583150371,-0.34116164014262074,0.2734375,0.8125,0.9609375,121,0.7933884297520661
reference,regular_test,prior_frozen_affine_coupon_delta,ensemble,terms,first_strike,0.005,128,128,125.66910604004397,175.16054762955454,0.870642494722091,3.0509559852216652,4.181190077221648,0.3840270946529666,0.3125,0.796875,0.9609375,118,0.7796610169491526
reference,regular_test,prior_frozen_affine_coupon_delta,ensemble,terms,first_strike,0.01,128,128,127.38762584111183,177.11571013511073,0.8707063592606985,6.082989209372779,8.286257003310388,0.8024565147668218,0.1484375,0.5078125,0.796875,121,0.7933884297520661
reference,regular_test,prior_frozen_affine_coupon_delta,ensemble,terms,first_strike,0.025,128,128,132.54934842908403,183.28709211065927,0.8695594981713839,15.128326816872438,20.27369679373114,1.8603349796419504,0.03125,0.2578125,0.4453125,123,0.7886178861788617
reference,regular_test,prior_frozen_affine_coupon_delta,ensemble,terms,first_strike,0.05,128,128,142.06269465744438,194.65108693351263,0.8642975683200638,29.70819826407631,39.64057771852011,4.4785446745809425,0.0078125,0.109375,0.28125,124,0.75
reference,regular_test,prior_frozen_affine_coupon_delta,ensemble,terms,ki_barrier,-0.05,64,64,150.2492420795365,215.733879351292,0.6739167421886769,40.140784670288525,57.47410847703106,30.299378613010134,0.046875,0.15625,0.265625,59,1.0
reference,regular_test,prior_frozen_affine_coupon_delta,ensemble,terms,ki_barrier,-0.025,64,64,138.90575116385304,198.82612154234965,0.7431332577452281,19.382122588266412,27.512431079126905,14.529137260668763,0.078125,0.265625,0.390625,55,1.0
reference,regular_test,prior_frozen_affine_coupon_delta,ensemble,terms,ki_barrier,-0.01,64,64,133.12240659982496,190.2299178838906,0.7736054478990951,7.578278378699958,10.684501194603662,5.739422015030978,0.15625,0.484375,0.703125,47,1.0
reference,regular_test,prior_frozen_affine_coupon_delta,ensemble,terms,ki_barrier,-0.005,64,64,131.3438657192503,187.6214644776722,0.782247588201316,3.8189126772728264,5.344415902169657,2.9486377557041648,0.234375,0.71875,0.921875,38,1.0
reference,regular_test,prior_frozen_affine_coupon_delta,ensemble,terms,ki_barrier,0.005,64,64,128.23524071388243,182.783474717654,0.7977712740151892,3.720880411565183,5.232184092323235,-2.798824044099531,0.25,0.703125,0.9375,37,1.0
reference,regular_test,prior_frozen_affine_coupon_delta,ensemble,terms,ki_barrier,0.01,64,64,126.75228711120148,180.52000856166308,0.8047563236869003,7.353159494853118,10.318988171391293,-5.593697028700124,0.15625,0.484375,0.71875,48,1.0
reference,regular_test,prior_frozen_affine_coupon_delta,ensemble,terms,ki_barrier,0.025,64,64,122.61076305433619,174.49310989960745,0.8223106534973728,17.996032873867023,24.847623388652266,-14.12254460606095,0.078125,0.25,0.359375,56,1.0
reference,regular_test,prior_frozen_affine_coupon_delta,ensemble,terms,ki_barrier,0.05,64,64,118.11654654245643,166.5475613879994,0.8435191685687274,35.242642041567194,47.50484123512315,-28.414030803949387,0.046875,0.140625,0.21875,58,1.0
reference,regular_test,prior_frozen_affine_coupon_delta,ensemble,terms,last_strike,-0.05,128,128,123.47975875942308,166.7856095694719,0.8718142164001182,23.441444365579265,37.71846342959022,-12.66930927173238,0.0546875,0.2578125,0.40625,122,0.9754098360655737
reference,regular_test,prior_frozen_affine_coupon_delta,ensemble,terms,last_strike,-0.025,128,128,122.94832769575294,169.69361779263497,0.8719205985025685,11.050233041266136,18.030670396142437,-5.4834477013015555,0.078125,0.46875,0.6484375,120,0.9916666666666667
reference,regular_test,prior_frozen_affine_coupon_delta,ensemble,terms,last_strike,-0.01,128,128,123.37861845352845,171.76889300554143,0.8712529659602479,4.355623176398998,7.05451391109334,-2.0828835389110325,0.2734375,0.75,0.890625,114,0.9912280701754386
reference,regular_test,prior_frozen_affine_coupon_delta,ensemble,terms,last_strike,-0.005,128,128,123.74128548094302,172.56775602624614,0.8708211832682614,2.1641659767676864,3.5448868037188244,-1.0194395845755877,0.4375,0.890625,0.96875,104,1.0
reference,regular_test,prior_frozen_affine_coupon_delta,ensemble,terms,last_strike,0.005,128,128,124.60763985468267,174.2377975866682,0.8698732723004435,2.158980488389095,3.4544475092483014,0.9321102755299718,0.40625,0.90625,0.9765625,102,1.0
reference,regular_test,prior_frozen_affine_coupon_delta,ensemble,terms,last_strike,0.01,128,128,125.13672576245732,175.08390517351907,0.8693148306148544,4.161643988064852,6.739352909914763,1.8033129246129982,0.25,0.7421875,0.90625,113,0.9911504424778761
reference,regular_test,prior_frozen_affine_coupon_delta,ensemble,terms,last_strike,0.025,128,128,126.44590611932983,177.5259823843307,0.8677093873141288,10.181259125083127,16.508582101388544,3.8944505505109284,0.0859375,0.453125,0.671875,119,0.9915966386554622
reference,regular_test,prior_frozen_affine_coupon_delta,ensemble,terms,last_strike,0.05,128,128,127.5136736068001,181.41968965350702,0.8649468132175384,19.74578527039077,31.36456333895242,5.917367624545751,0.0625,0.2734375,0.4375,122,0.9918032786885246
