payoff,cohort,model,seed,scope,axis,n_rows,n_families,price_mae,price_rmse,price_r2,delta_mae,delta_rmse,delta_bias,within_1,within_5,within_10,resolved_n,resolved_sign
reference,monthly_test,affine_coupon_delta,101,schedule,ALL,1408,128,225.73157909826065,299.54095461326295,0.5588484979466174,236.56293392263606,319.4266865071388,-148.42228903687356,0.0014204545454545455,0.009232954545454546,0.01775568181818182,1263.0,0.5542359461599367
reference,monthly_test,affine_coupon_delta,101,schedule,nobs_early,128,128,142.74510843052832,175.91978118740516,0.8529236481114757,195.97632506963296,221.9014665776854,-193.6933586378497,0.0078125,0.015625,0.03125,119.0,0.3949579831932773
reference,monthly_test,affine_coupon_delta,101,schedule,nobs_late,128,128,486.0740716406003,542.3476432773717,-0.7993375311171294,545.6296032964954,591.1977998590448,-545.6296032964954,0.0,0.0,0.0,125.0,0.488
reference,monthly_test,affine_coupon_delta,101,schedule,nobs_middle,128,128,492.2814449591486,526.2762305020973,-0.5835120345993745,551.8369766150439,581.0209017252682,-551.8369766150439,0.0,0.0,0.0,121.0,0.5537190082644629
reference,monthly_test,affine_coupon_delta,101,schedule,tenor_months,1024,128,170.24334313132377,219.3505220029784,0.771942441551208,163.59367102097804,219.6665373108415,-42.685655107027536,0.0009765625,0.0107421875,0.0205078125,898.0,0.5846325167037862
reference,monthly_test,affine_coupon_delta,101,terms,ALL,4548,128,61.07641851491197,76.06899270881289,0.9729038916904396,10.054188183620997,20.72839821107546,-0.06570078049507899,0.2753393665158371,0.6002262443438914,0.7581447963800905,3381.0,0.8917480035492458
reference,monthly_test,affine_coupon_delta,101,terms,base,128,128,62.13843620169402,74.41933917082135,0.9731999593514753,,,,,,,,
reference,monthly_test,affine_coupon_delta,101,terms,coupon_regular,1024,128,62.25305788014251,74.67638620114536,0.9732440267514879,4.041712287037322,6.191342474780039,-3.4430141871230266e-05,0.255859375,0.736328125,0.92578125,1024.0,1.0
reference,monthly_test,affine_coupon_delta,101,terms,first_strike,1024,128,63.43645911937899,82.6348430631029,0.9666679357407268,17.966730121479866,31.77897338294479,0.7767327654322949,0.1376953125,0.4130859375,0.576171875,993.0,0.6314199395770392
reference,monthly_test,affine_coupon_delta,101,terms,ki_barrier,344,43,43.001956002947395,53.860230630106436,0.9878588428869838,16.667207306525274,25.61553803898112,-3.448257646992687,0.05813953488372093,0.311046511627907,0.5436046511627907,343.0,1.0
reference,monthly_test,affine_coupon_delta,101,terms,last_strike,1024,128,62.49164226452648,78.59439636075422,0.9701497083720437,14.343062907166315,24.063512284758033,0.15178332464226219,0.1533203125,0.4306640625,0.6240234375,1021.0,1.0
reference,monthly_test,affine_coupon_delta,101,terms,monthly_barrier,1004,128,62.08331834721497,74.56394253597509,0.9731187552053102,1.4761464291834736,2.6526853850761767,-0.05474306672692774,0.6344621513944223,0.9243027888446215,0.9830677290836654,0.0,
reference,monthly_test,affine_coupon_delta,233,schedule,ALL,1408,128,298.9738965919521,387.06386911270744,0.2633849118545204,296.1079730408653,384.2175984076676,-105.01215682109192,0.0007102272727272727,0.002840909090909091,0.009232954545454546,1263.0,0.5613618368962787
reference,monthly_test,affine_coupon_delta,233,schedule,nobs_early,128,128,147.77746496933327,168.2130097741946,0.8655277536532432,141.37478372257345,160.14429265674474,-138.29587046102705,0.0,0.0,0.0078125,119.0,0.3949579831932773
reference,monthly_test,affine_coupon_delta,233,schedule,nobs_late,128,128,614.5805262797371,659.6169118983041,-1.6615871311027797,611.6283782496819,652.9435750176849,-611.6283782496819,0.0,0.0,0.0,125.0,0.488
reference,monthly_test,affine_coupon_delta,233,schedule,nobs_middle,128,128,580.7004837615339,608.0136917509211,-1.1135891749782147,577.748335731479,601.9945878310112,-577.748335731479,0.0,0.0,0.0,121.0,0.5537190082644629
reference,monthly_test,affine_coupon_delta,233,schedule,tenor_months,1024,128,243.20679843760863,319.16533529296333,0.5171652060590769,240.8045257182231,318.0950726163642,21.56735742627209,0.0009765625,0.00390625,0.01171875,898.0,0.5946547884187082
reference,monthly_test,affine_coupon_delta,233,terms,ALL,4548,128,29.49394189026477,41.49083808972118,0.9919388685420064,10.870236383259194,20.539423224947857,-0.23198250112688124,0.17669683257918553,0.5398190045248868,0.7298642533936651,3381.0,0.8893818396923987
reference,monthly_test,affine_coupon_delta,233,terms,base,128,128,23.827767781737123,34.90972269496821,0.9941026536811736,,,,,,,,
reference,monthly_test,affine_coupon_delta,233,terms,coupon_regular,1024,128,24.32013735026429,35.54140385595518,0.9939392925228359,4.058078375140515,6.671046522788934,8.061450595647779e-06,0.279296875,0.736328125,0.927734375,1024.0,1.0
reference,monthly_test,affine_coupon_delta,233,terms,first_strike,1024,128,36.76432072249682,49.01666406276817,0.988272017770476,19.96229173647991,33.67645881768828,0.7955722569635484,0.09375,0.353515625,0.51953125,993.0,0.6233635448136958
reference,monthly_test,affine_coupon_delta,233,terms,ki_barrier,344,43,41.29012028510183,56.0798785329346,0.9868375180005536,16.880755022962312,25.222134355626217,-2.535317214133665,0.07267441860465117,0.3081395348837209,0.5232558139534884,343.0,1.0
reference,monthly_test,affine_coupon_delta,233,terms,last_strike,1024,128,30.08839943507246,40.247012576729524,0.9921723263321965,14.145570644478235,20.20239527408718,-0.9117707574235586,0.0517578125,0.369140625,0.5859375,1021.0,1.0
reference,monthly_test,affine_coupon_delta,233,terms,monthly_barrier,1004,128,23.429966110323942,34.26776309707787,0.9943224213211863,3.1449619042445938,4.572686734556835,-0.034098131248200554,0.3197211155378486,0.7828685258964143,0.9601593625498008,0.0,
reference,monthly_test,affine_coupon_delta,47,schedule,ALL,1408,128,241.0951828888973,347.56140717077136,0.40606565859786403,243.9367425648726,350.89683882158056,-59.07937443051369,0.002840909090909091,0.009943181818181818,0.014914772727272728,1263.0,0.5859065716547902
reference,monthly_test,affine_coupon_delta,47,schedule,nobs_early,128,128,130.01962157847186,160.35140685615522,0.8778034214951277,132.23432742865043,170.6758398567663,-10.168855265240076,0.0078125,0.0078125,0.0234375,119.0,0.6470588235294118
reference,monthly_test,affine_coupon_delta,47,schedule,nobs_late,128,128,474.04991489135176,550.504279636717,-0.8538667838010159,493.74489623305874,576.070608921526,-493.74489623305874,0.0,0.0,0.0,125.0,0.488
reference,monthly_test,affine_coupon_delta,47,schedule,nobs_middle,128,128,469.26201938818383,518.8100177564315,-0.5389005833456888,488.9570007298911,543.4521910684014,-488.9570007298911,0.0,0.0,0.0,121.0,0.5537190082644629
reference,monthly_test,affine_coupon_delta,47,schedule,tenor_months,1024,128,197.33943198998287,302.25338691160186,0.5669784820256718,196.0459929777498,295.3994401005367,42.87470418656743,0.0029296875,0.0126953125,0.017578125,898.0,0.5957683741648107
reference,monthly_test,affine_coupon_delta,47,terms,ALL,4548,128,27.381945687185524,39.61611438069833,0.9926508799367417,7.525571154340695,15.614296444808014,0.03397140107884928,0.2690045248868778,0.6549773755656109,0.8063348416289593,3381.0,0.9476486246672582
reference,monthly_test,affine_coupon_delta,47,terms,base,128,128,24.141846353378213,36.502451814331366,0.9935522542048352,,,,,,,,
reference,monthly_test,affine_coupon_delta,47,terms,coupon_regular,1024,128,24.535240534181277,36.97938784943794,0.9934389461504624,3.804557638029413,5.919986933368072,3.986914331685978e-06,0.3154296875,0.76171875,0.94140625,1024.0,1.0
reference,monthly_test,affine_coupon_delta,47,terms,first_strike,1024,128,33.27777035277032,45.120151107239174,0.9900625058043856,16.0125720819467,27.914795323784222,1.7065692984646534,0.134765625,0.3896484375,0.599609375,993.0,0.8217522658610272
reference,monthly_test,affine_coupon_delta,47,terms,ki_barrier,344,43,37.23487110248709,48.90775790525529,0.9899889606320166,12.322896955130522,19.573716769640665,-3.2738187629007545,0.09302325581395349,0.4186046511627907,0.6511627906976745,343.0,1.0
reference,monthly_test,affine_coupon_delta,47,terms,last_strike,1024,128,25.310275053223762,36.81163035960414,0.993451595204764,6.868815266760066,10.14561784861057,-0.5076611611487652,0.15625,0.6005859375,0.748046875,1021.0,1.0
reference,monthly_test,affine_coupon_delta,47,terms,monthly_barrier,1004,128,23.42220337658588,35.591308984561294,0.9938753740324573,1.6907771745051046,2.563536736726725,0.0484673625444511,0.5338645418326693,0.953187250996016,0.9920318725099602,0.0,
reference,monthly_test,affine_coupon_delta,ensemble,schedule,ALL,1408,128,249.5605364521658,336.18718529051563,0.4443035102929519,254.59939120416493,342.062476088938,-104.17127342949301,0.0007102272727272727,0.005681818181818182,0.012073863636363636,1263.0,0.5676959619952494
reference,monthly_test,affine_coupon_delta,ensemble,schedule,nobs_early,128,128,103.21582331408698,146.54837062497623,0.8979353184207248,122.37112908850749,160.6749207136534,-114.05269478803886,0.0078125,0.015625,0.03125,119.0,0.44537815126050423
reference,monthly_test,affine_coupon_delta,ensemble,schedule,nobs_late,128,128,524.901504270563,580.2860493062558,-1.0598774516941405,550.3342925930785,602.3154813545959,-550.3342925930785,0.0,0.0,0.0,125.0,0.488
reference,monthly_test,affine_coupon_delta,ensemble,schedule,nobs_middle,128,128,514.0813160362889,547.8518813171764,-0.7160114143820955,539.5141043588046,571.5734387729768,-539.5141043588046,0.0,0.0,0.0,121.0,0.5537190082644629
reference,monthly_test,affine_coupon_delta,ensemble,schedule,tenor_months,1024,128,200.3709071691106,270.39093255740084,0.6534615941094938,198.54672215067797,267.3428388540932,7.252135501937371,0.0,0.005859375,0.0126953125,898.0,0.5968819599109132
reference,monthly_test,affine_coupon_delta,ensemble,terms,ALL,4548,128,32.01043147661126,41.121654236191546,0.9920816855768048,9.171429438065124,18.450717372534207,-0.0879039601809991,0.2339366515837104,0.6180995475113122,0.7787330316742082,3381.0,0.90150842945874
reference,monthly_test,affine_coupon_delta,ensemble,terms,base,128,128,30.60831391159539,36.84859398455833,0.9934293902030206,,,,,,,,
reference,monthly_test,affine_coupon_delta,ensemble,terms,coupon_regular,1024,128,30.858817371219928,37.337817407055894,0.9933111412952844,3.8363869535969712,6.024570384096712,-7.460592292590773e-06,0.271484375,0.75390625,0.935546875,1024.0,1.0
reference,monthly_test,affine_coupon_delta,ensemble,terms,first_strike,1024,128,35.59283357437109,49.103158901987484,0.9882305908406366,17.381848592620774,30.758280113649143,1.0929581069535366,0.12890625,0.4140625,0.5908203125,993.0,0.6646525679758308
reference,monthly_test,affine_coupon_delta,ensemble,terms,ki_barrier,344,43,30.423003272891613,40.56284429086917,0.9931137868327895,15.010897094268312,23.053640364027093,-3.085797874675726,0.07267441860465117,0.3488372093023256,0.5581395348837209,343.0,1.0
reference,monthly_test,affine_coupon_delta,ensemble,terms,last_strike,1024,128,31.617103156495702,40.478641283730724,0.9920819677584558,11.469308112961379,17.342951902910567,-0.42254953130997314,0.1005859375,0.4677734375,0.673828125,1021.0,1.0
reference,monthly_test,affine_coupon_delta,ensemble,terms,monthly_barrier,1004,128,30.655040685789125,37.02618305726512,0.9933715873489917,1.8943474191435439,2.810330514934644,-0.013457945143493825,0.4940239043824701,0.9332669322709163,0.9930278884462151,0.0,
reference,monthly_test,augmented_delta,101,schedule,ALL,1408,128,353.1247648181862,456.73529206484403,-0.02566251867804592,350.86169623480146,456.2488161772232,-51.01918605916422,0.0,0.004971590909090909,0.020596590909090908,1263.0,0.5898653998416469
reference,monthly_test,augmented_delta,101,schedule,nobs_early,128,128,132.71208762862548,158.43191276205997,0.8807114312945798,87.21655585606763,133.6075645106726,-20.087552443603872,0.0,0.0234375,0.1484375,119.0,0.680672268907563
reference,monthly_test,augmented_delta,101,schedule,nobs_late,128,128,506.8400784232512,569.4053670764558,-0.9833540019949301,549.7558419331679,589.9740313700705,-549.7558419331679,0.0,0.0,0.0,125.0,0.488
reference,monthly_test,augmented_delta,101,schedule,nobs_middle,128,128,461.6167877165525,493.37798039198486,-0.3917248549055212,504.5325512264693,526.4607036730059,-504.5325512264693,0.0,0.0,0.0,121.0,0.5537190082644629
reference,monthly_test,augmented_delta,101,schedule,tenor_months,1024,128,347.9004324039523,461.23928478347193,-0.008369511367047666,339.7467136958889,453.6947753441859,64.14561236905432,0.0,0.00390625,0.009765625,898.0,0.5968819599109132
reference,monthly_test,augmented_delta,101,terms,ALL,4548,128,63.49814737226716,87.11700712242143,0.9644616317988713,10.461115607838225,21.795256396575738,0.004943129960408976,0.24615384615384617,0.5807692307692308,0.7361990950226245,3381.0,0.8944099378881988
reference,monthly_test,augmented_delta,101,terms,base,128,128,64.97351995675714,86.13608725096425,0.9640967209824649,,,,,,,,
reference,monthly_test,augmented_delta,101,terms,coupon_regular,1024,128,65.02662947090266,86.41258637016908,0.964173187167289,4.998531603506612,7.276988963644707,-0.019343657496695782,0.2236328125,0.673828125,0.85546875,1024.0,1.0
reference,monthly_test,augmented_delta,101,terms,first_strike,1024,128,67.58583780415157,97.0469264768375,0.9540273680064006,20.85281145070538,37.55649447814569,1.8042958866021006,0.1357421875,0.3984375,0.5537109375,993.0,0.6404833836858006
reference,monthly_test,augmented_delta,101,terms,ki_barrier,344,43,31.594684545644714,40.971854459375656,0.9929742142105749,14.682264574247505,22.85050350434335,-3.2049147539245055,0.06395348837209303,0.35755813953488375,0.563953488372093,343.0,1.0
reference,monthly_test,augmented_delta,101,terms,last_strike,1024,128,66.58338843411484,89.1765798255481,0.9615702962306741,12.771023949375376,20.11460386839555,-0.6943482636900931,0.1337890625,0.4111328125,0.60546875,1021.0,1.0
reference,monthly_test,augmented_delta,101,terms,monthly_barrier,1004,128,65.36637048278409,86.74907132883324,0.9636150888999488,1.6316017544127082,2.6692786487084526,0.007530726284619821,0.5587649402390438,0.9213147410358565,0.9930278884462151,0.0,
reference,monthly_test,augmented_delta,233,schedule,ALL,1408,128,328.09282570755926,418.08003169181467,0.14060228655863027,329.71936573598396,427.3343193959485,-106.89092401074635,0.0007102272727272727,0.0078125,0.017045454545454544,1263.0,0.5637371338083927
reference,monthly_test,augmented_delta,233,schedule,nobs_early,128,128,121.2081643528289,147.0870274746437,0.8971836365211959,93.57224248671386,137.35980234703538,-75.63050854996861,0.0,0.0234375,0.078125,119.0,0.3949579831932773
reference,monthly_test,augmented_delta,233,schedule,nobs_late,128,128,573.6769645311729,632.3615890854661,-1.4461781824054363,654.8347747623691,695.283021416798,-654.8347747623691,0.0,0.0,0.0,125.0,0.488
reference,monthly_test,augmented_delta,233,schedule,nobs_middle,128,128,553.4250956324784,586.9963674904267,-0.9699930093377718,634.5829058636749,663.6330683956885,-634.5829058636749,0.0,0.0,0.0,121.0,0.5537190082644629
reference,monthly_test,augmented_delta,233,schedule,tenor_months,1024,128,295.08885728333394,380.23340421455896,0.3147206240409547,280.49038749788326,365.04550764768004,23.65600313222533,0.0009765625,0.0078125,0.013671875,898.0,0.5979955456570156
reference,monthly_test,augmented_delta,233,terms,ALL,4548,128,83.67831767939377,115.77015367830381,0.9372397292749869,12.874701393719675,25.401346573876882,-0.9240486603105043,0.17443438914027148,0.5081447963800905,0.6701357466063348,3381.0,0.8893818396923987
reference,monthly_test,augmented_delta,233,terms,base,128,128,87.02186744236778,116.89073787445155,0.9338813413430196,,,,,,,,
reference,monthly_test,augmented_delta,233,terms,coupon_regular,1024,128,86.67360690144264,116.89777069908986,0.9344358213523393,7.594859977640832,12.321203699338184,-0.497413653957968,0.2099609375,0.591796875,0.74609375,1024.0,1.0
reference,monthly_test,augmented_delta,233,terms,first_strike,1024,128,87.4565822926719,125.24877925948124,0.9234257414139085,24.42273757773281,43.68874887236303,-0.3396494255253706,0.1044921875,0.37890625,0.5078125,993.0,0.6233635448136958
reference,monthly_test,augmented_delta,233,terms,ki_barrier,344,43,41.967878163389685,52.047425040248896,0.9886623731686639,15.403025120901043,23.500365178013755,-3.131386186898678,0.06976744186046512,0.3488372093023256,0.5494186046511628,343.0,1.0
reference,monthly_test,augmented_delta,233,terms,last_strike,1024,128,86.67213119066581,118.19868867623155,0.9324864834088944,14.552074725836672,22.39671136062758,-2.0041516014801646,0.0966796875,0.3671875,0.5712890625,1021.0,1.0
reference,monthly_test,augmented_delta,233,terms,monthly_barrier,1004,128,87.58133825800665,117.71302069095309,0.9330052673117123,3.904576795509612,6.17692203071932,-0.0973051762675859,0.3247011952191235,0.7529880478087649,0.900398406374502,0.0,
reference,monthly_test,augmented_delta,47,schedule,ALL,1408,128,326.7349906336037,419.5822762858921,0.13441521744846674,326.36020790897044,424.83460204278254,-64.13173208858021,0.0,0.01065340909090909,0.019176136363636364,1263.0,0.6080760095011877
reference,monthly_test,augmented_delta,47,schedule,nobs_early,128,128,140.56976580462634,173.4855808626044,0.8569656766748853,93.55411758077025,145.13629507032314,-45.72588037745179,0.0,0.03125,0.0625,119.0,0.7142857142857143
reference,monthly_test,augmented_delta,47,schedule,nobs_late,128,128,504.554533662726,567.4512665218207,-0.9697643062888632,562.3066010623941,608.0213607732945,-562.3066010623941,0.0,0.0,0.0,125.0,0.488
reference,monthly_test,augmented_delta,47,schedule,nobs_middle,128,128,507.73598405699414,544.5492215402559,-0.6953842359811284,565.4880514566624,596.8044508003109,-565.4880514566624,0.0,0.0,0.0,121.0,0.5537190082644629
reference,monthly_test,augmented_delta,47,schedule,tenor_months,1024,128,305.15307668066174,401.23405123774154,0.2369329657471898,296.07668961235606,393.44611419845893,58.508934990265736,0.0,0.0107421875,0.0185546875,898.0,0.6180400890868597
reference,monthly_test,augmented_delta,47,terms,ALL,4548,128,63.4496407364282,90.06581760147799,0.9620150481379748,10.059970485491887,21.335060096991086,-0.17744384660098628,0.2167420814479638,0.5726244343891402,0.7411764705882353,3381.0,0.8944099378881988
reference,monthly_test,augmented_delta,47,terms,base,128,128,65.51429170348854,90.2294601171794,0.9606032359150437,,,,,,,,
reference,monthly_test,augmented_delta,47,terms,coupon_regular,1024,128,65.65506465388293,90.53535672452657,0.9606730196503808,6.081507445545867,9.185531698224734,-0.031851901750390765,0.19921875,0.607421875,0.794921875,1024.0,1.0
reference,monthly_test,augmented_delta,47,terms,first_strike,1024,128,67.00240315737581,99.70098066479935,0.9514784509459971,21.43527984237312,38.96914299072878,1.190254540476796,0.1396484375,0.3955078125,0.556640625,993.0,0.6404833836858006
reference,monthly_test,augmented_delta,47,terms,ki_barrier,344,43,34.02293345543592,44.41963800665202,0.991742022568207,14.197696689097574,22.83574132245524,-3.0867537437367805,0.12209302325581395,0.37790697674418605,0.5930232558139535,343.0,1.0
reference,monthly_test,augmented_delta,47,terms,last_strike,1024,128,65.26172485674033,90.34958691825538,0.9605526570749641,8.137750484786617,12.78379924724511,-0.8364547008144048,0.1796875,0.560546875,0.73828125,1021.0,1.0
reference,monthly_test,augmented_delta,47,terms,monthly_barrier,1004,128,65.5478031180557,90.59715253349681,0.9603155152739623,3.0585808820458524,4.8630291432842245,-0.051925500550593036,0.3834661354581673,0.796812749003984,0.9282868525896414,0.0,
reference,monthly_test,augmented_delta,ensemble,schedule,ALL,1408,128,335.27239483276537,427.617585034229,0.10094459507489317,333.9117637829071,431.7977724502496,-74.01394738616354,0.002130681818181818,0.022017045454545456,0.040482954545454544,1263.0,0.5882818685669042
reference,monthly_test,augmented_delta,ensemble,schedule,nobs_early,128,128,129.3016238366447,156.79393974805936,0.8831652477072234,76.90030138432851,132.03204563393368,-47.14798045700797,0.0,0.1953125,0.359375,119.0,0.6722689075630253
reference,monthly_test,augmented_delta,ensemble,schedule,nobs_late,128,128,528.3571922057167,588.4465670235406,-1.1182206187515038,588.9657392526435,629.9533258755298,-588.9657392526435,0.0,0.0,0.0,125.0,0.488
reference,monthly_test,augmented_delta,ensemble,schedule,nobs_middle,128,128,507.59262246867513,540.3989094069763,-0.6696397874310769,568.2011695156023,594.6531069698074,-568.2011695156023,0.0,0.0,0.0,121.0,0.5537190082644629
reference,monthly_test,augmented_delta,ensemble,schedule,tenor_months,1024,128,315.34311308117293,410.56974228865937,0.2010106212507935,304.87027393242545,400.4772945714596,48.770183497181854,0.0029296875,0.005859375,0.0107421875,898.0,0.5957683741648107
reference,monthly_test,augmented_delta,ensemble,terms,ALL,4548,128,65.11405026569379,96.06152184618372,0.9567893783854776,10.83905613671289,22.50225225282476,-0.3655164589836605,0.2167420814479638,0.564027149321267,0.7307692307692307,3381.0,0.8947057083703046
reference,monthly_test,augmented_delta,ensemble,terms,base,128,128,67.29878002893241,96.27167178825569,0.9551501637937618,,,,,,,,
reference,monthly_test,augmented_delta,ensemble,terms,coupon_regular,1024,128,67.43232734356297,96.43801509069873,0.955377829322183,5.889383172014889,9.159606712447292,-0.18286973773498627,0.244140625,0.6162109375,0.8017578125,1024.0,1.0
reference,monthly_test,augmented_delta,ensemble,terms,first_strike,1024,128,69.16800081574459,105.87537166560101,0.9452825697570713,21.785280235110882,39.77224305536993,0.8849670005178729,0.126953125,0.4140625,0.5537109375,993.0,0.6414904330312186
reference,monthly_test,augmented_delta,ensemble,terms,ki_barrier,344,43,29.654535264495976,41.27266680293328,0.9928706698878422,14.63556719006781,22.840385753832805,-3.14101822818671,0.07267441860465117,0.375,0.5552325581395349,343.0,1.0
reference,monthly_test,augmented_delta,ensemble,terms,last_strike,1024,128,67.92947962149229,97.68416647090298,0.9538880208163288,11.551756439759634,18.110189081965558,-1.1783181886615055,0.140625,0.4814453125,0.6796875,1021.0,1.0
reference,monthly_test,augmented_delta,ensemble,terms,monthly_barrier,1004,128,67.61431620134096,96.8758017401518,0.9546244116649292,2.695357657048799,4.121691974597113,-0.04723331684446696,0.4073705179282869,0.8127490039840638,0.951195219123506,0.0,
reference,monthly_test,augmented_price,101,schedule,ALL,1408,128,307.79891886654,399.37994763528906,0.21576204953961342,309.4416503267072,397.55787058258466,-45.58353412894583,0.0014204545454545455,0.009943181818181818,0.020596590909090908,1263.0,0.5463182897862233
reference,monthly_test,augmented_price,101,schedule,nobs_early,128,128,98.3224148988954,126.71136080779237,0.9236964740961617,114.73545457759974,132.25108411099242,-31.241015717844373,0.0,0.03125,0.0625,119.0,0.2605042016806723
reference,monthly_test,augmented_price,101,schedule,nobs_late,128,128,395.835680218865,452.7868313046357,-0.2541361865587368,473.68885527548866,505.4202007260635,-473.68885527548866,0.0,0.0,0.0,125.0,0.488
reference,monthly_test,augmented_price,101,schedule,nobs_middle,128,128,384.7806217444985,407.44536247531926,0.05085488755226519,462.63379680112234,483.0483262522642,-462.63379680112234,0.0,0.0,0.0,121.0,0.5537190082644629
reference,monthly_test,augmented_price,101,schedule,tenor_months,1024,128,313.35617383371016,413.44049773539496,0.18979828968007728,294.10000586744604,392.4759946541523,58.26809904700643,0.001953125,0.009765625,0.0205078125,898.0,0.5913140311804009
reference,monthly_test,augmented_price,101,terms,ALL,4548,128,86.27873136556384,120.14447542203366,0.9324073925993466,13.730550917189763,24.281214372715425,-0.7842644407326632,0.12375565610859729,0.43529411764705883,0.6201357466063349,3381.0,0.8769594794439515
reference,monthly_test,augmented_price,101,terms,base,128,128,88.53391137082124,121.05287349407547,0.9290889297483511,,,,,,,,
reference,monthly_test,augmented_price,101,terms,coupon_regular,1024,128,88.68314343317829,121.32947228531368,0.929370393890025,7.355681705734847,11.555185081558099,-0.3714237539873769,0.19921875,0.5546875,0.73828125,1024.0,1.0
reference,monthly_test,augmented_price,101,terms,first_strike,1024,128,90.98201263993762,129.10932399724948,0.9186324926983486,23.478490705626502,38.538168372592594,-0.4791213839167383,0.083984375,0.31640625,0.4716796875,993.0,0.581067472306143
reference,monthly_test,augmented_price,101,terms,ki_barrier,344,43,45.03831840744301,58.81600307407547,0.9855217964596611,17.165631563063393,25.899433387392644,-3.0518659669183945,0.06395348837209303,0.313953488372093,0.49709302325581395,343.0,1.0
reference,monthly_test,augmented_price,101,terms,last_strike,1024,128,90.29767206064966,123.4358725974579,0.9263711197108833,17.109057667005498,25.16427918270346,-1.650185576775887,0.0556640625,0.2802734375,0.4990234375,1021.0,1.0
reference,monthly_test,augmented_price,101,terms,monthly_barrier,1004,128,88.77311957568023,121.56758055663413,0.928545892914743,5.667520115574993,8.301039119163672,0.14356704822099542,0.17729083665338646,0.6344621513944223,0.8167330677290837,0.0,
reference,monthly_test,augmented_price,233,schedule,ALL,1408,128,234.69887886905664,296.2066897360788,0.5686149714159086,234.00348066489988,303.04399391662855,-77.03917294738864,0.002840909090909091,0.013494318181818182,0.032670454545454544,1263.0,0.56215360253365
reference,monthly_test,augmented_price,233,schedule,nobs_early,128,128,78.8714527775492,93.08518352666155,0.9588211119382483,67.00199441218258,79.49083055179298,-22.416571341912153,0.0078125,0.0625,0.1171875,119.0,0.35294117647058826
reference,monthly_test,augmented_price,233,schedule,nobs_late,128,128,371.2163728498712,410.3724116675344,-0.03018076603536124,452.5848855003484,477.82520142870555,-452.5848855003484,0.0,0.0,0.0,125.0,0.488
reference,monthly_test,augmented_price,233,schedule,nobs_middle,128,128,360.1642433850019,378.1179902024275,0.18257382679861156,441.5327560354792,460.54407640435403,-441.5327560354792,0.0,0.0,0.0,121.0,0.5537190082644629
reference,monthly_test,augmented_price,233,schedule,tenor_months,1024,128,221.42944981840014,283.96277293945553,0.6178006510378404,201.6148314207361,265.39021345111354,8.637913807058089,0.0029296875,0.0107421875,0.0302734375,898.0,0.6013363028953229
reference,monthly_test,augmented_price,233,terms,ALL,4548,128,84.81190095399472,111.15407422814881,0.942144805156526,14.882561688158372,23.959730034328036,-1.4660767130849939,0.08438914027149322,0.38710407239819006,0.5721719457013574,3381.0,0.9044661342797988
reference,monthly_test,augmented_price,233,terms,base,128,128,87.06493897557183,112.06505533785183,0.9392278985618763,,,,,,,,
reference,monthly_test,augmented_price,233,terms,coupon_regular,1024,128,86.79744763267055,112.44264936624204,0.9393380583904019,9.794648410053924,15.063710405363588,-0.6476307465539624,0.1416015625,0.5205078125,0.6884765625,1024.0,1.0
reference,monthly_test,augmented_price,233,terms,first_strike,1024,128,87.8717647165356,116.89421728741586,0.9333006115863576,21.18134302518145,33.58673850866055,-2.082677831579151,0.0810546875,0.29296875,0.4873046875,993.0,0.67472306143001
reference,monthly_test,augmented_price,233,terms,ki_barrier,344,43,56.277733317203605,75.46409743405303,0.9761655888919065,21.55168656850335,32.11951685880188,-2.9908578406817226,0.0755813953488372,0.25,0.46511627906976744,343.0,1.0
reference,monthly_test,augmented_price,233,terms,last_strike,1024,128,87.86758142601656,113.57425721468262,0.9376659674696518,18.240391278105868,25.619806110199125,-2.232490942017951,0.0322265625,0.23828125,0.46484375,1021.0,1.0
reference,monthly_test,augmented_price,233,terms,monthly_barrier,1004,128,86.03884089935133,111.47944804944832,0.9399128965174119,7.937815322344047,11.062113783326954,-0.36782596215783836,0.08565737051792828,0.545816733067729,0.6862549800796812,0.0,
reference,monthly_test,augmented_price,47,schedule,ALL,1408,128,296.6324826458896,381.83617552703083,0.28314802483564305,295.1131729168065,380.78349384876213,-48.12137205829217,0.0014204545454545455,0.007102272727272727,0.06960227272727272,1263.0,0.5787806809184481
reference,monthly_test,augmented_price,47,schedule,nobs_early,128,128,90.84674770398834,121.97644985001341,0.9292925012346097,72.4307462166483,107.58352812635198,-56.77776895509184,0.0078125,0.015625,0.2109375,119.0,0.6134453781512605
reference,monthly_test,augmented_price,47,schedule,nobs_late,128,128,485.4874827735916,531.8419247937385,-0.730303407869022,513.2260783314474,550.8323445520291,-513.2260783314474,0.0,0.0,0.0,125.0,0.488
reference,monthly_test,augmented_price,47,schedule,nobs_middle,128,128,480.20717839877295,507.04120439471046,-0.46987486844137094,507.94577395662907,531.6008707173878,-507.94577395662907,0.0,0.0,0.0,121.0,0.5537190082644629
reference,monthly_test,augmented_price,47,schedule,tenor_months,1024,128,275.8019875285541,362.1054135386277,0.3785056836966688,269.0802879475184,353.0875932378695,68.57681607524431,0.0009765625,0.0078125,0.0693359375,898.0,0.5902004454342984
reference,monthly_test,augmented_price,47,terms,ALL,4548,128,53.37199875655063,67.78447084440242,0.9784844719694887,15.70492305351714,28.401381247025512,-1.0708721614658914,0.09140271493212669,0.39683257918552034,0.5889140271493213,3381.0,0.8671990535344573
reference,monthly_test,augmented_price,47,terms,base,128,128,51.15085737539485,62.33920245148038,0.9811944379575084,,,,,,,,
reference,monthly_test,augmented_price,47,terms,coupon_regular,1024,128,51.400669526692894,63.12305016356136,0.9808825431170852,7.252371770019332,10.844630668265756,-0.20052897192848237,0.19140625,0.5546875,0.7509765625,1024.0,1.0
reference,monthly_test,augmented_price,47,terms,first_strike,1024,128,58.58253853607198,79.41071099902362,0.9692182032613961,29.301812851233155,49.26755197852723,-1.604329602498714,0.064453125,0.2998046875,0.4267578125,993.0,0.5478348439073515
reference,monthly_test,augmented_price,47,terms,ki_barrier,344,43,54.73081249010372,67.69220859013208,0.980822100882962,19.079690580927704,28.625500380321068,-2.8604085705885587,0.05232558139534884,0.27906976744186046,0.5,343.0,1.0
reference,monthly_test,augmented_price,47,terms,last_strike,1024,128,52.67172604411308,65.34968526377601,0.9793627220465313,15.55474013304532,21.961399445117358,-1.8326502955945512,0.03515625,0.3212890625,0.5439453125,1021.0,1.0
reference,monthly_test,augmented_price,47,terms,monthly_barrier,1004,128,50.60008822579982,62.42528038476113,0.9811586224162168,9.454987438551457,13.523189952034926,-0.02436785109014625,0.08764940239043825,0.45219123505976094,0.6653386454183267,0.0,
reference,monthly_test,augmented_price,ensemble,schedule,ALL,1408,128,276.63713917010676,353.94246822258293,0.38405675958628016,278.7482524292914,356.1273004889674,-56.91469304487553,0.0007102272727272727,0.014914772727272728,0.02556818181818182,1263.0,0.5542359461599367
reference,monthly_test,augmented_price,ensemble,schedule,nobs_early,128,128,77.51362852388155,96.44806016940011,0.9557920383186675,78.80388538113161,92.27249826862018,-36.811785338282775,0.0,0.0234375,0.046875,119.0,0.31092436974789917
reference,monthly_test,augmented_price,ensemble,schedule,nobs_late,128,128,417.5131786141094,462.6057535519172,-0.3091191742678068,479.8332730357616,510.409633245406,-479.8332730357616,0.0,0.0,0.0,125.0,0.488
reference,monthly_test,augmented_price,ensemble,schedule,nobs_middle,128,128,408.38401450942445,428.87923081758254,-0.051632231314477695,470.7041089310769,490.48537818290987,-470.7041089310769,0.0,0.0,0.0,121.0,0.5537190082644629
reference,monthly_test,augmented_price,ensemble,schedule,tenor_months,1024,128,267.4497136529699,348.35044724565387,0.424825172497875,254.6111886717794,332.69450736213656,45.160942976436296,0.0009765625,0.017578125,0.029296875,898.0,0.5957683741648107
reference,monthly_test,augmented_price,ensemble,terms,ALL,4548,128,69.64655370620767,93.97498017039997,0.958646137994316,14.613342905959112,25.047346777389343,-1.1070711050944868,0.09434389140271493,0.4147058823529412,0.5884615384615385,3381.0,0.8725229222123632
reference,monthly_test,augmented_price,ensemble,terms,base,128,128,70.51923426860935,93.42727604111097,0.9577612353688165,,,,,,,,
reference,monthly_test,augmented_price,ensemble,terms,coupon_regular,1024,128,70.88308027654395,93.88520403814063,0.9577089492295046,7.955222678661808,12.071896879851579,-0.40652782415658817,0.1572265625,0.548828125,0.75,1024.0,1.0
reference,monthly_test,augmented_price,ensemble,terms,first_strike,1024,128,73.24134592067611,102.37399241915958,0.9488418209092173,24.371097906079513,40.07363667387827,-1.3887096059981847,0.07421875,0.3125,0.470703125,993.0,0.5659617321248741
reference,monthly_test,augmented_price,ensemble,terms,ki_barrier,344,43,41.79397283976202,54.348631971475434,0.9876376539803482,19.158374133368227,28.385479244239416,-2.967710792729594,0.06395348837209303,0.2558139534883721,0.47093023255813954,343.0,1.0
reference,monthly_test,augmented_price,ensemble,terms,last_strike,1024,128,72.4345311657256,95.63761001064056,0.9557999417164703,16.870350203088783,23.955247389198075,-1.9051089381294188,0.048828125,0.2822265625,0.49609375,1021.0,1.0
reference,monthly_test,augmented_price,ensemble,terms,monthly_barrier,1004,128,71.30733592919916,94.19061689664657,0.957104974313807,7.59273312322966,10.679507469642436,-0.08287558834226931,0.10756972111553785,0.5717131474103586,0.6782868525896414,0.0,
reference,monthly_test,prior_frozen_affine_coupon_delta,ensemble,schedule,ALL,1408,128,238.2479862965578,303.9922955249771,0.5456395751676768,187.30299170955433,261.53381757708564,-100.68151757345048,0.004971590909090909,0.020596590909090908,0.08948863636363637,1263.0,0.5534441805225653
reference,monthly_test,prior_frozen_affine_coupon_delta,ensemble,schedule,nobs_early,128,128,107.61519676080414,161.53056619461296,0.8759996453204401,114.22698039712733,155.7434372845219,-61.52599137322127,0.0,0.015625,0.046875,119.0,0.8487394957983193
reference,monthly_test,prior_frozen_affine_coupon_delta,ensemble,schedule,nobs_late,128,128,407.0235471705629,438.12355978385426,-0.1742223419328366,494.9485670203733,516.2946271265292,-494.9485670203733,0.0,0.0,0.0,125.0,0.488
reference,monthly_test,prior_frozen_affine_coupon_delta,ensemble,schedule,nobs_middle,128,128,374.02510788748407,407.35701258443623,0.05126646556068215,453.30853371069077,467.94166237729144,-453.30853371069077,0.0,0.0,0.0,121.0,0.5537190082644629
reference,monthly_test,prior_frozen_affine_coupon_delta,ensemble,schedule,tenor_months,1024,128,216.50799968041062,281.18951793440175,0.6252295153119292,124.73110345961328,174.14568450565494,-12.21420015045873,0.0068359375,0.0263671875,0.1171875,898.0,0.5233853006681515
reference,monthly_test,prior_frozen_affine_coupon_delta,ensemble,terms,ALL,4548,128,175.94333680003666,249.68400260804793,0.7080738335245176,17.126358879761167,30.087325322070747,-0.2451534194951576,0.08981900452488688,0.3934389140271493,0.566289592760181,3381.0,0.857438627624963
reference,monthly_test,prior_frozen_affine_coupon_delta,ensemble,terms,base,128,128,165.47303865044137,237.51904048696096,0.7270012273438042,,,,,,,,
reference,monthly_test,prior_frozen_affine_coupon_delta,ensemble,terms,coupon_regular,1024,128,165.54056994320456,238.28774487995236,0.7275683370927002,10.617126504638398,19.124592153359213,5.34509310395892e-06,0.18359375,0.546875,0.705078125,1024.0,1.0
reference,monthly_test,prior_frozen_affine_coupon_delta,ensemble,terms,first_strike,1024,128,167.45854617638219,238.95578837954852,0.7212782195971528,29.105506103462247,47.2453288649583,-0.6008869599092959,0.064453125,0.2763671875,0.388671875,993.0,0.5196374622356495
reference,monthly_test,prior_frozen_affine_coupon_delta,ensemble,terms,ki_barrier,344,43,326.2628198781288,387.6548184824813,0.3710530219571626,15.318859003238801,25.017228454888606,0.5671882932614789,0.13953488372093023,0.40988372093023256,0.5930232558139535,343.0,1.0
reference,monthly_test,prior_frozen_affine_coupon_delta,ensemble,terms,last_strike,1024,128,164.30295515546493,236.87081249644004,0.7288631710983287,12.987367787456593,20.279818228094474,0.08243413535336538,0.04296875,0.408203125,0.587890625,1021.0,0.9951028403525954
reference,monthly_test,prior_frozen_affine_coupon_delta,ensemble,terms,monthly_barrier,1004,128,156.9103742983875,224.37886095283363,0.7565804093953672,16.388225444601204,26.490139222428493,-0.7448213825504094,0.05079681274900399,0.33565737051792827,0.5747011952191236,0.0,
reference,other_diagnostic,affine_coupon_delta,101,terms,ALL,2478,86,85.33877036994433,140.29047285633092,0.9625915801271914,9.089279743249786,16.160289720624675,-1.2859079314074022,0.17224080267558528,0.5505852842809364,0.7311872909698997,2289.0,0.9217999126256007
reference,other_diagnostic,affine_coupon_delta,101,terms,base,86,86,84.51355962010658,137.2055532129047,0.9601238886260942,,,,,,,,
reference,other_diagnostic,affine_coupon_delta,101,terms,coupon_regular,688,86,85.09401332047456,137.52052004579386,0.960050950850821,5.564683612984742,9.302073536177422,-6.0823305631443185e-06,0.25872093023255816,0.6802325581395349,0.8313953488372093,688.0,1.0
reference,other_diagnostic,affine_coupon_delta,101,terms,first_strike,688,86,85.17272373435587,136.87459098962773,0.9602902708595643,10.742844896509649,17.62320701659787,-2.4337305919931773,0.12936046511627908,0.48255813953488375,0.6773255813953488,615.0,0.8065040650406504
reference,other_diagnostic,affine_coupon_delta,101,terms,ki_barrier,328,41,86.3438649567018,158.62379432621051,0.9709631073751721,14.525386187475084,25.340962681862482,-1.3755141384218168,0.06402439024390244,0.4024390243902439,0.625,314.0,0.9745222929936306
reference,other_diagnostic,affine_coupon_delta,101,terms,last_strike,688,86,85.37355239806884,137.44856549662018,0.9600152236768189,8.36867857824058,14.307860265163038,-1.3812678816706636,0.18023255813953487,0.559593023255814,0.7354651162790697,672.0,0.9226190476190477
reference,other_diagnostic,affine_coupon_delta,233,terms,ALL,2478,86,102.64731576558427,187.6663918095115,0.933059952824239,9.097213438538693,15.755187790307547,-1.6920298599637102,0.17474916387959866,0.5510033444816054,0.7249163879598662,2289.0,0.9309742245522062
reference,other_diagnostic,affine_coupon_delta,233,terms,base,86,86,99.79216848149727,181.29763823710093,0.9303768425280403,,,,,,,,
reference,other_diagnostic,affine_coupon_delta,233,terms,coupon_regular,688,86,100.05743974731641,181.5612322660327,0.9303665876322473,5.7192106721994955,9.7811465426853,-2.4275608764935062e-05,0.24127906976744187,0.6627906976744186,0.8284883720930233,688.0,1.0
reference,other_diagnostic,affine_coupon_delta,233,terms,first_strike,688,86,99.25556826518385,179.30714243356792,0.9318530482030912,11.302430748459498,18.095893889010693,-3.607291467786014,0.12209302325581395,0.4578488372093023,0.6526162790697675,615.0,0.7821138211382114
reference,other_diagnostic,affine_coupon_delta,233,terms,ki_barrier,328,41,120.950820501779,228.2867007995548,0.9398584393307607,13.037986387483532,21.703734077100787,-1.153790311501702,0.10670731707317073,0.43902439024390244,0.6371951219512195,314.0,1.0
reference,other_diagnostic,affine_coupon_delta,233,terms,last_strike,688,86,100.25974322750776,181.04994771000847,0.9306237126338833,8.391258303018272,14.673600830665476,-1.7253764119259147,0.1933139534883721,0.5857558139534884,0.7354651162790697,672.0,0.9642857142857143
reference,other_diagnostic,affine_coupon_delta,47,terms,ALL,2478,86,102.64303109707123,206.57446708899045,0.9188915152513494,8.574829740919593,15.462278313625674,-1.2557988643804154,0.20192307692307693,0.5739966555183946,0.7495819397993311,2289.0,0.9392747924858017
reference,other_diagnostic,affine_coupon_delta,47,terms,base,86,86,99.02688562089607,196.89223267868866,0.917884226273231,,,,,,,,
reference,other_diagnostic,affine_coupon_delta,47,terms,coupon_regular,688,86,99.14178170212801,197.10573182086608,0.9179327383880092,5.365324019403882,9.172562392411681,-3.640446089945448e-05,0.28343023255813954,0.6918604651162791,0.8372093023255814,688.0,1.0
reference,other_diagnostic,affine_coupon_delta,47,terms,first_strike,688,86,98.52343262630076,195.10851466686256,0.919312975300002,10.438673127397447,17.598400814431823,-2.4263276604582105,0.12936046511627908,0.4898255813953488,0.6947674418604651,615.0,0.8113821138211382
reference,other_diagnostic,affine_coupon_delta,47,terms,ki_barrier,328,41,126.8672442915258,264.1822318455267,0.9194583207717664,13.836420684833293,22.736872735666726,-1.3178121175208106,0.0701219512195122,0.40853658536585363,0.6097560975609756,314.0,1.0
reference,other_diagnostic,affine_coupon_delta,47,terms,last_strike,688,86,99.1671443452994,196.62247121057405,0.9181760298444139,7.412059184091612,13.817643697498903,-1.3114680703296218,0.2558139534883721,0.6191860465116279,0.7834302325581395,672.0,0.9657738095238095
reference,other_diagnostic,affine_coupon_delta,ensemble,terms,ALL,2478,86,90.96059558488106,170.56207884274934,0.9447060052126157,8.490291417959275,15.069947262520914,-1.4112455519170934,0.1931438127090301,0.5714882943143813,0.7504180602006689,2289.0,0.9309742245522062
reference,other_diagnostic,affine_coupon_delta,ensemble,terms,base,86,86,88.86541780064256,164.10926489212486,0.9429526306902531,,,,,,,,
reference,other_diagnostic,affine_coupon_delta,ensemble,terms,coupon_regular,688,86,89.04916904335506,164.33427767997068,0.9429536640303696,5.022793280697132,8.597475213922412,-2.2254133351986406e-05,0.2936046511627907,0.6976744186046512,0.8546511627906976,688.0,1.0
reference,other_diagnostic,affine_coupon_delta,ensemble,terms,first_strike,688,86,88.67239671787362,162.50870283987524,0.9440236594098084,10.283981885251295,16.567697968751006,-2.822449906745719,0.11918604651162791,0.4796511627906977,0.686046511627907,615.0,0.7934959349593496
reference,other_diagnostic,affine_coupon_delta,ensemble,terms,ki_barrier,328,41,104.42503856031125,210.44997702594995,0.9488893698188181,13.610073126935797,22.937573530815015,-1.2823721891479325,0.08231707317073171,0.40853658536585363,0.6310975609756098,314.0,1.0
reference,other_diagnostic,affine_coupon_delta,ensemble,terms,last_strike,688,86,89.00302330955319,163.9632057989362,0.9431006834710302,7.723272924347568,13.796536269077727,-1.4727041213086693,0.2194767441860465,0.6148255813953488,0.7674418604651163,672.0,0.9538690476190477
reference,other_diagnostic,augmented_delta,101,terms,ALL,2478,86,98.09864308244443,189.07498461982786,0.9320512998035783,7.895060355914421,14.218293909985803,-0.8880668621954743,0.19105351170568563,0.5861204013377926,0.762123745819398,2289.0,0.9467016164263871
reference,other_diagnostic,augmented_delta,101,terms,base,86,86,95.68281853536259,181.27509872551852,0.9303941530063345,,,,,,,,
reference,other_diagnostic,augmented_delta,101,terms,coupon_regular,688,86,95.74806983858755,181.48023174371508,0.9304287053490048,5.407224919618101,8.676967048264544,0.15854054007881385,0.2441860465116279,0.6555232558139535,0.8284883720930233,688.0,1.0
reference,other_diagnostic,augmented_delta,101,terms,first_strike,688,86,94.175964159288,178.8755222510761,0.9321807339585743,8.368123076041144,15.218735228537152,-1.4789049009807278,0.17151162790697674,0.5843023255813954,0.752906976744186,615.0,0.8373983739837398
reference,other_diagnostic,augmented_delta,101,terms,ki_barrier,328,41,118.0855858349484,238.17112897263124,0.9345376335381951,13.836513392528806,22.708616686889744,-1.3939043519927599,0.0701219512195122,0.39634146341463417,0.6067073170731707,314.0,1.0
reference,other_diagnostic,augmented_delta,101,terms,last_strike,688,86,95.14521456374217,180.76879488558444,0.9308390144823241,7.077279880209717,12.251958458861138,-1.1026811433392902,0.21511627906976744,0.6090116279069767,0.7790697674418605,672.0,0.9672619047619048
reference,other_diagnostic,augmented_delta,233,terms,ALL,2478,86,114.44909508191814,214.72857712208238,0.9123619514349212,8.63668417801396,16.028386197353854,-1.525939723177342,0.20861204013377926,0.5831939799331104,0.7516722408026756,2289.0,0.9532546963739624
reference,other_diagnostic,augmented_delta,233,terms,base,86,86,111.47814217680626,208.84649366105265,0.9076102486274307,,,,,,,,
reference,other_diagnostic,augmented_delta,233,terms,coupon_regular,688,86,111.60215276431283,209.04733929996718,0.9076874551760887,4.741058036107426,8.151433236833109,0.048206104904182326,0.29651162790697677,0.7165697674418605,0.8677325581395349,688.0,1.0
reference,other_diagnostic,augmented_delta,233,terms,first_strike,688,86,110.761083051869,207.2478518355322,0.9089601923834144,9.795693084866684,18.604284837195845,-2.830409032785793,0.19767441860465115,0.559593023255814,0.7209302325581395,615.0,0.8666666666666667
reference,other_diagnostic,augmented_delta,233,terms,ki_barrier,328,41,134.3843357897363,253.0666850639088,0.9260933660540498,12.667746585506068,21.227146332263256,-1.2509658718481664,0.13109756097560976,0.4451219512195122,0.6310975609756098,314.0,1.0
reference,other_diagnostic,augmented_delta,233,terms,last_strike,688,86,111.85140843782146,208.40812706871597,0.9080729022768026,9.451515846705252,16.30414583720325,-1.9267084265864172,0.1686046511627907,0.5392441860465116,0.7238372093023255,672.0,0.9627976190476191
reference,other_diagnostic,augmented_delta,47,terms,ALL,2478,86,96.28353145984056,171.248677594621,0.9442599365223818,8.861496953654195,15.317142408058471,-0.9495319094704175,0.1793478260869565,0.5497491638795987,0.7332775919732442,2289.0,0.925731760594146
reference,other_diagnostic,augmented_delta,47,terms,base,86,86,93.40011887413338,165.8561800966043,0.94173164743436,,,,,,,,
reference,other_diagnostic,augmented_delta,47,terms,coupon_regular,688,86,93.56889923436003,166.19845714650762,0.9416520757429369,6.208594118613143,10.881066148622129,0.0026111506907515324,0.27180232558139533,0.6497093023255814,0.809593023255814,688.0,1.0
reference,other_diagnostic,augmented_delta,47,terms,first_strike,688,86,93.56759919137674,164.0308601182311,0.9429701301745457,9.262388076143104,15.407440373816899,-1.4044736008174592,0.16424418604651161,0.5261627906976745,0.7136627906976745,615.0,0.8227642276422764
reference,other_diagnostic,augmented_delta,47,terms,ki_barrier,328,41,115.19683726245256,206.93941874609575,0.9505803209976362,14.309332235685995,23.690190514515304,-1.2436897438700971,0.08231707317073171,0.3902439024390244,0.6158536585365854,314.0,0.9745222929936306
reference,other_diagnostic,augmented_delta,47,terms,last_strike,688,86,93.05771394668332,165.05303406581908,0.9423417745632748,8.516284868958616,13.868964831680426,-1.306495240954466,0.14825581395348839,0.5494186046511628,0.7325581395348837,672.0,0.9211309523809523
reference,other_diagnostic,augmented_delta,ensemble,terms,ALL,2478,86,95.83857774027103,183.00487225950332,0.9363441516009573,7.7624506527577966,14.120383399552631,-1.1211794982811167,0.1948160535117057,0.5898829431438127,0.770066889632107,2289.0,0.9510703363914373
reference,other_diagnostic,augmented_delta,ensemble,terms,base,86,86,92.77742030067361,175.9201274083736,0.9344458057568787,,,,,,,,
reference,other_diagnostic,augmented_delta,ensemble,terms,coupon_regular,688,86,92.98014329398497,176.13804877535833,0.9344643219879827,4.961700047517917,8.2898759639141,0.06978593189122032,0.2558139534883721,0.686046511627907,0.8590116279069767,688.0,1.0
reference,other_diagnostic,augmented_delta,ensemble,terms,first_strike,688,86,92.07630783109008,173.76360957583637,0.936001629685697,7.919368124852602,14.766946005850834,-1.9045958448613773,0.2005813953488372,0.5973837209302325,0.7674418604651163,615.0,0.8552845528455284
reference,other_diagnostic,augmented_delta,ensemble,terms,ki_barrier,328,41,117.46347661712163,228.18451845385724,0.9399122666484571,13.470157068139462,22.237406776154174,-1.2961866559037372,0.08536585365853659,0.3932926829268293,0.625,314.0,1.0
reference,other_diagnostic,augmented_delta,ensemble,terms,last_strike,688,86,92.53238196230546,175.2573645699085,0.9349920005853758,7.685167936709287,13.064287758396269,-1.445294936960083,0.18023255813953487,0.5799418604651163,0.752906976744186,672.0,0.9657738095238095
reference,other_diagnostic,augmented_price,101,terms,ALL,2478,86,81.89581281241203,150.31473022180552,0.9570546556473344,10.21249104247673,17.780577593644253,-1.793724553895877,0.14632107023411373,0.5146321070234113,0.7031772575250836,2289.0,0.9436435124508519
reference,other_diagnostic,augmented_price,101,terms,base,86,86,79.41241578559027,144.82675786014687,0.9555709487877653,,,,,,,,
reference,other_diagnostic,augmented_price,101,terms,coupon_regular,688,86,79.83029332163305,145.11003553428495,0.9555198409218824,5.556063320054564,8.598570375971994,0.1210563225570577,0.19767441860465115,0.6468023255813954,0.8255813953488372,688.0,1.0
reference,other_diagnostic,augmented_price,101,terms,first_strike,688,86,80.01599642875698,143.84365681308503,0.9561436295792916,13.342004206001839,21.418217589359177,-3.761037663789861,0.08866279069767442,0.4069767441860465,0.6119186046511628,615.0,0.8422764227642277
reference,other_diagnostic,augmented_price,101,terms,ki_barrier,328,41,94.38854656524252,183.21322851339423,0.9612628981132731,14.38107285414618,23.734656674948827,-1.393608145983663,0.0975609756097561,0.4115853658536585,0.6158536585365854,314.0,1.0
reference,other_diagnostic,augmented_price,101,terms,last_strike,688,86,80.19573513070983,144.93788987181478,0.9555391136775219,9.752058458601146,17.260572285098625,-1.9319454916687901,0.17587209302325582,0.5392441860465116,0.7136627906976745,672.0,0.9523809523809523
reference,other_diagnostic,augmented_price,233,terms,ALL,2478,86,118.14297554768595,199.6431556587977,0.924243158795666,9.698895641370898,17.685630487200626,-1.900709160051859,0.17307692307692307,0.5480769230769231,0.7153010033444817,2289.0,0.962865880297073
reference,other_diagnostic,augmented_price,233,terms,base,86,86,116.53550563481292,194.83197636708908,0.9195937340762517,,,,,,,,
reference,other_diagnostic,augmented_price,233,terms,coupon_regular,688,86,116.60903015184789,195.06444676897732,0.9196237619391099,4.806628416848276,7.891009194679037,0.07390107815117813,0.2601744186046512,0.7078488372093024,0.8633720930232558,688.0,1.0
reference,other_diagnostic,augmented_price,233,terms,first_strike,688,86,115.27531157226322,192.86435616175842,0.9211584416989917,10.831801817899915,19.066944607641073,-3.5382782991405537,0.14680232558139536,0.5043604651162791,0.6787790697674418,615.0,0.8894308943089431
reference,other_diagnostic,augmented_price,233,terms,ki_barrier,328,41,131.69499211916872,232.50085056211492,0.937617530574656,13.89623516682172,23.735005708194805,-1.3047245366771414,0.12804878048780488,0.42073170731707316,0.600609756097561,314.0,1.0
reference,other_diagnostic,augmented_price,233,terms,last_strike,688,86,116.28467354839546,194.40471741936824,0.9200114459298078,11.457199473742598,19.82601509742431,-2.521882463333219,0.13372093023255813,0.49273255813953487,0.6584302325581395,672.0,0.9747023809523809
reference,other_diagnostic,augmented_price,47,terms,ALL,2478,86,109.13217627445887,173.96226300936178,0.9424794403130351,11.083416828703808,19.337663672736163,-1.744156513979446,0.1454849498327759,0.487876254180602,0.6801839464882943,2289.0,0.9370904325032765
reference,other_diagnostic,augmented_price,47,terms,base,86,86,106.97964365339341,169.97754202807027,0.9387998464927018,,,,,,,,
reference,other_diagnostic,augmented_price,47,terms,coupon_regular,688,86,107.15643328881319,170.29810171334694,0.9387380172306975,6.005173478333294,10.142580313596833,0.0863634737194048,0.2238372093023256,0.6308139534883721,0.8081395348837209,688.0,1.0
reference,other_diagnostic,augmented_price,47,terms,first_strike,688,86,107.53175880926622,169.06981230774977,0.9394124491859549,15.447454701494843,24.90546463014482,-3.681887373799679,0.09011627906976744,0.3691860465116279,0.5770348837209303,615.0,0.8048780487804879
reference,other_diagnostic,augmented_price,47,terms,ki_barrier,328,41,122.28918083816359,200.00533072833403,0.9538367249254027,14.765370306392327,25.005946839066215,-1.2094388797016045,0.10365853658536585,0.4054878048780488,0.5945121951219512,314.0,1.0
reference,other_diagnostic,augmented_price,47,terms,last_strike,688,86,106.70487787139665,169.5014389481133,0.9391919570224523,10.04227239250155,16.698830295176915,-1.8918691651765691,0.14244186046511628,0.502906976744186,0.6962209302325582,672.0,0.9642857142857143
reference,other_diagnostic,augmented_price,ensemble,terms,ALL,2478,86,95.70692421171275,167.03805100067757,0.9469672883382275,9.811904797671957,17.435076693970522,-1.8128634093089993,0.1709866220735786,0.540133779264214,0.7240802675585284,2289.0,0.9545653123634775
reference,other_diagnostic,augmented_price,ensemble,terms,base,86,86,93.99943361172274,162.10218622994967,0.9443394919533487,,,,,,,,
reference,other_diagnostic,augmented_price,ensemble,terms,coupon_regular,688,86,94.16156316504839,162.36208884655858,0.9443146831765176,4.823524359989084,8.076746795822462,0.09377362480924956,0.2688953488372093,0.7180232558139535,0.872093023255814,688.0,1.0
reference,other_diagnostic,augmented_price,ensemble,terms,first_strike,688,86,93.80138335300354,160.57198302576342,0.945349920559027,12.400877861024062,20.396343188563705,-3.6604011122432567,0.12790697674418605,0.44476744186046513,0.6468023255813954,615.0,0.8715447154471545
reference,other_diagnostic,augmented_price,ensemble,terms,ki_barrier,328,41,106.77254318192782,199.06844666213286,0.9542681968233241,14.20694605037723,23.962499791569634,-1.3025905207874446,0.08841463414634146,0.42073170731707316,0.6280487804878049,314.0,1.0
reference,other_diagnostic,augmented_price,ensemble,terms,last_strike,688,86,94.09579293302899,161.78021490071677,0.9446057019256141,10.116001807340911,17.374563867435384,-2.1152323733928013,0.1555232558139535,0.5145348837209303,0.6991279069767442,672.0,0.9627976190476191
reference,other_diagnostic,prior_frozen_affine_coupon_delta,ensemble,terms,ALL,2478,86,168.63310338059821,315.62622400287177,0.8106526788008993,9.677806438916331,16.932470326428973,-0.6238989270410076,0.13336120401337792,0.5238294314381271,0.7111204013377926,2289.0,0.9541284403669725
reference,other_diagnostic,prior_frozen_affine_coupon_delta,ensemble,terms,base,86,86,160.3280338903598,298.7154190324117,0.8109900344782245,,,,,,,,
reference,other_diagnostic,prior_frozen_affine_coupon_delta,ensemble,terms,coupon_regular,688,86,161.00316153692967,299.08551257328196,0.8110433467200271,8.630369828884021,14.874758566814453,-2.514195538296638e-05,0.1744186046511628,0.5494186046511628,0.7412790697674418,688.0,1.0
reference,other_diagnostic,prior_frozen_affine_coupon_delta,ensemble,terms,first_strike,688,86,159.34094512804182,297.3496394051119,0.8125928793088428,8.201335319519071,13.574540462767262,-2.005560164197709,0.13517441860465115,0.563953488372093,0.7456395348837209,615.0,0.865040650406504
reference,other_diagnostic,prior_frozen_affine_coupon_delta,ensemble,terms,ki_barrier,328,41,223.78016349521985,411.51308079980623,0.8045747123723641,16.85257409438035,28.793410198077645,1.4636907244131105,0.039634146341463415,0.3445121951219512,0.5670731707317073,314.0,0.9808917197452229
reference,other_diagnostic,prior_frozen_affine_coupon_delta,ensemble,terms,last_strike,688,86,160.3022968758996,298.4113448164007,0.8115288383504495,8.78118540236887,14.001283457844666,-0.8613577041515441,0.13517441860465115,0.5436046511627907,0.7151162790697675,672.0,0.9761904761904762
reference,published_monthly_6,affine_coupon_delta,101,schedule,ALL,66,6,275.0402349359874,339.57999674509233,-0.362380149156295,282.65116739522364,351.14501351472774,-155.62090854349574,0.0,0.0,0.0,51.0,0.6862745098039216
reference,published_monthly_6,affine_coupon_delta,101,schedule,nobs_early,6,6,243.57406077937503,256.65895951122474,0.30196384640172746,271.7846069360773,281.62952169895544,-271.7846069360773,0.0,0.0,0.0,4.0,0.75
reference,published_monthly_6,affine_coupon_delta,101,schedule,nobs_late,6,6,550.474505910133,557.8858149291744,-4.423356539768075,578.6850520668344,586.936573024717,-578.6850520668344,0.0,0.0,0.0,6.0,0.5
reference,published_monthly_6,affine_coupon_delta,101,schedule,nobs_middle,6,6,584.0534593517796,585.8289914365515,-4.023610951808439,612.2640055084809,614.6169316635152,-612.2640055084809,0.0,0.0,0.0,6.0,0.5
reference,published_monthly_6,affine_coupon_delta,101,schedule,tenor_months,48,6,205.91756978182173,261.76189201238435,0.22840787060781975,205.80364710450843,263.33612663879467,-31.137041183382582,0.0,0.0,0.0,35.0,0.7428571428571429
reference,published_monthly_6,affine_coupon_delta,101,terms,ALL,206,6,28.072331094333748,32.35706456166155,0.987589423534905,3.3824894655682147,5.6629729017739425,-0.3753100449281432,0.37,0.81,0.92,149.0,0.9664429530201343
reference,published_monthly_6,affine_coupon_delta,101,terms,base,6,6,28.210546156702247,32.63327746406505,0.9877177887581088,,,,,,,,
reference,published_monthly_6,affine_coupon_delta,101,terms,coupon_regular,48,6,28.313081056086542,32.98168534675398,0.9878406283639258,3.489281816201077,4.780859086685218,0.00014221544067094527,0.25,0.7916666666666666,0.9583333333333334,48.0,1.0
reference,published_monthly_6,affine_coupon_delta,101,terms,first_strike,48,6,27.883425570015522,31.39188053070908,0.9885373458819227,4.501882198809956,7.75986841972218,-2.2484702725843007,0.375,0.7291666666666666,0.8333333333333334,45.0,0.8888888888888888
reference,published_monthly_6,affine_coupon_delta,101,terms,ki_barrier,8,1,15.361113203999366,16.442575205305307,0.8456429769235536,3.811230322656534,6.340078584794493,-2.4087581749384586,0.25,0.75,0.875,8.0,1.0
reference,published_monthly_6,affine_coupon_delta,101,terms,last_strike,48,6,29.88556719105672,34.25986185190569,0.9867596311356867,3.663476969425877,6.103868160040135,1.1199457113527587,0.3333333333333333,0.7916666666666666,0.8958333333333334,48.0,1.0
reference,published_monthly_6,affine_coupon_delta,101,terms,monthly_barrier,48,6,28.308509992435877,32.68228323441547,0.9876808723825659,1.803860068321228,2.5677060973599235,-0.033949812253316246,0.5416666666666666,0.9375,1.0,0.0,
reference,published_monthly_6,affine_coupon_delta,233,schedule,ALL,66,6,372.33730098862924,456.4561973565513,-1.4615707528257746,365.38759814135994,448.81068679624684,-126.18042247361419,0.0,0.0,0.0,51.0,0.6862745098039216
reference,published_monthly_6,affine_coupon_delta,233,schedule,nobs_early,6,6,261.460818630022,266.1055037109547,0.24963464870389018,236.34835418313742,241.58526850880148,-236.34835418313742,0.0,0.0,0.0,4.0,0.75
reference,published_monthly_6,affine_coupon_delta,233,schedule,nobs_late,6,6,736.2664553412345,745.9338290964882,-8.695676696950757,711.1539908943491,722.360535106898,-711.1539908943491,0.0,0.0,0.0,6.0,0.5
reference,published_monthly_6,affine_coupon_delta,233,schedule,nobs_middle,6,6,712.7675042405939,715.7597816869068,-6.4990951131999,687.6550397937084,691.4999099472233,-687.6550397937084,0.0,0.0,0.0,6.0,0.5
reference,published_monthly_6,affine_coupon_delta,233,schedule,tenor_months,48,6,298.1519415828839,379.52822351916944,-0.622045760119391,298.0132743354706,380.36184224865,30.896592207679856,0.0,0.0,0.0,35.0,0.7428571428571429
reference,published_monthly_6,affine_coupon_delta,233,terms,ALL,206,6,26.1073626821113,29.152611256414342,0.9899258445798633,4.545602987799794,7.096062296459628,-0.5598430449205138,0.24,0.69,0.86,149.0,0.9664429530201343
reference,published_monthly_6,affine_coupon_delta,233,terms,base,6,6,25.112464446884587,27.64822729889196,0.9911836310206554,,,,,,,,
reference,published_monthly_6,affine_coupon_delta,233,terms,coupon_regular,48,6,25.226757398625484,28.01537115043622,0.9912267964642103,3.2771965281830897,4.519582626842624,-0.0001309725145495951,0.20833333333333334,0.75,0.9166666666666666,48.0,1.0
reference,published_monthly_6,affine_coupon_delta,233,terms,first_strike,48,6,26.55098210277769,29.94645238546754,0.9895686315859182,4.883946821533351,6.9949726778544274,-1.4385176558927106,0.22916666666666666,0.625,0.8333333333333334,45.0,0.8888888888888888
reference,published_monthly_6,affine_coupon_delta,233,terms,ki_barrier,8,1,33.88476585007015,34.10190182340769,0.3360369367995498,2.3860897518073503,4.314521498482855,-1.9628409262125674,0.625,0.875,0.875,8.0,1.0
reference,published_monthly_6,affine_coupon_delta,233,terms,last_strike,48,6,26.21509819938285,29.664656288057895,0.9900732402537141,6.4982428902553195,10.533974463692132,-0.45590175543394357,0.25,0.6458333333333334,0.7291666666666666,48.0,1.0
reference,published_monthly_6,affine_coupon_delta,233,terms,monthly_barrier,48,6,25.264741445736036,28.219849362570713,0.9908153088347946,3.8829445838928223,5.13666687974788,-0.11098881562550862,0.20833333333333334,0.7083333333333334,0.9583333333333334,0.0,
reference,published_monthly_6,affine_coupon_delta,47,schedule,ALL,66,6,325.75110966843954,426.83053377341946,-1.1524103242535744,328.50777079372887,428.71300729207195,-77.17217404330431,0.0,0.0,0.0,51.0,0.6862745098039216
reference,published_monthly_6,affine_coupon_delta,47,schedule,nobs_early,6,6,64.24101358041571,75.85017730521385,0.9390353255868855,67.93180696459281,77.35255018711365,-30.053897065420944,0.0,0.0,0.0,4.0,0.75
reference,published_monthly_6,affine_coupon_delta,47,schedule,nobs_late,6,6,579.4537874945548,590.962801927865,-5.085521608880767,592.7700269915578,606.2890500501519,-592.7700269915578,0.0,0.0,0.0,6.0,0.5
reference,published_monthly_6,affine_coupon_delta,47,schedule,nobs_middle,6,6,602.5172895049269,609.2803436070778,-4.433862100209568,615.8335290019297,623.2304922248355,-615.8335290019297,0.0,0.0,0.0,6.0,0.5
reference,published_monthly_6,affine_coupon_delta,47,schedule,tenor_months,48,6,292.1312644716171,399.65837449137416,-0.7986753469053787,292.13126447161716,396.8244563351592,48.72044232282013,0.0,0.0,0.0,35.0,0.7428571428571429
reference,published_monthly_6,affine_coupon_delta,47,terms,ALL,206,6,18.37204989073287,21.36497139680605,0.9945892389473084,2.4875994771408534,4.190141966759279,-0.19980714861924428,0.45,0.845,0.96,149.0,0.9932885906040269
reference,published_monthly_6,affine_coupon_delta,47,terms,base,6,6,18.709222559817437,21.59611296917469,0.9946209403958641,,,,,,,,
reference,published_monthly_6,affine_coupon_delta,47,terms,coupon_regular,48,6,18.70928086971666,21.960986646501848,0.9946090023826755,2.490630828258064,3.9868998035540693,-0.00015580778320600785,0.4583333333333333,0.8333333333333334,0.9583333333333334,48.0,1.0
reference,published_monthly_6,affine_coupon_delta,47,terms,first_strike,48,6,18.61170464694597,21.51976659975322,0.9946132646950381,3.0804892100859433,4.723880536999439,-1.0399488468602707,0.3958333333333333,0.7916666666666666,0.9375,45.0,0.9777777777777777
reference,published_monthly_6,affine_coupon_delta,47,terms,ki_barrier,8,1,13.115210188862648,13.462788225502592,0.8965199216593438,2.3949745853121063,3.801313284713283,-2.2829923744623843,0.625,0.75,1.0,8.0,1.0
reference,published_monthly_6,affine_coupon_delta,47,terms,last_strike,48,6,18.178023761603793,21.24557547705904,0.9949082641158349,3.2129663460784488,5.446712372350595,0.46847936159206754,0.3541666666666667,0.8125,0.9375,48.0,1.0
reference,published_monthly_6,affine_coupon_delta,47,terms,monthly_barrier,48,6,18.823183651341196,21.765022533597076,0.9945364689235248,1.1817490061124165,1.694092757208787,0.11959423621495564,0.5625,0.9583333333333334,1.0,0.0,
reference,published_monthly_6,affine_coupon_delta,ensemble,schedule,ALL,66,6,322.8754856398123,401.75402729508846,-0.9069292715155293,324.3676966586142,403.318975983005,-119.65783502013844,0.0,0.0,0.0,51.0,0.6862745098039216
reference,published_monthly_6,affine_coupon_delta,ensemble,schedule,nobs_early,6,6,173.92417899260485,183.8507944046972,0.6418243319022316,179.39561939487893,187.97418068277673,-179.39561939487893,0.0,0.0,0.0,4.0,0.75
reference,published_monthly_6,affine_coupon_delta,ensemble,schedule,nobs_late,6,6,622.0649162486407,630.6885080759944,-5.931182817380841,627.5363566509141,637.7522803819814,-627.5363566509141,0.0,0.0,0.0,6.0,0.5
reference,published_monthly_6,affine_coupon_delta,ensemble,schedule,nobs_middle,6,6,633.1127510324337,635.9956651881622,-4.920829968073787,638.5841914347067,642.3090374042475,-638.5841914347067,0.0,0.0,0.0,6.0,0.5
reference,published_monthly_6,affine_coupon_delta,ensemble,schedule,tenor_months,48,6,265.3160619705321,342.6750807918404,-0.3223304369901643,265.3160619705321,341.81592213515074,16.15999778237214,0.0,0.0,0.0,35.0,0.7428571428571429
reference,published_monthly_6,affine_coupon_delta,ensemble,terms,ALL,206,6,11.887301492408236,15.495143899189115,0.9971539341033013,2.9966941994614547,4.734525054321161,-0.3783200794895727,0.37,0.825,0.95,149.0,0.9664429530201343
reference,published_monthly_6,affine_coupon_delta,ensemble,terms,base,6,6,11.54947951570648,15.348980044121564,0.9972828462207111,,,,,,,,
reference,published_monthly_6,affine_coupon_delta,ensemble,terms,coupon_regular,48,6,12.026246164304363,15.806590581305102,0.9972071870278972,2.5908705203069498,3.775832829177077,-4.818828611933649e-05,0.4166666666666667,0.8333333333333334,0.9583333333333334,48.0,1.0
reference,published_monthly_6,affine_coupon_delta,ensemble,terms,first_strike,48,6,12.279946558875926,15.6913542977765,0.9971360107786078,3.3876399756150684,5.23678886271985,-1.5756455917792327,0.3541666666666667,0.8125,0.9166666666666666,45.0,0.8888888888888888
reference,published_monthly_6,affine_coupon_delta,ensemble,terms,ki_barrier,8,1,2.3535708918548153,4.217274918455021,0.9898456869939906,2.5008961337930344,4.4108579101884136,-2.2181971585378495,0.625,0.875,0.875,8.0,1.0
reference,published_monthly_6,affine_coupon_delta,ensemble,terms,last_strike,48,6,12.706195757517094,16.05052496588365,0.9970939214261654,3.8810778038780893,6.289544686054506,0.37750777250330314,0.25,0.7708333333333334,0.9375,48.0,1.0
reference,published_monthly_6,affine_coupon_delta,ensemble,terms,monthly_barrier,48,6,12.16800033611552,15.630980895964667,0.9971820866145065,2.209821508990448,2.9861362638910522,-0.008448130554862043,0.4166666666666667,0.875,1.0,0.0,
reference,published_monthly_6,augmented_delta,101,schedule,ALL,66,6,426.33794846223924,526.9368185952017,-2.2804331914502995,416.90097212017224,522.1850497535502,-48.2915923320265,0.0,0.0,0.015151515151515152,51.0,0.6470588235294118
reference,published_monthly_6,augmented_delta,101,schedule,nobs_early,6,6,88.17124680233094,109.81893671540638,0.8722033330781019,79.55760237491793,94.7868217234806,-31.630737942953914,0.0,0.0,0.16666666666666666,4.0,0.25
reference,published_monthly_6,augmented_delta,101,schedule,nobs_late,6,6,638.3206261087007,658.286686215175,-6.551055491631709,600.4804838397023,618.3355577319089,-600.4804838397023,0.0,0.0,0.0,6.0,0.5
reference,published_monthly_6,augmented_delta,101,schedule,nobs_middle,6,6,590.4923504447157,600.093987271638,-4.271240469339879,552.6522081757172,558.9404108709655,-552.6522081757172,0.0,0.0,0.0,6.0,0.5
reference,published_monthly_6,augmented_delta,101,schedule,tenor_months,48,6,421.5916512161105,530.18536440505,-2.1654132566178674,419.15254986644464,535.690174169573,81.69448928826029,0.0,0.0,0.0,35.0,0.7428571428571429
reference,published_monthly_6,augmented_delta,101,terms,ALL,206,6,44.83276328243452,47.77613898400527,0.9729432379239169,3.6924415505491197,6.501903655685837,-0.34594879691178576,0.39,0.8,0.905,149.0,0.9731543624161074
reference,published_monthly_6,augmented_delta,101,terms,base,6,6,45.82237584133539,48.01925587801892,0.973405855324615,,,,,,,,
reference,published_monthly_6,augmented_delta,101,terms,coupon_regular,48,6,45.7453833577326,48.07524914266085,0.974164996107961,1.8327447324991233,3.018889524119677,0.004687069604794554,0.5833333333333334,0.9166666666666666,1.0,48.0,1.0
reference,published_monthly_6,augmented_delta,101,terms,first_strike,48,6,46.46302962316103,49.59074358272544,0.9713943538091255,6.455214584841289,9.43147029852672,-1.0951452314491477,0.16666666666666666,0.5833333333333334,0.7708333333333334,45.0,0.9111111111111111
reference,published_monthly_6,augmented_delta,101,terms,ki_barrier,8,1,21.274713529583778,22.04987874497329,0.7224129947653313,3.573265264121193,6.38147572524943,-2.6719871874277774,0.375,0.75,0.875,8.0,1.0
reference,published_monthly_6,augmented_delta,101,terms,last_strike,48,6,45.12849710747199,48.444862298211376,0.9735257100451548,4.754148337886566,8.094967379027551,0.07348683124615081,0.3125,0.75,0.8541666666666666,48.0,1.0
reference,published_monthly_6,augmented_delta,101,terms,monthly_barrier,48,6,45.79678309698496,48.05563697390544,0.9733655427198026,1.7475212613741558,2.4005766443872383,0.020849208037058514,0.5,0.9583333333333334,1.0,0.0,
reference,published_monthly_6,augmented_delta,233,schedule,ALL,66,6,369.19778019774975,460.94418007883974,-1.5102141836485377,369.0654756542051,460.8472292668736,-97.62999630835134,0.0,0.0,0.015151515151515152,51.0,0.6862745098039216
reference,published_monthly_6,augmented_delta,233,schedule,nobs_early,6,6,108.30340562419315,114.885515910826,0.8601393263188842,107.81828896452983,113.78369313187446,-107.81828896452983,0.0,0.0,0.0,4.0,0.75
reference,published_monthly_6,augmented_delta,233,schedule,nobs_late,6,6,666.7413128305025,684.6372659901957,-7.167677630982224,666.2561961708383,683.6104425164066,-666.2561961708383,0.0,0.0,0.0,6.0,0.5
reference,published_monthly_6,augmented_delta,233,schedule,nobs_middle,6,6,646.2490186944818,654.1257068811752,-5.263206233790965,645.7639020348175,652.5871323350837,-645.7639020348175,0.0,0.0,0.0,6.0,0.5
reference,published_monthly_6,augmented_delta,233,schedule,tenor_months,48,6,329.98523062825876,422.39756161740985,-1.0091749358845084,329.98523062825876,422.7945607388659,43.23855347229014,0.0,0.0,0.020833333333333332,35.0,0.7428571428571429
reference,published_monthly_6,augmented_delta,233,terms,ALL,206,6,14.027696419027997,16.301528984501513,0.9968500010805345,3.0066782160786296,5.45107110003935,-0.6464396530824401,0.41,0.835,0.93,149.0,0.9932885906040269
reference,published_monthly_6,augmented_delta,233,terms,base,6,6,13.580475619787043,15.704581399188918,0.9971554871158385,,,,,,,,
reference,published_monthly_6,augmented_delta,233,terms,coupon_regular,48,6,14.001071932234064,15.96057651062656,0.9971525074730955,2.0945978760719304,3.509284867710495,-0.2932864837348457,0.4583333333333333,0.8958333333333334,0.9583333333333334,48.0,1.0
reference,published_monthly_6,augmented_delta,233,terms,first_strike,48,6,13.269461041626869,15.689473338720592,0.9971366973635234,3.2737110119778663,5.188274512289224,-0.9844296037788599,0.3958333333333333,0.7916666666666666,0.9166666666666666,45.0,0.9777777777777777
reference,published_monthly_6,augmented_delta,233,terms,ki_barrier,8,1,18.72832859897312,19.900954482240614,0.7738823136316597,4.665811917123698,7.102581758755788,-2.269134294552106,0.0,0.75,0.875,8.0,1.0
reference,published_monthly_6,augmented_delta,233,terms,last_strike,48,6,14.558740217368003,17.12360949510369,0.9966923503691566,5.202454784264168,8.451785614003057,-1.1080262398140297,0.1875,0.7083333333333334,0.8541666666666666,48.0,1.0
reference,published_monthly_6,augmented_delta,233,terms,monthly_barrier,48,6,13.55397638813065,15.7959498986723,0.9971222923547763,1.179426908493042,2.1760828425640337,0.0704328219095866,0.6666666666666666,0.9583333333333334,1.0,0.0,
reference,published_monthly_6,augmented_delta,47,schedule,ALL,66,6,359.6972855200823,456.3700430941045,-1.4606416174574028,357.9036096325144,455.8602849706477,-36.07853740050146,0.015151515151515152,0.015151515151515152,0.06060606060606061,51.0,0.6862745098039216
reference,published_monthly_6,augmented_delta,47,schedule,nobs_early,6,6,82.20084287878096,105.51364486813956,0.8820270853447254,79.76883983860414,102.55840427232916,-79.76883983860414,0.0,0.0,0.16666666666666666,4.0,0.75
reference,published_monthly_6,augmented_delta,47,schedule,nobs_late,6,6,550.2917183328218,571.9390229157502,-4.700027839565176,547.8597152926442,570.5203861648675,-547.8597152926442,0.0,0.0,0.0,6.0,0.5
reference,published_monthly_6,augmented_delta,47,schedule,nobs_middle,6,6,572.2123012796259,582.5801587321184,-3.968046558609286,569.780298239448,579.2720640400145,-569.780298239448,0.0,0.0,0.0,6.0,0.5
reference,published_monthly_6,augmented_delta,47,schedule,tenor_months,48,6,343.9956597787095,449.07721524746444,-1.2709992386453597,342.4413565733703,449.21135505112545,100.06811774564754,0.020833333333333332,0.020833333333333332,0.0625,35.0,0.7428571428571429
reference,published_monthly_6,augmented_delta,47,terms,ALL,206,6,17.503711379452575,23.02097582421312,0.9937179529994415,2.6642684551887212,4.353998240675013,0.0746394580168031,0.43,0.83,0.935,149.0,0.9664429530201343
reference,published_monthly_6,augmented_delta,47,terms,base,6,6,16.49295724566188,22.385915981734502,0.99422030508747,,,,,,,,
reference,published_monthly_6,augmented_delta,47,terms,coupon_regular,48,6,16.701288434961384,22.2826033063154,0.9944499448138586,1.8068303801119328,2.860149644452351,-0.07882152125239343,0.5416666666666666,0.9166666666666666,0.9791666666666666,48.0,1.0
reference,published_monthly_6,augmented_delta,47,terms,first_strike,48,6,17.260660430286975,22.943985983999482,0.9938766616202883,3.908763136274905,5.753235453505817,0.2673300246759845,0.3125,0.6666666666666666,0.875,45.0,0.8888888888888888
reference,published_monthly_6,augmented_delta,47,terms,ki_barrier,8,1,33.59611119174656,33.93146862802482,0.34265701155742345,3.227452963280179,5.219920787553822,-2.1451566334192935,0.375,0.75,0.875,8.0,1.0
reference,published_monthly_6,augmented_delta,47,terms,last_strike,48,6,16.988519701848002,22.274062365760454,0.9944033553603248,3.6991464735733146,5.529372901297517,0.4360941712641054,0.2708333333333333,0.75,0.8958333333333334,48.0,1.0
reference,published_monthly_6,augmented_delta,47,terms,monthly_barrier,48,6,16.508654582055442,22.379183635328676,0.9942237809387386,1.1484697461128235,1.610388713129444,0.04392117261886597,0.6041666666666666,1.0,1.0,0.0,
reference,published_monthly_6,augmented_delta,ensemble,schedule,ALL,66,6,383.96107971715287,478.876556059469,-1.7093259689268208,380.2770034809023,476.93470687510853,-60.66670868029301,0.0,0.0,0.0,51.0,0.6862745098039216
reference,published_monthly_6,augmented_delta,ensemble,schedule,nobs_early,6,6,86.65837623830824,105.49729823157665,0.8820636362757406,78.48769879465303,93.18153517679357,-73.07262224869571,0.0,0.0,0.0,4.0,0.75
reference,published_monthly_6,augmented_delta,ensemble,schedule,nobs_late,6,6,618.451219090675,638.097302896966,-6.094982629558887,604.8654651010615,623.9391785460756,-604.8654651010615,0.0,0.0,0.0,6.0,0.5
reference,published_monthly_6,augmented_delta,ensemble,schedule,nobs_middle,6,6,602.9845568062743,611.9801849405249,-4.482125825559709,589.3988028166608,596.5585479116193,-589.3988028166608,0.0,0.0,0.0,6.0,0.5
reference,published_monthly_6,augmented_delta,ensemble,schedule,tenor_months,48,6,364.434715594178,464.99095699792537,-1.434803742994938,363.78688394719376,467.4757831606664,75.00038683539942,0.0,0.0,0.0,35.0,0.7428571428571429
reference,published_monthly_6,augmented_delta,ensemble,terms,ALL,206,6,22.521169115391263,24.522339669138425,0.9928718384919469,2.607596789182489,4.4755090209765225,-0.3059163306589703,0.43,0.84,0.955,149.0,0.9664429530201343
reference,published_monthly_6,augmented_delta,ensemble,terms,base,6,6,22.550801926913362,24.326286193068324,0.993174934886553,,,,,,,,
reference,published_monthly_6,augmented_delta,ensemble,terms,coupon_regular,48,6,22.457579595243487,24.361435876690965,0.9933660650495604,1.898481483260845,3.035785417626093,-0.12247364512730408,0.4791666666666667,0.8958333333333334,0.9791666666666666,48.0,1.0
reference,published_monthly_6,augmented_delta,ensemble,terms,first_strike,48,6,22.72603958361348,24.803333231708557,0.992843995282435,3.7967616578097534,5.529921516234105,-0.6040816035171176,0.2708333333333333,0.75,0.9375,45.0,0.8888888888888888
reference,published_monthly_6,augmented_delta,ensemble,terms,ki_barrier,8,1,24.533051106767743,24.83348566790328,0.64790319471285,2.619608717970594,4.517841935960118,-2.3620927051327345,0.625,0.875,0.875,8.0,1.0
reference,published_monthly_6,augmented_delta,ensemble,terms,last_strike,48,6,22.07220448538025,24.566496679198778,0.9931920661752149,3.5096821877070528,6.066734932388575,-0.19948174576774644,0.3333333333333333,0.75,0.9166666666666666,48.0,1.0
reference,published_monthly_6,augmented_delta,ensemble,terms,monthly_barrier,48,6,22.489835030658167,24.327362266848358,0.9931743310594011,1.2234598398209544,1.8590249351955213,0.04506773418858079,0.6041666666666666,0.9583333333333334,1.0,0.0,
reference,published_monthly_6,augmented_price,101,schedule,ALL,66,6,358.65012002766446,445.3911536355365,-1.3436744256849282,356.02841326034616,444.67289979913966,-26.15858152556713,0.0,0.015151515151515152,0.015151515151515152,51.0,0.6470588235294118
reference,published_monthly_6,augmented_price,101,schedule,nobs_early,6,6,114.20840098884794,132.3742215950672,0.8143171057934472,109.07914652509821,122.74226316850473,12.597100573281447,0.0,0.0,0.0,4.0,0.25
reference,published_monthly_6,augmented_price,101,schedule,nobs_late,6,6,485.32772192245193,496.5367259117839,-3.2961582575491892,477.2571194865223,491.2629525160873,-477.2571194865223,0.0,0.0,0.0,6.0,0.5
reference,published_monthly_6,augmented_price,101,schedule,nobs_middle,6,6,464.37329310727273,468.48354114985943,-2.2126465936711393,456.302690671343,459.98922091191497,-456.302690671343,0.0,0.0,0.0,6.0,0.5
reference,published_monthly_6,augmented_price,101,schedule,tenor_months,48,6,360.15523803571705,460.78161775052513,-1.3909210585884204,359.20919864760555,461.9359845984928,79.1522891004182,0.0,0.020833333333333332,0.020833333333333332,35.0,0.7428571428571429
reference,published_monthly_6,augmented_price,101,terms,ALL,206,6,18.03431179454325,23.707066476738426,0.9933379274350951,6.566125007749846,10.547485802195151,-0.8955513054567075,0.2,0.615,0.78,149.0,0.912751677852349
reference,published_monthly_6,augmented_price,101,terms,base,6,6,15.71998795132246,21.893025472036424,0.994472016473775,,,,,,,,
reference,published_monthly_6,augmented_price,101,terms,coupon_regular,48,6,17.14767529406697,22.39954395666519,0.9943915378024731,3.312169021202459,5.212797617169269,-0.4493388943374153,0.2916666666666667,0.7916666666666666,0.9583333333333334,48.0,1.0
reference,published_monthly_6,augmented_price,101,terms,first_strike,48,6,20.35785545142255,26.303909808475737,0.9919519412948169,11.110585906103045,15.094448628486859,-2.2618937352930915,0.020833333333333332,0.4166666666666667,0.5833333333333334,45.0,0.7111111111111111
reference,published_monthly_6,augmented_price,101,terms,ki_barrier,8,1,19.565177811619606,19.98861691799373,0.771885858179778,2.660562075984973,4.716954220931877,-2.345428239864606,0.625,0.875,0.875,8.0,1.0
reference,published_monthly_6,augmented_price,101,terms,last_strike,48,6,17.54551117574901,23.825365630664596,0.9935966385391124,7.724797382329901,12.519822000680046,-0.8716193174736367,0.25,0.5833333333333334,0.7291666666666666,48.0,1.0
reference,published_monthly_6,augmented_price,101,terms,monthly_barrier,48,6,17.120351401157677,22.896218085799223,0.9939537975965048,4.767874876658122,6.933220435212643,0.2422928810119629,0.16666666666666666,0.625,0.8333333333333334,0.0,
reference,published_monthly_6,augmented_price,233,schedule,ALL,66,6,269.55605851407313,329.57153515163645,-0.2832565724612217,262.8602148399905,325.7927832146868,-72.17809953972359,0.015151515151515152,0.015151515151515152,0.030303030303030304,51.0,0.6666666666666666
reference,published_monthly_6,augmented_price,233,schedule,nobs_early,6,6,115.64130005002426,136.40491651982123,0.802837141332381,89.00877230655816,106.62374300591347,-54.47461541742087,0.0,0.0,0.0,4.0,0.5
reference,published_monthly_6,augmented_price,233,schedule,nobs_late,6,6,472.88694112385775,477.9606576492624,-2.9807217219042816,464.9287927844044,476.22316439233356,-464.9287927844044,0.0,0.0,0.0,6.0,0.5
reference,published_monthly_6,augmented_price,233,schedule,nobs_middle,6,6,459.92420373908834,461.0566599352607,-2.1115936583637556,451.9660553996348,455.2188234418086,-451.9660553996348,0.0,0.0,0.0,6.0,0.5
reference,published_monthly_6,augmented_price,233,schedule,tenor_months,48,6,239.5830248427292,303.14300037736245,-0.03483244424845511,235.69484284366226,300.4515375751778,22.176296083062596,0.020833333333333332,0.020833333333333332,0.041666666666666664,35.0,0.7428571428571429
reference,published_monthly_6,augmented_price,233,terms,ALL,206,6,29.00936710291684,37.13134980230487,0.9836568714078809,8.109757912388693,13.157160781833193,-1.3187651449876523,0.18,0.56,0.765,149.0,0.912751677852349
reference,published_monthly_6,augmented_price,233,terms,base,6,6,26.835346527501013,35.94895992179826,0.9850951422634578,,,,,,,,
reference,published_monthly_6,augmented_price,233,terms,coupon_regular,48,6,28.759593454810744,36.8240385053446,0.9848424755948929,4.7111788652837285,7.508132597676452,-0.37474616492787965,0.2708333333333333,0.7083333333333334,0.8541666666666666,48.0,1.0
reference,published_monthly_6,augmented_price,233,terms,first_strike,48,6,29.942700221125694,39.24951691745053,0.9820807778420787,11.716235941767485,17.266413400110203,-2.9035129010315153,0.125,0.4375,0.6666666666666666,45.0,0.7111111111111111
reference,published_monthly_6,augmented_price,233,terms,ki_barrier,8,1,13.381662117007409,13.651038226877835,0.8936057675132401,2.0300194400673095,3.338800427470876,-1.966119181675214,0.5,0.875,1.0,8.0,1.0
reference,published_monthly_6,augmented_price,233,terms,last_strike,48,6,31.47361340384096,38.52255996269712,0.9832598575539667,11.959790798318053,17.872743024402737,-1.460389031511214,0.16666666666666666,0.4375,0.6666666666666666,48.0,1.0
reference,published_monthly_6,augmented_price,233,terms,monthly_barrier,48,6,28.73793140146851,36.66004313466371,0.984499663777819,5.065115789572398,6.745470425106929,-0.428520143032074,0.10416666666666667,0.6041666666666666,0.8333333333333334,0.0,
reference,published_monthly_6,augmented_price,47,schedule,ALL,66,6,332.0312300332719,411.781053623854,-1.0033038624770465,327.2422264402807,410.95815103666007,-37.83860837467805,0.0,0.015151515151515152,0.015151515151515152,51.0,0.6862745098039216
reference,published_monthly_6,augmented_price,47,schedule,nobs_early,6,6,124.96638611507508,137.93694434399842,0.7983834122961264,108.45367447783548,122.69622162230309,-108.45367447783548,0.0,0.0,0.0,4.0,0.75
reference,published_monthly_6,augmented_price,47,schedule,nobs_late,6,6,529.2774054297355,544.5738822955275,-4.1676267323138685,525.9540149269418,546.9962064286664,-525.9540149269418,0.0,0.0,0.0,6.0,0.5
reference,published_monthly_6,augmented_price,47,schedule,nobs_middle,6,6,533.469282175622,537.4805836353216,-3.228631477733771,530.1458916728282,536.3272143035188,-530.1458916728282,0.0,0.0,0.0,6.0,0.5
reference,published_monthly_6,augmented_price,47,schedule,tenor_months,48,6,308.07880708069484,396.97722001409227,-0.7746230536081422,304.3888637206853,396.2080462786974,93.54111111951839,0.0,0.020833333333333332,0.020833333333333332,35.0,0.7428571428571429
reference,published_monthly_6,augmented_price,47,terms,ALL,206,6,33.07232317929745,37.32396222605707,0.9834868773628622,6.647963506349672,10.449959171700154,-0.8537624890046814,0.2,0.595,0.78,149.0,0.9664429530201343
reference,published_monthly_6,augmented_price,47,terms,base,6,6,33.375579121315546,36.990803243011946,0.9842187027758836,,,,,,,,
reference,published_monthly_6,augmented_price,47,terms,coupon_regular,48,6,33.288264321887745,37.30106712656572,0.9844472225662214,4.157462225192123,6.406385908634216,-0.444446346412102,0.20833333333333334,0.7083333333333334,0.875,48.0,1.0
reference,published_monthly_6,augmented_price,47,terms,first_strike,48,6,32.69115713117143,37.742697524010985,0.9834302332379089,7.957163676334957,12.186505745201181,-1.9424625098343096,0.1875,0.5625,0.75,45.0,0.8888888888888888
reference,published_monthly_6,augmented_price,47,terms,ki_barrier,8,1,27.250377191540565,27.410334210919963,0.571041397160649,2.21991094915817,3.5518216787070402,-1.9677583094065372,0.625,0.875,1.0,8.0,1.0
reference,published_monthly_6,augmented_price,47,terms,last_strike,48,6,33.64753868637812,37.343185347349596,0.9842691717324041,7.868057927530674,12.279890409687269,-0.7606056665794719,0.25,0.5625,0.7083333333333334,48.0,1.0
reference,published_monthly_6,augmented_price,47,terms,monthly_barrier,48,6,33.59474991629304,38.366284148497314,0.9830232460890801,7.347178955872853,10.60923546605413,-0.08186946312586467,0.08333333333333333,0.5,0.75,0.0,
reference,published_monthly_6,augmented_price,ensemble,schedule,ALL,66,6,317.7528781897643,391.8648824636254,-0.8142068314164841,313.1804457912034,390.344688542184,-45.39176314665649,0.0,0.045454545454545456,0.06060606060606061,51.0,0.6666666666666666
reference,published_monthly_6,augmented_price,ensemble,schedule,nobs_early,6,6,98.35496527173898,119.98819954606435,0.8474394901321771,80.10950081836883,99.161236119733,-50.11039644065855,0.0,0.16666666666666666,0.3333333333333333,4.0,0.5
reference,published_monthly_6,augmented_price,ensemble,schedule,nobs_late,6,6,495.83068949201515,505.7699776702032,-3.4574205506419498,489.3799757326232,504.51365908695215,-489.3799757326232,0.0,0.0,0.0,6.0,0.5
reference,published_monthly_6,augmented_price,ensemble,schedule,nobs_middle,6,6,485.92225967399463,488.3837181254728,-2.491376078193541,479.4715459146025,483.43315940331235,-479.4715459146025,0.0,0.0,0.0,6.0,0.5
reference,published_monthly_6,augmented_price,ensemble,schedule,tenor_months,48,6,301.8967182062073,384.1256065269626,-0.6615807987422371,299.5029851547054,383.72909259646866,64.95656543433283,0.0,0.041666666666666664,0.041666666666666664,35.0,0.7428571428571429
reference,published_monthly_6,augmented_price,ensemble,terms,ALL,206,6,24.127571864599002,28.92253912901121,0.99008422740128,6.966231123985192,10.940814263132628,-1.022692979816623,0.165,0.6,0.79,149.0,0.912751677852349
reference,published_monthly_6,augmented_price,ensemble,terms,base,6,6,23.93989894383867,27.919780945823742,0.9910095964021741,,,,,,,,
reference,published_monthly_6,augmented_price,ensemble,terms,coupon_regular,48,6,23.95686329828777,28.545950370872927,0.990891340722761,4.0212118021316385,6.0443052793555125,-0.42284380189265885,0.25,0.75,0.9166666666666666,48.0,1.0
reference,published_monthly_6,augmented_price,ensemble,terms,first_strike,48,6,24.986120960700912,30.78338072971742,0.9889774227908624,9.987481677051106,14.354636047896003,-2.369289715386552,0.08333333333333333,0.4375,0.6666666666666666,45.0,0.7111111111111111
reference,published_monthly_6,augmented_price,ensemble,terms,ki_barrier,8,1,11.144630962050769,11.503282764575784,0.9244507232379744,2.1519854444392306,3.536069949598472,-2.0931019103159154,0.5,0.75,1.0,8.0,1.0
reference,published_monthly_6,augmented_price,ensemble,terms,last_strike,48,6,25.726236367184168,29.44627865778577,0.9902188548287131,8.956055084140045,13.859979106436038,-1.0308713385217807,0.14583333333333334,0.5416666666666666,0.7083333333333334,48.0,1.0
reference,published_monthly_6,augmented_price,ensemble,terms,monthly_barrier,48,6,24.028349431076247,28.999507818979556,0.9903007884998551,5.702550212542309,7.872973692428664,-0.08936557504895148,0.125,0.6458333333333334,0.8333333333333334,0.0,
reference,published_monthly_6,prior_frozen_affine_coupon_delta,ensemble,schedule,ALL,66,6,216.6525523809509,274.10548423361195,0.11233405810403696,219.85139377920345,289.4378274289829,-115.39914636798395,0.0,0.0,0.030303030303030304,51.0,0.6470588235294118
reference,published_monthly_6,prior_frozen_affine_coupon_delta,ensemble,schedule,nobs_early,6,6,129.871186106259,146.83060998842254,0.7715462642635937,191.67099730422117,202.66850093745882,-191.67099730422117,0.0,0.0,0.0,4.0,0.75
reference,published_monthly_6,prior_frozen_affine_coupon_delta,ensemble,schedule,nobs_late,6,6,438.91795604313876,447.8486558778509,-2.4949427724616817,539.1251513061837,554.7480052048516,-539.1251513061837,0.0,0.0,0.0,6.0,0.5
reference,published_monthly_6,prior_frozen_affine_coupon_delta,ensemble,schedule,nobs_middle,6,6,414.91451785185745,419.11059820190616,-1.5711745721293666,515.1217131149023,521.7712424880293,-515.1217131149023,0.0,0.0,0.0,6.0,0.5
reference,published_monthly_6,prior_frozen_affine_coupon_delta,ensemble,schedule,tenor_months,48,6,174.9343020236506,231.4872138018756,0.39656713123859033,146.55593373074132,193.79490298263974,-2.9340935403144877,0.0,0.0,0.041666666666666664,35.0,0.6857142857142857
reference,published_monthly_6,prior_frozen_affine_coupon_delta,ensemble,terms,ALL,206,6,106.77215278935606,142.43518897567256,0.7595148210617636,13.722131328204005,19.589574759367203,-0.5555564775503709,0.05,0.345,0.58,149.0,1.0
reference,published_monthly_6,prior_frozen_affine_coupon_delta,ensemble,terms,base,6,6,102.25292858947039,140.02237869577328,0.773874220092948,,,,,,,,
reference,published_monthly_6,prior_frozen_affine_coupon_delta,ensemble,terms,coupon_regular,48,6,102.72638848129036,140.77589596875998,0.7784753575159222,10.660354290571416,14.547855148410157,-0.00013097251445633637,0.0,0.4166666666666667,0.6666666666666666,48.0,1.0
reference,published_monthly_6,prior_frozen_affine_coupon_delta,ensemble,terms,first_strike,48,6,101.2828841822275,139.00823645905498,0.7752334966296698,10.470622327825406,15.456724254002944,-2.3579358583986356,0.125,0.4583333333333333,0.6666666666666666,45.0,1.0
reference,published_monthly_6,prior_frozen_affine_coupon_delta,ensemble,terms,ki_barrier,8,1,180.84752346420055,182.26366437738844,-17.9664877659615,17.69282923235243,22.693332642452262,0.8779164437829667,0.0,0.25,0.5,8.0,1.0
reference,published_monthly_6,prior_frozen_affine_coupon_delta,ensemble,terms,last_strike,48,6,107.8169630004819,142.07612003050397,0.7722957973343346,17.403969599658385,24.926609868826553,1.198474830844243,0.08333333333333333,0.2708333333333333,0.5,48.0,1.0
reference,published_monthly_6,prior_frozen_affine_coupon_delta,ensemble,terms,monthly_barrier,48,6,103.48138340593611,140.54955891676622,0.7721683006673,15.691796110736078,21.00587565850484,-1.3015460636881901,0.0,0.25,0.5,0.0,
reference,regular_test,affine_coupon_delta,101,schedule,ALL,1267,128,138.4363052958416,233.62036819896608,0.7750547776422178,119.34468589332072,221.02330442431656,-27.86772965689186,0.016574585635359115,0.10891870560378848,0.20757695343330704,1164.0,0.5438144329896907
reference,regular_test,affine_coupon_delta,101,schedule,nobs_early,81,81,149.28069647884294,243.32470784272317,0.779175535383494,141.01800220834335,232.56670828510153,98.40344592109284,0.012345679012345678,0.04938271604938271,0.08641975308641975,79.0,0.7215189873417721
reference,regular_test,affine_coupon_delta,101,schedule,nobs_late,81,81,304.0509439913512,416.05460211792365,0.32936488772721983,294.93490531184204,399.5211552644114,-293.65685397564573,0.0,0.0,0.0,81.0,0.13580246913580246
reference,regular_test,affine_coupon_delta,101,schedule,nobs_middle,81,81,289.0969924615378,401.3240123005614,0.4057273854957688,278.863284850449,384.88128970575275,-272.2284706285848,0.0,0.0,0.04938271604938271,81.0,0.18518518518518517
reference,regular_test,affine_coupon_delta,101,schedule,tenor_months,1024,128,112.56062455308698,190.824730607325,0.8453876990426048,91.12266156720311,178.3871910793117,2.4976745098165702,0.01953125,0.130859375,0.24609375,923.0,0.5958829902491874
reference,regular_test,affine_coupon_delta,101,terms,ALL,3712,128,51.17236217053963,69.7794277912083,0.9782185203296232,7.348653041135549,13.82094107918148,-0.5385414032495776,0.23800223214285715,0.6216517857142857,0.7918526785714286,3305.0,0.9425113464447806
reference,regular_test,affine_coupon_delta,101,terms,base,128,128,51.41545766161862,69.42568372794241,0.9792136203486763,,,,,,,,
reference,regular_test,affine_coupon_delta,101,terms,coupon_regular,1024,128,51.57253250508647,69.63912894302428,0.9791932071635221,3.404466900159605,5.448115201990869,-3.8302484123623175e-05,0.34765625,0.775390625,0.919921875,1024.0,1.0
reference,regular_test,affine_coupon_delta,101,terms,first_strike,1024,128,52.19433567512472,71.0100867207056,0.9781287640002511,10.119762105717504,17.710281650052217,0.010704390642483033,0.1728515625,0.515625,0.69921875,967.0,0.8541882109617374
reference,regular_test,affine_coupon_delta,101,terms,ki_barrier,512,64,46.75056637774592,66.10725206047451,0.973182975915819,8.678939009895354,15.171274930546117,-1.1109598064940653,0.173828125,0.56640625,0.75390625,398.0,0.9597989949748744
reference,regular_test,affine_coupon_delta,101,terms,last_strike,1024,128,51.930729291419695,70.50617128480859,0.978590376283857,7.856587133149635,14.496365620812437,-1.3400810962848482,0.2255859375,0.6015625,0.775390625,916.0,0.9639737991266376
reference,regular_test,affine_coupon_delta,233,schedule,ALL,1267,128,143.24261205256826,229.95788238889494,0.7820524623124514,115.29986219494609,210.74769078580502,-13.730859958387706,0.01499605367008682,0.11681136543014996,0.2138910812943962,1164.0,0.6537800687285223
reference,regular_test,affine_coupon_delta,233,schedule,nobs_early,81,81,203.65703357086005,299.9472453461222,0.6644443771418322,190.13511927324492,279.1144336145602,170.324110143245,0.0,0.037037037037037035,0.07407407407407407,79.0,0.5189873417721519
reference,regular_test,affine_coupon_delta,233,schedule,nobs_late,81,81,288.45549782122,413.7961272571917,0.336625961817798,265.626686335547,390.27797338377337,-221.73696240629624,0.0,0.06172839506172839,0.07407407407407407,81.0,0.4691358024691358
reference,regular_test,affine_coupon_delta,233,schedule,nobs_middle,81,81,296.225432276375,413.82334372676513,0.3681334030468282,273.81623821462017,388.20232527945524,-202.60909023102363,0.0,0.04938271604938271,0.06172839506172839,81.0,0.43209876543209874
reference,regular_test,affine_coupon_delta,233,schedule,tenor_months,1024,128,114.87599063814369,176.6984607542829,0.8674315250698449,84.95029672978546,157.5524991818458,3.1042751706473077,0.0185546875,0.1328125,0.248046875,923.0,0.7009750812567714
reference,regular_test,affine_coupon_delta,233,terms,ALL,3712,128,58.352215807276195,78.7620014098739,0.9722498037808202,8.448214615281836,15.983063413476613,-1.0529364725805084,0.212890625,0.5948660714285714,0.7583705357142857,3305.0,0.9397881996974281
reference,regular_test,affine_coupon_delta,233,terms,base,128,128,58.99563082827176,78.93814032028361,0.9731272380091118,,,,,,,,
reference,regular_test,affine_coupon_delta,233,terms,coupon_regular,1024,128,59.17638129940947,79.2291692492703,0.9730679949644649,4.1764209265238605,6.784561880893605,-2.0258109240448713e-05,0.3056640625,0.728515625,0.87890625,1024.0,1.0
reference,regular_test,affine_coupon_delta,233,terms,first_strike,1024,128,59.57494312158238,80.71931509118662,0.9717389575612781,12.08485761370078,21.195823844024204,-1.8508476187165195,0.130859375,0.4873046875,0.6640625,967.0,0.8045501551189245
reference,regular_test,affine_coupon_delta,233,terms,ki_barrier,512,64,51.868611857533935,71.04698336745805,0.9690255461386912,9.06768327455211,15.690625439526782,-0.925021254472085,0.19140625,0.552734375,0.73046875,398.0,0.9974874371859297
reference,regular_test,affine_coupon_delta,233,terms,last_strike,1024,128,59.466698098083434,79.94940198895632,0.9724713312321184,8.773630975985725,16.604608233647344,-1.3718991499699769,0.212890625,0.58984375,0.74609375,916.0,0.990174672489083
reference,regular_test,affine_coupon_delta,47,schedule,ALL,1267,128,133.51593754365533,225.86050513554548,0.7897500236457009,117.54390747601387,216.96328556394977,-19.92152491290062,0.025256511444356748,0.10181531176006314,0.19021310181531176,1164.0,0.5429553264604811
reference,regular_test,affine_coupon_delta,47,schedule,nobs_early,81,81,119.14061227503508,192.74793284973924,0.8614347839716695,109.86838783134242,175.02493131064483,73.6987923813175,0.012345679012345678,0.06172839506172839,0.1111111111111111,79.0,0.7088607594936709
reference,regular_test,affine_coupon_delta,47,schedule,nobs_late,81,81,249.4008805058271,375.1590406914186,0.4547239022197681,246.63606063091223,374.07842100326866,-225.10727393142915,0.012345679012345678,0.037037037037037035,0.04938271604938271,81.0,0.41975308641975306
reference,regular_test,affine_coupon_delta,47,schedule,nobs_middle,81,81,252.04612236605084,374.7738990659258,0.4817562175003145,247.68533167667843,373.74370841709987,-213.44060816876626,0.0,0.012345679012345678,0.037037037037037035,81.0,0.43209876543209874
reference,regular_test,affine_coupon_delta,47,schedule,tenor_months,1024,128,116.11044535245247,194.77289179283667,0.8389236603178674,97.64527205161718,183.58172406945,4.211136916585966,0.029296875,0.1171875,0.2197265625,923.0,0.5492957746478874
reference,regular_test,affine_coupon_delta,47,terms,ALL,3712,128,49.24327045315581,68.41035620471543,0.9790648404517258,7.257414949437546,13.397208674985178,-0.5326176927522154,0.23493303571428573,0.6275111607142857,0.7893415178571429,3305.0,0.9470499243570348
reference,regular_test,affine_coupon_delta,47,terms,base,128,128,49.929996321682026,68.95205672413093,0.979496265288428,,,,,,,,
reference,regular_test,affine_coupon_delta,47,terms,coupon_regular,1024,128,50.11911581625184,69.19841783994711,0.979455725356337,3.585740228872358,5.833683088279283,1.0591951043666462e-05,0.3515625,0.771484375,0.9140625,1024.0,1.0
reference,regular_test,affine_coupon_delta,47,terms,first_strike,1024,128,50.07815778300633,69.81231680654231,0.9788603719121247,9.790348401266026,16.793162218891347,-0.06365182163820764,0.1611328125,0.53125,0.703125,967.0,0.8562564632885212
reference,regular_test,affine_coupon_delta,47,terms,ki_barrier,512,64,44.42470922798386,61.40908396381886,0.9768592404057826,8.672468095624936,14.928064367506357,-1.0848897593241418,0.18359375,0.56640625,0.732421875,398.0,0.9824120603015075
reference,regular_test,affine_coupon_delta,47,terms,last_strike,1024,128,49.855977639229444,69.44709755494166,0.9792287338543341,7.688629645080557,14.168009472722744,-1.2580758152835188,0.2177734375,0.6103515625,0.779296875,916.0,0.9683406113537117
reference,regular_test,affine_coupon_delta,ensemble,schedule,ALL,1267,128,132.63166086829608,224.88477501528223,0.791562683285143,114.00692613065281,212.77229930279725,-20.50670484272684,0.026045777426992895,0.11365430149960537,0.20363062352012629,1164.0,0.5558419243986255
reference,regular_test,affine_coupon_delta,ensemble,schedule,nobs_early,81,81,152.5650667890182,240.09446946608153,0.7849996942442643,141.9716631424643,222.59820092868173,114.14211614855157,0.037037037037037035,0.04938271604938271,0.08641975308641975,79.0,0.620253164556962
reference,regular_test,affine_coupon_delta,ensemble,schedule,nobs_late,81,81,266.7345020261654,395.78863341048697,0.39310681222267374,255.68021729976567,382.98321176339743,-246.83369677112384,0.012345679012345678,0.024691358024691357,0.06172839506172839,81.0,0.32098765432098764
reference,regular_test,affine_coupon_delta,ensemble,schedule,nobs_middle,81,81,268.1151504500525,390.0531858064074,0.43863790390287083,255.81464062019657,376.0848499305757,-229.42605634279172,0.012345679012345678,0.04938271604938271,0.06172839506172839,81.0,0.30864197530864196
reference,regular_test,affine_coupon_delta,ensemble,schedule,tenor_months,1024,128,109.73019732387405,183.2724504048954,0.8573837211597193,89.37108125144584,171.18825881650218,3.271028865683181,0.02734375,0.130859375,0.2353515625,923.0,0.5926327193932828
reference,regular_test,affine_coupon_delta,ensemble,terms,ALL,3712,128,48.357911511561696,66.62733850271503,0.9801419087460482,7.364595073431343,13.86998064169331,-0.7080318561942182,0.23883928571428573,0.6277901785714286,0.7868303571428571,3305.0,0.9470499243570348
reference,regular_test,affine_coupon_delta,ensemble,terms,base,128,128,48.76496006022208,66.84478019105943,0.9807303634605797,,,,,,,,
reference,regular_test,affine_coupon_delta,ensemble,terms,coupon_regular,1024,128,48.95154527613303,67.07552624501449,0.9806969178080587,3.4770172507075086,5.55880425300084,-1.5989547577542878e-05,0.35546875,0.775390625,0.91796875,1024.0,1.0
reference,regular_test,affine_coupon_delta,ensemble,terms,first_strike,1024,128,49.397301440775315,68.25840762113818,0.9797909664050952,10.126106697249254,17.719714580368752,-0.6345983499042025,0.16015625,0.521484375,0.69921875,967.0,0.843846949327818
reference,regular_test,affine_coupon_delta,ensemble,terms,ki_barrier,512,64,43.296900098061684,59.90335766479955,0.9779801323605131,8.677503799665555,15.015600599276125,-1.040290273430224,0.16796875,0.583984375,0.744140625,398.0,0.9824120603015075
reference,regular_test,affine_coupon_delta,ensemble,terms,last_strike,1024,128,49.204512455944155,67.68336179381026,0.9802703848239558,7.8342069092201605,14.686543170260018,-1.3233520205128722,0.236328125,0.6083984375,0.7646484375,916.0,0.9814410480349345
reference,regular_test,augmented_delta,101,schedule,ALL,1267,128,133.82337908073464,217.60223556400837,0.8048439267399083,108.89626830985108,205.99835690204856,-24.463762023836424,0.036306235201262825,0.15232833464877663,0.23993685872138912,1164.0,0.6357388316151202
reference,regular_test,augmented_delta,101,schedule,nobs_early,81,81,182.77356749685453,285.703642418106,0.6955567710851401,168.36603122336192,267.0011663979538,133.6945466468084,0.024691358024691357,0.08641975308641975,0.13580246913580246,79.0,0.5949367088607594
reference,regular_test,augmented_delta,101,schedule,nobs_late,81,81,284.53329842555837,393.8426221558711,0.39906007846521074,280.3453504526317,403.8439072570142,-256.0361093881831,0.0,0.0,0.024691358024691357,81.0,0.2962962962962963
reference,regular_test,augmented_delta,101,schedule,nobs_middle,81,81,279.5708823424473,383.3563809265512,0.4577484286157293,277.33716457478755,392.2196834863483,-235.36154083257784,0.0,0.012345679012345678,0.024691358024691357,81.0,0.2839506172839506
reference,regular_test,augmented_delta,101,schedule,tenor_months,1024,128,106.5010973494503,168.0355888715306,0.8801115702272464,77.30628877174615,147.63789285117565,-1.9742530221783055,0.04296875,0.1806640625,0.2822265625,923.0,0.6998916576381365
reference,regular_test,augmented_delta,101,terms,ALL,3712,128,58.09583962425452,81.52585490682802,0.9702680567737235,7.318405188129526,13.784073635776837,-0.7614547919446133,0.22991071428571427,0.6303013392857143,0.7854352678571429,3305.0,0.9409984871406959
reference,regular_test,augmented_delta,101,terms,base,128,128,58.433748346177154,81.80593004598784,0.9711392178225682,,,,,,,,
reference,regular_test,augmented_delta,101,terms,coupon_regular,1024,128,58.527555350321805,82.01343036826941,0.9711418532506407,3.5299862611088124,5.920179746760314,0.08179875837716584,0.34375,0.7763671875,0.9130859375,1024.0,0.9921875
reference,regular_test,augmented_delta,101,terms,first_strike,1024,128,58.46620861729812,82.3359700455333,0.970595591074335,10.289873997923525,18.021586304689624,-0.7703754800061993,0.13671875,0.513671875,0.697265625,967.0,0.8304033092037229
reference,regular_test,augmented_delta,101,terms,ki_barrier,512,64,55.905024599674434,77.65931177473165,0.9629916734686937,8.689730156227597,15.16993218206032,-1.2523089619498933,0.177734375,0.580078125,0.740234375,398.0,0.9824120603015075
reference,regular_test,augmented_delta,101,terms,last_strike,1024,128,58.34692382719338,82.07320111150597,0.9709893462132964,7.449692821307205,13.788142681751262,-1.3503605692021665,0.2353515625,0.6259765625,0.7685546875,916.0,0.982532751091703
reference,regular_test,augmented_delta,233,schedule,ALL,1267,128,136.16417294424045,218.90600473716432,0.8024983560815263,112.51527304774072,205.3244703573466,-15.837011016069878,0.014206787687450671,0.12628255722178375,0.2052091554853986,1164.0,0.6091065292096219
reference,regular_test,augmented_delta,233,schedule,nobs_early,81,81,192.00629781206317,295.2885716811097,0.6747868909811944,179.8843486979738,271.8895369753395,148.09822981472516,0.0,0.037037037037037035,0.06172839506172839,79.0,0.5949367088607594
reference,regular_test,augmented_delta,233,schedule,nobs_late,81,81,273.9719024998932,364.01107779520265,0.4866485080589509,264.787135916442,366.5683361135061,-202.30645161456476,0.0,0.012345679012345678,0.024691358024691357,81.0,0.35802469135802467
reference,regular_test,augmented_delta,233,schedule,nobs_middle,81,81,265.6393187070867,356.2803929910595,0.5316405668330665,260.3203141783793,357.74693241729045,-172.26117194428804,0.0,0.037037037037037035,0.04938271604938271,81.0,0.3950617283950617
reference,regular_test,augmented_delta,233,schedule,tenor_months,1024,128,110.60448054668962,178.5274808015069,0.8646728670421437,83.44972192311627,159.88200982002508,-1.6811250625841787,0.017578125,0.1494140625,0.2431640625,923.0,0.6511375947995667
reference,regular_test,augmented_delta,233,terms,ALL,3712,128,57.46558255277896,80.91769342618588,0.9707099872462083,7.72438704442807,14.685203311783622,-1.060063085967548,0.21847098214285715,0.6155133928571429,0.7804129464285714,3305.0,0.9349470499243571
reference,regular_test,augmented_delta,233,terms,base,128,128,57.65135257418153,80.96633526638334,0.9717285886851587,,,,,,,,
reference,regular_test,augmented_delta,233,terms,coupon_regular,1024,128,57.82825762373822,81.21218564045014,0.9717029683865082,3.710661489157549,6.231961554463564,0.11843000354322919,0.333984375,0.7646484375,0.912109375,1024.0,1.0
reference,regular_test,augmented_delta,233,terms,first_strike,1024,128,57.48196957596944,81.23567106427926,0.9713762331627038,10.922943526272926,19.3128784096962,-1.6843638132016472,0.1533203125,0.513671875,0.6875,967.0,0.8386763185108583
reference,regular_test,augmented_delta,233,terms,ki_barrier,512,64,55.532572573572324,78.65696533990412,0.9620347078512024,8.659628435692866,14.764015398467974,-1.1510718697827542,0.130859375,0.544921875,0.736328125,398.0,0.9321608040201005
reference,regular_test,augmented_delta,233,terms,last_strike,1024,128,58.02980419555725,81.41105049570231,0.9714555625438449,8.071935422221333,15.29642096872177,-1.5687510563366232,0.2119140625,0.603515625,0.763671875,916.0,0.9650655021834061
reference,regular_test,augmented_delta,47,schedule,ALL,1267,128,134.06258418651436,224.1282215689461,0.7929627666357365,113.22629208493312,213.4107932189878,-24.926020742126802,0.02999210734017364,0.122336227308603,0.2123125493291239,1164.0,0.5979381443298969
reference,regular_test,augmented_delta,47,schedule,nobs_early,81,81,148.77331222828144,238.30032287979867,0.7882009408537494,139.44748869797965,221.5729186672039,113.88136667702081,0.0,0.04938271604938271,0.09876543209876543,79.0,0.6582278481012658
reference,regular_test,augmented_delta,47,schedule,nobs_late,81,81,286.1164381589199,425.86808159605926,0.29735524278969094,280.945776039311,427.0493881539286,-265.36376534525203,0.012345679012345678,0.037037037037037035,0.04938271604938271,81.0,0.3333333333333333
reference,regular_test,augmented_delta,47,schedule,nobs_middle,81,81,281.74118070705083,411.4223749385939,0.3754442083914835,276.73205297104363,414.9522535003243,-251.2172299402137,0.0,0.012345679012345678,0.04938271604938271,81.0,0.3333333333333333
reference,regular_test,augmented_delta,47,schedule,tenor_months,1024,128,109.18963744695242,172.99310017898563,0.8729331420981632,84.95172005589374,156.27724505830253,1.0130875361419776,0.0361328125,0.1435546875,0.2470703125,923.0,0.6392199349945829
reference,regular_test,augmented_delta,47,terms,ALL,3712,128,53.96333275056207,76.51119430526168,0.9738131938187525,7.365832759437363,13.177263574937163,-0.5026387516905483,0.21819196428571427,0.6127232142857143,0.7818080357142857,3305.0,0.9249621785173979
reference,regular_test,augmented_delta,47,terms,base,128,128,53.85302954532476,77.15362734597707,0.9743285013746944,,,,,,,,
reference,regular_test,augmented_delta,47,terms,coupon_regular,1024,128,54.069776066121435,77.31300742067785,0.9743549460344743,3.684335432005658,6.022289024193318,0.11585897116068133,0.3291015625,0.755859375,0.904296875,1024.0,0.994140625
reference,regular_test,augmented_delta,47,terms,first_strike,1024,128,54.690405141937504,78.34623288078473,0.9733762345212078,10.358794229798454,17.202804107309564,-0.20031700662032864,0.154296875,0.5068359375,0.685546875,967.0,0.8231644260599793
reference,regular_test,augmented_delta,47,terms,ki_barrier,512,64,52.366707766120584,68.3624270478757,0.9713221018347239,8.558105862296847,14.392487545071948,-0.9756560987007104,0.142578125,0.55078125,0.740234375,398.0,0.9221105527638191
reference,regular_test,augmented_delta,47,terms,last_strike,1024,128,53.94191743650269,77.61691845374447,0.974054170263745,7.45823206507824,13.113530436875811,-1.1869495461069164,0.208984375,0.6064453125,0.7763671875,916.0,0.9563318777292577
reference,regular_test,augmented_delta,ensemble,schedule,ALL,1267,128,129.53622356930364,215.43354259809013,0.8087145171500891,108.73234771305636,205.16964443103308,-21.742264594010926,0.03235990528808208,0.14917127071823205,0.23441199684293607,1164.0,0.5979381443298969
reference,regular_test,augmented_delta,ensemble,schedule,nobs_early,81,81,172.8446274318027,268.7903060390858,0.7305352453648575,157.27397996243744,248.6806523514721,131.89138104618488,0.0,0.04938271604938271,0.12345679012345678,79.0,0.5949367088607594
reference,regular_test,augmented_delta,ensemble,schedule,nobs_late,81,81,275.0139509630695,389.9071334731445,0.4110099080994697,267.20787784687735,395.84095322888294,-241.23544211599986,0.0,0.037037037037037035,0.037037037037037035,81.0,0.2962962962962963
reference,regular_test,augmented_delta,ensemble,schedule,nobs_middle,81,81,269.2200186534883,378.54642249796876,0.4712702850563705,265.13397996790457,384.07876867044644,-219.61331423902635,0.0,0.037037037037037035,0.037037037037037035,81.0,0.32098765432098764
reference,regular_test,augmented_delta,ensemble,schedule,tenor_months,1024,128,103.55373916151419,168.37366213922186,0.8796286743595951,79.98535321531999,152.08157830953334,-0.8807635162067343,0.0400390625,0.1748046875,0.2744140625,923.0,0.6489707475622969
reference,regular_test,augmented_delta,ensemble,terms,ALL,3712,128,50.838196182951535,73.28730478265788,0.9759735242549077,6.969691833682575,13.202745515358167,-0.7747188765341397,0.25558035714285715,0.6450892857142857,0.8035714285714286,3305.0,0.9446293494704993
reference,regular_test,augmented_delta,ensemble,terms,base,128,128,51.0097372419996,73.73430871028303,0.9765535146954447,,,,,,,,
reference,regular_test,augmented_delta,ensemble,terms,coupon_regular,1024,128,51.15280675489177,73.91891699333802,0.9765571897028547,3.184934861860995,5.367583591850143,0.10536257769376944,0.3837890625,0.8076171875,0.9365234375,1024.0,1.0
reference,regular_test,augmented_delta,ensemble,terms,first_strike,1024,128,51.17042744309156,74.34582796616972,0.9760256718419718,9.62576142531817,17.045988619345135,-0.8850187666092808,0.197265625,0.54296875,0.716796875,967.0,0.8572905894519132
reference,regular_test,augmented_delta,ensemble,terms,ki_barrier,512,64,48.82269414535659,67.94767241924228,0.9716690236806167,8.44881900640028,14.570330224464755,-1.1263456434776695,0.1640625,0.56640625,0.748046875,398.0,0.9296482412060302
reference,regular_test,augmented_delta,ensemble,terms,last_strike,1024,128,51.17766273728772,74.09882066671096,0.9763529285879984,7.358815627509705,13.585645695007189,-1.3686870572151428,0.2314453125,0.6240234375,0.78515625,916.0,0.9814410480349345
reference,regular_test,augmented_price,101,schedule,ALL,1267,128,130.31288614010984,207.081790603575,0.8232582346162408,100.61164052852237,188.70108134119613,-23.181441715226388,0.03157063930544594,0.13891081294396213,0.23204419889502761,1164.0,0.6460481099656358
reference,regular_test,augmented_price,101,schedule,nobs_early,81,81,192.39768574535347,280.5210153442072,0.7065017140406187,174.1010120158743,254.7312363629035,135.62781226220102,0.024691358024691357,0.07407407407407407,0.07407407407407407,79.0,0.5822784810126582
reference,regular_test,augmented_price,101,schedule,nobs_late,81,81,254.9814801240404,360.7316010470903,0.49585669272748223,253.98953402516668,362.2402518816071,-242.64317382369458,0.0,0.037037037037037035,0.037037037037037035,81.0,0.25925925925925924
reference,regular_test,augmented_price,101,schedule,nobs_middle,81,81,267.5055449622752,381.2234509896233,0.46376563426015394,265.5774922914584,380.33477687193556,-241.1635746925843,0.0,0.024691358024691357,0.024691358024691357,81.0,0.2716049382716049
reference,regular_test,augmented_price,101,schedule,tenor_months,1024,128,104.688247228666,158.25708199493542,0.8936589277389436,69.6170287545951,130.77987274388042,-1.1410086099721943,0.037109375,0.1611328125,0.2763671875,923.0,0.7183098591549296
reference,regular_test,augmented_price,101,terms,ALL,3712,128,63.062263296627656,89.77244033425707,0.9639488906202915,9.02240574331968,17.709369218925556,-1.3089598755715477,0.19614955357142858,0.5856584821428571,0.7513950892857143,3305.0,0.9364599092284418
reference,regular_test,augmented_price,101,terms,base,128,128,63.84339587475405,91.36052146520133,0.9640038822635143,,,,,,,,
reference,regular_test,augmented_price,101,terms,coupon_regular,1024,128,64.0387986121189,91.59903948839931,0.9640018384245895,4.357586536731105,6.952747943962571,0.12730667183253294,0.2724609375,0.7197265625,0.8837890625,1024.0,1.0
reference,regular_test,augmented_price,101,terms,first_strike,1024,128,65.49226108078223,93.2678678129637,0.9622690849531068,14.350068829049027,25.999626983104573,-2.560528808335524,0.119140625,0.4609375,0.6259765625,967.0,0.8014477766287487
reference,regular_test,augmented_price,101,terms,ki_barrier,512,64,53.77633105707478,72.75983443598506,0.9675140346534533,8.793571075128662,15.201634754980926,-1.2326196385693036,0.193359375,0.560546875,0.73828125,398.0,0.9748743718592965
reference,regular_test,augmented_price,101,terms,last_strike,1024,128,64.2010547444925,91.84000200067561,0.9636739195813324,8.473979198274414,16.056462767933063,-1.5318276087127742,0.1982421875,0.5888671875,0.7509765625,916.0,0.9912663755458515
reference,regular_test,augmented_price,233,schedule,ALL,1267,128,127.35835884448453,189.5237332456931,0.8519588089464321,95.19788892573257,168.03811100192723,-15.725397437604682,0.02999210734017364,0.13654301499605367,0.23125493291239146,1164.0,0.6408934707903781
reference,regular_test,augmented_price,233,schedule,nobs_early,81,81,182.4485780275849,249.92562680729438,0.7670319605130294,169.4849964923555,223.77681140350765,129.28489200595132,0.0,0.037037037037037035,0.04938271604938271,79.0,0.5316455696202531
reference,regular_test,augmented_price,233,schedule,nobs_late,81,81,225.55838404361486,304.6906765394328,0.6403302130361637,209.57089013044643,301.1438018593099,-184.71450863901427,0.0,0.024691358024691357,0.1111111111111111,81.0,0.4567901234567901
reference,regular_test,augmented_price,233,schedule,nobs_middle,81,81,244.06657494218442,334.0819797473271,0.5881856010219553,234.39874847080944,330.1636286266258,-180.3103744983079,0.012345679012345678,0.07407407407407407,0.08641975308641975,81.0,0.4567901234567901
reference,regular_test,augmented_price,233,schedule,tenor_months,1024,128,106.00105874792754,152.74178542078488,0.9009417951879417,69.26357404914124,123.20796969575976,-0.8097063201211852,0.0361328125,0.158203125,0.2666015625,923.0,0.6825568797399784
reference,regular_test,augmented_price,233,terms,ALL,3712,128,65.16172421383001,90.35007568715488,0.9634834606538369,9.57781746494575,18.81791701860888,-1.2912476169707847,0.20005580357142858,0.5678013392857143,0.7357700892857143,3305.0,0.9346444780635401
reference,regular_test,augmented_price,233,terms,base,128,128,65.7031944669976,91.10810387898714,0.9642025129455146,,,,,,,,
reference,regular_test,augmented_price,233,terms,coupon_regular,1024,128,65.78640039654326,91.36182568885962,0.9641880456966426,4.426252907850237,7.362867006410672,0.13700232191088918,0.3017578125,0.72265625,0.8701171875,1024.0,1.0
reference,regular_test,augmented_price,233,terms,first_strike,1024,128,67.30835067870585,93.42682138179511,0.9621403680779506,14.509398571579066,25.813587083344856,-2.477442028994422,0.130859375,0.4375,0.61328125,967.0,0.7849017580144778
reference,regular_test,augmented_price,233,terms,ki_barrier,512,64,56.463650322109416,76.72768975182751,0.9638742712904874,9.968931980251607,17.24956252810248,-1.1453465642553051,0.158203125,0.521484375,0.693359375,398.0,1.0
reference,regular_test,augmented_price,233,terms,last_strike,1024,128,66.67177473045527,92.38322078363946,0.9632429229013381,9.602243657755025,19.23726100172258,-1.606253670186561,0.1884765625,0.56640625,0.7451171875,916.0,0.9912663755458515
reference,regular_test,augmented_price,47,schedule,ALL,1267,128,132.43437903788023,210.4563421372723,0.8174510240329929,104.52290011835187,192.5403690774829,-20.263593005499718,0.035516969218626675,0.12154696132596685,0.2107340173638516,1164.0,0.5902061855670103
reference,regular_test,augmented_price,47,schedule,nobs_early,81,81,154.22566941504488,241.2032369453076,0.7830093461540899,154.630414275006,222.08071442042768,117.89992654497388,0.0,0.037037037037037035,0.06172839506172839,79.0,0.5822784810126582
reference,regular_test,augmented_price,47,schedule,nobs_late,81,81,275.92059778488596,395.15727232242085,0.3950414970322962,246.72973503902315,377.34835877975826,-229.1961010528341,0.0,0.037037037037037035,0.1111111111111111,81.0,0.3950617283950617
reference,regular_test,augmented_price,47,schedule,nobs_middle,81,81,281.8061425549652,401.60348631196473,0.4048994181922887,254.30704961484298,384.7702532240117,-233.74740290047154,0.024691358024691357,0.037037037037037035,0.09876543209876543,81.0,0.38271604938271603
reference,regular_test,augmented_price,47,schedule,tenor_months,1024,128,107.54512993246843,158.40112253649087,0.8934652631501531,77.46237435225896,137.8171797851578,2.221247492291733,0.0419921875,0.1416015625,0.2392578125,923.0,0.6262188515709642
reference,regular_test,augmented_price,47,terms,ALL,3712,128,61.99157207240116,81.85224993005383,0.970029511973844,9.128557502311413,17.84223796929076,-1.1510449861273497,0.19363839285714285,0.5733816964285714,0.7474888392857143,3305.0,0.9125567322239032
reference,regular_test,augmented_price,47,terms,base,128,128,61.70770850583206,81.4338048945786,0.9714011889501452,,,,,,,,
reference,regular_test,augmented_price,47,terms,coupon_regular,1024,128,61.87493961149052,81.69486019453807,0.9713656090336791,4.244980794901494,7.055683401456483,0.25055149851444486,0.2978515625,0.7294921875,0.8828125,1024.0,1.0
reference,regular_test,augmented_price,47,terms,first_strike,1024,128,63.548698967368196,84.11148727319501,0.9693137467153511,14.51618456265684,26.457509665075715,-2.390250445405703,0.1142578125,0.4453125,0.6240234375,967.0,0.7456049638055843
reference,regular_test,augmented_price,47,terms,ki_barrier,512,64,58.307041043100384,76.49586620001088,0.9640922406584522,8.841664189797786,14.977517233072998,-1.0111592793982707,0.16015625,0.52734375,0.74609375,398.0,0.9321608040201005
reference,regular_test,augmented_price,47,terms,last_strike,1024,128,62.42882609881632,82.36022947186652,0.9707860778928465,8.767953805632715,15.882808251758906,-1.383378864855331,0.185546875,0.568359375,0.736328125,916.0,0.982532751091703
reference,regular_test,augmented_price,ensemble,schedule,ALL,1267,128,124.76152303010619,197.15181011020167,0.8398020688886446,97.38751422094951,180.48087845638665,-19.723477386110247,0.037095501183898975,0.14917127071823205,0.23677979479084452,1164.0,0.6391752577319587
reference,regular_test,augmented_price,ensemble,schedule,nobs_early,81,81,173.7709746157019,251.96445049704195,0.7632154800316013,160.41088123426206,228.97662940835485,127.60421027104209,0.0,0.037037037037037035,0.07407407407407407,79.0,0.6075949367088608
reference,regular_test,augmented_price,ensemble,schedule,nobs_late,81,81,246.79176848376198,349.4689227335506,0.5268457450740176,228.90455768898002,343.86717417156433,-218.8512611718476,0.012345679012345678,0.037037037037037035,0.08641975308641975,81.0,0.37037037037037035
reference,regular_test,augmented_price,ensemble,schedule,nobs_middle,81,81,257.88737729396246,368.0798017862881,0.5001043022291876,244.8944053979754,361.61977788698266,-218.40711736378782,0.0,0.037037037037037035,0.06172839506172839,81.0,0.345679012345679
reference,regular_test,augmented_price,ensemble,schedule,tenor_months,1024,128,100.70155266335644,150.6429253143662,0.9036454541611765,70.3310382108637,128.29060924286648,0.09017752073278362,0.044921875,0.17578125,0.275390625,923.0,0.6912242686890574
reference,regular_test,augmented_price,ensemble,terms,ALL,3712,128,57.469548556032336,79.73414297995753,0.9715605474115557,8.810809027879397,17.561633942020112,-1.2504174928899208,0.21372767857142858,0.5954241071428571,0.7600446428571429,3305.0,0.9310136157337368
reference,regular_test,augmented_price,ensemble,terms,base,128,128,58.09861127208177,80.38683122916883,0.9721318369271453,,,,,,,,
reference,regular_test,augmented_price,ensemble,terms,coupon_regular,1024,128,58.16525796221528,80.63027643041907,0.9721070286941699,3.823750747687896,6.389653396823663,0.1716201640859254,0.3232421875,0.759765625,0.89453125,1024.0,1.0
reference,regular_test,augmented_price,ensemble,terms,first_strike,1024,128,59.57769209107363,82.70631916134064,0.97033047272216,13.763310704992971,25.244434160543626,-2.476073760911929,0.13671875,0.470703125,0.6455078125,967.0,0.7880041365046536
reference,regular_test,augmented_price,ensemble,terms,ki_barrier,512,64,49.32241185777221,67.6152210934132,0.971945578525842,8.984152968114362,15.564585223150475,-1.129708494074304,0.1953125,0.55859375,0.72265625,398.0,0.9824120603015075
reference,regular_test,augmented_price,ensemble,terms,last_strike,1024,128,58.66063112443195,81.30693725390441,0.9715285244724761,8.758693660839837,16.739210563684757,-1.5071533812515674,0.1904296875,0.57421875,0.7587890625,916.0,0.982532751091703
reference,regular_test,prior_frozen_affine_coupon_delta,ensemble,schedule,ALL,1267,128,187.46480778232475,259.74620347472694,0.7219302269478057,122.18870799213616,197.84578348176225,-24.563237016816757,0.017363851617995266,0.09076558800315707,0.17363851617995266,1164.0,0.5987972508591065
reference,regular_test,prior_frozen_affine_coupon_delta,ensemble,schedule,nobs_early,81,81,283.6381108938723,371.0711179549721,0.48644250675082146,201.7795170526166,252.63610715495614,161.53169653766102,0.0,0.0,0.012345679012345678,79.0,0.4430379746835443
reference,regular_test,prior_frozen_affine_coupon_delta,ensemble,schedule,nobs_late,81,81,278.29493935876656,365.3596446938628,0.4828377932359669,268.6719139069951,351.7577764712153,-267.93110419061884,0.0,0.0,0.012345679012345678,81.0,0.13580246913580246
reference,regular_test,prior_frozen_affine_coupon_delta,ensemble,schedule,nobs_middle,81,81,274.73245678086084,354.1967869953388,0.5371026858388321,244.90627471747922,321.37254386773,-223.86525940496674,0.0,0.012345679012345678,0.024691358024691357,81.0,0.20987654320987653
reference,regular_test,prior_frozen_affine_coupon_delta,ensemble,schedule,tenor_months,1024,128,165.7695365141523,228.26299084694278,0.778769126406391,94.59874889276578,159.4551761897274,-4.267757098256781,0.021484375,0.111328125,0.2109375,923.0,0.6868905742145178
reference,regular_test,prior_frozen_affine_coupon_delta,ensemble,terms,ALL,3712,128,125.55898242865892,176.13632528872787,0.8612188651656316,11.284626364876162,21.727835981485907,-0.3361636773247629,0.18247767857142858,0.5309709821428571,0.6981026785714286,3305.0,0.9334341906202723
reference,regular_test,prior_frozen_affine_coupon_delta,ensemble,terms,base,128,128,124.06169044947782,173.35301192961816,0.870401102330578,,,,,,,,
reference,regular_test,prior_frozen_affine_coupon_delta,ensemble,terms,coupon_regular,1024,128,124.4624189182635,174.139969245667,0.869894573872528,7.752840629206443,16.536536909023773,-2.4526671000835165e-05,0.240234375,0.64453125,0.806640625,1024.0,1.0
reference,regular_test,prior_frozen_affine_coupon_delta,ensemble,terms,first_strike,1024,128,124.94118267630435,174.95894255998357,0.8672282953580809,13.633908897843869,23.189222797153718,-0.24978595140080867,0.126953125,0.4208984375,0.6162109375,967.0,0.7807652533609101
reference,regular_test,prior_frozen_affine_coupon_delta,ensemble,terms,ki_barrier,512,64,131.16701287304267,187.6317459233902,0.7839645550015969,16.90410164204753,30.022699646105117,0.3234348952005066,0.130859375,0.400390625,0.564453125,398.0,1.0
reference,regular_test,prior_frozen_affine_coupon_delta,ensemble,terms,last_strike,1024,128,124.65649196661468,173.6876897902725,0.8700749632376754,9.657391928992492,19.76025413891679,-1.088479840165113,0.2060546875,0.5927734375,0.73828125,916.0,0.9912663755458515
