row,family,split,origin,structure,monthly,axis,offset,scope,affected
0,published_KR6SH0006Y24,stress,published_monthly,LIZARD no-KI,True,base,0.0,terms,0
1,published_KR6SH0006Y24,stress,published_monthly,LIZARD no-KI,True,coupon_regular,-0.01,terms,106845
2,published_KR6SH0006Y24,stress,published_monthly,LIZARD no-KI,True,coupon_regular,-0.005,terms,106845
3,published_KR6SH0006Y24,stress,published_monthly,LIZARD no-KI,True,coupon_regular,-0.0025,terms,106845
4,published_KR6SH0006Y24,stress,published_monthly,LIZARD no-KI,True,coupon_regular,-0.001,terms,106845
5,published_KR6SH0006Y24,stress,published_monthly,LIZARD no-KI,True,coupon_regular,0.001,terms,106845
6,published_KR6SH0006Y24,stress,published_monthly,LIZARD no-KI,True,coupon_regular,0.0025,terms,106845
7,published_KR6SH0006Y24,stress,published_monthly,LIZARD no-KI,True,coupon_regular,0.005,terms,106845
8,published_KR6SH0006Y24,stress,published_monthly,LIZARD no-KI,True,coupon_regular,0.01,terms,106845
9,published_KR6SH0006Y24,stress,published_monthly,LIZARD no-KI,True,first_strike,-0.05,terms,24578
10,published_KR6SH0006Y24,stress,published_monthly,LIZARD no-KI,True,first_strike,-0.025,terms,12468
11,published_KR6SH0006Y24,stress,published_monthly,LIZARD no-KI,True,first_strike,-0.01,terms,5009
12,published_KR6SH0006Y24,stress,published_monthly,LIZARD no-KI,True,first_strike,-0.005,terms,2529
13,published_KR6SH0006Y24,stress,published_monthly,LIZARD no-KI,True,first_strike,0.005,terms,2379
14,published_KR6SH0006Y24,stress,published_monthly,LIZARD no-KI,True,first_strike,0.01,terms,4781
15,published_KR6SH0006Y24,stress,published_monthly,LIZARD no-KI,True,first_strike,0.025,terms,11637
16,published_KR6SH0006Y24,stress,published_monthly,LIZARD no-KI,True,first_strike,0.05,terms,22238
17,published_KR6SH0006Y24,stress,published_monthly,LIZARD no-KI,True,last_strike,-0.05,terms,1313
18,published_KR6SH0006Y24,stress,published_monthly,LIZARD no-KI,True,last_strike,-0.025,terms,695
19,published_KR6SH0006Y24,stress,published_monthly,LIZARD no-KI,True,last_strike,-0.01,terms,281
20,published_KR6SH0006Y24,stress,published_monthly,LIZARD no-KI,True,last_strike,-0.005,terms,151
21,published_KR6SH0006Y24,stress,published_monthly,LIZARD no-KI,True,last_strike,0.005,terms,136
22,published_KR6SH0006Y24,stress,published_monthly,LIZARD no-KI,True,last_strike,0.01,terms,303
23,published_KR6SH0006Y24,stress,published_monthly,LIZARD no-KI,True,last_strike,0.025,terms,822
24,published_KR6SH0006Y24,stress,published_monthly,LIZARD no-KI,True,last_strike,0.05,terms,1775
25,published_KR6SH0006Y24,stress,published_monthly,LIZARD no-KI,True,monthly_barrier,-0.05,terms,0
26,published_KR6SH0006Y24,stress,published_monthly,LIZARD no-KI,True,monthly_barrier,-0.025,terms,0
27,published_KR6SH0006Y24,stress,published_monthly,LIZARD no-KI,True,monthly_barrier,-0.01,terms,0
28,published_KR6SH0006Y24,stress,published_monthly,LIZARD no-KI,True,monthly_barrier,-0.005,terms,0
29,published_KR6SH0006Y24,stress,published_monthly,LIZARD no-KI,True,monthly_barrier,0.005,terms,0
30,published_KR6SH0006Y24,stress,published_monthly,LIZARD no-KI,True,monthly_barrier,0.01,terms,0
31,published_KR6SH0006Y24,stress,published_monthly,LIZARD no-KI,True,monthly_barrier,0.025,terms,0
32,published_KR6SH0006Y24,stress,published_monthly,LIZARD no-KI,True,monthly_barrier,0.05,terms,0
33,published_KR6SH0006Y24,stress,published_monthly,LIZARD no-KI,True,nobs_early,1.0,schedule,107181
34,published_KR6SH0006Y24,stress,published_monthly,LIZARD no-KI,True,nobs_middle,1.0,schedule,108801
35,published_KR6SH0006Y24,stress,published_monthly,LIZARD no-KI,True,nobs_late,1.0,schedule,113730
36,published_KR6SH0006Y24,stress,published_monthly,LIZARD no-KI,True,tenor_months,-12.0,schedule,120000
37,published_KR6SH0006Y24,stress,published_monthly,LIZARD no-KI,True,tenor_months,-6.0,schedule,120000
38,published_KR6SH0006Y24,stress,published_monthly,LIZARD no-KI,True,tenor_months,-3.0,schedule,120000
39,published_KR6SH0006Y24,stress,published_monthly,LIZARD no-KI,True,tenor_months,-1.0,schedule,120000
40,published_KR6SH0006Y24,stress,published_monthly,LIZARD no-KI,True,tenor_months,1.0,schedule,120000
41,published_KR6SH0006Y24,stress,published_monthly,LIZARD no-KI,True,tenor_months,3.0,schedule,120000
42,published_KR6SH0006Y24,stress,published_monthly,LIZARD no-KI,True,tenor_months,6.0,schedule,120000
43,published_KR6SH0006Y24,stress,published_monthly,LIZARD no-KI,True,tenor_months,12.0,schedule,120000
44,published_KR6KS0003LQ6,stress,published_monthly,STEP KI,True,base,0.0,terms,0
45,published_KR6KS0003LQ6,stress,published_monthly,STEP KI,True,coupon_regular,-0.01,terms,105959
46,published_KR6KS0003LQ6,stress,published_monthly,STEP KI,True,coupon_regular,-0.005,terms,105959
47,published_KR6KS0003LQ6,stress,published_monthly,STEP KI,True,coupon_regular,-0.0025,terms,105959
48,published_KR6KS0003LQ6,stress,published_monthly,STEP KI,True,coupon_regular,-0.001,terms,105959
49,published_KR6KS0003LQ6,stress,published_monthly,STEP KI,True,coupon_regular,0.001,terms,105959
50,published_KR6KS0003LQ6,stress,published_monthly,STEP KI,True,coupon_regular,0.0025,terms,105959
51,published_KR6KS0003LQ6,stress,published_monthly,STEP KI,True,coupon_regular,0.005,terms,105959
52,published_KR6KS0003LQ6,stress,published_monthly,STEP KI,True,coupon_regular,0.01,terms,105959
53,published_KR6KS0003LQ6,stress,published_monthly,STEP KI,True,ki_barrier,-0.05,terms,2465
54,published_KR6KS0003LQ6,stress,published_monthly,STEP KI,True,ki_barrier,-0.025,terms,1240
55,published_KR6KS0003LQ6,stress,published_monthly,STEP KI,True,ki_barrier,-0.01,terms,485
56,published_KR6KS0003LQ6,stress,published_monthly,STEP KI,True,ki_barrier,-0.005,terms,239
57,published_KR6KS0003LQ6,stress,published_monthly,STEP KI,True,ki_barrier,0.005,terms,246
58,published_KR6KS0003LQ6,stress,published_monthly,STEP KI,True,ki_barrier,0.01,terms,502
59,published_KR6KS0003LQ6,stress,published_monthly,STEP KI,True,ki_barrier,0.025,terms,1215
60,published_KR6KS0003LQ6,stress,published_monthly,STEP KI,True,ki_barrier,0.05,terms,2333
61,published_KR6KS0003LQ6,stress,published_monthly,STEP KI,True,first_strike,-0.05,terms,19324
62,published_KR6KS0003LQ6,stress,published_monthly,STEP KI,True,first_strike,-0.025,terms,10503
63,published_KR6KS0003LQ6,stress,published_monthly,STEP KI,True,first_strike,-0.01,terms,4486
64,published_KR6KS0003LQ6,stress,published_monthly,STEP KI,True,first_strike,-0.005,terms,2285
65,published_KR6KS0003LQ6,stress,published_monthly,STEP KI,True,first_strike,0.005,terms,2286
66,published_KR6KS0003LQ6,stress,published_monthly,STEP KI,True,first_strike,0.01,terms,4613
67,published_KR6KS0003LQ6,stress,published_monthly,STEP KI,True,first_strike,0.025,terms,11893
68,published_KR6KS0003LQ6,stress,published_monthly,STEP KI,True,first_strike,0.05,terms,24450
69,published_KR6KS0003LQ6,stress,published_monthly,STEP KI,True,last_strike,-0.05,terms,1830
70,published_KR6KS0003LQ6,stress,published_monthly,STEP KI,True,last_strike,-0.025,terms,870
71,published_KR6KS0003LQ6,stress,published_monthly,STEP KI,True,last_strike,-0.01,terms,329
72,published_KR6KS0003LQ6,stress,published_monthly,STEP KI,True,last_strike,-0.005,terms,181
73,published_KR6KS0003LQ6,stress,published_monthly,STEP KI,True,last_strike,0.005,terms,144
74,published_KR6KS0003LQ6,stress,published_monthly,STEP KI,True,last_strike,0.01,terms,299
75,published_KR6KS0003LQ6,stress,published_monthly,STEP KI,True,last_strike,0.025,terms,718
76,published_KR6KS0003LQ6,stress,published_monthly,STEP KI,True,last_strike,0.05,terms,1320
77,published_KR6KS0003LQ6,stress,published_monthly,STEP KI,True,monthly_barrier,-0.05,terms,0
78,published_KR6KS0003LQ6,stress,published_monthly,STEP KI,True,monthly_barrier,-0.025,terms,0
79,published_KR6KS0003LQ6,stress,published_monthly,STEP KI,True,monthly_barrier,-0.01,terms,0
80,published_KR6KS0003LQ6,stress,published_monthly,STEP KI,True,monthly_barrier,-0.005,terms,0
81,published_KR6KS0003LQ6,stress,published_monthly,STEP KI,True,monthly_barrier,0.005,terms,0
82,published_KR6KS0003LQ6,stress,published_monthly,STEP KI,True,monthly_barrier,0.01,terms,0
83,published_KR6KS0003LQ6,stress,published_monthly,STEP KI,True,monthly_barrier,0.025,terms,0
84,published_KR6KS0003LQ6,stress,published_monthly,STEP KI,True,monthly_barrier,0.05,terms,0
85,published_KR6KS0003LQ6,stress,published_monthly,STEP KI,True,nobs_early,1.0,schedule,107259
86,published_KR6KS0003LQ6,stress,published_monthly,STEP KI,True,nobs_middle,1.0,schedule,107833
87,published_KR6KS0003LQ6,stress,published_monthly,STEP KI,True,nobs_late,1.0,schedule,108497
88,published_KR6KS0003LQ6,stress,published_monthly,STEP KI,True,tenor_months,-12.0,schedule,120000
89,published_KR6KS0003LQ6,stress,published_monthly,STEP KI,True,tenor_months,-6.0,schedule,118816
90,published_KR6KS0003LQ6,stress,published_monthly,STEP KI,True,tenor_months,-3.0,schedule,120000
91,published_KR6KS0003LQ6,stress,published_monthly,STEP KI,True,tenor_months,-1.0,schedule,120000
92,published_KR6KS0003LQ6,stress,published_monthly,STEP KI,True,tenor_months,1.0,schedule,120000
93,published_KR6KS0003LQ6,stress,published_monthly,STEP KI,True,tenor_months,3.0,schedule,120000
94,published_KR6KS0003LQ6,stress,published_monthly,STEP KI,True,tenor_months,6.0,schedule,120000
95,published_KR6KS0003LQ6,stress,published_monthly,STEP KI,True,tenor_months,12.0,schedule,116842
96,published_KR6SH0004FV2,stress,published_monthly,STEP no-KI,True,base,0.0,terms,0
97,published_KR6SH0004FV2,stress,published_monthly,STEP no-KI,True,coupon_regular,-0.01,terms,108845
98,published_KR6SH0004FV2,stress,published_monthly,STEP no-KI,True,coupon_regular,-0.005,terms,108845
99,published_KR6SH0004FV2,stress,published_monthly,STEP no-KI,True,coupon_regular,-0.0025,terms,108845
100,published_KR6SH0004FV2,stress,published_monthly,STEP no-KI,True,coupon_regular,-0.001,terms,108845
101,published_KR6SH0004FV2,stress,published_monthly,STEP no-KI,True,coupon_regular,0.001,terms,108845
102,published_KR6SH0004FV2,stress,published_monthly,STEP no-KI,True,coupon_regular,0.0025,terms,108845
103,published_KR6SH0004FV2,stress,published_monthly,STEP no-KI,True,coupon_regular,0.005,terms,108845
104,published_KR6SH0004FV2,stress,published_monthly,STEP no-KI,True,coupon_regular,0.01,terms,108845
105,published_KR6SH0004FV2,stress,published_monthly,STEP no-KI,True,first_strike,-0.05,terms,20342
106,published_KR6SH0004FV2,stress,published_monthly,STEP no-KI,True,first_strike,-0.025,terms,10634
107,published_KR6SH0004FV2,stress,published_monthly,STEP no-KI,True,first_strike,-0.01,terms,4209
108,published_KR6SH0004FV2,stress,published_monthly,STEP no-KI,True,first_strike,-0.005,terms,2154
109,published_KR6SH0004FV2,stress,published_monthly,STEP no-KI,True,first_strike,0.005,terms,2170
110,published_KR6SH0004FV2,stress,published_monthly,STEP no-KI,True,first_strike,0.01,terms,4426
111,published_KR6SH0004FV2,stress,published_monthly,STEP no-KI,True,first_strike,0.025,terms,10913
112,published_KR6SH0004FV2,stress,published_monthly,STEP no-KI,True,first_strike,0.05,terms,21619
113,published_KR6SH0004FV2,stress,published_monthly,STEP no-KI,True,last_strike,-0.05,terms,2444
114,published_KR6SH0004FV2,stress,published_monthly,STEP no-KI,True,last_strike,-0.025,terms,1188
115,published_KR6SH0004FV2,stress,published_monthly,STEP no-KI,True,last_strike,-0.01,terms,444
116,published_KR6SH0004FV2,stress,published_monthly,STEP no-KI,True,last_strike,-0.005,terms,228
117,published_KR6SH0004FV2,stress,published_monthly,STEP no-KI,True,last_strike,0.005,terms,255
118,published_KR6SH0004FV2,stress,published_monthly,STEP no-KI,True,last_strike,0.01,terms,487
119,published_KR6SH0004FV2,stress,published_monthly,STEP no-KI,True,last_strike,0.025,terms,1170
120,published_KR6SH0004FV2,stress,published_monthly,STEP no-KI,True,last_strike,0.05,terms,2142
121,published_KR6SH0004FV2,stress,published_monthly,STEP no-KI,True,monthly_barrier,-0.05,terms,0
122,published_KR6SH0004FV2,stress,published_monthly,STEP no-KI,True,monthly_barrier,-0.025,terms,0
123,published_KR6SH0004FV2,stress,published_monthly,STEP no-KI,True,monthly_barrier,-0.01,terms,0
124,published_KR6SH0004FV2,stress,published_monthly,STEP no-KI,True,monthly_barrier,-0.005,terms,0
125,published_KR6SH0004FV2,stress,published_monthly,STEP no-KI,True,monthly_barrier,0.005,terms,0
126,published_KR6SH0004FV2,stress,published_monthly,STEP no-KI,True,monthly_barrier,0.01,terms,0
127,published_KR6SH0004FV2,stress,published_monthly,STEP no-KI,True,monthly_barrier,0.025,terms,0
128,published_KR6SH0004FV2,stress,published_monthly,STEP no-KI,True,monthly_barrier,0.05,terms,0
129,published_KR6SH0004FV2,stress,published_monthly,STEP no-KI,True,nobs_early,1.0,schedule,106833
130,published_KR6SH0004FV2,stress,published_monthly,STEP no-KI,True,nobs_middle,1.0,schedule,107689
131,published_KR6SH0004FV2,stress,published_monthly,STEP no-KI,True,nobs_late,1.0,schedule,109494
132,published_KR6SH0004FV2,stress,published_monthly,STEP no-KI,True,tenor_months,-12.0,schedule,115054
133,published_KR6SH0004FV2,stress,published_monthly,STEP no-KI,True,tenor_months,-6.0,schedule,120000
134,published_KR6SH0004FV2,stress,published_monthly,STEP no-KI,True,tenor_months,-3.0,schedule,120000
135,published_KR6SH0004FV2,stress,published_monthly,STEP no-KI,True,tenor_months,-1.0,schedule,120000
136,published_KR6SH0004FV2,stress,published_monthly,STEP no-KI,True,tenor_months,1.0,schedule,120000
137,published_KR6SH0004FV2,stress,published_monthly,STEP no-KI,True,tenor_months,3.0,schedule,120000
138,published_KR6SH0004FV2,stress,published_monthly,STEP no-KI,True,tenor_months,6.0,schedule,120000
139,published_KR6SH0004FV2,stress,published_monthly,STEP no-KI,True,tenor_months,12.0,schedule,117383
140,published_KR6523325910,stress,published_monthly,STEP no-KI,True,base,0.0,terms,0
141,published_KR6523325910,stress,published_monthly,STEP no-KI,True,coupon_regular,-0.01,terms,113208
142,published_KR6523325910,stress,published_monthly,STEP no-KI,True,coupon_regular,-0.005,terms,113208
143,published_KR6523325910,stress,published_monthly,STEP no-KI,True,coupon_regular,-0.0025,terms,113208
144,published_KR6523325910,stress,published_monthly,STEP no-KI,True,coupon_regular,-0.001,terms,113208
145,published_KR6523325910,stress,published_monthly,STEP no-KI,True,coupon_regular,0.001,terms,113208
146,published_KR6523325910,stress,published_monthly,STEP no-KI,True,coupon_regular,0.0025,terms,113208
147,published_KR6523325910,stress,published_monthly,STEP no-KI,True,coupon_regular,0.005,terms,113208
148,published_KR6523325910,stress,published_monthly,STEP no-KI,True,coupon_regular,0.01,terms,113208
149,published_KR6523325910,stress,published_monthly,STEP no-KI,True,first_strike,-0.05,terms,24968
150,published_KR6523325910,stress,published_monthly,STEP no-KI,True,first_strike,-0.025,terms,12582
151,published_KR6523325910,stress,published_monthly,STEP no-KI,True,first_strike,-0.01,terms,5103
152,published_KR6523325910,stress,published_monthly,STEP no-KI,True,first_strike,-0.005,terms,2642
153,published_KR6523325910,stress,published_monthly,STEP no-KI,True,first_strike,0.005,terms,2509
154,published_KR6523325910,stress,published_monthly,STEP no-KI,True,first_strike,0.01,terms,5104
155,published_KR6523325910,stress,published_monthly,STEP no-KI,True,first_strike,0.025,terms,12689
156,published_KR6523325910,stress,published_monthly,STEP no-KI,True,first_strike,0.05,terms,23632
157,published_KR6523325910,stress,published_monthly,STEP no-KI,True,last_strike,-0.05,terms,2678
158,published_KR6523325910,stress,published_monthly,STEP no-KI,True,last_strike,-0.025,terms,1392
159,published_KR6523325910,stress,published_monthly,STEP no-KI,True,last_strike,-0.01,terms,573
160,published_KR6523325910,stress,published_monthly,STEP no-KI,True,last_strike,-0.005,terms,288
161,published_KR6523325910,stress,published_monthly,STEP no-KI,True,last_strike,0.005,terms,277
162,published_KR6523325910,stress,published_monthly,STEP no-KI,True,last_strike,0.01,terms,573
163,published_KR6523325910,stress,published_monthly,STEP no-KI,True,last_strike,0.025,terms,1520
164,published_KR6523325910,stress,published_monthly,STEP no-KI,True,last_strike,0.05,terms,3186
165,published_KR6523325910,stress,published_monthly,STEP no-KI,True,monthly_barrier,-0.05,terms,0
166,published_KR6523325910,stress,published_monthly,STEP no-KI,True,monthly_barrier,-0.025,terms,0
167,published_KR6523325910,stress,published_monthly,STEP no-KI,True,monthly_barrier,-0.01,terms,0
168,published_KR6523325910,stress,published_monthly,STEP no-KI,True,monthly_barrier,-0.005,terms,0
169,published_KR6523325910,stress,published_monthly,STEP no-KI,True,monthly_barrier,0.005,terms,0
170,published_KR6523325910,stress,published_monthly,STEP no-KI,True,monthly_barrier,0.01,terms,0
171,published_KR6523325910,stress,published_monthly,STEP no-KI,True,monthly_barrier,0.025,terms,0
172,published_KR6523325910,stress,published_monthly,STEP no-KI,True,monthly_barrier,0.05,terms,0
173,published_KR6523325910,stress,published_monthly,STEP no-KI,True,nobs_early,1.0,schedule,102695
174,published_KR6523325910,stress,published_monthly,STEP no-KI,True,nobs_middle,1.0,schedule,104349
175,published_KR6523325910,stress,published_monthly,STEP no-KI,True,nobs_late,1.0,schedule,109226
176,published_KR6523325910,stress,published_monthly,STEP no-KI,True,tenor_months,-12.0,schedule,113206
177,published_KR6523325910,stress,published_monthly,STEP no-KI,True,tenor_months,-6.0,schedule,120000
178,published_KR6523325910,stress,published_monthly,STEP no-KI,True,tenor_months,-3.0,schedule,120000
179,published_KR6523325910,stress,published_monthly,STEP no-KI,True,tenor_months,-1.0,schedule,120000
180,published_KR6523325910,stress,published_monthly,STEP no-KI,True,tenor_months,1.0,schedule,120000
181,published_KR6523325910,stress,published_monthly,STEP no-KI,True,tenor_months,3.0,schedule,120000
182,published_KR6523325910,stress,published_monthly,STEP no-KI,True,tenor_months,6.0,schedule,120000
183,published_KR6523325910,stress,published_monthly,STEP no-KI,True,tenor_months,12.0,schedule,115904
184,published_KR6MD0003TN4,stress,published_monthly,STEP no-KI,True,base,0.0,terms,0
185,published_KR6MD0003TN4,stress,published_monthly,STEP no-KI,True,coupon_regular,-0.01,terms,114548
186,published_KR6MD0003TN4,stress,published_monthly,STEP no-KI,True,coupon_regular,-0.005,terms,114548
187,published_KR6MD0003TN4,stress,published_monthly,STEP no-KI,True,coupon_regular,-0.0025,terms,114548
188,published_KR6MD0003TN4,stress,published_monthly,STEP no-KI,True,coupon_regular,-0.001,terms,114548
189,published_KR6MD0003TN4,stress,published_monthly,STEP no-KI,True,coupon_regular,0.001,terms,114548
190,published_KR6MD0003TN4,stress,published_monthly,STEP no-KI,True,coupon_regular,0.0025,terms,114548
191,published_KR6MD0003TN4,stress,published_monthly,STEP no-KI,True,coupon_regular,0.005,terms,114548
192,published_KR6MD0003TN4,stress,published_monthly,STEP no-KI,True,coupon_regular,0.01,terms,114548
193,published_KR6MD0003TN4,stress,published_monthly,STEP no-KI,True,first_strike,-0.05,terms,24373
194,published_KR6MD0003TN4,stress,published_monthly,STEP no-KI,True,first_strike,-0.025,terms,12395
195,published_KR6MD0003TN4,stress,published_monthly,STEP no-KI,True,first_strike,-0.01,terms,4979
196,published_KR6MD0003TN4,stress,published_monthly,STEP no-KI,True,first_strike,-0.005,terms,2471
197,published_KR6MD0003TN4,stress,published_monthly,STEP no-KI,True,first_strike,0.005,terms,2484
198,published_KR6MD0003TN4,stress,published_monthly,STEP no-KI,True,first_strike,0.01,terms,4927
199,published_KR6MD0003TN4,stress,published_monthly,STEP no-KI,True,first_strike,0.025,terms,11814
200,published_KR6MD0003TN4,stress,published_monthly,STEP no-KI,True,first_strike,0.05,terms,22162
201,published_KR6MD0003TN4,stress,published_monthly,STEP no-KI,True,last_strike,-0.05,terms,2114
202,published_KR6MD0003TN4,stress,published_monthly,STEP no-KI,True,last_strike,-0.025,terms,1104
203,published_KR6MD0003TN4,stress,published_monthly,STEP no-KI,True,last_strike,-0.01,terms,417
204,published_KR6MD0003TN4,stress,published_monthly,STEP no-KI,True,last_strike,-0.005,terms,206
205,published_KR6MD0003TN4,stress,published_monthly,STEP no-KI,True,last_strike,0.005,terms,238
206,published_KR6MD0003TN4,stress,published_monthly,STEP no-KI,True,last_strike,0.01,terms,469
207,published_KR6MD0003TN4,stress,published_monthly,STEP no-KI,True,last_strike,0.025,terms,1136
208,published_KR6MD0003TN4,stress,published_monthly,STEP no-KI,True,last_strike,0.05,terms,2342
209,published_KR6MD0003TN4,stress,published_monthly,STEP no-KI,True,monthly_barrier,-0.05,terms,0
210,published_KR6MD0003TN4,stress,published_monthly,STEP no-KI,True,monthly_barrier,-0.025,terms,0
211,published_KR6MD0003TN4,stress,published_monthly,STEP no-KI,True,monthly_barrier,-0.01,terms,0
212,published_KR6MD0003TN4,stress,published_monthly,STEP no-KI,True,monthly_barrier,-0.005,terms,0
213,published_KR6MD0003TN4,stress,published_monthly,STEP no-KI,True,monthly_barrier,0.005,terms,0
214,published_KR6MD0003TN4,stress,published_monthly,STEP no-KI,True,monthly_barrier,0.01,terms,0
215,published_KR6MD0003TN4,stress,published_monthly,STEP no-KI,True,monthly_barrier,0.025,terms,0
216,published_KR6MD0003TN4,stress,published_monthly,STEP no-KI,True,monthly_barrier,0.05,terms,0
217,published_KR6MD0003TN4,stress,published_monthly,STEP no-KI,True,nobs_early,1.0,schedule,108590
218,published_KR6MD0003TN4,stress,published_monthly,STEP no-KI,True,nobs_middle,1.0,schedule,109958
219,published_KR6MD0003TN4,stress,published_monthly,STEP no-KI,True,nobs_late,1.0,schedule,112947
220,published_KR6MD0003TN4,stress,published_monthly,STEP no-KI,True,tenor_months,-12.0,schedule,113686
221,published_KR6MD0003TN4,stress,published_monthly,STEP no-KI,True,tenor_months,-6.0,schedule,118456
222,published_KR6MD0003TN4,stress,published_monthly,STEP no-KI,True,tenor_months,-3.0,schedule,120000
223,published_KR6MD0003TN4,stress,published_monthly,STEP no-KI,True,tenor_months,-1.0,schedule,120000
224,published_KR6MD0003TN4,stress,published_monthly,STEP no-KI,True,tenor_months,1.0,schedule,120000
225,published_KR6MD0003TN4,stress,published_monthly,STEP no-KI,True,tenor_months,3.0,schedule,120000
226,published_KR6MD0003TN4,stress,published_monthly,STEP no-KI,True,tenor_months,6.0,schedule,120000
227,published_KR6MD0003TN4,stress,published_monthly,STEP no-KI,True,tenor_months,12.0,schedule,116862
228,published_KR6KS0002XR1,stress,published_monthly,STEP no-KI,True,base,0.0,terms,0
229,published_KR6KS0002XR1,stress,published_monthly,STEP no-KI,True,coupon_regular,-0.01,terms,98888
230,published_KR6KS0002XR1,stress,published_monthly,STEP no-KI,True,coupon_regular,-0.005,terms,98888
231,published_KR6KS0002XR1,stress,published_monthly,STEP no-KI,True,coupon_regular,-0.0025,terms,98888
232,published_KR6KS0002XR1,stress,published_monthly,STEP no-KI,True,coupon_regular,-0.001,terms,98888
233,published_KR6KS0002XR1,stress,published_monthly,STEP no-KI,True,coupon_regular,0.001,terms,98888
234,published_KR6KS0002XR1,stress,published_monthly,STEP no-KI,True,coupon_regular,0.0025,terms,98888
235,published_KR6KS0002XR1,stress,published_monthly,STEP no-KI,True,coupon_regular,0.005,terms,98888
236,published_KR6KS0002XR1,stress,published_monthly,STEP no-KI,True,coupon_regular,0.01,terms,98888
237,published_KR6KS0002XR1,stress,published_monthly,STEP no-KI,True,first_strike,-0.05,terms,18672
238,published_KR6KS0002XR1,stress,published_monthly,STEP no-KI,True,first_strike,-0.025,terms,9100
239,published_KR6KS0002XR1,stress,published_monthly,STEP no-KI,True,first_strike,-0.01,terms,3525
240,published_KR6KS0002XR1,stress,published_monthly,STEP no-KI,True,first_strike,-0.005,terms,1742
241,published_KR6KS0002XR1,stress,published_monthly,STEP no-KI,True,first_strike,0.005,terms,1684
242,published_KR6KS0002XR1,stress,published_monthly,STEP no-KI,True,first_strike,0.01,terms,3300
243,published_KR6KS0002XR1,stress,published_monthly,STEP no-KI,True,first_strike,0.025,terms,8108
244,published_KR6KS0002XR1,stress,published_monthly,STEP no-KI,True,first_strike,0.05,terms,15296
245,published_KR6KS0002XR1,stress,published_monthly,STEP no-KI,True,last_strike,-0.05,terms,3384
246,published_KR6KS0002XR1,stress,published_monthly,STEP no-KI,True,last_strike,-0.025,terms,1617
247,published_KR6KS0002XR1,stress,published_monthly,STEP no-KI,True,last_strike,-0.01,terms,648
248,published_KR6KS0002XR1,stress,published_monthly,STEP no-KI,True,last_strike,-0.005,terms,329
249,published_KR6KS0002XR1,stress,published_monthly,STEP no-KI,True,last_strike,0.005,terms,315
250,published_KR6KS0002XR1,stress,published_monthly,STEP no-KI,True,last_strike,0.01,terms,643
251,published_KR6KS0002XR1,stress,published_monthly,STEP no-KI,True,last_strike,0.025,terms,1547
252,published_KR6KS0002XR1,stress,published_monthly,STEP no-KI,True,last_strike,0.05,terms,2846
253,published_KR6KS0002XR1,stress,published_monthly,STEP no-KI,True,monthly_barrier,-0.05,terms,0
254,published_KR6KS0002XR1,stress,published_monthly,STEP no-KI,True,monthly_barrier,-0.025,terms,0
255,published_KR6KS0002XR1,stress,published_monthly,STEP no-KI,True,monthly_barrier,-0.01,terms,0
256,published_KR6KS0002XR1,stress,published_monthly,STEP no-KI,True,monthly_barrier,-0.005,terms,0
257,published_KR6KS0002XR1,stress,published_monthly,STEP no-KI,True,monthly_barrier,0.005,terms,0
258,published_KR6KS0002XR1,stress,published_monthly,STEP no-KI,True,monthly_barrier,0.01,terms,0
259,published_KR6KS0002XR1,stress,published_monthly,STEP no-KI,True,monthly_barrier,0.025,terms,0
260,published_KR6KS0002XR1,stress,published_monthly,STEP no-KI,True,monthly_barrier,0.05,terms,0
261,published_KR6KS0002XR1,stress,published_monthly,STEP no-KI,True,nobs_early,1.0,schedule,95553
262,published_KR6KS0002XR1,stress,published_monthly,STEP no-KI,True,nobs_middle,1.0,schedule,97499
263,published_KR6KS0002XR1,stress,published_monthly,STEP no-KI,True,nobs_late,1.0,schedule,100031
264,published_KR6KS0002XR1,stress,published_monthly,STEP no-KI,True,tenor_months,-12.0,schedule,111758
265,published_KR6KS0002XR1,stress,published_monthly,STEP no-KI,True,tenor_months,-6.0,schedule,120000
266,published_KR6KS0002XR1,stress,published_monthly,STEP no-KI,True,tenor_months,-3.0,schedule,120000
267,published_KR6KS0002XR1,stress,published_monthly,STEP no-KI,True,tenor_months,-1.0,schedule,120000
268,published_KR6KS0002XR1,stress,published_monthly,STEP no-KI,True,tenor_months,1.0,schedule,120000
269,published_KR6KS0002XR1,stress,published_monthly,STEP no-KI,True,tenor_months,3.0,schedule,120000
270,published_KR6KS0002XR1,stress,published_monthly,STEP no-KI,True,tenor_months,6.0,schedule,120000
271,published_KR6KS0002XR1,stress,published_monthly,STEP no-KI,True,tenor_months,12.0,schedule,116243
272,canonical_STEP_KI,stress,previous_canonical,STEP KI,False,base,0.0,terms,0
273,canonical_STEP_KI,stress,previous_canonical,STEP KI,False,coupon_regular,-0.01,terms,107663
274,canonical_STEP_KI,stress,previous_canonical,STEP KI,False,coupon_regular,-0.005,terms,107663
275,canonical_STEP_KI,stress,previous_canonical,STEP KI,False,coupon_regular,-0.0025,terms,107663
276,canonical_STEP_KI,stress,previous_canonical,STEP KI,False,coupon_regular,-0.001,terms,107663
277,canonical_STEP_KI,stress,previous_canonical,STEP KI,False,coupon_regular,0.001,terms,107663
278,canonical_STEP_KI,stress,previous_canonical,STEP KI,False,coupon_regular,0.0025,terms,107663
279,canonical_STEP_KI,stress,previous_canonical,STEP KI,False,coupon_regular,0.005,terms,107663
280,canonical_STEP_KI,stress,previous_canonical,STEP KI,False,coupon_regular,0.01,terms,107663
281,canonical_STEP_KI,stress,previous_canonical,STEP KI,False,ki_barrier,-0.05,terms,2533
282,canonical_STEP_KI,stress,previous_canonical,STEP KI,False,ki_barrier,-0.025,terms,1312
283,canonical_STEP_KI,stress,previous_canonical,STEP KI,False,ki_barrier,-0.01,terms,518
284,canonical_STEP_KI,stress,previous_canonical,STEP KI,False,ki_barrier,-0.005,terms,243
285,canonical_STEP_KI,stress,previous_canonical,STEP KI,False,ki_barrier,0.005,terms,259
286,canonical_STEP_KI,stress,previous_canonical,STEP KI,False,ki_barrier,0.01,terms,552
287,canonical_STEP_KI,stress,previous_canonical,STEP KI,False,ki_barrier,0.025,terms,1359
288,canonical_STEP_KI,stress,previous_canonical,STEP KI,False,ki_barrier,0.05,terms,2605
289,canonical_STEP_KI,stress,previous_canonical,STEP KI,False,first_strike,-0.05,terms,20423
290,canonical_STEP_KI,stress,previous_canonical,STEP KI,False,first_strike,-0.025,terms,11075
291,canonical_STEP_KI,stress,previous_canonical,STEP KI,False,first_strike,-0.01,terms,4529
292,canonical_STEP_KI,stress,previous_canonical,STEP KI,False,first_strike,-0.005,terms,2295
293,canonical_STEP_KI,stress,previous_canonical,STEP KI,False,first_strike,0.005,terms,2399
294,canonical_STEP_KI,stress,previous_canonical,STEP KI,False,first_strike,0.01,terms,4793
295,canonical_STEP_KI,stress,previous_canonical,STEP KI,False,first_strike,0.025,terms,12268
296,canonical_STEP_KI,stress,previous_canonical,STEP KI,False,first_strike,0.05,terms,24431
297,canonical_STEP_KI,stress,previous_canonical,STEP KI,False,last_strike,-0.05,terms,2900
298,canonical_STEP_KI,stress,previous_canonical,STEP KI,False,last_strike,-0.025,terms,1499
299,canonical_STEP_KI,stress,previous_canonical,STEP KI,False,last_strike,-0.01,terms,620
300,canonical_STEP_KI,stress,previous_canonical,STEP KI,False,last_strike,-0.005,terms,296
301,canonical_STEP_KI,stress,previous_canonical,STEP KI,False,last_strike,0.005,terms,286
302,canonical_STEP_KI,stress,previous_canonical,STEP KI,False,last_strike,0.01,terms,573
303,canonical_STEP_KI,stress,previous_canonical,STEP KI,False,last_strike,0.025,terms,1412
304,canonical_STEP_KI,stress,previous_canonical,STEP KI,False,last_strike,0.05,terms,2828
305,canonical_STEP_no-KI,stress,previous_canonical,STEP no-KI,False,base,0.0,terms,0
306,canonical_STEP_no-KI,stress,previous_canonical,STEP no-KI,False,coupon_regular,-0.01,terms,110651
307,canonical_STEP_no-KI,stress,previous_canonical,STEP no-KI,False,coupon_regular,-0.005,terms,110651
308,canonical_STEP_no-KI,stress,previous_canonical,STEP no-KI,False,coupon_regular,-0.0025,terms,110651
309,canonical_STEP_no-KI,stress,previous_canonical,STEP no-KI,False,coupon_regular,-0.001,terms,110651
310,canonical_STEP_no-KI,stress,previous_canonical,STEP no-KI,False,coupon_regular,0.001,terms,110651
311,canonical_STEP_no-KI,stress,previous_canonical,STEP no-KI,False,coupon_regular,0.0025,terms,110651
312,canonical_STEP_no-KI,stress,previous_canonical,STEP no-KI,False,coupon_regular,0.005,terms,110651
313,canonical_STEP_no-KI,stress,previous_canonical,STEP no-KI,False,coupon_regular,0.01,terms,110651
314,canonical_STEP_no-KI,stress,previous_canonical,STEP no-KI,False,first_strike,-0.05,terms,20903
315,canonical_STEP_no-KI,stress,previous_canonical,STEP no-KI,False,first_strike,-0.025,terms,11648
316,canonical_STEP_no-KI,stress,previous_canonical,STEP no-KI,False,first_strike,-0.01,terms,5003
317,canonical_STEP_no-KI,stress,previous_canonical,STEP no-KI,False,first_strike,-0.005,terms,2518
318,canonical_STEP_no-KI,stress,previous_canonical,STEP no-KI,False,first_strike,0.005,terms,2442
319,canonical_STEP_no-KI,stress,previous_canonical,STEP no-KI,False,first_strike,0.01,terms,4993
320,canonical_STEP_no-KI,stress,previous_canonical,STEP no-KI,False,first_strike,0.025,terms,12998
321,canonical_STEP_no-KI,stress,previous_canonical,STEP no-KI,False,first_strike,0.05,terms,26493
322,canonical_STEP_no-KI,stress,previous_canonical,STEP no-KI,False,last_strike,-0.05,terms,2470
323,canonical_STEP_no-KI,stress,previous_canonical,STEP no-KI,False,last_strike,-0.025,terms,1233
324,canonical_STEP_no-KI,stress,previous_canonical,STEP no-KI,False,last_strike,-0.01,terms,478
325,canonical_STEP_no-KI,stress,previous_canonical,STEP no-KI,False,last_strike,-0.005,terms,232
326,canonical_STEP_no-KI,stress,previous_canonical,STEP no-KI,False,last_strike,0.005,terms,246
327,canonical_STEP_no-KI,stress,previous_canonical,STEP no-KI,False,last_strike,0.01,terms,484
328,canonical_STEP_no-KI,stress,previous_canonical,STEP no-KI,False,last_strike,0.025,terms,1257
329,canonical_STEP_no-KI,stress,previous_canonical,STEP no-KI,False,last_strike,0.05,terms,2541
330,canonical_LIZARD_KI,stress,previous_canonical,LIZARD KI,False,base,0.0,terms,0
331,canonical_LIZARD_KI,stress,previous_canonical,LIZARD KI,False,coupon_regular,-0.01,terms,98275
332,canonical_LIZARD_KI,stress,previous_canonical,LIZARD KI,False,coupon_regular,-0.005,terms,98275
333,canonical_LIZARD_KI,stress,previous_canonical,LIZARD KI,False,coupon_regular,-0.0025,terms,98275
334,canonical_LIZARD_KI,stress,previous_canonical,LIZARD KI,False,coupon_regular,-0.001,terms,98275
335,canonical_LIZARD_KI,stress,previous_canonical,LIZARD KI,False,coupon_regular,0.001,terms,98275
336,canonical_LIZARD_KI,stress,previous_canonical,LIZARD KI,False,coupon_regular,0.0025,terms,98275
337,canonical_LIZARD_KI,stress,previous_canonical,LIZARD KI,False,coupon_regular,0.005,terms,98275
338,canonical_LIZARD_KI,stress,previous_canonical,LIZARD KI,False,coupon_regular,0.01,terms,98275
339,canonical_LIZARD_KI,stress,previous_canonical,LIZARD KI,False,ki_barrier,-0.05,terms,530
340,canonical_LIZARD_KI,stress,previous_canonical,LIZARD KI,False,ki_barrier,-0.025,terms,318
341,canonical_LIZARD_KI,stress,previous_canonical,LIZARD KI,False,ki_barrier,-0.01,terms,141
342,canonical_LIZARD_KI,stress,previous_canonical,LIZARD KI,False,ki_barrier,-0.005,terms,72
343,canonical_LIZARD_KI,stress,previous_canonical,LIZARD KI,False,ki_barrier,0.005,terms,62
344,canonical_LIZARD_KI,stress,previous_canonical,LIZARD KI,False,ki_barrier,0.01,terms,139
345,canonical_LIZARD_KI,stress,previous_canonical,LIZARD KI,False,ki_barrier,0.025,terms,370
346,canonical_LIZARD_KI,stress,previous_canonical,LIZARD KI,False,ki_barrier,0.05,terms,767
347,canonical_LIZARD_KI,stress,previous_canonical,LIZARD KI,False,first_strike,-0.05,terms,21025
348,canonical_LIZARD_KI,stress,previous_canonical,LIZARD KI,False,first_strike,-0.025,terms,11888
349,canonical_LIZARD_KI,stress,previous_canonical,LIZARD KI,False,first_strike,-0.01,terms,5057
350,canonical_LIZARD_KI,stress,previous_canonical,LIZARD KI,False,first_strike,-0.005,terms,2616
351,canonical_LIZARD_KI,stress,previous_canonical,LIZARD KI,False,first_strike,0.005,terms,2720
352,canonical_LIZARD_KI,stress,previous_canonical,LIZARD KI,False,first_strike,0.01,terms,5558
353,canonical_LIZARD_KI,stress,previous_canonical,LIZARD KI,False,first_strike,0.025,terms,14354
354,canonical_LIZARD_KI,stress,previous_canonical,LIZARD KI,False,first_strike,0.05,terms,29749
355,canonical_LIZARD_KI,stress,previous_canonical,LIZARD KI,False,last_strike,-0.05,terms,811
356,canonical_LIZARD_KI,stress,previous_canonical,LIZARD KI,False,last_strike,-0.025,terms,412
357,canonical_LIZARD_KI,stress,previous_canonical,LIZARD KI,False,last_strike,-0.01,terms,177
358,canonical_LIZARD_KI,stress,previous_canonical,LIZARD KI,False,last_strike,-0.005,terms,86
359,canonical_LIZARD_KI,stress,previous_canonical,LIZARD KI,False,last_strike,0.005,terms,85
360,canonical_LIZARD_KI,stress,previous_canonical,LIZARD KI,False,last_strike,0.01,terms,185
361,canonical_LIZARD_KI,stress,previous_canonical,LIZARD KI,False,last_strike,0.025,terms,429
362,canonical_LIZARD_KI,stress,previous_canonical,LIZARD KI,False,last_strike,0.05,terms,823
363,canonical_LIZARD_no-KI,stress,previous_canonical,LIZARD no-KI,False,base,0.0,terms,0
364,canonical_LIZARD_no-KI,stress,previous_canonical,LIZARD no-KI,False,coupon_regular,-0.01,terms,98546
365,canonical_LIZARD_no-KI,stress,previous_canonical,LIZARD no-KI,False,coupon_regular,-0.005,terms,98546
366,canonical_LIZARD_no-KI,stress,previous_canonical,LIZARD no-KI,False,coupon_regular,-0.0025,terms,98546
367,canonical_LIZARD_no-KI,stress,previous_canonical,LIZARD no-KI,False,coupon_regular,-0.001,terms,98546
368,canonical_LIZARD_no-KI,stress,previous_canonical,LIZARD no-KI,False,coupon_regular,0.001,terms,98546
369,canonical_LIZARD_no-KI,stress,previous_canonical,LIZARD no-KI,False,coupon_regular,0.0025,terms,98546
370,canonical_LIZARD_no-KI,stress,previous_canonical,LIZARD no-KI,False,coupon_regular,0.005,terms,98546
371,canonical_LIZARD_no-KI,stress,previous_canonical,LIZARD no-KI,False,coupon_regular,0.01,terms,98546
372,canonical_LIZARD_no-KI,stress,previous_canonical,LIZARD no-KI,False,first_strike,-0.05,terms,20427
373,canonical_LIZARD_no-KI,stress,previous_canonical,LIZARD no-KI,False,first_strike,-0.025,terms,11486
374,canonical_LIZARD_no-KI,stress,previous_canonical,LIZARD no-KI,False,first_strike,-0.01,terms,4901
375,canonical_LIZARD_no-KI,stress,previous_canonical,LIZARD no-KI,False,first_strike,-0.005,terms,2503
376,canonical_LIZARD_no-KI,stress,previous_canonical,LIZARD no-KI,False,first_strike,0.005,terms,2610
377,canonical_LIZARD_no-KI,stress,previous_canonical,LIZARD no-KI,False,first_strike,0.01,terms,5272
378,canonical_LIZARD_no-KI,stress,previous_canonical,LIZARD no-KI,False,first_strike,0.025,terms,13544
379,canonical_LIZARD_no-KI,stress,previous_canonical,LIZARD no-KI,False,first_strike,0.05,terms,28205
380,canonical_LIZARD_no-KI,stress,previous_canonical,LIZARD no-KI,False,last_strike,-0.05,terms,1006
381,canonical_LIZARD_no-KI,stress,previous_canonical,LIZARD no-KI,False,last_strike,-0.025,terms,503
382,canonical_LIZARD_no-KI,stress,previous_canonical,LIZARD no-KI,False,last_strike,-0.01,terms,188
383,canonical_LIZARD_no-KI,stress,previous_canonical,LIZARD no-KI,False,last_strike,-0.005,terms,100
384,canonical_LIZARD_no-KI,stress,previous_canonical,LIZARD no-KI,False,last_strike,0.005,terms,104
385,canonical_LIZARD_no-KI,stress,previous_canonical,LIZARD no-KI,False,last_strike,0.01,terms,196
386,canonical_LIZARD_no-KI,stress,previous_canonical,LIZARD no-KI,False,last_strike,0.025,terms,482
387,canonical_LIZARD_no-KI,stress,previous_canonical,LIZARD no-KI,False,last_strike,0.05,terms,944
388,derived_KR6503361A33,stress,previous_real_terms_synthetic,LIZARD KI,False,base,0.0,terms,0
389,derived_KR6503361A33,stress,previous_real_terms_synthetic,LIZARD KI,False,coupon_regular,-0.01,terms,52101
390,derived_KR6503361A33,stress,previous_real_terms_synthetic,LIZARD KI,False,coupon_regular,-0.005,terms,52101
391,derived_KR6503361A33,stress,previous_real_terms_synthetic,LIZARD KI,False,coupon_regular,-0.0025,terms,52101
392,derived_KR6503361A33,stress,previous_real_terms_synthetic,LIZARD KI,False,coupon_regular,-0.001,terms,52101
393,derived_KR6503361A33,stress,previous_real_terms_synthetic,LIZARD KI,False,coupon_regular,0.001,terms,52101
394,derived_KR6503361A33,stress,previous_real_terms_synthetic,LIZARD KI,False,coupon_regular,0.0025,terms,52101
395,derived_KR6503361A33,stress,previous_real_terms_synthetic,LIZARD KI,False,coupon_regular,0.005,terms,52101
396,derived_KR6503361A33,stress,previous_real_terms_synthetic,LIZARD KI,False,coupon_regular,0.01,terms,52101
397,derived_KR6503361A33,stress,previous_real_terms_synthetic,LIZARD KI,False,ki_barrier,-0.05,terms,13
398,derived_KR6503361A33,stress,previous_real_terms_synthetic,LIZARD KI,False,ki_barrier,-0.025,terms,3
399,derived_KR6503361A33,stress,previous_real_terms_synthetic,LIZARD KI,False,ki_barrier,-0.01,terms,1
400,derived_KR6503361A33,stress,previous_real_terms_synthetic,LIZARD KI,False,ki_barrier,-0.005,terms,1
401,derived_KR6503361A33,stress,previous_real_terms_synthetic,LIZARD KI,False,ki_barrier,0.005,terms,0
402,derived_KR6503361A33,stress,previous_real_terms_synthetic,LIZARD KI,False,ki_barrier,0.01,terms,0
403,derived_KR6503361A33,stress,previous_real_terms_synthetic,LIZARD KI,False,ki_barrier,0.025,terms,0
404,derived_KR6503361A33,stress,previous_real_terms_synthetic,LIZARD KI,False,ki_barrier,0.05,terms,0
405,derived_KR6503361A33,stress,previous_real_terms_synthetic,LIZARD KI,False,first_strike,-0.05,terms,4720
406,derived_KR6503361A33,stress,previous_real_terms_synthetic,LIZARD KI,False,first_strike,-0.025,terms,2283
407,derived_KR6503361A33,stress,previous_real_terms_synthetic,LIZARD KI,False,first_strike,-0.01,terms,900
408,derived_KR6503361A33,stress,previous_real_terms_synthetic,LIZARD KI,False,first_strike,-0.005,terms,440
409,derived_KR6503361A33,stress,previous_real_terms_synthetic,LIZARD KI,False,first_strike,0.005,terms,431
410,derived_KR6503361A33,stress,previous_real_terms_synthetic,LIZARD KI,False,first_strike,0.01,terms,869
411,derived_KR6503361A33,stress,previous_real_terms_synthetic,LIZARD KI,False,first_strike,0.025,terms,2113
412,derived_KR6503361A33,stress,previous_real_terms_synthetic,LIZARD KI,False,first_strike,0.05,terms,4018
413,derived_KR6503361A33,stress,previous_real_terms_synthetic,LIZARD KI,False,last_strike,-0.05,terms,495
414,derived_KR6503361A33,stress,previous_real_terms_synthetic,LIZARD KI,False,last_strike,-0.025,terms,224
415,derived_KR6503361A33,stress,previous_real_terms_synthetic,LIZARD KI,False,last_strike,-0.01,terms,91
416,derived_KR6503361A33,stress,previous_real_terms_synthetic,LIZARD KI,False,last_strike,-0.005,terms,40
417,derived_KR6503361A33,stress,previous_real_terms_synthetic,LIZARD KI,False,last_strike,0.005,terms,41
418,derived_KR6503361A33,stress,previous_real_terms_synthetic,LIZARD KI,False,last_strike,0.01,terms,76
419,derived_KR6503361A33,stress,previous_real_terms_synthetic,LIZARD KI,False,last_strike,0.025,terms,189
420,derived_KR6503361A33,stress,previous_real_terms_synthetic,LIZARD KI,False,last_strike,0.05,terms,345
421,derived_KR6SH00000Z0,stress,previous_real_terms_synthetic,LIZARD KI,False,base,0.0,terms,0
422,derived_KR6SH00000Z0,stress,previous_real_terms_synthetic,LIZARD KI,False,coupon_regular,-0.01,terms,82194
423,derived_KR6SH00000Z0,stress,previous_real_terms_synthetic,LIZARD KI,False,coupon_regular,-0.005,terms,82194
424,derived_KR6SH00000Z0,stress,previous_real_terms_synthetic,LIZARD KI,False,coupon_regular,-0.0025,terms,82194
425,derived_KR6SH00000Z0,stress,previous_real_terms_synthetic,LIZARD KI,False,coupon_regular,-0.001,terms,82194
426,derived_KR6SH00000Z0,stress,previous_real_terms_synthetic,LIZARD KI,False,coupon_regular,0.001,terms,82194
427,derived_KR6SH00000Z0,stress,previous_real_terms_synthetic,LIZARD KI,False,coupon_regular,0.0025,terms,82194
428,derived_KR6SH00000Z0,stress,previous_real_terms_synthetic,LIZARD KI,False,coupon_regular,0.005,terms,82194
429,derived_KR6SH00000Z0,stress,previous_real_terms_synthetic,LIZARD KI,False,coupon_regular,0.01,terms,82194
430,derived_KR6SH00000Z0,stress,previous_real_terms_synthetic,LIZARD KI,False,ki_barrier,-0.05,terms,3166
431,derived_KR6SH00000Z0,stress,previous_real_terms_synthetic,LIZARD KI,False,ki_barrier,-0.025,terms,1610
432,derived_KR6SH00000Z0,stress,previous_real_terms_synthetic,LIZARD KI,False,ki_barrier,-0.01,terms,619
433,derived_KR6SH00000Z0,stress,previous_real_terms_synthetic,LIZARD KI,False,ki_barrier,-0.005,terms,300
434,derived_KR6SH00000Z0,stress,previous_real_terms_synthetic,LIZARD KI,False,ki_barrier,0.005,terms,322
435,derived_KR6SH00000Z0,stress,previous_real_terms_synthetic,LIZARD KI,False,ki_barrier,0.01,terms,629
436,derived_KR6SH00000Z0,stress,previous_real_terms_synthetic,LIZARD KI,False,ki_barrier,0.025,terms,1443
437,derived_KR6SH00000Z0,stress,previous_real_terms_synthetic,LIZARD KI,False,ki_barrier,0.05,terms,2540
438,derived_KR6SH00000Z0,stress,previous_real_terms_synthetic,LIZARD KI,False,first_strike,-0.05,terms,3726
439,derived_KR6SH00000Z0,stress,previous_real_terms_synthetic,LIZARD KI,False,first_strike,-0.025,terms,1419
440,derived_KR6SH00000Z0,stress,previous_real_terms_synthetic,LIZARD KI,False,first_strike,-0.01,terms,506
441,derived_KR6SH00000Z0,stress,previous_real_terms_synthetic,LIZARD KI,False,first_strike,-0.005,terms,235
442,derived_KR6SH00000Z0,stress,previous_real_terms_synthetic,LIZARD KI,False,first_strike,0.005,terms,228
443,derived_KR6SH00000Z0,stress,previous_real_terms_synthetic,LIZARD KI,False,first_strike,0.01,terms,458
444,derived_KR6SH00000Z0,stress,previous_real_terms_synthetic,LIZARD KI,False,first_strike,0.025,terms,939
445,derived_KR6SH00000Z0,stress,previous_real_terms_synthetic,LIZARD KI,False,first_strike,0.05,terms,1471
446,derived_KR6SH00000Z0,stress,previous_real_terms_synthetic,LIZARD KI,False,last_strike,-0.05,terms,1457
447,derived_KR6SH00000Z0,stress,previous_real_terms_synthetic,LIZARD KI,False,last_strike,-0.025,terms,651
448,derived_KR6SH00000Z0,stress,previous_real_terms_synthetic,LIZARD KI,False,last_strike,-0.01,terms,240
449,derived_KR6SH00000Z0,stress,previous_real_terms_synthetic,LIZARD KI,False,last_strike,-0.005,terms,121
450,derived_KR6SH00000Z0,stress,previous_real_terms_synthetic,LIZARD KI,False,last_strike,0.005,terms,136
451,derived_KR6SH00000Z0,stress,previous_real_terms_synthetic,LIZARD KI,False,last_strike,0.01,terms,259
452,derived_KR6SH00000Z0,stress,previous_real_terms_synthetic,LIZARD KI,False,last_strike,0.025,terms,566
453,derived_KR6SH00000Z0,stress,previous_real_terms_synthetic,LIZARD KI,False,last_strike,0.05,terms,1014
454,derived_KR65433058A8,stress,previous_real_terms_synthetic,LIZARD KI,False,base,0.0,terms,0
455,derived_KR65433058A8,stress,previous_real_terms_synthetic,LIZARD KI,False,coupon_regular,-0.01,terms,98001
456,derived_KR65433058A8,stress,previous_real_terms_synthetic,LIZARD KI,False,coupon_regular,-0.005,terms,98001
457,derived_KR65433058A8,stress,previous_real_terms_synthetic,LIZARD KI,False,coupon_regular,-0.0025,terms,98001
458,derived_KR65433058A8,stress,previous_real_terms_synthetic,LIZARD KI,False,coupon_regular,-0.001,terms,98001
459,derived_KR65433058A8,stress,previous_real_terms_synthetic,LIZARD KI,False,coupon_regular,0.001,terms,98001
460,derived_KR65433058A8,stress,previous_real_terms_synthetic,LIZARD KI,False,coupon_regular,0.0025,terms,98001
461,derived_KR65433058A8,stress,previous_real_terms_synthetic,LIZARD KI,False,coupon_regular,0.005,terms,98001
462,derived_KR65433058A8,stress,previous_real_terms_synthetic,LIZARD KI,False,coupon_regular,0.01,terms,98001
463,derived_KR65433058A8,stress,previous_real_terms_synthetic,LIZARD KI,False,ki_barrier,-0.05,terms,2946
464,derived_KR65433058A8,stress,previous_real_terms_synthetic,LIZARD KI,False,ki_barrier,-0.025,terms,1599
465,derived_KR65433058A8,stress,previous_real_terms_synthetic,LIZARD KI,False,ki_barrier,-0.01,terms,653
466,derived_KR65433058A8,stress,previous_real_terms_synthetic,LIZARD KI,False,ki_barrier,-0.005,terms,337
467,derived_KR65433058A8,stress,previous_real_terms_synthetic,LIZARD KI,False,ki_barrier,0.005,terms,336
468,derived_KR65433058A8,stress,previous_real_terms_synthetic,LIZARD KI,False,ki_barrier,0.01,terms,699
469,derived_KR65433058A8,stress,previous_real_terms_synthetic,LIZARD KI,False,ki_barrier,0.025,terms,1842
470,derived_KR65433058A8,stress,previous_real_terms_synthetic,LIZARD KI,False,ki_barrier,0.05,terms,3817
471,derived_KR65433058A8,stress,previous_real_terms_synthetic,LIZARD KI,False,first_strike,-0.05,terms,25550
472,derived_KR65433058A8,stress,previous_real_terms_synthetic,LIZARD KI,False,first_strike,-0.025,terms,13005
473,derived_KR65433058A8,stress,previous_real_terms_synthetic,LIZARD KI,False,first_strike,-0.01,terms,5259
474,derived_KR65433058A8,stress,previous_real_terms_synthetic,LIZARD KI,False,first_strike,-0.005,terms,2600
475,derived_KR65433058A8,stress,previous_real_terms_synthetic,LIZARD KI,False,first_strike,0.005,terms,2571
476,derived_KR65433058A8,stress,previous_real_terms_synthetic,LIZARD KI,False,first_strike,0.01,terms,5138
477,derived_KR65433058A8,stress,previous_real_terms_synthetic,LIZARD KI,False,first_strike,0.025,terms,12676
478,derived_KR65433058A8,stress,previous_real_terms_synthetic,LIZARD KI,False,first_strike,0.05,terms,24122
479,derived_KR65433058A8,stress,previous_real_terms_synthetic,LIZARD KI,False,last_strike,-0.05,terms,2320
480,derived_KR65433058A8,stress,previous_real_terms_synthetic,LIZARD KI,False,last_strike,-0.025,terms,1040
481,derived_KR65433058A8,stress,previous_real_terms_synthetic,LIZARD KI,False,last_strike,-0.01,terms,390
482,derived_KR65433058A8,stress,previous_real_terms_synthetic,LIZARD KI,False,last_strike,-0.005,terms,192
483,derived_KR65433058A8,stress,previous_real_terms_synthetic,LIZARD KI,False,last_strike,0.005,terms,187
484,derived_KR65433058A8,stress,previous_real_terms_synthetic,LIZARD KI,False,last_strike,0.01,terms,335
485,derived_KR65433058A8,stress,previous_real_terms_synthetic,LIZARD KI,False,last_strike,0.025,terms,816
486,derived_KR65433058A8,stress,previous_real_terms_synthetic,LIZARD KI,False,last_strike,0.05,terms,1416
487,derived_KR6KS0005ZC1,stress,previous_real_terms_synthetic,LIZARD KI,False,base,0.0,terms,0
488,derived_KR6KS0005ZC1,stress,previous_real_terms_synthetic,LIZARD KI,False,coupon_regular,-0.01,terms,96701
489,derived_KR6KS0005ZC1,stress,previous_real_terms_synthetic,LIZARD KI,False,coupon_regular,-0.005,terms,96701
490,derived_KR6KS0005ZC1,stress,previous_real_terms_synthetic,LIZARD KI,False,coupon_regular,-0.0025,terms,96701
491,derived_KR6KS0005ZC1,stress,previous_real_terms_synthetic,LIZARD KI,False,coupon_regular,-0.001,terms,96701
492,derived_KR6KS0005ZC1,stress,previous_real_terms_synthetic,LIZARD KI,False,coupon_regular,0.001,terms,96701
493,derived_KR6KS0005ZC1,stress,previous_real_terms_synthetic,LIZARD KI,False,coupon_regular,0.0025,terms,96701
494,derived_KR6KS0005ZC1,stress,previous_real_terms_synthetic,LIZARD KI,False,coupon_regular,0.005,terms,96701
495,derived_KR6KS0005ZC1,stress,previous_real_terms_synthetic,LIZARD KI,False,coupon_regular,0.01,terms,96701
496,derived_KR6KS0005ZC1,stress,previous_real_terms_synthetic,LIZARD KI,False,ki_barrier,-0.05,terms,1499
497,derived_KR6KS0005ZC1,stress,previous_real_terms_synthetic,LIZARD KI,False,ki_barrier,-0.025,terms,632
498,derived_KR6KS0005ZC1,stress,previous_real_terms_synthetic,LIZARD KI,False,ki_barrier,-0.01,terms,235
499,derived_KR6KS0005ZC1,stress,previous_real_terms_synthetic,LIZARD KI,False,ki_barrier,-0.005,terms,111
500,derived_KR6KS0005ZC1,stress,previous_real_terms_synthetic,LIZARD KI,False,ki_barrier,0.005,terms,87
501,derived_KR6KS0005ZC1,stress,previous_real_terms_synthetic,LIZARD KI,False,ki_barrier,0.01,terms,200
502,derived_KR6KS0005ZC1,stress,previous_real_terms_synthetic,LIZARD KI,False,ki_barrier,0.025,terms,470
503,derived_KR6KS0005ZC1,stress,previous_real_terms_synthetic,LIZARD KI,False,ki_barrier,0.05,terms,787
504,derived_KR6KS0005ZC1,stress,previous_real_terms_synthetic,LIZARD KI,False,first_strike,-0.05,terms,17216
505,derived_KR6KS0005ZC1,stress,previous_real_terms_synthetic,LIZARD KI,False,first_strike,-0.025,terms,9228
506,derived_KR6KS0005ZC1,stress,previous_real_terms_synthetic,LIZARD KI,False,first_strike,-0.01,terms,3836
507,derived_KR6KS0005ZC1,stress,previous_real_terms_synthetic,LIZARD KI,False,first_strike,-0.005,terms,1944
508,derived_KR6KS0005ZC1,stress,previous_real_terms_synthetic,LIZARD KI,False,first_strike,0.005,terms,2080
509,derived_KR6KS0005ZC1,stress,previous_real_terms_synthetic,LIZARD KI,False,first_strike,0.01,terms,4196
510,derived_KR6KS0005ZC1,stress,previous_real_terms_synthetic,LIZARD KI,False,first_strike,0.025,terms,10721
511,derived_KR6KS0005ZC1,stress,previous_real_terms_synthetic,LIZARD KI,False,first_strike,0.05,terms,21864
512,derived_KR6KS0005ZC1,stress,previous_real_terms_synthetic,LIZARD KI,False,last_strike,-0.05,terms,1126
513,derived_KR6KS0005ZC1,stress,previous_real_terms_synthetic,LIZARD KI,False,last_strike,-0.025,terms,516
514,derived_KR6KS0005ZC1,stress,previous_real_terms_synthetic,LIZARD KI,False,last_strike,-0.01,terms,203
515,derived_KR6KS0005ZC1,stress,previous_real_terms_synthetic,LIZARD KI,False,last_strike,-0.005,terms,98
516,derived_KR6KS0005ZC1,stress,previous_real_terms_synthetic,LIZARD KI,False,last_strike,0.005,terms,118
517,derived_KR6KS0005ZC1,stress,previous_real_terms_synthetic,LIZARD KI,False,last_strike,0.01,terms,212
518,derived_KR6KS0005ZC1,stress,previous_real_terms_synthetic,LIZARD KI,False,last_strike,0.025,terms,497
519,derived_KR6KS0005ZC1,stress,previous_real_terms_synthetic,LIZARD KI,False,last_strike,0.05,terms,907
520,derived_KR6MZ0000AP8,stress,previous_real_terms_synthetic,LIZARD KI,False,base,0.0,terms,0
521,derived_KR6MZ0000AP8,stress,previous_real_terms_synthetic,LIZARD KI,False,coupon_regular,-0.01,terms,89294
522,derived_KR6MZ0000AP8,stress,previous_real_terms_synthetic,LIZARD KI,False,coupon_regular,-0.005,terms,89294
523,derived_KR6MZ0000AP8,stress,previous_real_terms_synthetic,LIZARD KI,False,coupon_regular,-0.0025,terms,89294
524,derived_KR6MZ0000AP8,stress,previous_real_terms_synthetic,LIZARD KI,False,coupon_regular,-0.001,terms,89294
525,derived_KR6MZ0000AP8,stress,previous_real_terms_synthetic,LIZARD KI,False,coupon_regular,0.001,terms,89294
526,derived_KR6MZ0000AP8,stress,previous_real_terms_synthetic,LIZARD KI,False,coupon_regular,0.0025,terms,89294
527,derived_KR6MZ0000AP8,stress,previous_real_terms_synthetic,LIZARD KI,False,coupon_regular,0.005,terms,89294
528,derived_KR6MZ0000AP8,stress,previous_real_terms_synthetic,LIZARD KI,False,coupon_regular,0.01,terms,89294
529,derived_KR6MZ0000AP8,stress,previous_real_terms_synthetic,LIZARD KI,False,ki_barrier,-0.05,terms,5199
530,derived_KR6MZ0000AP8,stress,previous_real_terms_synthetic,LIZARD KI,False,ki_barrier,-0.025,terms,2662
531,derived_KR6MZ0000AP8,stress,previous_real_terms_synthetic,LIZARD KI,False,ki_barrier,-0.01,terms,1079
532,derived_KR6MZ0000AP8,stress,previous_real_terms_synthetic,LIZARD KI,False,ki_barrier,-0.005,terms,534
533,derived_KR6MZ0000AP8,stress,previous_real_terms_synthetic,LIZARD KI,False,ki_barrier,0.005,terms,521
534,derived_KR6MZ0000AP8,stress,previous_real_terms_synthetic,LIZARD KI,False,ki_barrier,0.01,terms,1058
535,derived_KR6MZ0000AP8,stress,previous_real_terms_synthetic,LIZARD KI,False,ki_barrier,0.025,terms,2626
536,derived_KR6MZ0000AP8,stress,previous_real_terms_synthetic,LIZARD KI,False,ki_barrier,0.05,terms,4953
537,derived_KR6MZ0000AP8,stress,previous_real_terms_synthetic,LIZARD KI,False,first_strike,-0.05,terms,16226
538,derived_KR6MZ0000AP8,stress,previous_real_terms_synthetic,LIZARD KI,False,first_strike,-0.025,terms,7108
539,derived_KR6MZ0000AP8,stress,previous_real_terms_synthetic,LIZARD KI,False,first_strike,-0.01,terms,2648
540,derived_KR6MZ0000AP8,stress,previous_real_terms_synthetic,LIZARD KI,False,first_strike,-0.005,terms,1276
541,derived_KR6MZ0000AP8,stress,previous_real_terms_synthetic,LIZARD KI,False,first_strike,0.005,terms,1148
542,derived_KR6MZ0000AP8,stress,previous_real_terms_synthetic,LIZARD KI,False,first_strike,0.01,terms,2277
543,derived_KR6MZ0000AP8,stress,previous_real_terms_synthetic,LIZARD KI,False,first_strike,0.025,terms,5325
544,derived_KR6MZ0000AP8,stress,previous_real_terms_synthetic,LIZARD KI,False,first_strike,0.05,terms,9133
545,derived_KR6MZ0000AP8,stress,previous_real_terms_synthetic,LIZARD KI,False,last_strike,-0.05,terms,3330
546,derived_KR6MZ0000AP8,stress,previous_real_terms_synthetic,LIZARD KI,False,last_strike,-0.025,terms,1534
547,derived_KR6MZ0000AP8,stress,previous_real_terms_synthetic,LIZARD KI,False,last_strike,-0.01,terms,575
548,derived_KR6MZ0000AP8,stress,previous_real_terms_synthetic,LIZARD KI,False,last_strike,-0.005,terms,279
549,derived_KR6MZ0000AP8,stress,previous_real_terms_synthetic,LIZARD KI,False,last_strike,0.005,terms,260
550,derived_KR6MZ0000AP8,stress,previous_real_terms_synthetic,LIZARD KI,False,last_strike,0.01,terms,511
551,derived_KR6MZ0000AP8,stress,previous_real_terms_synthetic,LIZARD KI,False,last_strike,0.025,terms,1231
552,derived_KR6MZ0000AP8,stress,previous_real_terms_synthetic,LIZARD KI,False,last_strike,0.05,terms,2300
553,derived_KR6KS00022S4,stress,previous_real_terms_synthetic,LIZARD KI,False,base,0.0,terms,0
554,derived_KR6KS00022S4,stress,previous_real_terms_synthetic,LIZARD KI,False,coupon_regular,-0.01,terms,71451
555,derived_KR6KS00022S4,stress,previous_real_terms_synthetic,LIZARD KI,False,coupon_regular,-0.005,terms,71451
556,derived_KR6KS00022S4,stress,previous_real_terms_synthetic,LIZARD KI,False,coupon_regular,-0.0025,terms,71451
557,derived_KR6KS00022S4,stress,previous_real_terms_synthetic,LIZARD KI,False,coupon_regular,-0.001,terms,71451
558,derived_KR6KS00022S4,stress,previous_real_terms_synthetic,LIZARD KI,False,coupon_regular,0.001,terms,71451
559,derived_KR6KS00022S4,stress,previous_real_terms_synthetic,LIZARD KI,False,coupon_regular,0.0025,terms,71451
560,derived_KR6KS00022S4,stress,previous_real_terms_synthetic,LIZARD KI,False,coupon_regular,0.005,terms,71451
561,derived_KR6KS00022S4,stress,previous_real_terms_synthetic,LIZARD KI,False,coupon_regular,0.01,terms,71451
562,derived_KR6KS00022S4,stress,previous_real_terms_synthetic,LIZARD KI,False,ki_barrier,-0.05,terms,6585
563,derived_KR6KS00022S4,stress,previous_real_terms_synthetic,LIZARD KI,False,ki_barrier,-0.025,terms,2980
564,derived_KR6KS00022S4,stress,previous_real_terms_synthetic,LIZARD KI,False,ki_barrier,-0.01,terms,1104
565,derived_KR6KS00022S4,stress,previous_real_terms_synthetic,LIZARD KI,False,ki_barrier,-0.005,terms,570
566,derived_KR6KS00022S4,stress,previous_real_terms_synthetic,LIZARD KI,False,ki_barrier,0.005,terms,507
567,derived_KR6KS00022S4,stress,previous_real_terms_synthetic,LIZARD KI,False,ki_barrier,0.01,terms,1003
568,derived_KR6KS00022S4,stress,previous_real_terms_synthetic,LIZARD KI,False,ki_barrier,0.025,terms,2242
569,derived_KR6KS00022S4,stress,previous_real_terms_synthetic,LIZARD KI,False,ki_barrier,0.05,terms,3886
570,derived_KR6KS00022S4,stress,previous_real_terms_synthetic,LIZARD KI,False,first_strike,-0.05,terms,13493
571,derived_KR6KS00022S4,stress,previous_real_terms_synthetic,LIZARD KI,False,first_strike,-0.025,terms,5993
572,derived_KR6KS00022S4,stress,previous_real_terms_synthetic,LIZARD KI,False,first_strike,-0.01,terms,2243
573,derived_KR6KS00022S4,stress,previous_real_terms_synthetic,LIZARD KI,False,first_strike,-0.005,terms,1121
574,derived_KR6KS00022S4,stress,previous_real_terms_synthetic,LIZARD KI,False,first_strike,0.005,terms,1102
575,derived_KR6KS00022S4,stress,previous_real_terms_synthetic,LIZARD KI,False,first_strike,0.01,terms,2149
576,derived_KR6KS00022S4,stress,previous_real_terms_synthetic,LIZARD KI,False,first_strike,0.025,terms,4870
577,derived_KR6KS00022S4,stress,previous_real_terms_synthetic,LIZARD KI,False,first_strike,0.05,terms,8604
578,derived_KR6KS00022S4,stress,previous_real_terms_synthetic,LIZARD KI,False,last_strike,-0.05,terms,2389
579,derived_KR6KS00022S4,stress,previous_real_terms_synthetic,LIZARD KI,False,last_strike,-0.025,terms,1096
580,derived_KR6KS00022S4,stress,previous_real_terms_synthetic,LIZARD KI,False,last_strike,-0.01,terms,423
581,derived_KR6KS00022S4,stress,previous_real_terms_synthetic,LIZARD KI,False,last_strike,-0.005,terms,209
582,derived_KR6KS00022S4,stress,previous_real_terms_synthetic,LIZARD KI,False,last_strike,0.005,terms,214
583,derived_KR6KS00022S4,stress,previous_real_terms_synthetic,LIZARD KI,False,last_strike,0.01,terms,412
584,derived_KR6KS00022S4,stress,previous_real_terms_synthetic,LIZARD KI,False,last_strike,0.025,terms,953
585,derived_KR6KS00022S4,stress,previous_real_terms_synthetic,LIZARD KI,False,last_strike,0.05,terms,1724
586,derived_KR65733CT940,stress,previous_real_terms_synthetic,LIZARD KI,False,base,0.0,terms,0
587,derived_KR65733CT940,stress,previous_real_terms_synthetic,LIZARD KI,False,coupon_regular,-0.01,terms,71830
588,derived_KR65733CT940,stress,previous_real_terms_synthetic,LIZARD KI,False,coupon_regular,-0.005,terms,71830
589,derived_KR65733CT940,stress,previous_real_terms_synthetic,LIZARD KI,False,coupon_regular,-0.0025,terms,71830
590,derived_KR65733CT940,stress,previous_real_terms_synthetic,LIZARD KI,False,coupon_regular,-0.001,terms,71830
591,derived_KR65733CT940,stress,previous_real_terms_synthetic,LIZARD KI,False,coupon_regular,0.001,terms,71830
592,derived_KR65733CT940,stress,previous_real_terms_synthetic,LIZARD KI,False,coupon_regular,0.0025,terms,71830
593,derived_KR65733CT940,stress,previous_real_terms_synthetic,LIZARD KI,False,coupon_regular,0.005,terms,71830
594,derived_KR65733CT940,stress,previous_real_terms_synthetic,LIZARD KI,False,coupon_regular,0.01,terms,71830
595,derived_KR65733CT940,stress,previous_real_terms_synthetic,LIZARD KI,False,ki_barrier,-0.05,terms,683
596,derived_KR65733CT940,stress,previous_real_terms_synthetic,LIZARD KI,False,ki_barrier,-0.025,terms,405
597,derived_KR65733CT940,stress,previous_real_terms_synthetic,LIZARD KI,False,ki_barrier,-0.01,terms,178
598,derived_KR65733CT940,stress,previous_real_terms_synthetic,LIZARD KI,False,ki_barrier,-0.005,terms,85
599,derived_KR65733CT940,stress,previous_real_terms_synthetic,LIZARD KI,False,ki_barrier,0.005,terms,90
600,derived_KR65733CT940,stress,previous_real_terms_synthetic,LIZARD KI,False,ki_barrier,0.01,terms,195
601,derived_KR65733CT940,stress,previous_real_terms_synthetic,LIZARD KI,False,ki_barrier,0.025,terms,452
602,derived_KR65733CT940,stress,previous_real_terms_synthetic,LIZARD KI,False,ki_barrier,0.05,terms,1049
603,derived_KR65733CT940,stress,previous_real_terms_synthetic,LIZARD KI,False,first_strike,-0.05,terms,2445
604,derived_KR65733CT940,stress,previous_real_terms_synthetic,LIZARD KI,False,first_strike,-0.025,terms,858
605,derived_KR65733CT940,stress,previous_real_terms_synthetic,LIZARD KI,False,first_strike,-0.01,terms,286
606,derived_KR65733CT940,stress,previous_real_terms_synthetic,LIZARD KI,False,first_strike,-0.005,terms,142
607,derived_KR65733CT940,stress,previous_real_terms_synthetic,LIZARD KI,False,first_strike,0.005,terms,105
608,derived_KR65733CT940,stress,previous_real_terms_synthetic,LIZARD KI,False,first_strike,0.01,terms,232
609,derived_KR65733CT940,stress,previous_real_terms_synthetic,LIZARD KI,False,first_strike,0.025,terms,450
610,derived_KR65733CT940,stress,previous_real_terms_synthetic,LIZARD KI,False,first_strike,0.05,terms,683
611,derived_KR65733CT940,stress,previous_real_terms_synthetic,LIZARD KI,False,last_strike,-0.05,terms,757
612,derived_KR65733CT940,stress,previous_real_terms_synthetic,LIZARD KI,False,last_strike,-0.025,terms,342
613,derived_KR65733CT940,stress,previous_real_terms_synthetic,LIZARD KI,False,last_strike,-0.01,terms,125
614,derived_KR65733CT940,stress,previous_real_terms_synthetic,LIZARD KI,False,last_strike,-0.005,terms,59
615,derived_KR65733CT940,stress,previous_real_terms_synthetic,LIZARD KI,False,last_strike,0.005,terms,80
616,derived_KR65733CT940,stress,previous_real_terms_synthetic,LIZARD KI,False,last_strike,0.01,terms,116
617,derived_KR65733CT940,stress,previous_real_terms_synthetic,LIZARD KI,False,last_strike,0.025,terms,242
618,derived_KR65733CT940,stress,previous_real_terms_synthetic,LIZARD KI,False,last_strike,0.05,terms,397
619,derived_KR6523389A21,stress,previous_real_terms_synthetic,LIZARD KI,False,base,0.0,terms,0
620,derived_KR6523389A21,stress,previous_real_terms_synthetic,LIZARD KI,False,coupon_regular,-0.01,terms,98531
621,derived_KR6523389A21,stress,previous_real_terms_synthetic,LIZARD KI,False,coupon_regular,-0.005,terms,98531
622,derived_KR6523389A21,stress,previous_real_terms_synthetic,LIZARD KI,False,coupon_regular,-0.0025,terms,98531
623,derived_KR6523389A21,stress,previous_real_terms_synthetic,LIZARD KI,False,coupon_regular,-0.001,terms,98531
624,derived_KR6523389A21,stress,previous_real_terms_synthetic,LIZARD KI,False,coupon_regular,0.001,terms,98531
625,derived_KR6523389A21,stress,previous_real_terms_synthetic,LIZARD KI,False,coupon_regular,0.0025,terms,98531
626,derived_KR6523389A21,stress,previous_real_terms_synthetic,LIZARD KI,False,coupon_regular,0.005,terms,98531
627,derived_KR6523389A21,stress,previous_real_terms_synthetic,LIZARD KI,False,coupon_regular,0.01,terms,98531
628,derived_KR6523389A21,stress,previous_real_terms_synthetic,LIZARD KI,False,ki_barrier,-0.05,terms,702
629,derived_KR6523389A21,stress,previous_real_terms_synthetic,LIZARD KI,False,ki_barrier,-0.025,terms,407
630,derived_KR6523389A21,stress,previous_real_terms_synthetic,LIZARD KI,False,ki_barrier,-0.01,terms,170
631,derived_KR6523389A21,stress,previous_real_terms_synthetic,LIZARD KI,False,ki_barrier,-0.005,terms,73
632,derived_KR6523389A21,stress,previous_real_terms_synthetic,LIZARD KI,False,ki_barrier,0.005,terms,83
633,derived_KR6523389A21,stress,previous_real_terms_synthetic,LIZARD KI,False,ki_barrier,0.01,terms,159
634,derived_KR6523389A21,stress,previous_real_terms_synthetic,LIZARD KI,False,ki_barrier,0.025,terms,452
635,derived_KR6523389A21,stress,previous_real_terms_synthetic,LIZARD KI,False,ki_barrier,0.05,terms,945
636,derived_KR6523389A21,stress,previous_real_terms_synthetic,LIZARD KI,False,first_strike,-0.05,terms,7237
637,derived_KR6523389A21,stress,previous_real_terms_synthetic,LIZARD KI,False,first_strike,-0.025,terms,2768
638,derived_KR6523389A21,stress,previous_real_terms_synthetic,LIZARD KI,False,first_strike,-0.01,terms,936
639,derived_KR6523389A21,stress,previous_real_terms_synthetic,LIZARD KI,False,first_strike,-0.005,terms,465
640,derived_KR6523389A21,stress,previous_real_terms_synthetic,LIZARD KI,False,first_strike,0.005,terms,427
641,derived_KR6523389A21,stress,previous_real_terms_synthetic,LIZARD KI,False,first_strike,0.01,terms,835
642,derived_KR6523389A21,stress,previous_real_terms_synthetic,LIZARD KI,False,first_strike,0.025,terms,1831
643,derived_KR6523389A21,stress,previous_real_terms_synthetic,LIZARD KI,False,first_strike,0.05,terms,2949
644,derived_KR6523389A21,stress,previous_real_terms_synthetic,LIZARD KI,False,last_strike,-0.05,terms,713
645,derived_KR6523389A21,stress,previous_real_terms_synthetic,LIZARD KI,False,last_strike,-0.025,terms,342
646,derived_KR6523389A21,stress,previous_real_terms_synthetic,LIZARD KI,False,last_strike,-0.01,terms,140
647,derived_KR6523389A21,stress,previous_real_terms_synthetic,LIZARD KI,False,last_strike,-0.005,terms,75
648,derived_KR6523389A21,stress,previous_real_terms_synthetic,LIZARD KI,False,last_strike,0.005,terms,58
649,derived_KR6523389A21,stress,previous_real_terms_synthetic,LIZARD KI,False,last_strike,0.01,terms,125
650,derived_KR6523389A21,stress,previous_real_terms_synthetic,LIZARD KI,False,last_strike,0.025,terms,307
651,derived_KR6523389A21,stress,previous_real_terms_synthetic,LIZARD KI,False,last_strike,0.05,terms,562
652,derived_KR65733AH824,stress,previous_real_terms_synthetic,LIZARD KI,False,base,0.0,terms,0
653,derived_KR65733AH824,stress,previous_real_terms_synthetic,LIZARD KI,False,coupon_regular,-0.01,terms,84111
654,derived_KR65733AH824,stress,previous_real_terms_synthetic,LIZARD KI,False,coupon_regular,-0.005,terms,84111
655,derived_KR65733AH824,stress,previous_real_terms_synthetic,LIZARD KI,False,coupon_regular,-0.0025,terms,84111
656,derived_KR65733AH824,stress,previous_real_terms_synthetic,LIZARD KI,False,coupon_regular,-0.001,terms,84111
657,derived_KR65733AH824,stress,previous_real_terms_synthetic,LIZARD KI,False,coupon_regular,0.001,terms,84111
658,derived_KR65733AH824,stress,previous_real_terms_synthetic,LIZARD KI,False,coupon_regular,0.0025,terms,84111
659,derived_KR65733AH824,stress,previous_real_terms_synthetic,LIZARD KI,False,coupon_regular,0.005,terms,84111
660,derived_KR65733AH824,stress,previous_real_terms_synthetic,LIZARD KI,False,coupon_regular,0.01,terms,84111
661,derived_KR65733AH824,stress,previous_real_terms_synthetic,LIZARD KI,False,ki_barrier,-0.05,terms,5845
662,derived_KR65733AH824,stress,previous_real_terms_synthetic,LIZARD KI,False,ki_barrier,-0.025,terms,2746
663,derived_KR65733AH824,stress,previous_real_terms_synthetic,LIZARD KI,False,ki_barrier,-0.01,terms,1045
664,derived_KR65733AH824,stress,previous_real_terms_synthetic,LIZARD KI,False,ki_barrier,-0.005,terms,503
665,derived_KR65733AH824,stress,previous_real_terms_synthetic,LIZARD KI,False,ki_barrier,0.005,terms,496
666,derived_KR65733AH824,stress,previous_real_terms_synthetic,LIZARD KI,False,ki_barrier,0.01,terms,1012
667,derived_KR65733AH824,stress,previous_real_terms_synthetic,LIZARD KI,False,ki_barrier,0.025,terms,2452
668,derived_KR65733AH824,stress,previous_real_terms_synthetic,LIZARD KI,False,ki_barrier,0.05,terms,4447
669,derived_KR65733AH824,stress,previous_real_terms_synthetic,LIZARD KI,False,first_strike,-0.05,terms,18599
670,derived_KR65733AH824,stress,previous_real_terms_synthetic,LIZARD KI,False,first_strike,-0.025,terms,9274
671,derived_KR65733AH824,stress,previous_real_terms_synthetic,LIZARD KI,False,first_strike,-0.01,terms,3688
672,derived_KR65733AH824,stress,previous_real_terms_synthetic,LIZARD KI,False,first_strike,-0.005,terms,1860
673,derived_KR65733AH824,stress,previous_real_terms_synthetic,LIZARD KI,False,first_strike,0.005,terms,1763
674,derived_KR65733AH824,stress,previous_real_terms_synthetic,LIZARD KI,False,first_strike,0.01,terms,3568
675,derived_KR65733AH824,stress,previous_real_terms_synthetic,LIZARD KI,False,first_strike,0.025,terms,8802
676,derived_KR65733AH824,stress,previous_real_terms_synthetic,LIZARD KI,False,first_strike,0.05,terms,16833
677,derived_KR65733AH824,stress,previous_real_terms_synthetic,LIZARD KI,False,last_strike,-0.05,terms,1868
678,derived_KR65733AH824,stress,previous_real_terms_synthetic,LIZARD KI,False,last_strike,-0.025,terms,820
679,derived_KR65733AH824,stress,previous_real_terms_synthetic,LIZARD KI,False,last_strike,-0.01,terms,307
680,derived_KR65733AH824,stress,previous_real_terms_synthetic,LIZARD KI,False,last_strike,-0.005,terms,170
681,derived_KR65733AH824,stress,previous_real_terms_synthetic,LIZARD KI,False,last_strike,0.005,terms,144
682,derived_KR65733AH824,stress,previous_real_terms_synthetic,LIZARD KI,False,last_strike,0.01,terms,290
683,derived_KR65733AH824,stress,previous_real_terms_synthetic,LIZARD KI,False,last_strike,0.025,terms,690
684,derived_KR65733AH824,stress,previous_real_terms_synthetic,LIZARD KI,False,last_strike,0.05,terms,1209
685,derived_KR65793B7A13,stress,previous_real_terms_synthetic,LIZARD KI,False,base,0.0,terms,0
686,derived_KR65793B7A13,stress,previous_real_terms_synthetic,LIZARD KI,False,coupon_regular,-0.01,terms,84262
687,derived_KR65793B7A13,stress,previous_real_terms_synthetic,LIZARD KI,False,coupon_regular,-0.005,terms,84262
688,derived_KR65793B7A13,stress,previous_real_terms_synthetic,LIZARD KI,False,coupon_regular,-0.0025,terms,84262
689,derived_KR65793B7A13,stress,previous_real_terms_synthetic,LIZARD KI,False,coupon_regular,-0.001,terms,84262
690,derived_KR65793B7A13,stress,previous_real_terms_synthetic,LIZARD KI,False,coupon_regular,0.001,terms,84262
691,derived_KR65793B7A13,stress,previous_real_terms_synthetic,LIZARD KI,False,coupon_regular,0.0025,terms,84262
692,derived_KR65793B7A13,stress,previous_real_terms_synthetic,LIZARD KI,False,coupon_regular,0.005,terms,84262
693,derived_KR65793B7A13,stress,previous_real_terms_synthetic,LIZARD KI,False,coupon_regular,0.01,terms,84262
694,derived_KR65793B7A13,stress,previous_real_terms_synthetic,LIZARD KI,False,ki_barrier,-0.05,terms,4177
695,derived_KR65793B7A13,stress,previous_real_terms_synthetic,LIZARD KI,False,ki_barrier,-0.025,terms,1987
696,derived_KR65793B7A13,stress,previous_real_terms_synthetic,LIZARD KI,False,ki_barrier,-0.01,terms,770
697,derived_KR65793B7A13,stress,previous_real_terms_synthetic,LIZARD KI,False,ki_barrier,-0.005,terms,364
698,derived_KR65793B7A13,stress,previous_real_terms_synthetic,LIZARD KI,False,ki_barrier,0.005,terms,400
699,derived_KR65793B7A13,stress,previous_real_terms_synthetic,LIZARD KI,False,ki_barrier,0.01,terms,768
700,derived_KR65793B7A13,stress,previous_real_terms_synthetic,LIZARD KI,False,ki_barrier,0.025,terms,1910
701,derived_KR65793B7A13,stress,previous_real_terms_synthetic,LIZARD KI,False,ki_barrier,0.05,terms,3515
702,derived_KR65793B7A13,stress,previous_real_terms_synthetic,LIZARD KI,False,first_strike,-0.05,terms,14336
703,derived_KR65793B7A13,stress,previous_real_terms_synthetic,LIZARD KI,False,first_strike,-0.025,terms,6371
704,derived_KR65793B7A13,stress,previous_real_terms_synthetic,LIZARD KI,False,first_strike,-0.01,terms,2348
705,derived_KR65793B7A13,stress,previous_real_terms_synthetic,LIZARD KI,False,first_strike,-0.005,terms,1130
706,derived_KR65793B7A13,stress,previous_real_terms_synthetic,LIZARD KI,False,first_strike,0.005,terms,1097
707,derived_KR65793B7A13,stress,previous_real_terms_synthetic,LIZARD KI,False,first_strike,0.01,terms,2103
708,derived_KR65793B7A13,stress,previous_real_terms_synthetic,LIZARD KI,False,first_strike,0.025,terms,4854
709,derived_KR65793B7A13,stress,previous_real_terms_synthetic,LIZARD KI,False,first_strike,0.05,terms,8412
710,derived_KR65793B7A13,stress,previous_real_terms_synthetic,LIZARD KI,False,last_strike,-0.05,terms,2156
711,derived_KR65793B7A13,stress,previous_real_terms_synthetic,LIZARD KI,False,last_strike,-0.025,terms,991
712,derived_KR65793B7A13,stress,previous_real_terms_synthetic,LIZARD KI,False,last_strike,-0.01,terms,387
713,derived_KR65793B7A13,stress,previous_real_terms_synthetic,LIZARD KI,False,last_strike,-0.005,terms,198
714,derived_KR65793B7A13,stress,previous_real_terms_synthetic,LIZARD KI,False,last_strike,0.005,terms,144
715,derived_KR65793B7A13,stress,previous_real_terms_synthetic,LIZARD KI,False,last_strike,0.01,terms,304
716,derived_KR65793B7A13,stress,previous_real_terms_synthetic,LIZARD KI,False,last_strike,0.025,terms,745
717,derived_KR65793B7A13,stress,previous_real_terms_synthetic,LIZARD KI,False,last_strike,0.05,terms,1371
718,derived_KR6KS0007RL5,stress,previous_real_terms_synthetic,LIZARD KI,False,base,0.0,terms,0
719,derived_KR6KS0007RL5,stress,previous_real_terms_synthetic,LIZARD KI,False,coupon_regular,-0.01,terms,82615
720,derived_KR6KS0007RL5,stress,previous_real_terms_synthetic,LIZARD KI,False,coupon_regular,-0.005,terms,82615
721,derived_KR6KS0007RL5,stress,previous_real_terms_synthetic,LIZARD KI,False,coupon_regular,-0.0025,terms,82615
722,derived_KR6KS0007RL5,stress,previous_real_terms_synthetic,LIZARD KI,False,coupon_regular,-0.001,terms,82615
723,derived_KR6KS0007RL5,stress,previous_real_terms_synthetic,LIZARD KI,False,coupon_regular,0.001,terms,82615
724,derived_KR6KS0007RL5,stress,previous_real_terms_synthetic,LIZARD KI,False,coupon_regular,0.0025,terms,82615
725,derived_KR6KS0007RL5,stress,previous_real_terms_synthetic,LIZARD KI,False,coupon_regular,0.005,terms,82615
726,derived_KR6KS0007RL5,stress,previous_real_terms_synthetic,LIZARD KI,False,coupon_regular,0.01,terms,82615
727,derived_KR6KS0007RL5,stress,previous_real_terms_synthetic,LIZARD KI,False,ki_barrier,-0.05,terms,230
728,derived_KR6KS0007RL5,stress,previous_real_terms_synthetic,LIZARD KI,False,ki_barrier,-0.025,terms,86
729,derived_KR6KS0007RL5,stress,previous_real_terms_synthetic,LIZARD KI,False,ki_barrier,-0.01,terms,37
730,derived_KR6KS0007RL5,stress,previous_real_terms_synthetic,LIZARD KI,False,ki_barrier,-0.005,terms,24
731,derived_KR6KS0007RL5,stress,previous_real_terms_synthetic,LIZARD KI,False,ki_barrier,0.005,terms,19
732,derived_KR6KS0007RL5,stress,previous_real_terms_synthetic,LIZARD KI,False,ki_barrier,0.01,terms,32
733,derived_KR6KS0007RL5,stress,previous_real_terms_synthetic,LIZARD KI,False,ki_barrier,0.025,terms,66
734,derived_KR6KS0007RL5,stress,previous_real_terms_synthetic,LIZARD KI,False,ki_barrier,0.05,terms,120
735,derived_KR6KS0007RL5,stress,previous_real_terms_synthetic,LIZARD KI,False,first_strike,-0.05,terms,12050
736,derived_KR6KS0007RL5,stress,previous_real_terms_synthetic,LIZARD KI,False,first_strike,-0.025,terms,6537
737,derived_KR6KS0007RL5,stress,previous_real_terms_synthetic,LIZARD KI,False,first_strike,-0.01,terms,2693
738,derived_KR6KS0007RL5,stress,previous_real_terms_synthetic,LIZARD KI,False,first_strike,-0.005,terms,1371
739,derived_KR6KS0007RL5,stress,previous_real_terms_synthetic,LIZARD KI,False,first_strike,0.005,terms,1436
740,derived_KR6KS0007RL5,stress,previous_real_terms_synthetic,LIZARD KI,False,first_strike,0.01,terms,2912
741,derived_KR6KS0007RL5,stress,previous_real_terms_synthetic,LIZARD KI,False,first_strike,0.025,terms,7315
742,derived_KR6KS0007RL5,stress,previous_real_terms_synthetic,LIZARD KI,False,first_strike,0.05,terms,15086
743,derived_KR6KS0007RL5,stress,previous_real_terms_synthetic,LIZARD KI,False,last_strike,-0.05,terms,805
744,derived_KR6KS0007RL5,stress,previous_real_terms_synthetic,LIZARD KI,False,last_strike,-0.025,terms,381
745,derived_KR6KS0007RL5,stress,previous_real_terms_synthetic,LIZARD KI,False,last_strike,-0.01,terms,167
746,derived_KR6KS0007RL5,stress,previous_real_terms_synthetic,LIZARD KI,False,last_strike,-0.005,terms,90
747,derived_KR6KS0007RL5,stress,previous_real_terms_synthetic,LIZARD KI,False,last_strike,0.005,terms,85
748,derived_KR6KS0007RL5,stress,previous_real_terms_synthetic,LIZARD KI,False,last_strike,0.01,terms,163
749,derived_KR6KS0007RL5,stress,previous_real_terms_synthetic,LIZARD KI,False,last_strike,0.025,terms,382
750,derived_KR6KS0007RL5,stress,previous_real_terms_synthetic,LIZARD KI,False,last_strike,0.05,terms,677
751,derived_KR6ZW0001C01,stress,previous_real_terms_synthetic,LIZARD KI,False,base,0.0,terms,0
752,derived_KR6ZW0001C01,stress,previous_real_terms_synthetic,LIZARD KI,False,coupon_regular,-0.01,terms,94261
753,derived_KR6ZW0001C01,stress,previous_real_terms_synthetic,LIZARD KI,False,coupon_regular,-0.005,terms,94261
754,derived_KR6ZW0001C01,stress,previous_real_terms_synthetic,LIZARD KI,False,coupon_regular,-0.0025,terms,94261
755,derived_KR6ZW0001C01,stress,previous_real_terms_synthetic,LIZARD KI,False,coupon_regular,-0.001,terms,94261
756,derived_KR6ZW0001C01,stress,previous_real_terms_synthetic,LIZARD KI,False,coupon_regular,0.001,terms,94261
757,derived_KR6ZW0001C01,stress,previous_real_terms_synthetic,LIZARD KI,False,coupon_regular,0.0025,terms,94261
758,derived_KR6ZW0001C01,stress,previous_real_terms_synthetic,LIZARD KI,False,coupon_regular,0.005,terms,94261
759,derived_KR6ZW0001C01,stress,previous_real_terms_synthetic,LIZARD KI,False,coupon_regular,0.01,terms,94261
760,derived_KR6ZW0001C01,stress,previous_real_terms_synthetic,LIZARD KI,False,ki_barrier,-0.05,terms,3118
761,derived_KR6ZW0001C01,stress,previous_real_terms_synthetic,LIZARD KI,False,ki_barrier,-0.025,terms,1635
762,derived_KR6ZW0001C01,stress,previous_real_terms_synthetic,LIZARD KI,False,ki_barrier,-0.01,terms,659
763,derived_KR6ZW0001C01,stress,previous_real_terms_synthetic,LIZARD KI,False,ki_barrier,-0.005,terms,336
764,derived_KR6ZW0001C01,stress,previous_real_terms_synthetic,LIZARD KI,False,ki_barrier,0.005,terms,363
765,derived_KR6ZW0001C01,stress,previous_real_terms_synthetic,LIZARD KI,False,ki_barrier,0.01,terms,724
766,derived_KR6ZW0001C01,stress,previous_real_terms_synthetic,LIZARD KI,False,ki_barrier,0.025,terms,1810
767,derived_KR6ZW0001C01,stress,previous_real_terms_synthetic,LIZARD KI,False,ki_barrier,0.05,terms,3541
768,derived_KR6ZW0001C01,stress,previous_real_terms_synthetic,LIZARD KI,False,first_strike,-0.05,terms,13510
769,derived_KR6ZW0001C01,stress,previous_real_terms_synthetic,LIZARD KI,False,first_strike,-0.025,terms,5756
770,derived_KR6ZW0001C01,stress,previous_real_terms_synthetic,LIZARD KI,False,first_strike,-0.01,terms,2035
771,derived_KR6ZW0001C01,stress,previous_real_terms_synthetic,LIZARD KI,False,first_strike,-0.005,terms,963
772,derived_KR6ZW0001C01,stress,previous_real_terms_synthetic,LIZARD KI,False,first_strike,0.005,terms,929
773,derived_KR6ZW0001C01,stress,previous_real_terms_synthetic,LIZARD KI,False,first_strike,0.01,terms,1778
774,derived_KR6ZW0001C01,stress,previous_real_terms_synthetic,LIZARD KI,False,first_strike,0.025,terms,4001
775,derived_KR6ZW0001C01,stress,previous_real_terms_synthetic,LIZARD KI,False,first_strike,0.05,terms,6733
776,derived_KR6ZW0001C01,stress,previous_real_terms_synthetic,LIZARD KI,False,last_strike,-0.05,terms,2839
777,derived_KR6ZW0001C01,stress,previous_real_terms_synthetic,LIZARD KI,False,last_strike,-0.025,terms,1355
778,derived_KR6ZW0001C01,stress,previous_real_terms_synthetic,LIZARD KI,False,last_strike,-0.01,terms,543
779,derived_KR6ZW0001C01,stress,previous_real_terms_synthetic,LIZARD KI,False,last_strike,-0.005,terms,266
780,derived_KR6ZW0001C01,stress,previous_real_terms_synthetic,LIZARD KI,False,last_strike,0.005,terms,239
781,derived_KR6ZW0001C01,stress,previous_real_terms_synthetic,LIZARD KI,False,last_strike,0.01,terms,490
782,derived_KR6ZW0001C01,stress,previous_real_terms_synthetic,LIZARD KI,False,last_strike,0.025,terms,1192
783,derived_KR6ZW0001C01,stress,previous_real_terms_synthetic,LIZARD KI,False,last_strike,0.05,terms,2289
784,derived_KR6573319912,stress,previous_real_terms_synthetic,LIZARD KI,False,base,0.0,terms,0
785,derived_KR6573319912,stress,previous_real_terms_synthetic,LIZARD KI,False,coupon_regular,-0.01,terms,75183
786,derived_KR6573319912,stress,previous_real_terms_synthetic,LIZARD KI,False,coupon_regular,-0.005,terms,75183
787,derived_KR6573319912,stress,previous_real_terms_synthetic,LIZARD KI,False,coupon_regular,-0.0025,terms,75183
788,derived_KR6573319912,stress,previous_real_terms_synthetic,LIZARD KI,False,coupon_regular,-0.001,terms,75183
789,derived_KR6573319912,stress,previous_real_terms_synthetic,LIZARD KI,False,coupon_regular,0.001,terms,75183
790,derived_KR6573319912,stress,previous_real_terms_synthetic,LIZARD KI,False,coupon_regular,0.0025,terms,75183
791,derived_KR6573319912,stress,previous_real_terms_synthetic,LIZARD KI,False,coupon_regular,0.005,terms,75183
792,derived_KR6573319912,stress,previous_real_terms_synthetic,LIZARD KI,False,coupon_regular,0.01,terms,75183
793,derived_KR6573319912,stress,previous_real_terms_synthetic,LIZARD KI,False,ki_barrier,-0.05,terms,2645
794,derived_KR6573319912,stress,previous_real_terms_synthetic,LIZARD KI,False,ki_barrier,-0.025,terms,1340
795,derived_KR6573319912,stress,previous_real_terms_synthetic,LIZARD KI,False,ki_barrier,-0.01,terms,539
796,derived_KR6573319912,stress,previous_real_terms_synthetic,LIZARD KI,False,ki_barrier,-0.005,terms,277
797,derived_KR6573319912,stress,previous_real_terms_synthetic,LIZARD KI,False,ki_barrier,0.005,terms,284
798,derived_KR6573319912,stress,previous_real_terms_synthetic,LIZARD KI,False,ki_barrier,0.01,terms,574
799,derived_KR6573319912,stress,previous_real_terms_synthetic,LIZARD KI,False,ki_barrier,0.025,terms,1452
800,derived_KR6573319912,stress,previous_real_terms_synthetic,LIZARD KI,False,ki_barrier,0.05,terms,2920
801,derived_KR6573319912,stress,previous_real_terms_synthetic,LIZARD KI,False,first_strike,-0.05,terms,3643
802,derived_KR6573319912,stress,previous_real_terms_synthetic,LIZARD KI,False,first_strike,-0.025,terms,1415
803,derived_KR6573319912,stress,previous_real_terms_synthetic,LIZARD KI,False,first_strike,-0.01,terms,457
804,derived_KR6573319912,stress,previous_real_terms_synthetic,LIZARD KI,False,first_strike,-0.005,terms,223
805,derived_KR6573319912,stress,previous_real_terms_synthetic,LIZARD KI,False,first_strike,0.005,terms,207
806,derived_KR6573319912,stress,previous_real_terms_synthetic,LIZARD KI,False,first_strike,0.01,terms,392
807,derived_KR6573319912,stress,previous_real_terms_synthetic,LIZARD KI,False,first_strike,0.025,terms,817
808,derived_KR6573319912,stress,previous_real_terms_synthetic,LIZARD KI,False,first_strike,0.05,terms,1284
809,derived_KR6573319912,stress,previous_real_terms_synthetic,LIZARD KI,False,last_strike,-0.05,terms,1068
810,derived_KR6573319912,stress,previous_real_terms_synthetic,LIZARD KI,False,last_strike,-0.025,terms,468
811,derived_KR6573319912,stress,previous_real_terms_synthetic,LIZARD KI,False,last_strike,-0.01,terms,189
812,derived_KR6573319912,stress,previous_real_terms_synthetic,LIZARD KI,False,last_strike,-0.005,terms,88
813,derived_KR6573319912,stress,previous_real_terms_synthetic,LIZARD KI,False,last_strike,0.005,terms,63
814,derived_KR6573319912,stress,previous_real_terms_synthetic,LIZARD KI,False,last_strike,0.01,terms,130
815,derived_KR6573319912,stress,previous_real_terms_synthetic,LIZARD KI,False,last_strike,0.025,terms,329
816,derived_KR6573319912,stress,previous_real_terms_synthetic,LIZARD KI,False,last_strike,0.05,terms,599
817,derived_KR6KS0001RE3,stress,previous_real_terms_synthetic,LIZARD KI,False,base,0.0,terms,0
818,derived_KR6KS0001RE3,stress,previous_real_terms_synthetic,LIZARD KI,False,coupon_regular,-0.01,terms,74896
819,derived_KR6KS0001RE3,stress,previous_real_terms_synthetic,LIZARD KI,False,coupon_regular,-0.005,terms,74896
820,derived_KR6KS0001RE3,stress,previous_real_terms_synthetic,LIZARD KI,False,coupon_regular,-0.0025,terms,74896
821,derived_KR6KS0001RE3,stress,previous_real_terms_synthetic,LIZARD KI,False,coupon_regular,-0.001,terms,74896
822,derived_KR6KS0001RE3,stress,previous_real_terms_synthetic,LIZARD KI,False,coupon_regular,0.001,terms,74896
823,derived_KR6KS0001RE3,stress,previous_real_terms_synthetic,LIZARD KI,False,coupon_regular,0.0025,terms,74896
824,derived_KR6KS0001RE3,stress,previous_real_terms_synthetic,LIZARD KI,False,coupon_regular,0.005,terms,74896
825,derived_KR6KS0001RE3,stress,previous_real_terms_synthetic,LIZARD KI,False,coupon_regular,0.01,terms,74896
826,derived_KR6KS0001RE3,stress,previous_real_terms_synthetic,LIZARD KI,False,ki_barrier,-0.05,terms,4126
827,derived_KR6KS0001RE3,stress,previous_real_terms_synthetic,LIZARD KI,False,ki_barrier,-0.025,terms,1883
828,derived_KR6KS0001RE3,stress,previous_real_terms_synthetic,LIZARD KI,False,ki_barrier,-0.01,terms,725
829,derived_KR6KS0001RE3,stress,previous_real_terms_synthetic,LIZARD KI,False,ki_barrier,-0.005,terms,350
830,derived_KR6KS0001RE3,stress,previous_real_terms_synthetic,LIZARD KI,False,ki_barrier,0.005,terms,305
831,derived_KR6KS0001RE3,stress,previous_real_terms_synthetic,LIZARD KI,False,ki_barrier,0.01,terms,582
832,derived_KR6KS0001RE3,stress,previous_real_terms_synthetic,LIZARD KI,False,ki_barrier,0.025,terms,1407
833,derived_KR6KS0001RE3,stress,previous_real_terms_synthetic,LIZARD KI,False,ki_barrier,0.05,terms,2525
834,derived_KR6KS0001RE3,stress,previous_real_terms_synthetic,LIZARD KI,False,first_strike,-0.05,terms,14186
835,derived_KR6KS0001RE3,stress,previous_real_terms_synthetic,LIZARD KI,False,first_strike,-0.025,terms,6629
836,derived_KR6KS0001RE3,stress,previous_real_terms_synthetic,LIZARD KI,False,first_strike,-0.01,terms,2522
837,derived_KR6KS0001RE3,stress,previous_real_terms_synthetic,LIZARD KI,False,first_strike,-0.005,terms,1278
838,derived_KR6KS0001RE3,stress,previous_real_terms_synthetic,LIZARD KI,False,first_strike,0.005,terms,1118
839,derived_KR6KS0001RE3,stress,previous_real_terms_synthetic,LIZARD KI,False,first_strike,0.01,terms,2244
840,derived_KR6KS0001RE3,stress,previous_real_terms_synthetic,LIZARD KI,False,first_strike,0.025,terms,5390
841,derived_KR6KS0001RE3,stress,previous_real_terms_synthetic,LIZARD KI,False,first_strike,0.05,terms,9576
842,derived_KR6KS0001RE3,stress,previous_real_terms_synthetic,LIZARD KI,False,last_strike,-0.05,terms,2370
843,derived_KR6KS0001RE3,stress,previous_real_terms_synthetic,LIZARD KI,False,last_strike,-0.025,terms,1082
844,derived_KR6KS0001RE3,stress,previous_real_terms_synthetic,LIZARD KI,False,last_strike,-0.01,terms,422
845,derived_KR6KS0001RE3,stress,previous_real_terms_synthetic,LIZARD KI,False,last_strike,-0.005,terms,212
846,derived_KR6KS0001RE3,stress,previous_real_terms_synthetic,LIZARD KI,False,last_strike,0.005,terms,187
847,derived_KR6KS0001RE3,stress,previous_real_terms_synthetic,LIZARD KI,False,last_strike,0.01,terms,379
848,derived_KR6KS0001RE3,stress,previous_real_terms_synthetic,LIZARD KI,False,last_strike,0.025,terms,879
849,derived_KR6KS0001RE3,stress,previous_real_terms_synthetic,LIZARD KI,False,last_strike,0.05,terms,1712
850,derived_KR6573363977,stress,previous_real_terms_synthetic,LIZARD KI,False,base,0.0,terms,0
851,derived_KR6573363977,stress,previous_real_terms_synthetic,LIZARD KI,False,coupon_regular,-0.01,terms,98641
852,derived_KR6573363977,stress,previous_real_terms_synthetic,LIZARD KI,False,coupon_regular,-0.005,terms,98641
853,derived_KR6573363977,stress,previous_real_terms_synthetic,LIZARD KI,False,coupon_regular,-0.0025,terms,98641
854,derived_KR6573363977,stress,previous_real_terms_synthetic,LIZARD KI,False,coupon_regular,-0.001,terms,98641
855,derived_KR6573363977,stress,previous_real_terms_synthetic,LIZARD KI,False,coupon_regular,0.001,terms,98641
856,derived_KR6573363977,stress,previous_real_terms_synthetic,LIZARD KI,False,coupon_regular,0.0025,terms,98641
857,derived_KR6573363977,stress,previous_real_terms_synthetic,LIZARD KI,False,coupon_regular,0.005,terms,98641
858,derived_KR6573363977,stress,previous_real_terms_synthetic,LIZARD KI,False,coupon_regular,0.01,terms,98641
859,derived_KR6573363977,stress,previous_real_terms_synthetic,LIZARD KI,False,ki_barrier,-0.05,terms,1428
860,derived_KR6573363977,stress,previous_real_terms_synthetic,LIZARD KI,False,ki_barrier,-0.025,terms,821
861,derived_KR6573363977,stress,previous_real_terms_synthetic,LIZARD KI,False,ki_barrier,-0.01,terms,355
862,derived_KR6573363977,stress,previous_real_terms_synthetic,LIZARD KI,False,ki_barrier,-0.005,terms,179
863,derived_KR6573363977,stress,previous_real_terms_synthetic,LIZARD KI,False,ki_barrier,0.005,terms,174
864,derived_KR6573363977,stress,previous_real_terms_synthetic,LIZARD KI,False,ki_barrier,0.01,terms,344
865,derived_KR6573363977,stress,previous_real_terms_synthetic,LIZARD KI,False,ki_barrier,0.025,terms,930
866,derived_KR6573363977,stress,previous_real_terms_synthetic,LIZARD KI,False,ki_barrier,0.05,terms,1931
867,derived_KR6573363977,stress,previous_real_terms_synthetic,LIZARD KI,False,first_strike,-0.05,terms,8647
868,derived_KR6573363977,stress,previous_real_terms_synthetic,LIZARD KI,False,first_strike,-0.025,terms,3209
869,derived_KR6573363977,stress,previous_real_terms_synthetic,LIZARD KI,False,first_strike,-0.01,terms,1094
870,derived_KR6573363977,stress,previous_real_terms_synthetic,LIZARD KI,False,first_strike,-0.005,terms,517
871,derived_KR6573363977,stress,previous_real_terms_synthetic,LIZARD KI,False,first_strike,0.005,terms,473
872,derived_KR6573363977,stress,previous_real_terms_synthetic,LIZARD KI,False,first_strike,0.01,terms,882
873,derived_KR6573363977,stress,previous_real_terms_synthetic,LIZARD KI,False,first_strike,0.025,terms,1838
874,derived_KR6573363977,stress,previous_real_terms_synthetic,LIZARD KI,False,first_strike,0.05,terms,2812
875,derived_KR6573363977,stress,previous_real_terms_synthetic,LIZARD KI,False,last_strike,-0.05,terms,1381
876,derived_KR6573363977,stress,previous_real_terms_synthetic,LIZARD KI,False,last_strike,-0.025,terms,656
877,derived_KR6573363977,stress,previous_real_terms_synthetic,LIZARD KI,False,last_strike,-0.01,terms,245
878,derived_KR6573363977,stress,previous_real_terms_synthetic,LIZARD KI,False,last_strike,-0.005,terms,121
879,derived_KR6573363977,stress,previous_real_terms_synthetic,LIZARD KI,False,last_strike,0.005,terms,116
880,derived_KR6573363977,stress,previous_real_terms_synthetic,LIZARD KI,False,last_strike,0.01,terms,234
881,derived_KR6573363977,stress,previous_real_terms_synthetic,LIZARD KI,False,last_strike,0.025,terms,542
882,derived_KR6573363977,stress,previous_real_terms_synthetic,LIZARD KI,False,last_strike,0.05,terms,970
883,derived_KR65733AF7A3,stress,previous_real_terms_synthetic,LIZARD KI,False,base,0.0,terms,0
884,derived_KR65733AF7A3,stress,previous_real_terms_synthetic,LIZARD KI,False,coupon_regular,-0.01,terms,90865
885,derived_KR65733AF7A3,stress,previous_real_terms_synthetic,LIZARD KI,False,coupon_regular,-0.005,terms,90865
886,derived_KR65733AF7A3,stress,previous_real_terms_synthetic,LIZARD KI,False,coupon_regular,-0.0025,terms,90865
887,derived_KR65733AF7A3,stress,previous_real_terms_synthetic,LIZARD KI,False,coupon_regular,-0.001,terms,90865
888,derived_KR65733AF7A3,stress,previous_real_terms_synthetic,LIZARD KI,False,coupon_regular,0.001,terms,90865
889,derived_KR65733AF7A3,stress,previous_real_terms_synthetic,LIZARD KI,False,coupon_regular,0.0025,terms,90865
890,derived_KR65733AF7A3,stress,previous_real_terms_synthetic,LIZARD KI,False,coupon_regular,0.005,terms,90865
891,derived_KR65733AF7A3,stress,previous_real_terms_synthetic,LIZARD KI,False,coupon_regular,0.01,terms,90865
892,derived_KR65733AF7A3,stress,previous_real_terms_synthetic,LIZARD KI,False,ki_barrier,-0.05,terms,1067
893,derived_KR65733AF7A3,stress,previous_real_terms_synthetic,LIZARD KI,False,ki_barrier,-0.025,terms,618
894,derived_KR65733AF7A3,stress,previous_real_terms_synthetic,LIZARD KI,False,ki_barrier,-0.01,terms,266
895,derived_KR65733AF7A3,stress,previous_real_terms_synthetic,LIZARD KI,False,ki_barrier,-0.005,terms,147
896,derived_KR65733AF7A3,stress,previous_real_terms_synthetic,LIZARD KI,False,ki_barrier,0.005,terms,142
897,derived_KR65733AF7A3,stress,previous_real_terms_synthetic,LIZARD KI,False,ki_barrier,0.01,terms,297
898,derived_KR65733AF7A3,stress,previous_real_terms_synthetic,LIZARD KI,False,ki_barrier,0.025,terms,791
899,derived_KR65733AF7A3,stress,previous_real_terms_synthetic,LIZARD KI,False,ki_barrier,0.05,terms,1873
900,derived_KR65733AF7A3,stress,previous_real_terms_synthetic,LIZARD KI,False,first_strike,-0.05,terms,30872
901,derived_KR65733AF7A3,stress,previous_real_terms_synthetic,LIZARD KI,False,first_strike,-0.025,terms,16193
902,derived_KR65733AF7A3,stress,previous_real_terms_synthetic,LIZARD KI,False,first_strike,-0.01,terms,6602
903,derived_KR65733AF7A3,stress,previous_real_terms_synthetic,LIZARD KI,False,first_strike,-0.005,terms,3311
904,derived_KR65733AF7A3,stress,previous_real_terms_synthetic,LIZARD KI,False,first_strike,0.005,terms,3286
905,derived_KR65733AF7A3,stress,previous_real_terms_synthetic,LIZARD KI,False,first_strike,0.01,terms,6575
906,derived_KR65733AF7A3,stress,previous_real_terms_synthetic,LIZARD KI,False,first_strike,0.025,terms,16133
907,derived_KR65733AF7A3,stress,previous_real_terms_synthetic,LIZARD KI,False,first_strike,0.05,terms,29924
908,derived_KR65733AF7A3,stress,previous_real_terms_synthetic,LIZARD KI,False,last_strike,-0.05,terms,2173
909,derived_KR65733AF7A3,stress,previous_real_terms_synthetic,LIZARD KI,False,last_strike,-0.025,terms,965
910,derived_KR65733AF7A3,stress,previous_real_terms_synthetic,LIZARD KI,False,last_strike,-0.01,terms,333
911,derived_KR65733AF7A3,stress,previous_real_terms_synthetic,LIZARD KI,False,last_strike,-0.005,terms,159
912,derived_KR65733AF7A3,stress,previous_real_terms_synthetic,LIZARD KI,False,last_strike,0.005,terms,169
913,derived_KR65733AF7A3,stress,previous_real_terms_synthetic,LIZARD KI,False,last_strike,0.01,terms,354
914,derived_KR65733AF7A3,stress,previous_real_terms_synthetic,LIZARD KI,False,last_strike,0.025,terms,814
915,derived_KR65733AF7A3,stress,previous_real_terms_synthetic,LIZARD KI,False,last_strike,0.05,terms,1483
916,derived_KR6KS0007105,stress,previous_real_terms_synthetic,LIZARD KI,False,base,0.0,terms,0
917,derived_KR6KS0007105,stress,previous_real_terms_synthetic,LIZARD KI,False,coupon_regular,-0.01,terms,106406
918,derived_KR6KS0007105,stress,previous_real_terms_synthetic,LIZARD KI,False,coupon_regular,-0.005,terms,106406
919,derived_KR6KS0007105,stress,previous_real_terms_synthetic,LIZARD KI,False,coupon_regular,-0.0025,terms,106406
920,derived_KR6KS0007105,stress,previous_real_terms_synthetic,LIZARD KI,False,coupon_regular,-0.001,terms,106406
921,derived_KR6KS0007105,stress,previous_real_terms_synthetic,LIZARD KI,False,coupon_regular,0.001,terms,106406
922,derived_KR6KS0007105,stress,previous_real_terms_synthetic,LIZARD KI,False,coupon_regular,0.0025,terms,106406
923,derived_KR6KS0007105,stress,previous_real_terms_synthetic,LIZARD KI,False,coupon_regular,0.005,terms,106406
924,derived_KR6KS0007105,stress,previous_real_terms_synthetic,LIZARD KI,False,coupon_regular,0.01,terms,106406
925,derived_KR6KS0007105,stress,previous_real_terms_synthetic,LIZARD KI,False,ki_barrier,-0.05,terms,1027
926,derived_KR6KS0007105,stress,previous_real_terms_synthetic,LIZARD KI,False,ki_barrier,-0.025,terms,539
927,derived_KR6KS0007105,stress,previous_real_terms_synthetic,LIZARD KI,False,ki_barrier,-0.01,terms,230
928,derived_KR6KS0007105,stress,previous_real_terms_synthetic,LIZARD KI,False,ki_barrier,-0.005,terms,110
929,derived_KR6KS0007105,stress,previous_real_terms_synthetic,LIZARD KI,False,ki_barrier,0.005,terms,122
930,derived_KR6KS0007105,stress,previous_real_terms_synthetic,LIZARD KI,False,ki_barrier,0.01,terms,258
931,derived_KR6KS0007105,stress,previous_real_terms_synthetic,LIZARD KI,False,ki_barrier,0.025,terms,603
932,derived_KR6KS0007105,stress,previous_real_terms_synthetic,LIZARD KI,False,ki_barrier,0.05,terms,1227
933,derived_KR6KS0007105,stress,previous_real_terms_synthetic,LIZARD KI,False,first_strike,-0.05,terms,20820
934,derived_KR6KS0007105,stress,previous_real_terms_synthetic,LIZARD KI,False,first_strike,-0.025,terms,11721
935,derived_KR6KS0007105,stress,previous_real_terms_synthetic,LIZARD KI,False,first_strike,-0.01,terms,5037
936,derived_KR6KS0007105,stress,previous_real_terms_synthetic,LIZARD KI,False,first_strike,-0.005,terms,2590
937,derived_KR6KS0007105,stress,previous_real_terms_synthetic,LIZARD KI,False,first_strike,0.005,terms,2600
938,derived_KR6KS0007105,stress,previous_real_terms_synthetic,LIZARD KI,False,first_strike,0.01,terms,5200
939,derived_KR6KS0007105,stress,previous_real_terms_synthetic,LIZARD KI,False,first_strike,0.025,terms,13559
940,derived_KR6KS0007105,stress,previous_real_terms_synthetic,LIZARD KI,False,first_strike,0.05,terms,28462
941,derived_KR6KS0007105,stress,previous_real_terms_synthetic,LIZARD KI,False,last_strike,-0.05,terms,1002
942,derived_KR6KS0007105,stress,previous_real_terms_synthetic,LIZARD KI,False,last_strike,-0.025,terms,462
943,derived_KR6KS0007105,stress,previous_real_terms_synthetic,LIZARD KI,False,last_strike,-0.01,terms,190
944,derived_KR6KS0007105,stress,previous_real_terms_synthetic,LIZARD KI,False,last_strike,-0.005,terms,88
945,derived_KR6KS0007105,stress,previous_real_terms_synthetic,LIZARD KI,False,last_strike,0.005,terms,95
946,derived_KR6KS0007105,stress,previous_real_terms_synthetic,LIZARD KI,False,last_strike,0.01,terms,176
947,derived_KR6KS0007105,stress,previous_real_terms_synthetic,LIZARD KI,False,last_strike,0.025,terms,423
948,derived_KR6KS0007105,stress,previous_real_terms_synthetic,LIZARD KI,False,last_strike,0.05,terms,780
949,derived_KR65733E4863,stress,previous_real_terms_synthetic,LIZARD KI,False,base,0.0,terms,0
950,derived_KR65733E4863,stress,previous_real_terms_synthetic,LIZARD KI,False,coupon_regular,-0.01,terms,61103
951,derived_KR65733E4863,stress,previous_real_terms_synthetic,LIZARD KI,False,coupon_regular,-0.005,terms,61103
952,derived_KR65733E4863,stress,previous_real_terms_synthetic,LIZARD KI,False,coupon_regular,-0.0025,terms,61103
953,derived_KR65733E4863,stress,previous_real_terms_synthetic,LIZARD KI,False,coupon_regular,-0.001,terms,61103
954,derived_KR65733E4863,stress,previous_real_terms_synthetic,LIZARD KI,False,coupon_regular,0.001,terms,61103
955,derived_KR65733E4863,stress,previous_real_terms_synthetic,LIZARD KI,False,coupon_regular,0.0025,terms,61103
956,derived_KR65733E4863,stress,previous_real_terms_synthetic,LIZARD KI,False,coupon_regular,0.005,terms,61103
957,derived_KR65733E4863,stress,previous_real_terms_synthetic,LIZARD KI,False,coupon_regular,0.01,terms,61103
958,derived_KR65733E4863,stress,previous_real_terms_synthetic,LIZARD KI,False,ki_barrier,-0.05,terms,1703
959,derived_KR65733E4863,stress,previous_real_terms_synthetic,LIZARD KI,False,ki_barrier,-0.025,terms,928
960,derived_KR65733E4863,stress,previous_real_terms_synthetic,LIZARD KI,False,ki_barrier,-0.01,terms,370
961,derived_KR65733E4863,stress,previous_real_terms_synthetic,LIZARD KI,False,ki_barrier,-0.005,terms,211
962,derived_KR65733E4863,stress,previous_real_terms_synthetic,LIZARD KI,False,ki_barrier,0.005,terms,219
963,derived_KR65733E4863,stress,previous_real_terms_synthetic,LIZARD KI,False,ki_barrier,0.01,terms,427
964,derived_KR65733E4863,stress,previous_real_terms_synthetic,LIZARD KI,False,ki_barrier,0.025,terms,1101
965,derived_KR65733E4863,stress,previous_real_terms_synthetic,LIZARD KI,False,ki_barrier,0.05,terms,2351
966,derived_KR65733E4863,stress,previous_real_terms_synthetic,LIZARD KI,False,first_strike,-0.05,terms,4765
967,derived_KR65733E4863,stress,previous_real_terms_synthetic,LIZARD KI,False,first_strike,-0.025,terms,1859
968,derived_KR65733E4863,stress,previous_real_terms_synthetic,LIZARD KI,False,first_strike,-0.01,terms,627
969,derived_KR65733E4863,stress,previous_real_terms_synthetic,LIZARD KI,False,first_strike,-0.005,terms,288
970,derived_KR65733E4863,stress,previous_real_terms_synthetic,LIZARD KI,False,first_strike,0.005,terms,264
971,derived_KR65733E4863,stress,previous_real_terms_synthetic,LIZARD KI,False,first_strike,0.01,terms,459
972,derived_KR65733E4863,stress,previous_real_terms_synthetic,LIZARD KI,False,first_strike,0.025,terms,953
973,derived_KR65733E4863,stress,previous_real_terms_synthetic,LIZARD KI,False,first_strike,0.05,terms,1521
974,derived_KR65733E4863,stress,previous_real_terms_synthetic,LIZARD KI,False,last_strike,-0.05,terms,1444
975,derived_KR65733E4863,stress,previous_real_terms_synthetic,LIZARD KI,False,last_strike,-0.025,terms,656
976,derived_KR65733E4863,stress,previous_real_terms_synthetic,LIZARD KI,False,last_strike,-0.01,terms,270
977,derived_KR65733E4863,stress,previous_real_terms_synthetic,LIZARD KI,False,last_strike,-0.005,terms,121
978,derived_KR65733E4863,stress,previous_real_terms_synthetic,LIZARD KI,False,last_strike,0.005,terms,118
979,derived_KR65733E4863,stress,previous_real_terms_synthetic,LIZARD KI,False,last_strike,0.01,terms,219
980,derived_KR65733E4863,stress,previous_real_terms_synthetic,LIZARD KI,False,last_strike,0.025,terms,548
981,derived_KR65733E4863,stress,previous_real_terms_synthetic,LIZARD KI,False,last_strike,0.05,terms,969
982,derived_KR6MD00057V9,stress,previous_real_terms_synthetic,LIZARD KI,False,base,0.0,terms,0
983,derived_KR6MD00057V9,stress,previous_real_terms_synthetic,LIZARD KI,False,coupon_regular,-0.01,terms,72334
984,derived_KR6MD00057V9,stress,previous_real_terms_synthetic,LIZARD KI,False,coupon_regular,-0.005,terms,72334
985,derived_KR6MD00057V9,stress,previous_real_terms_synthetic,LIZARD KI,False,coupon_regular,-0.0025,terms,72334
986,derived_KR6MD00057V9,stress,previous_real_terms_synthetic,LIZARD KI,False,coupon_regular,-0.001,terms,72334
987,derived_KR6MD00057V9,stress,previous_real_terms_synthetic,LIZARD KI,False,coupon_regular,0.001,terms,72334
988,derived_KR6MD00057V9,stress,previous_real_terms_synthetic,LIZARD KI,False,coupon_regular,0.0025,terms,72334
989,derived_KR6MD00057V9,stress,previous_real_terms_synthetic,LIZARD KI,False,coupon_regular,0.005,terms,72334
990,derived_KR6MD00057V9,stress,previous_real_terms_synthetic,LIZARD KI,False,coupon_regular,0.01,terms,72334
991,derived_KR6MD00057V9,stress,previous_real_terms_synthetic,LIZARD KI,False,ki_barrier,-0.05,terms,449
992,derived_KR6MD00057V9,stress,previous_real_terms_synthetic,LIZARD KI,False,ki_barrier,-0.025,terms,218
993,derived_KR6MD00057V9,stress,previous_real_terms_synthetic,LIZARD KI,False,ki_barrier,-0.01,terms,88
994,derived_KR6MD00057V9,stress,previous_real_terms_synthetic,LIZARD KI,False,ki_barrier,-0.005,terms,45
995,derived_KR6MD00057V9,stress,previous_real_terms_synthetic,LIZARD KI,False,ki_barrier,0.005,terms,37
996,derived_KR6MD00057V9,stress,previous_real_terms_synthetic,LIZARD KI,False,ki_barrier,0.01,terms,85
997,derived_KR6MD00057V9,stress,previous_real_terms_synthetic,LIZARD KI,False,ki_barrier,0.025,terms,199
998,derived_KR6MD00057V9,stress,previous_real_terms_synthetic,LIZARD KI,False,ki_barrier,0.05,terms,347
999,derived_KR6MD00057V9,stress,previous_real_terms_synthetic,LIZARD KI,False,first_strike,-0.05,terms,272
1000,derived_KR6MD00057V9,stress,previous_real_terms_synthetic,LIZARD KI,False,first_strike,-0.025,terms,93
1001,derived_KR6MD00057V9,stress,previous_real_terms_synthetic,LIZARD KI,False,first_strike,-0.01,terms,24
1002,derived_KR6MD00057V9,stress,previous_real_terms_synthetic,LIZARD KI,False,first_strike,-0.005,terms,13
1003,derived_KR6MD00057V9,stress,previous_real_terms_synthetic,LIZARD KI,False,first_strike,0.005,terms,13
1004,derived_KR6MD00057V9,stress,previous_real_terms_synthetic,LIZARD KI,False,first_strike,0.01,terms,20
1005,derived_KR6MD00057V9,stress,previous_real_terms_synthetic,LIZARD KI,False,first_strike,0.025,terms,38
1006,derived_KR6MD00057V9,stress,previous_real_terms_synthetic,LIZARD KI,False,first_strike,0.05,terms,56
1007,derived_KR6MD00057V9,stress,previous_real_terms_synthetic,LIZARD KI,False,last_strike,-0.05,terms,313
1008,derived_KR6MD00057V9,stress,previous_real_terms_synthetic,LIZARD KI,False,last_strike,-0.025,terms,150
1009,derived_KR6MD00057V9,stress,previous_real_terms_synthetic,LIZARD KI,False,last_strike,-0.01,terms,69
1010,derived_KR6MD00057V9,stress,previous_real_terms_synthetic,LIZARD KI,False,last_strike,-0.005,terms,29
1011,derived_KR6MD00057V9,stress,previous_real_terms_synthetic,LIZARD KI,False,last_strike,0.005,terms,42
1012,derived_KR6MD00057V9,stress,previous_real_terms_synthetic,LIZARD KI,False,last_strike,0.01,terms,77
1013,derived_KR6MD00057V9,stress,previous_real_terms_synthetic,LIZARD KI,False,last_strike,0.025,terms,156
1014,derived_KR6MD00057V9,stress,previous_real_terms_synthetic,LIZARD KI,False,last_strike,0.05,terms,280
1015,derived_KR6573369941,stress,previous_real_terms_synthetic,LIZARD KI,False,base,0.0,terms,0
1016,derived_KR6573369941,stress,previous_real_terms_synthetic,LIZARD KI,False,coupon_regular,-0.01,terms,69182
1017,derived_KR6573369941,stress,previous_real_terms_synthetic,LIZARD KI,False,coupon_regular,-0.005,terms,69182
1018,derived_KR6573369941,stress,previous_real_terms_synthetic,LIZARD KI,False,coupon_regular,-0.0025,terms,69182
1019,derived_KR6573369941,stress,previous_real_terms_synthetic,LIZARD KI,False,coupon_regular,-0.001,terms,69182
1020,derived_KR6573369941,stress,previous_real_terms_synthetic,LIZARD KI,False,coupon_regular,0.001,terms,69182
1021,derived_KR6573369941,stress,previous_real_terms_synthetic,LIZARD KI,False,coupon_regular,0.0025,terms,69182
1022,derived_KR6573369941,stress,previous_real_terms_synthetic,LIZARD KI,False,coupon_regular,0.005,terms,69182
1023,derived_KR6573369941,stress,previous_real_terms_synthetic,LIZARD KI,False,coupon_regular,0.01,terms,69182
1024,derived_KR6573369941,stress,previous_real_terms_synthetic,LIZARD KI,False,ki_barrier,-0.05,terms,880
1025,derived_KR6573369941,stress,previous_real_terms_synthetic,LIZARD KI,False,ki_barrier,-0.025,terms,453
1026,derived_KR6573369941,stress,previous_real_terms_synthetic,LIZARD KI,False,ki_barrier,-0.01,terms,195
1027,derived_KR6573369941,stress,previous_real_terms_synthetic,LIZARD KI,False,ki_barrier,-0.005,terms,102
1028,derived_KR6573369941,stress,previous_real_terms_synthetic,LIZARD KI,False,ki_barrier,0.005,terms,125
1029,derived_KR6573369941,stress,previous_real_terms_synthetic,LIZARD KI,False,ki_barrier,0.01,terms,236
1030,derived_KR6573369941,stress,previous_real_terms_synthetic,LIZARD KI,False,ki_barrier,0.025,terms,545
1031,derived_KR6573369941,stress,previous_real_terms_synthetic,LIZARD KI,False,ki_barrier,0.05,terms,1080
1032,derived_KR6573369941,stress,previous_real_terms_synthetic,LIZARD KI,False,first_strike,-0.05,terms,2481
1033,derived_KR6573369941,stress,previous_real_terms_synthetic,LIZARD KI,False,first_strike,-0.025,terms,876
1034,derived_KR6573369941,stress,previous_real_terms_synthetic,LIZARD KI,False,first_strike,-0.01,terms,270
1035,derived_KR6573369941,stress,previous_real_terms_synthetic,LIZARD KI,False,first_strike,-0.005,terms,118
1036,derived_KR6573369941,stress,previous_real_terms_synthetic,LIZARD KI,False,first_strike,0.005,terms,124
1037,derived_KR6573369941,stress,previous_real_terms_synthetic,LIZARD KI,False,first_strike,0.01,terms,221
1038,derived_KR6573369941,stress,previous_real_terms_synthetic,LIZARD KI,False,first_strike,0.025,terms,453
1039,derived_KR6573369941,stress,previous_real_terms_synthetic,LIZARD KI,False,first_strike,0.05,terms,653
1040,derived_KR6573369941,stress,previous_real_terms_synthetic,LIZARD KI,False,last_strike,-0.05,terms,799
1041,derived_KR6573369941,stress,previous_real_terms_synthetic,LIZARD KI,False,last_strike,-0.025,terms,368
1042,derived_KR6573369941,stress,previous_real_terms_synthetic,LIZARD KI,False,last_strike,-0.01,terms,146
1043,derived_KR6573369941,stress,previous_real_terms_synthetic,LIZARD KI,False,last_strike,-0.005,terms,68
1044,derived_KR6573369941,stress,previous_real_terms_synthetic,LIZARD KI,False,last_strike,0.005,terms,81
1045,derived_KR6573369941,stress,previous_real_terms_synthetic,LIZARD KI,False,last_strike,0.01,terms,147
1046,derived_KR6573369941,stress,previous_real_terms_synthetic,LIZARD KI,False,last_strike,0.025,terms,337
1047,derived_KR6573369941,stress,previous_real_terms_synthetic,LIZARD KI,False,last_strike,0.05,terms,591
1048,derived_KR65733DL937,stress,previous_real_terms_synthetic,LIZARD KI,False,base,0.0,terms,0
1049,derived_KR65733DL937,stress,previous_real_terms_synthetic,LIZARD KI,False,coupon_regular,-0.01,terms,92004
1050,derived_KR65733DL937,stress,previous_real_terms_synthetic,LIZARD KI,False,coupon_regular,-0.005,terms,92004
1051,derived_KR65733DL937,stress,previous_real_terms_synthetic,LIZARD KI,False,coupon_regular,-0.0025,terms,92004
1052,derived_KR65733DL937,stress,previous_real_terms_synthetic,LIZARD KI,False,coupon_regular,-0.001,terms,92004
1053,derived_KR65733DL937,stress,previous_real_terms_synthetic,LIZARD KI,False,coupon_regular,0.001,terms,92004
1054,derived_KR65733DL937,stress,previous_real_terms_synthetic,LIZARD KI,False,coupon_regular,0.0025,terms,92004
1055,derived_KR65733DL937,stress,previous_real_terms_synthetic,LIZARD KI,False,coupon_regular,0.005,terms,92004
1056,derived_KR65733DL937,stress,previous_real_terms_synthetic,LIZARD KI,False,coupon_regular,0.01,terms,92004
1057,derived_KR65733DL937,stress,previous_real_terms_synthetic,LIZARD KI,False,ki_barrier,-0.05,terms,575
1058,derived_KR65733DL937,stress,previous_real_terms_synthetic,LIZARD KI,False,ki_barrier,-0.025,terms,340
1059,derived_KR65733DL937,stress,previous_real_terms_synthetic,LIZARD KI,False,ki_barrier,-0.01,terms,162
1060,derived_KR65733DL937,stress,previous_real_terms_synthetic,LIZARD KI,False,ki_barrier,-0.005,terms,79
1061,derived_KR65733DL937,stress,previous_real_terms_synthetic,LIZARD KI,False,ki_barrier,0.005,terms,82
1062,derived_KR65733DL937,stress,previous_real_terms_synthetic,LIZARD KI,False,ki_barrier,0.01,terms,187
1063,derived_KR65733DL937,stress,previous_real_terms_synthetic,LIZARD KI,False,ki_barrier,0.025,terms,520
1064,derived_KR65733DL937,stress,previous_real_terms_synthetic,LIZARD KI,False,ki_barrier,0.05,terms,1232
1065,derived_KR65733DL937,stress,previous_real_terms_synthetic,LIZARD KI,False,first_strike,-0.05,terms,10212
1066,derived_KR65733DL937,stress,previous_real_terms_synthetic,LIZARD KI,False,first_strike,-0.025,terms,3717
1067,derived_KR65733DL937,stress,previous_real_terms_synthetic,LIZARD KI,False,first_strike,-0.01,terms,1168
1068,derived_KR65733DL937,stress,previous_real_terms_synthetic,LIZARD KI,False,first_strike,-0.005,terms,566
1069,derived_KR65733DL937,stress,previous_real_terms_synthetic,LIZARD KI,False,first_strike,0.005,terms,478
1070,derived_KR65733DL937,stress,previous_real_terms_synthetic,LIZARD KI,False,first_strike,0.01,terms,946
1071,derived_KR65733DL937,stress,previous_real_terms_synthetic,LIZARD KI,False,first_strike,0.025,terms,1967
1072,derived_KR65733DL937,stress,previous_real_terms_synthetic,LIZARD KI,False,first_strike,0.05,terms,2923
1073,derived_KR65733DL937,stress,previous_real_terms_synthetic,LIZARD KI,False,last_strike,-0.05,terms,1542
1074,derived_KR65733DL937,stress,previous_real_terms_synthetic,LIZARD KI,False,last_strike,-0.025,terms,702
1075,derived_KR65733DL937,stress,previous_real_terms_synthetic,LIZARD KI,False,last_strike,-0.01,terms,276
1076,derived_KR65733DL937,stress,previous_real_terms_synthetic,LIZARD KI,False,last_strike,-0.005,terms,144
1077,derived_KR65733DL937,stress,previous_real_terms_synthetic,LIZARD KI,False,last_strike,0.005,terms,130
1078,derived_KR65733DL937,stress,previous_real_terms_synthetic,LIZARD KI,False,last_strike,0.01,terms,255
1079,derived_KR65733DL937,stress,previous_real_terms_synthetic,LIZARD KI,False,last_strike,0.025,terms,595
1080,derived_KR65733DL937,stress,previous_real_terms_synthetic,LIZARD KI,False,last_strike,0.05,terms,1090
1081,derived_KR6KS0001T05,stress,previous_real_terms_synthetic,LIZARD KI,False,base,0.0,terms,0
1082,derived_KR6KS0001T05,stress,previous_real_terms_synthetic,LIZARD KI,False,coupon_regular,-0.01,terms,79479
1083,derived_KR6KS0001T05,stress,previous_real_terms_synthetic,LIZARD KI,False,coupon_regular,-0.005,terms,79479
1084,derived_KR6KS0001T05,stress,previous_real_terms_synthetic,LIZARD KI,False,coupon_regular,-0.0025,terms,79479
1085,derived_KR6KS0001T05,stress,previous_real_terms_synthetic,LIZARD KI,False,coupon_regular,-0.001,terms,79479
1086,derived_KR6KS0001T05,stress,previous_real_terms_synthetic,LIZARD KI,False,coupon_regular,0.001,terms,79479
1087,derived_KR6KS0001T05,stress,previous_real_terms_synthetic,LIZARD KI,False,coupon_regular,0.0025,terms,79479
1088,derived_KR6KS0001T05,stress,previous_real_terms_synthetic,LIZARD KI,False,coupon_regular,0.005,terms,79479
1089,derived_KR6KS0001T05,stress,previous_real_terms_synthetic,LIZARD KI,False,coupon_regular,0.01,terms,79479
1090,derived_KR6KS0001T05,stress,previous_real_terms_synthetic,LIZARD KI,False,ki_barrier,-0.05,terms,5155
1091,derived_KR6KS0001T05,stress,previous_real_terms_synthetic,LIZARD KI,False,ki_barrier,-0.025,terms,2417
1092,derived_KR6KS0001T05,stress,previous_real_terms_synthetic,LIZARD KI,False,ki_barrier,-0.01,terms,925
1093,derived_KR6KS0001T05,stress,previous_real_terms_synthetic,LIZARD KI,False,ki_barrier,-0.005,terms,469
1094,derived_KR6KS0001T05,stress,previous_real_terms_synthetic,LIZARD KI,False,ki_barrier,0.005,terms,481
1095,derived_KR6KS0001T05,stress,previous_real_terms_synthetic,LIZARD KI,False,ki_barrier,0.01,terms,935
1096,derived_KR6KS0001T05,stress,previous_real_terms_synthetic,LIZARD KI,False,ki_barrier,0.025,terms,2245
1097,derived_KR6KS0001T05,stress,previous_real_terms_synthetic,LIZARD KI,False,ki_barrier,0.05,terms,4037
1098,derived_KR6KS0001T05,stress,previous_real_terms_synthetic,LIZARD KI,False,first_strike,-0.05,terms,15833
1099,derived_KR6KS0001T05,stress,previous_real_terms_synthetic,LIZARD KI,False,first_strike,-0.025,terms,7143
1100,derived_KR6KS0001T05,stress,previous_real_terms_synthetic,LIZARD KI,False,first_strike,-0.01,terms,2616
1101,derived_KR6KS0001T05,stress,previous_real_terms_synthetic,LIZARD KI,False,first_strike,-0.005,terms,1309
1102,derived_KR6KS0001T05,stress,previous_real_terms_synthetic,LIZARD KI,False,first_strike,0.005,terms,1237
1103,derived_KR6KS0001T05,stress,previous_real_terms_synthetic,LIZARD KI,False,first_strike,0.01,terms,2310
1104,derived_KR6KS0001T05,stress,previous_real_terms_synthetic,LIZARD KI,False,first_strike,0.025,terms,5269
1105,derived_KR6KS0001T05,stress,previous_real_terms_synthetic,LIZARD KI,False,first_strike,0.05,terms,9171
1106,derived_KR6KS0001T05,stress,previous_real_terms_synthetic,LIZARD KI,False,last_strike,-0.05,terms,2846
1107,derived_KR6KS0001T05,stress,previous_real_terms_synthetic,LIZARD KI,False,last_strike,-0.025,terms,1303
1108,derived_KR6KS0001T05,stress,previous_real_terms_synthetic,LIZARD KI,False,last_strike,-0.01,terms,501
1109,derived_KR6KS0001T05,stress,previous_real_terms_synthetic,LIZARD KI,False,last_strike,-0.005,terms,250
1110,derived_KR6KS0001T05,stress,previous_real_terms_synthetic,LIZARD KI,False,last_strike,0.005,terms,245
1111,derived_KR6KS0001T05,stress,previous_real_terms_synthetic,LIZARD KI,False,last_strike,0.01,terms,463
1112,derived_KR6KS0001T05,stress,previous_real_terms_synthetic,LIZARD KI,False,last_strike,0.025,terms,1153
1113,derived_KR6KS0001T05,stress,previous_real_terms_synthetic,LIZARD KI,False,last_strike,0.05,terms,2060
1114,derived_KR65733C9997,stress,previous_real_terms_synthetic,LIZARD KI,False,base,0.0,terms,0
1115,derived_KR65733C9997,stress,previous_real_terms_synthetic,LIZARD KI,False,coupon_regular,-0.01,terms,102149
1116,derived_KR65733C9997,stress,previous_real_terms_synthetic,LIZARD KI,False,coupon_regular,-0.005,terms,102149
1117,derived_KR65733C9997,stress,previous_real_terms_synthetic,LIZARD KI,False,coupon_regular,-0.0025,terms,102149
1118,derived_KR65733C9997,stress,previous_real_terms_synthetic,LIZARD KI,False,coupon_regular,-0.001,terms,102149
1119,derived_KR65733C9997,stress,previous_real_terms_synthetic,LIZARD KI,False,coupon_regular,0.001,terms,102149
1120,derived_KR65733C9997,stress,previous_real_terms_synthetic,LIZARD KI,False,coupon_regular,0.0025,terms,102149
1121,derived_KR65733C9997,stress,previous_real_terms_synthetic,LIZARD KI,False,coupon_regular,0.005,terms,102149
1122,derived_KR65733C9997,stress,previous_real_terms_synthetic,LIZARD KI,False,coupon_regular,0.01,terms,102149
1123,derived_KR65733C9997,stress,previous_real_terms_synthetic,LIZARD KI,False,ki_barrier,-0.05,terms,596
1124,derived_KR65733C9997,stress,previous_real_terms_synthetic,LIZARD KI,False,ki_barrier,-0.025,terms,372
1125,derived_KR65733C9997,stress,previous_real_terms_synthetic,LIZARD KI,False,ki_barrier,-0.01,terms,175
1126,derived_KR65733C9997,stress,previous_real_terms_synthetic,LIZARD KI,False,ki_barrier,-0.005,terms,98
1127,derived_KR65733C9997,stress,previous_real_terms_synthetic,LIZARD KI,False,ki_barrier,0.005,terms,91
1128,derived_KR65733C9997,stress,previous_real_terms_synthetic,LIZARD KI,False,ki_barrier,0.01,terms,184
1129,derived_KR65733C9997,stress,previous_real_terms_synthetic,LIZARD KI,False,ki_barrier,0.025,terms,567
1130,derived_KR65733C9997,stress,previous_real_terms_synthetic,LIZARD KI,False,ki_barrier,0.05,terms,1365
1131,derived_KR65733C9997,stress,previous_real_terms_synthetic,LIZARD KI,False,first_strike,-0.05,terms,21663
1132,derived_KR65733C9997,stress,previous_real_terms_synthetic,LIZARD KI,False,first_strike,-0.025,terms,12074
1133,derived_KR65733C9997,stress,previous_real_terms_synthetic,LIZARD KI,False,first_strike,-0.01,terms,5125
1134,derived_KR65733C9997,stress,previous_real_terms_synthetic,LIZARD KI,False,first_strike,-0.005,terms,2613
1135,derived_KR65733C9997,stress,previous_real_terms_synthetic,LIZARD KI,False,first_strike,0.005,terms,2836
1136,derived_KR65733C9997,stress,previous_real_terms_synthetic,LIZARD KI,False,first_strike,0.01,terms,5603
1137,derived_KR65733C9997,stress,previous_real_terms_synthetic,LIZARD KI,False,first_strike,0.025,terms,14424
1138,derived_KR65733C9997,stress,previous_real_terms_synthetic,LIZARD KI,False,first_strike,0.05,terms,29629
1139,derived_KR65733C9997,stress,previous_real_terms_synthetic,LIZARD KI,False,last_strike,-0.05,terms,1630
1140,derived_KR65733C9997,stress,previous_real_terms_synthetic,LIZARD KI,False,last_strike,-0.025,terms,759
1141,derived_KR65733C9997,stress,previous_real_terms_synthetic,LIZARD KI,False,last_strike,-0.01,terms,293
1142,derived_KR65733C9997,stress,previous_real_terms_synthetic,LIZARD KI,False,last_strike,-0.005,terms,145
1143,derived_KR65733C9997,stress,previous_real_terms_synthetic,LIZARD KI,False,last_strike,0.005,terms,116
1144,derived_KR65733C9997,stress,previous_real_terms_synthetic,LIZARD KI,False,last_strike,0.01,terms,261
1145,derived_KR65733C9997,stress,previous_real_terms_synthetic,LIZARD KI,False,last_strike,0.025,terms,626
1146,derived_KR65733C9997,stress,previous_real_terms_synthetic,LIZARD KI,False,last_strike,0.05,terms,1073
1147,derived_KR6703386A14,stress,previous_real_terms_synthetic,LIZARD no-KI,False,base,0.0,terms,0
1148,derived_KR6703386A14,stress,previous_real_terms_synthetic,LIZARD no-KI,False,coupon_regular,-0.01,terms,89066
1149,derived_KR6703386A14,stress,previous_real_terms_synthetic,LIZARD no-KI,False,coupon_regular,-0.005,terms,89066
1150,derived_KR6703386A14,stress,previous_real_terms_synthetic,LIZARD no-KI,False,coupon_regular,-0.0025,terms,89066
1151,derived_KR6703386A14,stress,previous_real_terms_synthetic,LIZARD no-KI,False,coupon_regular,-0.001,terms,89066
1152,derived_KR6703386A14,stress,previous_real_terms_synthetic,LIZARD no-KI,False,coupon_regular,0.001,terms,89066
1153,derived_KR6703386A14,stress,previous_real_terms_synthetic,LIZARD no-KI,False,coupon_regular,0.0025,terms,89066
1154,derived_KR6703386A14,stress,previous_real_terms_synthetic,LIZARD no-KI,False,coupon_regular,0.005,terms,89066
1155,derived_KR6703386A14,stress,previous_real_terms_synthetic,LIZARD no-KI,False,coupon_regular,0.01,terms,89066
1156,derived_KR6703386A14,stress,previous_real_terms_synthetic,LIZARD no-KI,False,first_strike,-0.05,terms,26375
1157,derived_KR6703386A14,stress,previous_real_terms_synthetic,LIZARD no-KI,False,first_strike,-0.025,terms,13331
1158,derived_KR6703386A14,stress,previous_real_terms_synthetic,LIZARD no-KI,False,first_strike,-0.01,terms,5227
1159,derived_KR6703386A14,stress,previous_real_terms_synthetic,LIZARD no-KI,False,first_strike,-0.005,terms,2641
1160,derived_KR6703386A14,stress,previous_real_terms_synthetic,LIZARD no-KI,False,first_strike,0.005,terms,2657
1161,derived_KR6703386A14,stress,previous_real_terms_synthetic,LIZARD no-KI,False,first_strike,0.01,terms,5215
1162,derived_KR6703386A14,stress,previous_real_terms_synthetic,LIZARD no-KI,False,first_strike,0.025,terms,12468
1163,derived_KR6703386A14,stress,previous_real_terms_synthetic,LIZARD no-KI,False,first_strike,0.05,terms,23270
1164,derived_KR6703386A14,stress,previous_real_terms_synthetic,LIZARD no-KI,False,last_strike,-0.05,terms,2652
1165,derived_KR6703386A14,stress,previous_real_terms_synthetic,LIZARD no-KI,False,last_strike,-0.025,terms,1330
1166,derived_KR6703386A14,stress,previous_real_terms_synthetic,LIZARD no-KI,False,last_strike,-0.01,terms,524
1167,derived_KR6703386A14,stress,previous_real_terms_synthetic,LIZARD no-KI,False,last_strike,-0.005,terms,264
1168,derived_KR6703386A14,stress,previous_real_terms_synthetic,LIZARD no-KI,False,last_strike,0.005,terms,270
1169,derived_KR6703386A14,stress,previous_real_terms_synthetic,LIZARD no-KI,False,last_strike,0.01,terms,529
1170,derived_KR6703386A14,stress,previous_real_terms_synthetic,LIZARD no-KI,False,last_strike,0.025,terms,1370
1171,derived_KR6703386A14,stress,previous_real_terms_synthetic,LIZARD no-KI,False,last_strike,0.05,terms,2667
1172,derived_KR6HN0000YL3,stress,previous_real_terms_synthetic,LIZARD no-KI,False,base,0.0,terms,0
1173,derived_KR6HN0000YL3,stress,previous_real_terms_synthetic,LIZARD no-KI,False,coupon_regular,-0.01,terms,95453
1174,derived_KR6HN0000YL3,stress,previous_real_terms_synthetic,LIZARD no-KI,False,coupon_regular,-0.005,terms,95453
1175,derived_KR6HN0000YL3,stress,previous_real_terms_synthetic,LIZARD no-KI,False,coupon_regular,-0.0025,terms,95453
1176,derived_KR6HN0000YL3,stress,previous_real_terms_synthetic,LIZARD no-KI,False,coupon_regular,-0.001,terms,95453
1177,derived_KR6HN0000YL3,stress,previous_real_terms_synthetic,LIZARD no-KI,False,coupon_regular,0.001,terms,95453
1178,derived_KR6HN0000YL3,stress,previous_real_terms_synthetic,LIZARD no-KI,False,coupon_regular,0.0025,terms,95453
1179,derived_KR6HN0000YL3,stress,previous_real_terms_synthetic,LIZARD no-KI,False,coupon_regular,0.005,terms,95453
1180,derived_KR6HN0000YL3,stress,previous_real_terms_synthetic,LIZARD no-KI,False,coupon_regular,0.01,terms,95453
1181,derived_KR6HN0000YL3,stress,previous_real_terms_synthetic,LIZARD no-KI,False,first_strike,-0.05,terms,26890
1182,derived_KR6HN0000YL3,stress,previous_real_terms_synthetic,LIZARD no-KI,False,first_strike,-0.025,terms,13254
1183,derived_KR6HN0000YL3,stress,previous_real_terms_synthetic,LIZARD no-KI,False,first_strike,-0.01,terms,5166
1184,derived_KR6HN0000YL3,stress,previous_real_terms_synthetic,LIZARD no-KI,False,first_strike,-0.005,terms,2591
1185,derived_KR6HN0000YL3,stress,previous_real_terms_synthetic,LIZARD no-KI,False,first_strike,0.005,terms,2425
1186,derived_KR6HN0000YL3,stress,previous_real_terms_synthetic,LIZARD no-KI,False,first_strike,0.01,terms,4926
1187,derived_KR6HN0000YL3,stress,previous_real_terms_synthetic,LIZARD no-KI,False,first_strike,0.025,terms,11884
1188,derived_KR6HN0000YL3,stress,previous_real_terms_synthetic,LIZARD no-KI,False,first_strike,0.05,terms,22020
1189,derived_KR6HN0000YL3,stress,previous_real_terms_synthetic,LIZARD no-KI,False,last_strike,-0.05,terms,3436
1190,derived_KR6HN0000YL3,stress,previous_real_terms_synthetic,LIZARD no-KI,False,last_strike,-0.025,terms,1705
1191,derived_KR6HN0000YL3,stress,previous_real_terms_synthetic,LIZARD no-KI,False,last_strike,-0.01,terms,680
1192,derived_KR6HN0000YL3,stress,previous_real_terms_synthetic,LIZARD no-KI,False,last_strike,-0.005,terms,344
1193,derived_KR6HN0000YL3,stress,previous_real_terms_synthetic,LIZARD no-KI,False,last_strike,0.005,terms,339
1194,derived_KR6HN0000YL3,stress,previous_real_terms_synthetic,LIZARD no-KI,False,last_strike,0.01,terms,671
1195,derived_KR6HN0000YL3,stress,previous_real_terms_synthetic,LIZARD no-KI,False,last_strike,0.025,terms,1698
1196,derived_KR6HN0000YL3,stress,previous_real_terms_synthetic,LIZARD no-KI,False,last_strike,0.05,terms,3155
1197,derived_KR6KB00084R5,stress,previous_real_terms_synthetic,LIZARD no-KI,False,base,0.0,terms,0
1198,derived_KR6KB00084R5,stress,previous_real_terms_synthetic,LIZARD no-KI,False,coupon_regular,-0.01,terms,88697
1199,derived_KR6KB00084R5,stress,previous_real_terms_synthetic,LIZARD no-KI,False,coupon_regular,-0.005,terms,88697
1200,derived_KR6KB00084R5,stress,previous_real_terms_synthetic,LIZARD no-KI,False,coupon_regular,-0.0025,terms,88697
1201,derived_KR6KB00084R5,stress,previous_real_terms_synthetic,LIZARD no-KI,False,coupon_regular,-0.001,terms,88697
1202,derived_KR6KB00084R5,stress,previous_real_terms_synthetic,LIZARD no-KI,False,coupon_regular,0.001,terms,88697
1203,derived_KR6KB00084R5,stress,previous_real_terms_synthetic,LIZARD no-KI,False,coupon_regular,0.0025,terms,88697
1204,derived_KR6KB00084R5,stress,previous_real_terms_synthetic,LIZARD no-KI,False,coupon_regular,0.005,terms,88697
1205,derived_KR6KB00084R5,stress,previous_real_terms_synthetic,LIZARD no-KI,False,coupon_regular,0.01,terms,88697
1206,derived_KR6KB00084R5,stress,previous_real_terms_synthetic,LIZARD no-KI,False,first_strike,-0.05,terms,5514
1207,derived_KR6KB00084R5,stress,previous_real_terms_synthetic,LIZARD no-KI,False,first_strike,-0.025,terms,2679
1208,derived_KR6KB00084R5,stress,previous_real_terms_synthetic,LIZARD no-KI,False,first_strike,-0.01,terms,1099
1209,derived_KR6KB00084R5,stress,previous_real_terms_synthetic,LIZARD no-KI,False,first_strike,-0.005,terms,512
1210,derived_KR6KB00084R5,stress,previous_real_terms_synthetic,LIZARD no-KI,False,first_strike,0.005,terms,532
1211,derived_KR6KB00084R5,stress,previous_real_terms_synthetic,LIZARD no-KI,False,first_strike,0.01,terms,1074
1212,derived_KR6KB00084R5,stress,previous_real_terms_synthetic,LIZARD no-KI,False,first_strike,0.025,terms,2613
1213,derived_KR6KB00084R5,stress,previous_real_terms_synthetic,LIZARD no-KI,False,first_strike,0.05,terms,5117
1214,derived_KR6KB00084R5,stress,previous_real_terms_synthetic,LIZARD no-KI,False,last_strike,-0.05,terms,920
1215,derived_KR6KB00084R5,stress,previous_real_terms_synthetic,LIZARD no-KI,False,last_strike,-0.025,terms,463
1216,derived_KR6KB00084R5,stress,previous_real_terms_synthetic,LIZARD no-KI,False,last_strike,-0.01,terms,190
1217,derived_KR6KB00084R5,stress,previous_real_terms_synthetic,LIZARD no-KI,False,last_strike,-0.005,terms,94
1218,derived_KR6KB00084R5,stress,previous_real_terms_synthetic,LIZARD no-KI,False,last_strike,0.005,terms,67
1219,derived_KR6KB00084R5,stress,previous_real_terms_synthetic,LIZARD no-KI,False,last_strike,0.01,terms,147
1220,derived_KR6KB00084R5,stress,previous_real_terms_synthetic,LIZARD no-KI,False,last_strike,0.025,terms,386
1221,derived_KR6KB00084R5,stress,previous_real_terms_synthetic,LIZARD no-KI,False,last_strike,0.05,terms,735
1222,derived_KR65293B39B0,stress,previous_real_terms_synthetic,LIZARD no-KI,False,base,0.0,terms,0
1223,derived_KR65293B39B0,stress,previous_real_terms_synthetic,LIZARD no-KI,False,coupon_regular,-0.01,terms,77717
1224,derived_KR65293B39B0,stress,previous_real_terms_synthetic,LIZARD no-KI,False,coupon_regular,-0.005,terms,77717
1225,derived_KR65293B39B0,stress,previous_real_terms_synthetic,LIZARD no-KI,False,coupon_regular,-0.0025,terms,77717
1226,derived_KR65293B39B0,stress,previous_real_terms_synthetic,LIZARD no-KI,False,coupon_regular,-0.001,terms,77717
1227,derived_KR65293B39B0,stress,previous_real_terms_synthetic,LIZARD no-KI,False,coupon_regular,0.001,terms,77717
1228,derived_KR65293B39B0,stress,previous_real_terms_synthetic,LIZARD no-KI,False,coupon_regular,0.0025,terms,77717
1229,derived_KR65293B39B0,stress,previous_real_terms_synthetic,LIZARD no-KI,False,coupon_regular,0.005,terms,77717
1230,derived_KR65293B39B0,stress,previous_real_terms_synthetic,LIZARD no-KI,False,coupon_regular,0.01,terms,77717
1231,derived_KR65293B39B0,stress,previous_real_terms_synthetic,LIZARD no-KI,False,first_strike,-0.05,terms,24392
1232,derived_KR65293B39B0,stress,previous_real_terms_synthetic,LIZARD no-KI,False,first_strike,-0.025,terms,12436
1233,derived_KR65293B39B0,stress,previous_real_terms_synthetic,LIZARD no-KI,False,first_strike,-0.01,terms,4943
1234,derived_KR65293B39B0,stress,previous_real_terms_synthetic,LIZARD no-KI,False,first_strike,-0.005,terms,2437
1235,derived_KR65293B39B0,stress,previous_real_terms_synthetic,LIZARD no-KI,False,first_strike,0.005,terms,2416
1236,derived_KR65293B39B0,stress,previous_real_terms_synthetic,LIZARD no-KI,False,first_strike,0.01,terms,4931
1237,derived_KR65293B39B0,stress,previous_real_terms_synthetic,LIZARD no-KI,False,first_strike,0.025,terms,12243
1238,derived_KR65293B39B0,stress,previous_real_terms_synthetic,LIZARD no-KI,False,first_strike,0.05,terms,23393
1239,derived_KR65293B39B0,stress,previous_real_terms_synthetic,LIZARD no-KI,False,last_strike,-0.05,terms,2791
1240,derived_KR65293B39B0,stress,previous_real_terms_synthetic,LIZARD no-KI,False,last_strike,-0.025,terms,1409
1241,derived_KR65293B39B0,stress,previous_real_terms_synthetic,LIZARD no-KI,False,last_strike,-0.01,terms,595
1242,derived_KR65293B39B0,stress,previous_real_terms_synthetic,LIZARD no-KI,False,last_strike,-0.005,terms,288
1243,derived_KR65293B39B0,stress,previous_real_terms_synthetic,LIZARD no-KI,False,last_strike,0.005,terms,294
1244,derived_KR65293B39B0,stress,previous_real_terms_synthetic,LIZARD no-KI,False,last_strike,0.01,terms,572
1245,derived_KR65293B39B0,stress,previous_real_terms_synthetic,LIZARD no-KI,False,last_strike,0.025,terms,1414
1246,derived_KR65293B39B0,stress,previous_real_terms_synthetic,LIZARD no-KI,False,last_strike,0.05,terms,2682
1247,derived_KR6503320717,stress,previous_real_terms_synthetic,LIZARD no-KI,False,base,0.0,terms,0
1248,derived_KR6503320717,stress,previous_real_terms_synthetic,LIZARD no-KI,False,coupon_regular,-0.01,terms,84830
1249,derived_KR6503320717,stress,previous_real_terms_synthetic,LIZARD no-KI,False,coupon_regular,-0.005,terms,84830
1250,derived_KR6503320717,stress,previous_real_terms_synthetic,LIZARD no-KI,False,coupon_regular,-0.0025,terms,84830
1251,derived_KR6503320717,stress,previous_real_terms_synthetic,LIZARD no-KI,False,coupon_regular,-0.001,terms,84830
1252,derived_KR6503320717,stress,previous_real_terms_synthetic,LIZARD no-KI,False,coupon_regular,0.001,terms,84830
1253,derived_KR6503320717,stress,previous_real_terms_synthetic,LIZARD no-KI,False,coupon_regular,0.0025,terms,84830
1254,derived_KR6503320717,stress,previous_real_terms_synthetic,LIZARD no-KI,False,coupon_regular,0.005,terms,84830
1255,derived_KR6503320717,stress,previous_real_terms_synthetic,LIZARD no-KI,False,coupon_regular,0.01,terms,84830
1256,derived_KR6503320717,stress,previous_real_terms_synthetic,LIZARD no-KI,False,first_strike,-0.05,terms,20732
1257,derived_KR6503320717,stress,previous_real_terms_synthetic,LIZARD no-KI,False,first_strike,-0.025,terms,11248
1258,derived_KR6503320717,stress,previous_real_terms_synthetic,LIZARD no-KI,False,first_strike,-0.01,terms,4738
1259,derived_KR6503320717,stress,previous_real_terms_synthetic,LIZARD no-KI,False,first_strike,-0.005,terms,2395
1260,derived_KR6503320717,stress,previous_real_terms_synthetic,LIZARD no-KI,False,first_strike,0.005,terms,2367
1261,derived_KR6503320717,stress,previous_real_terms_synthetic,LIZARD no-KI,False,first_strike,0.01,terms,4791
1262,derived_KR6503320717,stress,previous_real_terms_synthetic,LIZARD no-KI,False,first_strike,0.025,terms,12172
1263,derived_KR6503320717,stress,previous_real_terms_synthetic,LIZARD no-KI,False,first_strike,0.05,terms,24573
1264,derived_KR6503320717,stress,previous_real_terms_synthetic,LIZARD no-KI,False,last_strike,-0.05,terms,419
1265,derived_KR6503320717,stress,previous_real_terms_synthetic,LIZARD no-KI,False,last_strike,-0.025,terms,212
1266,derived_KR6503320717,stress,previous_real_terms_synthetic,LIZARD no-KI,False,last_strike,-0.01,terms,79
1267,derived_KR6503320717,stress,previous_real_terms_synthetic,LIZARD no-KI,False,last_strike,-0.005,terms,41
1268,derived_KR6503320717,stress,previous_real_terms_synthetic,LIZARD no-KI,False,last_strike,0.005,terms,36
1269,derived_KR6503320717,stress,previous_real_terms_synthetic,LIZARD no-KI,False,last_strike,0.01,terms,82
1270,derived_KR6503320717,stress,previous_real_terms_synthetic,LIZARD no-KI,False,last_strike,0.025,terms,214
1271,derived_KR6503320717,stress,previous_real_terms_synthetic,LIZARD no-KI,False,last_strike,0.05,terms,401
1272,derived_KR6613361882,stress,previous_real_terms_synthetic,LIZARD no-KI,False,base,0.0,terms,0
1273,derived_KR6613361882,stress,previous_real_terms_synthetic,LIZARD no-KI,False,coupon_regular,-0.01,terms,103992
1274,derived_KR6613361882,stress,previous_real_terms_synthetic,LIZARD no-KI,False,coupon_regular,-0.005,terms,103992
1275,derived_KR6613361882,stress,previous_real_terms_synthetic,LIZARD no-KI,False,coupon_regular,-0.0025,terms,103992
1276,derived_KR6613361882,stress,previous_real_terms_synthetic,LIZARD no-KI,False,coupon_regular,-0.001,terms,103992
1277,derived_KR6613361882,stress,previous_real_terms_synthetic,LIZARD no-KI,False,coupon_regular,0.001,terms,103992
1278,derived_KR6613361882,stress,previous_real_terms_synthetic,LIZARD no-KI,False,coupon_regular,0.0025,terms,103992
1279,derived_KR6613361882,stress,previous_real_terms_synthetic,LIZARD no-KI,False,coupon_regular,0.005,terms,103992
1280,derived_KR6613361882,stress,previous_real_terms_synthetic,LIZARD no-KI,False,coupon_regular,0.01,terms,103992
1281,derived_KR6613361882,stress,previous_real_terms_synthetic,LIZARD no-KI,False,first_strike,-0.05,terms,2827
1282,derived_KR6613361882,stress,previous_real_terms_synthetic,LIZARD no-KI,False,first_strike,-0.025,terms,766
1283,derived_KR6613361882,stress,previous_real_terms_synthetic,LIZARD no-KI,False,first_strike,-0.01,terms,199
1284,derived_KR6613361882,stress,previous_real_terms_synthetic,LIZARD no-KI,False,first_strike,-0.005,terms,94
1285,derived_KR6613361882,stress,previous_real_terms_synthetic,LIZARD no-KI,False,first_strike,0.005,terms,61
1286,derived_KR6613361882,stress,previous_real_terms_synthetic,LIZARD no-KI,False,first_strike,0.01,terms,117
1287,derived_KR6613361882,stress,previous_real_terms_synthetic,LIZARD no-KI,False,first_strike,0.025,terms,240
1288,derived_KR6613361882,stress,previous_real_terms_synthetic,LIZARD no-KI,False,first_strike,0.05,terms,320
1289,derived_KR6613361882,stress,previous_real_terms_synthetic,LIZARD no-KI,False,last_strike,-0.05,terms,189
1290,derived_KR6613361882,stress,previous_real_terms_synthetic,LIZARD no-KI,False,last_strike,-0.025,terms,111
1291,derived_KR6613361882,stress,previous_real_terms_synthetic,LIZARD no-KI,False,last_strike,-0.01,terms,46
1292,derived_KR6613361882,stress,previous_real_terms_synthetic,LIZARD no-KI,False,last_strike,-0.005,terms,26
1293,derived_KR6613361882,stress,previous_real_terms_synthetic,LIZARD no-KI,False,last_strike,0.005,terms,30
1294,derived_KR6613361882,stress,previous_real_terms_synthetic,LIZARD no-KI,False,last_strike,0.01,terms,64
1295,derived_KR6613361882,stress,previous_real_terms_synthetic,LIZARD no-KI,False,last_strike,0.025,terms,159
1296,derived_KR6613361882,stress,previous_real_terms_synthetic,LIZARD no-KI,False,last_strike,0.05,terms,346
1297,derived_KR65833CM935,stress,previous_real_terms_synthetic,LIZARD no-KI,False,base,0.0,terms,0
1298,derived_KR65833CM935,stress,previous_real_terms_synthetic,LIZARD no-KI,False,coupon_regular,-0.01,terms,81538
1299,derived_KR65833CM935,stress,previous_real_terms_synthetic,LIZARD no-KI,False,coupon_regular,-0.005,terms,81538
1300,derived_KR65833CM935,stress,previous_real_terms_synthetic,LIZARD no-KI,False,coupon_regular,-0.0025,terms,81538
1301,derived_KR65833CM935,stress,previous_real_terms_synthetic,LIZARD no-KI,False,coupon_regular,-0.001,terms,81538
1302,derived_KR65833CM935,stress,previous_real_terms_synthetic,LIZARD no-KI,False,coupon_regular,0.001,terms,81538
1303,derived_KR65833CM935,stress,previous_real_terms_synthetic,LIZARD no-KI,False,coupon_regular,0.0025,terms,81538
1304,derived_KR65833CM935,stress,previous_real_terms_synthetic,LIZARD no-KI,False,coupon_regular,0.005,terms,81538
1305,derived_KR65833CM935,stress,previous_real_terms_synthetic,LIZARD no-KI,False,coupon_regular,0.01,terms,81538
1306,derived_KR65833CM935,stress,previous_real_terms_synthetic,LIZARD no-KI,False,first_strike,-0.05,terms,21856
1307,derived_KR65833CM935,stress,previous_real_terms_synthetic,LIZARD no-KI,False,first_strike,-0.025,terms,11852
1308,derived_KR65833CM935,stress,previous_real_terms_synthetic,LIZARD no-KI,False,first_strike,-0.01,terms,4934
1309,derived_KR65833CM935,stress,previous_real_terms_synthetic,LIZARD no-KI,False,first_strike,-0.005,terms,2498
1310,derived_KR65833CM935,stress,previous_real_terms_synthetic,LIZARD no-KI,False,first_strike,0.005,terms,2577
1311,derived_KR65833CM935,stress,previous_real_terms_synthetic,LIZARD no-KI,False,first_strike,0.01,terms,5168
1312,derived_KR65833CM935,stress,previous_real_terms_synthetic,LIZARD no-KI,False,first_strike,0.025,terms,13045
1313,derived_KR65833CM935,stress,previous_real_terms_synthetic,LIZARD no-KI,False,first_strike,0.05,terms,26367
1314,derived_KR65833CM935,stress,previous_real_terms_synthetic,LIZARD no-KI,False,last_strike,-0.05,terms,547
1315,derived_KR65833CM935,stress,previous_real_terms_synthetic,LIZARD no-KI,False,last_strike,-0.025,terms,269
1316,derived_KR65833CM935,stress,previous_real_terms_synthetic,LIZARD no-KI,False,last_strike,-0.01,terms,108
1317,derived_KR65833CM935,stress,previous_real_terms_synthetic,LIZARD no-KI,False,last_strike,-0.005,terms,49
1318,derived_KR65833CM935,stress,previous_real_terms_synthetic,LIZARD no-KI,False,last_strike,0.005,terms,56
1319,derived_KR65833CM935,stress,previous_real_terms_synthetic,LIZARD no-KI,False,last_strike,0.01,terms,115
1320,derived_KR65833CM935,stress,previous_real_terms_synthetic,LIZARD no-KI,False,last_strike,0.025,terms,273
1321,derived_KR65833CM935,stress,previous_real_terms_synthetic,LIZARD no-KI,False,last_strike,0.05,terms,513
1322,derived_KR6SH0001M49,stress,previous_real_terms_synthetic,LIZARD no-KI,False,base,0.0,terms,0
1323,derived_KR6SH0001M49,stress,previous_real_terms_synthetic,LIZARD no-KI,False,coupon_regular,-0.01,terms,96987
1324,derived_KR6SH0001M49,stress,previous_real_terms_synthetic,LIZARD no-KI,False,coupon_regular,-0.005,terms,96987
1325,derived_KR6SH0001M49,stress,previous_real_terms_synthetic,LIZARD no-KI,False,coupon_regular,-0.0025,terms,96987
1326,derived_KR6SH0001M49,stress,previous_real_terms_synthetic,LIZARD no-KI,False,coupon_regular,-0.001,terms,96987
1327,derived_KR6SH0001M49,stress,previous_real_terms_synthetic,LIZARD no-KI,False,coupon_regular,0.001,terms,96987
1328,derived_KR6SH0001M49,stress,previous_real_terms_synthetic,LIZARD no-KI,False,coupon_regular,0.0025,terms,96987
1329,derived_KR6SH0001M49,stress,previous_real_terms_synthetic,LIZARD no-KI,False,coupon_regular,0.005,terms,96987
1330,derived_KR6SH0001M49,stress,previous_real_terms_synthetic,LIZARD no-KI,False,coupon_regular,0.01,terms,96987
1331,derived_KR6SH0001M49,stress,previous_real_terms_synthetic,LIZARD no-KI,False,first_strike,-0.05,terms,7086
1332,derived_KR6SH0001M49,stress,previous_real_terms_synthetic,LIZARD no-KI,False,first_strike,-0.025,terms,2271
1333,derived_KR6SH0001M49,stress,previous_real_terms_synthetic,LIZARD no-KI,False,first_strike,-0.01,terms,679
1334,derived_KR6SH0001M49,stress,previous_real_terms_synthetic,LIZARD no-KI,False,first_strike,-0.005,terms,313
1335,derived_KR6SH0001M49,stress,previous_real_terms_synthetic,LIZARD no-KI,False,first_strike,0.005,terms,293
1336,derived_KR6SH0001M49,stress,previous_real_terms_synthetic,LIZARD no-KI,False,first_strike,0.01,terms,512
1337,derived_KR6SH0001M49,stress,previous_real_terms_synthetic,LIZARD no-KI,False,first_strike,0.025,terms,1009
1338,derived_KR6SH0001M49,stress,previous_real_terms_synthetic,LIZARD no-KI,False,first_strike,0.05,terms,1391
1339,derived_KR6SH0001M49,stress,previous_real_terms_synthetic,LIZARD no-KI,False,last_strike,-0.05,terms,1035
1340,derived_KR6SH0001M49,stress,previous_real_terms_synthetic,LIZARD no-KI,False,last_strike,-0.025,terms,558
1341,derived_KR6SH0001M49,stress,previous_real_terms_synthetic,LIZARD no-KI,False,last_strike,-0.01,terms,223
1342,derived_KR6SH0001M49,stress,previous_real_terms_synthetic,LIZARD no-KI,False,last_strike,-0.005,terms,101
1343,derived_KR6SH0001M49,stress,previous_real_terms_synthetic,LIZARD no-KI,False,last_strike,0.005,terms,116
1344,derived_KR6SH0001M49,stress,previous_real_terms_synthetic,LIZARD no-KI,False,last_strike,0.01,terms,249
1345,derived_KR6SH0001M49,stress,previous_real_terms_synthetic,LIZARD no-KI,False,last_strike,0.025,terms,586
1346,derived_KR6SH0001M49,stress,previous_real_terms_synthetic,LIZARD no-KI,False,last_strike,0.05,terms,1197
1347,derived_KR6SH0000916,stress,previous_real_terms_synthetic,LIZARD no-KI,False,base,0.0,terms,0
1348,derived_KR6SH0000916,stress,previous_real_terms_synthetic,LIZARD no-KI,False,coupon_regular,-0.01,terms,90414
1349,derived_KR6SH0000916,stress,previous_real_terms_synthetic,LIZARD no-KI,False,coupon_regular,-0.005,terms,90414
1350,derived_KR6SH0000916,stress,previous_real_terms_synthetic,LIZARD no-KI,False,coupon_regular,-0.0025,terms,90414
1351,derived_KR6SH0000916,stress,previous_real_terms_synthetic,LIZARD no-KI,False,coupon_regular,-0.001,terms,90414
1352,derived_KR6SH0000916,stress,previous_real_terms_synthetic,LIZARD no-KI,False,coupon_regular,0.001,terms,90414
1353,derived_KR6SH0000916,stress,previous_real_terms_synthetic,LIZARD no-KI,False,coupon_regular,0.0025,terms,90414
1354,derived_KR6SH0000916,stress,previous_real_terms_synthetic,LIZARD no-KI,False,coupon_regular,0.005,terms,90414
1355,derived_KR6SH0000916,stress,previous_real_terms_synthetic,LIZARD no-KI,False,coupon_regular,0.01,terms,90414
1356,derived_KR6SH0000916,stress,previous_real_terms_synthetic,LIZARD no-KI,False,first_strike,-0.05,terms,12523
1357,derived_KR6SH0000916,stress,previous_real_terms_synthetic,LIZARD no-KI,False,first_strike,-0.025,terms,5315
1358,derived_KR6SH0000916,stress,previous_real_terms_synthetic,LIZARD no-KI,False,first_strike,-0.01,terms,1973
1359,derived_KR6SH0000916,stress,previous_real_terms_synthetic,LIZARD no-KI,False,first_strike,-0.005,terms,952
1360,derived_KR6SH0000916,stress,previous_real_terms_synthetic,LIZARD no-KI,False,first_strike,0.005,terms,899
1361,derived_KR6SH0000916,stress,previous_real_terms_synthetic,LIZARD no-KI,False,first_strike,0.01,terms,1687
1362,derived_KR6SH0000916,stress,previous_real_terms_synthetic,LIZARD no-KI,False,first_strike,0.025,terms,3802
1363,derived_KR6SH0000916,stress,previous_real_terms_synthetic,LIZARD no-KI,False,first_strike,0.05,terms,6483
1364,derived_KR6SH0000916,stress,previous_real_terms_synthetic,LIZARD no-KI,False,last_strike,-0.05,terms,2496
1365,derived_KR6SH0000916,stress,previous_real_terms_synthetic,LIZARD no-KI,False,last_strike,-0.025,terms,1193
1366,derived_KR6SH0000916,stress,previous_real_terms_synthetic,LIZARD no-KI,False,last_strike,-0.01,terms,456
1367,derived_KR6SH0000916,stress,previous_real_terms_synthetic,LIZARD no-KI,False,last_strike,-0.005,terms,239
1368,derived_KR6SH0000916,stress,previous_real_terms_synthetic,LIZARD no-KI,False,last_strike,0.005,terms,210
1369,derived_KR6SH0000916,stress,previous_real_terms_synthetic,LIZARD no-KI,False,last_strike,0.01,terms,430
1370,derived_KR6SH0000916,stress,previous_real_terms_synthetic,LIZARD no-KI,False,last_strike,0.025,terms,1077
1371,derived_KR6SH0000916,stress,previous_real_terms_synthetic,LIZARD no-KI,False,last_strike,0.05,terms,1944
1372,derived_KR6523323998,stress,previous_real_terms_synthetic,LIZARD no-KI,False,base,0.0,terms,0
1373,derived_KR6523323998,stress,previous_real_terms_synthetic,LIZARD no-KI,False,coupon_regular,-0.01,terms,98334
1374,derived_KR6523323998,stress,previous_real_terms_synthetic,LIZARD no-KI,False,coupon_regular,-0.005,terms,98334
1375,derived_KR6523323998,stress,previous_real_terms_synthetic,LIZARD no-KI,False,coupon_regular,-0.0025,terms,98334
1376,derived_KR6523323998,stress,previous_real_terms_synthetic,LIZARD no-KI,False,coupon_regular,-0.001,terms,98334
1377,derived_KR6523323998,stress,previous_real_terms_synthetic,LIZARD no-KI,False,coupon_regular,0.001,terms,98334
1378,derived_KR6523323998,stress,previous_real_terms_synthetic,LIZARD no-KI,False,coupon_regular,0.0025,terms,98334
1379,derived_KR6523323998,stress,previous_real_terms_synthetic,LIZARD no-KI,False,coupon_regular,0.005,terms,98334
1380,derived_KR6523323998,stress,previous_real_terms_synthetic,LIZARD no-KI,False,coupon_regular,0.01,terms,98334
1381,derived_KR6523323998,stress,previous_real_terms_synthetic,LIZARD no-KI,False,first_strike,-0.05,terms,10183
1382,derived_KR6523323998,stress,previous_real_terms_synthetic,LIZARD no-KI,False,first_strike,-0.025,terms,4509
1383,derived_KR6523323998,stress,previous_real_terms_synthetic,LIZARD no-KI,False,first_strike,-0.01,terms,1706
1384,derived_KR6523323998,stress,previous_real_terms_synthetic,LIZARD no-KI,False,first_strike,-0.005,terms,820
1385,derived_KR6523323998,stress,previous_real_terms_synthetic,LIZARD no-KI,False,first_strike,0.005,terms,792
1386,derived_KR6523323998,stress,previous_real_terms_synthetic,LIZARD no-KI,False,first_strike,0.01,terms,1501
1387,derived_KR6523323998,stress,previous_real_terms_synthetic,LIZARD no-KI,False,first_strike,0.025,terms,3604
1388,derived_KR6523323998,stress,previous_real_terms_synthetic,LIZARD no-KI,False,first_strike,0.05,terms,6567
1389,derived_KR6523323998,stress,previous_real_terms_synthetic,LIZARD no-KI,False,last_strike,-0.05,terms,1678
1390,derived_KR6523323998,stress,previous_real_terms_synthetic,LIZARD no-KI,False,last_strike,-0.025,terms,835
1391,derived_KR6523323998,stress,previous_real_terms_synthetic,LIZARD no-KI,False,last_strike,-0.01,terms,290
1392,derived_KR6523323998,stress,previous_real_terms_synthetic,LIZARD no-KI,False,last_strike,-0.005,terms,136
1393,derived_KR6523323998,stress,previous_real_terms_synthetic,LIZARD no-KI,False,last_strike,0.005,terms,166
1394,derived_KR6523323998,stress,previous_real_terms_synthetic,LIZARD no-KI,False,last_strike,0.01,terms,327
1395,derived_KR6523323998,stress,previous_real_terms_synthetic,LIZARD no-KI,False,last_strike,0.025,terms,827
1396,derived_KR6523323998,stress,previous_real_terms_synthetic,LIZARD no-KI,False,last_strike,0.05,terms,1660
1397,derived_KR65733CM796,stress,previous_real_terms_synthetic,LIZARD no-KI,False,base,0.0,terms,0
1398,derived_KR65733CM796,stress,previous_real_terms_synthetic,LIZARD no-KI,False,coupon_regular,-0.01,terms,99929
1399,derived_KR65733CM796,stress,previous_real_terms_synthetic,LIZARD no-KI,False,coupon_regular,-0.005,terms,99929
1400,derived_KR65733CM796,stress,previous_real_terms_synthetic,LIZARD no-KI,False,coupon_regular,-0.0025,terms,99929
1401,derived_KR65733CM796,stress,previous_real_terms_synthetic,LIZARD no-KI,False,coupon_regular,-0.001,terms,99929
1402,derived_KR65733CM796,stress,previous_real_terms_synthetic,LIZARD no-KI,False,coupon_regular,0.001,terms,99929
1403,derived_KR65733CM796,stress,previous_real_terms_synthetic,LIZARD no-KI,False,coupon_regular,0.0025,terms,99929
1404,derived_KR65733CM796,stress,previous_real_terms_synthetic,LIZARD no-KI,False,coupon_regular,0.005,terms,99929
1405,derived_KR65733CM796,stress,previous_real_terms_synthetic,LIZARD no-KI,False,coupon_regular,0.01,terms,99929
1406,derived_KR65733CM796,stress,previous_real_terms_synthetic,LIZARD no-KI,False,first_strike,-0.05,terms,21942
1407,derived_KR65733CM796,stress,previous_real_terms_synthetic,LIZARD no-KI,False,first_strike,-0.025,terms,12647
1408,derived_KR65733CM796,stress,previous_real_terms_synthetic,LIZARD no-KI,False,first_strike,-0.01,terms,5423
1409,derived_KR65733CM796,stress,previous_real_terms_synthetic,LIZARD no-KI,False,first_strike,-0.005,terms,2772
1410,derived_KR65733CM796,stress,previous_real_terms_synthetic,LIZARD no-KI,False,first_strike,0.005,terms,2937
1411,derived_KR65733CM796,stress,previous_real_terms_synthetic,LIZARD no-KI,False,first_strike,0.01,terms,6034
1412,derived_KR65733CM796,stress,previous_real_terms_synthetic,LIZARD no-KI,False,first_strike,0.025,terms,15805
1413,derived_KR65733CM796,stress,previous_real_terms_synthetic,LIZARD no-KI,False,first_strike,0.05,terms,32979
1414,derived_KR65733CM796,stress,previous_real_terms_synthetic,LIZARD no-KI,False,last_strike,-0.05,terms,739
1415,derived_KR65733CM796,stress,previous_real_terms_synthetic,LIZARD no-KI,False,last_strike,-0.025,terms,368
1416,derived_KR65733CM796,stress,previous_real_terms_synthetic,LIZARD no-KI,False,last_strike,-0.01,terms,145
1417,derived_KR65733CM796,stress,previous_real_terms_synthetic,LIZARD no-KI,False,last_strike,-0.005,terms,84
1418,derived_KR65733CM796,stress,previous_real_terms_synthetic,LIZARD no-KI,False,last_strike,0.005,terms,73
1419,derived_KR65733CM796,stress,previous_real_terms_synthetic,LIZARD no-KI,False,last_strike,0.01,terms,154
1420,derived_KR65733CM796,stress,previous_real_terms_synthetic,LIZARD no-KI,False,last_strike,0.025,terms,420
1421,derived_KR65733CM796,stress,previous_real_terms_synthetic,LIZARD no-KI,False,last_strike,0.05,terms,774
1422,derived_KR6SH0005CV6,stress,previous_real_terms_synthetic,LIZARD no-KI,False,base,0.0,terms,0
1423,derived_KR6SH0005CV6,stress,previous_real_terms_synthetic,LIZARD no-KI,False,coupon_regular,-0.01,terms,100798
1424,derived_KR6SH0005CV6,stress,previous_real_terms_synthetic,LIZARD no-KI,False,coupon_regular,-0.005,terms,100798
1425,derived_KR6SH0005CV6,stress,previous_real_terms_synthetic,LIZARD no-KI,False,coupon_regular,-0.0025,terms,100798
1426,derived_KR6SH0005CV6,stress,previous_real_terms_synthetic,LIZARD no-KI,False,coupon_regular,-0.001,terms,100798
1427,derived_KR6SH0005CV6,stress,previous_real_terms_synthetic,LIZARD no-KI,False,coupon_regular,0.001,terms,100798
1428,derived_KR6SH0005CV6,stress,previous_real_terms_synthetic,LIZARD no-KI,False,coupon_regular,0.0025,terms,100798
1429,derived_KR6SH0005CV6,stress,previous_real_terms_synthetic,LIZARD no-KI,False,coupon_regular,0.005,terms,100798
1430,derived_KR6SH0005CV6,stress,previous_real_terms_synthetic,LIZARD no-KI,False,coupon_regular,0.01,terms,100798
1431,derived_KR6SH0005CV6,stress,previous_real_terms_synthetic,LIZARD no-KI,False,first_strike,-0.05,terms,21357
1432,derived_KR6SH0005CV6,stress,previous_real_terms_synthetic,LIZARD no-KI,False,first_strike,-0.025,terms,11981
1433,derived_KR6SH0005CV6,stress,previous_real_terms_synthetic,LIZARD no-KI,False,first_strike,-0.01,terms,5070
1434,derived_KR6SH0005CV6,stress,previous_real_terms_synthetic,LIZARD no-KI,False,first_strike,-0.005,terms,2609
1435,derived_KR6SH0005CV6,stress,previous_real_terms_synthetic,LIZARD no-KI,False,first_strike,0.005,terms,2548
1436,derived_KR6SH0005CV6,stress,previous_real_terms_synthetic,LIZARD no-KI,False,first_strike,0.01,terms,5204
1437,derived_KR6SH0005CV6,stress,previous_real_terms_synthetic,LIZARD no-KI,False,first_strike,0.025,terms,13371
1438,derived_KR6SH0005CV6,stress,previous_real_terms_synthetic,LIZARD no-KI,False,first_strike,0.05,terms,27420
1439,derived_KR6SH0005CV6,stress,previous_real_terms_synthetic,LIZARD no-KI,False,last_strike,-0.05,terms,1087
1440,derived_KR6SH0005CV6,stress,previous_real_terms_synthetic,LIZARD no-KI,False,last_strike,-0.025,terms,584
1441,derived_KR6SH0005CV6,stress,previous_real_terms_synthetic,LIZARD no-KI,False,last_strike,-0.01,terms,249
1442,derived_KR6SH0005CV6,stress,previous_real_terms_synthetic,LIZARD no-KI,False,last_strike,-0.005,terms,119
1443,derived_KR6SH0005CV6,stress,previous_real_terms_synthetic,LIZARD no-KI,False,last_strike,0.005,terms,137
1444,derived_KR6SH0005CV6,stress,previous_real_terms_synthetic,LIZARD no-KI,False,last_strike,0.01,terms,235
1445,derived_KR6SH0005CV6,stress,previous_real_terms_synthetic,LIZARD no-KI,False,last_strike,0.025,terms,559
1446,derived_KR6SH0005CV6,stress,previous_real_terms_synthetic,LIZARD no-KI,False,last_strike,0.05,terms,1161
1447,derived_KR6703319865,stress,previous_real_terms_synthetic,LIZARD no-KI,False,base,0.0,terms,0
1448,derived_KR6703319865,stress,previous_real_terms_synthetic,LIZARD no-KI,False,coupon_regular,-0.01,terms,97590
1449,derived_KR6703319865,stress,previous_real_terms_synthetic,LIZARD no-KI,False,coupon_regular,-0.005,terms,97590
1450,derived_KR6703319865,stress,previous_real_terms_synthetic,LIZARD no-KI,False,coupon_regular,-0.0025,terms,97590
1451,derived_KR6703319865,stress,previous_real_terms_synthetic,LIZARD no-KI,False,coupon_regular,-0.001,terms,97590
1452,derived_KR6703319865,stress,previous_real_terms_synthetic,LIZARD no-KI,False,coupon_regular,0.001,terms,97590
1453,derived_KR6703319865,stress,previous_real_terms_synthetic,LIZARD no-KI,False,coupon_regular,0.0025,terms,97590
1454,derived_KR6703319865,stress,previous_real_terms_synthetic,LIZARD no-KI,False,coupon_regular,0.005,terms,97590
1455,derived_KR6703319865,stress,previous_real_terms_synthetic,LIZARD no-KI,False,coupon_regular,0.01,terms,97590
1456,derived_KR6703319865,stress,previous_real_terms_synthetic,LIZARD no-KI,False,first_strike,-0.05,terms,9703
1457,derived_KR6703319865,stress,previous_real_terms_synthetic,LIZARD no-KI,False,first_strike,-0.025,terms,3922
1458,derived_KR6703319865,stress,previous_real_terms_synthetic,LIZARD no-KI,False,first_strike,-0.01,terms,1403
1459,derived_KR6703319865,stress,previous_real_terms_synthetic,LIZARD no-KI,False,first_strike,-0.005,terms,652
1460,derived_KR6703319865,stress,previous_real_terms_synthetic,LIZARD no-KI,False,first_strike,0.005,terms,639
1461,derived_KR6703319865,stress,previous_real_terms_synthetic,LIZARD no-KI,False,first_strike,0.01,terms,1250
1462,derived_KR6703319865,stress,previous_real_terms_synthetic,LIZARD no-KI,False,first_strike,0.025,terms,2804
1463,derived_KR6703319865,stress,previous_real_terms_synthetic,LIZARD no-KI,False,first_strike,0.05,terms,4813
1464,derived_KR6703319865,stress,previous_real_terms_synthetic,LIZARD no-KI,False,last_strike,-0.05,terms,1340
1465,derived_KR6703319865,stress,previous_real_terms_synthetic,LIZARD no-KI,False,last_strike,-0.025,terms,684
1466,derived_KR6703319865,stress,previous_real_terms_synthetic,LIZARD no-KI,False,last_strike,-0.01,terms,265
1467,derived_KR6703319865,stress,previous_real_terms_synthetic,LIZARD no-KI,False,last_strike,-0.005,terms,123
1468,derived_KR6703319865,stress,previous_real_terms_synthetic,LIZARD no-KI,False,last_strike,0.005,terms,134
1469,derived_KR6703319865,stress,previous_real_terms_synthetic,LIZARD no-KI,False,last_strike,0.01,terms,253
1470,derived_KR6703319865,stress,previous_real_terms_synthetic,LIZARD no-KI,False,last_strike,0.025,terms,668
1471,derived_KR6703319865,stress,previous_real_terms_synthetic,LIZARD no-KI,False,last_strike,0.05,terms,1319
1472,derived_KR6503359897,stress,previous_real_terms_synthetic,LIZARD no-KI,False,base,0.0,terms,0
1473,derived_KR6503359897,stress,previous_real_terms_synthetic,LIZARD no-KI,False,coupon_regular,-0.01,terms,91942
1474,derived_KR6503359897,stress,previous_real_terms_synthetic,LIZARD no-KI,False,coupon_regular,-0.005,terms,91942
1475,derived_KR6503359897,stress,previous_real_terms_synthetic,LIZARD no-KI,False,coupon_regular,-0.0025,terms,91942
1476,derived_KR6503359897,stress,previous_real_terms_synthetic,LIZARD no-KI,False,coupon_regular,-0.001,terms,91942
1477,derived_KR6503359897,stress,previous_real_terms_synthetic,LIZARD no-KI,False,coupon_regular,0.001,terms,91942
1478,derived_KR6503359897,stress,previous_real_terms_synthetic,LIZARD no-KI,False,coupon_regular,0.0025,terms,91942
1479,derived_KR6503359897,stress,previous_real_terms_synthetic,LIZARD no-KI,False,coupon_regular,0.005,terms,91942
1480,derived_KR6503359897,stress,previous_real_terms_synthetic,LIZARD no-KI,False,coupon_regular,0.01,terms,91942
1481,derived_KR6503359897,stress,previous_real_terms_synthetic,LIZARD no-KI,False,first_strike,-0.05,terms,6380
1482,derived_KR6503359897,stress,previous_real_terms_synthetic,LIZARD no-KI,False,first_strike,-0.025,terms,2044
1483,derived_KR6503359897,stress,previous_real_terms_synthetic,LIZARD no-KI,False,first_strike,-0.01,terms,592
1484,derived_KR6503359897,stress,previous_real_terms_synthetic,LIZARD no-KI,False,first_strike,-0.005,terms,274
1485,derived_KR6503359897,stress,previous_real_terms_synthetic,LIZARD no-KI,False,first_strike,0.005,terms,259
1486,derived_KR6503359897,stress,previous_real_terms_synthetic,LIZARD no-KI,False,first_strike,0.01,terms,463
1487,derived_KR6503359897,stress,previous_real_terms_synthetic,LIZARD no-KI,False,first_strike,0.025,terms,927
1488,derived_KR6503359897,stress,previous_real_terms_synthetic,LIZARD no-KI,False,first_strike,0.05,terms,1251
1489,derived_KR6503359897,stress,previous_real_terms_synthetic,LIZARD no-KI,False,last_strike,-0.05,terms,779
1490,derived_KR6503359897,stress,previous_real_terms_synthetic,LIZARD no-KI,False,last_strike,-0.025,terms,407
1491,derived_KR6503359897,stress,previous_real_terms_synthetic,LIZARD no-KI,False,last_strike,-0.01,terms,188
1492,derived_KR6503359897,stress,previous_real_terms_synthetic,LIZARD no-KI,False,last_strike,-0.005,terms,97
1493,derived_KR6503359897,stress,previous_real_terms_synthetic,LIZARD no-KI,False,last_strike,0.005,terms,73
1494,derived_KR6503359897,stress,previous_real_terms_synthetic,LIZARD no-KI,False,last_strike,0.01,terms,176
1495,derived_KR6503359897,stress,previous_real_terms_synthetic,LIZARD no-KI,False,last_strike,0.025,terms,441
1496,derived_KR6503359897,stress,previous_real_terms_synthetic,LIZARD no-KI,False,last_strike,0.05,terms,883
1497,derived_KR6HN00027X3,stress,previous_real_terms_synthetic,LIZARD no-KI,False,base,0.0,terms,0
1498,derived_KR6HN00027X3,stress,previous_real_terms_synthetic,LIZARD no-KI,False,coupon_regular,-0.01,terms,97864
1499,derived_KR6HN00027X3,stress,previous_real_terms_synthetic,LIZARD no-KI,False,coupon_regular,-0.005,terms,97864
1500,derived_KR6HN00027X3,stress,previous_real_terms_synthetic,LIZARD no-KI,False,coupon_regular,-0.0025,terms,97864
1501,derived_KR6HN00027X3,stress,previous_real_terms_synthetic,LIZARD no-KI,False,coupon_regular,-0.001,terms,97864
1502,derived_KR6HN00027X3,stress,previous_real_terms_synthetic,LIZARD no-KI,False,coupon_regular,0.001,terms,97864
1503,derived_KR6HN00027X3,stress,previous_real_terms_synthetic,LIZARD no-KI,False,coupon_regular,0.0025,terms,97864
1504,derived_KR6HN00027X3,stress,previous_real_terms_synthetic,LIZARD no-KI,False,coupon_regular,0.005,terms,97864
1505,derived_KR6HN00027X3,stress,previous_real_terms_synthetic,LIZARD no-KI,False,coupon_regular,0.01,terms,97864
1506,derived_KR6HN00027X3,stress,previous_real_terms_synthetic,LIZARD no-KI,False,first_strike,-0.05,terms,13602
1507,derived_KR6HN00027X3,stress,previous_real_terms_synthetic,LIZARD no-KI,False,first_strike,-0.025,terms,5585
1508,derived_KR6HN00027X3,stress,previous_real_terms_synthetic,LIZARD no-KI,False,first_strike,-0.01,terms,2041
1509,derived_KR6HN00027X3,stress,previous_real_terms_synthetic,LIZARD no-KI,False,first_strike,-0.005,terms,947
1510,derived_KR6HN00027X3,stress,previous_real_terms_synthetic,LIZARD no-KI,False,first_strike,0.005,terms,894
1511,derived_KR6HN00027X3,stress,previous_real_terms_synthetic,LIZARD no-KI,False,first_strike,0.01,terms,1728
1512,derived_KR6HN00027X3,stress,previous_real_terms_synthetic,LIZARD no-KI,False,first_strike,0.025,terms,3897
1513,derived_KR6HN00027X3,stress,previous_real_terms_synthetic,LIZARD no-KI,False,first_strike,0.05,terms,6502
1514,derived_KR6HN00027X3,stress,previous_real_terms_synthetic,LIZARD no-KI,False,last_strike,-0.05,terms,2880
1515,derived_KR6HN00027X3,stress,previous_real_terms_synthetic,LIZARD no-KI,False,last_strike,-0.025,terms,1405
1516,derived_KR6HN00027X3,stress,previous_real_terms_synthetic,LIZARD no-KI,False,last_strike,-0.01,terms,563
1517,derived_KR6HN00027X3,stress,previous_real_terms_synthetic,LIZARD no-KI,False,last_strike,-0.005,terms,275
1518,derived_KR6HN00027X3,stress,previous_real_terms_synthetic,LIZARD no-KI,False,last_strike,0.005,terms,253
1519,derived_KR6HN00027X3,stress,previous_real_terms_synthetic,LIZARD no-KI,False,last_strike,0.01,terms,516
1520,derived_KR6HN00027X3,stress,previous_real_terms_synthetic,LIZARD no-KI,False,last_strike,0.025,terms,1246
1521,derived_KR6HN00027X3,stress,previous_real_terms_synthetic,LIZARD no-KI,False,last_strike,0.05,terms,2296
1522,derived_KR65733259A9,stress,previous_real_terms_synthetic,LIZARD no-KI,False,base,0.0,terms,0
1523,derived_KR65733259A9,stress,previous_real_terms_synthetic,LIZARD no-KI,False,coupon_regular,-0.01,terms,96852
1524,derived_KR65733259A9,stress,previous_real_terms_synthetic,LIZARD no-KI,False,coupon_regular,-0.005,terms,96852
1525,derived_KR65733259A9,stress,previous_real_terms_synthetic,LIZARD no-KI,False,coupon_regular,-0.0025,terms,96852
1526,derived_KR65733259A9,stress,previous_real_terms_synthetic,LIZARD no-KI,False,coupon_regular,-0.001,terms,96852
1527,derived_KR65733259A9,stress,previous_real_terms_synthetic,LIZARD no-KI,False,coupon_regular,0.001,terms,96852
1528,derived_KR65733259A9,stress,previous_real_terms_synthetic,LIZARD no-KI,False,coupon_regular,0.0025,terms,96852
1529,derived_KR65733259A9,stress,previous_real_terms_synthetic,LIZARD no-KI,False,coupon_regular,0.005,terms,96852
1530,derived_KR65733259A9,stress,previous_real_terms_synthetic,LIZARD no-KI,False,coupon_regular,0.01,terms,96852
1531,derived_KR65733259A9,stress,previous_real_terms_synthetic,LIZARD no-KI,False,first_strike,-0.05,terms,5018
1532,derived_KR65733259A9,stress,previous_real_terms_synthetic,LIZARD no-KI,False,first_strike,-0.025,terms,2007
1533,derived_KR65733259A9,stress,previous_real_terms_synthetic,LIZARD no-KI,False,first_strike,-0.01,terms,649
1534,derived_KR65733259A9,stress,previous_real_terms_synthetic,LIZARD no-KI,False,first_strike,-0.005,terms,311
1535,derived_KR65733259A9,stress,previous_real_terms_synthetic,LIZARD no-KI,False,first_strike,0.005,terms,312
1536,derived_KR65733259A9,stress,previous_real_terms_synthetic,LIZARD no-KI,False,first_strike,0.01,terms,586
1537,derived_KR65733259A9,stress,previous_real_terms_synthetic,LIZARD no-KI,False,first_strike,0.025,terms,1268
1538,derived_KR65733259A9,stress,previous_real_terms_synthetic,LIZARD no-KI,False,first_strike,0.05,terms,2032
1539,derived_KR65733259A9,stress,previous_real_terms_synthetic,LIZARD no-KI,False,last_strike,-0.05,terms,1275
1540,derived_KR65733259A9,stress,previous_real_terms_synthetic,LIZARD no-KI,False,last_strike,-0.025,terms,646
1541,derived_KR65733259A9,stress,previous_real_terms_synthetic,LIZARD no-KI,False,last_strike,-0.01,terms,249
1542,derived_KR65733259A9,stress,previous_real_terms_synthetic,LIZARD no-KI,False,last_strike,-0.005,terms,129
1543,derived_KR65733259A9,stress,previous_real_terms_synthetic,LIZARD no-KI,False,last_strike,0.005,terms,138
1544,derived_KR65733259A9,stress,previous_real_terms_synthetic,LIZARD no-KI,False,last_strike,0.01,terms,274
1545,derived_KR65733259A9,stress,previous_real_terms_synthetic,LIZARD no-KI,False,last_strike,0.025,terms,705
1546,derived_KR65733259A9,stress,previous_real_terms_synthetic,LIZARD no-KI,False,last_strike,0.05,terms,1328
1547,derived_KR6MZ0000WY4,stress,previous_real_terms_synthetic,LIZARD no-KI,False,base,0.0,terms,0
1548,derived_KR6MZ0000WY4,stress,previous_real_terms_synthetic,LIZARD no-KI,False,coupon_regular,-0.01,terms,79954
1549,derived_KR6MZ0000WY4,stress,previous_real_terms_synthetic,LIZARD no-KI,False,coupon_regular,-0.005,terms,79954
1550,derived_KR6MZ0000WY4,stress,previous_real_terms_synthetic,LIZARD no-KI,False,coupon_regular,-0.0025,terms,79954
1551,derived_KR6MZ0000WY4,stress,previous_real_terms_synthetic,LIZARD no-KI,False,coupon_regular,-0.001,terms,79954
1552,derived_KR6MZ0000WY4,stress,previous_real_terms_synthetic,LIZARD no-KI,False,coupon_regular,0.001,terms,79954
1553,derived_KR6MZ0000WY4,stress,previous_real_terms_synthetic,LIZARD no-KI,False,coupon_regular,0.0025,terms,79954
1554,derived_KR6MZ0000WY4,stress,previous_real_terms_synthetic,LIZARD no-KI,False,coupon_regular,0.005,terms,79954
1555,derived_KR6MZ0000WY4,stress,previous_real_terms_synthetic,LIZARD no-KI,False,coupon_regular,0.01,terms,79954
1556,derived_KR6MZ0000WY4,stress,previous_real_terms_synthetic,LIZARD no-KI,False,first_strike,-0.05,terms,116
1557,derived_KR6MZ0000WY4,stress,previous_real_terms_synthetic,LIZARD no-KI,False,first_strike,-0.025,terms,27
1558,derived_KR6MZ0000WY4,stress,previous_real_terms_synthetic,LIZARD no-KI,False,first_strike,-0.01,terms,7
1559,derived_KR6MZ0000WY4,stress,previous_real_terms_synthetic,LIZARD no-KI,False,first_strike,-0.005,terms,2
1560,derived_KR6MZ0000WY4,stress,previous_real_terms_synthetic,LIZARD no-KI,False,first_strike,0.005,terms,1
1561,derived_KR6MZ0000WY4,stress,previous_real_terms_synthetic,LIZARD no-KI,False,first_strike,0.01,terms,5
1562,derived_KR6MZ0000WY4,stress,previous_real_terms_synthetic,LIZARD no-KI,False,first_strike,0.025,terms,9
1563,derived_KR6MZ0000WY4,stress,previous_real_terms_synthetic,LIZARD no-KI,False,first_strike,0.05,terms,12
1564,derived_KR6MZ0000WY4,stress,previous_real_terms_synthetic,LIZARD no-KI,False,last_strike,-0.05,terms,387
1565,derived_KR6MZ0000WY4,stress,previous_real_terms_synthetic,LIZARD no-KI,False,last_strike,-0.025,terms,198
1566,derived_KR6MZ0000WY4,stress,previous_real_terms_synthetic,LIZARD no-KI,False,last_strike,-0.01,terms,86
1567,derived_KR6MZ0000WY4,stress,previous_real_terms_synthetic,LIZARD no-KI,False,last_strike,-0.005,terms,45
1568,derived_KR6MZ0000WY4,stress,previous_real_terms_synthetic,LIZARD no-KI,False,last_strike,0.005,terms,32
1569,derived_KR6MZ0000WY4,stress,previous_real_terms_synthetic,LIZARD no-KI,False,last_strike,0.01,terms,63
1570,derived_KR6MZ0000WY4,stress,previous_real_terms_synthetic,LIZARD no-KI,False,last_strike,0.025,terms,182
1571,derived_KR6MZ0000WY4,stress,previous_real_terms_synthetic,LIZARD no-KI,False,last_strike,0.05,terms,346
1572,derived_KR67033AM8A5,stress,previous_real_terms_synthetic,LIZARD no-KI,False,base,0.0,terms,0
1573,derived_KR67033AM8A5,stress,previous_real_terms_synthetic,LIZARD no-KI,False,coupon_regular,-0.01,terms,93185
1574,derived_KR67033AM8A5,stress,previous_real_terms_synthetic,LIZARD no-KI,False,coupon_regular,-0.005,terms,93185
1575,derived_KR67033AM8A5,stress,previous_real_terms_synthetic,LIZARD no-KI,False,coupon_regular,-0.0025,terms,93185
1576,derived_KR67033AM8A5,stress,previous_real_terms_synthetic,LIZARD no-KI,False,coupon_regular,-0.001,terms,93185
1577,derived_KR67033AM8A5,stress,previous_real_terms_synthetic,LIZARD no-KI,False,coupon_regular,0.001,terms,93185
1578,derived_KR67033AM8A5,stress,previous_real_terms_synthetic,LIZARD no-KI,False,coupon_regular,0.0025,terms,93185
1579,derived_KR67033AM8A5,stress,previous_real_terms_synthetic,LIZARD no-KI,False,coupon_regular,0.005,terms,93185
1580,derived_KR67033AM8A5,stress,previous_real_terms_synthetic,LIZARD no-KI,False,coupon_regular,0.01,terms,93185
1581,derived_KR67033AM8A5,stress,previous_real_terms_synthetic,LIZARD no-KI,False,first_strike,-0.05,terms,20971
1582,derived_KR67033AM8A5,stress,previous_real_terms_synthetic,LIZARD no-KI,False,first_strike,-0.025,terms,10955
1583,derived_KR67033AM8A5,stress,previous_real_terms_synthetic,LIZARD no-KI,False,first_strike,-0.01,terms,4418
1584,derived_KR67033AM8A5,stress,previous_real_terms_synthetic,LIZARD no-KI,False,first_strike,-0.005,terms,2252
1585,derived_KR67033AM8A5,stress,previous_real_terms_synthetic,LIZARD no-KI,False,first_strike,0.005,terms,2247
1586,derived_KR67033AM8A5,stress,previous_real_terms_synthetic,LIZARD no-KI,False,first_strike,0.01,terms,4507
1587,derived_KR67033AM8A5,stress,previous_real_terms_synthetic,LIZARD no-KI,False,first_strike,0.025,terms,11060
1588,derived_KR67033AM8A5,stress,previous_real_terms_synthetic,LIZARD no-KI,False,first_strike,0.05,terms,21598
1589,derived_KR67033AM8A5,stress,previous_real_terms_synthetic,LIZARD no-KI,False,last_strike,-0.05,terms,2833
1590,derived_KR67033AM8A5,stress,previous_real_terms_synthetic,LIZARD no-KI,False,last_strike,-0.025,terms,1313
1591,derived_KR67033AM8A5,stress,previous_real_terms_synthetic,LIZARD no-KI,False,last_strike,-0.01,terms,505
1592,derived_KR67033AM8A5,stress,previous_real_terms_synthetic,LIZARD no-KI,False,last_strike,-0.005,terms,243
1593,derived_KR67033AM8A5,stress,previous_real_terms_synthetic,LIZARD no-KI,False,last_strike,0.005,terms,274
1594,derived_KR67033AM8A5,stress,previous_real_terms_synthetic,LIZARD no-KI,False,last_strike,0.01,terms,523
1595,derived_KR67033AM8A5,stress,previous_real_terms_synthetic,LIZARD no-KI,False,last_strike,0.025,terms,1285
1596,derived_KR67033AM8A5,stress,previous_real_terms_synthetic,LIZARD no-KI,False,last_strike,0.05,terms,2539
1597,derived_KR6MZ0000LD1,stress,previous_real_terms_synthetic,LIZARD no-KI,False,base,0.0,terms,0
1598,derived_KR6MZ0000LD1,stress,previous_real_terms_synthetic,LIZARD no-KI,False,coupon_regular,-0.01,terms,66418
1599,derived_KR6MZ0000LD1,stress,previous_real_terms_synthetic,LIZARD no-KI,False,coupon_regular,-0.005,terms,66418
1600,derived_KR6MZ0000LD1,stress,previous_real_terms_synthetic,LIZARD no-KI,False,coupon_regular,-0.0025,terms,66418
1601,derived_KR6MZ0000LD1,stress,previous_real_terms_synthetic,LIZARD no-KI,False,coupon_regular,-0.001,terms,66418
1602,derived_KR6MZ0000LD1,stress,previous_real_terms_synthetic,LIZARD no-KI,False,coupon_regular,0.001,terms,66418
1603,derived_KR6MZ0000LD1,stress,previous_real_terms_synthetic,LIZARD no-KI,False,coupon_regular,0.0025,terms,66418
1604,derived_KR6MZ0000LD1,stress,previous_real_terms_synthetic,LIZARD no-KI,False,coupon_regular,0.005,terms,66418
1605,derived_KR6MZ0000LD1,stress,previous_real_terms_synthetic,LIZARD no-KI,False,coupon_regular,0.01,terms,66418
1606,derived_KR6MZ0000LD1,stress,previous_real_terms_synthetic,LIZARD no-KI,False,first_strike,-0.05,terms,3026
1607,derived_KR6MZ0000LD1,stress,previous_real_terms_synthetic,LIZARD no-KI,False,first_strike,-0.025,terms,981
1608,derived_KR6MZ0000LD1,stress,previous_real_terms_synthetic,LIZARD no-KI,False,first_strike,-0.01,terms,321
1609,derived_KR6MZ0000LD1,stress,previous_real_terms_synthetic,LIZARD no-KI,False,first_strike,-0.005,terms,149
1610,derived_KR6MZ0000LD1,stress,previous_real_terms_synthetic,LIZARD no-KI,False,first_strike,0.005,terms,120
1611,derived_KR6MZ0000LD1,stress,previous_real_terms_synthetic,LIZARD no-KI,False,first_strike,0.01,terms,229
1612,derived_KR6MZ0000LD1,stress,previous_real_terms_synthetic,LIZARD no-KI,False,first_strike,0.025,terms,467
1613,derived_KR6MZ0000LD1,stress,previous_real_terms_synthetic,LIZARD no-KI,False,first_strike,0.05,terms,684
1614,derived_KR6MZ0000LD1,stress,previous_real_terms_synthetic,LIZARD no-KI,False,last_strike,-0.05,terms,1943
1615,derived_KR6MZ0000LD1,stress,previous_real_terms_synthetic,LIZARD no-KI,False,last_strike,-0.025,terms,961
1616,derived_KR6MZ0000LD1,stress,previous_real_terms_synthetic,LIZARD no-KI,False,last_strike,-0.01,terms,396
1617,derived_KR6MZ0000LD1,stress,previous_real_terms_synthetic,LIZARD no-KI,False,last_strike,-0.005,terms,215
1618,derived_KR6MZ0000LD1,stress,previous_real_terms_synthetic,LIZARD no-KI,False,last_strike,0.005,terms,204
1619,derived_KR6MZ0000LD1,stress,previous_real_terms_synthetic,LIZARD no-KI,False,last_strike,0.01,terms,441
1620,derived_KR6MZ0000LD1,stress,previous_real_terms_synthetic,LIZARD no-KI,False,last_strike,0.025,terms,1064
1621,derived_KR6MZ0000LD1,stress,previous_real_terms_synthetic,LIZARD no-KI,False,last_strike,0.05,terms,2103
1622,derived_KR6653364A17,stress,previous_real_terms_synthetic,LIZARD no-KI,False,base,0.0,terms,0
1623,derived_KR6653364A17,stress,previous_real_terms_synthetic,LIZARD no-KI,False,coupon_regular,-0.01,terms,94713
1624,derived_KR6653364A17,stress,previous_real_terms_synthetic,LIZARD no-KI,False,coupon_regular,-0.005,terms,94713
1625,derived_KR6653364A17,stress,previous_real_terms_synthetic,LIZARD no-KI,False,coupon_regular,-0.0025,terms,94713
1626,derived_KR6653364A17,stress,previous_real_terms_synthetic,LIZARD no-KI,False,coupon_regular,-0.001,terms,94713
1627,derived_KR6653364A17,stress,previous_real_terms_synthetic,LIZARD no-KI,False,coupon_regular,0.001,terms,94713
1628,derived_KR6653364A17,stress,previous_real_terms_synthetic,LIZARD no-KI,False,coupon_regular,0.0025,terms,94713
1629,derived_KR6653364A17,stress,previous_real_terms_synthetic,LIZARD no-KI,False,coupon_regular,0.005,terms,94713
1630,derived_KR6653364A17,stress,previous_real_terms_synthetic,LIZARD no-KI,False,coupon_regular,0.01,terms,94713
1631,derived_KR6653364A17,stress,previous_real_terms_synthetic,LIZARD no-KI,False,first_strike,-0.05,terms,19988
1632,derived_KR6653364A17,stress,previous_real_terms_synthetic,LIZARD no-KI,False,first_strike,-0.025,terms,10456
1633,derived_KR6653364A17,stress,previous_real_terms_synthetic,LIZARD no-KI,False,first_strike,-0.01,terms,4302
1634,derived_KR6653364A17,stress,previous_real_terms_synthetic,LIZARD no-KI,False,first_strike,-0.005,terms,2191
1635,derived_KR6653364A17,stress,previous_real_terms_synthetic,LIZARD no-KI,False,first_strike,0.005,terms,2224
1636,derived_KR6653364A17,stress,previous_real_terms_synthetic,LIZARD no-KI,False,first_strike,0.01,terms,4387
1637,derived_KR6653364A17,stress,previous_real_terms_synthetic,LIZARD no-KI,False,first_strike,0.025,terms,11010
1638,derived_KR6653364A17,stress,previous_real_terms_synthetic,LIZARD no-KI,False,first_strike,0.05,terms,21977
1639,derived_KR6653364A17,stress,previous_real_terms_synthetic,LIZARD no-KI,False,last_strike,-0.05,terms,2815
1640,derived_KR6653364A17,stress,previous_real_terms_synthetic,LIZARD no-KI,False,last_strike,-0.025,terms,1376
1641,derived_KR6653364A17,stress,previous_real_terms_synthetic,LIZARD no-KI,False,last_strike,-0.01,terms,534
1642,derived_KR6653364A17,stress,previous_real_terms_synthetic,LIZARD no-KI,False,last_strike,-0.005,terms,262
1643,derived_KR6653364A17,stress,previous_real_terms_synthetic,LIZARD no-KI,False,last_strike,0.005,terms,267
1644,derived_KR6653364A17,stress,previous_real_terms_synthetic,LIZARD no-KI,False,last_strike,0.01,terms,531
1645,derived_KR6653364A17,stress,previous_real_terms_synthetic,LIZARD no-KI,False,last_strike,0.025,terms,1277
1646,derived_KR6653364A17,stress,previous_real_terms_synthetic,LIZARD no-KI,False,last_strike,0.05,terms,2482
1647,derived_KR6MZ0001FB5,stress,previous_real_terms_synthetic,LIZARD no-KI,False,base,0.0,terms,0
1648,derived_KR6MZ0001FB5,stress,previous_real_terms_synthetic,LIZARD no-KI,False,coupon_regular,-0.01,terms,59365
1649,derived_KR6MZ0001FB5,stress,previous_real_terms_synthetic,LIZARD no-KI,False,coupon_regular,-0.005,terms,59365
1650,derived_KR6MZ0001FB5,stress,previous_real_terms_synthetic,LIZARD no-KI,False,coupon_regular,-0.0025,terms,59365
1651,derived_KR6MZ0001FB5,stress,previous_real_terms_synthetic,LIZARD no-KI,False,coupon_regular,-0.001,terms,59365
1652,derived_KR6MZ0001FB5,stress,previous_real_terms_synthetic,LIZARD no-KI,False,coupon_regular,0.001,terms,59365
1653,derived_KR6MZ0001FB5,stress,previous_real_terms_synthetic,LIZARD no-KI,False,coupon_regular,0.0025,terms,59365
1654,derived_KR6MZ0001FB5,stress,previous_real_terms_synthetic,LIZARD no-KI,False,coupon_regular,0.005,terms,59365
1655,derived_KR6MZ0001FB5,stress,previous_real_terms_synthetic,LIZARD no-KI,False,coupon_regular,0.01,terms,59365
1656,derived_KR6MZ0001FB5,stress,previous_real_terms_synthetic,LIZARD no-KI,False,first_strike,-0.05,terms,20143
1657,derived_KR6MZ0001FB5,stress,previous_real_terms_synthetic,LIZARD no-KI,False,first_strike,-0.025,terms,10085
1658,derived_KR6MZ0001FB5,stress,previous_real_terms_synthetic,LIZARD no-KI,False,first_strike,-0.01,terms,4018
1659,derived_KR6MZ0001FB5,stress,previous_real_terms_synthetic,LIZARD no-KI,False,first_strike,-0.005,terms,2019
1660,derived_KR6MZ0001FB5,stress,previous_real_terms_synthetic,LIZARD no-KI,False,first_strike,0.005,terms,1962
1661,derived_KR6MZ0001FB5,stress,previous_real_terms_synthetic,LIZARD no-KI,False,first_strike,0.01,terms,3989
1662,derived_KR6MZ0001FB5,stress,previous_real_terms_synthetic,LIZARD no-KI,False,first_strike,0.025,terms,9871
1663,derived_KR6MZ0001FB5,stress,previous_real_terms_synthetic,LIZARD no-KI,False,first_strike,0.05,terms,18947
1664,derived_KR6MZ0001FB5,stress,previous_real_terms_synthetic,LIZARD no-KI,False,last_strike,-0.05,terms,461
1665,derived_KR6MZ0001FB5,stress,previous_real_terms_synthetic,LIZARD no-KI,False,last_strike,-0.025,terms,218
1666,derived_KR6MZ0001FB5,stress,previous_real_terms_synthetic,LIZARD no-KI,False,last_strike,-0.01,terms,94
1667,derived_KR6MZ0001FB5,stress,previous_real_terms_synthetic,LIZARD no-KI,False,last_strike,-0.005,terms,57
1668,derived_KR6MZ0001FB5,stress,previous_real_terms_synthetic,LIZARD no-KI,False,last_strike,0.005,terms,45
1669,derived_KR6MZ0001FB5,stress,previous_real_terms_synthetic,LIZARD no-KI,False,last_strike,0.01,terms,86
1670,derived_KR6MZ0001FB5,stress,previous_real_terms_synthetic,LIZARD no-KI,False,last_strike,0.025,terms,201
1671,derived_KR6MZ0001FB5,stress,previous_real_terms_synthetic,LIZARD no-KI,False,last_strike,0.05,terms,373
1672,derived_KR6HN0003LM2,stress,previous_real_terms_synthetic,LIZARD no-KI,False,base,0.0,terms,0
1673,derived_KR6HN0003LM2,stress,previous_real_terms_synthetic,LIZARD no-KI,False,coupon_regular,-0.01,terms,103057
1674,derived_KR6HN0003LM2,stress,previous_real_terms_synthetic,LIZARD no-KI,False,coupon_regular,-0.005,terms,103057
1675,derived_KR6HN0003LM2,stress,previous_real_terms_synthetic,LIZARD no-KI,False,coupon_regular,-0.0025,terms,103057
1676,derived_KR6HN0003LM2,stress,previous_real_terms_synthetic,LIZARD no-KI,False,coupon_regular,-0.001,terms,103057
1677,derived_KR6HN0003LM2,stress,previous_real_terms_synthetic,LIZARD no-KI,False,coupon_regular,0.001,terms,103057
1678,derived_KR6HN0003LM2,stress,previous_real_terms_synthetic,LIZARD no-KI,False,coupon_regular,0.0025,terms,103057
1679,derived_KR6HN0003LM2,stress,previous_real_terms_synthetic,LIZARD no-KI,False,coupon_regular,0.005,terms,103057
1680,derived_KR6HN0003LM2,stress,previous_real_terms_synthetic,LIZARD no-KI,False,coupon_regular,0.01,terms,103057
1681,derived_KR6HN0003LM2,stress,previous_real_terms_synthetic,LIZARD no-KI,False,first_strike,-0.05,terms,11632
1682,derived_KR6HN0003LM2,stress,previous_real_terms_synthetic,LIZARD no-KI,False,first_strike,-0.025,terms,4812
1683,derived_KR6HN0003LM2,stress,previous_real_terms_synthetic,LIZARD no-KI,False,first_strike,-0.01,terms,1685
1684,derived_KR6HN0003LM2,stress,previous_real_terms_synthetic,LIZARD no-KI,False,first_strike,-0.005,terms,783
1685,derived_KR6HN0003LM2,stress,previous_real_terms_synthetic,LIZARD no-KI,False,first_strike,0.005,terms,753
1686,derived_KR6HN0003LM2,stress,previous_real_terms_synthetic,LIZARD no-KI,False,first_strike,0.01,terms,1464
1687,derived_KR6HN0003LM2,stress,previous_real_terms_synthetic,LIZARD no-KI,False,first_strike,0.025,terms,3241
1688,derived_KR6HN0003LM2,stress,previous_real_terms_synthetic,LIZARD no-KI,False,first_strike,0.05,terms,5254
1689,derived_KR6HN0003LM2,stress,previous_real_terms_synthetic,LIZARD no-KI,False,last_strike,-0.05,terms,1635
1690,derived_KR6HN0003LM2,stress,previous_real_terms_synthetic,LIZARD no-KI,False,last_strike,-0.025,terms,825
1691,derived_KR6HN0003LM2,stress,previous_real_terms_synthetic,LIZARD no-KI,False,last_strike,-0.01,terms,343
1692,derived_KR6HN0003LM2,stress,previous_real_terms_synthetic,LIZARD no-KI,False,last_strike,-0.005,terms,176
1693,derived_KR6HN0003LM2,stress,previous_real_terms_synthetic,LIZARD no-KI,False,last_strike,0.005,terms,168
1694,derived_KR6HN0003LM2,stress,previous_real_terms_synthetic,LIZARD no-KI,False,last_strike,0.01,terms,345
1695,derived_KR6HN0003LM2,stress,previous_real_terms_synthetic,LIZARD no-KI,False,last_strike,0.025,terms,847
1696,derived_KR6HN0003LM2,stress,previous_real_terms_synthetic,LIZARD no-KI,False,last_strike,0.05,terms,1608
1697,derived_KR65833A0799,stress,previous_real_terms_synthetic,LIZARD no-KI,False,base,0.0,terms,0
1698,derived_KR65833A0799,stress,previous_real_terms_synthetic,LIZARD no-KI,False,coupon_regular,-0.01,terms,111814
1699,derived_KR65833A0799,stress,previous_real_terms_synthetic,LIZARD no-KI,False,coupon_regular,-0.005,terms,111814
1700,derived_KR65833A0799,stress,previous_real_terms_synthetic,LIZARD no-KI,False,coupon_regular,-0.0025,terms,111814
1701,derived_KR65833A0799,stress,previous_real_terms_synthetic,LIZARD no-KI,False,coupon_regular,-0.001,terms,111814
1702,derived_KR65833A0799,stress,previous_real_terms_synthetic,LIZARD no-KI,False,coupon_regular,0.001,terms,111814
1703,derived_KR65833A0799,stress,previous_real_terms_synthetic,LIZARD no-KI,False,coupon_regular,0.0025,terms,111814
1704,derived_KR65833A0799,stress,previous_real_terms_synthetic,LIZARD no-KI,False,coupon_regular,0.005,terms,111814
1705,derived_KR65833A0799,stress,previous_real_terms_synthetic,LIZARD no-KI,False,coupon_regular,0.01,terms,111814
1706,derived_KR65833A0799,stress,previous_real_terms_synthetic,LIZARD no-KI,False,first_strike,-0.05,terms,17669
1707,derived_KR65833A0799,stress,previous_real_terms_synthetic,LIZARD no-KI,False,first_strike,-0.025,terms,10912
1708,derived_KR65833A0799,stress,previous_real_terms_synthetic,LIZARD no-KI,False,first_strike,-0.01,terms,4828
1709,derived_KR65833A0799,stress,previous_real_terms_synthetic,LIZARD no-KI,False,first_strike,-0.005,terms,2584
1710,derived_KR65833A0799,stress,previous_real_terms_synthetic,LIZARD no-KI,False,first_strike,0.005,terms,2741
1711,derived_KR65833A0799,stress,previous_real_terms_synthetic,LIZARD no-KI,False,first_strike,0.01,terms,5652
1712,derived_KR65833A0799,stress,previous_real_terms_synthetic,LIZARD no-KI,False,first_strike,0.025,terms,15324
1713,derived_KR65833A0799,stress,previous_real_terms_synthetic,LIZARD no-KI,False,first_strike,0.05,terms,33449
1714,derived_KR65833A0799,stress,previous_real_terms_synthetic,LIZARD no-KI,False,last_strike,-0.05,terms,205
1715,derived_KR65833A0799,stress,previous_real_terms_synthetic,LIZARD no-KI,False,last_strike,-0.025,terms,117
1716,derived_KR65833A0799,stress,previous_real_terms_synthetic,LIZARD no-KI,False,last_strike,-0.01,terms,51
1717,derived_KR65833A0799,stress,previous_real_terms_synthetic,LIZARD no-KI,False,last_strike,-0.005,terms,26
1718,derived_KR65833A0799,stress,previous_real_terms_synthetic,LIZARD no-KI,False,last_strike,0.005,terms,33
1719,derived_KR65833A0799,stress,previous_real_terms_synthetic,LIZARD no-KI,False,last_strike,0.01,terms,63
1720,derived_KR65833A0799,stress,previous_real_terms_synthetic,LIZARD no-KI,False,last_strike,0.025,terms,151
1721,derived_KR65833A0799,stress,previous_real_terms_synthetic,LIZARD no-KI,False,last_strike,0.05,terms,303
1722,derived_KR65233517B3,stress,previous_real_terms_synthetic,STEP KI,False,base,0.0,terms,0
1723,derived_KR65233517B3,stress,previous_real_terms_synthetic,STEP KI,False,coupon_regular,-0.01,terms,111822
1724,derived_KR65233517B3,stress,previous_real_terms_synthetic,STEP KI,False,coupon_regular,-0.005,terms,111822
1725,derived_KR65233517B3,stress,previous_real_terms_synthetic,STEP KI,False,coupon_regular,-0.0025,terms,111822
1726,derived_KR65233517B3,stress,previous_real_terms_synthetic,STEP KI,False,coupon_regular,-0.001,terms,111822
1727,derived_KR65233517B3,stress,previous_real_terms_synthetic,STEP KI,False,coupon_regular,0.001,terms,111822
1728,derived_KR65233517B3,stress,previous_real_terms_synthetic,STEP KI,False,coupon_regular,0.0025,terms,111822
1729,derived_KR65233517B3,stress,previous_real_terms_synthetic,STEP KI,False,coupon_regular,0.005,terms,111822
1730,derived_KR65233517B3,stress,previous_real_terms_synthetic,STEP KI,False,coupon_regular,0.01,terms,111822
1731,derived_KR65233517B3,stress,previous_real_terms_synthetic,STEP KI,False,ki_barrier,-0.05,terms,1886
1732,derived_KR65233517B3,stress,previous_real_terms_synthetic,STEP KI,False,ki_barrier,-0.025,terms,919
1733,derived_KR65233517B3,stress,previous_real_terms_synthetic,STEP KI,False,ki_barrier,-0.01,terms,356
1734,derived_KR65233517B3,stress,previous_real_terms_synthetic,STEP KI,False,ki_barrier,-0.005,terms,179
1735,derived_KR65233517B3,stress,previous_real_terms_synthetic,STEP KI,False,ki_barrier,0.005,terms,167
1736,derived_KR65233517B3,stress,previous_real_terms_synthetic,STEP KI,False,ki_barrier,0.01,terms,353
1737,derived_KR65233517B3,stress,previous_real_terms_synthetic,STEP KI,False,ki_barrier,0.025,terms,879
1738,derived_KR65233517B3,stress,previous_real_terms_synthetic,STEP KI,False,ki_barrier,0.05,terms,1518
1739,derived_KR65233517B3,stress,previous_real_terms_synthetic,STEP KI,False,first_strike,-0.05,terms,14461
1740,derived_KR65233517B3,stress,previous_real_terms_synthetic,STEP KI,False,first_strike,-0.025,terms,7912
1741,derived_KR65233517B3,stress,previous_real_terms_synthetic,STEP KI,False,first_strike,-0.01,terms,3386
1742,derived_KR65233517B3,stress,previous_real_terms_synthetic,STEP KI,False,first_strike,-0.005,terms,1727
1743,derived_KR65233517B3,stress,previous_real_terms_synthetic,STEP KI,False,first_strike,0.005,terms,1866
1744,derived_KR65233517B3,stress,previous_real_terms_synthetic,STEP KI,False,first_strike,0.01,terms,3850
1745,derived_KR65233517B3,stress,previous_real_terms_synthetic,STEP KI,False,first_strike,0.025,terms,10252
1746,derived_KR65233517B3,stress,previous_real_terms_synthetic,STEP KI,False,first_strike,0.05,terms,23261
1747,derived_KR65233517B3,stress,previous_real_terms_synthetic,STEP KI,False,last_strike,-0.05,terms,999
1748,derived_KR65233517B3,stress,previous_real_terms_synthetic,STEP KI,False,last_strike,-0.025,terms,497
1749,derived_KR65233517B3,stress,previous_real_terms_synthetic,STEP KI,False,last_strike,-0.01,terms,194
1750,derived_KR65233517B3,stress,previous_real_terms_synthetic,STEP KI,False,last_strike,-0.005,terms,93
1751,derived_KR65233517B3,stress,previous_real_terms_synthetic,STEP KI,False,last_strike,0.005,terms,74
1752,derived_KR65233517B3,stress,previous_real_terms_synthetic,STEP KI,False,last_strike,0.01,terms,173
1753,derived_KR65233517B3,stress,previous_real_terms_synthetic,STEP KI,False,last_strike,0.025,terms,401
1754,derived_KR65233517B3,stress,previous_real_terms_synthetic,STEP KI,False,last_strike,0.05,terms,748
1755,derived_KR6613373945,stress,previous_real_terms_synthetic,STEP KI,False,base,0.0,terms,0
1756,derived_KR6613373945,stress,previous_real_terms_synthetic,STEP KI,False,coupon_regular,-0.01,terms,116677
1757,derived_KR6613373945,stress,previous_real_terms_synthetic,STEP KI,False,coupon_regular,-0.005,terms,116677
1758,derived_KR6613373945,stress,previous_real_terms_synthetic,STEP KI,False,coupon_regular,-0.0025,terms,116677
1759,derived_KR6613373945,stress,previous_real_terms_synthetic,STEP KI,False,coupon_regular,-0.001,terms,116677
1760,derived_KR6613373945,stress,previous_real_terms_synthetic,STEP KI,False,coupon_regular,0.001,terms,116677
1761,derived_KR6613373945,stress,previous_real_terms_synthetic,STEP KI,False,coupon_regular,0.0025,terms,116677
1762,derived_KR6613373945,stress,previous_real_terms_synthetic,STEP KI,False,coupon_regular,0.005,terms,116677
1763,derived_KR6613373945,stress,previous_real_terms_synthetic,STEP KI,False,coupon_regular,0.01,terms,116677
1764,derived_KR6613373945,stress,previous_real_terms_synthetic,STEP KI,False,ki_barrier,-0.05,terms,591
1765,derived_KR6613373945,stress,previous_real_terms_synthetic,STEP KI,False,ki_barrier,-0.025,terms,324
1766,derived_KR6613373945,stress,previous_real_terms_synthetic,STEP KI,False,ki_barrier,-0.01,terms,137
1767,derived_KR6613373945,stress,previous_real_terms_synthetic,STEP KI,False,ki_barrier,-0.005,terms,77
1768,derived_KR6613373945,stress,previous_real_terms_synthetic,STEP KI,False,ki_barrier,0.005,terms,91
1769,derived_KR6613373945,stress,previous_real_terms_synthetic,STEP KI,False,ki_barrier,0.01,terms,160
1770,derived_KR6613373945,stress,previous_real_terms_synthetic,STEP KI,False,ki_barrier,0.025,terms,374
1771,derived_KR6613373945,stress,previous_real_terms_synthetic,STEP KI,False,ki_barrier,0.05,terms,791
1772,derived_KR6613373945,stress,previous_real_terms_synthetic,STEP KI,False,first_strike,-0.05,terms,9797
1773,derived_KR6613373945,stress,previous_real_terms_synthetic,STEP KI,False,first_strike,-0.025,terms,5981
1774,derived_KR6613373945,stress,previous_real_terms_synthetic,STEP KI,False,first_strike,-0.01,terms,2703
1775,derived_KR6613373945,stress,previous_real_terms_synthetic,STEP KI,False,first_strike,-0.005,terms,1451
1776,derived_KR6613373945,stress,previous_real_terms_synthetic,STEP KI,False,first_strike,0.005,terms,1446
1777,derived_KR6613373945,stress,previous_real_terms_synthetic,STEP KI,False,first_strike,0.01,terms,3027
1778,derived_KR6613373945,stress,previous_real_terms_synthetic,STEP KI,False,first_strike,0.025,terms,8514
1779,derived_KR6613373945,stress,previous_real_terms_synthetic,STEP KI,False,first_strike,0.05,terms,19465
1780,derived_KR6613373945,stress,previous_real_terms_synthetic,STEP KI,False,last_strike,-0.05,terms,821
1781,derived_KR6613373945,stress,previous_real_terms_synthetic,STEP KI,False,last_strike,-0.025,terms,384
1782,derived_KR6613373945,stress,previous_real_terms_synthetic,STEP KI,False,last_strike,-0.01,terms,149
1783,derived_KR6613373945,stress,previous_real_terms_synthetic,STEP KI,False,last_strike,-0.005,terms,73
1784,derived_KR6613373945,stress,previous_real_terms_synthetic,STEP KI,False,last_strike,0.005,terms,72
1785,derived_KR6613373945,stress,previous_real_terms_synthetic,STEP KI,False,last_strike,0.01,terms,136
1786,derived_KR6613373945,stress,previous_real_terms_synthetic,STEP KI,False,last_strike,0.025,terms,300
1787,derived_KR6613373945,stress,previous_real_terms_synthetic,STEP KI,False,last_strike,0.05,terms,584
1788,derived_KR6573362599,stress,previous_real_terms_synthetic,STEP KI,False,base,0.0,terms,0
1789,derived_KR6573362599,stress,previous_real_terms_synthetic,STEP KI,False,coupon_regular,-0.01,terms,107859
1790,derived_KR6573362599,stress,previous_real_terms_synthetic,STEP KI,False,coupon_regular,-0.005,terms,107859
1791,derived_KR6573362599,stress,previous_real_terms_synthetic,STEP KI,False,coupon_regular,-0.0025,terms,107859
1792,derived_KR6573362599,stress,previous_real_terms_synthetic,STEP KI,False,coupon_regular,-0.001,terms,107859
1793,derived_KR6573362599,stress,previous_real_terms_synthetic,STEP KI,False,coupon_regular,0.001,terms,107859
1794,derived_KR6573362599,stress,previous_real_terms_synthetic,STEP KI,False,coupon_regular,0.0025,terms,107859
1795,derived_KR6573362599,stress,previous_real_terms_synthetic,STEP KI,False,coupon_regular,0.005,terms,107859
1796,derived_KR6573362599,stress,previous_real_terms_synthetic,STEP KI,False,coupon_regular,0.01,terms,107859
1797,derived_KR6573362599,stress,previous_real_terms_synthetic,STEP KI,False,ki_barrier,-0.05,terms,2315
1798,derived_KR6573362599,stress,previous_real_terms_synthetic,STEP KI,False,ki_barrier,-0.025,terms,1180
1799,derived_KR6573362599,stress,previous_real_terms_synthetic,STEP KI,False,ki_barrier,-0.01,terms,478
1800,derived_KR6573362599,stress,previous_real_terms_synthetic,STEP KI,False,ki_barrier,-0.005,terms,226
1801,derived_KR6573362599,stress,previous_real_terms_synthetic,STEP KI,False,ki_barrier,0.005,terms,240
1802,derived_KR6573362599,stress,previous_real_terms_synthetic,STEP KI,False,ki_barrier,0.01,terms,456
1803,derived_KR6573362599,stress,previous_real_terms_synthetic,STEP KI,False,ki_barrier,0.025,terms,1126
1804,derived_KR6573362599,stress,previous_real_terms_synthetic,STEP KI,False,ki_barrier,0.05,terms,2120
1805,derived_KR6573362599,stress,previous_real_terms_synthetic,STEP KI,False,first_strike,-0.05,terms,20220
1806,derived_KR6573362599,stress,previous_real_terms_synthetic,STEP KI,False,first_strike,-0.025,terms,11519
1807,derived_KR6573362599,stress,previous_real_terms_synthetic,STEP KI,False,first_strike,-0.01,terms,5005
1808,derived_KR6573362599,stress,previous_real_terms_synthetic,STEP KI,False,first_strike,-0.005,terms,2617
1809,derived_KR6573362599,stress,previous_real_terms_synthetic,STEP KI,False,first_strike,0.005,terms,2614
1810,derived_KR6573362599,stress,previous_real_terms_synthetic,STEP KI,False,first_strike,0.01,terms,5351
1811,derived_KR6573362599,stress,previous_real_terms_synthetic,STEP KI,False,first_strike,0.025,terms,13793
1812,derived_KR6573362599,stress,previous_real_terms_synthetic,STEP KI,False,first_strike,0.05,terms,28892
1813,derived_KR6573362599,stress,previous_real_terms_synthetic,STEP KI,False,last_strike,-0.05,terms,901
1814,derived_KR6573362599,stress,previous_real_terms_synthetic,STEP KI,False,last_strike,-0.025,terms,390
1815,derived_KR6573362599,stress,previous_real_terms_synthetic,STEP KI,False,last_strike,-0.01,terms,140
1816,derived_KR6573362599,stress,previous_real_terms_synthetic,STEP KI,False,last_strike,-0.005,terms,72
1817,derived_KR6573362599,stress,previous_real_terms_synthetic,STEP KI,False,last_strike,0.005,terms,67
1818,derived_KR6573362599,stress,previous_real_terms_synthetic,STEP KI,False,last_strike,0.01,terms,125
1819,derived_KR6573362599,stress,previous_real_terms_synthetic,STEP KI,False,last_strike,0.025,terms,286
1820,derived_KR6573362599,stress,previous_real_terms_synthetic,STEP KI,False,last_strike,0.05,terms,455
1821,derived_KR6KS0002M27,stress,previous_real_terms_synthetic,STEP KI,False,base,0.0,terms,0
1822,derived_KR6KS0002M27,stress,previous_real_terms_synthetic,STEP KI,False,coupon_regular,-0.01,terms,69316
1823,derived_KR6KS0002M27,stress,previous_real_terms_synthetic,STEP KI,False,coupon_regular,-0.005,terms,69316
1824,derived_KR6KS0002M27,stress,previous_real_terms_synthetic,STEP KI,False,coupon_regular,-0.0025,terms,69316
1825,derived_KR6KS0002M27,stress,previous_real_terms_synthetic,STEP KI,False,coupon_regular,-0.001,terms,69316
1826,derived_KR6KS0002M27,stress,previous_real_terms_synthetic,STEP KI,False,coupon_regular,0.001,terms,69316
1827,derived_KR6KS0002M27,stress,previous_real_terms_synthetic,STEP KI,False,coupon_regular,0.0025,terms,69316
1828,derived_KR6KS0002M27,stress,previous_real_terms_synthetic,STEP KI,False,coupon_regular,0.005,terms,69316
1829,derived_KR6KS0002M27,stress,previous_real_terms_synthetic,STEP KI,False,coupon_regular,0.01,terms,69316
1830,derived_KR6KS0002M27,stress,previous_real_terms_synthetic,STEP KI,False,ki_barrier,-0.05,terms,765
1831,derived_KR6KS0002M27,stress,previous_real_terms_synthetic,STEP KI,False,ki_barrier,-0.025,terms,359
1832,derived_KR6KS0002M27,stress,previous_real_terms_synthetic,STEP KI,False,ki_barrier,-0.01,terms,126
1833,derived_KR6KS0002M27,stress,previous_real_terms_synthetic,STEP KI,False,ki_barrier,-0.005,terms,59
1834,derived_KR6KS0002M27,stress,previous_real_terms_synthetic,STEP KI,False,ki_barrier,0.005,terms,60
1835,derived_KR6KS0002M27,stress,previous_real_terms_synthetic,STEP KI,False,ki_barrier,0.01,terms,113
1836,derived_KR6KS0002M27,stress,previous_real_terms_synthetic,STEP KI,False,ki_barrier,0.025,terms,266
1837,derived_KR6KS0002M27,stress,previous_real_terms_synthetic,STEP KI,False,ki_barrier,0.05,terms,454
1838,derived_KR6KS0002M27,stress,previous_real_terms_synthetic,STEP KI,False,first_strike,-0.05,terms,9155
1839,derived_KR6KS0002M27,stress,previous_real_terms_synthetic,STEP KI,False,first_strike,-0.025,terms,4564
1840,derived_KR6KS0002M27,stress,previous_real_terms_synthetic,STEP KI,False,first_strike,-0.01,terms,1790
1841,derived_KR6KS0002M27,stress,previous_real_terms_synthetic,STEP KI,False,first_strike,-0.005,terms,906
1842,derived_KR6KS0002M27,stress,previous_real_terms_synthetic,STEP KI,False,first_strike,0.005,terms,953
1843,derived_KR6KS0002M27,stress,previous_real_terms_synthetic,STEP KI,False,first_strike,0.01,terms,1886
1844,derived_KR6KS0002M27,stress,previous_real_terms_synthetic,STEP KI,False,first_strike,0.025,terms,4596
1845,derived_KR6KS0002M27,stress,previous_real_terms_synthetic,STEP KI,False,first_strike,0.05,terms,9289
1846,derived_KR6KS0002M27,stress,previous_real_terms_synthetic,STEP KI,False,last_strike,-0.05,terms,877
1847,derived_KR6KS0002M27,stress,previous_real_terms_synthetic,STEP KI,False,last_strike,-0.025,terms,385
1848,derived_KR6KS0002M27,stress,previous_real_terms_synthetic,STEP KI,False,last_strike,-0.01,terms,154
1849,derived_KR6KS0002M27,stress,previous_real_terms_synthetic,STEP KI,False,last_strike,-0.005,terms,72
1850,derived_KR6KS0002M27,stress,previous_real_terms_synthetic,STEP KI,False,last_strike,0.005,terms,84
1851,derived_KR6KS0002M27,stress,previous_real_terms_synthetic,STEP KI,False,last_strike,0.01,terms,169
1852,derived_KR6KS0002M27,stress,previous_real_terms_synthetic,STEP KI,False,last_strike,0.025,terms,355
1853,derived_KR6KS0002M27,stress,previous_real_terms_synthetic,STEP KI,False,last_strike,0.05,terms,637
1854,derived_KR65233BT760,stress,previous_real_terms_synthetic,STEP KI,False,base,0.0,terms,0
1855,derived_KR65233BT760,stress,previous_real_terms_synthetic,STEP KI,False,coupon_regular,-0.01,terms,96469
1856,derived_KR65233BT760,stress,previous_real_terms_synthetic,STEP KI,False,coupon_regular,-0.005,terms,96469
1857,derived_KR65233BT760,stress,previous_real_terms_synthetic,STEP KI,False,coupon_regular,-0.0025,terms,96469
1858,derived_KR65233BT760,stress,previous_real_terms_synthetic,STEP KI,False,coupon_regular,-0.001,terms,96469
1859,derived_KR65233BT760,stress,previous_real_terms_synthetic,STEP KI,False,coupon_regular,0.001,terms,96469
1860,derived_KR65233BT760,stress,previous_real_terms_synthetic,STEP KI,False,coupon_regular,0.0025,terms,96469
1861,derived_KR65233BT760,stress,previous_real_terms_synthetic,STEP KI,False,coupon_regular,0.005,terms,96469
1862,derived_KR65233BT760,stress,previous_real_terms_synthetic,STEP KI,False,coupon_regular,0.01,terms,96469
1863,derived_KR65233BT760,stress,previous_real_terms_synthetic,STEP KI,False,ki_barrier,-0.05,terms,1020
1864,derived_KR65233BT760,stress,previous_real_terms_synthetic,STEP KI,False,ki_barrier,-0.025,terms,650
1865,derived_KR65233BT760,stress,previous_real_terms_synthetic,STEP KI,False,ki_barrier,-0.01,terms,317
1866,derived_KR65233BT760,stress,previous_real_terms_synthetic,STEP KI,False,ki_barrier,-0.005,terms,161
1867,derived_KR65233BT760,stress,previous_real_terms_synthetic,STEP KI,False,ki_barrier,0.005,terms,166
1868,derived_KR65233BT760,stress,previous_real_terms_synthetic,STEP KI,False,ki_barrier,0.01,terms,352
1869,derived_KR65233BT760,stress,previous_real_terms_synthetic,STEP KI,False,ki_barrier,0.025,terms,965
1870,derived_KR65233BT760,stress,previous_real_terms_synthetic,STEP KI,False,ki_barrier,0.05,terms,2265
1871,derived_KR65233BT760,stress,previous_real_terms_synthetic,STEP KI,False,first_strike,-0.05,terms,31731
1872,derived_KR65233BT760,stress,previous_real_terms_synthetic,STEP KI,False,first_strike,-0.025,terms,16996
1873,derived_KR65233BT760,stress,previous_real_terms_synthetic,STEP KI,False,first_strike,-0.01,terms,6979
1874,derived_KR65233BT760,stress,previous_real_terms_synthetic,STEP KI,False,first_strike,-0.005,terms,3515
1875,derived_KR65233BT760,stress,previous_real_terms_synthetic,STEP KI,False,first_strike,0.005,terms,3538
1876,derived_KR65233BT760,stress,previous_real_terms_synthetic,STEP KI,False,first_strike,0.01,terms,7099
1877,derived_KR65233BT760,stress,previous_real_terms_synthetic,STEP KI,False,first_strike,0.025,terms,17342
1878,derived_KR65233BT760,stress,previous_real_terms_synthetic,STEP KI,False,first_strike,0.05,terms,32479
1879,derived_KR65233BT760,stress,previous_real_terms_synthetic,STEP KI,False,last_strike,-0.05,terms,3381
1880,derived_KR65233BT760,stress,previous_real_terms_synthetic,STEP KI,False,last_strike,-0.025,terms,1584
1881,derived_KR65233BT760,stress,previous_real_terms_synthetic,STEP KI,False,last_strike,-0.01,terms,564
1882,derived_KR65233BT760,stress,previous_real_terms_synthetic,STEP KI,False,last_strike,-0.005,terms,285
1883,derived_KR65233BT760,stress,previous_real_terms_synthetic,STEP KI,False,last_strike,0.005,terms,251
1884,derived_KR65233BT760,stress,previous_real_terms_synthetic,STEP KI,False,last_strike,0.01,terms,480
1885,derived_KR65233BT760,stress,previous_real_terms_synthetic,STEP KI,False,last_strike,0.025,terms,1090
1886,derived_KR65233BT760,stress,previous_real_terms_synthetic,STEP KI,False,last_strike,0.05,terms,1835
1887,derived_KR6KS0005GC1,stress,previous_real_terms_synthetic,STEP KI,False,base,0.0,terms,0
1888,derived_KR6KS0005GC1,stress,previous_real_terms_synthetic,STEP KI,False,coupon_regular,-0.01,terms,115040
1889,derived_KR6KS0005GC1,stress,previous_real_terms_synthetic,STEP KI,False,coupon_regular,-0.005,terms,115040
1890,derived_KR6KS0005GC1,stress,previous_real_terms_synthetic,STEP KI,False,coupon_regular,-0.0025,terms,115040
1891,derived_KR6KS0005GC1,stress,previous_real_terms_synthetic,STEP KI,False,coupon_regular,-0.001,terms,115040
1892,derived_KR6KS0005GC1,stress,previous_real_terms_synthetic,STEP KI,False,coupon_regular,0.001,terms,115040
1893,derived_KR6KS0005GC1,stress,previous_real_terms_synthetic,STEP KI,False,coupon_regular,0.0025,terms,115040
1894,derived_KR6KS0005GC1,stress,previous_real_terms_synthetic,STEP KI,False,coupon_regular,0.005,terms,115040
1895,derived_KR6KS0005GC1,stress,previous_real_terms_synthetic,STEP KI,False,coupon_regular,0.01,terms,115040
1896,derived_KR6KS0005GC1,stress,previous_real_terms_synthetic,STEP KI,False,ki_barrier,-0.05,terms,286
1897,derived_KR6KS0005GC1,stress,previous_real_terms_synthetic,STEP KI,False,ki_barrier,-0.025,terms,169
1898,derived_KR6KS0005GC1,stress,previous_real_terms_synthetic,STEP KI,False,ki_barrier,-0.01,terms,69
1899,derived_KR6KS0005GC1,stress,previous_real_terms_synthetic,STEP KI,False,ki_barrier,-0.005,terms,35
1900,derived_KR6KS0005GC1,stress,previous_real_terms_synthetic,STEP KI,False,ki_barrier,0.005,terms,43
1901,derived_KR6KS0005GC1,stress,previous_real_terms_synthetic,STEP KI,False,ki_barrier,0.01,terms,86
1902,derived_KR6KS0005GC1,stress,previous_real_terms_synthetic,STEP KI,False,ki_barrier,0.025,terms,270
1903,derived_KR6KS0005GC1,stress,previous_real_terms_synthetic,STEP KI,False,ki_barrier,0.05,terms,640
1904,derived_KR6KS0005GC1,stress,previous_real_terms_synthetic,STEP KI,False,first_strike,-0.05,terms,11389
1905,derived_KR6KS0005GC1,stress,previous_real_terms_synthetic,STEP KI,False,first_strike,-0.025,terms,6649
1906,derived_KR6KS0005GC1,stress,previous_real_terms_synthetic,STEP KI,False,first_strike,-0.01,terms,2961
1907,derived_KR6KS0005GC1,stress,previous_real_terms_synthetic,STEP KI,False,first_strike,-0.005,terms,1483
1908,derived_KR6KS0005GC1,stress,previous_real_terms_synthetic,STEP KI,False,first_strike,0.005,terms,1601
1909,derived_KR6KS0005GC1,stress,previous_real_terms_synthetic,STEP KI,False,first_strike,0.01,terms,3248
1910,derived_KR6KS0005GC1,stress,previous_real_terms_synthetic,STEP KI,False,first_strike,0.025,terms,8678
1911,derived_KR6KS0005GC1,stress,previous_real_terms_synthetic,STEP KI,False,first_strike,0.05,terms,19537
1912,derived_KR6KS0005GC1,stress,previous_real_terms_synthetic,STEP KI,False,last_strike,-0.05,terms,1124
1913,derived_KR6KS0005GC1,stress,previous_real_terms_synthetic,STEP KI,False,last_strike,-0.025,terms,557
1914,derived_KR6KS0005GC1,stress,previous_real_terms_synthetic,STEP KI,False,last_strike,-0.01,terms,192
1915,derived_KR6KS0005GC1,stress,previous_real_terms_synthetic,STEP KI,False,last_strike,-0.005,terms,85
1916,derived_KR6KS0005GC1,stress,previous_real_terms_synthetic,STEP KI,False,last_strike,0.005,terms,120
1917,derived_KR6KS0005GC1,stress,previous_real_terms_synthetic,STEP KI,False,last_strike,0.01,terms,234
1918,derived_KR6KS0005GC1,stress,previous_real_terms_synthetic,STEP KI,False,last_strike,0.025,terms,543
1919,derived_KR6KS0005GC1,stress,previous_real_terms_synthetic,STEP KI,False,last_strike,0.05,terms,982
1920,derived_KR6MZ00002C9,stress,previous_real_terms_synthetic,STEP KI,False,base,0.0,terms,0
1921,derived_KR6MZ00002C9,stress,previous_real_terms_synthetic,STEP KI,False,coupon_regular,-0.01,terms,98943
1922,derived_KR6MZ00002C9,stress,previous_real_terms_synthetic,STEP KI,False,coupon_regular,-0.005,terms,98943
1923,derived_KR6MZ00002C9,stress,previous_real_terms_synthetic,STEP KI,False,coupon_regular,-0.0025,terms,98943
1924,derived_KR6MZ00002C9,stress,previous_real_terms_synthetic,STEP KI,False,coupon_regular,-0.001,terms,98943
1925,derived_KR6MZ00002C9,stress,previous_real_terms_synthetic,STEP KI,False,coupon_regular,0.001,terms,98943
1926,derived_KR6MZ00002C9,stress,previous_real_terms_synthetic,STEP KI,False,coupon_regular,0.0025,terms,98943
1927,derived_KR6MZ00002C9,stress,previous_real_terms_synthetic,STEP KI,False,coupon_regular,0.005,terms,98943
1928,derived_KR6MZ00002C9,stress,previous_real_terms_synthetic,STEP KI,False,coupon_regular,0.01,terms,98943
1929,derived_KR6MZ00002C9,stress,previous_real_terms_synthetic,STEP KI,False,ki_barrier,-0.05,terms,4716
1930,derived_KR6MZ00002C9,stress,previous_real_terms_synthetic,STEP KI,False,ki_barrier,-0.025,terms,2324
1931,derived_KR6MZ00002C9,stress,previous_real_terms_synthetic,STEP KI,False,ki_barrier,-0.01,terms,880
1932,derived_KR6MZ00002C9,stress,previous_real_terms_synthetic,STEP KI,False,ki_barrier,-0.005,terms,441
1933,derived_KR6MZ00002C9,stress,previous_real_terms_synthetic,STEP KI,False,ki_barrier,0.005,terms,495
1934,derived_KR6MZ00002C9,stress,previous_real_terms_synthetic,STEP KI,False,ki_barrier,0.01,terms,937
1935,derived_KR6MZ00002C9,stress,previous_real_terms_synthetic,STEP KI,False,ki_barrier,0.025,terms,2203
1936,derived_KR6MZ00002C9,stress,previous_real_terms_synthetic,STEP KI,False,ki_barrier,0.05,terms,4025
1937,derived_KR6MZ00002C9,stress,previous_real_terms_synthetic,STEP KI,False,first_strike,-0.05,terms,18994
1938,derived_KR6MZ00002C9,stress,previous_real_terms_synthetic,STEP KI,False,first_strike,-0.025,terms,9603
1939,derived_KR6MZ00002C9,stress,previous_real_terms_synthetic,STEP KI,False,first_strike,-0.01,terms,3879
1940,derived_KR6MZ00002C9,stress,previous_real_terms_synthetic,STEP KI,False,first_strike,-0.005,terms,1903
1941,derived_KR6MZ00002C9,stress,previous_real_terms_synthetic,STEP KI,False,first_strike,0.005,terms,1885
1942,derived_KR6MZ00002C9,stress,previous_real_terms_synthetic,STEP KI,False,first_strike,0.01,terms,3813
1943,derived_KR6MZ00002C9,stress,previous_real_terms_synthetic,STEP KI,False,first_strike,0.025,terms,9649
1944,derived_KR6MZ00002C9,stress,previous_real_terms_synthetic,STEP KI,False,first_strike,0.05,terms,18510
1945,derived_KR6MZ00002C9,stress,previous_real_terms_synthetic,STEP KI,False,last_strike,-0.05,terms,2186
1946,derived_KR6MZ00002C9,stress,previous_real_terms_synthetic,STEP KI,False,last_strike,-0.025,terms,973
1947,derived_KR6MZ00002C9,stress,previous_real_terms_synthetic,STEP KI,False,last_strike,-0.01,terms,359
1948,derived_KR6MZ00002C9,stress,previous_real_terms_synthetic,STEP KI,False,last_strike,-0.005,terms,187
1949,derived_KR6MZ00002C9,stress,previous_real_terms_synthetic,STEP KI,False,last_strike,0.005,terms,224
1950,derived_KR6MZ00002C9,stress,previous_real_terms_synthetic,STEP KI,False,last_strike,0.01,terms,407
1951,derived_KR6MZ00002C9,stress,previous_real_terms_synthetic,STEP KI,False,last_strike,0.025,terms,932
1952,derived_KR6MZ00002C9,stress,previous_real_terms_synthetic,STEP KI,False,last_strike,0.05,terms,1618
1953,derived_KR65733CR571,stress,previous_real_terms_synthetic,STEP KI,False,base,0.0,terms,0
1954,derived_KR65733CR571,stress,previous_real_terms_synthetic,STEP KI,False,coupon_regular,-0.01,terms,93063
1955,derived_KR65733CR571,stress,previous_real_terms_synthetic,STEP KI,False,coupon_regular,-0.005,terms,93063
1956,derived_KR65733CR571,stress,previous_real_terms_synthetic,STEP KI,False,coupon_regular,-0.0025,terms,93063
1957,derived_KR65733CR571,stress,previous_real_terms_synthetic,STEP KI,False,coupon_regular,-0.001,terms,93063
1958,derived_KR65733CR571,stress,previous_real_terms_synthetic,STEP KI,False,coupon_regular,0.001,terms,93063
1959,derived_KR65733CR571,stress,previous_real_terms_synthetic,STEP KI,False,coupon_regular,0.0025,terms,93063
1960,derived_KR65733CR571,stress,previous_real_terms_synthetic,STEP KI,False,coupon_regular,0.005,terms,93063
1961,derived_KR65733CR571,stress,previous_real_terms_synthetic,STEP KI,False,coupon_regular,0.01,terms,93063
1962,derived_KR65733CR571,stress,previous_real_terms_synthetic,STEP KI,False,ki_barrier,-0.05,terms,5004
1963,derived_KR65733CR571,stress,previous_real_terms_synthetic,STEP KI,False,ki_barrier,-0.025,terms,2578
1964,derived_KR65733CR571,stress,previous_real_terms_synthetic,STEP KI,False,ki_barrier,-0.01,terms,1071
1965,derived_KR65733CR571,stress,previous_real_terms_synthetic,STEP KI,False,ki_barrier,-0.005,terms,550
1966,derived_KR65733CR571,stress,previous_real_terms_synthetic,STEP KI,False,ki_barrier,0.005,terms,545
1967,derived_KR65733CR571,stress,previous_real_terms_synthetic,STEP KI,False,ki_barrier,0.01,terms,991
1968,derived_KR65733CR571,stress,previous_real_terms_synthetic,STEP KI,False,ki_barrier,0.025,terms,2479
1969,derived_KR65733CR571,stress,previous_real_terms_synthetic,STEP KI,False,ki_barrier,0.05,terms,4686
1970,derived_KR65733CR571,stress,previous_real_terms_synthetic,STEP KI,False,first_strike,-0.05,terms,19526
1971,derived_KR65733CR571,stress,previous_real_terms_synthetic,STEP KI,False,first_strike,-0.025,terms,10351
1972,derived_KR65733CR571,stress,previous_real_terms_synthetic,STEP KI,False,first_strike,-0.01,terms,4218
1973,derived_KR65733CR571,stress,previous_real_terms_synthetic,STEP KI,False,first_strike,-0.005,terms,2108
1974,derived_KR65733CR571,stress,previous_real_terms_synthetic,STEP KI,False,first_strike,0.005,terms,2106
1975,derived_KR65733CR571,stress,previous_real_terms_synthetic,STEP KI,False,first_strike,0.01,terms,4298
1976,derived_KR65733CR571,stress,previous_real_terms_synthetic,STEP KI,False,first_strike,0.025,terms,10777
1977,derived_KR65733CR571,stress,previous_real_terms_synthetic,STEP KI,False,first_strike,0.05,terms,21715
1978,derived_KR65733CR571,stress,previous_real_terms_synthetic,STEP KI,False,last_strike,-0.05,terms,1771
1979,derived_KR65733CR571,stress,previous_real_terms_synthetic,STEP KI,False,last_strike,-0.025,terms,770
1980,derived_KR65733CR571,stress,previous_real_terms_synthetic,STEP KI,False,last_strike,-0.01,terms,301
1981,derived_KR65733CR571,stress,previous_real_terms_synthetic,STEP KI,False,last_strike,-0.005,terms,147
1982,derived_KR65733CR571,stress,previous_real_terms_synthetic,STEP KI,False,last_strike,0.005,terms,127
1983,derived_KR65733CR571,stress,previous_real_terms_synthetic,STEP KI,False,last_strike,0.01,terms,251
1984,derived_KR65733CR571,stress,previous_real_terms_synthetic,STEP KI,False,last_strike,0.025,terms,610
1985,derived_KR65733CR571,stress,previous_real_terms_synthetic,STEP KI,False,last_strike,0.05,terms,1110
1986,derived_KR6KS0002ZM7,stress,previous_real_terms_synthetic,STEP KI,False,base,0.0,terms,0
1987,derived_KR6KS0002ZM7,stress,previous_real_terms_synthetic,STEP KI,False,coupon_regular,-0.01,terms,110545
1988,derived_KR6KS0002ZM7,stress,previous_real_terms_synthetic,STEP KI,False,coupon_regular,-0.005,terms,110545
1989,derived_KR6KS0002ZM7,stress,previous_real_terms_synthetic,STEP KI,False,coupon_regular,-0.0025,terms,110545
1990,derived_KR6KS0002ZM7,stress,previous_real_terms_synthetic,STEP KI,False,coupon_regular,-0.001,terms,110545
1991,derived_KR6KS0002ZM7,stress,previous_real_terms_synthetic,STEP KI,False,coupon_regular,0.001,terms,110545
1992,derived_KR6KS0002ZM7,stress,previous_real_terms_synthetic,STEP KI,False,coupon_regular,0.0025,terms,110545
1993,derived_KR6KS0002ZM7,stress,previous_real_terms_synthetic,STEP KI,False,coupon_regular,0.005,terms,110545
1994,derived_KR6KS0002ZM7,stress,previous_real_terms_synthetic,STEP KI,False,coupon_regular,0.01,terms,110545
1995,derived_KR6KS0002ZM7,stress,previous_real_terms_synthetic,STEP KI,False,ki_barrier,-0.05,terms,1950
1996,derived_KR6KS0002ZM7,stress,previous_real_terms_synthetic,STEP KI,False,ki_barrier,-0.025,terms,970
1997,derived_KR6KS0002ZM7,stress,previous_real_terms_synthetic,STEP KI,False,ki_barrier,-0.01,terms,388
1998,derived_KR6KS0002ZM7,stress,previous_real_terms_synthetic,STEP KI,False,ki_barrier,-0.005,terms,189
1999,derived_KR6KS0002ZM7,stress,previous_real_terms_synthetic,STEP KI,False,ki_barrier,0.005,terms,188
2000,derived_KR6KS0002ZM7,stress,previous_real_terms_synthetic,STEP KI,False,ki_barrier,0.01,terms,349
2001,derived_KR6KS0002ZM7,stress,previous_real_terms_synthetic,STEP KI,False,ki_barrier,0.025,terms,887
2002,derived_KR6KS0002ZM7,stress,previous_real_terms_synthetic,STEP KI,False,ki_barrier,0.05,terms,1621
2003,derived_KR6KS0002ZM7,stress,previous_real_terms_synthetic,STEP KI,False,first_strike,-0.05,terms,9823
2004,derived_KR6KS0002ZM7,stress,previous_real_terms_synthetic,STEP KI,False,first_strike,-0.025,terms,5373
2005,derived_KR6KS0002ZM7,stress,previous_real_terms_synthetic,STEP KI,False,first_strike,-0.01,terms,2288
2006,derived_KR6KS0002ZM7,stress,previous_real_terms_synthetic,STEP KI,False,first_strike,-0.005,terms,1140
2007,derived_KR6KS0002ZM7,stress,previous_real_terms_synthetic,STEP KI,False,first_strike,0.005,terms,1213
2008,derived_KR6KS0002ZM7,stress,previous_real_terms_synthetic,STEP KI,False,first_strike,0.01,terms,2459
2009,derived_KR6KS0002ZM7,stress,previous_real_terms_synthetic,STEP KI,False,first_strike,0.025,terms,6441
2010,derived_KR6KS0002ZM7,stress,previous_real_terms_synthetic,STEP KI,False,first_strike,0.05,terms,13824
2011,derived_KR6KS0002ZM7,stress,previous_real_terms_synthetic,STEP KI,False,last_strike,-0.05,terms,425
2012,derived_KR6KS0002ZM7,stress,previous_real_terms_synthetic,STEP KI,False,last_strike,-0.025,terms,188
2013,derived_KR6KS0002ZM7,stress,previous_real_terms_synthetic,STEP KI,False,last_strike,-0.01,terms,76
2014,derived_KR6KS0002ZM7,stress,previous_real_terms_synthetic,STEP KI,False,last_strike,-0.005,terms,40
2015,derived_KR6KS0002ZM7,stress,previous_real_terms_synthetic,STEP KI,False,last_strike,0.005,terms,29
2016,derived_KR6KS0002ZM7,stress,previous_real_terms_synthetic,STEP KI,False,last_strike,0.01,terms,68
2017,derived_KR6KS0002ZM7,stress,previous_real_terms_synthetic,STEP KI,False,last_strike,0.025,terms,149
2018,derived_KR6KS0002ZM7,stress,previous_real_terms_synthetic,STEP KI,False,last_strike,0.05,terms,257
2019,derived_KR65733CT569,stress,previous_real_terms_synthetic,STEP KI,False,base,0.0,terms,0
2020,derived_KR65733CT569,stress,previous_real_terms_synthetic,STEP KI,False,coupon_regular,-0.01,terms,115815
2021,derived_KR65733CT569,stress,previous_real_terms_synthetic,STEP KI,False,coupon_regular,-0.005,terms,115815
2022,derived_KR65733CT569,stress,previous_real_terms_synthetic,STEP KI,False,coupon_regular,-0.0025,terms,115815
2023,derived_KR65733CT569,stress,previous_real_terms_synthetic,STEP KI,False,coupon_regular,-0.001,terms,115815
2024,derived_KR65733CT569,stress,previous_real_terms_synthetic,STEP KI,False,coupon_regular,0.001,terms,115815
2025,derived_KR65733CT569,stress,previous_real_terms_synthetic,STEP KI,False,coupon_regular,0.0025,terms,115815
2026,derived_KR65733CT569,stress,previous_real_terms_synthetic,STEP KI,False,coupon_regular,0.005,terms,115815
2027,derived_KR65733CT569,stress,previous_real_terms_synthetic,STEP KI,False,coupon_regular,0.01,terms,115815
2028,derived_KR65733CT569,stress,previous_real_terms_synthetic,STEP KI,False,ki_barrier,-0.05,terms,225
2029,derived_KR65733CT569,stress,previous_real_terms_synthetic,STEP KI,False,ki_barrier,-0.025,terms,69
2030,derived_KR65733CT569,stress,previous_real_terms_synthetic,STEP KI,False,ki_barrier,-0.01,terms,22
2031,derived_KR65733CT569,stress,previous_real_terms_synthetic,STEP KI,False,ki_barrier,-0.005,terms,10
2032,derived_KR65733CT569,stress,previous_real_terms_synthetic,STEP KI,False,ki_barrier,0.005,terms,13
2033,derived_KR65733CT569,stress,previous_real_terms_synthetic,STEP KI,False,ki_barrier,0.01,terms,20
2034,derived_KR65733CT569,stress,previous_real_terms_synthetic,STEP KI,False,ki_barrier,0.025,terms,32
2035,derived_KR65733CT569,stress,previous_real_terms_synthetic,STEP KI,False,ki_barrier,0.05,terms,40
2036,derived_KR65733CT569,stress,previous_real_terms_synthetic,STEP KI,False,first_strike,-0.05,terms,5731
2037,derived_KR65733CT569,stress,previous_real_terms_synthetic,STEP KI,False,first_strike,-0.025,terms,3348
2038,derived_KR65733CT569,stress,previous_real_terms_synthetic,STEP KI,False,first_strike,-0.01,terms,1430
2039,derived_KR65733CT569,stress,previous_real_terms_synthetic,STEP KI,False,first_strike,-0.005,terms,737
2040,derived_KR65733CT569,stress,previous_real_terms_synthetic,STEP KI,False,first_strike,0.005,terms,776
2041,derived_KR65733CT569,stress,previous_real_terms_synthetic,STEP KI,False,first_strike,0.01,terms,1624
2042,derived_KR65733CT569,stress,previous_real_terms_synthetic,STEP KI,False,first_strike,0.025,terms,4491
2043,derived_KR65733CT569,stress,previous_real_terms_synthetic,STEP KI,False,first_strike,0.05,terms,10291
2044,derived_KR65733CT569,stress,previous_real_terms_synthetic,STEP KI,False,last_strike,-0.05,terms,263
2045,derived_KR65733CT569,stress,previous_real_terms_synthetic,STEP KI,False,last_strike,-0.025,terms,119
2046,derived_KR65733CT569,stress,previous_real_terms_synthetic,STEP KI,False,last_strike,-0.01,terms,43
2047,derived_KR65733CT569,stress,previous_real_terms_synthetic,STEP KI,False,last_strike,-0.005,terms,18
2048,derived_KR65733CT569,stress,previous_real_terms_synthetic,STEP KI,False,last_strike,0.005,terms,15
2049,derived_KR65733CT569,stress,previous_real_terms_synthetic,STEP KI,False,last_strike,0.01,terms,32
2050,derived_KR65733CT569,stress,previous_real_terms_synthetic,STEP KI,False,last_strike,0.025,terms,81
2051,derived_KR65733CT569,stress,previous_real_terms_synthetic,STEP KI,False,last_strike,0.05,terms,153
2052,derived_KR6KB0004EN2,stress,previous_real_terms_synthetic,STEP KI,False,base,0.0,terms,0
2053,derived_KR6KB0004EN2,stress,previous_real_terms_synthetic,STEP KI,False,coupon_regular,-0.01,terms,115616
2054,derived_KR6KB0004EN2,stress,previous_real_terms_synthetic,STEP KI,False,coupon_regular,-0.005,terms,115616
2055,derived_KR6KB0004EN2,stress,previous_real_terms_synthetic,STEP KI,False,coupon_regular,-0.0025,terms,115616
2056,derived_KR6KB0004EN2,stress,previous_real_terms_synthetic,STEP KI,False,coupon_regular,-0.001,terms,115616
2057,derived_KR6KB0004EN2,stress,previous_real_terms_synthetic,STEP KI,False,coupon_regular,0.001,terms,115616
2058,derived_KR6KB0004EN2,stress,previous_real_terms_synthetic,STEP KI,False,coupon_regular,0.0025,terms,115616
2059,derived_KR6KB0004EN2,stress,previous_real_terms_synthetic,STEP KI,False,coupon_regular,0.005,terms,115616
2060,derived_KR6KB0004EN2,stress,previous_real_terms_synthetic,STEP KI,False,coupon_regular,0.01,terms,115616
2061,derived_KR6KB0004EN2,stress,previous_real_terms_synthetic,STEP KI,False,ki_barrier,-0.05,terms,615
2062,derived_KR6KB0004EN2,stress,previous_real_terms_synthetic,STEP KI,False,ki_barrier,-0.025,terms,385
2063,derived_KR6KB0004EN2,stress,previous_real_terms_synthetic,STEP KI,False,ki_barrier,-0.01,terms,170
2064,derived_KR6KB0004EN2,stress,previous_real_terms_synthetic,STEP KI,False,ki_barrier,-0.005,terms,90
2065,derived_KR6KB0004EN2,stress,previous_real_terms_synthetic,STEP KI,False,ki_barrier,0.005,terms,94
2066,derived_KR6KB0004EN2,stress,previous_real_terms_synthetic,STEP KI,False,ki_barrier,0.01,terms,201
2067,derived_KR6KB0004EN2,stress,previous_real_terms_synthetic,STEP KI,False,ki_barrier,0.025,terms,508
2068,derived_KR6KB0004EN2,stress,previous_real_terms_synthetic,STEP KI,False,ki_barrier,0.05,terms,1162
2069,derived_KR6KB0004EN2,stress,previous_real_terms_synthetic,STEP KI,False,first_strike,-0.05,terms,19770
2070,derived_KR6KB0004EN2,stress,previous_real_terms_synthetic,STEP KI,False,first_strike,-0.025,terms,11031
2071,derived_KR6KB0004EN2,stress,previous_real_terms_synthetic,STEP KI,False,first_strike,-0.01,terms,4611
2072,derived_KR6KB0004EN2,stress,previous_real_terms_synthetic,STEP KI,False,first_strike,-0.005,terms,2326
2073,derived_KR6KB0004EN2,stress,previous_real_terms_synthetic,STEP KI,False,first_strike,0.005,terms,2425
2074,derived_KR6KB0004EN2,stress,previous_real_terms_synthetic,STEP KI,False,first_strike,0.01,terms,4919
2075,derived_KR6KB0004EN2,stress,previous_real_terms_synthetic,STEP KI,False,first_strike,0.025,terms,12715
2076,derived_KR6KB0004EN2,stress,previous_real_terms_synthetic,STEP KI,False,first_strike,0.05,terms,25908
2077,derived_KR6KB0004EN2,stress,previous_real_terms_synthetic,STEP KI,False,last_strike,-0.05,terms,1191
2078,derived_KR6KB0004EN2,stress,previous_real_terms_synthetic,STEP KI,False,last_strike,-0.025,terms,546
2079,derived_KR6KB0004EN2,stress,previous_real_terms_synthetic,STEP KI,False,last_strike,-0.01,terms,224
2080,derived_KR6KB0004EN2,stress,previous_real_terms_synthetic,STEP KI,False,last_strike,-0.005,terms,106
2081,derived_KR6KB0004EN2,stress,previous_real_terms_synthetic,STEP KI,False,last_strike,0.005,terms,109
2082,derived_KR6KB0004EN2,stress,previous_real_terms_synthetic,STEP KI,False,last_strike,0.01,terms,194
2083,derived_KR6KB0004EN2,stress,previous_real_terms_synthetic,STEP KI,False,last_strike,0.025,terms,489
2084,derived_KR6KB0004EN2,stress,previous_real_terms_synthetic,STEP KI,False,last_strike,0.05,terms,918
2085,derived_20210820000433_10001,stress,previous_real_terms_synthetic,STEP KI,False,base,0.0,terms,0
2086,derived_20210820000433_10001,stress,previous_real_terms_synthetic,STEP KI,False,coupon_regular,-0.01,terms,98798
2087,derived_20210820000433_10001,stress,previous_real_terms_synthetic,STEP KI,False,coupon_regular,-0.005,terms,98798
2088,derived_20210820000433_10001,stress,previous_real_terms_synthetic,STEP KI,False,coupon_regular,-0.0025,terms,98798
2089,derived_20210820000433_10001,stress,previous_real_terms_synthetic,STEP KI,False,coupon_regular,-0.001,terms,98798
2090,derived_20210820000433_10001,stress,previous_real_terms_synthetic,STEP KI,False,coupon_regular,0.001,terms,98798
2091,derived_20210820000433_10001,stress,previous_real_terms_synthetic,STEP KI,False,coupon_regular,0.0025,terms,98798
2092,derived_20210820000433_10001,stress,previous_real_terms_synthetic,STEP KI,False,coupon_regular,0.005,terms,98798
2093,derived_20210820000433_10001,stress,previous_real_terms_synthetic,STEP KI,False,coupon_regular,0.01,terms,98798
2094,derived_20210820000433_10001,stress,previous_real_terms_synthetic,STEP KI,False,ki_barrier,-0.05,terms,3141
2095,derived_20210820000433_10001,stress,previous_real_terms_synthetic,STEP KI,False,ki_barrier,-0.025,terms,1639
2096,derived_20210820000433_10001,stress,previous_real_terms_synthetic,STEP KI,False,ki_barrier,-0.01,terms,666
2097,derived_20210820000433_10001,stress,previous_real_terms_synthetic,STEP KI,False,ki_barrier,-0.005,terms,319
2098,derived_20210820000433_10001,stress,previous_real_terms_synthetic,STEP KI,False,ki_barrier,0.005,terms,328
2099,derived_20210820000433_10001,stress,previous_real_terms_synthetic,STEP KI,False,ki_barrier,0.01,terms,677
2100,derived_20210820000433_10001,stress,previous_real_terms_synthetic,STEP KI,False,ki_barrier,0.025,terms,1732
2101,derived_20210820000433_10001,stress,previous_real_terms_synthetic,STEP KI,False,ki_barrier,0.05,terms,3465
2102,derived_20210820000433_10001,stress,previous_real_terms_synthetic,STEP KI,False,first_strike,-0.05,terms,22791
2103,derived_20210820000433_10001,stress,previous_real_terms_synthetic,STEP KI,False,first_strike,-0.025,terms,12140
2104,derived_20210820000433_10001,stress,previous_real_terms_synthetic,STEP KI,False,first_strike,-0.01,terms,4958
2105,derived_20210820000433_10001,stress,previous_real_terms_synthetic,STEP KI,False,first_strike,-0.005,terms,2551
2106,derived_20210820000433_10001,stress,previous_real_terms_synthetic,STEP KI,False,first_strike,0.005,terms,2655
2107,derived_20210820000433_10001,stress,previous_real_terms_synthetic,STEP KI,False,first_strike,0.01,terms,5276
2108,derived_20210820000433_10001,stress,previous_real_terms_synthetic,STEP KI,False,first_strike,0.025,terms,13168
2109,derived_20210820000433_10001,stress,previous_real_terms_synthetic,STEP KI,False,first_strike,0.05,terms,25788
2110,derived_20210820000433_10001,stress,previous_real_terms_synthetic,STEP KI,False,last_strike,-0.05,terms,2683
2111,derived_20210820000433_10001,stress,previous_real_terms_synthetic,STEP KI,False,last_strike,-0.025,terms,1271
2112,derived_20210820000433_10001,stress,previous_real_terms_synthetic,STEP KI,False,last_strike,-0.01,terms,501
2113,derived_20210820000433_10001,stress,previous_real_terms_synthetic,STEP KI,False,last_strike,-0.005,terms,244
2114,derived_20210820000433_10001,stress,previous_real_terms_synthetic,STEP KI,False,last_strike,0.005,terms,214
2115,derived_20210820000433_10001,stress,previous_real_terms_synthetic,STEP KI,False,last_strike,0.01,terms,431
2116,derived_20210820000433_10001,stress,previous_real_terms_synthetic,STEP KI,False,last_strike,0.025,terms,1094
2117,derived_20210820000433_10001,stress,previous_real_terms_synthetic,STEP KI,False,last_strike,0.05,terms,1996
2118,derived_KR6523308585,stress,previous_real_terms_synthetic,STEP KI,False,base,0.0,terms,0
2119,derived_KR6523308585,stress,previous_real_terms_synthetic,STEP KI,False,coupon_regular,-0.01,terms,112557
2120,derived_KR6523308585,stress,previous_real_terms_synthetic,STEP KI,False,coupon_regular,-0.005,terms,112557
2121,derived_KR6523308585,stress,previous_real_terms_synthetic,STEP KI,False,coupon_regular,-0.0025,terms,112557
2122,derived_KR6523308585,stress,previous_real_terms_synthetic,STEP KI,False,coupon_regular,-0.001,terms,112557
2123,derived_KR6523308585,stress,previous_real_terms_synthetic,STEP KI,False,coupon_regular,0.001,terms,112557
2124,derived_KR6523308585,stress,previous_real_terms_synthetic,STEP KI,False,coupon_regular,0.0025,terms,112557
2125,derived_KR6523308585,stress,previous_real_terms_synthetic,STEP KI,False,coupon_regular,0.005,terms,112557
2126,derived_KR6523308585,stress,previous_real_terms_synthetic,STEP KI,False,coupon_regular,0.01,terms,112557
2127,derived_KR6523308585,stress,previous_real_terms_synthetic,STEP KI,False,ki_barrier,-0.05,terms,1322
2128,derived_KR6523308585,stress,previous_real_terms_synthetic,STEP KI,False,ki_barrier,-0.025,terms,649
2129,derived_KR6523308585,stress,previous_real_terms_synthetic,STEP KI,False,ki_barrier,-0.01,terms,258
2130,derived_KR6523308585,stress,previous_real_terms_synthetic,STEP KI,False,ki_barrier,-0.005,terms,107
2131,derived_KR6523308585,stress,previous_real_terms_synthetic,STEP KI,False,ki_barrier,0.005,terms,122
2132,derived_KR6523308585,stress,previous_real_terms_synthetic,STEP KI,False,ki_barrier,0.01,terms,230
2133,derived_KR6523308585,stress,previous_real_terms_synthetic,STEP KI,False,ki_barrier,0.025,terms,552
2134,derived_KR6523308585,stress,previous_real_terms_synthetic,STEP KI,False,ki_barrier,0.05,terms,961
2135,derived_KR6523308585,stress,previous_real_terms_synthetic,STEP KI,False,first_strike,-0.05,terms,11382
2136,derived_KR6523308585,stress,previous_real_terms_synthetic,STEP KI,False,first_strike,-0.025,terms,6715
2137,derived_KR6523308585,stress,previous_real_terms_synthetic,STEP KI,False,first_strike,-0.01,terms,2893
2138,derived_KR6523308585,stress,previous_real_terms_synthetic,STEP KI,False,first_strike,-0.005,terms,1509
2139,derived_KR6523308585,stress,previous_real_terms_synthetic,STEP KI,False,first_strike,0.005,terms,1606
2140,derived_KR6523308585,stress,previous_real_terms_synthetic,STEP KI,False,first_strike,0.01,terms,3261
2141,derived_KR6523308585,stress,previous_real_terms_synthetic,STEP KI,False,first_strike,0.025,terms,8861
2142,derived_KR6523308585,stress,previous_real_terms_synthetic,STEP KI,False,first_strike,0.05,terms,20521
2143,derived_KR6523308585,stress,previous_real_terms_synthetic,STEP KI,False,last_strike,-0.05,terms,1153
2144,derived_KR6523308585,stress,previous_real_terms_synthetic,STEP KI,False,last_strike,-0.025,terms,539
2145,derived_KR6523308585,stress,previous_real_terms_synthetic,STEP KI,False,last_strike,-0.01,terms,214
2146,derived_KR6523308585,stress,previous_real_terms_synthetic,STEP KI,False,last_strike,-0.005,terms,108
2147,derived_KR6523308585,stress,previous_real_terms_synthetic,STEP KI,False,last_strike,0.005,terms,86
2148,derived_KR6523308585,stress,previous_real_terms_synthetic,STEP KI,False,last_strike,0.01,terms,181
2149,derived_KR6523308585,stress,previous_real_terms_synthetic,STEP KI,False,last_strike,0.025,terms,417
2150,derived_KR6523308585,stress,previous_real_terms_synthetic,STEP KI,False,last_strike,0.05,terms,764
2151,derived_KR6523319871,stress,previous_real_terms_synthetic,STEP KI,False,base,0.0,terms,0
2152,derived_KR6523319871,stress,previous_real_terms_synthetic,STEP KI,False,coupon_regular,-0.01,terms,115044
2153,derived_KR6523319871,stress,previous_real_terms_synthetic,STEP KI,False,coupon_regular,-0.005,terms,115044
2154,derived_KR6523319871,stress,previous_real_terms_synthetic,STEP KI,False,coupon_regular,-0.0025,terms,115044
2155,derived_KR6523319871,stress,previous_real_terms_synthetic,STEP KI,False,coupon_regular,-0.001,terms,115044
2156,derived_KR6523319871,stress,previous_real_terms_synthetic,STEP KI,False,coupon_regular,0.001,terms,115044
2157,derived_KR6523319871,stress,previous_real_terms_synthetic,STEP KI,False,coupon_regular,0.0025,terms,115044
2158,derived_KR6523319871,stress,previous_real_terms_synthetic,STEP KI,False,coupon_regular,0.005,terms,115044
2159,derived_KR6523319871,stress,previous_real_terms_synthetic,STEP KI,False,coupon_regular,0.01,terms,115044
2160,derived_KR6523319871,stress,previous_real_terms_synthetic,STEP KI,False,ki_barrier,-0.05,terms,1091
2161,derived_KR6523319871,stress,previous_real_terms_synthetic,STEP KI,False,ki_barrier,-0.025,terms,565
2162,derived_KR6523319871,stress,previous_real_terms_synthetic,STEP KI,False,ki_barrier,-0.01,terms,240
2163,derived_KR6523319871,stress,previous_real_terms_synthetic,STEP KI,False,ki_barrier,-0.005,terms,125
2164,derived_KR6523319871,stress,previous_real_terms_synthetic,STEP KI,False,ki_barrier,0.005,terms,137
2165,derived_KR6523319871,stress,previous_real_terms_synthetic,STEP KI,False,ki_barrier,0.01,terms,277
2166,derived_KR6523319871,stress,previous_real_terms_synthetic,STEP KI,False,ki_barrier,0.025,terms,632
2167,derived_KR6523319871,stress,previous_real_terms_synthetic,STEP KI,False,ki_barrier,0.05,terms,1161
2168,derived_KR6523319871,stress,previous_real_terms_synthetic,STEP KI,False,first_strike,-0.05,terms,9848
2169,derived_KR6523319871,stress,previous_real_terms_synthetic,STEP KI,False,first_strike,-0.025,terms,5672
2170,derived_KR6523319871,stress,previous_real_terms_synthetic,STEP KI,False,first_strike,-0.01,terms,2502
2171,derived_KR6523319871,stress,previous_real_terms_synthetic,STEP KI,False,first_strike,-0.005,terms,1299
2172,derived_KR6523319871,stress,previous_real_terms_synthetic,STEP KI,False,first_strike,0.005,terms,1327
2173,derived_KR6523319871,stress,previous_real_terms_synthetic,STEP KI,False,first_strike,0.01,terms,2808
2174,derived_KR6523319871,stress,previous_real_terms_synthetic,STEP KI,False,first_strike,0.025,terms,7883
2175,derived_KR6523319871,stress,previous_real_terms_synthetic,STEP KI,False,first_strike,0.05,terms,18585
2176,derived_KR6523319871,stress,previous_real_terms_synthetic,STEP KI,False,last_strike,-0.05,terms,832
2177,derived_KR6523319871,stress,previous_real_terms_synthetic,STEP KI,False,last_strike,-0.025,terms,399
2178,derived_KR6523319871,stress,previous_real_terms_synthetic,STEP KI,False,last_strike,-0.01,terms,166
2179,derived_KR6523319871,stress,previous_real_terms_synthetic,STEP KI,False,last_strike,-0.005,terms,78
2180,derived_KR6523319871,stress,previous_real_terms_synthetic,STEP KI,False,last_strike,0.005,terms,71
2181,derived_KR6523319871,stress,previous_real_terms_synthetic,STEP KI,False,last_strike,0.01,terms,144
2182,derived_KR6523319871,stress,previous_real_terms_synthetic,STEP KI,False,last_strike,0.025,terms,354
2183,derived_KR6523319871,stress,previous_real_terms_synthetic,STEP KI,False,last_strike,0.05,terms,646
2184,derived_KR65533D2563,stress,previous_real_terms_synthetic,STEP KI,False,base,0.0,terms,0
2185,derived_KR65533D2563,stress,previous_real_terms_synthetic,STEP KI,False,coupon_regular,-0.01,terms,101750
2186,derived_KR65533D2563,stress,previous_real_terms_synthetic,STEP KI,False,coupon_regular,-0.005,terms,101750
2187,derived_KR65533D2563,stress,previous_real_terms_synthetic,STEP KI,False,coupon_regular,-0.0025,terms,101750
2188,derived_KR65533D2563,stress,previous_real_terms_synthetic,STEP KI,False,coupon_regular,-0.001,terms,101750
2189,derived_KR65533D2563,stress,previous_real_terms_synthetic,STEP KI,False,coupon_regular,0.001,terms,101750
2190,derived_KR65533D2563,stress,previous_real_terms_synthetic,STEP KI,False,coupon_regular,0.0025,terms,101750
2191,derived_KR65533D2563,stress,previous_real_terms_synthetic,STEP KI,False,coupon_regular,0.005,terms,101750
2192,derived_KR65533D2563,stress,previous_real_terms_synthetic,STEP KI,False,coupon_regular,0.01,terms,101750
2193,derived_KR65533D2563,stress,previous_real_terms_synthetic,STEP KI,False,ki_barrier,-0.05,terms,3422
2194,derived_KR65533D2563,stress,previous_real_terms_synthetic,STEP KI,False,ki_barrier,-0.025,terms,1813
2195,derived_KR65533D2563,stress,previous_real_terms_synthetic,STEP KI,False,ki_barrier,-0.01,terms,768
2196,derived_KR65533D2563,stress,previous_real_terms_synthetic,STEP KI,False,ki_barrier,-0.005,terms,396
2197,derived_KR65533D2563,stress,previous_real_terms_synthetic,STEP KI,False,ki_barrier,0.005,terms,391
2198,derived_KR65533D2563,stress,previous_real_terms_synthetic,STEP KI,False,ki_barrier,0.01,terms,756
2199,derived_KR65533D2563,stress,previous_real_terms_synthetic,STEP KI,False,ki_barrier,0.025,terms,2018
2200,derived_KR65533D2563,stress,previous_real_terms_synthetic,STEP KI,False,ki_barrier,0.05,terms,4017
2201,derived_KR65533D2563,stress,previous_real_terms_synthetic,STEP KI,False,first_strike,-0.05,terms,20196
2202,derived_KR65533D2563,stress,previous_real_terms_synthetic,STEP KI,False,first_strike,-0.025,terms,10582
2203,derived_KR65533D2563,stress,previous_real_terms_synthetic,STEP KI,False,first_strike,-0.01,terms,4352
2204,derived_KR65533D2563,stress,previous_real_terms_synthetic,STEP KI,False,first_strike,-0.005,terms,2173
2205,derived_KR65533D2563,stress,previous_real_terms_synthetic,STEP KI,False,first_strike,0.005,terms,2126
2206,derived_KR65533D2563,stress,previous_real_terms_synthetic,STEP KI,False,first_strike,0.01,terms,4263
2207,derived_KR65533D2563,stress,previous_real_terms_synthetic,STEP KI,False,first_strike,0.025,terms,10808
2208,derived_KR65533D2563,stress,previous_real_terms_synthetic,STEP KI,False,first_strike,0.05,terms,21661
2209,derived_KR65533D2563,stress,previous_real_terms_synthetic,STEP KI,False,last_strike,-0.05,terms,2304
2210,derived_KR65533D2563,stress,previous_real_terms_synthetic,STEP KI,False,last_strike,-0.025,terms,1079
2211,derived_KR65533D2563,stress,previous_real_terms_synthetic,STEP KI,False,last_strike,-0.01,terms,417
2212,derived_KR65533D2563,stress,previous_real_terms_synthetic,STEP KI,False,last_strike,-0.005,terms,203
2213,derived_KR65533D2563,stress,previous_real_terms_synthetic,STEP KI,False,last_strike,0.005,terms,188
2214,derived_KR65533D2563,stress,previous_real_terms_synthetic,STEP KI,False,last_strike,0.01,terms,388
2215,derived_KR65533D2563,stress,previous_real_terms_synthetic,STEP KI,False,last_strike,0.025,terms,932
2216,derived_KR65533D2563,stress,previous_real_terms_synthetic,STEP KI,False,last_strike,0.05,terms,1657
2217,derived_KR6DS00008A0,stress,previous_real_terms_synthetic,STEP KI,False,base,0.0,terms,0
2218,derived_KR6DS00008A0,stress,previous_real_terms_synthetic,STEP KI,False,coupon_regular,-0.01,terms,112941
2219,derived_KR6DS00008A0,stress,previous_real_terms_synthetic,STEP KI,False,coupon_regular,-0.005,terms,112941
2220,derived_KR6DS00008A0,stress,previous_real_terms_synthetic,STEP KI,False,coupon_regular,-0.0025,terms,112941
2221,derived_KR6DS00008A0,stress,previous_real_terms_synthetic,STEP KI,False,coupon_regular,-0.001,terms,112941
2222,derived_KR6DS00008A0,stress,previous_real_terms_synthetic,STEP KI,False,coupon_regular,0.001,terms,112941
2223,derived_KR6DS00008A0,stress,previous_real_terms_synthetic,STEP KI,False,coupon_regular,0.0025,terms,112941
2224,derived_KR6DS00008A0,stress,previous_real_terms_synthetic,STEP KI,False,coupon_regular,0.005,terms,112941
2225,derived_KR6DS00008A0,stress,previous_real_terms_synthetic,STEP KI,False,coupon_regular,0.01,terms,112941
2226,derived_KR6DS00008A0,stress,previous_real_terms_synthetic,STEP KI,False,ki_barrier,-0.05,terms,1021
2227,derived_KR6DS00008A0,stress,previous_real_terms_synthetic,STEP KI,False,ki_barrier,-0.025,terms,607
2228,derived_KR6DS00008A0,stress,previous_real_terms_synthetic,STEP KI,False,ki_barrier,-0.01,terms,269
2229,derived_KR6DS00008A0,stress,previous_real_terms_synthetic,STEP KI,False,ki_barrier,-0.005,terms,155
2230,derived_KR6DS00008A0,stress,previous_real_terms_synthetic,STEP KI,False,ki_barrier,0.005,terms,141
2231,derived_KR6DS00008A0,stress,previous_real_terms_synthetic,STEP KI,False,ki_barrier,0.01,terms,272
2232,derived_KR6DS00008A0,stress,previous_real_terms_synthetic,STEP KI,False,ki_barrier,0.025,terms,765
2233,derived_KR6DS00008A0,stress,previous_real_terms_synthetic,STEP KI,False,ki_barrier,0.05,terms,1731
2234,derived_KR6DS00008A0,stress,previous_real_terms_synthetic,STEP KI,False,first_strike,-0.05,terms,22631
2235,derived_KR6DS00008A0,stress,previous_real_terms_synthetic,STEP KI,False,first_strike,-0.025,terms,12685
2236,derived_KR6DS00008A0,stress,previous_real_terms_synthetic,STEP KI,False,first_strike,-0.01,terms,5277
2237,derived_KR6DS00008A0,stress,previous_real_terms_synthetic,STEP KI,False,first_strike,-0.005,terms,2609
2238,derived_KR6DS00008A0,stress,previous_real_terms_synthetic,STEP KI,False,first_strike,0.005,terms,2761
2239,derived_KR6DS00008A0,stress,previous_real_terms_synthetic,STEP KI,False,first_strike,0.01,terms,5631
2240,derived_KR6DS00008A0,stress,previous_real_terms_synthetic,STEP KI,False,first_strike,0.025,terms,14531
2241,derived_KR6DS00008A0,stress,previous_real_terms_synthetic,STEP KI,False,first_strike,0.05,terms,29456
2242,derived_KR6DS00008A0,stress,previous_real_terms_synthetic,STEP KI,False,last_strike,-0.05,terms,1829
2243,derived_KR6DS00008A0,stress,previous_real_terms_synthetic,STEP KI,False,last_strike,-0.025,terms,896
2244,derived_KR6DS00008A0,stress,previous_real_terms_synthetic,STEP KI,False,last_strike,-0.01,terms,352
2245,derived_KR6DS00008A0,stress,previous_real_terms_synthetic,STEP KI,False,last_strike,-0.005,terms,171
2246,derived_KR6DS00008A0,stress,previous_real_terms_synthetic,STEP KI,False,last_strike,0.005,terms,170
2247,derived_KR6DS00008A0,stress,previous_real_terms_synthetic,STEP KI,False,last_strike,0.01,terms,335
2248,derived_KR6DS00008A0,stress,previous_real_terms_synthetic,STEP KI,False,last_strike,0.025,terms,739
2249,derived_KR6DS00008A0,stress,previous_real_terms_synthetic,STEP KI,False,last_strike,0.05,terms,1308
2250,derived_KR6593367651,stress,previous_real_terms_synthetic,STEP no-KI,False,base,0.0,terms,0
2251,derived_KR6593367651,stress,previous_real_terms_synthetic,STEP no-KI,False,coupon_regular,-0.01,terms,117027
2252,derived_KR6593367651,stress,previous_real_terms_synthetic,STEP no-KI,False,coupon_regular,-0.005,terms,117027
2253,derived_KR6593367651,stress,previous_real_terms_synthetic,STEP no-KI,False,coupon_regular,-0.0025,terms,117027
2254,derived_KR6593367651,stress,previous_real_terms_synthetic,STEP no-KI,False,coupon_regular,-0.001,terms,117027
2255,derived_KR6593367651,stress,previous_real_terms_synthetic,STEP no-KI,False,coupon_regular,0.001,terms,117027
2256,derived_KR6593367651,stress,previous_real_terms_synthetic,STEP no-KI,False,coupon_regular,0.0025,terms,117027
2257,derived_KR6593367651,stress,previous_real_terms_synthetic,STEP no-KI,False,coupon_regular,0.005,terms,117027
2258,derived_KR6593367651,stress,previous_real_terms_synthetic,STEP no-KI,False,coupon_regular,0.01,terms,117027
2259,derived_KR6593367651,stress,previous_real_terms_synthetic,STEP no-KI,False,first_strike,-0.05,terms,5560
2260,derived_KR6593367651,stress,previous_real_terms_synthetic,STEP no-KI,False,first_strike,-0.025,terms,3203
2261,derived_KR6593367651,stress,previous_real_terms_synthetic,STEP no-KI,False,first_strike,-0.01,terms,1395
2262,derived_KR6593367651,stress,previous_real_terms_synthetic,STEP no-KI,False,first_strike,-0.005,terms,746
2263,derived_KR6593367651,stress,previous_real_terms_synthetic,STEP no-KI,False,first_strike,0.005,terms,748
2264,derived_KR6593367651,stress,previous_real_terms_synthetic,STEP no-KI,False,first_strike,0.01,terms,1536
2265,derived_KR6593367651,stress,previous_real_terms_synthetic,STEP no-KI,False,first_strike,0.025,terms,4248
2266,derived_KR6593367651,stress,previous_real_terms_synthetic,STEP no-KI,False,first_strike,0.05,terms,9894
2267,derived_KR6593367651,stress,previous_real_terms_synthetic,STEP no-KI,False,last_strike,-0.05,terms,515
2268,derived_KR6593367651,stress,previous_real_terms_synthetic,STEP no-KI,False,last_strike,-0.025,terms,259
2269,derived_KR6593367651,stress,previous_real_terms_synthetic,STEP no-KI,False,last_strike,-0.01,terms,92
2270,derived_KR6593367651,stress,previous_real_terms_synthetic,STEP no-KI,False,last_strike,-0.005,terms,47
2271,derived_KR6593367651,stress,previous_real_terms_synthetic,STEP no-KI,False,last_strike,0.005,terms,51
2272,derived_KR6593367651,stress,previous_real_terms_synthetic,STEP no-KI,False,last_strike,0.01,terms,93
2273,derived_KR6593367651,stress,previous_real_terms_synthetic,STEP no-KI,False,last_strike,0.025,terms,216
2274,derived_KR6593367651,stress,previous_real_terms_synthetic,STEP no-KI,False,last_strike,0.05,terms,436
2275,derived_KR6HN0003MR9,stress,previous_real_terms_synthetic,STEP no-KI,False,base,0.0,terms,0
2276,derived_KR6HN0003MR9,stress,previous_real_terms_synthetic,STEP no-KI,False,coupon_regular,-0.01,terms,118649
2277,derived_KR6HN0003MR9,stress,previous_real_terms_synthetic,STEP no-KI,False,coupon_regular,-0.005,terms,118649
2278,derived_KR6HN0003MR9,stress,previous_real_terms_synthetic,STEP no-KI,False,coupon_regular,-0.0025,terms,118649
2279,derived_KR6HN0003MR9,stress,previous_real_terms_synthetic,STEP no-KI,False,coupon_regular,-0.001,terms,118649
2280,derived_KR6HN0003MR9,stress,previous_real_terms_synthetic,STEP no-KI,False,coupon_regular,0.001,terms,118649
2281,derived_KR6HN0003MR9,stress,previous_real_terms_synthetic,STEP no-KI,False,coupon_regular,0.0025,terms,118649
2282,derived_KR6HN0003MR9,stress,previous_real_terms_synthetic,STEP no-KI,False,coupon_regular,0.005,terms,118649
2283,derived_KR6HN0003MR9,stress,previous_real_terms_synthetic,STEP no-KI,False,coupon_regular,0.01,terms,118649
2284,derived_KR6HN0003MR9,stress,previous_real_terms_synthetic,STEP no-KI,False,first_strike,-0.05,terms,9118
2285,derived_KR6HN0003MR9,stress,previous_real_terms_synthetic,STEP no-KI,False,first_strike,-0.025,terms,5690
2286,derived_KR6HN0003MR9,stress,previous_real_terms_synthetic,STEP no-KI,False,first_strike,-0.01,terms,2557
2287,derived_KR6HN0003MR9,stress,previous_real_terms_synthetic,STEP no-KI,False,first_strike,-0.005,terms,1352
2288,derived_KR6HN0003MR9,stress,previous_real_terms_synthetic,STEP no-KI,False,first_strike,0.005,terms,1481
2289,derived_KR6HN0003MR9,stress,previous_real_terms_synthetic,STEP no-KI,False,first_strike,0.01,terms,3106
2290,derived_KR6HN0003MR9,stress,previous_real_terms_synthetic,STEP no-KI,False,first_strike,0.025,terms,8612
2291,derived_KR6HN0003MR9,stress,previous_real_terms_synthetic,STEP no-KI,False,first_strike,0.05,terms,20205
2292,derived_KR6HN0003MR9,stress,previous_real_terms_synthetic,STEP no-KI,False,last_strike,-0.05,terms,572
2293,derived_KR6HN0003MR9,stress,previous_real_terms_synthetic,STEP no-KI,False,last_strike,-0.025,terms,297
2294,derived_KR6HN0003MR9,stress,previous_real_terms_synthetic,STEP no-KI,False,last_strike,-0.01,terms,124
2295,derived_KR6HN0003MR9,stress,previous_real_terms_synthetic,STEP no-KI,False,last_strike,-0.005,terms,57
2296,derived_KR6HN0003MR9,stress,previous_real_terms_synthetic,STEP no-KI,False,last_strike,0.005,terms,68
2297,derived_KR6HN0003MR9,stress,previous_real_terms_synthetic,STEP no-KI,False,last_strike,0.01,terms,113
2298,derived_KR6HN0003MR9,stress,previous_real_terms_synthetic,STEP no-KI,False,last_strike,0.025,terms,292
2299,derived_KR6HN0003MR9,stress,previous_real_terms_synthetic,STEP no-KI,False,last_strike,0.05,terms,550
2300,derived_KR6653332A65,stress,previous_real_terms_synthetic,STEP no-KI,False,base,0.0,terms,0
2301,derived_KR6653332A65,stress,previous_real_terms_synthetic,STEP no-KI,False,coupon_regular,-0.01,terms,90954
2302,derived_KR6653332A65,stress,previous_real_terms_synthetic,STEP no-KI,False,coupon_regular,-0.005,terms,90954
2303,derived_KR6653332A65,stress,previous_real_terms_synthetic,STEP no-KI,False,coupon_regular,-0.0025,terms,90954
2304,derived_KR6653332A65,stress,previous_real_terms_synthetic,STEP no-KI,False,coupon_regular,-0.001,terms,90954
2305,derived_KR6653332A65,stress,previous_real_terms_synthetic,STEP no-KI,False,coupon_regular,0.001,terms,90954
2306,derived_KR6653332A65,stress,previous_real_terms_synthetic,STEP no-KI,False,coupon_regular,0.0025,terms,90954
2307,derived_KR6653332A65,stress,previous_real_terms_synthetic,STEP no-KI,False,coupon_regular,0.005,terms,90954
2308,derived_KR6653332A65,stress,previous_real_terms_synthetic,STEP no-KI,False,coupon_regular,0.01,terms,90954
2309,derived_KR6653332A65,stress,previous_real_terms_synthetic,STEP no-KI,False,first_strike,-0.05,terms,14765
2310,derived_KR6653332A65,stress,previous_real_terms_synthetic,STEP no-KI,False,first_strike,-0.025,terms,7427
2311,derived_KR6653332A65,stress,previous_real_terms_synthetic,STEP no-KI,False,first_strike,-0.01,terms,2929
2312,derived_KR6653332A65,stress,previous_real_terms_synthetic,STEP no-KI,False,first_strike,-0.005,terms,1479
2313,derived_KR6653332A65,stress,previous_real_terms_synthetic,STEP no-KI,False,first_strike,0.005,terms,1452
2314,derived_KR6653332A65,stress,previous_real_terms_synthetic,STEP no-KI,False,first_strike,0.01,terms,2860
2315,derived_KR6653332A65,stress,previous_real_terms_synthetic,STEP no-KI,False,first_strike,0.025,terms,7204
2316,derived_KR6653332A65,stress,previous_real_terms_synthetic,STEP no-KI,False,first_strike,0.05,terms,14055
2317,derived_KR6653332A65,stress,previous_real_terms_synthetic,STEP no-KI,False,last_strike,-0.05,terms,2712
2318,derived_KR6653332A65,stress,previous_real_terms_synthetic,STEP no-KI,False,last_strike,-0.025,terms,1291
2319,derived_KR6653332A65,stress,previous_real_terms_synthetic,STEP no-KI,False,last_strike,-0.01,terms,493
2320,derived_KR6653332A65,stress,previous_real_terms_synthetic,STEP no-KI,False,last_strike,-0.005,terms,245
2321,derived_KR6653332A65,stress,previous_real_terms_synthetic,STEP no-KI,False,last_strike,0.005,terms,278
2322,derived_KR6653332A65,stress,previous_real_terms_synthetic,STEP no-KI,False,last_strike,0.01,terms,506
2323,derived_KR6653332A65,stress,previous_real_terms_synthetic,STEP no-KI,False,last_strike,0.025,terms,1215
2324,derived_KR6653332A65,stress,previous_real_terms_synthetic,STEP no-KI,False,last_strike,0.05,terms,2225
2325,derived_KR65933AG582,stress,previous_real_terms_synthetic,STEP no-KI,False,base,0.0,terms,0
2326,derived_KR65933AG582,stress,previous_real_terms_synthetic,STEP no-KI,False,coupon_regular,-0.01,terms,106337
2327,derived_KR65933AG582,stress,previous_real_terms_synthetic,STEP no-KI,False,coupon_regular,-0.005,terms,106337
2328,derived_KR65933AG582,stress,previous_real_terms_synthetic,STEP no-KI,False,coupon_regular,-0.0025,terms,106337
2329,derived_KR65933AG582,stress,previous_real_terms_synthetic,STEP no-KI,False,coupon_regular,-0.001,terms,106337
2330,derived_KR65933AG582,stress,previous_real_terms_synthetic,STEP no-KI,False,coupon_regular,0.001,terms,106337
2331,derived_KR65933AG582,stress,previous_real_terms_synthetic,STEP no-KI,False,coupon_regular,0.0025,terms,106337
2332,derived_KR65933AG582,stress,previous_real_terms_synthetic,STEP no-KI,False,coupon_regular,0.005,terms,106337
2333,derived_KR65933AG582,stress,previous_real_terms_synthetic,STEP no-KI,False,coupon_regular,0.01,terms,106337
2334,derived_KR65933AG582,stress,previous_real_terms_synthetic,STEP no-KI,False,first_strike,-0.05,terms,15262
2335,derived_KR65933AG582,stress,previous_real_terms_synthetic,STEP no-KI,False,first_strike,-0.025,terms,8234
2336,derived_KR65933AG582,stress,previous_real_terms_synthetic,STEP no-KI,False,first_strike,-0.01,terms,3337
2337,derived_KR65933AG582,stress,previous_real_terms_synthetic,STEP no-KI,False,first_strike,-0.005,terms,1668
2338,derived_KR65933AG582,stress,previous_real_terms_synthetic,STEP no-KI,False,first_strike,0.005,terms,1727
2339,derived_KR65933AG582,stress,previous_real_terms_synthetic,STEP no-KI,False,first_strike,0.01,terms,3381
2340,derived_KR65933AG582,stress,previous_real_terms_synthetic,STEP no-KI,False,first_strike,0.025,terms,8681
2341,derived_KR65933AG582,stress,previous_real_terms_synthetic,STEP no-KI,False,first_strike,0.05,terms,18059
2342,derived_KR65933AG582,stress,previous_real_terms_synthetic,STEP no-KI,False,last_strike,-0.05,terms,2481
2343,derived_KR65933AG582,stress,previous_real_terms_synthetic,STEP no-KI,False,last_strike,-0.025,terms,1237
2344,derived_KR65933AG582,stress,previous_real_terms_synthetic,STEP no-KI,False,last_strike,-0.01,terms,498
2345,derived_KR65933AG582,stress,previous_real_terms_synthetic,STEP no-KI,False,last_strike,-0.005,terms,261
2346,derived_KR65933AG582,stress,previous_real_terms_synthetic,STEP no-KI,False,last_strike,0.005,terms,200
2347,derived_KR65933AG582,stress,previous_real_terms_synthetic,STEP no-KI,False,last_strike,0.01,terms,432
2348,derived_KR65933AG582,stress,previous_real_terms_synthetic,STEP no-KI,False,last_strike,0.025,terms,1114
2349,derived_KR65933AG582,stress,previous_real_terms_synthetic,STEP no-KI,False,last_strike,0.05,terms,2064
2350,derived_KR6523316A37,stress,previous_real_terms_synthetic,STEP no-KI,False,base,0.0,terms,0
2351,derived_KR6523316A37,stress,previous_real_terms_synthetic,STEP no-KI,False,coupon_regular,-0.01,terms,88135
2352,derived_KR6523316A37,stress,previous_real_terms_synthetic,STEP no-KI,False,coupon_regular,-0.005,terms,88135
2353,derived_KR6523316A37,stress,previous_real_terms_synthetic,STEP no-KI,False,coupon_regular,-0.0025,terms,88135
2354,derived_KR6523316A37,stress,previous_real_terms_synthetic,STEP no-KI,False,coupon_regular,-0.001,terms,88135
2355,derived_KR6523316A37,stress,previous_real_terms_synthetic,STEP no-KI,False,coupon_regular,0.001,terms,88135
2356,derived_KR6523316A37,stress,previous_real_terms_synthetic,STEP no-KI,False,coupon_regular,0.0025,terms,88135
2357,derived_KR6523316A37,stress,previous_real_terms_synthetic,STEP no-KI,False,coupon_regular,0.005,terms,88135
2358,derived_KR6523316A37,stress,previous_real_terms_synthetic,STEP no-KI,False,coupon_regular,0.01,terms,88135
2359,derived_KR6523316A37,stress,previous_real_terms_synthetic,STEP no-KI,False,first_strike,-0.05,terms,14630
2360,derived_KR6523316A37,stress,previous_real_terms_synthetic,STEP no-KI,False,first_strike,-0.025,terms,7005
2361,derived_KR6523316A37,stress,previous_real_terms_synthetic,STEP no-KI,False,first_strike,-0.01,terms,2806
2362,derived_KR6523316A37,stress,previous_real_terms_synthetic,STEP no-KI,False,first_strike,-0.005,terms,1399
2363,derived_KR6523316A37,stress,previous_real_terms_synthetic,STEP no-KI,False,first_strike,0.005,terms,1256
2364,derived_KR6523316A37,stress,previous_real_terms_synthetic,STEP no-KI,False,first_strike,0.01,terms,2542
2365,derived_KR6523316A37,stress,previous_real_terms_synthetic,STEP no-KI,False,first_strike,0.025,terms,6272
2366,derived_KR6523316A37,stress,previous_real_terms_synthetic,STEP no-KI,False,first_strike,0.05,terms,11712
2367,derived_KR6523316A37,stress,previous_real_terms_synthetic,STEP no-KI,False,last_strike,-0.05,terms,5050
2368,derived_KR6523316A37,stress,previous_real_terms_synthetic,STEP no-KI,False,last_strike,-0.025,terms,2451
2369,derived_KR6523316A37,stress,previous_real_terms_synthetic,STEP no-KI,False,last_strike,-0.01,terms,979
2370,derived_KR6523316A37,stress,previous_real_terms_synthetic,STEP no-KI,False,last_strike,-0.005,terms,493
2371,derived_KR6523316A37,stress,previous_real_terms_synthetic,STEP no-KI,False,last_strike,0.005,terms,505
2372,derived_KR6523316A37,stress,previous_real_terms_synthetic,STEP no-KI,False,last_strike,0.01,terms,961
2373,derived_KR6523316A37,stress,previous_real_terms_synthetic,STEP no-KI,False,last_strike,0.025,terms,2301
2374,derived_KR6523316A37,stress,previous_real_terms_synthetic,STEP no-KI,False,last_strike,0.05,terms,4285
2375,derived_KR6SH0002276,stress,previous_real_terms_synthetic,STEP no-KI,False,base,0.0,terms,0
2376,derived_KR6SH0002276,stress,previous_real_terms_synthetic,STEP no-KI,False,coupon_regular,-0.01,terms,106221
2377,derived_KR6SH0002276,stress,previous_real_terms_synthetic,STEP no-KI,False,coupon_regular,-0.005,terms,106221
2378,derived_KR6SH0002276,stress,previous_real_terms_synthetic,STEP no-KI,False,coupon_regular,-0.0025,terms,106221
2379,derived_KR6SH0002276,stress,previous_real_terms_synthetic,STEP no-KI,False,coupon_regular,-0.001,terms,106221
2380,derived_KR6SH0002276,stress,previous_real_terms_synthetic,STEP no-KI,False,coupon_regular,0.001,terms,106221
2381,derived_KR6SH0002276,stress,previous_real_terms_synthetic,STEP no-KI,False,coupon_regular,0.0025,terms,106221
2382,derived_KR6SH0002276,stress,previous_real_terms_synthetic,STEP no-KI,False,coupon_regular,0.005,terms,106221
2383,derived_KR6SH0002276,stress,previous_real_terms_synthetic,STEP no-KI,False,coupon_regular,0.01,terms,106221
2384,derived_KR6SH0002276,stress,previous_real_terms_synthetic,STEP no-KI,False,first_strike,-0.05,terms,16743
2385,derived_KR6SH0002276,stress,previous_real_terms_synthetic,STEP no-KI,False,first_strike,-0.025,terms,9112
2386,derived_KR6SH0002276,stress,previous_real_terms_synthetic,STEP no-KI,False,first_strike,-0.01,terms,3792
2387,derived_KR6SH0002276,stress,previous_real_terms_synthetic,STEP no-KI,False,first_strike,-0.005,terms,1940
2388,derived_KR6SH0002276,stress,previous_real_terms_synthetic,STEP no-KI,False,first_strike,0.005,terms,1923
2389,derived_KR6SH0002276,stress,previous_real_terms_synthetic,STEP no-KI,False,first_strike,0.01,terms,3878
2390,derived_KR6SH0002276,stress,previous_real_terms_synthetic,STEP no-KI,False,first_strike,0.025,terms,10259
2391,derived_KR6SH0002276,stress,previous_real_terms_synthetic,STEP no-KI,False,first_strike,0.05,terms,21150
2392,derived_KR6SH0002276,stress,previous_real_terms_synthetic,STEP no-KI,False,last_strike,-0.05,terms,2368
2393,derived_KR6SH0002276,stress,previous_real_terms_synthetic,STEP no-KI,False,last_strike,-0.025,terms,1109
2394,derived_KR6SH0002276,stress,previous_real_terms_synthetic,STEP no-KI,False,last_strike,-0.01,terms,466
2395,derived_KR6SH0002276,stress,previous_real_terms_synthetic,STEP no-KI,False,last_strike,-0.005,terms,235
2396,derived_KR6SH0002276,stress,previous_real_terms_synthetic,STEP no-KI,False,last_strike,0.005,terms,221
2397,derived_KR6SH0002276,stress,previous_real_terms_synthetic,STEP no-KI,False,last_strike,0.01,terms,444
2398,derived_KR6SH0002276,stress,previous_real_terms_synthetic,STEP no-KI,False,last_strike,0.025,terms,994
2399,derived_KR6SH0002276,stress,previous_real_terms_synthetic,STEP no-KI,False,last_strike,0.05,terms,1877
2400,derived_KR6573313667,stress,previous_real_terms_synthetic,STEP no-KI,False,base,0.0,terms,0
2401,derived_KR6573313667,stress,previous_real_terms_synthetic,STEP no-KI,False,coupon_regular,-0.01,terms,107155
2402,derived_KR6573313667,stress,previous_real_terms_synthetic,STEP no-KI,False,coupon_regular,-0.005,terms,107155
2403,derived_KR6573313667,stress,previous_real_terms_synthetic,STEP no-KI,False,coupon_regular,-0.0025,terms,107155
2404,derived_KR6573313667,stress,previous_real_terms_synthetic,STEP no-KI,False,coupon_regular,-0.001,terms,107155
2405,derived_KR6573313667,stress,previous_real_terms_synthetic,STEP no-KI,False,coupon_regular,0.001,terms,107155
2406,derived_KR6573313667,stress,previous_real_terms_synthetic,STEP no-KI,False,coupon_regular,0.0025,terms,107155
2407,derived_KR6573313667,stress,previous_real_terms_synthetic,STEP no-KI,False,coupon_regular,0.005,terms,107155
2408,derived_KR6573313667,stress,previous_real_terms_synthetic,STEP no-KI,False,coupon_regular,0.01,terms,107155
2409,derived_KR6573313667,stress,previous_real_terms_synthetic,STEP no-KI,False,first_strike,-0.05,terms,20739
2410,derived_KR6573313667,stress,previous_real_terms_synthetic,STEP no-KI,False,first_strike,-0.025,terms,11014
2411,derived_KR6573313667,stress,previous_real_terms_synthetic,STEP no-KI,False,first_strike,-0.01,terms,4608
2412,derived_KR6573313667,stress,previous_real_terms_synthetic,STEP no-KI,False,first_strike,-0.005,terms,2243
2413,derived_KR6573313667,stress,previous_real_terms_synthetic,STEP no-KI,False,first_strike,0.005,terms,2396
2414,derived_KR6573313667,stress,previous_real_terms_synthetic,STEP no-KI,False,first_strike,0.01,terms,4807
2415,derived_KR6573313667,stress,previous_real_terms_synthetic,STEP no-KI,False,first_strike,0.025,terms,12135
2416,derived_KR6573313667,stress,previous_real_terms_synthetic,STEP no-KI,False,first_strike,0.05,terms,23979
2417,derived_KR6573313667,stress,previous_real_terms_synthetic,STEP no-KI,False,last_strike,-0.05,terms,3080
2418,derived_KR6573313667,stress,previous_real_terms_synthetic,STEP no-KI,False,last_strike,-0.025,terms,1531
2419,derived_KR6573313667,stress,previous_real_terms_synthetic,STEP no-KI,False,last_strike,-0.01,terms,605
2420,derived_KR6573313667,stress,previous_real_terms_synthetic,STEP no-KI,False,last_strike,-0.005,terms,316
2421,derived_KR6573313667,stress,previous_real_terms_synthetic,STEP no-KI,False,last_strike,0.005,terms,320
2422,derived_KR6573313667,stress,previous_real_terms_synthetic,STEP no-KI,False,last_strike,0.01,terms,660
2423,derived_KR6573313667,stress,previous_real_terms_synthetic,STEP no-KI,False,last_strike,0.025,terms,1541
2424,derived_KR6573313667,stress,previous_real_terms_synthetic,STEP no-KI,False,last_strike,0.05,terms,2962
2425,derived_KR65533079A3,stress,previous_real_terms_synthetic,STEP no-KI,False,base,0.0,terms,0
2426,derived_KR65533079A3,stress,previous_real_terms_synthetic,STEP no-KI,False,coupon_regular,-0.01,terms,105481
2427,derived_KR65533079A3,stress,previous_real_terms_synthetic,STEP no-KI,False,coupon_regular,-0.005,terms,105481
2428,derived_KR65533079A3,stress,previous_real_terms_synthetic,STEP no-KI,False,coupon_regular,-0.0025,terms,105481
2429,derived_KR65533079A3,stress,previous_real_terms_synthetic,STEP no-KI,False,coupon_regular,-0.001,terms,105481
2430,derived_KR65533079A3,stress,previous_real_terms_synthetic,STEP no-KI,False,coupon_regular,0.001,terms,105481
2431,derived_KR65533079A3,stress,previous_real_terms_synthetic,STEP no-KI,False,coupon_regular,0.0025,terms,105481
2432,derived_KR65533079A3,stress,previous_real_terms_synthetic,STEP no-KI,False,coupon_regular,0.005,terms,105481
2433,derived_KR65533079A3,stress,previous_real_terms_synthetic,STEP no-KI,False,coupon_regular,0.01,terms,105481
2434,derived_KR65533079A3,stress,previous_real_terms_synthetic,STEP no-KI,False,first_strike,-0.05,terms,19421
2435,derived_KR65533079A3,stress,previous_real_terms_synthetic,STEP no-KI,False,first_strike,-0.025,terms,10486
2436,derived_KR65533079A3,stress,previous_real_terms_synthetic,STEP no-KI,False,first_strike,-0.01,terms,4301
2437,derived_KR65533079A3,stress,previous_real_terms_synthetic,STEP no-KI,False,first_strike,-0.005,terms,2234
2438,derived_KR65533079A3,stress,previous_real_terms_synthetic,STEP no-KI,False,first_strike,0.005,terms,2174
2439,derived_KR65533079A3,stress,previous_real_terms_synthetic,STEP no-KI,False,first_strike,0.01,terms,4457
2440,derived_KR65533079A3,stress,previous_real_terms_synthetic,STEP no-KI,False,first_strike,0.025,terms,11538
2441,derived_KR65533079A3,stress,previous_real_terms_synthetic,STEP no-KI,False,first_strike,0.05,terms,23298
2442,derived_KR65533079A3,stress,previous_real_terms_synthetic,STEP no-KI,False,last_strike,-0.05,terms,2854
2443,derived_KR65533079A3,stress,previous_real_terms_synthetic,STEP no-KI,False,last_strike,-0.025,terms,1427
2444,derived_KR65533079A3,stress,previous_real_terms_synthetic,STEP no-KI,False,last_strike,-0.01,terms,573
2445,derived_KR65533079A3,stress,previous_real_terms_synthetic,STEP no-KI,False,last_strike,-0.005,terms,294
2446,derived_KR65533079A3,stress,previous_real_terms_synthetic,STEP no-KI,False,last_strike,0.005,terms,295
2447,derived_KR65533079A3,stress,previous_real_terms_synthetic,STEP no-KI,False,last_strike,0.01,terms,552
2448,derived_KR65533079A3,stress,previous_real_terms_synthetic,STEP no-KI,False,last_strike,0.025,terms,1357
2449,derived_KR65533079A3,stress,previous_real_terms_synthetic,STEP no-KI,False,last_strike,0.05,terms,2615
2450,derived_KR6HN0002GE1,stress,previous_real_terms_synthetic,STEP no-KI,False,base,0.0,terms,0
2451,derived_KR6HN0002GE1,stress,previous_real_terms_synthetic,STEP no-KI,False,coupon_regular,-0.01,terms,105201
2452,derived_KR6HN0002GE1,stress,previous_real_terms_synthetic,STEP no-KI,False,coupon_regular,-0.005,terms,105201
2453,derived_KR6HN0002GE1,stress,previous_real_terms_synthetic,STEP no-KI,False,coupon_regular,-0.0025,terms,105201
2454,derived_KR6HN0002GE1,stress,previous_real_terms_synthetic,STEP no-KI,False,coupon_regular,-0.001,terms,105201
2455,derived_KR6HN0002GE1,stress,previous_real_terms_synthetic,STEP no-KI,False,coupon_regular,0.001,terms,105201
2456,derived_KR6HN0002GE1,stress,previous_real_terms_synthetic,STEP no-KI,False,coupon_regular,0.0025,terms,105201
2457,derived_KR6HN0002GE1,stress,previous_real_terms_synthetic,STEP no-KI,False,coupon_regular,0.005,terms,105201
2458,derived_KR6HN0002GE1,stress,previous_real_terms_synthetic,STEP no-KI,False,coupon_regular,0.01,terms,105201
2459,derived_KR6HN0002GE1,stress,previous_real_terms_synthetic,STEP no-KI,False,first_strike,-0.05,terms,17098
2460,derived_KR6HN0002GE1,stress,previous_real_terms_synthetic,STEP no-KI,False,first_strike,-0.025,terms,8898
2461,derived_KR6HN0002GE1,stress,previous_real_terms_synthetic,STEP no-KI,False,first_strike,-0.01,terms,3647
2462,derived_KR6HN0002GE1,stress,previous_real_terms_synthetic,STEP no-KI,False,first_strike,-0.005,terms,1850
2463,derived_KR6HN0002GE1,stress,previous_real_terms_synthetic,STEP no-KI,False,first_strike,0.005,terms,1889
2464,derived_KR6HN0002GE1,stress,previous_real_terms_synthetic,STEP no-KI,False,first_strike,0.01,terms,3756
2465,derived_KR6HN0002GE1,stress,previous_real_terms_synthetic,STEP no-KI,False,first_strike,0.025,terms,9655
2466,derived_KR6HN0002GE1,stress,previous_real_terms_synthetic,STEP no-KI,False,first_strike,0.05,terms,19549
2467,derived_KR6HN0002GE1,stress,previous_real_terms_synthetic,STEP no-KI,False,last_strike,-0.05,terms,2384
2468,derived_KR6HN0002GE1,stress,previous_real_terms_synthetic,STEP no-KI,False,last_strike,-0.025,terms,1130
2469,derived_KR6HN0002GE1,stress,previous_real_terms_synthetic,STEP no-KI,False,last_strike,-0.01,terms,430
2470,derived_KR6HN0002GE1,stress,previous_real_terms_synthetic,STEP no-KI,False,last_strike,-0.005,terms,234
2471,derived_KR6HN0002GE1,stress,previous_real_terms_synthetic,STEP no-KI,False,last_strike,0.005,terms,242
2472,derived_KR6HN0002GE1,stress,previous_real_terms_synthetic,STEP no-KI,False,last_strike,0.01,terms,452
2473,derived_KR6HN0002GE1,stress,previous_real_terms_synthetic,STEP no-KI,False,last_strike,0.025,terms,1011
2474,derived_KR6HN0002GE1,stress,previous_real_terms_synthetic,STEP no-KI,False,last_strike,0.05,terms,1817
2475,derived_KR6NH0001QL7,stress,previous_real_terms_synthetic,STEP no-KI,False,base,0.0,terms,0
2476,derived_KR6NH0001QL7,stress,previous_real_terms_synthetic,STEP no-KI,False,coupon_regular,-0.01,terms,111509
2477,derived_KR6NH0001QL7,stress,previous_real_terms_synthetic,STEP no-KI,False,coupon_regular,-0.005,terms,111509
2478,derived_KR6NH0001QL7,stress,previous_real_terms_synthetic,STEP no-KI,False,coupon_regular,-0.0025,terms,111509
2479,derived_KR6NH0001QL7,stress,previous_real_terms_synthetic,STEP no-KI,False,coupon_regular,-0.001,terms,111509
2480,derived_KR6NH0001QL7,stress,previous_real_terms_synthetic,STEP no-KI,False,coupon_regular,0.001,terms,111509
2481,derived_KR6NH0001QL7,stress,previous_real_terms_synthetic,STEP no-KI,False,coupon_regular,0.0025,terms,111509
2482,derived_KR6NH0001QL7,stress,previous_real_terms_synthetic,STEP no-KI,False,coupon_regular,0.005,terms,111509
2483,derived_KR6NH0001QL7,stress,previous_real_terms_synthetic,STEP no-KI,False,coupon_regular,0.01,terms,111509
2484,derived_KR6NH0001QL7,stress,previous_real_terms_synthetic,STEP no-KI,False,first_strike,-0.05,terms,9495
2485,derived_KR6NH0001QL7,stress,previous_real_terms_synthetic,STEP no-KI,False,first_strike,-0.025,terms,5339
2486,derived_KR6NH0001QL7,stress,previous_real_terms_synthetic,STEP no-KI,False,first_strike,-0.01,terms,2256
2487,derived_KR6NH0001QL7,stress,previous_real_terms_synthetic,STEP no-KI,False,first_strike,-0.005,terms,1154
2488,derived_KR6NH0001QL7,stress,previous_real_terms_synthetic,STEP no-KI,False,first_strike,0.005,terms,1183
2489,derived_KR6NH0001QL7,stress,previous_real_terms_synthetic,STEP no-KI,False,first_strike,0.01,terms,2517
2490,derived_KR6NH0001QL7,stress,previous_real_terms_synthetic,STEP no-KI,False,first_strike,0.025,terms,6463
2491,derived_KR6NH0001QL7,stress,previous_real_terms_synthetic,STEP no-KI,False,first_strike,0.05,terms,13802
2492,derived_KR6NH0001QL7,stress,previous_real_terms_synthetic,STEP no-KI,False,last_strike,-0.05,terms,776
2493,derived_KR6NH0001QL7,stress,previous_real_terms_synthetic,STEP no-KI,False,last_strike,-0.025,terms,349
2494,derived_KR6NH0001QL7,stress,previous_real_terms_synthetic,STEP no-KI,False,last_strike,-0.01,terms,151
2495,derived_KR6NH0001QL7,stress,previous_real_terms_synthetic,STEP no-KI,False,last_strike,-0.005,terms,77
2496,derived_KR6NH0001QL7,stress,previous_real_terms_synthetic,STEP no-KI,False,last_strike,0.005,terms,55
2497,derived_KR6NH0001QL7,stress,previous_real_terms_synthetic,STEP no-KI,False,last_strike,0.01,terms,114
2498,derived_KR6NH0001QL7,stress,previous_real_terms_synthetic,STEP no-KI,False,last_strike,0.025,terms,285
2499,derived_KR6NH0001QL7,stress,previous_real_terms_synthetic,STEP no-KI,False,last_strike,0.05,terms,509
2500,derived_KR6HH0001B78,stress,previous_real_terms_synthetic,STEP no-KI,False,base,0.0,terms,0
2501,derived_KR6HH0001B78,stress,previous_real_terms_synthetic,STEP no-KI,False,coupon_regular,-0.01,terms,119669
2502,derived_KR6HH0001B78,stress,previous_real_terms_synthetic,STEP no-KI,False,coupon_regular,-0.005,terms,119669
2503,derived_KR6HH0001B78,stress,previous_real_terms_synthetic,STEP no-KI,False,coupon_regular,-0.0025,terms,119669
2504,derived_KR6HH0001B78,stress,previous_real_terms_synthetic,STEP no-KI,False,coupon_regular,-0.001,terms,119669
2505,derived_KR6HH0001B78,stress,previous_real_terms_synthetic,STEP no-KI,False,coupon_regular,0.001,terms,119669
2506,derived_KR6HH0001B78,stress,previous_real_terms_synthetic,STEP no-KI,False,coupon_regular,0.0025,terms,119669
2507,derived_KR6HH0001B78,stress,previous_real_terms_synthetic,STEP no-KI,False,coupon_regular,0.005,terms,119669
2508,derived_KR6HH0001B78,stress,previous_real_terms_synthetic,STEP no-KI,False,coupon_regular,0.01,terms,119669
2509,derived_KR6HH0001B78,stress,previous_real_terms_synthetic,STEP no-KI,False,first_strike,-0.05,terms,1796
2510,derived_KR6HH0001B78,stress,previous_real_terms_synthetic,STEP no-KI,False,first_strike,-0.025,terms,1222
2511,derived_KR6HH0001B78,stress,previous_real_terms_synthetic,STEP no-KI,False,first_strike,-0.01,terms,551
2512,derived_KR6HH0001B78,stress,previous_real_terms_synthetic,STEP no-KI,False,first_strike,-0.005,terms,295
2513,derived_KR6HH0001B78,stress,previous_real_terms_synthetic,STEP no-KI,False,first_strike,0.005,terms,370
2514,derived_KR6HH0001B78,stress,previous_real_terms_synthetic,STEP no-KI,False,first_strike,0.01,terms,779
2515,derived_KR6HH0001B78,stress,previous_real_terms_synthetic,STEP no-KI,False,first_strike,0.025,terms,2273
2516,derived_KR6HH0001B78,stress,previous_real_terms_synthetic,STEP no-KI,False,first_strike,0.05,terms,6167
2517,derived_KR6HH0001B78,stress,previous_real_terms_synthetic,STEP no-KI,False,last_strike,-0.05,terms,111
2518,derived_KR6HH0001B78,stress,previous_real_terms_synthetic,STEP no-KI,False,last_strike,-0.025,terms,57
2519,derived_KR6HH0001B78,stress,previous_real_terms_synthetic,STEP no-KI,False,last_strike,-0.01,terms,27
2520,derived_KR6HH0001B78,stress,previous_real_terms_synthetic,STEP no-KI,False,last_strike,-0.005,terms,13
2521,derived_KR6HH0001B78,stress,previous_real_terms_synthetic,STEP no-KI,False,last_strike,0.005,terms,14
2522,derived_KR6HH0001B78,stress,previous_real_terms_synthetic,STEP no-KI,False,last_strike,0.01,terms,27
2523,derived_KR6HH0001B78,stress,previous_real_terms_synthetic,STEP no-KI,False,last_strike,0.025,terms,60
2524,derived_KR6HH0001B78,stress,previous_real_terms_synthetic,STEP no-KI,False,last_strike,0.05,terms,107
2525,derived_KR6553323785,stress,previous_real_terms_synthetic,STEP no-KI,False,base,0.0,terms,0
2526,derived_KR6553323785,stress,previous_real_terms_synthetic,STEP no-KI,False,coupon_regular,-0.01,terms,119022
2527,derived_KR6553323785,stress,previous_real_terms_synthetic,STEP no-KI,False,coupon_regular,-0.005,terms,119022
2528,derived_KR6553323785,stress,previous_real_terms_synthetic,STEP no-KI,False,coupon_regular,-0.0025,terms,119022
2529,derived_KR6553323785,stress,previous_real_terms_synthetic,STEP no-KI,False,coupon_regular,-0.001,terms,119022
2530,derived_KR6553323785,stress,previous_real_terms_synthetic,STEP no-KI,False,coupon_regular,0.001,terms,119022
2531,derived_KR6553323785,stress,previous_real_terms_synthetic,STEP no-KI,False,coupon_regular,0.0025,terms,119022
2532,derived_KR6553323785,stress,previous_real_terms_synthetic,STEP no-KI,False,coupon_regular,0.005,terms,119022
2533,derived_KR6553323785,stress,previous_real_terms_synthetic,STEP no-KI,False,coupon_regular,0.01,terms,119022
2534,derived_KR6553323785,stress,previous_real_terms_synthetic,STEP no-KI,False,first_strike,-0.05,terms,14891
2535,derived_KR6553323785,stress,previous_real_terms_synthetic,STEP no-KI,False,first_strike,-0.025,terms,9544
2536,derived_KR6553323785,stress,previous_real_terms_synthetic,STEP no-KI,False,first_strike,-0.01,terms,4442
2537,derived_KR6553323785,stress,previous_real_terms_synthetic,STEP no-KI,False,first_strike,-0.005,terms,2359
2538,derived_KR6553323785,stress,previous_real_terms_synthetic,STEP no-KI,False,first_strike,0.005,terms,2451
2539,derived_KR6553323785,stress,previous_real_terms_synthetic,STEP no-KI,False,first_strike,0.01,terms,5134
2540,derived_KR6553323785,stress,previous_real_terms_synthetic,STEP no-KI,False,first_strike,0.025,terms,14763
2541,derived_KR6553323785,stress,previous_real_terms_synthetic,STEP no-KI,False,first_strike,0.05,terms,34294
2542,derived_KR6553323785,stress,previous_real_terms_synthetic,STEP no-KI,False,last_strike,-0.05,terms,552
2543,derived_KR6553323785,stress,previous_real_terms_synthetic,STEP no-KI,False,last_strike,-0.025,terms,323
2544,derived_KR6553323785,stress,previous_real_terms_synthetic,STEP no-KI,False,last_strike,-0.01,terms,138
2545,derived_KR6553323785,stress,previous_real_terms_synthetic,STEP no-KI,False,last_strike,-0.005,terms,71
2546,derived_KR6553323785,stress,previous_real_terms_synthetic,STEP no-KI,False,last_strike,0.005,terms,69
2547,derived_KR6553323785,stress,previous_real_terms_synthetic,STEP no-KI,False,last_strike,0.01,terms,143
2548,derived_KR6553323785,stress,previous_real_terms_synthetic,STEP no-KI,False,last_strike,0.025,terms,408
2549,derived_KR6553323785,stress,previous_real_terms_synthetic,STEP no-KI,False,last_strike,0.05,terms,904
2550,derived_KR6MD0003GE0,stress,previous_real_terms_synthetic,STEP no-KI,False,base,0.0,terms,0
2551,derived_KR6MD0003GE0,stress,previous_real_terms_synthetic,STEP no-KI,False,coupon_regular,-0.01,terms,115347
2552,derived_KR6MD0003GE0,stress,previous_real_terms_synthetic,STEP no-KI,False,coupon_regular,-0.005,terms,115347
2553,derived_KR6MD0003GE0,stress,previous_real_terms_synthetic,STEP no-KI,False,coupon_regular,-0.0025,terms,115347
2554,derived_KR6MD0003GE0,stress,previous_real_terms_synthetic,STEP no-KI,False,coupon_regular,-0.001,terms,115347
2555,derived_KR6MD0003GE0,stress,previous_real_terms_synthetic,STEP no-KI,False,coupon_regular,0.001,terms,115347
2556,derived_KR6MD0003GE0,stress,previous_real_terms_synthetic,STEP no-KI,False,coupon_regular,0.0025,terms,115347
2557,derived_KR6MD0003GE0,stress,previous_real_terms_synthetic,STEP no-KI,False,coupon_regular,0.005,terms,115347
2558,derived_KR6MD0003GE0,stress,previous_real_terms_synthetic,STEP no-KI,False,coupon_regular,0.01,terms,115347
2559,derived_KR6MD0003GE0,stress,previous_real_terms_synthetic,STEP no-KI,False,first_strike,-0.05,terms,8263
2560,derived_KR6MD0003GE0,stress,previous_real_terms_synthetic,STEP no-KI,False,first_strike,-0.025,terms,4693
2561,derived_KR6MD0003GE0,stress,previous_real_terms_synthetic,STEP no-KI,False,first_strike,-0.01,terms,2012
2562,derived_KR6MD0003GE0,stress,previous_real_terms_synthetic,STEP no-KI,False,first_strike,-0.005,terms,1034
2563,derived_KR6MD0003GE0,stress,previous_real_terms_synthetic,STEP no-KI,False,first_strike,0.005,terms,1038
2564,derived_KR6MD0003GE0,stress,previous_real_terms_synthetic,STEP no-KI,False,first_strike,0.01,terms,2157
2565,derived_KR6MD0003GE0,stress,previous_real_terms_synthetic,STEP no-KI,False,first_strike,0.025,terms,5814
2566,derived_KR6MD0003GE0,stress,previous_real_terms_synthetic,STEP no-KI,False,first_strike,0.05,terms,12801
2567,derived_KR6MD0003GE0,stress,previous_real_terms_synthetic,STEP no-KI,False,last_strike,-0.05,terms,985
2568,derived_KR6MD0003GE0,stress,previous_real_terms_synthetic,STEP no-KI,False,last_strike,-0.025,terms,489
2569,derived_KR6MD0003GE0,stress,previous_real_terms_synthetic,STEP no-KI,False,last_strike,-0.01,terms,207
2570,derived_KR6MD0003GE0,stress,previous_real_terms_synthetic,STEP no-KI,False,last_strike,-0.005,terms,107
2571,derived_KR6MD0003GE0,stress,previous_real_terms_synthetic,STEP no-KI,False,last_strike,0.005,terms,83
2572,derived_KR6MD0003GE0,stress,previous_real_terms_synthetic,STEP no-KI,False,last_strike,0.01,terms,171
2573,derived_KR6MD0003GE0,stress,previous_real_terms_synthetic,STEP no-KI,False,last_strike,0.025,terms,420
2574,derived_KR6MD0003GE0,stress,previous_real_terms_synthetic,STEP no-KI,False,last_strike,0.05,terms,782
2575,derived_KR6DS0000K04,stress,previous_real_terms_synthetic,STEP no-KI,False,base,0.0,terms,0
2576,derived_KR6DS0000K04,stress,previous_real_terms_synthetic,STEP no-KI,False,coupon_regular,-0.01,terms,119405
2577,derived_KR6DS0000K04,stress,previous_real_terms_synthetic,STEP no-KI,False,coupon_regular,-0.005,terms,119405
2578,derived_KR6DS0000K04,stress,previous_real_terms_synthetic,STEP no-KI,False,coupon_regular,-0.0025,terms,119405
2579,derived_KR6DS0000K04,stress,previous_real_terms_synthetic,STEP no-KI,False,coupon_regular,-0.001,terms,119405
2580,derived_KR6DS0000K04,stress,previous_real_terms_synthetic,STEP no-KI,False,coupon_regular,0.001,terms,119405
2581,derived_KR6DS0000K04,stress,previous_real_terms_synthetic,STEP no-KI,False,coupon_regular,0.0025,terms,119405
2582,derived_KR6DS0000K04,stress,previous_real_terms_synthetic,STEP no-KI,False,coupon_regular,0.005,terms,119405
2583,derived_KR6DS0000K04,stress,previous_real_terms_synthetic,STEP no-KI,False,coupon_regular,0.01,terms,119405
2584,derived_KR6DS0000K04,stress,previous_real_terms_synthetic,STEP no-KI,False,first_strike,-0.05,terms,4620
2585,derived_KR6DS0000K04,stress,previous_real_terms_synthetic,STEP no-KI,False,first_strike,-0.025,terms,2970
2586,derived_KR6DS0000K04,stress,previous_real_terms_synthetic,STEP no-KI,False,first_strike,-0.01,terms,1426
2587,derived_KR6DS0000K04,stress,previous_real_terms_synthetic,STEP no-KI,False,first_strike,-0.005,terms,746
2588,derived_KR6DS0000K04,stress,previous_real_terms_synthetic,STEP no-KI,False,first_strike,0.005,terms,817
2589,derived_KR6DS0000K04,stress,previous_real_terms_synthetic,STEP no-KI,False,first_strike,0.01,terms,1711
2590,derived_KR6DS0000K04,stress,previous_real_terms_synthetic,STEP no-KI,False,first_strike,0.025,terms,4876
2591,derived_KR6DS0000K04,stress,previous_real_terms_synthetic,STEP no-KI,False,first_strike,0.05,terms,12029
2592,derived_KR6DS0000K04,stress,previous_real_terms_synthetic,STEP no-KI,False,last_strike,-0.05,terms,279
2593,derived_KR6DS0000K04,stress,previous_real_terms_synthetic,STEP no-KI,False,last_strike,-0.025,terms,151
2594,derived_KR6DS0000K04,stress,previous_real_terms_synthetic,STEP no-KI,False,last_strike,-0.01,terms,62
2595,derived_KR6DS0000K04,stress,previous_real_terms_synthetic,STEP no-KI,False,last_strike,-0.005,terms,33
2596,derived_KR6DS0000K04,stress,previous_real_terms_synthetic,STEP no-KI,False,last_strike,0.005,terms,34
2597,derived_KR6DS0000K04,stress,previous_real_terms_synthetic,STEP no-KI,False,last_strike,0.01,terms,79
2598,derived_KR6DS0000K04,stress,previous_real_terms_synthetic,STEP no-KI,False,last_strike,0.025,terms,177
2599,derived_KR6DS0000K04,stress,previous_real_terms_synthetic,STEP no-KI,False,last_strike,0.05,terms,373
2600,derived_KR6BK0000S48,stress,previous_real_terms_synthetic,STEP no-KI,False,base,0.0,terms,0
2601,derived_KR6BK0000S48,stress,previous_real_terms_synthetic,STEP no-KI,False,coupon_regular,-0.01,terms,119593
2602,derived_KR6BK0000S48,stress,previous_real_terms_synthetic,STEP no-KI,False,coupon_regular,-0.005,terms,119593
2603,derived_KR6BK0000S48,stress,previous_real_terms_synthetic,STEP no-KI,False,coupon_regular,-0.0025,terms,119593
2604,derived_KR6BK0000S48,stress,previous_real_terms_synthetic,STEP no-KI,False,coupon_regular,-0.001,terms,119593
2605,derived_KR6BK0000S48,stress,previous_real_terms_synthetic,STEP no-KI,False,coupon_regular,0.001,terms,119593
2606,derived_KR6BK0000S48,stress,previous_real_terms_synthetic,STEP no-KI,False,coupon_regular,0.0025,terms,119593
2607,derived_KR6BK0000S48,stress,previous_real_terms_synthetic,STEP no-KI,False,coupon_regular,0.005,terms,119593
2608,derived_KR6BK0000S48,stress,previous_real_terms_synthetic,STEP no-KI,False,coupon_regular,0.01,terms,119593
2609,derived_KR6BK0000S48,stress,previous_real_terms_synthetic,STEP no-KI,False,first_strike,-0.05,terms,2009
2610,derived_KR6BK0000S48,stress,previous_real_terms_synthetic,STEP no-KI,False,first_strike,-0.025,terms,1300
2611,derived_KR6BK0000S48,stress,previous_real_terms_synthetic,STEP no-KI,False,first_strike,-0.01,terms,613
2612,derived_KR6BK0000S48,stress,previous_real_terms_synthetic,STEP no-KI,False,first_strike,-0.005,terms,338
2613,derived_KR6BK0000S48,stress,previous_real_terms_synthetic,STEP no-KI,False,first_strike,0.005,terms,369
2614,derived_KR6BK0000S48,stress,previous_real_terms_synthetic,STEP no-KI,False,first_strike,0.01,terms,787
2615,derived_KR6BK0000S48,stress,previous_real_terms_synthetic,STEP no-KI,False,first_strike,0.025,terms,2325
2616,derived_KR6BK0000S48,stress,previous_real_terms_synthetic,STEP no-KI,False,first_strike,0.05,terms,6453
2617,derived_KR6BK0000S48,stress,previous_real_terms_synthetic,STEP no-KI,False,last_strike,-0.05,terms,127
2618,derived_KR6BK0000S48,stress,previous_real_terms_synthetic,STEP no-KI,False,last_strike,-0.025,terms,64
2619,derived_KR6BK0000S48,stress,previous_real_terms_synthetic,STEP no-KI,False,last_strike,-0.01,terms,24
2620,derived_KR6BK0000S48,stress,previous_real_terms_synthetic,STEP no-KI,False,last_strike,-0.005,terms,12
2621,derived_KR6BK0000S48,stress,previous_real_terms_synthetic,STEP no-KI,False,last_strike,0.005,terms,16
2622,derived_KR6BK0000S48,stress,previous_real_terms_synthetic,STEP no-KI,False,last_strike,0.01,terms,29
2623,derived_KR6BK0000S48,stress,previous_real_terms_synthetic,STEP no-KI,False,last_strike,0.025,terms,76
2624,derived_KR6BK0000S48,stress,previous_real_terms_synthetic,STEP no-KI,False,last_strike,0.05,terms,139
2625,derived_KR67933019A1,stress,previous_real_terms_synthetic,STEP no-KI,False,base,0.0,terms,0
2626,derived_KR67933019A1,stress,previous_real_terms_synthetic,STEP no-KI,False,coupon_regular,-0.01,terms,110796
2627,derived_KR67933019A1,stress,previous_real_terms_synthetic,STEP no-KI,False,coupon_regular,-0.005,terms,110796
2628,derived_KR67933019A1,stress,previous_real_terms_synthetic,STEP no-KI,False,coupon_regular,-0.0025,terms,110796
2629,derived_KR67933019A1,stress,previous_real_terms_synthetic,STEP no-KI,False,coupon_regular,-0.001,terms,110796
2630,derived_KR67933019A1,stress,previous_real_terms_synthetic,STEP no-KI,False,coupon_regular,0.001,terms,110796
2631,derived_KR67933019A1,stress,previous_real_terms_synthetic,STEP no-KI,False,coupon_regular,0.0025,terms,110796
2632,derived_KR67933019A1,stress,previous_real_terms_synthetic,STEP no-KI,False,coupon_regular,0.005,terms,110796
2633,derived_KR67933019A1,stress,previous_real_terms_synthetic,STEP no-KI,False,coupon_regular,0.01,terms,110796
2634,derived_KR67933019A1,stress,previous_real_terms_synthetic,STEP no-KI,False,first_strike,-0.05,terms,13430
2635,derived_KR67933019A1,stress,previous_real_terms_synthetic,STEP no-KI,False,first_strike,-0.025,terms,7490
2636,derived_KR67933019A1,stress,previous_real_terms_synthetic,STEP no-KI,False,first_strike,-0.01,terms,3161
2637,derived_KR67933019A1,stress,previous_real_terms_synthetic,STEP no-KI,False,first_strike,-0.005,terms,1603
2638,derived_KR67933019A1,stress,previous_real_terms_synthetic,STEP no-KI,False,first_strike,0.005,terms,1662
2639,derived_KR67933019A1,stress,previous_real_terms_synthetic,STEP no-KI,False,first_strike,0.01,terms,3402
2640,derived_KR67933019A1,stress,previous_real_terms_synthetic,STEP no-KI,False,first_strike,0.025,terms,9115
2641,derived_KR67933019A1,stress,previous_real_terms_synthetic,STEP no-KI,False,first_strike,0.05,terms,19508
2642,derived_KR67933019A1,stress,previous_real_terms_synthetic,STEP no-KI,False,last_strike,-0.05,terms,1451
2643,derived_KR67933019A1,stress,previous_real_terms_synthetic,STEP no-KI,False,last_strike,-0.025,terms,733
2644,derived_KR67933019A1,stress,previous_real_terms_synthetic,STEP no-KI,False,last_strike,-0.01,terms,287
2645,derived_KR67933019A1,stress,previous_real_terms_synthetic,STEP no-KI,False,last_strike,-0.005,terms,128
2646,derived_KR67933019A1,stress,previous_real_terms_synthetic,STEP no-KI,False,last_strike,0.005,terms,109
2647,derived_KR67933019A1,stress,previous_real_terms_synthetic,STEP no-KI,False,last_strike,0.01,terms,250
2648,derived_KR67933019A1,stress,previous_real_terms_synthetic,STEP no-KI,False,last_strike,0.025,terms,634
2649,derived_KR67933019A1,stress,previous_real_terms_synthetic,STEP no-KI,False,last_strike,0.05,terms,1241
2650,derived_KR6HN0000G76,stress,previous_real_terms_synthetic,STEP no-KI,False,base,0.0,terms,0
2651,derived_KR6HN0000G76,stress,previous_real_terms_synthetic,STEP no-KI,False,coupon_regular,-0.01,terms,106497
2652,derived_KR6HN0000G76,stress,previous_real_terms_synthetic,STEP no-KI,False,coupon_regular,-0.005,terms,106497
2653,derived_KR6HN0000G76,stress,previous_real_terms_synthetic,STEP no-KI,False,coupon_regular,-0.0025,terms,106497
2654,derived_KR6HN0000G76,stress,previous_real_terms_synthetic,STEP no-KI,False,coupon_regular,-0.001,terms,106497
2655,derived_KR6HN0000G76,stress,previous_real_terms_synthetic,STEP no-KI,False,coupon_regular,0.001,terms,106497
2656,derived_KR6HN0000G76,stress,previous_real_terms_synthetic,STEP no-KI,False,coupon_regular,0.0025,terms,106497
2657,derived_KR6HN0000G76,stress,previous_real_terms_synthetic,STEP no-KI,False,coupon_regular,0.005,terms,106497
2658,derived_KR6HN0000G76,stress,previous_real_terms_synthetic,STEP no-KI,False,coupon_regular,0.01,terms,106497
2659,derived_KR6HN0000G76,stress,previous_real_terms_synthetic,STEP no-KI,False,first_strike,-0.05,terms,21009
2660,derived_KR6HN0000G76,stress,previous_real_terms_synthetic,STEP no-KI,False,first_strike,-0.025,terms,10818
2661,derived_KR6HN0000G76,stress,previous_real_terms_synthetic,STEP no-KI,False,first_strike,-0.01,terms,4441
2662,derived_KR6HN0000G76,stress,previous_real_terms_synthetic,STEP no-KI,False,first_strike,-0.005,terms,2252
2663,derived_KR6HN0000G76,stress,previous_real_terms_synthetic,STEP no-KI,False,first_strike,0.005,terms,2240
2664,derived_KR6HN0000G76,stress,previous_real_terms_synthetic,STEP no-KI,False,first_strike,0.01,terms,4419
2665,derived_KR6HN0000G76,stress,previous_real_terms_synthetic,STEP no-KI,False,first_strike,0.025,terms,11067
2666,derived_KR6HN0000G76,stress,previous_real_terms_synthetic,STEP no-KI,False,first_strike,0.05,terms,21761
2667,derived_KR6HN0000G76,stress,previous_real_terms_synthetic,STEP no-KI,False,last_strike,-0.05,terms,3144
2668,derived_KR6HN0000G76,stress,previous_real_terms_synthetic,STEP no-KI,False,last_strike,-0.025,terms,1473
2669,derived_KR6HN0000G76,stress,previous_real_terms_synthetic,STEP no-KI,False,last_strike,-0.01,terms,575
2670,derived_KR6HN0000G76,stress,previous_real_terms_synthetic,STEP no-KI,False,last_strike,-0.005,terms,286
2671,derived_KR6HN0000G76,stress,previous_real_terms_synthetic,STEP no-KI,False,last_strike,0.005,terms,270
2672,derived_KR6HN0000G76,stress,previous_real_terms_synthetic,STEP no-KI,False,last_strike,0.01,terms,567
2673,derived_KR6HN0000G76,stress,previous_real_terms_synthetic,STEP no-KI,False,last_strike,0.025,terms,1342
2674,derived_KR6HN0000G76,stress,previous_real_terms_synthetic,STEP no-KI,False,last_strike,0.05,terms,2504
2675,derived_KR65733AC627,stress,previous_real_terms_synthetic,STEP no-KI,False,base,0.0,terms,0
2676,derived_KR65733AC627,stress,previous_real_terms_synthetic,STEP no-KI,False,coupon_regular,-0.01,terms,107006
2677,derived_KR65733AC627,stress,previous_real_terms_synthetic,STEP no-KI,False,coupon_regular,-0.005,terms,107006
2678,derived_KR65733AC627,stress,previous_real_terms_synthetic,STEP no-KI,False,coupon_regular,-0.0025,terms,107006
2679,derived_KR65733AC627,stress,previous_real_terms_synthetic,STEP no-KI,False,coupon_regular,-0.001,terms,107006
2680,derived_KR65733AC627,stress,previous_real_terms_synthetic,STEP no-KI,False,coupon_regular,0.001,terms,107006
2681,derived_KR65733AC627,stress,previous_real_terms_synthetic,STEP no-KI,False,coupon_regular,0.0025,terms,107006
2682,derived_KR65733AC627,stress,previous_real_terms_synthetic,STEP no-KI,False,coupon_regular,0.005,terms,107006
2683,derived_KR65733AC627,stress,previous_real_terms_synthetic,STEP no-KI,False,coupon_regular,0.01,terms,107006
2684,derived_KR65733AC627,stress,previous_real_terms_synthetic,STEP no-KI,False,first_strike,-0.05,terms,15046
2685,derived_KR65733AC627,stress,previous_real_terms_synthetic,STEP no-KI,False,first_strike,-0.025,terms,7925
2686,derived_KR65733AC627,stress,previous_real_terms_synthetic,STEP no-KI,False,first_strike,-0.01,terms,3300
2687,derived_KR65733AC627,stress,previous_real_terms_synthetic,STEP no-KI,False,first_strike,-0.005,terms,1686
2688,derived_KR65733AC627,stress,previous_real_terms_synthetic,STEP no-KI,False,first_strike,0.005,terms,1666
2689,derived_KR65733AC627,stress,previous_real_terms_synthetic,STEP no-KI,False,first_strike,0.01,terms,3322
2690,derived_KR65733AC627,stress,previous_real_terms_synthetic,STEP no-KI,False,first_strike,0.025,terms,8527
2691,derived_KR65733AC627,stress,previous_real_terms_synthetic,STEP no-KI,False,first_strike,0.05,terms,17538
2692,derived_KR65733AC627,stress,previous_real_terms_synthetic,STEP no-KI,False,last_strike,-0.05,terms,2412
2693,derived_KR65733AC627,stress,previous_real_terms_synthetic,STEP no-KI,False,last_strike,-0.025,terms,1214
2694,derived_KR65733AC627,stress,previous_real_terms_synthetic,STEP no-KI,False,last_strike,-0.01,terms,449
2695,derived_KR65733AC627,stress,previous_real_terms_synthetic,STEP no-KI,False,last_strike,-0.005,terms,211
2696,derived_KR65733AC627,stress,previous_real_terms_synthetic,STEP no-KI,False,last_strike,0.005,terms,244
2697,derived_KR65733AC627,stress,previous_real_terms_synthetic,STEP no-KI,False,last_strike,0.01,terms,500
2698,derived_KR65733AC627,stress,previous_real_terms_synthetic,STEP no-KI,False,last_strike,0.025,terms,1201
2699,derived_KR65733AC627,stress,previous_real_terms_synthetic,STEP no-KI,False,last_strike,0.05,terms,2258
2700,derived_KR6KW0001C08,stress,previous_real_terms_synthetic,STEP no-KI,False,base,0.0,terms,0
2701,derived_KR6KW0001C08,stress,previous_real_terms_synthetic,STEP no-KI,False,coupon_regular,-0.01,terms,113458
2702,derived_KR6KW0001C08,stress,previous_real_terms_synthetic,STEP no-KI,False,coupon_regular,-0.005,terms,113458
2703,derived_KR6KW0001C08,stress,previous_real_terms_synthetic,STEP no-KI,False,coupon_regular,-0.0025,terms,113458
2704,derived_KR6KW0001C08,stress,previous_real_terms_synthetic,STEP no-KI,False,coupon_regular,-0.001,terms,113458
2705,derived_KR6KW0001C08,stress,previous_real_terms_synthetic,STEP no-KI,False,coupon_regular,0.001,terms,113458
2706,derived_KR6KW0001C08,stress,previous_real_terms_synthetic,STEP no-KI,False,coupon_regular,0.0025,terms,113458
2707,derived_KR6KW0001C08,stress,previous_real_terms_synthetic,STEP no-KI,False,coupon_regular,0.005,terms,113458
2708,derived_KR6KW0001C08,stress,previous_real_terms_synthetic,STEP no-KI,False,coupon_regular,0.01,terms,113458
2709,derived_KR6KW0001C08,stress,previous_real_terms_synthetic,STEP no-KI,False,first_strike,-0.05,terms,7493
2710,derived_KR6KW0001C08,stress,previous_real_terms_synthetic,STEP no-KI,False,first_strike,-0.025,terms,4161
2711,derived_KR6KW0001C08,stress,previous_real_terms_synthetic,STEP no-KI,False,first_strike,-0.01,terms,1709
2712,derived_KR6KW0001C08,stress,previous_real_terms_synthetic,STEP no-KI,False,first_strike,-0.005,terms,895
2713,derived_KR6KW0001C08,stress,previous_real_terms_synthetic,STEP no-KI,False,first_strike,0.005,terms,959
2714,derived_KR6KW0001C08,stress,previous_real_terms_synthetic,STEP no-KI,False,first_strike,0.01,terms,1954
2715,derived_KR6KW0001C08,stress,previous_real_terms_synthetic,STEP no-KI,False,first_strike,0.025,terms,5107
2716,derived_KR6KW0001C08,stress,previous_real_terms_synthetic,STEP no-KI,False,first_strike,0.05,terms,11095
2717,derived_KR6KW0001C08,stress,previous_real_terms_synthetic,STEP no-KI,False,last_strike,-0.05,terms,612
2718,derived_KR6KW0001C08,stress,previous_real_terms_synthetic,STEP no-KI,False,last_strike,-0.025,terms,285
2719,derived_KR6KW0001C08,stress,previous_real_terms_synthetic,STEP no-KI,False,last_strike,-0.01,terms,116
2720,derived_KR6KW0001C08,stress,previous_real_terms_synthetic,STEP no-KI,False,last_strike,-0.005,terms,59
2721,derived_KR6KW0001C08,stress,previous_real_terms_synthetic,STEP no-KI,False,last_strike,0.005,terms,57
2722,derived_KR6KW0001C08,stress,previous_real_terms_synthetic,STEP no-KI,False,last_strike,0.01,terms,109
2723,derived_KR6KW0001C08,stress,previous_real_terms_synthetic,STEP no-KI,False,last_strike,0.025,terms,257
2724,derived_KR6KW0001C08,stress,previous_real_terms_synthetic,STEP no-KI,False,last_strike,0.05,terms,418
2725,derived_KR6583315678,stress,previous_real_terms_synthetic,STEP no-KI,False,base,0.0,terms,0
2726,derived_KR6583315678,stress,previous_real_terms_synthetic,STEP no-KI,False,coupon_regular,-0.01,terms,116262
2727,derived_KR6583315678,stress,previous_real_terms_synthetic,STEP no-KI,False,coupon_regular,-0.005,terms,116262
2728,derived_KR6583315678,stress,previous_real_terms_synthetic,STEP no-KI,False,coupon_regular,-0.0025,terms,116262
2729,derived_KR6583315678,stress,previous_real_terms_synthetic,STEP no-KI,False,coupon_regular,-0.001,terms,116262
2730,derived_KR6583315678,stress,previous_real_terms_synthetic,STEP no-KI,False,coupon_regular,0.001,terms,116262
2731,derived_KR6583315678,stress,previous_real_terms_synthetic,STEP no-KI,False,coupon_regular,0.0025,terms,116262
2732,derived_KR6583315678,stress,previous_real_terms_synthetic,STEP no-KI,False,coupon_regular,0.005,terms,116262
2733,derived_KR6583315678,stress,previous_real_terms_synthetic,STEP no-KI,False,coupon_regular,0.01,terms,116262
2734,derived_KR6583315678,stress,previous_real_terms_synthetic,STEP no-KI,False,first_strike,-0.05,terms,4713
2735,derived_KR6583315678,stress,previous_real_terms_synthetic,STEP no-KI,False,first_strike,-0.025,terms,2743
2736,derived_KR6583315678,stress,previous_real_terms_synthetic,STEP no-KI,False,first_strike,-0.01,terms,1191
2737,derived_KR6583315678,stress,previous_real_terms_synthetic,STEP no-KI,False,first_strike,-0.005,terms,649
2738,derived_KR6583315678,stress,previous_real_terms_synthetic,STEP no-KI,False,first_strike,0.005,terms,641
2739,derived_KR6583315678,stress,previous_real_terms_synthetic,STEP no-KI,False,first_strike,0.01,terms,1283
2740,derived_KR6583315678,stress,previous_real_terms_synthetic,STEP no-KI,False,first_strike,0.025,terms,3520
2741,derived_KR6583315678,stress,previous_real_terms_synthetic,STEP no-KI,False,first_strike,0.05,terms,7878
2742,derived_KR6583315678,stress,previous_real_terms_synthetic,STEP no-KI,False,last_strike,-0.05,terms,261
2743,derived_KR6583315678,stress,previous_real_terms_synthetic,STEP no-KI,False,last_strike,-0.025,terms,123
2744,derived_KR6583315678,stress,previous_real_terms_synthetic,STEP no-KI,False,last_strike,-0.01,terms,40
2745,derived_KR6583315678,stress,previous_real_terms_synthetic,STEP no-KI,False,last_strike,-0.005,terms,14
2746,derived_KR6583315678,stress,previous_real_terms_synthetic,STEP no-KI,False,last_strike,0.005,terms,23
2747,derived_KR6583315678,stress,previous_real_terms_synthetic,STEP no-KI,False,last_strike,0.01,terms,43
2748,derived_KR6583315678,stress,previous_real_terms_synthetic,STEP no-KI,False,last_strike,0.025,terms,97
2749,derived_KR6583315678,stress,previous_real_terms_synthetic,STEP no-KI,False,last_strike,0.05,terms,179
